Date,A,ABBV,ABT,ALGN,AMGN,BAX,BDX,BIIB,BMY,BSX,CAH,CI,CNC,COO,COR,CRL,CVS,DGX,DHR,DVA,DXCM,ELV,EW,GEHC,GILD,HCA,HOLX,HSIC,HUM,IDXX,INCY,IQV,ISRG,JNJ,LH,LLY,MCK,MDT,MOH,MRK,MRNA,MTD,PFE,PODD,REGN,RMD,RVTY,SOLV,STE,SYK,TECH,TMO,UHS,UNH,VRTX,VTRS,WAT,WST,ZBH,ZTS
2021-07-26,3.79,11.79,4.92,10.39,16.259999999999998,3.1899999999999995,13.12,24.439999999999998,6.76,1.37,6.08,17.89,4.6,11.989999999999998,,9.86,7.42,15.729999999999999,8.780000000000001,8.2,0.74,20.78,2.19,,8.25,14.559999999999999,8.85,4.380000000000001,15.34,8.39,2.63,8.05,4.59,9.13,33.89,8.030000000000001,20.009999999999998,4.43,10.69,5.77,8.02,30.939999999999998,3.1399999999999997,0.5800000000000001,53.58,5.33,,,6.6,9.129999999999999,1.69,25.53,12.67,16.04,11.24,4.29,10.700000000000001,7.0,7.529999999999999,4.460000000000001
2021-07-27,3.79,11.79,4.92,10.39,16.259999999999998,3.1899999999999995,13.12,24.439999999999998,6.76,1.37,6.08,17.89,4.6,11.989999999999998,,9.86,7.42,15.729999999999999,8.780000000000001,8.2,0.74,20.78,2.19,,8.25,14.559999999999999,8.85,4.380000000000001,15.34,8.39,2.63,8.05,4.59,9.13,33.89,8.030000000000001,20.009999999999998,4.43,10.69,5.77,8.02,30.939999999999998,3.1399999999999997,0.5800000000000001,53.58,5.33,,,6.6,9.129999999999999,1.69,25.53,12.67,16.04,11.24,4.29,10.700000000000001,7.0,7.529999999999999,4.460000000000001
2021-07-28,3.79,11.79,4.92,10.39,16.259999999999998,3.1899999999999995,13.12,24.439999999999998,6.76,1.37,6.08,17.89,4.6,11.989999999999998,,9.86,7.42,15.729999999999999,8.780000000000001,8.2,0.74,20.78,2.19,,8.25,14.559999999999999,8.85,4.380000000000001,15.34,8.39,2.63,8.05,4.59,9.13,33.89,8.030000000000001,20.009999999999998,4.43,10.69,5.77,8.02,30.939999999999998,3.1399999999999997,0.5800000000000001,53.58,5.33,,,6.6,9.129999999999999,1.69,25.53,12.67,16.04,11.24,4.29,10.700000000000001,7.0,7.529999999999999,4.460000000000001
2021-07-29,3.79,11.79,4.92,10.39,16.259999999999998,3.1899999999999995,13.12,24.439999999999998,6.76,1.37,6.08,17.89,4.6,11.989999999999998,,9.86,7.42,15.729999999999999,8.780000000000001,8.2,0.74,20.78,2.19,,8.25,14.559999999999999,8.85,4.380000000000001,15.34,8.39,2.63,8.05,4.59,9.13,33.89,8.030000000000001,20.009999999999998,4.43,10.69,5.77,8.02,30.939999999999998,3.1399999999999997,0.5800000000000001,53.58,5.33,,,6.6,9.129999999999999,1.69,25.53,12.67,16.04,11.24,4.29,10.700000000000001,7.0,7.529999999999999,4.460000000000001
2021-07-30,3.79,11.79,4.92,10.39,16.259999999999998,3.1899999999999995,13.12,24.439999999999998,6.76,1.37,6.08,17.89,4.6,11.989999999999998,,9.86,7.42,15.729999999999999,8.780000000000001,8.2,0.74,20.78,2.19,,8.25,14.559999999999999,8.85,4.380000000000001,15.34,8.39,2.63,8.05,4.59,9.13,33.89,8.030000000000001,20.009999999999998,4.43,10.69,5.77,8.02,30.939999999999998,3.1399999999999997,0.5800000000000001,53.58,5.33,,,6.6,9.129999999999999,1.69,25.53,12.67,16.04,11.24,4.29,10.700000000000001,7.0,7.529999999999999,4.460000000000001
2021-08-02,4.109999999999999,11.79,4.92,10.39,16.259999999999998,3.1899999999999995,13.12,24.439999999999998,6.76,1.37,6.08,17.89,4.6,13.120000000000001,,9.86,7.42,15.729999999999999,8.780000000000001,8.2,0.74,20.78,2.19,,8.25,14.559999999999999,8.85,4.380000000000001,15.34,8.39,2.63,8.05,4.59,9.13,33.89,8.030000000000001,20.009999999999998,5.22,10.69,5.77,8.02,30.939999999999998,3.1399999999999997,0.5800000000000001,53.58,5.33,,,6.6,9.129999999999999,1.69,25.53,12.67,16.04,11.24,4.29,10.700000000000001,7.0,7.529999999999999,4.460000000000001
2021-08-03,4.109999999999999,11.79,4.92,10.39,16.259999999999998,3.1899999999999995,13.12,24.439999999999998,6.76,1.37,6.08,17.89,4.6,13.120000000000001,,9.86,7.42,15.729999999999999,8.780000000000001,8.2,0.74,20.78,2.19,,8.25,14.559999999999999,8.85,4.380000000000001,15.34,8.39,2.63,8.05,4.59,9.13,33.89,8.030000000000001,20.009999999999998,5.22,10.69,5.77,8.02,30.939999999999998,3.1399999999999997,0.5800000000000001,53.58,5.33,,,6.6,9.129999999999999,1.69,25.53,12.67,16.04,11.24,4.29,10.700000000000001,7.0,7.529999999999999,4.460000000000001
2021-08-04,4.109999999999999,11.79,4.92,10.39,16.259999999999998,3.1899999999999995,13.12,24.439999999999998,6.76,1.37,6.08,17.89,4.6,13.120000000000001,,9.86,7.42,15.729999999999999,8.780000000000001,8.2,0.74,20.78,2.19,,8.25,14.559999999999999,8.85,4.380000000000001,15.34,8.39,2.63,8.05,4.59,9.13,33.89,8.030000000000001,20.009999999999998,5.22,10.69,5.77,8.02,30.939999999999998,3.1399999999999997,0.5800000000000001,53.58,5.33,,,6.6,9.129999999999999,1.69,25.53,12.67,16.04,11.24,4.29,10.700000000000001,7.0,7.529999999999999,4.460000000000001
2021-08-05,4.109999999999999,11.79,4.92,10.39,16.259999999999998,3.1899999999999995,13.12,24.439999999999998,6.76,1.37,6.08,17.89,4.6,13.120000000000001,,9.86,7.42,15.729999999999999,8.780000000000001,8.2,0.74,20.78,2.19,,8.25,14.559999999999999,8.85,4.380000000000001,15.34,8.39,2.63,8.05,4.59,9.13,33.89,8.030000000000001,20.009999999999998,5.22,10.69,5.77,8.02,30.939999999999998,3.1399999999999997,0.5800000000000001,53.58,5.33,,,6.6,9.129999999999999,1.69,25.53,12.67,16.04,11.24,4.29,10.700000000000001,7.0,7.529999999999999,4.460000000000001
2021-08-06,4.109999999999999,11.79,4.92,10.39,16.259999999999998,3.1899999999999995,13.12,24.439999999999998,6.76,1.37,6.08,17.89,4.6,13.120000000000001,,9.86,7.42,15.729999999999999,8.780000000000001,8.2,0.74,20.78,2.19,,8.25,14.559999999999999,8.85,4.380000000000001,15.34,8.39,2.63,8.05,4.59,9.13,33.89,8.030000000000001,20.009999999999998,5.22,10.69,5.77,8.02,30.939999999999998,3.1399999999999997,0.5800000000000001,53.58,5.33,,,6.6,9.129999999999999,1.69,25.53,12.67,16.04,11.24,4.29,10.700000000000001,7.0,7.529999999999999,4.460000000000001
2021-08-09,4.109999999999999,11.79,4.92,10.39,16.259999999999998,3.1899999999999995,13.12,24.439999999999998,6.76,1.37,6.08,17.89,4.6,13.120000000000001,,9.86,7.42,15.729999999999999,8.780000000000001,8.2,0.74,20.78,2.19,,8.25,14.559999999999999,8.85,4.380000000000001,15.34,8.39,2.63,8.05,4.59,9.13,33.89,8.030000000000001,20.009999999999998,5.22,10.69,5.77,8.02,30.939999999999998,3.1399999999999997,0.5800000000000001,53.58,5.33,,,6.6,9.129999999999999,1.69,25.53,12.67,16.04,11.24,4.29,10.700000000000001,7.0,7.529999999999999,4.460000000000001
2021-08-10,4.109999999999999,11.79,4.92,10.39,16.259999999999998,3.1899999999999995,13.12,24.439999999999998,6.76,1.37,6.08,17.89,4.6,13.120000000000001,,9.86,7.42,15.729999999999999,8.780000000000001,8.2,0.74,20.78,2.19,,8.25,14.559999999999999,8.85,4.380000000000001,15.34,8.39,2.63,8.05,4.59,9.13,33.89,8.030000000000001,20.009999999999998,5.22,10.69,5.77,8.02,30.939999999999998,3.1399999999999997,0.5800000000000001,53.58,5.33,,,6.6,9.129999999999999,1.69,25.53,12.67,16.04,11.24,4.29,10.700000000000001,7.0,7.529999999999999,4.460000000000001
2021-08-11,4.109999999999999,11.79,4.92,10.39,16.259999999999998,3.1899999999999995,13.12,24.439999999999998,6.76,1.37,6.08,17.89,4.6,13.120000000000001,,9.86,7.42,15.729999999999999,8.780000000000001,8.2,0.74,20.78,2.19,,8.25,14.559999999999999,8.85,4.380000000000001,15.34,8.39,2.63,8.05,4.59,9.13,33.89,8.030000000000001,20.009999999999998,5.22,10.69,5.77,8.02,30.939999999999998,3.1399999999999997,0.5800000000000001,53.58,5.33,,,6.6,9.129999999999999,1.69,25.53,12.67,16.04,11.24,4.29,10.700000000000001,7.0,7.529999999999999,4.460000000000001
2021-08-12,4.109999999999999,11.79,4.92,10.39,16.259999999999998,3.1899999999999995,13.12,24.439999999999998,6.76,1.37,6.08,17.89,4.6,13.120000000000001,,9.86,7.42,15.729999999999999,8.780000000000001,8.2,0.74,20.78,2.19,,8.25,14.559999999999999,8.85,4.380000000000001,15.34,8.39,2.63,8.05,4.59,9.13,33.89,8.030000000000001,20.009999999999998,5.22,10.69,5.77,8.02,30.939999999999998,3.1399999999999997,0.5800000000000001,53.58,5.33,,,6.6,9.129999999999999,1.69,25.53,12.67,16.04,11.24,4.29,10.700000000000001,7.0,7.529999999999999,4.460000000000001
2021-08-13,4.109999999999999,11.79,4.92,10.39,16.259999999999998,3.1899999999999995,13.12,24.439999999999998,6.76,1.37,6.08,17.89,4.6,13.120000000000001,,9.86,7.42,15.729999999999999,8.780000000000001,8.2,0.74,20.78,2.19,,8.25,14.559999999999999,8.85,4.380000000000001,15.34,8.39,2.63,8.05,4.59,9.13,33.89,8.030000000000001,20.009999999999998,5.22,10.69,5.77,8.02,30.939999999999998,3.1399999999999997,0.5800000000000001,53.58,5.33,,,6.6,9.129999999999999,1.69,25.53,12.67,16.04,11.24,4.29,10.700000000000001,7.0,7.529999999999999,4.460000000000001
2021-08-16,4.109999999999999,11.79,4.92,10.39,16.259999999999998,3.1899999999999995,13.12,24.439999999999998,6.76,1.37,6.08,17.89,4.6,13.120000000000001,,9.86,7.42,15.729999999999999,8.780000000000001,8.2,0.74,20.78,2.19,,8.25,14.559999999999999,8.85,4.380000000000001,15.34,8.39,2.63,8.05,4.59,9.13,33.89,8.030000000000001,20.009999999999998,5.22,10.69,5.77,8.02,30.939999999999998,3.1399999999999997,0.5800000000000001,53.58,5.33,,,6.6,9.129999999999999,1.69,25.53,12.67,16.04,11.24,4.29,10.700000000000001,7.0,7.529999999999999,4.460000000000001
2021-08-17,4.109999999999999,11.79,4.92,10.39,16.259999999999998,3.1899999999999995,13.12,24.439999999999998,6.76,1.37,6.08,17.89,4.6,13.120000000000001,,9.86,7.42,15.729999999999999,8.780000000000001,8.2,0.74,20.78,2.19,,8.25,14.559999999999999,8.85,4.380000000000001,15.34,8.39,2.63,8.05,4.59,9.13,33.89,8.030000000000001,20.009999999999998,5.22,10.69,5.77,8.02,30.939999999999998,3.1399999999999997,0.5800000000000001,53.58,5.33,,,6.6,9.129999999999999,1.69,25.53,12.67,16.04,11.24,4.29,10.700000000000001,7.0,7.529999999999999,4.460000000000001
2021-08-18,4.109999999999999,11.79,4.92,10.39,16.259999999999998,3.1899999999999995,13.12,24.439999999999998,6.76,1.37,6.08,17.89,4.6,13.120000000000001,,9.86,7.42,15.729999999999999,8.780000000000001,8.2,0.74,20.78,2.19,,8.25,14.559999999999999,8.85,4.380000000000001,15.34,8.39,2.63,8.05,4.59,9.13,33.89,8.030000000000001,20.009999999999998,5.22,10.69,5.77,8.02,30.939999999999998,3.1399999999999997,0.5800000000000001,53.58,5.33,,,6.6,9.129999999999999,1.69,25.53,12.67,16.04,11.24,4.29,10.700000000000001,7.0,7.529999999999999,4.460000000000001
2021-08-19,4.109999999999999,11.79,4.92,10.39,16.259999999999998,3.1899999999999995,13.12,24.439999999999998,6.76,1.37,6.08,17.89,4.6,13.120000000000001,,9.86,7.42,15.729999999999999,8.780000000000001,8.2,0.74,20.78,2.19,,8.25,14.559999999999999,8.85,4.380000000000001,15.34,8.39,2.63,8.05,4.59,9.13,33.89,8.030000000000001,20.009999999999998,5.22,10.69,5.77,8.02,30.939999999999998,3.1399999999999997,0.5800000000000001,53.58,5.33,,,6.6,9.129999999999999,1.69,25.53,12.67,16.04,11.24,4.29,10.700000000000001,7.0,7.529999999999999,4.460000000000001
2021-08-20,4.109999999999999,11.79,4.92,10.39,16.259999999999998,3.1899999999999995,13.12,24.439999999999998,6.76,1.37,6.08,17.89,4.6,13.120000000000001,,9.86,7.42,15.729999999999999,8.780000000000001,8.2,0.74,20.78,2.19,,8.25,14.559999999999999,8.85,4.380000000000001,15.34,8.39,2.63,8.05,4.59,9.13,33.89,8.030000000000001,20.009999999999998,5.22,10.69,5.77,8.02,30.939999999999998,3.1399999999999997,0.5800000000000001,53.58,5.33,,,6.6,9.129999999999999,1.69,25.53,12.67,16.04,11.24,4.29,10.700000000000001,7.0,7.529999999999999,4.460000000000001
2021-08-23,4.109999999999999,11.79,4.92,10.39,16.259999999999998,3.1899999999999995,13.12,24.439999999999998,6.76,1.37,6.08,17.89,4.6,13.120000000000001,,9.86,7.42,15.729999999999999,8.780000000000001,8.2,0.74,20.78,2.19,,8.25,14.559999999999999,8.85,4.380000000000001,15.34,8.39,2.63,8.05,4.59,9.13,33.89,8.030000000000001,20.009999999999998,5.22,10.69,5.77,8.02,30.939999999999998,3.1399999999999997,0.5800000000000001,53.58,5.33,,,6.6,9.129999999999999,1.69,25.53,12.67,16.04,11.24,4.29,10.700000000000001,7.0,7.529999999999999,4.460000000000001
2021-08-24,4.109999999999999,11.79,4.92,10.39,16.259999999999998,3.1899999999999995,13.12,24.439999999999998,6.76,1.37,6.08,17.89,4.6,13.120000000000001,,9.86,7.42,15.729999999999999,8.780000000000001,8.2,0.74,20.78,2.19,,8.25,14.559999999999999,8.85,4.380000000000001,15.34,8.39,2.63,8.05,4.59,9.13,33.89,8.030000000000001,20.009999999999998,5.22,10.69,5.77,8.02,30.939999999999998,3.1399999999999997,0.5800000000000001,53.58,5.33,,,6.6,9.129999999999999,1.69,25.53,12.67,16.04,11.24,4.29,10.700000000000001,7.0,7.529999999999999,4.460000000000001
2021-08-25,4.109999999999999,11.79,4.92,10.39,16.259999999999998,3.1899999999999995,13.12,24.439999999999998,6.76,1.37,6.08,17.89,4.6,13.120000000000001,,9.86,7.42,15.729999999999999,8.780000000000001,8.2,0.74,20.78,2.19,,8.25,14.559999999999999,8.85,4.380000000000001,15.34,8.39,2.63,8.05,4.59,9.13,33.89,8.030000000000001,20.009999999999998,5.22,10.69,5.77,8.02,30.939999999999998,3.1399999999999997,0.5800000000000001,53.58,5.33,,,6.6,9.129999999999999,1.69,25.53,12.67,16.04,11.24,4.29,10.700000000000001,7.0,7.529999999999999,4.460000000000001
2021-08-26,4.109999999999999,11.79,4.92,10.39,16.259999999999998,3.1899999999999995,13.12,24.439999999999998,6.76,1.37,6.08,17.89,4.6,13.120000000000001,,9.86,7.42,15.729999999999999,8.780000000000001,8.2,0.74,20.78,2.19,,8.25,14.559999999999999,8.85,4.380000000000001,15.34,8.39,2.63,8.05,4.59,9.13,33.89,8.030000000000001,20.009999999999998,5.22,10.69,5.77,8.02,30.939999999999998,3.1399999999999997,0.5800000000000001,53.58,5.33,,,6.6,9.129999999999999,1.69,25.53,12.67,16.04,11.24,4.29,10.700000000000001,7.0,7.529999999999999,4.460000000000001
2021-08-27,4.109999999999999,11.79,4.92,10.39,16.259999999999998,3.1899999999999995,13.12,24.439999999999998,6.76,1.37,6.08,17.89,4.6,13.120000000000001,,9.86,7.42,15.729999999999999,8.780000000000001,8.2,0.74,20.78,2.19,,8.25,14.559999999999999,8.85,4.380000000000001,15.34,8.39,2.63,8.05,4.59,9.13,33.89,8.030000000000001,20.009999999999998,5.22,10.69,5.77,8.02,30.939999999999998,3.1399999999999997,0.5800000000000001,53.58,5.33,,,6.6,9.129999999999999,1.69,25.53,12.67,16.04,11.24,4.29,10.700000000000001,7.0,7.529999999999999,4.460000000000001
2021-08-30,4.109999999999999,11.79,4.92,10.39,16.259999999999998,3.1899999999999995,13.12,24.439999999999998,6.76,1.37,6.08,17.89,4.6,13.120000000000001,,9.86,7.42,15.729999999999999,8.780000000000001,8.2,0.74,20.78,2.19,,8.25,14.559999999999999,8.85,4.380000000000001,15.34,8.39,2.63,8.05,4.59,9.13,33.89,8.030000000000001,20.009999999999998,5.22,10.69,5.77,8.02,30.939999999999998,3.1399999999999997,0.5800000000000001,53.58,5.33,,,6.6,9.129999999999999,1.69,25.53,12.67,16.04,11.24,4.29,10.700000000000001,7.0,7.529999999999999,4.460000000000001
2021-08-31,4.109999999999999,11.79,4.92,10.39,16.259999999999998,3.1899999999999995,13.12,24.439999999999998,6.76,1.37,6.08,17.89,4.6,13.120000000000001,,9.86,7.42,15.729999999999999,8.780000000000001,8.2,0.74,20.78,2.19,,8.25,14.559999999999999,8.85,4.380000000000001,15.34,8.39,2.63,8.05,4.59,9.13,33.89,8.030000000000001,20.009999999999998,5.22,10.69,5.77,8.02,30.939999999999998,3.1399999999999997,0.5800000000000001,53.58,5.33,,,6.6,9.129999999999999,1.69,25.53,12.67,16.04,11.24,4.29,10.700000000000001,7.0,7.529999999999999,4.460000000000001
2021-09-01,4.109999999999999,11.79,4.92,10.39,16.259999999999998,3.1899999999999995,13.12,24.439999999999998,6.76,1.37,6.08,17.89,4.6,13.120000000000001,,9.86,7.42,15.729999999999999,8.780000000000001,8.2,0.74,20.78,2.19,,8.25,14.559999999999999,8.85,4.380000000000001,15.34,8.39,2.63,8.05,4.59,9.13,33.89,8.030000000000001,20.009999999999998,5.22,10.69,5.77,8.02,30.939999999999998,3.1399999999999997,0.5800000000000001,53.58,5.33,,,6.6,9.129999999999999,1.69,25.53,12.67,16.04,11.24,4.29,10.700000000000001,7.0,7.529999999999999,4.460000000000001
2021-09-02,4.109999999999999,11.79,4.92,10.39,16.259999999999998,3.1899999999999995,13.12,24.439999999999998,6.76,1.37,6.08,17.89,4.6,13.120000000000001,,9.86,7.42,15.729999999999999,8.780000000000001,8.2,0.74,20.78,2.19,,8.25,14.559999999999999,8.85,4.380000000000001,15.34,8.39,2.63,8.05,4.59,9.13,33.89,8.030000000000001,20.009999999999998,5.22,10.69,5.77,8.02,30.939999999999998,3.1399999999999997,0.5800000000000001,53.58,5.33,,,6.6,9.129999999999999,1.69,25.53,12.67,16.04,11.24,4.29,10.700000000000001,7.0,7.529999999999999,4.460000000000001
2021-09-03,4.109999999999999,11.79,4.92,10.39,16.259999999999998,3.1899999999999995,13.12,24.439999999999998,6.76,1.37,6.08,17.89,4.6,13.120000000000001,,9.86,7.42,15.729999999999999,8.780000000000001,8.2,0.74,20.78,2.19,,8.25,14.559999999999999,8.85,4.380000000000001,15.34,8.39,2.63,8.05,4.59,9.13,33.89,8.030000000000001,20.009999999999998,5.22,10.69,5.77,8.02,30.939999999999998,3.1399999999999997,0.5800000000000001,53.58,5.33,,,6.6,9.129999999999999,1.69,25.53,12.67,16.04,11.24,4.29,10.700000000000001,7.0,7.529999999999999,4.460000000000001
2021-09-07,4.109999999999999,11.79,4.92,10.39,16.259999999999998,3.1899999999999995,13.12,24.439999999999998,6.76,1.37,6.08,17.89,4.6,13.120000000000001,,9.86,7.42,15.729999999999999,8.780000000000001,8.2,0.74,20.78,2.19,,8.25,14.559999999999999,8.85,4.380000000000001,15.34,8.39,2.63,8.05,4.59,9.13,33.89,8.030000000000001,20.009999999999998,5.22,10.69,5.77,8.02,30.939999999999998,3.1399999999999997,0.5800000000000001,53.58,5.33,,,6.6,9.129999999999999,1.69,25.53,12.67,16.04,11.24,4.29,10.700000000000001,7.0,7.529999999999999,4.460000000000001
2021-09-08,4.109999999999999,11.79,4.92,10.39,16.259999999999998,3.1899999999999995,13.12,24.439999999999998,6.76,1.37,6.08,17.89,4.6,13.120000000000001,,9.86,7.42,15.729999999999999,8.780000000000001,8.2,0.74,20.78,2.19,,8.25,14.559999999999999,8.85,4.380000000000001,15.34,8.39,2.63,8.05,4.59,9.13,33.89,8.030000000000001,20.009999999999998,5.22,10.69,5.77,8.02,30.939999999999998,3.1399999999999997,0.5800000000000001,53.58,5.33,,,6.6,9.129999999999999,1.69,25.53,12.67,16.04,11.24,4.29,10.700000000000001,7.0,7.529999999999999,4.460000000000001
2021-09-09,4.109999999999999,11.79,4.92,10.39,16.259999999999998,3.1899999999999995,13.12,24.439999999999998,6.76,1.37,6.08,17.89,4.6,13.120000000000001,,9.86,7.42,15.729999999999999,8.780000000000001,8.2,0.74,20.78,2.19,,8.25,14.559999999999999,8.85,4.380000000000001,15.34,8.39,2.63,8.05,4.59,9.13,33.89,8.030000000000001,20.009999999999998,5.22,10.69,5.77,8.02,30.939999999999998,3.1399999999999997,0.5800000000000001,53.58,5.33,,,6.6,9.129999999999999,1.69,25.53,12.67,16.04,11.24,4.29,10.700000000000001,7.0,7.529999999999999,4.460000000000001
2021-09-10,4.109999999999999,11.79,4.92,10.39,16.259999999999998,3.1899999999999995,13.12,24.439999999999998,6.76,1.37,6.08,17.89,4.6,13.120000000000001,,9.86,7.42,15.729999999999999,8.780000000000001,8.2,0.74,20.78,2.19,,8.25,14.559999999999999,8.85,4.380000000000001,15.34,8.39,2.63,8.05,4.59,9.13,33.89,8.030000000000001,20.009999999999998,5.22,10.69,5.77,8.02,30.939999999999998,3.1399999999999997,0.5800000000000001,53.58,5.33,,,6.6,9.129999999999999,1.69,25.53,12.67,16.04,11.24,4.29,10.700000000000001,7.0,7.529999999999999,4.460000000000001
2021-09-13,4.109999999999999,11.79,4.92,10.39,16.259999999999998,3.1899999999999995,13.12,24.439999999999998,6.76,1.37,6.08,17.89,4.6,13.120000000000001,,9.86,7.42,15.729999999999999,8.780000000000001,8.2,0.74,20.78,2.19,,8.25,14.559999999999999,8.85,4.380000000000001,15.34,8.39,2.63,8.05,4.59,9.13,33.89,8.030000000000001,20.009999999999998,5.22,10.69,5.77,8.02,30.939999999999998,3.1399999999999997,0.5800000000000001,53.58,5.33,,,6.6,9.129999999999999,1.69,25.53,12.67,16.04,11.24,4.29,10.700000000000001,7.0,7.529999999999999,4.460000000000001
2021-09-14,4.109999999999999,11.79,4.92,10.39,16.259999999999998,3.1899999999999995,13.12,24.439999999999998,6.76,1.37,6.08,17.89,4.6,13.120000000000001,,9.86,7.42,15.729999999999999,8.780000000000001,8.2,0.74,20.78,2.19,,8.25,14.559999999999999,8.85,4.380000000000001,15.34,8.39,2.63,8.05,4.59,9.13,33.89,8.030000000000001,20.009999999999998,5.22,10.69,5.77,8.02,30.939999999999998,3.1399999999999997,0.5800000000000001,53.58,5.33,,,6.6,9.129999999999999,1.69,25.53,12.67,16.04,11.24,4.29,10.700000000000001,7.0,7.529999999999999,4.460000000000001
2021-09-15,4.109999999999999,11.79,4.92,10.39,16.259999999999998,3.1899999999999995,13.12,24.439999999999998,6.76,1.37,6.08,17.89,4.6,13.120000000000001,,9.86,7.42,15.729999999999999,8.780000000000001,8.2,0.74,20.78,2.19,,8.25,14.559999999999999,8.85,4.380000000000001,15.34,8.39,2.63,8.05,4.59,9.13,33.89,8.030000000000001,20.009999999999998,5.22,10.69,5.77,8.02,30.939999999999998,3.1399999999999997,0.5800000000000001,53.58,5.33,,,6.6,9.129999999999999,1.69,25.53,12.67,16.04,11.24,4.29,10.700000000000001,7.0,7.529999999999999,4.460000000000001
2021-09-16,4.109999999999999,11.79,4.92,10.39,16.259999999999998,3.1899999999999995,13.12,24.439999999999998,6.76,1.37,6.08,17.89,4.6,13.120000000000001,,9.86,7.42,15.729999999999999,8.780000000000001,8.2,0.74,20.78,2.19,,8.25,14.559999999999999,8.85,4.380000000000001,15.34,8.39,2.63,8.05,4.59,9.13,33.89,8.030000000000001,20.009999999999998,5.22,10.69,5.77,8.02,30.939999999999998,3.1399999999999997,0.5800000000000001,53.58,5.33,,,6.6,9.129999999999999,1.69,25.53,12.67,16.04,11.24,4.29,10.700000000000001,7.0,7.529999999999999,4.460000000000001
2021-09-17,4.109999999999999,11.79,4.92,10.39,16.259999999999998,3.1899999999999995,13.12,24.439999999999998,6.76,1.37,6.08,17.89,4.6,13.120000000000001,,9.86,7.42,15.729999999999999,8.780000000000001,8.2,0.74,20.78,2.19,,8.25,14.559999999999999,8.85,4.380000000000001,15.34,8.39,2.63,8.05,4.59,9.13,33.89,8.030000000000001,20.009999999999998,5.22,10.69,5.77,8.02,30.939999999999998,3.1399999999999997,0.5800000000000001,53.58,5.33,,,6.6,9.129999999999999,1.69,25.53,12.67,16.04,11.24,4.29,10.700000000000001,7.0,7.529999999999999,4.460000000000001
2021-09-20,4.109999999999999,11.79,4.92,10.39,16.259999999999998,3.1899999999999995,13.12,24.439999999999998,6.76,1.37,6.08,17.89,4.6,13.120000000000001,,9.86,7.42,15.729999999999999,8.780000000000001,8.2,0.74,20.78,2.19,,8.25,14.559999999999999,8.85,4.380000000000001,15.34,8.39,2.63,8.05,4.59,9.13,33.89,8.030000000000001,20.009999999999998,5.22,10.69,5.77,8.02,30.939999999999998,3.1399999999999997,0.5800000000000001,53.58,5.33,,,6.6,9.129999999999999,1.69,25.53,12.67,16.04,11.24,4.29,10.700000000000001,7.0,7.529999999999999,4.460000000000001
2021-09-21,4.109999999999999,11.79,4.92,10.39,16.259999999999998,3.1899999999999995,13.12,24.439999999999998,6.76,1.37,6.08,17.89,4.6,13.120000000000001,,9.86,7.42,15.729999999999999,8.780000000000001,8.2,0.74,20.78,2.19,,8.25,14.559999999999999,8.85,4.380000000000001,15.34,8.39,2.63,8.05,4.59,9.13,33.89,8.030000000000001,20.009999999999998,5.22,10.69,5.77,8.02,30.939999999999998,3.1399999999999997,0.5800000000000001,53.58,5.33,,,6.6,9.129999999999999,1.69,25.53,12.67,16.04,11.24,4.29,10.700000000000001,7.0,7.529999999999999,4.460000000000001
2021-09-22,4.109999999999999,11.79,4.92,10.39,16.259999999999998,3.1899999999999995,13.12,24.439999999999998,6.76,1.37,6.08,17.89,4.6,13.120000000000001,,9.86,7.42,15.729999999999999,8.780000000000001,8.2,0.74,20.78,2.19,,8.25,14.559999999999999,8.85,4.380000000000001,15.34,8.39,2.63,8.05,4.59,9.13,33.89,8.030000000000001,20.009999999999998,5.22,10.69,5.77,8.02,30.939999999999998,3.1399999999999997,0.5800000000000001,53.58,5.33,,,6.6,9.129999999999999,1.69,25.53,12.67,16.04,11.24,4.29,10.700000000000001,7.0,7.529999999999999,4.460000000000001
2021-09-23,4.109999999999999,11.79,4.92,10.39,16.259999999999998,3.1899999999999995,13.12,24.439999999999998,6.76,1.37,6.08,17.89,4.6,13.120000000000001,,9.86,7.42,15.729999999999999,8.780000000000001,8.2,0.74,20.78,2.19,,8.25,14.559999999999999,8.85,4.380000000000001,15.34,8.39,2.63,8.05,4.59,9.13,33.89,8.030000000000001,20.009999999999998,5.22,10.69,5.77,8.02,30.939999999999998,3.1399999999999997,0.5800000000000001,53.58,5.33,,,6.6,9.129999999999999,1.69,25.53,12.67,16.04,11.24,4.29,10.700000000000001,7.0,7.529999999999999,4.460000000000001
2021-09-24,4.109999999999999,11.79,4.92,10.39,16.259999999999998,3.1899999999999995,13.12,24.439999999999998,6.76,1.37,6.08,17.89,4.6,13.120000000000001,,9.86,7.42,15.729999999999999,8.780000000000001,8.2,0.74,20.78,2.19,,8.25,14.559999999999999,8.85,4.380000000000001,15.34,8.39,2.63,8.05,4.59,9.13,33.89,8.030000000000001,20.009999999999998,5.22,10.69,5.77,8.02,30.939999999999998,3.1399999999999997,0.5800000000000001,53.58,5.33,,,6.6,9.129999999999999,1.69,25.53,12.67,16.04,11.24,4.29,10.700000000000001,7.0,7.529999999999999,4.460000000000001
2021-09-27,4.109999999999999,11.79,4.92,10.39,16.259999999999998,3.1899999999999995,13.12,24.439999999999998,6.76,1.37,6.08,17.89,4.6,13.120000000000001,,9.86,7.42,15.729999999999999,8.780000000000001,8.2,0.74,20.78,2.19,,8.25,14.559999999999999,8.85,4.380000000000001,15.34,8.39,2.63,8.05,4.59,9.13,33.89,8.030000000000001,20.009999999999998,5.22,10.69,5.77,8.02,30.939999999999998,3.1399999999999997,0.5800000000000001,53.58,5.33,,,6.6,9.129999999999999,1.69,25.53,12.67,16.04,11.24,4.29,10.700000000000001,7.0,7.529999999999999,4.460000000000001
2021-09-28,4.109999999999999,11.79,4.92,10.39,16.259999999999998,3.1899999999999995,13.12,24.439999999999998,6.76,1.37,6.08,17.89,4.6,13.120000000000001,,9.86,7.42,15.729999999999999,8.780000000000001,8.2,0.74,20.78,2.19,,8.25,14.559999999999999,8.85,4.380000000000001,15.34,8.39,2.63,8.05,4.59,9.13,33.89,8.030000000000001,20.009999999999998,5.22,10.69,5.77,8.02,30.939999999999998,3.1399999999999997,0.5800000000000001,53.58,5.33,,,6.6,9.129999999999999,1.69,25.53,12.67,16.04,11.24,4.29,10.700000000000001,7.0,7.529999999999999,4.460000000000001
2021-09-29,4.109999999999999,11.79,4.92,10.39,16.259999999999998,3.1899999999999995,13.12,24.439999999999998,6.76,1.37,6.08,17.89,4.6,13.120000000000001,,9.86,7.42,15.729999999999999,8.780000000000001,8.2,0.74,20.78,2.19,,8.25,14.559999999999999,8.85,4.380000000000001,15.34,8.39,2.63,8.05,4.59,9.13,33.89,8.030000000000001,20.009999999999998,5.22,10.69,5.77,8.02,30.939999999999998,3.1399999999999997,0.5800000000000001,53.58,5.33,,,6.6,9.129999999999999,1.69,25.53,12.67,16.04,11.24,4.29,10.700000000000001,7.0,7.529999999999999,4.460000000000001
2021-09-30,4.109999999999999,12.290000000000001,5.34,11.010000000000002,16.560000000000002,3.3800000000000003,13.12,20.369999999999997,7.13,1.41,5.86,19.21,4.6,13.120000000000001,,10.23,7.7299999999999995,15.379999999999999,9.45,8.76,0.72,23.37,2.22,,8.79,17.21,8.389999999999999,4.450000000000001,17.09,8.729999999999999,3.58,8.59,4.859999999999999,9.53,32.3,8.43,21.36,5.22,10.16,5.779999999999999,16.31,32.64,3.76,0.54,59.589999999999996,5.57,,,7.11,9.190000000000001,1.79,25.659999999999997,12.459999999999999,17.05,12.16,3.9699999999999998,11.2,7.91,7.529999999999999,4.609999999999999
2021-10-01,4.109999999999999,12.290000000000001,5.34,11.010000000000002,16.560000000000002,3.3800000000000003,13.12,20.369999999999997,7.13,1.41,5.86,19.21,4.6,13.120000000000001,,10.23,7.7299999999999995,15.379999999999999,9.45,8.76,0.72,23.37,2.22,,8.79,17.21,8.389999999999999,4.450000000000001,17.09,8.729999999999999,3.58,8.59,4.859999999999999,9.53,32.3,8.43,21.36,5.22,10.16,5.779999999999999,16.31,32.64,3.76,0.54,59.589999999999996,5.57,,,7.11,9.190000000000001,1.79,25.659999999999997,12.459999999999999,17.05,12.16,3.9699999999999998,11.2,7.91,7.529999999999999,4.609999999999999
2021-10-04,4.109999999999999,12.290000000000001,5.34,11.010000000000002,16.560000000000002,3.3800000000000003,13.12,20.369999999999997,7.13,1.41,5.86,19.21,4.6,13.120000000000001,,10.23,7.7299999999999995,15.379999999999999,9.45,8.76,0.72,23.37,2.22,,8.79,17.21,8.389999999999999,4.450000000000001,17.09,8.729999999999999,3.58,8.59,4.859999999999999,9.53,32.3,8.43,21.36,5.22,10.16,5.779999999999999,16.31,32.64,3.76,0.54,59.589999999999996,5.57,,,7.11,9.190000000000001,1.79,25.659999999999997,12.459999999999999,17.05,12.16,3.9699999999999998,11.2,7.91,7.529999999999999,4.609999999999999
2021-10-05,4.109999999999999,12.290000000000001,5.34,11.010000000000002,16.560000000000002,3.3800000000000003,13.12,20.369999999999997,7.13,1.41,5.86,19.21,4.6,13.120000000000001,,10.23,7.7299999999999995,15.379999999999999,9.45,8.76,0.72,23.37,2.22,,8.79,17.21,8.389999999999999,4.450000000000001,17.09,8.729999999999999,3.58,8.59,4.859999999999999,9.53,32.3,8.43,21.36,5.22,10.16,5.779999999999999,16.31,32.64,3.76,0.54,59.589999999999996,5.57,,,7.11,9.190000000000001,1.79,25.659999999999997,12.459999999999999,17.05,12.16,3.9699999999999998,11.2,7.91,7.529999999999999,4.609999999999999
2021-10-06,4.109999999999999,12.290000000000001,5.34,11.010000000000002,16.560000000000002,3.3800000000000003,13.12,20.369999999999997,7.13,1.41,5.86,19.21,4.6,13.120000000000001,,10.23,7.7299999999999995,15.379999999999999,9.45,8.76,0.72,23.37,2.22,,8.79,17.21,8.389999999999999,4.450000000000001,17.09,8.729999999999999,3.58,8.59,4.859999999999999,9.53,32.3,8.43,21.36,5.22,10.16,5.779999999999999,16.31,32.64,3.76,0.54,59.589999999999996,5.57,,,7.11,9.190000000000001,1.79,25.659999999999997,12.459999999999999,17.05,12.16,3.9699999999999998,11.2,7.91,7.529999999999999,4.609999999999999
2021-10-07,4.109999999999999,12.290000000000001,5.34,11.010000000000002,16.560000000000002,3.3800000000000003,13.12,20.369999999999997,7.13,1.41,5.86,19.21,4.6,13.120000000000001,,10.23,7.7299999999999995,15.379999999999999,9.45,8.76,0.72,23.37,2.22,,8.79,17.21,8.389999999999999,4.450000000000001,17.09,8.729999999999999,3.58,8.59,4.859999999999999,9.53,32.3,8.43,21.36,5.22,10.16,5.779999999999999,16.31,32.64,3.76,0.54,59.589999999999996,5.57,,,7.11,9.190000000000001,1.79,25.659999999999997,12.459999999999999,17.05,12.16,3.9699999999999998,11.2,7.91,7.529999999999999,4.609999999999999
2021-10-08,4.109999999999999,12.290000000000001,5.34,11.010000000000002,16.560000000000002,3.3800000000000003,13.12,20.369999999999997,7.13,1.41,5.86,19.21,4.6,13.120000000000001,,10.23,7.7299999999999995,15.379999999999999,9.45,8.76,0.72,23.37,2.22,,8.79,17.21,8.389999999999999,4.450000000000001,17.09,8.729999999999999,3.58,8.59,4.859999999999999,9.53,32.3,8.43,21.36,5.22,10.16,5.779999999999999,16.31,32.64,3.76,0.54,59.589999999999996,5.57,,,7.11,9.190000000000001,1.79,25.659999999999997,12.459999999999999,17.05,12.16,3.9699999999999998,11.2,7.91,7.529999999999999,4.609999999999999
2021-10-11,4.109999999999999,12.290000000000001,5.34,11.010000000000002,16.560000000000002,3.3800000000000003,13.12,20.369999999999997,7.13,1.41,5.86,19.21,4.6,13.120000000000001,,10.23,7.7299999999999995,15.379999999999999,9.45,8.76,0.72,23.37,2.22,,8.79,17.21,8.389999999999999,4.450000000000001,17.09,8.729999999999999,3.58,8.59,4.859999999999999,9.53,32.3,8.43,21.36,5.22,10.16,5.779999999999999,16.31,32.64,3.76,0.54,59.589999999999996,5.57,,,7.11,9.190000000000001,1.79,25.659999999999997,12.459999999999999,17.05,12.16,3.9699999999999998,11.2,7.91,7.529999999999999,4.609999999999999
2021-10-12,4.109999999999999,12.290000000000001,5.34,11.010000000000002,16.560000000000002,3.3800000000000003,13.12,20.369999999999997,7.13,1.41,5.86,19.21,4.6,13.120000000000001,,10.23,7.7299999999999995,15.379999999999999,9.45,8.76,0.72,23.37,2.22,,8.79,17.21,8.389999999999999,4.450000000000001,17.09,8.729999999999999,3.58,8.59,4.859999999999999,9.53,32.3,8.43,21.36,5.22,10.16,5.779999999999999,16.31,32.64,3.76,0.54,59.589999999999996,5.57,,,7.11,9.190000000000001,1.79,25.659999999999997,12.459999999999999,17.05,12.16,3.9699999999999998,11.2,7.91,7.529999999999999,4.609999999999999
2021-10-13,4.109999999999999,12.290000000000001,5.34,11.010000000000002,16.560000000000002,3.3800000000000003,13.12,20.369999999999997,7.13,1.41,5.86,19.21,4.6,13.120000000000001,,10.23,7.7299999999999995,15.379999999999999,9.45,8.76,0.72,23.37,2.22,,8.79,17.21,8.389999999999999,4.450000000000001,17.09,8.729999999999999,3.58,8.59,4.859999999999999,9.53,32.3,8.43,21.36,5.22,10.16,5.779999999999999,16.31,32.64,3.76,0.54,59.589999999999996,5.57,,,7.11,9.190000000000001,1.79,25.659999999999997,12.459999999999999,17.05,12.16,3.9699999999999998,11.2,7.91,7.529999999999999,4.609999999999999
2021-10-14,4.109999999999999,12.290000000000001,5.34,11.010000000000002,16.560000000000002,3.3800000000000003,13.12,20.369999999999997,7.13,1.41,5.86,19.21,4.6,13.120000000000001,,10.23,7.7299999999999995,15.379999999999999,9.45,8.76,0.72,23.37,2.22,,8.79,17.21,8.389999999999999,4.450000000000001,17.09,8.729999999999999,3.58,8.59,4.859999999999999,9.53,32.3,8.43,21.36,5.22,10.16,5.779999999999999,16.31,32.64,3.76,0.54,59.589999999999996,5.57,,,7.11,9.190000000000001,1.79,25.659999999999997,12.459999999999999,17.05,12.16,3.9699999999999998,11.2,7.91,7.529999999999999,4.609999999999999
2021-10-15,4.109999999999999,12.290000000000001,5.34,11.010000000000002,16.560000000000002,3.3800000000000003,13.12,20.369999999999997,7.13,1.41,5.86,19.21,4.6,13.120000000000001,,10.23,7.7299999999999995,15.379999999999999,9.45,8.76,0.72,23.37,2.22,,8.79,17.21,8.389999999999999,4.450000000000001,17.09,8.729999999999999,3.58,8.59,4.859999999999999,9.53,32.3,8.43,21.36,5.22,10.16,5.779999999999999,16.31,32.64,3.76,0.54,59.589999999999996,5.57,,,7.11,9.190000000000001,1.79,25.659999999999997,12.459999999999999,17.05,12.16,3.9699999999999998,11.2,7.91,7.529999999999999,4.609999999999999
2021-10-18,4.109999999999999,12.290000000000001,5.34,11.010000000000002,16.560000000000002,3.3800000000000003,13.12,20.369999999999997,7.13,1.41,5.86,19.21,4.6,13.120000000000001,,10.23,7.7299999999999995,15.379999999999999,9.45,8.76,0.72,23.37,2.22,,8.79,17.21,8.389999999999999,4.450000000000001,17.09,8.729999999999999,3.58,8.59,4.859999999999999,9.53,32.3,8.43,21.36,5.22,10.16,5.779999999999999,16.31,32.64,3.76,0.54,59.589999999999996,5.57,,,7.11,9.190000000000001,1.79,25.659999999999997,12.459999999999999,17.05,12.16,3.9699999999999998,11.2,7.91,7.529999999999999,4.609999999999999
2021-10-19,4.109999999999999,12.290000000000001,5.34,11.010000000000002,16.560000000000002,3.3800000000000003,13.12,20.369999999999997,7.13,1.41,5.86,19.21,4.6,13.120000000000001,,10.23,7.7299999999999995,15.379999999999999,9.45,8.76,0.72,23.37,2.22,,8.79,17.21,8.389999999999999,4.450000000000001,17.09,8.729999999999999,3.58,8.59,4.859999999999999,9.53,32.3,8.43,21.36,5.22,10.16,5.779999999999999,16.31,32.64,3.76,0.54,59.589999999999996,5.57,,,7.11,9.190000000000001,1.79,25.659999999999997,12.459999999999999,17.05,12.16,3.9699999999999998,11.2,7.91,7.529999999999999,4.609999999999999
2021-10-20,4.109999999999999,12.290000000000001,5.34,11.010000000000002,16.560000000000002,3.3800000000000003,13.12,20.369999999999997,7.13,1.41,5.86,19.21,4.6,13.120000000000001,,10.23,7.7299999999999995,15.379999999999999,9.45,8.76,0.72,23.37,2.22,,8.79,17.21,8.389999999999999,4.450000000000001,17.09,8.729999999999999,3.58,8.59,4.859999999999999,9.53,32.3,8.43,21.36,5.22,10.16,5.779999999999999,16.31,32.64,3.76,0.54,59.589999999999996,5.57,,,7.11,9.190000000000001,1.79,25.659999999999997,12.459999999999999,17.05,12.16,3.9699999999999998,11.2,7.91,7.529999999999999,4.609999999999999
2021-10-21,4.109999999999999,12.290000000000001,5.34,11.010000000000002,16.560000000000002,3.3800000000000003,13.12,20.369999999999997,7.13,1.41,5.86,19.21,4.6,13.120000000000001,,10.23,7.7299999999999995,15.379999999999999,9.45,8.76,0.72,23.37,2.22,,8.79,17.21,8.389999999999999,4.450000000000001,17.09,8.729999999999999,3.58,8.59,4.859999999999999,9.53,32.3,8.43,21.36,5.22,10.16,5.779999999999999,16.31,32.64,3.76,0.54,59.589999999999996,5.57,,,7.11,9.190000000000001,1.79,25.659999999999997,12.459999999999999,17.05,12.16,3.9699999999999998,11.2,7.91,7.529999999999999,4.609999999999999
2021-10-22,4.109999999999999,12.290000000000001,5.34,11.010000000000002,16.560000000000002,3.3800000000000003,13.12,20.369999999999997,7.13,1.41,5.86,19.21,4.6,13.120000000000001,,10.23,7.7299999999999995,15.379999999999999,9.45,8.76,0.72,23.37,2.22,,8.79,17.21,8.389999999999999,4.450000000000001,17.09,8.729999999999999,3.58,8.59,4.859999999999999,9.53,32.3,8.43,21.36,5.22,10.16,5.779999999999999,16.31,32.64,3.76,0.54,59.589999999999996,5.57,,,7.11,9.190000000000001,1.79,25.659999999999997,12.459999999999999,17.05,12.16,3.9699999999999998,11.2,7.91,7.529999999999999,4.609999999999999
2021-10-25,4.109999999999999,12.290000000000001,5.34,11.010000000000002,16.560000000000002,3.3800000000000003,13.12,20.369999999999997,7.13,1.41,5.86,19.21,4.6,13.120000000000001,,10.23,7.7299999999999995,15.379999999999999,9.45,8.76,0.72,23.37,2.22,,8.79,17.21,8.389999999999999,4.450000000000001,17.09,8.729999999999999,3.58,8.59,4.859999999999999,9.53,32.3,8.43,21.36,5.22,10.16,5.779999999999999,16.31,32.64,3.76,0.54,59.589999999999996,5.57,,,7.11,9.190000000000001,1.79,25.659999999999997,12.459999999999999,17.05,12.16,3.9699999999999998,11.2,7.91,7.529999999999999,4.609999999999999
2021-10-26,4.109999999999999,12.290000000000001,5.34,11.010000000000002,16.560000000000002,3.3800000000000003,13.12,20.369999999999997,7.13,1.41,5.86,19.21,4.6,13.120000000000001,,10.23,7.7299999999999995,15.379999999999999,9.45,8.76,0.72,23.37,2.22,,8.79,17.21,8.389999999999999,4.450000000000001,17.09,8.729999999999999,3.58,8.59,4.859999999999999,9.53,32.3,8.43,21.36,5.22,10.16,5.779999999999999,16.31,32.64,3.76,0.54,59.589999999999996,5.57,,,7.11,9.190000000000001,1.79,25.659999999999997,12.459999999999999,17.05,12.16,3.9699999999999998,11.2,7.91,7.529999999999999,4.609999999999999
2021-10-27,4.109999999999999,12.290000000000001,5.34,11.010000000000002,16.560000000000002,3.3800000000000003,13.12,20.369999999999997,7.13,1.41,5.86,19.21,4.6,13.120000000000001,,10.23,7.7299999999999995,15.379999999999999,9.45,8.76,0.72,23.37,2.22,,8.79,17.21,8.389999999999999,4.450000000000001,17.09,8.729999999999999,3.58,8.59,4.859999999999999,9.53,32.3,8.43,21.36,5.22,10.16,5.779999999999999,16.31,32.64,3.76,0.54,59.589999999999996,5.57,,,7.11,9.190000000000001,1.79,25.659999999999997,12.459999999999999,17.05,12.16,3.9699999999999998,11.2,7.91,7.529999999999999,4.609999999999999
2021-10-28,4.109999999999999,12.290000000000001,5.34,11.010000000000002,16.560000000000002,3.3800000000000003,13.12,20.369999999999997,7.13,1.41,5.86,19.21,4.6,13.120000000000001,,10.23,7.7299999999999995,15.379999999999999,9.45,8.76,0.72,23.37,2.22,,8.79,17.21,8.389999999999999,4.450000000000001,17.09,8.729999999999999,3.58,8.59,4.859999999999999,9.53,32.3,8.43,21.36,5.22,10.16,5.779999999999999,16.31,32.64,3.76,0.54,59.589999999999996,5.57,,,7.11,9.190000000000001,1.79,25.659999999999997,12.459999999999999,17.05,12.16,3.9699999999999998,11.2,7.91,7.529999999999999,4.609999999999999
2021-10-29,4.109999999999999,12.290000000000001,5.34,11.010000000000002,16.560000000000002,3.3800000000000003,13.12,20.369999999999997,7.13,1.41,5.86,19.21,4.6,13.120000000000001,,10.23,7.7299999999999995,15.379999999999999,9.45,8.76,0.72,23.37,2.22,,8.79,17.21,8.389999999999999,4.450000000000001,17.09,8.729999999999999,3.58,8.59,4.859999999999999,9.53,32.3,8.43,21.36,5.22,10.16,5.779999999999999,16.31,32.64,3.76,0.54,59.589999999999996,5.57,,,7.11,9.190000000000001,1.79,25.659999999999997,12.459999999999999,17.05,12.16,3.9699999999999998,11.2,7.91,7.529999999999999,4.609999999999999
2021-11-01,4.34,12.290000000000001,5.34,11.010000000000002,16.560000000000002,3.3800000000000003,13.12,20.369999999999997,7.13,1.41,5.86,19.21,4.6,13.24,,10.23,7.7299999999999995,15.379999999999999,9.45,8.76,0.72,23.37,2.22,,8.79,17.21,8.389999999999999,4.450000000000001,17.09,8.729999999999999,3.58,8.59,4.859999999999999,9.53,32.3,8.43,21.36,5.5200000000000005,10.16,5.779999999999999,16.31,32.64,3.76,0.54,59.589999999999996,5.57,,,7.11,9.190000000000001,1.79,25.659999999999997,12.459999999999999,17.05,12.16,3.9699999999999998,11.2,7.91,7.529999999999999,4.609999999999999
2021-11-02,4.34,12.290000000000001,5.34,11.010000000000002,16.560000000000002,3.3800000000000003,13.12,20.369999999999997,7.13,1.41,5.86,19.21,4.6,13.24,,10.23,7.7299999999999995,15.379999999999999,9.45,8.76,0.72,23.37,2.22,,8.79,17.21,8.389999999999999,4.450000000000001,17.09,8.729999999999999,3.58,8.59,4.859999999999999,9.53,32.3,8.43,21.36,5.5200000000000005,10.16,5.779999999999999,16.31,32.64,3.76,0.54,59.589999999999996,5.57,,,7.11,9.190000000000001,1.79,25.659999999999997,12.459999999999999,17.05,12.16,3.9699999999999998,11.2,7.91,7.529999999999999,4.609999999999999
2021-11-03,4.34,12.290000000000001,5.34,11.010000000000002,16.560000000000002,3.3800000000000003,13.12,20.369999999999997,7.13,1.41,5.86,19.21,4.6,13.24,,10.23,7.7299999999999995,15.379999999999999,9.45,8.76,0.72,23.37,2.22,,8.79,17.21,8.389999999999999,4.450000000000001,17.09,8.729999999999999,3.58,8.59,4.859999999999999,9.53,32.3,8.43,21.36,5.5200000000000005,10.16,5.779999999999999,16.31,32.64,3.76,0.54,59.589999999999996,5.57,,,7.11,9.190000000000001,1.79,25.659999999999997,12.459999999999999,17.05,12.16,3.9699999999999998,11.2,7.91,7.529999999999999,4.609999999999999
2021-11-04,4.34,12.290000000000001,5.34,11.010000000000002,16.560000000000002,3.3800000000000003,13.12,20.369999999999997,7.13,1.41,5.86,19.21,4.6,13.24,,10.23,7.7299999999999995,15.379999999999999,9.45,8.76,0.72,23.37,2.22,,8.79,17.21,8.389999999999999,4.450000000000001,17.09,8.729999999999999,3.58,8.59,4.859999999999999,9.53,32.3,8.43,21.36,5.5200000000000005,10.16,5.779999999999999,16.31,32.64,3.76,0.54,59.589999999999996,5.57,,,7.11,9.190000000000001,1.79,25.659999999999997,12.459999999999999,17.05,12.16,3.9699999999999998,11.2,7.91,7.529999999999999,4.609999999999999
2021-11-05,4.34,12.290000000000001,5.34,11.010000000000002,16.560000000000002,3.3800000000000003,13.12,20.369999999999997,7.13,1.41,5.86,19.21,4.6,13.24,,10.23,7.7299999999999995,15.379999999999999,9.45,8.76,0.72,23.37,2.22,,8.79,17.21,8.389999999999999,4.450000000000001,17.09,8.729999999999999,3.58,8.59,4.859999999999999,9.53,32.3,8.43,21.36,5.5200000000000005,10.16,5.779999999999999,16.31,32.64,3.76,0.54,59.589999999999996,5.57,,,7.11,9.190000000000001,1.79,25.659999999999997,12.459999999999999,17.05,12.16,3.9699999999999998,11.2,7.91,7.529999999999999,4.609999999999999
2021-11-08,4.34,12.290000000000001,5.34,11.010000000000002,16.560000000000002,3.3800000000000003,13.12,20.369999999999997,7.13,1.41,5.86,19.21,4.6,13.24,,10.23,7.7299999999999995,15.379999999999999,9.45,8.76,0.72,23.37,2.22,,8.79,17.21,8.389999999999999,4.450000000000001,17.09,8.729999999999999,3.58,8.59,4.859999999999999,9.53,32.3,8.43,21.36,5.5200000000000005,10.16,5.779999999999999,16.31,32.64,3.76,0.54,59.589999999999996,5.57,,,7.11,9.190000000000001,1.79,25.659999999999997,12.459999999999999,17.05,12.16,3.9699999999999998,11.2,7.91,7.529999999999999,4.609999999999999
2021-11-09,4.34,12.290000000000001,5.34,11.010000000000002,16.560000000000002,3.3800000000000003,13.12,20.369999999999997,7.13,1.41,5.86,19.21,4.6,13.24,,10.23,7.7299999999999995,15.379999999999999,9.45,8.76,0.72,23.37,2.22,,8.79,17.21,8.389999999999999,4.450000000000001,17.09,8.729999999999999,3.58,8.59,4.859999999999999,9.53,32.3,8.43,21.36,5.5200000000000005,10.16,5.779999999999999,16.31,32.64,3.76,0.54,59.589999999999996,5.57,,,7.11,9.190000000000001,1.79,25.659999999999997,12.459999999999999,17.05,12.16,3.9699999999999998,11.2,7.91,7.529999999999999,4.609999999999999
2021-11-10,4.34,12.290000000000001,5.34,11.010000000000002,16.560000000000002,3.3800000000000003,13.12,20.369999999999997,7.13,1.41,5.86,19.21,4.6,13.24,,10.23,7.7299999999999995,15.379999999999999,9.45,8.76,0.72,23.37,2.22,,8.79,17.21,8.389999999999999,4.450000000000001,17.09,8.729999999999999,3.58,8.59,4.859999999999999,9.53,32.3,8.43,21.36,5.5200000000000005,10.16,5.779999999999999,16.31,32.64,3.76,0.54,59.589999999999996,5.57,,,7.11,9.190000000000001,1.79,25.659999999999997,12.459999999999999,17.05,12.16,3.9699999999999998,11.2,7.91,7.529999999999999,4.609999999999999
2021-11-11,4.34,12.290000000000001,5.34,11.010000000000002,16.560000000000002,3.3800000000000003,13.12,20.369999999999997,7.13,1.41,5.86,19.21,4.6,13.24,,10.23,7.7299999999999995,15.379999999999999,9.45,8.76,0.72,23.37,2.22,,8.79,17.21,8.389999999999999,4.450000000000001,17.09,8.729999999999999,3.58,8.59,4.859999999999999,9.53,32.3,8.43,21.36,5.5200000000000005,10.16,5.779999999999999,16.31,32.64,3.76,0.54,59.589999999999996,5.57,,,7.11,9.190000000000001,1.79,25.659999999999997,12.459999999999999,17.05,12.16,3.9699999999999998,11.2,7.91,7.529999999999999,4.609999999999999
2021-11-12,4.34,12.290000000000001,5.34,11.010000000000002,16.560000000000002,3.3800000000000003,13.12,20.369999999999997,7.13,1.41,5.86,19.21,4.6,13.24,,10.23,7.7299999999999995,15.379999999999999,9.45,8.76,0.72,23.37,2.22,,8.79,17.21,8.389999999999999,4.450000000000001,17.09,8.729999999999999,3.58,8.59,4.859999999999999,9.53,32.3,8.43,21.36,5.5200000000000005,10.16,5.779999999999999,16.31,32.64,3.76,0.54,59.589999999999996,5.57,,,7.11,9.190000000000001,1.79,25.659999999999997,12.459999999999999,17.05,12.16,3.9699999999999998,11.2,7.91,7.529999999999999,4.609999999999999
2021-11-15,4.34,12.290000000000001,5.34,11.010000000000002,16.560000000000002,3.3800000000000003,13.12,20.369999999999997,7.13,1.41,5.86,19.21,4.6,13.24,,10.23,7.7299999999999995,15.379999999999999,9.45,8.76,0.72,23.37,2.22,,8.79,17.21,8.389999999999999,4.450000000000001,17.09,8.729999999999999,3.58,8.59,4.859999999999999,9.53,32.3,8.43,21.36,5.5200000000000005,10.16,5.779999999999999,16.31,32.64,3.76,0.54,59.589999999999996,5.57,,,7.11,9.190000000000001,1.79,25.659999999999997,12.459999999999999,17.05,12.16,3.9699999999999998,11.2,7.91,7.529999999999999,4.609999999999999
2021-11-16,4.34,12.290000000000001,5.34,11.010000000000002,16.560000000000002,3.3800000000000003,13.12,20.369999999999997,7.13,1.41,5.86,19.21,4.6,13.24,,10.23,7.7299999999999995,15.379999999999999,9.45,8.76,0.72,23.37,2.22,,8.79,17.21,8.389999999999999,4.450000000000001,17.09,8.729999999999999,3.58,8.59,4.859999999999999,9.53,32.3,8.43,21.36,5.5200000000000005,10.16,5.779999999999999,16.31,32.64,3.76,0.54,59.589999999999996,5.57,,,7.11,9.190000000000001,1.79,25.659999999999997,12.459999999999999,17.05,12.16,3.9699999999999998,11.2,7.91,7.529999999999999,4.609999999999999
2021-11-17,4.34,12.290000000000001,5.34,11.010000000000002,16.560000000000002,3.3800000000000003,13.12,20.369999999999997,7.13,1.41,5.86,19.21,4.6,13.24,,10.23,7.7299999999999995,15.379999999999999,9.45,8.76,0.72,23.37,2.22,,8.79,17.21,8.389999999999999,4.450000000000001,17.09,8.729999999999999,3.58,8.59,4.859999999999999,9.53,32.3,8.43,21.36,5.5200000000000005,10.16,5.779999999999999,16.31,32.64,3.76,0.54,59.589999999999996,5.57,,,7.11,9.190000000000001,1.79,25.659999999999997,12.459999999999999,17.05,12.16,3.9699999999999998,11.2,7.91,7.529999999999999,4.609999999999999
2021-11-18,4.34,12.290000000000001,5.34,11.010000000000002,16.560000000000002,3.3800000000000003,13.12,20.369999999999997,7.13,1.41,5.86,19.21,4.6,13.24,,10.23,7.7299999999999995,15.379999999999999,9.45,8.76,0.72,23.37,2.22,,8.79,17.21,8.389999999999999,4.450000000000001,17.09,8.729999999999999,3.58,8.59,4.859999999999999,9.53,32.3,8.43,21.36,5.5200000000000005,10.16,5.779999999999999,16.31,32.64,3.76,0.54,59.589999999999996,5.57,,,7.11,9.190000000000001,1.79,25.659999999999997,12.459999999999999,17.05,12.16,3.9699999999999998,11.2,7.91,7.529999999999999,4.609999999999999
2021-11-19,4.34,12.290000000000001,5.34,11.010000000000002,16.560000000000002,3.3800000000000003,13.12,20.369999999999997,7.13,1.41,5.86,19.21,4.6,13.24,,10.23,7.7299999999999995,15.379999999999999,9.45,8.76,0.72,23.37,2.22,,8.79,17.21,8.389999999999999,4.450000000000001,17.09,8.729999999999999,3.58,8.59,4.859999999999999,9.53,32.3,8.43,21.36,5.5200000000000005,10.16,5.779999999999999,16.31,32.64,3.76,0.54,59.589999999999996,5.57,,,7.11,9.190000000000001,1.79,25.659999999999997,12.459999999999999,17.05,12.16,3.9699999999999998,11.2,7.91,7.529999999999999,4.609999999999999
2021-11-22,4.34,12.290000000000001,5.34,11.010000000000002,16.560000000000002,3.3800000000000003,13.12,20.369999999999997,7.13,1.41,5.86,19.21,4.6,13.24,,10.23,7.7299999999999995,15.379999999999999,9.45,8.76,0.72,23.37,2.22,,8.79,17.21,8.389999999999999,4.450000000000001,17.09,8.729999999999999,3.58,8.59,4.859999999999999,9.53,32.3,8.43,21.36,5.5200000000000005,10.16,5.779999999999999,16.31,32.64,3.76,0.54,59.589999999999996,5.57,,,7.11,9.190000000000001,1.79,25.659999999999997,12.459999999999999,17.05,12.16,3.9699999999999998,11.2,7.91,7.529999999999999,4.609999999999999
2021-11-23,4.34,12.290000000000001,5.34,11.010000000000002,16.560000000000002,3.3800000000000003,13.12,20.369999999999997,7.13,1.41,5.86,19.21,4.6,13.24,,10.23,7.7299999999999995,15.379999999999999,9.45,8.76,0.72,23.37,2.22,,8.79,17.21,8.389999999999999,4.450000000000001,17.09,8.729999999999999,3.58,8.59,4.859999999999999,9.53,32.3,8.43,21.36,5.5200000000000005,10.16,5.779999999999999,16.31,32.64,3.76,0.54,59.589999999999996,5.57,,,7.11,9.190000000000001,1.79,25.659999999999997,12.459999999999999,17.05,12.16,3.9699999999999998,11.2,7.91,7.529999999999999,4.609999999999999
2021-11-24,4.34,12.290000000000001,5.34,11.010000000000002,16.560000000000002,3.3800000000000003,13.12,20.369999999999997,7.13,1.41,5.86,19.21,4.6,13.24,,10.23,7.7299999999999995,15.379999999999999,9.45,8.76,0.72,23.37,2.22,,8.79,17.21,8.389999999999999,4.450000000000001,17.09,8.729999999999999,3.58,8.59,4.859999999999999,9.53,32.3,8.43,21.36,5.5200000000000005,10.16,5.779999999999999,16.31,32.64,3.76,0.54,59.589999999999996,5.57,,,7.11,9.190000000000001,1.79,25.659999999999997,12.459999999999999,17.05,12.16,3.9699999999999998,11.2,7.91,7.529999999999999,4.609999999999999
2021-11-26,4.34,12.290000000000001,5.34,11.010000000000002,16.560000000000002,3.3800000000000003,13.12,20.369999999999997,7.13,1.41,5.86,19.21,4.6,13.24,,10.23,7.7299999999999995,15.379999999999999,9.45,8.76,0.72,23.37,2.22,,8.79,17.21,8.389999999999999,4.450000000000001,17.09,8.729999999999999,3.58,8.59,4.859999999999999,9.53,32.3,8.43,21.36,5.5200000000000005,10.16,5.779999999999999,16.31,32.64,3.76,0.54,59.589999999999996,5.57,,,7.11,9.190000000000001,1.79,25.659999999999997,12.459999999999999,17.05,12.16,3.9699999999999998,11.2,7.91,7.529999999999999,4.609999999999999
2021-11-29,4.34,12.290000000000001,5.34,11.010000000000002,16.560000000000002,3.3800000000000003,13.12,20.369999999999997,7.13,1.41,5.86,19.21,4.6,13.24,,10.23,7.7299999999999995,15.379999999999999,9.45,8.76,0.72,23.37,2.22,,8.79,17.21,8.389999999999999,4.450000000000001,17.09,8.729999999999999,3.58,8.59,4.859999999999999,9.53,32.3,8.43,21.36,5.5200000000000005,10.16,5.779999999999999,16.31,32.64,3.76,0.54,59.589999999999996,5.57,,,7.11,9.190000000000001,1.79,25.659999999999997,12.459999999999999,17.05,12.16,3.9699999999999998,11.2,7.91,7.529999999999999,4.609999999999999
2021-11-30,4.34,12.290000000000001,5.34,11.010000000000002,16.560000000000002,3.3800000000000003,13.12,20.369999999999997,7.13,1.41,5.86,19.21,4.6,13.24,,10.23,7.7299999999999995,15.379999999999999,9.45,8.76,0.72,23.37,2.22,,8.79,17.21,8.389999999999999,4.450000000000001,17.09,8.729999999999999,3.58,8.59,4.859999999999999,9.53,32.3,8.43,21.36,5.5200000000000005,10.16,5.779999999999999,16.31,32.64,3.76,0.54,59.589999999999996,5.57,,,7.11,9.190000000000001,1.79,25.659999999999997,12.459999999999999,17.05,12.16,3.9699999999999998,11.2,7.91,7.529999999999999,4.609999999999999
2021-12-01,4.34,12.290000000000001,5.34,11.010000000000002,16.560000000000002,3.3800000000000003,13.12,20.369999999999997,7.13,1.41,5.86,19.21,4.6,13.24,,10.23,7.7299999999999995,15.379999999999999,9.45,8.76,0.72,23.37,2.22,,8.79,17.21,8.389999999999999,4.450000000000001,17.09,8.729999999999999,3.58,8.59,4.859999999999999,9.53,32.3,8.43,21.36,5.5200000000000005,10.16,5.779999999999999,16.31,32.64,3.76,0.54,59.589999999999996,5.57,,,7.11,9.190000000000001,1.79,25.659999999999997,12.459999999999999,17.05,12.16,3.9699999999999998,11.2,7.91,7.529999999999999,4.609999999999999
2021-12-02,4.34,12.290000000000001,5.34,11.010000000000002,16.560000000000002,3.3800000000000003,13.12,20.369999999999997,7.13,1.41,5.86,19.21,4.6,13.24,,10.23,7.7299999999999995,15.379999999999999,9.45,8.76,0.72,23.37,2.22,,8.79,17.21,8.389999999999999,4.450000000000001,17.09,8.729999999999999,3.58,8.59,4.859999999999999,9.53,32.3,8.43,21.36,5.5200000000000005,10.16,5.779999999999999,16.31,32.64,3.76,0.54,59.589999999999996,5.57,,,7.11,9.190000000000001,1.79,25.659999999999997,12.459999999999999,17.05,12.16,3.9699999999999998,11.2,7.91,7.529999999999999,4.609999999999999
2021-12-03,4.34,12.290000000000001,5.34,11.010000000000002,16.560000000000002,3.3800000000000003,13.12,20.369999999999997,7.13,1.41,5.86,19.21,4.6,13.24,,10.23,7.7299999999999995,15.379999999999999,9.45,8.76,0.72,23.37,2.22,,8.79,17.21,8.389999999999999,4.450000000000001,17.09,8.729999999999999,3.58,8.59,4.859999999999999,9.53,32.3,8.43,21.36,5.5200000000000005,10.16,5.779999999999999,16.31,32.64,3.76,0.54,59.589999999999996,5.57,,,7.11,9.190000000000001,1.79,25.659999999999997,12.459999999999999,17.05,12.16,3.9699999999999998,11.2,7.91,7.529999999999999,4.609999999999999
2021-12-06,4.34,12.290000000000001,5.34,11.010000000000002,16.560000000000002,3.3800000000000003,13.12,20.369999999999997,7.13,1.41,5.86,19.21,4.6,13.24,,10.23,7.7299999999999995,15.379999999999999,9.45,8.76,0.72,23.37,2.22,,8.79,17.21,8.389999999999999,4.450000000000001,17.09,8.729999999999999,3.58,8.59,4.859999999999999,9.53,32.3,8.43,21.36,5.5200000000000005,10.16,5.779999999999999,16.31,32.64,3.76,0.54,59.589999999999996,5.57,,,7.11,9.190000000000001,1.79,25.659999999999997,12.459999999999999,17.05,12.16,3.9699999999999998,11.2,7.91,7.529999999999999,4.609999999999999
2021-12-07,4.34,12.290000000000001,5.34,11.010000000000002,16.560000000000002,3.3800000000000003,13.12,20.369999999999997,7.13,1.41,5.86,19.21,4.6,13.24,,10.23,7.7299999999999995,15.379999999999999,9.45,8.76,0.72,23.37,2.22,,8.79,17.21,8.389999999999999,4.450000000000001,17.09,8.729999999999999,3.58,8.59,4.859999999999999,9.53,32.3,8.43,21.36,5.5200000000000005,10.16,5.779999999999999,16.31,32.64,3.76,0.54,59.589999999999996,5.57,,,7.11,9.190000000000001,1.79,25.659999999999997,12.459999999999999,17.05,12.16,3.9699999999999998,11.2,7.91,7.529999999999999,4.609999999999999
2021-12-08,4.34,12.290000000000001,5.34,11.010000000000002,16.560000000000002,3.3800000000000003,13.12,20.369999999999997,7.13,1.41,5.86,19.21,4.6,13.24,,10.23,7.7299999999999995,15.379999999999999,9.45,8.76,0.72,23.37,2.22,,8.79,17.21,8.389999999999999,4.450000000000001,17.09,8.729999999999999,3.58,8.59,4.859999999999999,9.53,32.3,8.43,21.36,5.5200000000000005,10.16,5.779999999999999,16.31,32.64,3.76,0.54,59.589999999999996,5.57,,,7.11,9.190000000000001,1.79,25.659999999999997,12.459999999999999,17.05,12.16,3.9699999999999998,11.2,7.91,7.529999999999999,4.609999999999999
2021-12-09,4.34,12.290000000000001,5.34,11.010000000000002,16.560000000000002,3.3800000000000003,13.12,20.369999999999997,7.13,1.41,5.86,19.21,4.6,13.24,,10.23,7.7299999999999995,15.379999999999999,9.45,8.76,0.72,23.37,2.22,,8.79,17.21,8.389999999999999,4.450000000000001,17.09,8.729999999999999,3.58,8.59,4.859999999999999,9.53,32.3,8.43,21.36,5.5200000000000005,10.16,5.779999999999999,16.31,32.64,3.76,0.54,59.589999999999996,5.57,,,7.11,9.190000000000001,1.79,25.659999999999997,12.459999999999999,17.05,12.16,3.9699999999999998,11.2,7.91,7.529999999999999,4.609999999999999
2021-12-10,4.34,12.290000000000001,5.34,11.010000000000002,16.560000000000002,3.3800000000000003,13.12,20.369999999999997,7.13,1.41,5.86,19.21,4.6,13.24,,10.23,7.7299999999999995,15.379999999999999,9.45,8.76,0.72,23.37,2.22,,8.79,17.21,8.389999999999999,4.450000000000001,17.09,8.729999999999999,3.58,8.59,4.859999999999999,9.53,32.3,8.43,21.36,5.5200000000000005,10.16,5.779999999999999,16.31,32.64,3.76,0.54,59.589999999999996,5.57,,,7.11,9.190000000000001,1.79,25.659999999999997,12.459999999999999,17.05,12.16,3.9699999999999998,11.2,7.91,7.529999999999999,4.609999999999999
2021-12-13,4.34,12.290000000000001,5.34,11.010000000000002,16.560000000000002,3.3800000000000003,13.12,20.369999999999997,7.13,1.41,5.86,19.21,4.6,13.24,,10.23,7.7299999999999995,15.379999999999999,9.45,8.76,0.72,23.37,2.22,,8.79,17.21,8.389999999999999,4.450000000000001,17.09,8.729999999999999,3.58,8.59,4.859999999999999,9.53,32.3,8.43,21.36,5.5200000000000005,10.16,5.779999999999999,16.31,32.64,3.76,0.54,59.589999999999996,5.57,,,7.11,9.190000000000001,1.79,25.659999999999997,12.459999999999999,17.05,12.16,3.9699999999999998,11.2,7.91,7.529999999999999,4.609999999999999
2021-12-14,4.34,12.290000000000001,5.34,11.010000000000002,16.560000000000002,3.3800000000000003,13.12,20.369999999999997,7.13,1.41,5.86,19.21,4.6,13.24,,10.23,7.7299999999999995,15.379999999999999,9.45,8.76,0.72,23.37,2.22,,8.79,17.21,8.389999999999999,4.450000000000001,17.09,8.729999999999999,3.58,8.59,4.859999999999999,9.53,32.3,8.43,21.36,5.5200000000000005,10.16,5.779999999999999,16.31,32.64,3.76,0.54,59.589999999999996,5.57,,,7.11,9.190000000000001,1.79,25.659999999999997,12.459999999999999,17.05,12.16,3.9699999999999998,11.2,7.91,7.529999999999999,4.609999999999999
2021-12-15,4.34,12.290000000000001,5.34,11.010000000000002,16.560000000000002,3.3800000000000003,13.12,20.369999999999997,7.13,1.41,5.86,19.21,4.6,13.24,,10.23,7.7299999999999995,15.379999999999999,9.45,8.76,0.72,23.37,2.22,,8.79,17.21,8.389999999999999,4.450000000000001,17.09,8.729999999999999,3.58,8.59,4.859999999999999,9.53,32.3,8.43,21.36,5.5200000000000005,10.16,5.779999999999999,16.31,32.64,3.76,0.54,59.589999999999996,5.57,,,7.11,9.190000000000001,1.79,25.659999999999997,12.459999999999999,17.05,12.16,3.9699999999999998,11.2,7.91,7.529999999999999,4.609999999999999
2021-12-16,4.34,12.290000000000001,5.34,11.010000000000002,16.560000000000002,3.3800000000000003,13.12,20.369999999999997,7.13,1.41,5.86,19.21,4.6,13.24,,10.23,7.7299999999999995,15.379999999999999,9.45,8.76,0.72,23.37,2.22,,8.79,17.21,8.389999999999999,4.450000000000001,17.09,8.729999999999999,3.58,8.59,4.859999999999999,9.53,32.3,8.43,21.36,5.5200000000000005,10.16,5.779999999999999,16.31,32.64,3.76,0.54,59.589999999999996,5.57,,,7.11,9.190000000000001,1.79,25.659999999999997,12.459999999999999,17.05,12.16,3.9699999999999998,11.2,7.91,7.529999999999999,4.609999999999999
2021-12-17,4.34,12.290000000000001,5.34,11.010000000000002,16.560000000000002,3.3800000000000003,13.12,20.369999999999997,7.13,1.41,5.86,19.21,4.6,13.24,,10.23,7.7299999999999995,15.379999999999999,9.45,8.76,0.72,23.37,2.22,,8.79,17.21,8.389999999999999,4.450000000000001,17.09,8.729999999999999,3.58,8.59,4.859999999999999,9.53,32.3,8.43,21.36,5.5200000000000005,10.16,5.779999999999999,16.31,32.64,3.76,0.54,59.589999999999996,5.57,,,7.11,9.190000000000001,1.79,25.659999999999997,12.459999999999999,17.05,12.16,3.9699999999999998,11.2,7.91,7.529999999999999,4.609999999999999
2021-12-20,4.34,12.290000000000001,5.34,11.010000000000002,16.560000000000002,3.3800000000000003,13.12,20.369999999999997,7.13,1.41,5.86,19.21,4.6,13.24,,10.23,7.7299999999999995,15.379999999999999,9.45,8.76,0.72,23.37,2.22,,8.79,17.21,8.389999999999999,4.450000000000001,17.09,8.729999999999999,3.58,8.59,4.859999999999999,9.53,32.3,8.43,21.36,5.5200000000000005,10.16,5.779999999999999,16.31,32.64,3.76,0.54,59.589999999999996,5.57,,,7.11,9.190000000000001,1.79,25.659999999999997,12.459999999999999,17.05,12.16,3.9699999999999998,11.2,7.91,7.529999999999999,4.609999999999999
2021-12-21,4.34,12.290000000000001,5.34,11.010000000000002,16.560000000000002,3.3800000000000003,13.12,20.369999999999997,7.13,1.41,5.86,19.21,4.6,13.24,,10.23,7.7299999999999995,15.379999999999999,9.45,8.76,0.72,23.37,2.22,,8.79,17.21,8.389999999999999,4.450000000000001,17.09,8.729999999999999,3.58,8.59,4.859999999999999,9.53,32.3,8.43,21.36,5.5200000000000005,10.16,5.779999999999999,16.31,32.64,3.76,0.54,59.589999999999996,5.57,,,7.11,9.190000000000001,1.79,25.659999999999997,12.459999999999999,17.05,12.16,3.9699999999999998,11.2,7.91,7.529999999999999,4.609999999999999
2021-12-22,4.34,12.290000000000001,5.34,11.010000000000002,16.560000000000002,3.3800000000000003,13.12,20.369999999999997,7.13,1.41,5.86,19.21,4.6,13.24,,10.23,7.7299999999999995,15.379999999999999,9.45,8.76,0.72,23.37,2.22,,8.79,17.21,8.389999999999999,4.450000000000001,17.09,8.729999999999999,3.58,8.59,4.859999999999999,9.53,32.3,8.43,21.36,5.5200000000000005,10.16,5.779999999999999,16.31,32.64,3.76,0.54,59.589999999999996,5.57,,,7.11,9.190000000000001,1.79,25.659999999999997,12.459999999999999,17.05,12.16,3.9699999999999998,11.2,7.91,7.529999999999999,4.609999999999999
2021-12-23,4.34,12.290000000000001,5.34,11.010000000000002,16.560000000000002,3.3800000000000003,13.12,20.369999999999997,7.13,1.41,5.86,19.21,4.6,13.24,,10.23,7.7299999999999995,15.379999999999999,9.45,8.76,0.72,23.37,2.22,,8.79,17.21,8.389999999999999,4.450000000000001,17.09,8.729999999999999,3.58,8.59,4.859999999999999,9.53,32.3,8.43,21.36,5.5200000000000005,10.16,5.779999999999999,16.31,32.64,3.76,0.54,59.589999999999996,5.57,,,7.11,9.190000000000001,1.79,25.659999999999997,12.459999999999999,17.05,12.16,3.9699999999999998,11.2,7.91,7.529999999999999,4.609999999999999
2021-12-27,4.34,12.290000000000001,5.34,11.010000000000002,16.560000000000002,3.3800000000000003,13.12,20.369999999999997,7.13,1.41,5.86,19.21,4.6,13.24,,10.23,7.7299999999999995,15.379999999999999,9.45,8.76,0.72,23.37,2.22,,8.79,17.21,8.389999999999999,4.450000000000001,17.09,8.729999999999999,3.58,8.59,4.859999999999999,9.53,32.3,8.43,21.36,5.5200000000000005,10.16,5.779999999999999,16.31,32.64,3.76,0.54,59.589999999999996,5.57,,,7.11,9.190000000000001,1.79,25.659999999999997,12.459999999999999,17.05,12.16,3.9699999999999998,11.2,7.91,7.529999999999999,4.609999999999999
2021-12-28,4.34,12.290000000000001,5.34,11.010000000000002,16.560000000000002,3.3800000000000003,13.12,20.369999999999997,7.13,1.41,5.86,19.21,4.6,13.24,,10.23,7.7299999999999995,15.379999999999999,9.45,8.76,0.72,23.37,2.22,,8.79,17.21,8.389999999999999,4.450000000000001,17.09,8.729999999999999,3.58,8.59,4.859999999999999,9.53,32.3,8.43,21.36,5.5200000000000005,10.16,5.779999999999999,16.31,32.64,3.76,0.54,59.589999999999996,5.57,,,7.11,9.190000000000001,1.79,25.659999999999997,12.459999999999999,17.05,12.16,3.9699999999999998,11.2,7.91,7.529999999999999,4.609999999999999
2021-12-29,4.34,12.290000000000001,5.34,11.010000000000002,16.560000000000002,3.3800000000000003,13.12,20.369999999999997,7.13,1.41,5.86,19.21,4.6,13.24,,10.23,7.7299999999999995,15.379999999999999,9.45,8.76,0.72,23.37,2.22,,8.79,17.21,8.389999999999999,4.450000000000001,17.09,8.729999999999999,3.58,8.59,4.859999999999999,9.53,32.3,8.43,21.36,5.5200000000000005,10.16,5.779999999999999,16.31,32.64,3.76,0.54,59.589999999999996,5.57,,,7.11,9.190000000000001,1.79,25.659999999999997,12.459999999999999,17.05,12.16,3.9699999999999998,11.2,7.91,7.529999999999999,4.609999999999999
2021-12-30,4.34,12.290000000000001,5.34,11.010000000000002,16.560000000000002,3.3800000000000003,13.12,20.369999999999997,7.13,1.41,5.86,19.21,4.6,13.24,,10.23,7.7299999999999995,15.379999999999999,9.45,8.76,0.72,23.37,2.22,,8.79,17.21,8.389999999999999,4.450000000000001,17.09,8.729999999999999,3.58,8.59,4.859999999999999,9.53,32.3,8.43,21.36,5.5200000000000005,10.16,5.779999999999999,16.31,32.64,3.76,0.54,59.589999999999996,5.57,,,7.11,9.190000000000001,1.79,25.659999999999997,12.459999999999999,17.05,12.16,3.9699999999999998,11.2,7.91,7.529999999999999,4.609999999999999
2021-12-31,4.34,12.680000000000001,5.21,11.23,17.11,3.62,13.97,19.18,7.5,1.63,5.390000000000001,20.47,5.1499999999999995,13.24,,10.33,8.41,14.229999999999999,10.06,9.11,0.66,25.97,2.2300000000000004,,7.289999999999999,17.5,8.389999999999999,4.5200000000000005,20.63,8.61,2.7500000000000004,4.95,4.97,9.8,28.509999999999998,8.17,22.909999999999997,5.5200000000000005,11.25,6.26,28.29,33.910000000000004,4.42,0.79,71.38,5.63,,,7.5,9.09,1.8499999999999999,25.11,11.82,19.009999999999998,13.02,3.6899999999999995,11.22,8.61,7.37,4.7
2022-01-03,4.34,12.680000000000001,5.21,11.23,17.11,3.62,13.97,19.18,7.5,1.63,5.390000000000001,20.47,5.1499999999999995,13.24,,10.33,8.41,14.229999999999999,10.06,9.11,0.66,25.97,2.2300000000000004,,7.289999999999999,17.5,8.389999999999999,4.5200000000000005,20.63,8.61,2.7500000000000004,4.95,4.97,9.8,28.509999999999998,8.17,22.909999999999997,5.5200000000000005,11.25,6.26,28.29,33.910000000000004,4.42,0.79,71.38,5.63,,,7.5,9.09,1.8499999999999999,25.11,11.82,19.009999999999998,13.02,3.6899999999999995,11.22,8.61,7.37,4.7
2022-01-04,4.34,12.680000000000001,5.21,11.23,17.11,3.62,13.97,19.18,7.5,1.63,5.390000000000001,20.47,5.1499999999999995,13.24,,10.33,8.41,14.229999999999999,10.06,9.11,0.66,25.97,2.2300000000000004,,7.289999999999999,17.5,8.389999999999999,4.5200000000000005,20.63,8.61,2.7500000000000004,4.95,4.97,9.8,28.509999999999998,8.17,22.909999999999997,5.5200000000000005,11.25,6.26,28.29,33.910000000000004,4.42,0.79,71.38,5.63,,,7.5,9.09,1.8499999999999999,25.11,11.82,19.009999999999998,13.02,3.6899999999999995,11.22,8.61,7.37,4.7
2022-01-05,4.34,12.680000000000001,5.21,11.23,17.11,3.62,13.97,19.18,7.5,1.63,5.390000000000001,20.47,5.1499999999999995,13.24,,10.33,8.41,14.229999999999999,10.06,9.11,0.66,25.97,2.2300000000000004,,7.289999999999999,17.5,8.389999999999999,4.5200000000000005,20.63,8.61,2.7500000000000004,4.95,4.97,9.8,28.509999999999998,8.17,22.909999999999997,5.5200000000000005,11.25,6.26,28.29,33.910000000000004,4.42,0.79,71.38,5.63,,,7.5,9.09,1.8499999999999999,25.11,11.82,19.009999999999998,13.02,3.6899999999999995,11.22,8.61,7.37,4.7
2022-01-06,4.34,12.680000000000001,5.21,11.23,17.11,3.62,13.97,19.18,7.5,1.63,5.390000000000001,20.47,5.1499999999999995,13.24,,10.33,8.41,14.229999999999999,10.06,9.11,0.66,25.97,2.2300000000000004,,7.289999999999999,17.5,8.389999999999999,4.5200000000000005,20.63,8.61,2.7500000000000004,4.95,4.97,9.8,28.509999999999998,8.17,22.909999999999997,5.5200000000000005,11.25,6.26,28.29,33.910000000000004,4.42,0.79,71.38,5.63,,,7.5,9.09,1.8499999999999999,25.11,11.82,19.009999999999998,13.02,3.6899999999999995,11.22,8.61,7.37,4.7
2022-01-07,4.34,12.680000000000001,5.21,11.23,17.11,3.62,13.97,19.18,7.5,1.63,5.390000000000001,20.47,5.1499999999999995,13.24,,10.33,8.41,14.229999999999999,10.06,9.11,0.66,25.97,2.2300000000000004,,7.289999999999999,17.5,8.389999999999999,4.5200000000000005,20.63,8.61,2.7500000000000004,4.95,4.97,9.8,28.509999999999998,8.17,22.909999999999997,5.5200000000000005,11.25,6.26,28.29,33.910000000000004,4.42,0.79,71.38,5.63,,,7.5,9.09,1.8499999999999999,25.11,11.82,19.009999999999998,13.02,3.6899999999999995,11.22,8.61,7.37,4.7
2022-01-10,4.34,12.680000000000001,5.21,11.23,17.11,3.62,13.97,19.18,7.5,1.63,5.390000000000001,20.47,5.1499999999999995,13.24,,10.33,8.41,14.229999999999999,10.06,9.11,0.66,25.97,2.2300000000000004,,7.289999999999999,17.5,8.389999999999999,4.5200000000000005,20.63,8.61,2.7500000000000004,4.95,4.97,9.8,28.509999999999998,8.17,22.909999999999997,5.5200000000000005,11.25,6.26,28.29,33.910000000000004,4.42,0.79,71.38,5.63,,,7.5,9.09,1.8499999999999999,25.11,11.82,19.009999999999998,13.02,3.6899999999999995,11.22,8.61,7.37,4.7
2022-01-11,4.34,12.680000000000001,5.21,11.23,17.11,3.62,13.97,19.18,7.5,1.63,5.390000000000001,20.47,5.1499999999999995,13.24,,10.33,8.41,14.229999999999999,10.06,9.11,0.66,25.97,2.2300000000000004,,7.289999999999999,17.5,8.389999999999999,4.5200000000000005,20.63,8.61,2.7500000000000004,4.95,4.97,9.8,28.509999999999998,8.17,22.909999999999997,5.5200000000000005,11.25,6.26,28.29,33.910000000000004,4.42,0.79,71.38,5.63,,,7.5,9.09,1.8499999999999999,25.11,11.82,19.009999999999998,13.02,3.6899999999999995,11.22,8.61,7.37,4.7
2022-01-12,4.34,12.680000000000001,5.21,11.23,17.11,3.62,13.97,19.18,7.5,1.63,5.390000000000001,20.47,5.1499999999999995,13.24,,10.33,8.41,14.229999999999999,10.06,9.11,0.66,25.97,2.2300000000000004,,7.289999999999999,17.5,8.389999999999999,4.5200000000000005,20.63,8.61,2.7500000000000004,4.95,4.97,9.8,28.509999999999998,8.17,22.909999999999997,5.5200000000000005,11.25,6.26,28.29,33.910000000000004,4.42,0.79,71.38,5.63,,,7.5,9.09,1.8499999999999999,25.11,11.82,19.009999999999998,13.02,3.6899999999999995,11.22,8.61,7.37,4.7
2022-01-13,4.34,12.680000000000001,5.21,11.23,17.11,3.62,13.97,19.18,7.5,1.63,5.390000000000001,20.47,5.1499999999999995,13.24,,10.33,8.41,14.229999999999999,10.06,9.11,0.66,25.97,2.2300000000000004,,7.289999999999999,17.5,8.389999999999999,4.5200000000000005,20.63,8.61,2.7500000000000004,4.95,4.97,9.8,28.509999999999998,8.17,22.909999999999997,5.5200000000000005,11.25,6.26,28.29,33.910000000000004,4.42,0.79,71.38,5.63,,,7.5,9.09,1.8499999999999999,25.11,11.82,19.009999999999998,13.02,3.6899999999999995,11.22,8.61,7.37,4.7
2022-01-14,4.34,12.680000000000001,5.21,11.23,17.11,3.62,13.97,19.18,7.5,1.63,5.390000000000001,20.47,5.1499999999999995,13.24,,10.33,8.41,14.229999999999999,10.06,9.11,0.66,25.97,2.2300000000000004,,7.289999999999999,17.5,8.389999999999999,4.5200000000000005,20.63,8.61,2.7500000000000004,4.95,4.97,9.8,28.509999999999998,8.17,22.909999999999997,5.5200000000000005,11.25,6.26,28.29,33.910000000000004,4.42,0.79,71.38,5.63,,,7.5,9.09,1.8499999999999999,25.11,11.82,19.009999999999998,13.02,3.6899999999999995,11.22,8.61,7.37,4.7
2022-01-18,4.34,12.680000000000001,5.21,11.23,17.11,3.62,13.97,19.18,7.5,1.63,5.390000000000001,20.47,5.1499999999999995,13.24,,10.33,8.41,14.229999999999999,10.06,9.11,0.66,25.97,2.2300000000000004,,7.289999999999999,17.5,8.389999999999999,4.5200000000000005,20.63,8.61,2.7500000000000004,4.95,4.97,9.8,28.509999999999998,8.17,22.909999999999997,5.5200000000000005,11.25,6.26,28.29,33.910000000000004,4.42,0.79,71.38,5.63,,,7.5,9.09,1.8499999999999999,25.11,11.82,19.009999999999998,13.02,3.6899999999999995,11.22,8.61,7.37,4.7
2022-01-19,4.34,12.680000000000001,5.21,11.23,17.11,3.62,13.97,19.18,7.5,1.63,5.390000000000001,20.47,5.1499999999999995,13.24,,10.33,8.41,14.229999999999999,10.06,9.11,0.66,25.97,2.2300000000000004,,7.289999999999999,17.5,8.389999999999999,4.5200000000000005,20.63,8.61,2.7500000000000004,4.95,4.97,9.8,28.509999999999998,8.17,22.909999999999997,5.5200000000000005,11.25,6.26,28.29,33.910000000000004,4.42,0.79,71.38,5.63,,,7.5,9.09,1.8499999999999999,25.11,11.82,19.009999999999998,13.02,3.6899999999999995,11.22,8.61,7.37,4.7
2022-01-20,4.34,12.680000000000001,5.21,11.23,17.11,3.62,13.97,19.18,7.5,1.63,5.390000000000001,20.47,5.1499999999999995,13.24,,10.33,8.41,14.229999999999999,10.06,9.11,0.66,25.97,2.2300000000000004,,7.289999999999999,17.5,8.389999999999999,4.5200000000000005,20.63,8.61,2.7500000000000004,4.95,4.97,9.8,28.509999999999998,8.17,22.909999999999997,5.5200000000000005,11.25,6.26,28.29,33.910000000000004,4.42,0.79,71.38,5.63,,,7.5,9.09,1.8499999999999999,25.11,11.82,19.009999999999998,13.02,3.6899999999999995,11.22,8.61,7.37,4.7
2022-01-21,4.34,12.680000000000001,5.21,11.23,17.11,3.62,13.97,19.18,7.5,1.63,5.390000000000001,20.47,5.1499999999999995,13.24,,10.33,8.41,14.229999999999999,10.06,9.11,0.66,25.97,2.2300000000000004,,7.289999999999999,17.5,8.389999999999999,4.5200000000000005,20.63,8.61,2.7500000000000004,4.95,4.97,9.8,28.509999999999998,8.17,22.909999999999997,5.5200000000000005,11.25,6.26,28.29,33.910000000000004,4.42,0.79,71.38,5.63,,,7.5,9.09,1.8499999999999999,25.11,11.82,19.009999999999998,13.02,3.6899999999999995,11.22,8.61,7.37,4.7
2022-01-24,4.34,12.680000000000001,5.21,11.23,17.11,3.62,13.97,19.18,7.5,1.63,5.390000000000001,20.47,5.1499999999999995,13.24,,10.33,8.41,14.229999999999999,10.06,9.11,0.66,25.97,2.2300000000000004,,7.289999999999999,17.5,8.389999999999999,4.5200000000000005,20.63,8.61,2.7500000000000004,4.95,4.97,9.8,28.509999999999998,8.17,22.909999999999997,5.5200000000000005,11.25,6.26,28.29,33.910000000000004,4.42,0.79,71.38,5.63,,,7.5,9.09,1.8499999999999999,25.11,11.82,19.009999999999998,13.02,3.6899999999999995,11.22,8.61,7.37,4.7
2022-01-25,4.34,12.680000000000001,5.21,11.23,17.11,3.62,13.97,19.18,7.5,1.63,5.390000000000001,20.47,5.1499999999999995,13.24,,10.33,8.41,14.229999999999999,10.06,9.11,0.66,25.97,2.2300000000000004,,7.289999999999999,17.5,8.389999999999999,4.5200000000000005,20.63,8.61,2.7500000000000004,4.95,4.97,9.8,28.509999999999998,8.17,22.909999999999997,5.5200000000000005,11.25,6.26,28.29,33.910000000000004,4.42,0.79,71.38,5.63,,,7.5,9.09,1.8499999999999999,25.11,11.82,19.009999999999998,13.02,3.6899999999999995,11.22,8.61,7.37,4.7
2022-01-26,4.34,12.680000000000001,5.21,11.23,17.11,3.62,13.97,19.18,7.5,1.63,5.390000000000001,20.47,5.1499999999999995,13.24,,10.33,8.41,14.229999999999999,10.06,9.11,0.66,25.97,2.2300000000000004,,7.289999999999999,17.5,8.389999999999999,4.5200000000000005,20.63,8.61,2.7500000000000004,4.95,4.97,9.8,28.509999999999998,8.17,22.909999999999997,5.5200000000000005,11.25,6.26,28.29,33.910000000000004,4.42,0.79,71.38,5.63,,,7.5,9.09,1.8499999999999999,25.11,11.82,19.009999999999998,13.02,3.6899999999999995,11.22,8.61,7.37,4.7
2022-01-27,4.34,12.680000000000001,5.21,11.23,17.11,3.62,13.97,19.18,7.5,1.63,5.390000000000001,20.47,5.1499999999999995,13.24,,10.33,8.41,14.229999999999999,10.06,9.11,0.66,25.97,2.2300000000000004,,7.289999999999999,17.5,8.389999999999999,4.5200000000000005,20.63,8.61,2.7500000000000004,4.95,4.97,9.8,28.509999999999998,8.17,22.909999999999997,5.5200000000000005,11.25,6.26,28.29,33.910000000000004,4.42,0.79,71.38,5.63,,,7.5,9.09,1.8499999999999999,25.11,11.82,19.009999999999998,13.02,3.6899999999999995,11.22,8.61,7.37,4.7
2022-01-28,4.34,12.680000000000001,5.21,11.23,17.11,3.62,13.97,19.18,7.5,1.63,5.390000000000001,20.47,5.1499999999999995,13.24,,10.33,8.41,14.229999999999999,10.06,9.11,0.66,25.97,2.2300000000000004,,7.289999999999999,17.5,8.389999999999999,4.5200000000000005,20.63,8.61,2.7500000000000004,4.95,4.97,9.8,28.509999999999998,8.17,22.909999999999997,5.5200000000000005,11.25,6.26,28.29,33.910000000000004,4.42,0.79,71.38,5.63,,,7.5,9.09,1.8499999999999999,25.11,11.82,19.009999999999998,13.02,3.6899999999999995,11.22,8.61,7.37,4.7
2022-01-31,4.49,12.680000000000001,5.21,11.23,17.11,3.62,13.97,19.18,7.5,1.63,5.390000000000001,20.47,5.1499999999999995,13.31,,10.33,8.41,14.229999999999999,10.06,9.11,0.66,25.97,2.2300000000000004,,7.289999999999999,17.5,8.389999999999999,4.5200000000000005,20.63,8.61,2.7500000000000004,4.95,4.97,9.8,28.509999999999998,8.17,22.909999999999997,5.6000000000000005,11.25,6.26,28.29,33.910000000000004,4.42,0.79,71.38,5.63,,,7.5,9.09,1.8499999999999999,25.11,11.82,19.009999999999998,13.02,3.6899999999999995,11.22,8.61,7.37,4.7
2022-02-01,4.49,12.680000000000001,5.21,11.23,17.11,3.62,13.97,19.18,7.5,1.63,5.390000000000001,20.47,5.1499999999999995,13.31,,10.33,8.41,14.229999999999999,10.06,9.11,0.66,25.97,2.2300000000000004,,7.289999999999999,17.5,8.389999999999999,4.5200000000000005,20.63,8.61,2.7500000000000004,4.95,4.97,9.8,28.509999999999998,8.17,22.909999999999997,5.6000000000000005,11.25,6.26,28.29,33.910000000000004,4.42,0.79,71.38,5.63,,,7.5,9.09,1.8499999999999999,25.11,11.82,19.009999999999998,13.02,3.6899999999999995,11.22,8.61,7.37,4.7
2022-02-02,4.49,12.680000000000001,5.21,11.23,17.11,3.62,13.97,19.18,7.5,1.63,5.390000000000001,20.47,5.1499999999999995,13.31,,10.33,8.41,14.229999999999999,10.06,9.11,0.66,25.97,2.2300000000000004,,7.289999999999999,17.5,8.389999999999999,4.5200000000000005,20.63,8.61,2.7500000000000004,4.95,4.97,9.8,28.509999999999998,8.17,22.909999999999997,5.6000000000000005,11.25,6.26,28.29,33.910000000000004,4.42,0.79,71.38,5.63,,,7.5,9.09,1.8499999999999999,25.11,11.82,19.009999999999998,13.02,3.6899999999999995,11.22,8.61,7.37,4.7
2022-02-03,4.49,12.680000000000001,5.21,11.23,17.11,3.62,13.97,19.18,7.5,1.63,5.390000000000001,20.47,5.1499999999999995,13.31,,10.33,8.41,14.229999999999999,10.06,9.11,0.66,25.97,2.2300000000000004,,7.289999999999999,17.5,8.389999999999999,4.5200000000000005,20.63,8.61,2.7500000000000004,4.95,4.97,9.8,28.509999999999998,8.17,22.909999999999997,5.6000000000000005,11.25,6.26,28.29,33.910000000000004,4.42,0.79,71.38,5.63,,,7.5,9.09,1.8499999999999999,25.11,11.82,19.009999999999998,13.02,3.6899999999999995,11.22,8.61,7.37,4.7
2022-02-04,4.49,12.680000000000001,5.21,11.23,17.11,3.62,13.97,19.18,7.5,1.63,5.390000000000001,20.47,5.1499999999999995,13.31,,10.33,8.41,14.229999999999999,10.06,9.11,0.66,25.97,2.2300000000000004,,7.289999999999999,17.5,8.389999999999999,4.5200000000000005,20.63,8.61,2.7500000000000004,4.95,4.97,9.8,28.509999999999998,8.17,22.909999999999997,5.6000000000000005,11.25,6.26,28.29,33.910000000000004,4.42,0.79,71.38,5.63,,,7.5,9.09,1.8499999999999999,25.11,11.82,19.009999999999998,13.02,3.6899999999999995,11.22,8.61,7.37,4.7
2022-02-07,4.49,12.680000000000001,5.21,11.23,17.11,3.62,13.97,19.18,7.5,1.63,5.390000000000001,20.47,5.1499999999999995,13.31,,10.33,8.41,14.229999999999999,10.06,9.11,0.66,25.97,2.2300000000000004,,7.289999999999999,17.5,8.389999999999999,4.5200000000000005,20.63,8.61,2.7500000000000004,4.95,4.97,9.8,28.509999999999998,8.17,22.909999999999997,5.6000000000000005,11.25,6.26,28.29,33.910000000000004,4.42,0.79,71.38,5.63,,,7.5,9.09,1.8499999999999999,25.11,11.82,19.009999999999998,13.02,3.6899999999999995,11.22,8.61,7.37,4.7
2022-02-08,4.49,12.680000000000001,5.21,11.23,17.11,3.62,13.97,19.18,7.5,1.63,5.390000000000001,20.47,5.1499999999999995,13.31,,10.33,8.41,14.229999999999999,10.06,9.11,0.66,25.97,2.2300000000000004,,7.289999999999999,17.5,8.389999999999999,4.5200000000000005,20.63,8.61,2.7500000000000004,4.95,4.97,9.8,28.509999999999998,8.17,22.909999999999997,5.6000000000000005,11.25,6.26,28.29,33.910000000000004,4.42,0.79,71.38,5.63,,,7.5,9.09,1.8499999999999999,25.11,11.82,19.009999999999998,13.02,3.6899999999999995,11.22,8.61,7.37,4.7
2022-02-09,4.49,12.680000000000001,5.21,11.23,17.11,3.62,13.97,19.18,7.5,1.63,5.390000000000001,20.47,5.1499999999999995,13.31,,10.33,8.41,14.229999999999999,10.06,9.11,0.66,25.97,2.2300000000000004,,7.289999999999999,17.5,8.389999999999999,4.5200000000000005,20.63,8.61,2.7500000000000004,4.95,4.97,9.8,28.509999999999998,8.17,22.909999999999997,5.6000000000000005,11.25,6.26,28.29,33.910000000000004,4.42,0.79,71.38,5.63,,,7.5,9.09,1.8499999999999999,25.11,11.82,19.009999999999998,13.02,3.6899999999999995,11.22,8.61,7.37,4.7
2022-02-10,4.49,12.680000000000001,5.21,11.23,17.11,3.62,13.97,19.18,7.5,1.63,5.390000000000001,20.47,5.1499999999999995,13.31,,10.33,8.41,14.229999999999999,10.06,9.11,0.66,25.97,2.2300000000000004,,7.289999999999999,17.5,8.389999999999999,4.5200000000000005,20.63,8.61,2.7500000000000004,4.95,4.97,9.8,28.509999999999998,8.17,22.909999999999997,5.6000000000000005,11.25,6.26,28.29,33.910000000000004,4.42,0.79,71.38,5.63,,,7.5,9.09,1.8499999999999999,25.11,11.82,19.009999999999998,13.02,3.6899999999999995,11.22,8.61,7.37,4.7
2022-02-11,4.49,12.680000000000001,5.21,11.23,17.11,3.62,13.97,19.18,7.5,1.63,5.390000000000001,20.47,5.1499999999999995,13.31,,10.33,8.41,14.229999999999999,10.06,9.11,0.66,25.97,2.2300000000000004,,7.289999999999999,17.5,8.389999999999999,4.5200000000000005,20.63,8.61,2.7500000000000004,4.95,4.97,9.8,28.509999999999998,8.17,22.909999999999997,5.6000000000000005,11.25,6.26,28.29,33.910000000000004,4.42,0.79,71.38,5.63,,,7.5,9.09,1.8499999999999999,25.11,11.82,19.009999999999998,13.02,3.6899999999999995,11.22,8.61,7.37,4.7
2022-02-14,4.49,12.680000000000001,5.21,11.23,17.11,3.62,13.97,19.18,7.5,1.63,5.390000000000001,20.47,5.1499999999999995,13.31,,10.33,8.41,14.229999999999999,10.06,9.11,0.66,25.97,2.2300000000000004,,7.289999999999999,17.5,8.389999999999999,4.5200000000000005,20.63,8.61,2.7500000000000004,4.95,4.97,9.8,28.509999999999998,8.17,22.909999999999997,5.6000000000000005,11.25,6.26,28.29,33.910000000000004,4.42,0.79,71.38,5.63,,,7.5,9.09,1.8499999999999999,25.11,11.82,19.009999999999998,13.02,3.6899999999999995,11.22,8.61,7.37,4.7
2022-02-15,4.49,12.680000000000001,5.21,11.23,17.11,3.62,13.97,19.18,7.5,1.63,5.390000000000001,20.47,5.1499999999999995,13.31,,10.33,8.41,14.229999999999999,10.06,9.11,0.66,25.97,2.2300000000000004,,7.289999999999999,17.5,8.389999999999999,4.5200000000000005,20.63,8.61,2.7500000000000004,4.95,4.97,9.8,28.509999999999998,8.17,22.909999999999997,5.6000000000000005,11.25,6.26,28.29,33.910000000000004,4.42,0.79,71.38,5.63,,,7.5,9.09,1.8499999999999999,25.11,11.82,19.009999999999998,13.02,3.6899999999999995,11.22,8.61,7.37,4.7
2022-02-16,4.49,12.680000000000001,5.21,11.23,17.11,3.62,13.97,19.18,7.5,1.63,5.390000000000001,20.47,5.1499999999999995,13.31,,10.33,8.41,14.229999999999999,10.06,9.11,0.66,25.97,2.2300000000000004,,7.289999999999999,17.5,8.389999999999999,4.5200000000000005,20.63,8.61,2.7500000000000004,4.95,4.97,9.8,28.509999999999998,8.17,22.909999999999997,5.6000000000000005,11.25,6.26,28.29,33.910000000000004,4.42,0.79,71.38,5.63,,,7.5,9.09,1.8499999999999999,25.11,11.82,19.009999999999998,13.02,3.6899999999999995,11.22,8.61,7.37,4.7
2022-02-17,4.49,12.680000000000001,5.21,11.23,17.11,3.62,13.97,19.18,7.5,1.63,5.390000000000001,20.47,5.1499999999999995,13.31,,10.33,8.41,14.229999999999999,10.06,9.11,0.66,25.97,2.2300000000000004,,7.289999999999999,17.5,8.389999999999999,4.5200000000000005,20.63,8.61,2.7500000000000004,4.95,4.97,9.8,28.509999999999998,8.17,22.909999999999997,5.6000000000000005,11.25,6.26,28.29,33.910000000000004,4.42,0.79,71.38,5.63,,,7.5,9.09,1.8499999999999999,25.11,11.82,19.009999999999998,13.02,3.6899999999999995,11.22,8.61,7.37,4.7
2022-02-18,4.49,12.680000000000001,5.21,11.23,17.11,3.62,13.97,19.18,7.5,1.63,5.390000000000001,20.47,5.1499999999999995,13.31,,10.33,8.41,14.229999999999999,10.06,9.11,0.66,25.97,2.2300000000000004,,7.289999999999999,17.5,8.389999999999999,4.5200000000000005,20.63,8.61,2.7500000000000004,4.95,4.97,9.8,28.509999999999998,8.17,22.909999999999997,5.6000000000000005,11.25,6.26,28.29,33.910000000000004,4.42,0.79,71.38,5.63,,,7.5,9.09,1.8499999999999999,25.11,11.82,19.009999999999998,13.02,3.6899999999999995,11.22,8.61,7.37,4.7
2022-02-22,4.49,12.680000000000001,5.21,11.23,17.11,3.62,13.97,19.18,7.5,1.63,5.390000000000001,20.47,5.1499999999999995,13.31,,10.33,8.41,14.229999999999999,10.06,9.11,0.66,25.97,2.2300000000000004,,7.289999999999999,17.5,8.389999999999999,4.5200000000000005,20.63,8.61,2.7500000000000004,4.95,4.97,9.8,28.509999999999998,8.17,22.909999999999997,5.6000000000000005,11.25,6.26,28.29,33.910000000000004,4.42,0.79,71.38,5.63,,,7.5,9.09,1.8499999999999999,25.11,11.82,19.009999999999998,13.02,3.6899999999999995,11.22,8.61,7.37,4.7
2022-02-23,4.49,12.680000000000001,5.21,11.23,17.11,3.62,13.97,19.18,7.5,1.63,5.390000000000001,20.47,5.1499999999999995,13.31,,10.33,8.41,14.229999999999999,10.06,9.11,0.66,25.97,2.2300000000000004,,7.289999999999999,17.5,8.389999999999999,4.5200000000000005,20.63,8.61,2.7500000000000004,4.95,4.97,9.8,28.509999999999998,8.17,22.909999999999997,5.6000000000000005,11.25,6.26,28.29,33.910000000000004,4.42,0.79,71.38,5.63,,,7.5,9.09,1.8499999999999999,25.11,11.82,19.009999999999998,13.02,3.6899999999999995,11.22,8.61,7.37,4.7
2022-02-24,4.49,12.680000000000001,5.21,11.23,17.11,3.62,13.97,19.18,7.5,1.63,5.390000000000001,20.47,5.1499999999999995,13.31,,10.33,8.41,14.229999999999999,10.06,9.11,0.66,25.97,2.2300000000000004,,7.289999999999999,17.5,8.389999999999999,4.5200000000000005,20.63,8.61,2.7500000000000004,4.95,4.97,9.8,28.509999999999998,8.17,22.909999999999997,5.6000000000000005,11.25,6.26,28.29,33.910000000000004,4.42,0.79,71.38,5.63,,,7.5,9.09,1.8499999999999999,25.11,11.82,19.009999999999998,13.02,3.6899999999999995,11.22,8.61,7.37,4.7
2022-02-25,4.49,12.680000000000001,5.21,11.23,17.11,3.62,13.97,19.18,7.5,1.63,5.390000000000001,20.47,5.1499999999999995,13.31,,10.33,8.41,14.229999999999999,10.06,9.11,0.66,25.97,2.2300000000000004,,7.289999999999999,17.5,8.389999999999999,4.5200000000000005,20.63,8.61,2.7500000000000004,4.95,4.97,9.8,28.509999999999998,8.17,22.909999999999997,5.6000000000000005,11.25,6.26,28.29,33.910000000000004,4.42,0.79,71.38,5.63,,,7.5,9.09,1.8499999999999999,25.11,11.82,19.009999999999998,13.02,3.6899999999999995,11.22,8.61,7.37,4.7
2022-02-28,4.49,12.680000000000001,5.21,11.23,17.11,3.62,13.97,19.18,7.5,1.63,5.390000000000001,20.47,5.1499999999999995,13.31,,10.33,8.41,14.229999999999999,10.06,9.11,0.66,25.97,2.2300000000000004,,7.289999999999999,17.5,8.389999999999999,4.5200000000000005,20.63,8.61,2.7500000000000004,4.95,4.97,9.8,28.509999999999998,8.17,22.909999999999997,5.6000000000000005,11.25,6.26,28.29,33.910000000000004,4.42,0.79,71.38,5.63,,,7.5,9.09,1.8499999999999999,25.11,11.82,19.009999999999998,13.02,3.6899999999999995,11.22,8.61,7.37,4.7
2022-03-01,4.49,12.680000000000001,5.21,11.23,17.11,3.62,13.97,19.18,7.5,1.63,5.390000000000001,20.47,5.1499999999999995,13.31,,10.33,8.41,14.229999999999999,10.06,9.11,0.66,25.97,2.2300000000000004,,7.289999999999999,17.5,8.389999999999999,4.5200000000000005,20.63,8.61,2.7500000000000004,4.95,4.97,9.8,28.509999999999998,8.17,22.909999999999997,5.6000000000000005,11.25,6.26,28.29,33.910000000000004,4.42,0.79,71.38,5.63,,,7.5,9.09,1.8499999999999999,25.11,11.82,19.009999999999998,13.02,3.6899999999999995,11.22,8.61,7.37,4.7
2022-03-02,4.49,12.680000000000001,5.21,11.23,17.11,3.62,13.97,19.18,7.5,1.63,5.390000000000001,20.47,5.1499999999999995,13.31,,10.33,8.41,14.229999999999999,10.06,9.11,0.66,25.97,2.2300000000000004,,7.289999999999999,17.5,8.389999999999999,4.5200000000000005,20.63,8.61,2.7500000000000004,4.95,4.97,9.8,28.509999999999998,8.17,22.909999999999997,5.6000000000000005,11.25,6.26,28.29,33.910000000000004,4.42,0.79,71.38,5.63,,,7.5,9.09,1.8499999999999999,25.11,11.82,19.009999999999998,13.02,3.6899999999999995,11.22,8.61,7.37,4.7
2022-03-03,4.49,12.680000000000001,5.21,11.23,17.11,3.62,13.97,19.18,7.5,1.63,5.390000000000001,20.47,5.1499999999999995,13.31,,10.33,8.41,14.229999999999999,10.06,9.11,0.66,25.97,2.2300000000000004,,7.289999999999999,17.5,8.389999999999999,4.5200000000000005,20.63,8.61,2.7500000000000004,4.95,4.97,9.8,28.509999999999998,8.17,22.909999999999997,5.6000000000000005,11.25,6.26,28.29,33.910000000000004,4.42,0.79,71.38,5.63,,,7.5,9.09,1.8499999999999999,25.11,11.82,19.009999999999998,13.02,3.6899999999999995,11.22,8.61,7.37,4.7
2022-03-04,4.49,12.680000000000001,5.21,11.23,17.11,3.62,13.97,19.18,7.5,1.63,5.390000000000001,20.47,5.1499999999999995,13.31,,10.33,8.41,14.229999999999999,10.06,9.11,0.66,25.97,2.2300000000000004,,7.289999999999999,17.5,8.389999999999999,4.5200000000000005,20.63,8.61,2.7500000000000004,4.95,4.97,9.8,28.509999999999998,8.17,22.909999999999997,5.6000000000000005,11.25,6.26,28.29,33.910000000000004,4.42,0.79,71.38,5.63,,,7.5,9.09,1.8499999999999999,25.11,11.82,19.009999999999998,13.02,3.6899999999999995,11.22,8.61,7.37,4.7
2022-03-07,4.49,12.680000000000001,5.21,11.23,17.11,3.62,13.97,19.18,7.5,1.63,5.390000000000001,20.47,5.1499999999999995,13.31,,10.33,8.41,14.229999999999999,10.06,9.11,0.66,25.97,2.2300000000000004,,7.289999999999999,17.5,8.389999999999999,4.5200000000000005,20.63,8.61,2.7500000000000004,4.95,4.97,9.8,28.509999999999998,8.17,22.909999999999997,5.6000000000000005,11.25,6.26,28.29,33.910000000000004,4.42,0.79,71.38,5.63,,,7.5,9.09,1.8499999999999999,25.11,11.82,19.009999999999998,13.02,3.6899999999999995,11.22,8.61,7.37,4.7
2022-03-08,4.49,12.680000000000001,5.21,11.23,17.11,3.62,13.97,19.18,7.5,1.63,5.390000000000001,20.47,5.1499999999999995,13.31,,10.33,8.41,14.229999999999999,10.06,9.11,0.66,25.97,2.2300000000000004,,7.289999999999999,17.5,8.389999999999999,4.5200000000000005,20.63,8.61,2.7500000000000004,4.95,4.97,9.8,28.509999999999998,8.17,22.909999999999997,5.6000000000000005,11.25,6.26,28.29,33.910000000000004,4.42,0.79,71.38,5.63,,,7.5,9.09,1.8499999999999999,25.11,11.82,19.009999999999998,13.02,3.6899999999999995,11.22,8.61,7.37,4.7
2022-03-09,4.49,12.680000000000001,5.21,11.23,17.11,3.62,13.97,19.18,7.5,1.63,5.390000000000001,20.47,5.1499999999999995,13.31,,10.33,8.41,14.229999999999999,10.06,9.11,0.66,25.97,2.2300000000000004,,7.289999999999999,17.5,8.389999999999999,4.5200000000000005,20.63,8.61,2.7500000000000004,4.95,4.97,9.8,28.509999999999998,8.17,22.909999999999997,5.6000000000000005,11.25,6.26,28.29,33.910000000000004,4.42,0.79,71.38,5.63,,,7.5,9.09,1.8499999999999999,25.11,11.82,19.009999999999998,13.02,3.6899999999999995,11.22,8.61,7.37,4.7
2022-03-10,4.49,12.680000000000001,5.21,11.23,17.11,3.62,13.97,19.18,7.5,1.63,5.390000000000001,20.47,5.1499999999999995,13.31,,10.33,8.41,14.229999999999999,10.06,9.11,0.66,25.97,2.2300000000000004,,7.289999999999999,17.5,8.389999999999999,4.5200000000000005,20.63,8.61,2.7500000000000004,4.95,4.97,9.8,28.509999999999998,8.17,22.909999999999997,5.6000000000000005,11.25,6.26,28.29,33.910000000000004,4.42,0.79,71.38,5.63,,,7.5,9.09,1.8499999999999999,25.11,11.82,19.009999999999998,13.02,3.6899999999999995,11.22,8.61,7.37,4.7
2022-03-11,4.49,12.680000000000001,5.21,11.23,17.11,3.62,13.97,19.18,7.5,1.63,5.390000000000001,20.47,5.1499999999999995,13.31,,10.33,8.41,14.229999999999999,10.06,9.11,0.66,25.97,2.2300000000000004,,7.289999999999999,17.5,8.389999999999999,4.5200000000000005,20.63,8.61,2.7500000000000004,4.95,4.97,9.8,28.509999999999998,8.17,22.909999999999997,5.6000000000000005,11.25,6.26,28.29,33.910000000000004,4.42,0.79,71.38,5.63,,,7.5,9.09,1.8499999999999999,25.11,11.82,19.009999999999998,13.02,3.6899999999999995,11.22,8.61,7.37,4.7
2022-03-14,4.49,12.680000000000001,5.21,11.23,17.11,3.62,13.97,19.18,7.5,1.63,5.390000000000001,20.47,5.1499999999999995,13.31,,10.33,8.41,14.229999999999999,10.06,9.11,0.66,25.97,2.2300000000000004,,7.289999999999999,17.5,8.389999999999999,4.5200000000000005,20.63,8.61,2.7500000000000004,4.95,4.97,9.8,28.509999999999998,8.17,22.909999999999997,5.6000000000000005,11.25,6.26,28.29,33.910000000000004,4.42,0.79,71.38,5.63,,,7.5,9.09,1.8499999999999999,25.11,11.82,19.009999999999998,13.02,3.6899999999999995,11.22,8.61,7.37,4.7
2022-03-15,4.49,12.680000000000001,5.21,11.23,17.11,3.62,13.97,19.18,7.5,1.63,5.390000000000001,20.47,5.1499999999999995,13.31,,10.33,8.41,14.229999999999999,10.06,9.11,0.66,25.97,2.2300000000000004,,7.289999999999999,17.5,8.389999999999999,4.5200000000000005,20.63,8.61,2.7500000000000004,4.95,4.97,9.8,28.509999999999998,8.17,22.909999999999997,5.6000000000000005,11.25,6.26,28.29,33.910000000000004,4.42,0.79,71.38,5.63,,,7.5,9.09,1.8499999999999999,25.11,11.82,19.009999999999998,13.02,3.6899999999999995,11.22,8.61,7.37,4.7
2022-03-16,4.49,12.680000000000001,5.21,11.23,17.11,3.62,13.97,19.18,7.5,1.63,5.390000000000001,20.47,5.1499999999999995,13.31,,10.33,8.41,14.229999999999999,10.06,9.11,0.66,25.97,2.2300000000000004,,7.289999999999999,17.5,8.389999999999999,4.5200000000000005,20.63,8.61,2.7500000000000004,4.95,4.97,9.8,28.509999999999998,8.17,22.909999999999997,5.6000000000000005,11.25,6.26,28.29,33.910000000000004,4.42,0.79,71.38,5.63,,,7.5,9.09,1.8499999999999999,25.11,11.82,19.009999999999998,13.02,3.6899999999999995,11.22,8.61,7.37,4.7
2022-03-17,4.49,12.680000000000001,5.21,11.23,17.11,3.62,13.97,19.18,7.5,1.63,5.390000000000001,20.47,5.1499999999999995,13.31,,10.33,8.41,14.229999999999999,10.06,9.11,0.66,25.97,2.2300000000000004,,7.289999999999999,17.5,8.389999999999999,4.5200000000000005,20.63,8.61,2.7500000000000004,4.95,4.97,9.8,28.509999999999998,8.17,22.909999999999997,5.6000000000000005,11.25,6.26,28.29,33.910000000000004,4.42,0.79,71.38,5.63,,,7.5,9.09,1.8499999999999999,25.11,11.82,19.009999999999998,13.02,3.6899999999999995,11.22,8.61,7.37,4.7
2022-03-18,4.49,12.680000000000001,5.21,11.23,17.11,3.62,13.97,19.18,7.5,1.63,5.390000000000001,20.47,5.1499999999999995,13.31,,10.33,8.41,14.229999999999999,10.06,9.11,0.66,25.97,2.2300000000000004,,7.289999999999999,17.5,8.389999999999999,4.5200000000000005,20.63,8.61,2.7500000000000004,4.95,4.97,9.8,28.509999999999998,8.17,22.909999999999997,5.6000000000000005,11.25,6.26,28.29,33.910000000000004,4.42,0.79,71.38,5.63,,,7.5,9.09,1.8499999999999999,25.11,11.82,19.009999999999998,13.02,3.6899999999999995,11.22,8.61,7.37,4.7
2022-03-21,4.49,12.680000000000001,5.21,11.23,17.11,3.62,13.97,19.18,7.5,1.63,5.390000000000001,20.47,5.1499999999999995,13.31,,10.33,8.41,14.229999999999999,10.06,9.11,0.66,25.97,2.2300000000000004,,7.289999999999999,17.5,8.389999999999999,4.5200000000000005,20.63,8.61,2.7500000000000004,4.95,4.97,9.8,28.509999999999998,8.17,22.909999999999997,5.6000000000000005,11.25,6.26,28.29,33.910000000000004,4.42,0.79,71.38,5.63,,,7.5,9.09,1.8499999999999999,25.11,11.82,19.009999999999998,13.02,3.6899999999999995,11.22,8.61,7.37,4.7
2022-03-22,4.49,12.680000000000001,5.21,11.23,17.11,3.62,13.97,19.18,7.5,1.63,5.390000000000001,20.47,5.1499999999999995,13.31,,10.33,8.41,14.229999999999999,10.06,9.11,0.66,25.97,2.2300000000000004,,7.289999999999999,17.5,8.389999999999999,4.5200000000000005,20.63,8.61,2.7500000000000004,4.95,4.97,9.8,28.509999999999998,8.17,22.909999999999997,5.6000000000000005,11.25,6.26,28.29,33.910000000000004,4.42,0.79,71.38,5.63,,,7.5,9.09,1.8499999999999999,25.11,11.82,19.009999999999998,13.02,3.6899999999999995,11.22,8.61,7.37,4.7
2022-03-23,4.49,12.680000000000001,5.21,11.23,17.11,3.62,13.97,19.18,7.5,1.63,5.390000000000001,20.47,5.1499999999999995,13.31,,10.33,8.41,14.229999999999999,10.06,9.11,0.66,25.97,2.2300000000000004,,7.289999999999999,17.5,8.389999999999999,4.5200000000000005,20.63,8.61,2.7500000000000004,4.95,4.97,9.8,28.509999999999998,8.17,22.909999999999997,5.6000000000000005,11.25,6.26,28.29,33.910000000000004,4.42,0.79,71.38,5.63,,,7.5,9.09,1.8499999999999999,25.11,11.82,19.009999999999998,13.02,3.6899999999999995,11.22,8.61,7.37,4.7
2022-03-24,4.49,12.680000000000001,5.21,11.23,17.11,3.62,13.97,19.18,7.5,1.63,5.390000000000001,20.47,5.1499999999999995,13.31,,10.33,8.41,14.229999999999999,10.06,9.11,0.66,25.97,2.2300000000000004,,7.289999999999999,17.5,8.389999999999999,4.5200000000000005,20.63,8.61,2.7500000000000004,4.95,4.97,9.8,28.509999999999998,8.17,22.909999999999997,5.6000000000000005,11.25,6.26,28.29,33.910000000000004,4.42,0.79,71.38,5.63,,,7.5,9.09,1.8499999999999999,25.11,11.82,19.009999999999998,13.02,3.6899999999999995,11.22,8.61,7.37,4.7
2022-03-25,4.49,12.680000000000001,5.21,11.23,17.11,3.62,13.97,19.18,7.5,1.63,5.390000000000001,20.47,5.1499999999999995,13.31,,10.33,8.41,14.229999999999999,10.06,9.11,0.66,25.97,2.2300000000000004,,7.289999999999999,17.5,8.389999999999999,4.5200000000000005,20.63,8.61,2.7500000000000004,4.95,4.97,9.8,28.509999999999998,8.17,22.909999999999997,5.6000000000000005,11.25,6.26,28.29,33.910000000000004,4.42,0.79,71.38,5.63,,,7.5,9.09,1.8499999999999999,25.11,11.82,19.009999999999998,13.02,3.6899999999999995,11.22,8.61,7.37,4.7
2022-03-28,4.49,12.680000000000001,5.21,11.23,17.11,3.62,13.97,19.18,7.5,1.63,5.390000000000001,20.47,5.1499999999999995,13.31,,10.33,8.41,14.229999999999999,10.06,9.11,0.66,25.97,2.2300000000000004,,7.289999999999999,17.5,8.389999999999999,4.5200000000000005,20.63,8.61,2.7500000000000004,4.95,4.97,9.8,28.509999999999998,8.17,22.909999999999997,5.6000000000000005,11.25,6.26,28.29,33.910000000000004,4.42,0.79,71.38,5.63,,,7.5,9.09,1.8499999999999999,25.11,11.82,19.009999999999998,13.02,3.6899999999999995,11.22,8.61,7.37,4.7
2022-03-29,4.49,12.680000000000001,5.21,11.23,17.11,3.62,13.97,19.18,7.5,1.63,5.390000000000001,20.47,5.1499999999999995,13.31,,10.33,8.41,14.229999999999999,10.06,9.11,0.66,25.97,2.2300000000000004,,7.289999999999999,17.5,8.389999999999999,4.5200000000000005,20.63,8.61,2.7500000000000004,4.95,4.97,9.8,28.509999999999998,8.17,22.909999999999997,5.6000000000000005,11.25,6.26,28.29,33.910000000000004,4.42,0.79,71.38,5.63,,,7.5,9.09,1.8499999999999999,25.11,11.82,19.009999999999998,13.02,3.6899999999999995,11.22,8.61,7.37,4.7
2022-03-30,4.49,12.680000000000001,5.21,11.23,17.11,3.62,13.97,19.18,7.5,1.63,5.390000000000001,20.47,5.1499999999999995,13.31,,10.33,8.41,14.229999999999999,10.06,9.11,0.66,25.97,2.2300000000000004,,7.289999999999999,17.5,8.389999999999999,4.5200000000000005,20.63,8.61,2.7500000000000004,4.95,4.97,9.8,28.509999999999998,8.17,22.909999999999997,5.6000000000000005,11.25,6.26,28.29,33.910000000000004,4.42,0.79,71.38,5.63,,,7.5,9.09,1.8499999999999999,25.11,11.82,19.009999999999998,13.02,3.6899999999999995,11.22,8.61,7.37,4.7
2022-03-31,4.49,12.97,5.619999999999999,10.870000000000001,17.66,3.7900000000000005,12.6,18.22,7.82,1.65,5.31,21.75,5.35,13.31,,10.55,8.59,13.690000000000001,10.299999999999999,8.629999999999999,0.66,27.21,2.29,,7.329999999999999,17.48,8.389999999999999,4.58,21.0,8.53,2.63,9.32,4.93,9.879999999999999,25.83,9.07,23.689999999999998,5.6000000000000005,14.01,7.0,34.03,35.22,5.16,1.23,70.42,5.65,,,7.91,9.13,1.94,25.15,11.53,19.189999999999998,13.559999999999999,3.7,11.73,8.86,7.2700000000000005,4.76
2022-04-01,4.49,12.97,5.619999999999999,10.870000000000001,17.66,3.7900000000000005,12.6,18.22,7.82,1.65,5.31,21.75,5.35,13.31,,10.55,8.59,13.690000000000001,10.299999999999999,8.629999999999999,0.66,27.21,2.29,,7.329999999999999,17.48,8.389999999999999,4.58,21.0,8.53,2.63,9.32,4.93,9.879999999999999,25.83,9.07,23.689999999999998,5.6000000000000005,14.01,7.0,34.03,35.22,5.16,1.23,70.42,5.65,,,7.91,9.13,1.94,25.15,11.53,19.189999999999998,13.559999999999999,3.7,11.73,8.86,7.2700000000000005,4.76
2022-04-04,4.49,12.97,5.619999999999999,10.870000000000001,17.66,3.7900000000000005,12.6,18.22,7.82,1.65,5.31,21.75,5.35,13.31,,10.55,8.59,13.690000000000001,10.299999999999999,8.629999999999999,0.66,27.21,2.29,,7.329999999999999,17.48,8.389999999999999,4.58,21.0,8.53,2.63,9.32,4.93,9.879999999999999,25.83,9.07,23.689999999999998,5.6000000000000005,14.01,7.0,34.03,35.22,5.16,1.23,70.42,5.65,,,7.91,9.13,1.94,25.15,11.53,19.189999999999998,13.559999999999999,3.7,11.73,8.86,7.2700000000000005,4.76
2022-04-05,4.49,12.97,5.619999999999999,10.870000000000001,17.66,3.7900000000000005,12.6,18.22,7.82,1.65,5.31,21.75,5.35,13.31,,10.55,8.59,13.690000000000001,10.299999999999999,8.629999999999999,0.66,27.21,2.29,,7.329999999999999,17.48,8.389999999999999,4.58,21.0,8.53,2.63,9.32,4.93,9.879999999999999,25.83,9.07,23.689999999999998,5.6000000000000005,14.01,7.0,34.03,35.22,5.16,1.23,70.42,5.65,,,7.91,9.13,1.94,25.15,11.53,19.189999999999998,13.559999999999999,3.7,11.73,8.86,7.2700000000000005,4.76
2022-04-06,4.49,12.97,5.619999999999999,10.870000000000001,17.66,3.7900000000000005,12.6,18.22,7.82,1.65,5.31,21.75,5.35,13.31,,10.55,8.59,13.690000000000001,10.299999999999999,8.629999999999999,0.66,27.21,2.29,,7.329999999999999,17.48,8.389999999999999,4.58,21.0,8.53,2.63,9.32,4.93,9.879999999999999,25.83,9.07,23.689999999999998,5.6000000000000005,14.01,7.0,34.03,35.22,5.16,1.23,70.42,5.65,,,7.91,9.13,1.94,25.15,11.53,19.189999999999998,13.559999999999999,3.7,11.73,8.86,7.2700000000000005,4.76
2022-04-07,4.49,12.97,5.619999999999999,10.870000000000001,17.66,3.7900000000000005,12.6,18.22,7.82,1.65,5.31,21.75,5.35,13.31,,10.55,8.59,13.690000000000001,10.299999999999999,8.629999999999999,0.66,27.21,2.29,,7.329999999999999,17.48,8.389999999999999,4.58,21.0,8.53,2.63,9.32,4.93,9.879999999999999,25.83,9.07,23.689999999999998,5.6000000000000005,14.01,7.0,34.03,35.22,5.16,1.23,70.42,5.65,,,7.91,9.13,1.94,25.15,11.53,19.189999999999998,13.559999999999999,3.7,11.73,8.86,7.2700000000000005,4.76
2022-04-08,4.49,12.97,5.619999999999999,10.870000000000001,17.66,3.7900000000000005,12.6,18.22,7.82,1.65,5.31,21.75,5.35,13.31,,10.55,8.59,13.690000000000001,10.299999999999999,8.629999999999999,0.66,27.21,2.29,,7.329999999999999,17.48,8.389999999999999,4.58,21.0,8.53,2.63,9.32,4.93,9.879999999999999,25.83,9.07,23.689999999999998,5.6000000000000005,14.01,7.0,34.03,35.22,5.16,1.23,70.42,5.65,,,7.91,9.13,1.94,25.15,11.53,19.189999999999998,13.559999999999999,3.7,11.73,8.86,7.2700000000000005,4.76
2022-04-11,4.49,12.97,5.619999999999999,10.870000000000001,17.66,3.7900000000000005,12.6,18.22,7.82,1.65,5.31,21.75,5.35,13.31,,10.55,8.59,13.690000000000001,10.299999999999999,8.629999999999999,0.66,27.21,2.29,,7.329999999999999,17.48,8.389999999999999,4.58,21.0,8.53,2.63,9.32,4.93,9.879999999999999,25.83,9.07,23.689999999999998,5.6000000000000005,14.01,7.0,34.03,35.22,5.16,1.23,70.42,5.65,,,7.91,9.13,1.94,25.15,11.53,19.189999999999998,13.559999999999999,3.7,11.73,8.86,7.2700000000000005,4.76
2022-04-12,4.49,12.97,5.619999999999999,10.870000000000001,17.66,3.7900000000000005,12.6,18.22,7.82,1.65,5.31,21.75,5.35,13.31,,10.55,8.59,13.690000000000001,10.299999999999999,8.629999999999999,0.66,27.21,2.29,,7.329999999999999,17.48,8.389999999999999,4.58,21.0,8.53,2.63,9.32,4.93,9.879999999999999,25.83,9.07,23.689999999999998,5.6000000000000005,14.01,7.0,34.03,35.22,5.16,1.23,70.42,5.65,,,7.91,9.13,1.94,25.15,11.53,19.189999999999998,13.559999999999999,3.7,11.73,8.86,7.2700000000000005,4.76
2022-04-13,4.49,12.97,5.619999999999999,10.870000000000001,17.66,3.7900000000000005,12.6,18.22,7.82,1.65,5.31,21.75,5.35,13.31,,10.55,8.59,13.690000000000001,10.299999999999999,8.629999999999999,0.66,27.21,2.29,,7.329999999999999,17.48,8.389999999999999,4.58,21.0,8.53,2.63,9.32,4.93,9.879999999999999,25.83,9.07,23.689999999999998,5.6000000000000005,14.01,7.0,34.03,35.22,5.16,1.23,70.42,5.65,,,7.91,9.13,1.94,25.15,11.53,19.189999999999998,13.559999999999999,3.7,11.73,8.86,7.2700000000000005,4.76
2022-04-14,4.49,12.97,5.619999999999999,10.870000000000001,17.66,3.7900000000000005,12.6,18.22,7.82,1.65,5.31,21.75,5.35,13.31,,10.55,8.59,13.690000000000001,10.299999999999999,8.629999999999999,0.66,27.21,2.29,,7.329999999999999,17.48,8.389999999999999,4.58,21.0,8.53,2.63,9.32,4.93,9.879999999999999,25.83,9.07,23.689999999999998,5.6000000000000005,14.01,7.0,34.03,35.22,5.16,1.23,70.42,5.65,,,7.91,9.13,1.94,25.15,11.53,19.189999999999998,13.559999999999999,3.7,11.73,8.86,7.2700000000000005,4.76
2022-04-18,4.49,12.97,5.619999999999999,10.870000000000001,17.66,3.7900000000000005,12.6,18.22,7.82,1.65,5.31,21.75,5.35,13.31,,10.55,8.59,13.690000000000001,10.299999999999999,8.629999999999999,0.66,27.21,2.29,,7.329999999999999,17.48,8.389999999999999,4.58,21.0,8.53,2.63,9.32,4.93,9.879999999999999,25.83,9.07,23.689999999999998,5.6000000000000005,14.01,7.0,34.03,35.22,5.16,1.23,70.42,5.65,,,7.91,9.13,1.94,25.15,11.53,19.189999999999998,13.559999999999999,3.7,11.73,8.86,7.2700000000000005,4.76
2022-04-19,4.49,12.97,5.619999999999999,10.870000000000001,17.66,3.7900000000000005,12.6,18.22,7.82,1.65,5.31,21.75,5.35,13.31,,10.55,8.59,13.690000000000001,10.299999999999999,8.629999999999999,0.66,27.21,2.29,,7.329999999999999,17.48,8.389999999999999,4.58,21.0,8.53,2.63,9.32,4.93,9.879999999999999,25.83,9.07,23.689999999999998,5.6000000000000005,14.01,7.0,34.03,35.22,5.16,1.23,70.42,5.65,,,7.91,9.13,1.94,25.15,11.53,19.189999999999998,13.559999999999999,3.7,11.73,8.86,7.2700000000000005,4.76
2022-04-20,4.49,12.97,5.619999999999999,10.870000000000001,17.66,3.7900000000000005,12.6,18.22,7.82,1.65,5.31,21.75,5.35,13.31,,10.55,8.59,13.690000000000001,10.299999999999999,8.629999999999999,0.66,27.21,2.29,,7.329999999999999,17.48,8.389999999999999,4.58,21.0,8.53,2.63,9.32,4.93,9.879999999999999,25.83,9.07,23.689999999999998,5.6000000000000005,14.01,7.0,34.03,35.22,5.16,1.23,70.42,5.65,,,7.91,9.13,1.94,25.15,11.53,19.189999999999998,13.559999999999999,3.7,11.73,8.86,7.2700000000000005,4.76
2022-04-21,4.49,12.97,5.619999999999999,10.870000000000001,17.66,3.7900000000000005,12.6,18.22,7.82,1.65,5.31,21.75,5.35,13.31,,10.55,8.59,13.690000000000001,10.299999999999999,8.629999999999999,0.66,27.21,2.29,,7.329999999999999,17.48,8.389999999999999,4.58,21.0,8.53,2.63,9.32,4.93,9.879999999999999,25.83,9.07,23.689999999999998,5.6000000000000005,14.01,7.0,34.03,35.22,5.16,1.23,70.42,5.65,,,7.91,9.13,1.94,25.15,11.53,19.189999999999998,13.559999999999999,3.7,11.73,8.86,7.2700000000000005,4.76
2022-04-22,4.49,12.97,5.619999999999999,10.870000000000001,17.66,3.7900000000000005,12.6,18.22,7.82,1.65,5.31,21.75,5.35,13.31,,10.55,8.59,13.690000000000001,10.299999999999999,8.629999999999999,0.66,27.21,2.29,,7.329999999999999,17.48,8.389999999999999,4.58,21.0,8.53,2.63,9.32,4.93,9.879999999999999,25.83,9.07,23.689999999999998,5.6000000000000005,14.01,7.0,34.03,35.22,5.16,1.23,70.42,5.65,,,7.91,9.13,1.94,25.15,11.53,19.189999999999998,13.559999999999999,3.7,11.73,8.86,7.2700000000000005,4.76
2022-04-25,4.49,12.97,5.619999999999999,10.870000000000001,17.66,3.7900000000000005,12.6,18.22,7.82,1.65,5.31,21.75,5.35,13.31,,10.55,8.59,13.690000000000001,10.299999999999999,8.629999999999999,0.66,27.21,2.29,,7.329999999999999,17.48,8.389999999999999,4.58,21.0,8.53,2.63,9.32,4.93,9.879999999999999,25.83,9.07,23.689999999999998,5.6000000000000005,14.01,7.0,34.03,35.22,5.16,1.23,70.42,5.65,,,7.91,9.13,1.94,25.15,11.53,19.189999999999998,13.559999999999999,3.7,11.73,8.86,7.2700000000000005,4.76
2022-04-26,4.49,12.97,5.619999999999999,10.870000000000001,17.66,3.7900000000000005,12.6,18.22,7.82,1.65,5.31,21.75,5.35,13.31,,10.55,8.59,13.690000000000001,10.299999999999999,8.629999999999999,0.66,27.21,2.29,,7.329999999999999,17.48,8.389999999999999,4.58,21.0,8.53,2.63,9.32,4.93,9.879999999999999,25.83,9.07,23.689999999999998,5.6000000000000005,14.01,7.0,34.03,35.22,5.16,1.23,70.42,5.65,,,7.91,9.13,1.94,25.15,11.53,19.189999999999998,13.559999999999999,3.7,11.73,8.86,7.2700000000000005,4.76
2022-04-27,4.49,12.97,5.619999999999999,10.870000000000001,17.66,3.7900000000000005,12.6,18.22,7.82,1.65,5.31,21.75,5.35,13.31,,10.55,8.59,13.690000000000001,10.299999999999999,8.629999999999999,0.66,27.21,2.29,,7.329999999999999,17.48,8.389999999999999,4.58,21.0,8.53,2.63,9.32,4.93,9.879999999999999,25.83,9.07,23.689999999999998,5.6000000000000005,14.01,7.0,34.03,35.22,5.16,1.23,70.42,5.65,,,7.91,9.13,1.94,25.15,11.53,19.189999999999998,13.559999999999999,3.7,11.73,8.86,7.2700000000000005,4.76
2022-04-28,4.49,12.97,5.619999999999999,10.870000000000001,17.66,3.7900000000000005,12.6,18.22,7.82,1.65,5.31,21.75,5.35,13.31,,10.55,8.59,13.690000000000001,10.299999999999999,8.629999999999999,0.66,27.21,2.29,,7.329999999999999,17.48,8.389999999999999,4.58,21.0,8.53,2.63,9.32,4.93,9.879999999999999,25.83,9.07,23.689999999999998,5.6000000000000005,14.01,7.0,34.03,35.22,5.16,1.23,70.42,5.65,,,7.91,9.13,1.94,25.15,11.53,19.189999999999998,13.559999999999999,3.7,11.73,8.86,7.2700000000000005,4.76
2022-04-29,4.49,12.97,5.619999999999999,10.870000000000001,17.66,3.7900000000000005,12.6,18.22,7.82,1.65,5.31,21.75,5.35,13.31,,10.55,8.59,13.690000000000001,10.299999999999999,8.629999999999999,0.66,27.21,2.29,,7.329999999999999,17.48,8.389999999999999,4.58,21.0,8.53,2.63,9.32,4.93,9.879999999999999,25.83,9.07,23.689999999999998,5.6000000000000005,14.01,7.0,34.03,35.22,5.16,1.23,70.42,5.65,,,7.91,9.13,1.94,25.15,11.53,19.189999999999998,13.559999999999999,3.7,11.73,8.86,7.2700000000000005,4.76
2022-05-02,4.65,12.97,5.619999999999999,10.870000000000001,17.66,3.7900000000000005,12.6,18.22,7.82,1.65,5.31,21.75,5.35,13.17,,10.55,8.59,13.690000000000001,10.299999999999999,8.629999999999999,0.66,27.21,2.29,,7.329999999999999,17.48,8.389999999999999,4.58,21.0,8.53,2.63,9.32,4.93,9.879999999999999,25.83,9.07,23.689999999999998,5.619999999999999,14.01,7.0,34.03,35.22,5.16,1.23,70.42,5.65,,,7.91,9.13,1.94,25.15,11.53,19.189999999999998,13.559999999999999,3.7,11.73,8.86,7.2700000000000005,4.76
2022-05-03,4.65,12.97,5.619999999999999,10.870000000000001,17.66,3.7900000000000005,12.6,18.22,7.82,1.65,5.31,21.75,5.35,13.17,,10.55,8.59,13.690000000000001,10.299999999999999,8.629999999999999,0.66,27.21,2.29,,7.329999999999999,17.48,8.389999999999999,4.58,21.0,8.53,2.63,9.32,4.93,9.879999999999999,25.83,9.07,23.689999999999998,5.619999999999999,14.01,7.0,34.03,35.22,5.16,1.23,70.42,5.65,,,7.91,9.13,1.94,25.15,11.53,19.189999999999998,13.559999999999999,3.7,11.73,8.86,7.2700000000000005,4.76
2022-05-04,4.65,12.97,5.619999999999999,10.870000000000001,17.66,3.7900000000000005,12.6,18.22,7.82,1.65,5.31,21.75,5.35,13.17,,10.55,8.59,13.690000000000001,10.299999999999999,8.629999999999999,0.66,27.21,2.29,,7.329999999999999,17.48,8.389999999999999,4.58,21.0,8.53,2.63,9.32,4.93,9.879999999999999,25.83,9.07,23.689999999999998,5.619999999999999,14.01,7.0,34.03,35.22,5.16,1.23,70.42,5.65,,,7.91,9.13,1.94,25.15,11.53,19.189999999999998,13.559999999999999,3.7,11.73,8.86,7.2700000000000005,4.76
2022-05-05,4.65,12.97,5.619999999999999,10.870000000000001,17.66,3.7900000000000005,12.6,18.22,7.82,1.65,5.31,21.75,5.35,13.17,,10.55,8.59,13.690000000000001,10.299999999999999,8.629999999999999,0.66,27.21,2.29,,7.329999999999999,17.48,8.389999999999999,4.58,21.0,8.53,2.63,9.32,4.93,9.879999999999999,25.83,9.07,23.689999999999998,5.619999999999999,14.01,7.0,34.03,35.22,5.16,1.23,70.42,5.65,,,7.91,9.13,1.94,25.15,11.53,19.189999999999998,13.559999999999999,3.7,11.73,8.86,7.2700000000000005,4.76
2022-05-06,4.65,12.97,5.619999999999999,10.870000000000001,17.66,3.7900000000000005,12.6,18.22,7.82,1.65,5.31,21.75,5.35,13.17,,10.55,8.59,13.690000000000001,10.299999999999999,8.629999999999999,0.66,27.21,2.29,,7.329999999999999,17.48,8.389999999999999,4.58,21.0,8.53,2.63,9.32,4.93,9.879999999999999,25.83,9.07,23.689999999999998,5.619999999999999,14.01,7.0,34.03,35.22,5.16,1.23,70.42,5.65,,,7.91,9.13,1.94,25.15,11.53,19.189999999999998,13.559999999999999,3.7,11.73,8.86,7.2700000000000005,4.76
2022-05-09,4.65,12.97,5.619999999999999,10.870000000000001,17.66,3.7900000000000005,12.6,18.22,7.82,1.65,5.31,21.75,5.35,13.17,,10.55,8.59,13.690000000000001,10.299999999999999,8.629999999999999,0.66,27.21,2.29,,7.329999999999999,17.48,8.389999999999999,4.58,21.0,8.53,2.63,9.32,4.93,9.879999999999999,25.83,9.07,23.689999999999998,5.619999999999999,14.01,7.0,34.03,35.22,5.16,1.23,70.42,5.65,,,7.91,9.13,1.94,25.15,11.53,19.189999999999998,13.559999999999999,3.7,11.73,8.86,7.2700000000000005,4.76
2022-05-10,4.65,12.97,5.619999999999999,10.870000000000001,17.66,3.7900000000000005,12.6,18.22,7.82,1.65,5.31,21.75,5.35,13.17,,10.55,8.59,13.690000000000001,10.299999999999999,8.629999999999999,0.66,27.21,2.29,,7.329999999999999,17.48,8.389999999999999,4.58,21.0,8.53,2.63,9.32,4.93,9.879999999999999,25.83,9.07,23.689999999999998,5.619999999999999,14.01,7.0,34.03,35.22,5.16,1.23,70.42,5.65,,,7.91,9.13,1.94,25.15,11.53,19.189999999999998,13.559999999999999,3.7,11.73,8.86,7.2700000000000005,4.76
2022-05-11,4.65,12.97,5.619999999999999,10.870000000000001,17.66,3.7900000000000005,12.6,18.22,7.82,1.65,5.31,21.75,5.35,13.17,,10.55,8.59,13.690000000000001,10.299999999999999,8.629999999999999,0.66,27.21,2.29,,7.329999999999999,17.48,8.389999999999999,4.58,21.0,8.53,2.63,9.32,4.93,9.879999999999999,25.83,9.07,23.689999999999998,5.619999999999999,14.01,7.0,34.03,35.22,5.16,1.23,70.42,5.65,,,7.91,9.13,1.94,25.15,11.53,19.189999999999998,13.559999999999999,3.7,11.73,8.86,7.2700000000000005,4.76
2022-05-12,4.65,12.97,5.619999999999999,10.870000000000001,17.66,3.7900000000000005,12.6,18.22,7.82,1.65,5.31,21.75,5.35,13.17,,10.55,8.59,13.690000000000001,10.299999999999999,8.629999999999999,0.66,27.21,2.29,,7.329999999999999,17.48,8.389999999999999,4.58,21.0,8.53,2.63,9.32,4.93,9.879999999999999,25.83,9.07,23.689999999999998,5.619999999999999,14.01,7.0,34.03,35.22,5.16,1.23,70.42,5.65,,,7.91,9.13,1.94,25.15,11.53,19.189999999999998,13.559999999999999,3.7,11.73,8.86,7.2700000000000005,4.76
2022-05-13,4.65,12.97,5.619999999999999,10.870000000000001,17.66,3.7900000000000005,12.6,18.22,7.82,1.65,5.31,21.75,5.35,13.17,,10.55,8.59,13.690000000000001,10.299999999999999,8.629999999999999,0.66,27.21,2.29,,7.329999999999999,17.48,8.389999999999999,4.58,21.0,8.53,2.63,9.32,4.93,9.879999999999999,25.83,9.07,23.689999999999998,5.619999999999999,14.01,7.0,34.03,35.22,5.16,1.23,70.42,5.65,,,7.91,9.13,1.94,25.15,11.53,19.189999999999998,13.559999999999999,3.7,11.73,8.86,7.2700000000000005,4.76
2022-05-16,4.65,12.97,5.619999999999999,10.870000000000001,17.66,3.7900000000000005,12.6,18.22,7.82,1.65,5.31,21.75,5.35,13.17,,10.55,8.59,13.690000000000001,10.299999999999999,8.629999999999999,0.66,27.21,2.29,,7.329999999999999,17.48,8.389999999999999,4.58,21.0,8.53,2.63,9.32,4.93,9.879999999999999,25.83,9.07,23.689999999999998,5.619999999999999,14.01,7.0,34.03,35.22,5.16,1.23,70.42,5.65,,,7.91,9.13,1.94,25.15,11.53,19.189999999999998,13.559999999999999,3.7,11.73,8.86,7.2700000000000005,4.76
2022-05-17,4.65,12.97,5.619999999999999,10.870000000000001,17.66,3.7900000000000005,12.6,18.22,7.82,1.65,5.31,21.75,5.35,13.17,,10.55,8.59,13.690000000000001,10.299999999999999,8.629999999999999,0.66,27.21,2.29,,7.329999999999999,17.48,8.389999999999999,4.58,21.0,8.53,2.63,9.32,4.93,9.879999999999999,25.83,9.07,23.689999999999998,5.619999999999999,14.01,7.0,34.03,35.22,5.16,1.23,70.42,5.65,,,7.91,9.13,1.94,25.15,11.53,19.189999999999998,13.559999999999999,3.7,11.73,8.86,7.2700000000000005,4.76
2022-05-18,4.65,12.97,5.619999999999999,10.870000000000001,17.66,3.7900000000000005,12.6,18.22,7.82,1.65,5.31,21.75,5.35,13.17,,10.55,8.59,13.690000000000001,10.299999999999999,8.629999999999999,0.66,27.21,2.29,,7.329999999999999,17.48,8.389999999999999,4.58,21.0,8.53,2.63,9.32,4.93,9.879999999999999,25.83,9.07,23.689999999999998,5.619999999999999,14.01,7.0,34.03,35.22,5.16,1.23,70.42,5.65,,,7.91,9.13,1.94,25.15,11.53,19.189999999999998,13.559999999999999,3.7,11.73,8.86,7.2700000000000005,4.76
2022-05-19,4.65,12.97,5.619999999999999,10.870000000000001,17.66,3.7900000000000005,12.6,18.22,7.82,1.65,5.31,21.75,5.35,13.17,,10.55,8.59,13.690000000000001,10.299999999999999,8.629999999999999,0.66,27.21,2.29,,7.329999999999999,17.48,8.389999999999999,4.58,21.0,8.53,2.63,9.32,4.93,9.879999999999999,25.83,9.07,23.689999999999998,5.619999999999999,14.01,7.0,34.03,35.22,5.16,1.23,70.42,5.65,,,7.91,9.13,1.94,25.15,11.53,19.189999999999998,13.559999999999999,3.7,11.73,8.86,7.2700000000000005,4.76
2022-05-20,4.65,12.97,5.619999999999999,10.870000000000001,17.66,3.7900000000000005,12.6,18.22,7.82,1.65,5.31,21.75,5.35,13.17,,10.55,8.59,13.690000000000001,10.299999999999999,8.629999999999999,0.66,27.21,2.29,,7.329999999999999,17.48,8.389999999999999,4.58,21.0,8.53,2.63,9.32,4.93,9.879999999999999,25.83,9.07,23.689999999999998,5.619999999999999,14.01,7.0,34.03,35.22,5.16,1.23,70.42,5.65,,,7.91,9.13,1.94,25.15,11.53,19.189999999999998,13.559999999999999,3.7,11.73,8.86,7.2700000000000005,4.76
2022-05-23,4.65,12.97,5.619999999999999,10.870000000000001,17.66,3.7900000000000005,12.6,18.22,7.82,1.65,5.31,21.75,5.35,13.17,,10.55,8.59,13.690000000000001,10.299999999999999,8.629999999999999,0.66,27.21,2.29,,7.329999999999999,17.48,8.389999999999999,4.58,21.0,8.53,2.63,9.32,4.93,9.879999999999999,25.83,9.07,23.689999999999998,5.619999999999999,14.01,7.0,34.03,35.22,5.16,1.23,70.42,5.65,,,7.91,9.13,1.94,25.15,11.53,19.189999999999998,13.559999999999999,3.7,11.73,8.86,7.2700000000000005,4.76
2022-05-24,4.65,12.97,5.619999999999999,10.870000000000001,17.66,3.7900000000000005,12.6,18.22,7.82,1.65,5.31,21.75,5.35,13.17,,10.55,8.59,13.690000000000001,10.299999999999999,8.629999999999999,0.66,27.21,2.29,,7.329999999999999,17.48,8.389999999999999,4.58,21.0,8.53,2.63,9.32,4.93,9.879999999999999,25.83,9.07,23.689999999999998,5.619999999999999,14.01,7.0,34.03,35.22,5.16,1.23,70.42,5.65,,,7.91,9.13,1.94,25.15,11.53,19.189999999999998,13.559999999999999,3.7,11.73,8.86,7.2700000000000005,4.76
2022-05-25,4.65,12.97,5.619999999999999,10.870000000000001,17.66,3.7900000000000005,12.6,18.22,7.82,1.65,5.31,21.75,5.35,13.17,,10.55,8.59,13.690000000000001,10.299999999999999,8.629999999999999,0.66,27.21,2.29,,7.329999999999999,17.48,8.389999999999999,4.58,21.0,8.53,2.63,9.32,4.93,9.879999999999999,25.83,9.07,23.689999999999998,5.619999999999999,14.01,7.0,34.03,35.22,5.16,1.23,70.42,5.65,,,7.91,9.13,1.94,25.15,11.53,19.189999999999998,13.559999999999999,3.7,11.73,8.86,7.2700000000000005,4.76
2022-05-26,4.65,12.97,5.619999999999999,10.870000000000001,17.66,3.7900000000000005,12.6,18.22,7.82,1.65,5.31,21.75,5.35,13.17,,10.55,8.59,13.690000000000001,10.299999999999999,8.629999999999999,0.66,27.21,2.29,,7.329999999999999,17.48,8.389999999999999,4.58,21.0,8.53,2.63,9.32,4.93,9.879999999999999,25.83,9.07,23.689999999999998,5.619999999999999,14.01,7.0,34.03,35.22,5.16,1.23,70.42,5.65,,,7.91,9.13,1.94,25.15,11.53,19.189999999999998,13.559999999999999,3.7,11.73,8.86,7.2700000000000005,4.76
2022-05-27,4.65,12.97,5.619999999999999,10.870000000000001,17.66,3.7900000000000005,12.6,18.22,7.82,1.65,5.31,21.75,5.35,13.17,,10.55,8.59,13.690000000000001,10.299999999999999,8.629999999999999,0.66,27.21,2.29,,7.329999999999999,17.48,8.389999999999999,4.58,21.0,8.53,2.63,9.32,4.93,9.879999999999999,25.83,9.07,23.689999999999998,5.619999999999999,14.01,7.0,34.03,35.22,5.16,1.23,70.42,5.65,,,7.91,9.13,1.94,25.15,11.53,19.189999999999998,13.559999999999999,3.7,11.73,8.86,7.2700000000000005,4.76
2022-05-31,4.65,12.97,5.619999999999999,10.870000000000001,17.66,3.7900000000000005,12.6,18.22,7.82,1.65,5.31,21.75,5.35,13.17,,10.55,8.59,13.690000000000001,10.299999999999999,8.629999999999999,0.66,27.21,2.29,,7.329999999999999,17.48,8.389999999999999,4.58,21.0,8.53,2.63,9.32,4.93,9.879999999999999,25.83,9.07,23.689999999999998,5.619999999999999,14.01,7.0,34.03,35.22,5.16,1.23,70.42,5.65,,,7.91,9.13,1.94,25.15,11.53,19.189999999999998,13.559999999999999,3.7,11.73,8.86,7.2700000000000005,4.76
2022-06-01,4.65,12.97,5.619999999999999,10.870000000000001,17.66,3.7900000000000005,12.6,18.22,7.82,1.65,5.31,21.75,5.35,13.17,,10.55,8.59,13.690000000000001,10.299999999999999,8.629999999999999,0.66,27.21,2.29,,7.329999999999999,17.48,8.389999999999999,4.58,21.0,8.53,2.63,9.32,4.93,9.879999999999999,25.83,9.07,23.689999999999998,5.619999999999999,14.01,7.0,34.03,35.22,5.16,1.23,70.42,5.65,,,7.91,9.13,1.94,25.15,11.53,19.189999999999998,13.559999999999999,3.7,11.73,8.86,7.2700000000000005,4.76
2022-06-02,4.65,12.97,5.619999999999999,10.870000000000001,17.66,3.7900000000000005,12.6,18.22,7.82,1.65,5.31,21.75,5.35,13.17,,10.55,8.59,13.690000000000001,10.299999999999999,8.629999999999999,0.66,27.21,2.29,,7.329999999999999,17.48,8.389999999999999,4.58,21.0,8.53,2.63,9.32,4.93,9.879999999999999,25.83,9.07,23.689999999999998,5.619999999999999,14.01,7.0,34.03,35.22,5.16,1.23,70.42,5.65,,,7.91,9.13,1.94,25.15,11.53,19.189999999999998,13.559999999999999,3.7,11.73,8.86,7.2700000000000005,4.76
2022-06-03,4.65,12.97,5.619999999999999,10.870000000000001,17.66,3.7900000000000005,12.6,18.22,7.82,1.65,5.31,21.75,5.35,13.17,,10.55,8.59,13.690000000000001,10.299999999999999,8.629999999999999,0.66,27.21,2.29,,7.329999999999999,17.48,8.389999999999999,4.58,21.0,8.53,2.63,9.32,4.93,9.879999999999999,25.83,9.07,23.689999999999998,5.619999999999999,14.01,7.0,34.03,35.22,5.16,1.23,70.42,5.65,,,7.91,9.13,1.94,25.15,11.53,19.189999999999998,13.559999999999999,3.7,11.73,8.86,7.2700000000000005,4.76
2022-06-06,4.65,12.97,5.619999999999999,10.870000000000001,17.66,3.7900000000000005,12.6,18.22,7.82,1.65,5.31,21.75,5.35,13.17,,10.55,8.59,13.690000000000001,10.299999999999999,8.629999999999999,0.66,27.21,2.29,,7.329999999999999,17.48,8.389999999999999,4.58,21.0,8.53,2.63,9.32,4.93,9.879999999999999,25.83,9.07,23.689999999999998,5.619999999999999,14.01,7.0,34.03,35.22,5.16,1.23,70.42,5.65,,,7.91,9.13,1.94,25.15,11.53,19.189999999999998,13.559999999999999,3.7,11.73,8.86,7.2700000000000005,4.76
2022-06-07,4.65,12.97,5.619999999999999,10.870000000000001,17.66,3.7900000000000005,12.6,18.22,7.82,1.65,5.31,21.75,5.35,13.17,,10.55,8.59,13.690000000000001,10.299999999999999,8.629999999999999,0.66,27.21,2.29,,7.329999999999999,17.48,8.389999999999999,4.58,21.0,8.53,2.63,9.32,4.93,9.879999999999999,25.83,9.07,23.689999999999998,5.619999999999999,14.01,7.0,34.03,35.22,5.16,1.23,70.42,5.65,,,7.91,9.13,1.94,25.15,11.53,19.189999999999998,13.559999999999999,3.7,11.73,8.86,7.2700000000000005,4.76
2022-06-08,4.65,12.97,5.619999999999999,10.870000000000001,17.66,3.7900000000000005,12.6,18.22,7.82,1.65,5.31,21.75,5.35,13.17,,10.55,8.59,13.690000000000001,10.299999999999999,8.629999999999999,0.66,27.21,2.29,,7.329999999999999,17.48,8.389999999999999,4.58,21.0,8.53,2.63,9.32,4.93,9.879999999999999,25.83,9.07,23.689999999999998,5.619999999999999,14.01,7.0,34.03,35.22,5.16,1.23,70.42,5.65,,,7.91,9.13,1.94,25.15,11.53,19.189999999999998,13.559999999999999,3.7,11.73,8.86,7.2700000000000005,4.76
2022-06-09,4.65,12.97,5.619999999999999,10.870000000000001,17.66,3.7900000000000005,12.6,18.22,7.82,1.65,5.31,21.75,5.35,13.17,,10.55,8.59,13.690000000000001,10.299999999999999,8.629999999999999,0.66,27.21,2.29,,7.329999999999999,17.48,8.389999999999999,4.58,21.0,8.53,2.63,9.32,4.93,9.879999999999999,25.83,9.07,23.689999999999998,5.619999999999999,14.01,7.0,34.03,35.22,5.16,1.23,70.42,5.65,,,7.91,9.13,1.94,25.15,11.53,19.189999999999998,13.559999999999999,3.7,11.73,8.86,7.2700000000000005,4.76
2022-06-10,4.65,12.97,5.619999999999999,10.870000000000001,17.66,3.7900000000000005,12.6,18.22,7.82,1.65,5.31,21.75,5.35,13.17,,10.55,8.59,13.690000000000001,10.299999999999999,8.629999999999999,0.66,27.21,2.29,,7.329999999999999,17.48,8.389999999999999,4.58,21.0,8.53,2.63,9.32,4.93,9.879999999999999,25.83,9.07,23.689999999999998,5.619999999999999,14.01,7.0,34.03,35.22,5.16,1.23,70.42,5.65,,,7.91,9.13,1.94,25.15,11.53,19.189999999999998,13.559999999999999,3.7,11.73,8.86,7.2700000000000005,4.76
2022-06-13,4.65,12.97,5.619999999999999,10.870000000000001,17.66,3.7900000000000005,12.6,18.22,7.82,1.65,5.31,21.75,5.35,13.17,,10.55,8.59,13.690000000000001,10.299999999999999,8.629999999999999,0.66,27.21,2.29,,7.329999999999999,17.48,8.389999999999999,4.58,21.0,8.53,2.63,9.32,4.93,9.879999999999999,25.83,9.07,23.689999999999998,5.619999999999999,14.01,7.0,34.03,35.22,5.16,1.23,70.42,5.65,,,7.91,9.13,1.94,25.15,11.53,19.189999999999998,13.559999999999999,3.7,11.73,8.86,7.2700000000000005,4.76
2022-06-14,4.65,12.97,5.619999999999999,10.870000000000001,17.66,3.7900000000000005,12.6,18.22,7.82,1.65,5.31,21.75,5.35,13.17,,10.55,8.59,13.690000000000001,10.299999999999999,8.629999999999999,0.66,27.21,2.29,,7.329999999999999,17.48,8.389999999999999,4.58,21.0,8.53,2.63,9.32,4.93,9.879999999999999,25.83,9.07,23.689999999999998,5.619999999999999,14.01,7.0,34.03,35.22,5.16,1.23,70.42,5.65,,,7.91,9.13,1.94,25.15,11.53,19.189999999999998,13.559999999999999,3.7,11.73,8.86,7.2700000000000005,4.76
2022-06-15,4.65,12.97,5.619999999999999,10.870000000000001,17.66,3.7900000000000005,12.6,18.22,7.82,1.65,5.31,21.75,5.35,13.17,,10.55,8.59,13.690000000000001,10.299999999999999,8.629999999999999,0.66,27.21,2.29,,7.329999999999999,17.48,8.389999999999999,4.58,21.0,8.53,2.63,9.32,4.93,9.879999999999999,25.83,9.07,23.689999999999998,5.619999999999999,14.01,7.0,34.03,35.22,5.16,1.23,70.42,5.65,,,7.91,9.13,1.94,25.15,11.53,19.189999999999998,13.559999999999999,3.7,11.73,8.86,7.2700000000000005,4.76
2022-06-16,4.65,12.97,5.619999999999999,10.870000000000001,17.66,3.7900000000000005,12.6,18.22,7.82,1.65,5.31,21.75,5.35,13.17,,10.55,8.59,13.690000000000001,10.299999999999999,8.629999999999999,0.66,27.21,2.29,,7.329999999999999,17.48,8.389999999999999,4.58,21.0,8.53,2.63,9.32,4.93,9.879999999999999,25.83,9.07,23.689999999999998,5.619999999999999,14.01,7.0,34.03,35.22,5.16,1.23,70.42,5.65,,,7.91,9.13,1.94,25.15,11.53,19.189999999999998,13.559999999999999,3.7,11.73,8.86,7.2700000000000005,4.76
2022-06-17,4.65,12.97,5.619999999999999,10.870000000000001,17.66,3.7900000000000005,12.6,18.22,7.82,1.65,5.31,21.75,5.35,13.17,,10.55,8.59,13.690000000000001,10.299999999999999,8.629999999999999,0.66,27.21,2.29,,7.329999999999999,17.48,8.389999999999999,4.58,21.0,8.53,2.63,9.32,4.93,9.879999999999999,25.83,9.07,23.689999999999998,5.619999999999999,14.01,7.0,34.03,35.22,5.16,1.23,70.42,5.65,,,7.91,9.13,1.94,25.15,11.53,19.189999999999998,13.559999999999999,3.7,11.73,8.86,7.2700000000000005,4.76
2022-06-21,4.65,12.97,5.619999999999999,10.870000000000001,17.66,3.7900000000000005,12.6,18.22,7.82,1.65,5.31,21.75,5.35,13.17,,10.55,8.59,13.690000000000001,10.299999999999999,8.629999999999999,0.66,27.21,2.29,,7.329999999999999,17.48,8.389999999999999,4.58,21.0,8.53,2.63,9.32,4.93,9.879999999999999,25.83,9.07,23.689999999999998,5.619999999999999,14.01,7.0,34.03,35.22,5.16,1.23,70.42,5.65,,,7.91,9.13,1.94,25.15,11.53,19.189999999999998,13.559999999999999,3.7,11.73,8.86,7.2700000000000005,4.76
2022-06-22,4.65,12.97,5.619999999999999,10.870000000000001,17.66,3.7900000000000005,12.6,18.22,7.82,1.65,5.31,21.75,5.35,13.17,,10.55,8.59,13.690000000000001,10.299999999999999,8.629999999999999,0.66,27.21,2.29,,7.329999999999999,17.48,8.389999999999999,4.58,21.0,8.53,2.63,9.32,4.93,9.879999999999999,25.83,9.07,23.689999999999998,5.619999999999999,14.01,7.0,34.03,35.22,5.16,1.23,70.42,5.65,,,7.91,9.13,1.94,25.15,11.53,19.189999999999998,13.559999999999999,3.7,11.73,8.86,7.2700000000000005,4.76
2022-06-23,4.65,12.97,5.619999999999999,10.870000000000001,17.66,3.7900000000000005,12.6,18.22,7.82,1.65,5.31,21.75,5.35,13.17,,10.55,8.59,13.690000000000001,10.299999999999999,8.629999999999999,0.66,27.21,2.29,,7.329999999999999,17.48,8.389999999999999,4.58,21.0,8.53,2.63,9.32,4.93,9.879999999999999,25.83,9.07,23.689999999999998,5.619999999999999,14.01,7.0,34.03,35.22,5.16,1.23,70.42,5.65,,,7.91,9.13,1.94,25.15,11.53,19.189999999999998,13.559999999999999,3.7,11.73,8.86,7.2700000000000005,4.76
2022-06-24,4.65,12.97,5.619999999999999,10.870000000000001,17.66,3.7900000000000005,12.6,18.22,7.82,1.65,5.31,21.75,5.35,13.17,,10.55,8.59,13.690000000000001,10.299999999999999,8.629999999999999,0.66,27.21,2.29,,7.329999999999999,17.48,8.389999999999999,4.58,21.0,8.53,2.63,9.32,4.93,9.879999999999999,25.83,9.07,23.689999999999998,5.619999999999999,14.01,7.0,34.03,35.22,5.16,1.23,70.42,5.65,,,7.91,9.13,1.94,25.15,11.53,19.189999999999998,13.559999999999999,3.7,11.73,8.86,7.2700000000000005,4.76
2022-06-27,4.65,12.97,5.619999999999999,10.870000000000001,17.66,3.7900000000000005,12.6,18.22,7.82,1.65,5.31,21.75,5.35,13.17,,10.55,8.59,13.690000000000001,10.299999999999999,8.629999999999999,0.66,27.21,2.29,,7.329999999999999,17.48,8.389999999999999,4.58,21.0,8.53,2.63,9.32,4.93,9.879999999999999,25.83,9.07,23.689999999999998,5.619999999999999,14.01,7.0,34.03,35.22,5.16,1.23,70.42,5.65,,,7.91,9.13,1.94,25.15,11.53,19.189999999999998,13.559999999999999,3.7,11.73,8.86,7.2700000000000005,4.76
2022-06-28,4.65,12.97,5.619999999999999,10.870000000000001,17.66,3.7900000000000005,12.6,18.22,7.82,1.65,5.31,21.75,5.35,13.17,,10.55,8.59,13.690000000000001,10.299999999999999,8.629999999999999,0.66,27.21,2.29,,7.329999999999999,17.48,8.389999999999999,4.58,21.0,8.53,2.63,9.32,4.93,9.879999999999999,25.83,9.07,23.689999999999998,5.619999999999999,14.01,7.0,34.03,35.22,5.16,1.23,70.42,5.65,,,7.91,9.13,1.94,25.15,11.53,19.189999999999998,13.559999999999999,3.7,11.73,8.86,7.2700000000000005,4.76
2022-06-29,4.65,12.97,5.619999999999999,10.870000000000001,17.66,3.7900000000000005,12.6,18.22,7.82,1.65,5.31,21.75,5.35,13.17,,10.55,8.59,13.690000000000001,10.299999999999999,8.629999999999999,0.66,27.21,2.29,,7.329999999999999,17.48,8.389999999999999,4.58,21.0,8.53,2.63,9.32,4.93,9.879999999999999,25.83,9.07,23.689999999999998,5.619999999999999,14.01,7.0,34.03,35.22,5.16,1.23,70.42,5.65,,,7.91,9.13,1.94,25.15,11.53,19.189999999999998,13.559999999999999,3.7,11.73,8.86,7.2700000000000005,4.76
2022-06-30,4.65,13.25,5.879999999999999,9.83,17.93,3.8600000000000003,12.16,17.79,7.82,1.69,5.06,22.729999999999997,5.869999999999999,13.17,,10.71,8.57,12.87,10.6,8.29,0.64,28.22,2.28,,7.04,17.32,6.48,4.63,22.78,7.75,2.84,9.629999999999999,4.76,9.99,24.65,8.45,23.96,5.619999999999999,15.16,7.56,32.81,36.510000000000005,6.13,0.5,54.39,5.79,,,8.05,9.129999999999999,1.98,25.060000000000002,9.969999999999999,20.060000000000002,14.049999999999999,3.6,11.879999999999999,8.87,7.19,4.7700000000000005
2022-07-01,4.65,13.25,5.879999999999999,9.83,17.93,3.8600000000000003,12.16,17.79,7.82,1.69,5.06,22.729999999999997,5.869999999999999,13.17,,10.71,8.57,12.87,10.6,8.29,0.64,28.22,2.28,,7.04,17.32,6.48,4.63,22.78,7.75,2.84,9.629999999999999,4.76,9.99,24.65,8.45,23.96,5.619999999999999,15.16,7.56,32.81,36.510000000000005,6.13,0.5,54.39,5.79,,,8.05,9.129999999999999,1.98,25.060000000000002,9.969999999999999,20.060000000000002,14.049999999999999,3.6,11.879999999999999,8.87,7.19,4.7700000000000005
2022-07-05,4.65,13.25,5.879999999999999,9.83,17.93,3.8600000000000003,12.16,17.79,7.82,1.69,5.06,22.729999999999997,5.869999999999999,13.17,,10.71,8.57,12.87,10.6,8.29,0.64,28.22,2.28,,7.04,17.32,6.48,4.63,22.78,7.75,2.84,9.629999999999999,4.76,9.99,24.65,8.45,23.96,5.619999999999999,15.16,7.56,32.81,36.510000000000005,6.13,0.5,54.39,5.79,,,8.05,9.129999999999999,1.98,25.060000000000002,9.969999999999999,20.060000000000002,14.049999999999999,3.6,11.879999999999999,8.87,7.19,4.7700000000000005
2022-07-06,4.65,13.25,5.879999999999999,9.83,17.93,3.8600000000000003,12.16,17.79,7.82,1.69,5.06,22.729999999999997,5.869999999999999,13.17,,10.71,8.57,12.87,10.6,8.29,0.64,28.22,2.28,,7.04,17.32,6.48,4.63,22.78,7.75,2.84,9.629999999999999,4.76,9.99,24.65,8.45,23.96,5.619999999999999,15.16,7.56,32.81,36.510000000000005,6.13,0.5,54.39,5.79,,,8.05,9.129999999999999,1.98,25.060000000000002,9.969999999999999,20.060000000000002,14.049999999999999,3.6,11.879999999999999,8.87,7.19,4.7700000000000005
2022-07-07,4.65,13.25,5.879999999999999,9.83,17.93,3.8600000000000003,12.16,17.79,7.82,1.69,5.06,22.729999999999997,5.869999999999999,13.17,,10.71,8.57,12.87,10.6,8.29,0.64,28.22,2.28,,7.04,17.32,6.48,4.63,22.78,7.75,2.84,9.629999999999999,4.76,9.99,24.65,8.45,23.96,5.619999999999999,15.16,7.56,32.81,36.510000000000005,6.13,0.5,54.39,5.79,,,8.05,9.129999999999999,1.98,25.060000000000002,9.969999999999999,20.060000000000002,14.049999999999999,3.6,11.879999999999999,8.87,7.19,4.7700000000000005
2022-07-08,4.65,13.25,5.879999999999999,9.83,17.93,3.8600000000000003,12.16,17.79,7.82,1.69,5.06,22.729999999999997,5.869999999999999,13.17,,10.71,8.57,12.87,10.6,8.29,0.64,28.22,2.28,,7.04,17.32,6.48,4.63,22.78,7.75,2.84,9.629999999999999,4.76,9.99,24.65,8.45,23.96,5.619999999999999,15.16,7.56,32.81,36.510000000000005,6.13,0.5,54.39,5.79,,,8.05,9.129999999999999,1.98,25.060000000000002,9.969999999999999,20.060000000000002,14.049999999999999,3.6,11.879999999999999,8.87,7.19,4.7700000000000005
2022-07-11,4.65,13.25,5.879999999999999,9.83,17.93,3.8600000000000003,12.16,17.79,7.82,1.69,5.06,22.729999999999997,5.869999999999999,13.17,,10.71,8.57,12.87,10.6,8.29,0.64,28.22,2.28,,7.04,17.32,6.48,4.63,22.78,7.75,2.84,9.629999999999999,4.76,9.99,24.65,8.45,23.96,5.619999999999999,15.16,7.56,32.81,36.510000000000005,6.13,0.5,54.39,5.79,,,8.05,9.129999999999999,1.98,25.060000000000002,9.969999999999999,20.060000000000002,14.049999999999999,3.6,11.879999999999999,8.87,7.19,4.7700000000000005
2022-07-12,4.65,13.25,5.879999999999999,9.83,17.93,3.8600000000000003,12.16,17.79,7.82,1.69,5.06,22.729999999999997,5.869999999999999,13.17,,10.71,8.57,12.87,10.6,8.29,0.64,28.22,2.28,,7.04,17.32,6.48,4.63,22.78,7.75,2.84,9.629999999999999,4.76,9.99,24.65,8.45,23.96,5.619999999999999,15.16,7.56,32.81,36.510000000000005,6.13,0.5,54.39,5.79,,,8.05,9.129999999999999,1.98,25.060000000000002,9.969999999999999,20.060000000000002,14.049999999999999,3.6,11.879999999999999,8.87,7.19,4.7700000000000005
2022-07-13,4.65,13.25,5.879999999999999,9.83,17.93,3.8600000000000003,12.16,17.79,7.82,1.69,5.06,22.729999999999997,5.869999999999999,13.17,,10.71,8.57,12.87,10.6,8.29,0.64,28.22,2.28,,7.04,17.32,6.48,4.63,22.78,7.75,2.84,9.629999999999999,4.76,9.99,24.65,8.45,23.96,5.619999999999999,15.16,7.56,32.81,36.510000000000005,6.13,0.5,54.39,5.79,,,8.05,9.129999999999999,1.98,25.060000000000002,9.969999999999999,20.060000000000002,14.049999999999999,3.6,11.879999999999999,8.87,7.19,4.7700000000000005
2022-07-14,4.65,13.25,5.879999999999999,9.83,17.93,3.8600000000000003,12.16,17.79,7.82,1.69,5.06,22.729999999999997,5.869999999999999,13.17,,10.71,8.57,12.87,10.6,8.29,0.64,28.22,2.28,,7.04,17.32,6.48,4.63,22.78,7.75,2.84,9.629999999999999,4.76,9.99,24.65,8.45,23.96,5.619999999999999,15.16,7.56,32.81,36.510000000000005,6.13,0.5,54.39,5.79,,,8.05,9.129999999999999,1.98,25.060000000000002,9.969999999999999,20.060000000000002,14.049999999999999,3.6,11.879999999999999,8.87,7.19,4.7700000000000005
2022-07-15,4.65,13.25,5.879999999999999,9.83,17.93,3.8600000000000003,12.16,17.79,7.82,1.69,5.06,22.729999999999997,5.869999999999999,13.17,,10.71,8.57,12.87,10.6,8.29,0.64,28.22,2.28,,7.04,17.32,6.48,4.63,22.78,7.75,2.84,9.629999999999999,4.76,9.99,24.65,8.45,23.96,5.619999999999999,15.16,7.56,32.81,36.510000000000005,6.13,0.5,54.39,5.79,,,8.05,9.129999999999999,1.98,25.060000000000002,9.969999999999999,20.060000000000002,14.049999999999999,3.6,11.879999999999999,8.87,7.19,4.7700000000000005
2022-07-18,4.65,13.25,5.879999999999999,9.83,17.93,3.8600000000000003,12.16,17.79,7.82,1.69,5.06,22.729999999999997,5.869999999999999,13.17,,10.71,8.57,12.87,10.6,8.29,0.64,28.22,2.28,,7.04,17.32,6.48,4.63,22.78,7.75,2.84,9.629999999999999,4.76,9.99,24.65,8.45,23.96,5.619999999999999,15.16,7.56,32.81,36.510000000000005,6.13,0.5,54.39,5.79,,,8.05,9.129999999999999,1.98,25.060000000000002,9.969999999999999,20.060000000000002,14.049999999999999,3.6,11.879999999999999,8.87,7.19,4.7700000000000005
2022-07-19,4.65,13.25,5.879999999999999,9.83,17.93,3.8600000000000003,12.16,17.79,7.82,1.69,5.06,22.729999999999997,5.869999999999999,13.17,,10.71,8.57,12.87,10.6,8.29,0.64,28.22,2.28,,7.04,17.32,6.48,4.63,22.78,7.75,2.84,9.629999999999999,4.76,9.99,24.65,8.45,23.96,5.619999999999999,15.16,7.56,32.81,36.510000000000005,6.13,0.5,54.39,5.79,,,8.05,9.129999999999999,1.98,25.060000000000002,9.969999999999999,20.060000000000002,14.049999999999999,3.6,11.879999999999999,8.87,7.19,4.7700000000000005
2022-07-20,4.65,13.25,5.879999999999999,9.83,17.93,3.8600000000000003,12.16,17.79,7.82,1.69,5.06,22.729999999999997,5.869999999999999,13.17,,10.71,8.57,12.87,10.6,8.29,0.64,28.22,2.28,,7.04,17.32,6.48,4.63,22.78,7.75,2.84,9.629999999999999,4.76,9.99,24.65,8.45,23.96,5.619999999999999,15.16,7.56,32.81,36.510000000000005,6.13,0.5,54.39,5.79,,,8.05,9.129999999999999,1.98,25.060000000000002,9.969999999999999,20.060000000000002,14.049999999999999,3.6,11.879999999999999,8.87,7.19,4.7700000000000005
2022-07-21,4.65,13.25,5.879999999999999,9.83,17.93,3.8600000000000003,12.16,17.79,7.82,1.69,5.06,22.729999999999997,5.869999999999999,13.17,,10.71,8.57,12.87,10.6,8.29,0.64,28.22,2.28,,7.04,17.32,6.48,4.63,22.78,7.75,2.84,9.629999999999999,4.76,9.99,24.65,8.45,23.96,5.619999999999999,15.16,7.56,32.81,36.510000000000005,6.13,0.5,54.39,5.79,,,8.05,9.129999999999999,1.98,25.060000000000002,9.969999999999999,20.060000000000002,14.049999999999999,3.6,11.879999999999999,8.87,7.19,4.7700000000000005
2022-07-22,4.65,13.25,5.879999999999999,9.83,17.93,3.8600000000000003,12.16,17.79,7.82,1.69,5.06,22.729999999999997,5.869999999999999,13.17,,10.71,8.57,12.87,10.6,8.29,0.64,28.22,2.28,,7.04,17.32,6.48,4.63,22.78,7.75,2.84,9.629999999999999,4.76,9.99,24.65,8.45,23.96,5.619999999999999,15.16,7.56,32.81,36.510000000000005,6.13,0.5,54.39,5.79,,,8.05,9.129999999999999,1.98,25.060000000000002,9.969999999999999,20.060000000000002,14.049999999999999,3.6,11.879999999999999,8.87,7.19,4.7700000000000005
2022-07-25,4.65,13.25,5.879999999999999,9.83,17.93,3.8600000000000003,12.16,17.79,7.82,1.69,5.06,22.729999999999997,5.869999999999999,13.17,,10.71,8.57,12.87,10.6,8.29,0.64,28.22,2.28,,7.04,17.32,6.48,4.63,22.78,7.75,2.84,9.629999999999999,4.76,9.99,24.65,8.45,23.96,5.619999999999999,15.16,7.56,32.81,36.510000000000005,6.13,0.5,54.39,5.79,,,8.05,9.129999999999999,1.98,25.060000000000002,9.969999999999999,20.060000000000002,14.049999999999999,3.6,11.879999999999999,8.87,7.19,4.7700000000000005
2022-07-26,4.65,13.25,5.879999999999999,9.83,17.93,3.8600000000000003,12.16,17.79,7.82,1.69,5.06,22.729999999999997,5.869999999999999,13.17,,10.71,8.57,12.87,10.6,8.29,0.64,28.22,2.28,,7.04,17.32,6.48,4.63,22.78,7.75,2.84,9.629999999999999,4.76,9.99,24.65,8.45,23.96,5.619999999999999,15.16,7.56,32.81,36.510000000000005,6.13,0.5,54.39,5.79,,,8.05,9.129999999999999,1.98,25.060000000000002,9.969999999999999,20.060000000000002,14.049999999999999,3.6,11.879999999999999,8.87,7.19,4.7700000000000005
2022-07-27,4.65,13.25,5.879999999999999,9.83,17.93,3.8600000000000003,12.16,17.79,7.82,1.69,5.06,22.729999999999997,5.869999999999999,13.17,,10.71,8.57,12.87,10.6,8.29,0.64,28.22,2.28,,7.04,17.32,6.48,4.63,22.78,7.75,2.84,9.629999999999999,4.76,9.99,24.65,8.45,23.96,5.619999999999999,15.16,7.56,32.81,36.510000000000005,6.13,0.5,54.39,5.79,,,8.05,9.129999999999999,1.98,25.060000000000002,9.969999999999999,20.060000000000002,14.049999999999999,3.6,11.879999999999999,8.87,7.19,4.7700000000000005
2022-07-28,4.65,13.25,5.879999999999999,9.83,17.93,3.8600000000000003,12.16,17.79,7.82,1.69,5.06,22.729999999999997,5.869999999999999,13.17,,10.71,8.57,12.87,10.6,8.29,0.64,28.22,2.28,,7.04,17.32,6.48,4.63,22.78,7.75,2.84,9.629999999999999,4.76,9.99,24.65,8.45,23.96,5.619999999999999,15.16,7.56,32.81,36.510000000000005,6.13,0.5,54.39,5.79,,,8.05,9.129999999999999,1.98,25.060000000000002,9.969999999999999,20.060000000000002,14.049999999999999,3.6,11.879999999999999,8.87,7.19,4.7700000000000005
2022-07-29,4.65,13.25,5.879999999999999,9.83,17.93,3.8600000000000003,12.16,17.79,7.82,1.69,5.06,22.729999999999997,5.869999999999999,13.17,,10.71,8.57,12.87,10.6,8.29,0.64,28.22,2.28,,7.04,17.32,6.48,4.63,22.78,7.75,2.84,9.629999999999999,4.76,9.99,24.65,8.45,23.96,5.619999999999999,15.16,7.56,32.81,36.510000000000005,6.13,0.5,54.39,5.79,,,8.05,9.129999999999999,1.98,25.060000000000002,9.969999999999999,20.060000000000002,14.049999999999999,3.6,11.879999999999999,8.87,7.19,4.7700000000000005
2022-08-01,4.89,13.25,5.879999999999999,9.83,17.93,3.8600000000000003,12.16,17.79,7.82,1.69,5.06,22.729999999999997,5.869999999999999,12.95,,10.71,8.57,12.87,10.6,8.29,0.64,28.22,2.28,,7.04,17.32,6.48,4.63,22.78,7.75,2.84,9.629999999999999,4.76,9.99,24.65,8.45,23.96,5.340000000000001,15.16,7.56,32.81,36.510000000000005,6.13,0.5,54.39,5.79,,,8.05,9.129999999999999,1.98,25.060000000000002,9.969999999999999,20.060000000000002,14.049999999999999,3.6,11.879999999999999,8.87,7.19,4.7700000000000005
2022-08-02,4.89,13.25,5.879999999999999,9.83,17.93,3.8600000000000003,12.16,17.79,7.82,1.69,5.06,22.729999999999997,5.869999999999999,12.95,,10.71,8.57,12.87,10.6,8.29,0.64,28.22,2.28,,7.04,17.32,6.48,4.63,22.78,7.75,2.84,9.629999999999999,4.76,9.99,24.65,8.45,23.96,5.340000000000001,15.16,7.56,32.81,36.510000000000005,6.13,0.5,54.39,5.79,,,8.05,9.129999999999999,1.98,25.060000000000002,9.969999999999999,20.060000000000002,14.049999999999999,3.6,11.879999999999999,8.87,7.19,4.7700000000000005
2022-08-03,4.89,13.25,5.879999999999999,9.83,17.93,3.8600000000000003,12.16,17.79,7.82,1.69,5.06,22.729999999999997,5.869999999999999,12.95,,10.71,8.57,12.87,10.6,8.29,0.64,28.22,2.28,,7.04,17.32,6.48,4.63,22.78,7.75,2.84,9.629999999999999,4.76,9.99,24.65,8.45,23.96,5.340000000000001,15.16,7.56,32.81,36.510000000000005,6.13,0.5,54.39,5.79,,,8.05,9.129999999999999,1.98,25.060000000000002,9.969999999999999,20.060000000000002,14.049999999999999,3.6,11.879999999999999,8.87,7.19,4.7700000000000005
2022-08-04,4.89,13.25,5.879999999999999,9.83,17.93,3.8600000000000003,12.16,17.79,7.82,1.69,5.06,22.729999999999997,5.869999999999999,12.95,,10.71,8.57,12.87,10.6,8.29,0.64,28.22,2.28,,7.04,17.32,6.48,4.63,22.78,7.75,2.84,9.629999999999999,4.76,9.99,24.65,8.45,23.96,5.340000000000001,15.16,7.56,32.81,36.510000000000005,6.13,0.5,54.39,5.79,,,8.05,9.129999999999999,1.98,25.060000000000002,9.969999999999999,20.060000000000002,14.049999999999999,3.6,11.879999999999999,8.87,7.19,4.7700000000000005
2022-08-05,4.89,13.25,5.879999999999999,9.83,17.93,3.8600000000000003,12.16,17.79,7.82,1.69,5.06,22.729999999999997,5.869999999999999,12.95,,10.71,8.57,12.87,10.6,8.29,0.64,28.22,2.28,,7.04,17.32,6.48,4.63,22.78,7.75,2.84,9.629999999999999,4.76,9.99,24.65,8.45,23.96,5.340000000000001,15.16,7.56,32.81,36.510000000000005,6.13,0.5,54.39,5.79,,,8.05,9.129999999999999,1.98,25.060000000000002,9.969999999999999,20.060000000000002,14.049999999999999,3.6,11.879999999999999,8.87,7.19,4.7700000000000005
2022-08-08,4.89,13.25,5.879999999999999,9.83,17.93,3.8600000000000003,12.16,17.79,7.82,1.69,5.06,22.729999999999997,5.869999999999999,12.95,,10.71,8.57,12.87,10.6,8.29,0.64,28.22,2.28,,7.04,17.32,6.48,4.63,22.78,7.75,2.84,9.629999999999999,4.76,9.99,24.65,8.45,23.96,5.340000000000001,15.16,7.56,32.81,36.510000000000005,6.13,0.5,54.39,5.79,,,8.05,9.129999999999999,1.98,25.060000000000002,9.969999999999999,20.060000000000002,14.049999999999999,3.6,11.879999999999999,8.87,7.19,4.7700000000000005
2022-08-09,4.89,13.25,5.879999999999999,9.83,17.93,3.8600000000000003,12.16,17.79,7.82,1.69,5.06,22.729999999999997,5.869999999999999,12.95,,10.71,8.57,12.87,10.6,8.29,0.64,28.22,2.28,,7.04,17.32,6.48,4.63,22.78,7.75,2.84,9.629999999999999,4.76,9.99,24.65,8.45,23.96,5.340000000000001,15.16,7.56,32.81,36.510000000000005,6.13,0.5,54.39,5.79,,,8.05,9.129999999999999,1.98,25.060000000000002,9.969999999999999,20.060000000000002,14.049999999999999,3.6,11.879999999999999,8.87,7.19,4.7700000000000005
2022-08-10,4.89,13.25,5.879999999999999,9.83,17.93,3.8600000000000003,12.16,17.79,7.82,1.69,5.06,22.729999999999997,5.869999999999999,12.95,,10.71,8.57,12.87,10.6,8.29,0.64,28.22,2.28,,7.04,17.32,6.48,4.63,22.78,7.75,2.84,9.629999999999999,4.76,9.99,24.65,8.45,23.96,5.340000000000001,15.16,7.56,32.81,36.510000000000005,6.13,0.5,54.39,5.79,,,8.05,9.129999999999999,1.98,25.060000000000002,9.969999999999999,20.060000000000002,14.049999999999999,3.6,11.879999999999999,8.87,7.19,4.7700000000000005
2022-08-11,4.89,13.25,5.879999999999999,9.83,17.93,3.8600000000000003,12.16,17.79,7.82,1.69,5.06,22.729999999999997,5.869999999999999,12.95,,10.71,8.57,12.87,10.6,8.29,0.64,28.22,2.28,,7.04,17.32,6.48,4.63,22.78,7.75,2.84,9.629999999999999,4.76,9.99,24.65,8.45,23.96,5.340000000000001,15.16,7.56,32.81,36.510000000000005,6.13,0.5,54.39,5.79,,,8.05,9.129999999999999,1.98,25.060000000000002,9.969999999999999,20.060000000000002,14.049999999999999,3.6,11.879999999999999,8.87,7.19,4.7700000000000005
2022-08-12,4.89,13.25,5.879999999999999,9.83,17.93,3.8600000000000003,12.16,17.79,7.82,1.69,5.06,22.729999999999997,5.869999999999999,12.95,,10.71,8.57,12.87,10.6,8.29,0.64,28.22,2.28,,7.04,17.32,6.48,4.63,22.78,7.75,2.84,9.629999999999999,4.76,9.99,24.65,8.45,23.96,5.340000000000001,15.16,7.56,32.81,36.510000000000005,6.13,0.5,54.39,5.79,,,8.05,9.129999999999999,1.98,25.060000000000002,9.969999999999999,20.060000000000002,14.049999999999999,3.6,11.879999999999999,8.87,7.19,4.7700000000000005
2022-08-15,4.89,13.25,5.879999999999999,9.83,17.93,3.8600000000000003,12.16,17.79,7.82,1.69,5.06,22.729999999999997,5.869999999999999,12.95,,10.71,8.57,12.87,10.6,8.29,0.64,28.22,2.28,,7.04,17.32,6.48,4.63,22.78,7.75,2.84,9.629999999999999,4.76,9.99,24.65,8.45,23.96,5.340000000000001,15.16,7.56,32.81,36.510000000000005,6.13,0.5,54.39,5.79,,,8.05,9.129999999999999,1.98,25.060000000000002,9.969999999999999,20.060000000000002,14.049999999999999,3.6,11.879999999999999,8.87,7.19,4.7700000000000005
2022-08-16,4.89,13.25,5.879999999999999,9.83,17.93,3.8600000000000003,12.16,17.79,7.82,1.69,5.06,22.729999999999997,5.869999999999999,12.95,,10.71,8.57,12.87,10.6,8.29,0.64,28.22,2.28,,7.04,17.32,6.48,4.63,22.78,7.75,2.84,9.629999999999999,4.76,9.99,24.65,8.45,23.96,5.340000000000001,15.16,7.56,32.81,36.510000000000005,6.13,0.5,54.39,5.79,,,8.05,9.129999999999999,1.98,25.060000000000002,9.969999999999999,20.060000000000002,14.049999999999999,3.6,11.879999999999999,8.87,7.19,4.7700000000000005
2022-08-17,4.89,13.25,5.879999999999999,9.83,17.93,3.8600000000000003,12.16,17.79,7.82,1.69,5.06,22.729999999999997,5.869999999999999,12.95,,10.71,8.57,12.87,10.6,8.29,0.64,28.22,2.28,,7.04,17.32,6.48,4.63,22.78,7.75,2.84,9.629999999999999,4.76,9.99,24.65,8.45,23.96,5.340000000000001,15.16,7.56,32.81,36.510000000000005,6.13,0.5,54.39,5.79,,,8.05,9.129999999999999,1.98,25.060000000000002,9.969999999999999,20.060000000000002,14.049999999999999,3.6,11.879999999999999,8.87,7.19,4.7700000000000005
2022-08-18,4.89,13.25,5.879999999999999,9.83,17.93,3.8600000000000003,12.16,17.79,7.82,1.69,5.06,22.729999999999997,5.869999999999999,12.95,,10.71,8.57,12.87,10.6,8.29,0.64,28.22,2.28,,7.04,17.32,6.48,4.63,22.78,7.75,2.84,9.629999999999999,4.76,9.99,24.65,8.45,23.96,5.340000000000001,15.16,7.56,32.81,36.510000000000005,6.13,0.5,54.39,5.79,,,8.05,9.129999999999999,1.98,25.060000000000002,9.969999999999999,20.060000000000002,14.049999999999999,3.6,11.879999999999999,8.87,7.19,4.7700000000000005
2022-08-19,4.89,13.25,5.879999999999999,9.83,17.93,3.8600000000000003,12.16,17.79,7.82,1.69,5.06,22.729999999999997,5.869999999999999,12.95,,10.71,8.57,12.87,10.6,8.29,0.64,28.22,2.28,,7.04,17.32,6.48,4.63,22.78,7.75,2.84,9.629999999999999,4.76,9.99,24.65,8.45,23.96,5.340000000000001,15.16,7.56,32.81,36.510000000000005,6.13,0.5,54.39,5.79,,,8.05,9.129999999999999,1.98,25.060000000000002,9.969999999999999,20.060000000000002,14.049999999999999,3.6,11.879999999999999,8.87,7.19,4.7700000000000005
2022-08-22,4.89,13.25,5.879999999999999,9.83,17.93,3.8600000000000003,12.16,17.79,7.82,1.69,5.06,22.729999999999997,5.869999999999999,12.95,,10.71,8.57,12.87,10.6,8.29,0.64,28.22,2.28,,7.04,17.32,6.48,4.63,22.78,7.75,2.84,9.629999999999999,4.76,9.99,24.65,8.45,23.96,5.340000000000001,15.16,7.56,32.81,36.510000000000005,6.13,0.5,54.39,5.79,,,8.05,9.129999999999999,1.98,25.060000000000002,9.969999999999999,20.060000000000002,14.049999999999999,3.6,11.879999999999999,8.87,7.19,4.7700000000000005
2022-08-23,4.89,13.25,5.879999999999999,9.83,17.93,3.8600000000000003,12.16,17.79,7.82,1.69,5.06,22.729999999999997,5.869999999999999,12.95,,10.71,8.57,12.87,10.6,8.29,0.64,28.22,2.28,,7.04,17.32,6.48,4.63,22.78,7.75,2.84,9.629999999999999,4.76,9.99,24.65,8.45,23.96,5.340000000000001,15.16,7.56,32.81,36.510000000000005,6.13,0.5,54.39,5.79,,,8.05,9.129999999999999,1.98,25.060000000000002,9.969999999999999,20.060000000000002,14.049999999999999,3.6,11.879999999999999,8.87,7.19,4.7700000000000005
2022-08-24,4.89,13.25,5.879999999999999,9.83,17.93,3.8600000000000003,12.16,17.79,7.82,1.69,5.06,22.729999999999997,5.869999999999999,12.95,,10.71,8.57,12.87,10.6,8.29,0.64,28.22,2.28,,7.04,17.32,6.48,4.63,22.78,7.75,2.84,9.629999999999999,4.76,9.99,24.65,8.45,23.96,5.340000000000001,15.16,7.56,32.81,36.510000000000005,6.13,0.5,54.39,5.79,,,8.05,9.129999999999999,1.98,25.060000000000002,9.969999999999999,20.060000000000002,14.049999999999999,3.6,11.879999999999999,8.87,7.19,4.7700000000000005
2022-08-25,4.89,13.25,5.879999999999999,9.83,17.93,3.8600000000000003,12.16,17.79,7.82,1.69,5.06,22.729999999999997,5.869999999999999,12.95,,10.71,8.57,12.87,10.6,8.29,0.64,28.22,2.28,,7.04,17.32,6.48,4.63,22.78,7.75,2.84,9.629999999999999,4.76,9.99,24.65,8.45,23.96,5.340000000000001,15.16,7.56,32.81,36.510000000000005,6.13,0.5,54.39,5.79,,,8.05,9.129999999999999,1.98,25.060000000000002,9.969999999999999,20.060000000000002,14.049999999999999,3.6,11.879999999999999,8.87,7.19,4.7700000000000005
2022-08-26,4.89,13.25,5.879999999999999,9.83,17.93,3.8600000000000003,12.16,17.79,7.82,1.69,5.06,22.729999999999997,5.869999999999999,12.95,,10.71,8.57,12.87,10.6,8.29,0.64,28.22,2.28,,7.04,17.32,6.48,4.63,22.78,7.75,2.84,9.629999999999999,4.76,9.99,24.65,8.45,23.96,5.340000000000001,15.16,7.56,32.81,36.510000000000005,6.13,0.5,54.39,5.79,,,8.05,9.129999999999999,1.98,25.060000000000002,9.969999999999999,20.060000000000002,14.049999999999999,3.6,11.879999999999999,8.87,7.19,4.7700000000000005
2022-08-29,4.89,13.25,5.879999999999999,9.83,17.93,3.8600000000000003,12.16,17.79,7.82,1.69,5.06,22.729999999999997,5.869999999999999,12.95,,10.71,8.57,12.87,10.6,8.29,0.64,28.22,2.28,,7.04,17.32,6.48,4.63,22.78,7.75,2.84,9.629999999999999,4.76,9.99,24.65,8.45,23.96,5.340000000000001,15.16,7.56,32.81,36.510000000000005,6.13,0.5,54.39,5.79,,,8.05,9.129999999999999,1.98,25.060000000000002,9.969999999999999,20.060000000000002,14.049999999999999,3.6,11.879999999999999,8.87,7.19,4.7700000000000005
2022-08-30,4.89,13.25,5.879999999999999,9.83,17.93,3.8600000000000003,12.16,17.79,7.82,1.69,5.06,22.729999999999997,5.869999999999999,12.95,,10.71,8.57,12.87,10.6,8.29,0.64,28.22,2.28,,7.04,17.32,6.48,4.63,22.78,7.75,2.84,9.629999999999999,4.76,9.99,24.65,8.45,23.96,5.340000000000001,15.16,7.56,32.81,36.510000000000005,6.13,0.5,54.39,5.79,,,8.05,9.129999999999999,1.98,25.060000000000002,9.969999999999999,20.060000000000002,14.049999999999999,3.6,11.879999999999999,8.87,7.19,4.7700000000000005
2022-08-31,4.89,13.25,5.879999999999999,9.83,17.93,3.8600000000000003,12.16,17.79,7.82,1.69,5.06,22.729999999999997,5.869999999999999,12.95,,10.71,8.57,12.87,10.6,8.29,0.64,28.22,2.28,,7.04,17.32,6.48,4.63,22.78,7.75,2.84,9.629999999999999,4.76,9.99,24.65,8.45,23.96,5.340000000000001,15.16,7.56,32.81,36.510000000000005,6.13,0.5,54.39,5.79,,,8.05,9.129999999999999,1.98,25.060000000000002,9.969999999999999,20.060000000000002,14.049999999999999,3.6,11.879999999999999,8.87,7.19,4.7700000000000005
2022-09-01,4.89,13.25,5.879999999999999,9.83,17.93,3.8600000000000003,12.16,17.79,7.82,1.69,5.06,22.729999999999997,5.869999999999999,12.95,,10.71,8.57,12.87,10.6,8.29,0.64,28.22,2.28,,7.04,17.32,6.48,4.63,22.78,7.75,2.84,9.629999999999999,4.76,9.99,24.65,8.45,23.96,5.340000000000001,15.16,7.56,32.81,36.510000000000005,6.13,0.5,54.39,5.79,,,8.05,9.129999999999999,1.98,25.060000000000002,9.969999999999999,20.060000000000002,14.049999999999999,3.6,11.879999999999999,8.87,7.19,4.7700000000000005
2022-09-02,4.89,13.25,5.879999999999999,9.83,17.93,3.8600000000000003,12.16,17.79,7.82,1.69,5.06,22.729999999999997,5.869999999999999,12.95,,10.71,8.57,12.87,10.6,8.29,0.64,28.22,2.28,,7.04,17.32,6.48,4.63,22.78,7.75,2.84,9.629999999999999,4.76,9.99,24.65,8.45,23.96,5.340000000000001,15.16,7.56,32.81,36.510000000000005,6.13,0.5,54.39,5.79,,,8.05,9.129999999999999,1.98,25.060000000000002,9.969999999999999,20.060000000000002,14.049999999999999,3.6,11.879999999999999,8.87,7.19,4.7700000000000005
2022-09-06,4.89,13.25,5.879999999999999,9.83,17.93,3.8600000000000003,12.16,17.79,7.82,1.69,5.06,22.729999999999997,5.869999999999999,12.95,,10.71,8.57,12.87,10.6,8.29,0.64,28.22,2.28,,7.04,17.32,6.48,4.63,22.78,7.75,2.84,9.629999999999999,4.76,9.99,24.65,8.45,23.96,5.340000000000001,15.16,7.56,32.81,36.510000000000005,6.13,0.5,54.39,5.79,,,8.05,9.129999999999999,1.98,25.060000000000002,9.969999999999999,20.060000000000002,14.049999999999999,3.6,11.879999999999999,8.87,7.19,4.7700000000000005
2022-09-07,4.89,13.25,5.879999999999999,9.83,17.93,3.8600000000000003,12.16,17.79,7.82,1.69,5.06,22.729999999999997,5.869999999999999,12.95,,10.71,8.57,12.87,10.6,8.29,0.64,28.22,2.28,,7.04,17.32,6.48,4.63,22.78,7.75,2.84,9.629999999999999,4.76,9.99,24.65,8.45,23.96,5.340000000000001,15.16,7.56,32.81,36.510000000000005,6.13,0.5,54.39,5.79,,,8.05,9.129999999999999,1.98,25.060000000000002,9.969999999999999,20.060000000000002,14.049999999999999,3.6,11.879999999999999,8.87,7.19,4.7700000000000005
2022-09-08,4.89,13.25,5.879999999999999,9.83,17.93,3.8600000000000003,12.16,17.79,7.82,1.69,5.06,22.729999999999997,5.869999999999999,12.95,,10.71,8.57,12.87,10.6,8.29,0.64,28.22,2.28,,7.04,17.32,6.48,4.63,22.78,7.75,2.84,9.629999999999999,4.76,9.99,24.65,8.45,23.96,5.340000000000001,15.16,7.56,32.81,36.510000000000005,6.13,0.5,54.39,5.79,,,8.05,9.129999999999999,1.98,25.060000000000002,9.969999999999999,20.060000000000002,14.049999999999999,3.6,11.879999999999999,8.87,7.19,4.7700000000000005
2022-09-09,4.89,13.25,5.879999999999999,9.83,17.93,3.8600000000000003,12.16,17.79,7.82,1.69,5.06,22.729999999999997,5.869999999999999,12.95,,10.71,8.57,12.87,10.6,8.29,0.64,28.22,2.28,,7.04,17.32,6.48,4.63,22.78,7.75,2.84,9.629999999999999,4.76,9.99,24.65,8.45,23.96,5.340000000000001,15.16,7.56,32.81,36.510000000000005,6.13,0.5,54.39,5.79,,,8.05,9.129999999999999,1.98,25.060000000000002,9.969999999999999,20.060000000000002,14.049999999999999,3.6,11.879999999999999,8.87,7.19,4.7700000000000005
2022-09-12,4.89,13.25,5.879999999999999,9.83,17.93,3.8600000000000003,12.16,17.79,7.82,1.69,5.06,22.729999999999997,5.869999999999999,12.95,,10.71,8.57,12.87,10.6,8.29,0.64,28.22,2.28,,7.04,17.32,6.48,4.63,22.78,7.75,2.84,9.629999999999999,4.76,9.99,24.65,8.45,23.96,5.340000000000001,15.16,7.56,32.81,36.510000000000005,6.13,0.5,54.39,5.79,,,8.05,9.129999999999999,1.98,25.060000000000002,9.969999999999999,20.060000000000002,14.049999999999999,3.6,11.879999999999999,8.87,7.19,4.7700000000000005
2022-09-13,4.89,13.25,5.879999999999999,9.83,17.93,3.8600000000000003,12.16,17.79,7.82,1.69,5.06,22.729999999999997,5.869999999999999,12.95,,10.71,8.57,12.87,10.6,8.29,0.64,28.22,2.28,,7.04,17.32,6.48,4.63,22.78,7.75,2.84,9.629999999999999,4.76,9.99,24.65,8.45,23.96,5.340000000000001,15.16,7.56,32.81,36.510000000000005,6.13,0.5,54.39,5.79,,,8.05,9.129999999999999,1.98,25.060000000000002,9.969999999999999,20.060000000000002,14.049999999999999,3.6,11.879999999999999,8.87,7.19,4.7700000000000005
2022-09-14,4.89,13.25,5.879999999999999,9.83,17.93,3.8600000000000003,12.16,17.79,7.82,1.69,5.06,22.729999999999997,5.869999999999999,12.95,,10.71,8.57,12.87,10.6,8.29,0.64,28.22,2.28,,7.04,17.32,6.48,4.63,22.78,7.75,2.84,9.629999999999999,4.76,9.99,24.65,8.45,23.96,5.340000000000001,15.16,7.56,32.81,36.510000000000005,6.13,0.5,54.39,5.79,,,8.05,9.129999999999999,1.98,25.060000000000002,9.969999999999999,20.060000000000002,14.049999999999999,3.6,11.879999999999999,8.87,7.19,4.7700000000000005
2022-09-15,4.89,13.25,5.879999999999999,9.83,17.93,3.8600000000000003,12.16,17.79,7.82,1.69,5.06,22.729999999999997,5.869999999999999,12.95,,10.71,8.57,12.87,10.6,8.29,0.64,28.22,2.28,,7.04,17.32,6.48,4.63,22.78,7.75,2.84,9.629999999999999,4.76,9.99,24.65,8.45,23.96,5.340000000000001,15.16,7.56,32.81,36.510000000000005,6.13,0.5,54.39,5.79,,,8.05,9.129999999999999,1.98,25.060000000000002,9.969999999999999,20.060000000000002,14.049999999999999,3.6,11.879999999999999,8.87,7.19,4.7700000000000005
2022-09-16,4.89,13.25,5.879999999999999,9.83,17.93,3.8600000000000003,12.16,17.79,7.82,1.69,5.06,22.729999999999997,5.869999999999999,12.95,,10.71,8.57,12.87,10.6,8.29,0.64,28.22,2.28,,7.04,17.32,6.48,4.63,22.78,7.75,2.84,9.629999999999999,4.76,9.99,24.65,8.45,23.96,5.340000000000001,15.16,7.56,32.81,36.510000000000005,6.13,0.5,54.39,5.79,,,8.05,9.129999999999999,1.98,25.060000000000002,9.969999999999999,20.060000000000002,14.049999999999999,3.6,11.879999999999999,8.87,7.19,4.7700000000000005
2022-09-19,4.89,13.25,5.879999999999999,9.83,17.93,3.8600000000000003,12.16,17.79,7.82,1.69,5.06,22.729999999999997,5.869999999999999,12.95,,10.71,8.57,12.87,10.6,8.29,0.64,28.22,2.28,,7.04,17.32,6.48,4.63,22.78,7.75,2.84,9.629999999999999,4.76,9.99,24.65,8.45,23.96,5.340000000000001,15.16,7.56,32.81,36.510000000000005,6.13,0.5,54.39,5.79,,,8.05,9.129999999999999,1.98,25.060000000000002,9.969999999999999,20.060000000000002,14.049999999999999,3.6,11.879999999999999,8.87,7.19,4.7700000000000005
2022-09-20,4.89,13.25,5.879999999999999,9.83,17.93,3.8600000000000003,12.16,17.79,7.82,1.69,5.06,22.729999999999997,5.869999999999999,12.95,,10.71,8.57,12.87,10.6,8.29,0.64,28.22,2.28,,7.04,17.32,6.48,4.63,22.78,7.75,2.84,9.629999999999999,4.76,9.99,24.65,8.45,23.96,5.340000000000001,15.16,7.56,32.81,36.510000000000005,6.13,0.5,54.39,5.79,,,8.05,9.129999999999999,1.98,25.060000000000002,9.969999999999999,20.060000000000002,14.049999999999999,3.6,11.879999999999999,8.87,7.19,4.7700000000000005
2022-09-21,4.89,13.25,5.879999999999999,9.83,17.93,3.8600000000000003,12.16,17.79,7.82,1.69,5.06,22.729999999999997,5.869999999999999,12.95,,10.71,8.57,12.87,10.6,8.29,0.64,28.22,2.28,,7.04,17.32,6.48,4.63,22.78,7.75,2.84,9.629999999999999,4.76,9.99,24.65,8.45,23.96,5.340000000000001,15.16,7.56,32.81,36.510000000000005,6.13,0.5,54.39,5.79,,,8.05,9.129999999999999,1.98,25.060000000000002,9.969999999999999,20.060000000000002,14.049999999999999,3.6,11.879999999999999,8.87,7.19,4.7700000000000005
2022-09-22,4.89,13.25,5.879999999999999,9.83,17.93,3.8600000000000003,12.16,17.79,7.82,1.69,5.06,22.729999999999997,5.869999999999999,12.95,,10.71,8.57,12.87,10.6,8.29,0.64,28.22,2.28,,7.04,17.32,6.48,4.63,22.78,7.75,2.84,9.629999999999999,4.76,9.99,24.65,8.45,23.96,5.340000000000001,15.16,7.56,32.81,36.510000000000005,6.13,0.5,54.39,5.79,,,8.05,9.129999999999999,1.98,25.060000000000002,9.969999999999999,20.060000000000002,14.049999999999999,3.6,11.879999999999999,8.87,7.19,4.7700000000000005
2022-09-23,4.89,13.25,5.879999999999999,9.83,17.93,3.8600000000000003,12.16,17.79,7.82,1.69,5.06,22.729999999999997,5.869999999999999,12.95,,10.71,8.57,12.87,10.6,8.29,0.64,28.22,2.28,,7.04,17.32,6.48,4.63,22.78,7.75,2.84,9.629999999999999,4.76,9.99,24.65,8.45,23.96,5.340000000000001,15.16,7.56,32.81,36.510000000000005,6.13,0.5,54.39,5.79,,,8.05,9.129999999999999,1.98,25.060000000000002,9.969999999999999,20.060000000000002,14.049999999999999,3.6,11.879999999999999,8.87,7.19,4.7700000000000005
2022-09-26,4.89,13.25,5.879999999999999,9.83,17.93,3.8600000000000003,12.16,17.79,7.82,1.69,5.06,22.729999999999997,5.869999999999999,12.95,,10.71,8.57,12.87,10.6,8.29,0.64,28.22,2.28,,7.04,17.32,6.48,4.63,22.78,7.75,2.84,9.629999999999999,4.76,9.99,24.65,8.45,23.96,5.340000000000001,15.16,7.56,32.81,36.510000000000005,6.13,0.5,54.39,5.79,,,8.05,9.129999999999999,1.98,25.060000000000002,9.969999999999999,20.060000000000002,14.049999999999999,3.6,11.879999999999999,8.87,7.19,4.7700000000000005
2022-09-27,4.89,13.25,5.879999999999999,9.83,17.93,3.8600000000000003,12.16,17.79,7.82,1.69,5.06,22.729999999999997,5.869999999999999,12.95,,10.71,8.57,12.87,10.6,8.29,0.64,28.22,2.28,,7.04,17.32,6.48,4.63,22.78,7.75,2.84,9.629999999999999,4.76,9.99,24.65,8.45,23.96,5.340000000000001,15.16,7.56,32.81,36.510000000000005,6.13,0.5,54.39,5.79,,,8.05,9.129999999999999,1.98,25.060000000000002,9.969999999999999,20.060000000000002,14.049999999999999,3.6,11.879999999999999,8.87,7.19,4.7700000000000005
2022-09-28,4.89,13.25,5.879999999999999,9.83,17.93,3.8600000000000003,12.16,17.79,7.82,1.69,5.06,22.729999999999997,5.869999999999999,12.95,,10.71,8.57,12.87,10.6,8.29,0.64,28.22,2.28,,7.04,17.32,6.48,4.63,22.78,7.75,2.84,9.629999999999999,4.76,9.99,24.65,8.45,23.96,5.340000000000001,15.16,7.56,32.81,36.510000000000005,6.13,0.5,54.39,5.79,,,8.05,9.129999999999999,1.98,25.060000000000002,9.969999999999999,20.060000000000002,14.049999999999999,3.6,11.879999999999999,8.87,7.19,4.7700000000000005
2022-09-29,4.89,13.25,5.879999999999999,9.83,17.93,3.8600000000000003,12.16,17.79,7.82,1.69,5.06,22.729999999999997,5.869999999999999,12.95,,10.71,8.57,12.87,10.6,8.29,0.64,28.22,2.28,,7.04,17.32,6.48,4.63,22.78,7.75,2.84,9.629999999999999,4.76,9.99,24.65,8.45,23.96,5.340000000000001,15.16,7.56,32.81,36.510000000000005,6.13,0.5,54.39,5.79,,,8.05,9.129999999999999,1.98,25.060000000000002,9.969999999999999,20.060000000000002,14.049999999999999,3.6,11.879999999999999,8.87,7.19,4.7700000000000005
2022-09-30,4.89,13.580000000000002,5.629999999999999,8.32,17.96,3.66,12.16,17.79,7.8100000000000005,1.71,4.97,23.04,5.909999999999999,12.95,,10.64,8.69,11.27,10.77,7.06,0.7000000000000001,28.96,2.3499999999999996,,6.290000000000001,16.68,4.710000000000001,4.62,24.83,7.870000000000001,2.2600000000000002,9.94,4.76,9.94,22.509999999999998,8.49,23.87,5.340000000000001,16.69,7.66,27.64,37.97,6.57,0.67,51.16,5.79,,,8.05,9.05,1.97,24.379999999999995,9.84,21.330000000000002,14.5,3.48,11.86,8.84,6.96,4.73
2022-10-03,4.89,13.580000000000002,5.629999999999999,8.32,17.96,3.66,12.16,17.79,7.8100000000000005,1.71,4.97,23.04,5.909999999999999,12.95,,10.64,8.69,11.27,10.77,7.06,0.7000000000000001,28.96,2.3499999999999996,,6.290000000000001,16.68,4.710000000000001,4.62,24.83,7.870000000000001,2.2600000000000002,9.94,4.76,9.94,22.509999999999998,8.49,23.87,5.340000000000001,16.69,7.66,27.64,37.97,6.57,0.67,51.16,5.79,,,8.05,9.05,1.97,24.379999999999995,9.84,21.330000000000002,14.5,3.48,11.86,8.84,6.96,4.73
2022-10-04,4.89,13.580000000000002,5.629999999999999,8.32,17.96,3.66,12.16,17.79,7.8100000000000005,1.71,4.97,23.04,5.909999999999999,12.95,,10.64,8.69,11.27,10.77,7.06,0.7000000000000001,28.96,2.3499999999999996,,6.290000000000001,16.68,4.710000000000001,4.62,24.83,7.870000000000001,2.2600000000000002,9.94,4.76,9.94,22.509999999999998,8.49,23.87,5.340000000000001,16.69,7.66,27.64,37.97,6.57,0.67,51.16,5.79,,,8.05,9.05,1.97,24.379999999999995,9.84,21.330000000000002,14.5,3.48,11.86,8.84,6.96,4.73
2022-10-05,4.89,13.580000000000002,5.629999999999999,8.32,17.96,3.66,12.16,17.79,7.8100000000000005,1.71,4.97,23.04,5.909999999999999,12.95,,10.64,8.69,11.27,10.77,7.06,0.7000000000000001,28.96,2.3499999999999996,,6.290000000000001,16.68,4.710000000000001,4.62,24.83,7.870000000000001,2.2600000000000002,9.94,4.76,9.94,22.509999999999998,8.49,23.87,5.340000000000001,16.69,7.66,27.64,37.97,6.57,0.67,51.16,5.79,,,8.05,9.05,1.97,24.379999999999995,9.84,21.330000000000002,14.5,3.48,11.86,8.84,6.96,4.73
2022-10-06,4.89,13.580000000000002,5.629999999999999,8.32,17.96,3.66,12.16,17.79,7.8100000000000005,1.71,4.97,23.04,5.909999999999999,12.95,,10.64,8.69,11.27,10.77,7.06,0.7000000000000001,28.96,2.3499999999999996,,6.290000000000001,16.68,4.710000000000001,4.62,24.83,7.870000000000001,2.2600000000000002,9.94,4.76,9.94,22.509999999999998,8.49,23.87,5.340000000000001,16.69,7.66,27.64,37.97,6.57,0.67,51.16,5.79,,,8.05,9.05,1.97,24.379999999999995,9.84,21.330000000000002,14.5,3.48,11.86,8.84,6.96,4.73
2022-10-07,4.89,13.580000000000002,5.629999999999999,8.32,17.96,3.66,12.16,17.79,7.8100000000000005,1.71,4.97,23.04,5.909999999999999,12.95,,10.64,8.69,11.27,10.77,7.06,0.7000000000000001,28.96,2.3499999999999996,,6.290000000000001,16.68,4.710000000000001,4.62,24.83,7.870000000000001,2.2600000000000002,9.94,4.76,9.94,22.509999999999998,8.49,23.87,5.340000000000001,16.69,7.66,27.64,37.97,6.57,0.67,51.16,5.79,,,8.05,9.05,1.97,24.379999999999995,9.84,21.330000000000002,14.5,3.48,11.86,8.84,6.96,4.73
2022-10-10,4.89,13.580000000000002,5.629999999999999,8.32,17.96,3.66,12.16,17.79,7.8100000000000005,1.71,4.97,23.04,5.909999999999999,12.95,,10.64,8.69,11.27,10.77,7.06,0.7000000000000001,28.96,2.3499999999999996,,6.290000000000001,16.68,4.710000000000001,4.62,24.83,7.870000000000001,2.2600000000000002,9.94,4.76,9.94,22.509999999999998,8.49,23.87,5.340000000000001,16.69,7.66,27.64,37.97,6.57,0.67,51.16,5.79,,,8.05,9.05,1.97,24.379999999999995,9.84,21.330000000000002,14.5,3.48,11.86,8.84,6.96,4.73
2022-10-11,4.89,13.580000000000002,5.629999999999999,8.32,17.96,3.66,12.16,17.79,7.8100000000000005,1.71,4.97,23.04,5.909999999999999,12.95,,10.64,8.69,11.27,10.77,7.06,0.7000000000000001,28.96,2.3499999999999996,,6.290000000000001,16.68,4.710000000000001,4.62,24.83,7.870000000000001,2.2600000000000002,9.94,4.76,9.94,22.509999999999998,8.49,23.87,5.340000000000001,16.69,7.66,27.64,37.97,6.57,0.67,51.16,5.79,,,8.05,9.05,1.97,24.379999999999995,9.84,21.330000000000002,14.5,3.48,11.86,8.84,6.96,4.73
2022-10-12,4.89,13.580000000000002,5.629999999999999,8.32,17.96,3.66,12.16,17.79,7.8100000000000005,1.71,4.97,23.04,5.909999999999999,12.95,,10.64,8.69,11.27,10.77,7.06,0.7000000000000001,28.96,2.3499999999999996,,6.290000000000001,16.68,4.710000000000001,4.62,24.83,7.870000000000001,2.2600000000000002,9.94,4.76,9.94,22.509999999999998,8.49,23.87,5.340000000000001,16.69,7.66,27.64,37.97,6.57,0.67,51.16,5.79,,,8.05,9.05,1.97,24.379999999999995,9.84,21.330000000000002,14.5,3.48,11.86,8.84,6.96,4.73
2022-10-13,4.89,13.580000000000002,5.629999999999999,8.32,17.96,3.66,12.16,17.79,7.8100000000000005,1.71,4.97,23.04,5.909999999999999,12.95,,10.64,8.69,11.27,10.77,7.06,0.7000000000000001,28.96,2.3499999999999996,,6.290000000000001,16.68,4.710000000000001,4.62,24.83,7.870000000000001,2.2600000000000002,9.94,4.76,9.94,22.509999999999998,8.49,23.87,5.340000000000001,16.69,7.66,27.64,37.97,6.57,0.67,51.16,5.79,,,8.05,9.05,1.97,24.379999999999995,9.84,21.330000000000002,14.5,3.48,11.86,8.84,6.96,4.73
2022-10-14,4.89,13.580000000000002,5.629999999999999,8.32,17.96,3.66,12.16,17.79,7.8100000000000005,1.71,4.97,23.04,5.909999999999999,12.95,,10.64,8.69,11.27,10.77,7.06,0.7000000000000001,28.96,2.3499999999999996,,6.290000000000001,16.68,4.710000000000001,4.62,24.83,7.870000000000001,2.2600000000000002,9.94,4.76,9.94,22.509999999999998,8.49,23.87,5.340000000000001,16.69,7.66,27.64,37.97,6.57,0.67,51.16,5.79,,,8.05,9.05,1.97,24.379999999999995,9.84,21.330000000000002,14.5,3.48,11.86,8.84,6.96,4.73
2022-10-17,4.89,13.580000000000002,5.629999999999999,8.32,17.96,3.66,12.16,17.79,7.8100000000000005,1.71,4.97,23.04,5.909999999999999,12.95,,10.64,8.69,11.27,10.77,7.06,0.7000000000000001,28.96,2.3499999999999996,,6.290000000000001,16.68,4.710000000000001,4.62,24.83,7.870000000000001,2.2600000000000002,9.94,4.76,9.94,22.509999999999998,8.49,23.87,5.340000000000001,16.69,7.66,27.64,37.97,6.57,0.67,51.16,5.79,,,8.05,9.05,1.97,24.379999999999995,9.84,21.330000000000002,14.5,3.48,11.86,8.84,6.96,4.73
2022-10-18,4.89,13.580000000000002,5.629999999999999,8.32,17.96,3.66,12.16,17.79,7.8100000000000005,1.71,4.97,23.04,5.909999999999999,12.95,,10.64,8.69,11.27,10.77,7.06,0.7000000000000001,28.96,2.3499999999999996,,6.290000000000001,16.68,4.710000000000001,4.62,24.83,7.870000000000001,2.2600000000000002,9.94,4.76,9.94,22.509999999999998,8.49,23.87,5.340000000000001,16.69,7.66,27.64,37.97,6.57,0.67,51.16,5.79,,,8.05,9.05,1.97,24.379999999999995,9.84,21.330000000000002,14.5,3.48,11.86,8.84,6.96,4.73
2022-10-19,4.89,13.580000000000002,5.629999999999999,8.32,17.96,3.66,12.16,17.79,7.8100000000000005,1.71,4.97,23.04,5.909999999999999,12.95,,10.64,8.69,11.27,10.77,7.06,0.7000000000000001,28.96,2.3499999999999996,,6.290000000000001,16.68,4.710000000000001,4.62,24.83,7.870000000000001,2.2600000000000002,9.94,4.76,9.94,22.509999999999998,8.49,23.87,5.340000000000001,16.69,7.66,27.64,37.97,6.57,0.67,51.16,5.79,,,8.05,9.05,1.97,24.379999999999995,9.84,21.330000000000002,14.5,3.48,11.86,8.84,6.96,4.73
2022-10-20,4.89,13.580000000000002,5.629999999999999,8.32,17.96,3.66,12.16,17.79,7.8100000000000005,1.71,4.97,23.04,5.909999999999999,12.95,,10.64,8.69,11.27,10.77,7.06,0.7000000000000001,28.96,2.3499999999999996,,6.290000000000001,16.68,4.710000000000001,4.62,24.83,7.870000000000001,2.2600000000000002,9.94,4.76,9.94,22.509999999999998,8.49,23.87,5.340000000000001,16.69,7.66,27.64,37.97,6.57,0.67,51.16,5.79,,,8.05,9.05,1.97,24.379999999999995,9.84,21.330000000000002,14.5,3.48,11.86,8.84,6.96,4.73
2022-10-21,4.89,13.580000000000002,5.629999999999999,8.32,17.96,3.66,12.16,17.79,7.8100000000000005,1.71,4.97,23.04,5.909999999999999,12.95,,10.64,8.69,11.27,10.77,7.06,0.7000000000000001,28.96,2.3499999999999996,,6.290000000000001,16.68,4.710000000000001,4.62,24.83,7.870000000000001,2.2600000000000002,9.94,4.76,9.94,22.509999999999998,8.49,23.87,5.340000000000001,16.69,7.66,27.64,37.97,6.57,0.67,51.16,5.79,,,8.05,9.05,1.97,24.379999999999995,9.84,21.330000000000002,14.5,3.48,11.86,8.84,6.96,4.73
2022-10-24,4.89,13.580000000000002,5.629999999999999,8.32,17.96,3.66,12.16,17.79,7.8100000000000005,1.71,4.97,23.04,5.909999999999999,12.95,,10.64,8.69,11.27,10.77,7.06,0.7000000000000001,28.96,2.3499999999999996,,6.290000000000001,16.68,4.710000000000001,4.62,24.83,7.870000000000001,2.2600000000000002,9.94,4.76,9.94,22.509999999999998,8.49,23.87,5.340000000000001,16.69,7.66,27.64,37.97,6.57,0.67,51.16,5.79,,,8.05,9.05,1.97,24.379999999999995,9.84,21.330000000000002,14.5,3.48,11.86,8.84,6.96,4.73
2022-10-25,4.89,13.580000000000002,5.629999999999999,8.32,17.96,3.66,12.16,17.79,7.8100000000000005,1.71,4.97,23.04,5.909999999999999,12.95,,10.64,8.69,11.27,10.77,7.06,0.7000000000000001,28.96,2.3499999999999996,,6.290000000000001,16.68,4.710000000000001,4.62,24.83,7.870000000000001,2.2600000000000002,9.94,4.76,9.94,22.509999999999998,8.49,23.87,5.340000000000001,16.69,7.66,27.64,37.97,6.57,0.67,51.16,5.79,,,8.05,9.05,1.97,24.379999999999995,9.84,21.330000000000002,14.5,3.48,11.86,8.84,6.96,4.73
2022-10-26,4.89,13.580000000000002,5.629999999999999,8.32,17.96,3.66,12.16,17.79,7.8100000000000005,1.71,4.97,23.04,5.909999999999999,12.95,,10.64,8.69,11.27,10.77,7.06,0.7000000000000001,28.96,2.3499999999999996,,6.290000000000001,16.68,4.710000000000001,4.62,24.83,7.870000000000001,2.2600000000000002,9.94,4.76,9.94,22.509999999999998,8.49,23.87,5.340000000000001,16.69,7.66,27.64,37.97,6.57,0.67,51.16,5.79,,,8.05,9.05,1.97,24.379999999999995,9.84,21.330000000000002,14.5,3.48,11.86,8.84,6.96,4.73
2022-10-27,4.89,13.580000000000002,5.629999999999999,8.32,17.96,3.66,12.16,17.79,7.8100000000000005,1.71,4.97,23.04,5.909999999999999,12.95,,10.64,8.69,11.27,10.77,7.06,0.7000000000000001,28.96,2.3499999999999996,,6.290000000000001,16.68,4.710000000000001,4.62,24.83,7.870000000000001,2.2600000000000002,9.94,4.76,9.94,22.509999999999998,8.49,23.87,5.340000000000001,16.69,7.66,27.64,37.97,6.57,0.67,51.16,5.79,,,8.05,9.05,1.97,24.379999999999995,9.84,21.330000000000002,14.5,3.48,11.86,8.84,6.96,4.73
2022-10-28,4.89,13.580000000000002,5.629999999999999,8.32,17.96,3.66,12.16,17.79,7.8100000000000005,1.71,4.97,23.04,5.909999999999999,12.95,,10.64,8.69,11.27,10.77,7.06,0.7000000000000001,28.96,2.3499999999999996,,6.290000000000001,16.68,4.710000000000001,4.62,24.83,7.870000000000001,2.2600000000000002,9.94,4.76,9.94,22.509999999999998,8.49,23.87,5.340000000000001,16.69,7.66,27.64,37.97,6.57,0.67,51.16,5.79,,,8.05,9.05,1.97,24.379999999999995,9.84,21.330000000000002,14.5,3.48,11.86,8.84,6.96,4.73
2022-10-31,5.21,13.580000000000002,5.629999999999999,8.32,17.96,3.66,12.16,17.79,7.8100000000000005,1.71,4.97,23.04,5.909999999999999,12.42,,10.64,8.69,11.27,10.77,7.06,0.7000000000000001,28.96,2.3499999999999996,,6.290000000000001,16.68,4.710000000000001,4.62,24.83,7.870000000000001,2.2600000000000002,9.94,4.76,9.94,22.509999999999998,8.49,23.87,5.319999999999999,16.69,7.66,27.64,37.97,6.57,0.67,51.16,5.79,,,8.05,9.05,1.97,24.379999999999995,9.84,21.330000000000002,14.5,3.48,11.86,8.84,6.96,4.73
2022-11-01,5.21,13.580000000000002,5.629999999999999,8.32,17.96,3.66,12.16,17.79,7.8100000000000005,1.71,4.97,23.04,5.909999999999999,12.42,,10.64,8.69,11.27,10.77,7.06,0.7000000000000001,28.96,2.3499999999999996,,6.290000000000001,16.68,4.710000000000001,4.62,24.83,7.870000000000001,2.2600000000000002,9.94,4.76,9.94,22.509999999999998,8.49,23.87,5.319999999999999,16.69,7.66,27.64,37.97,6.57,0.67,51.16,5.79,,,8.05,9.05,1.97,24.379999999999995,9.84,21.330000000000002,14.5,3.48,11.86,8.84,6.96,4.73
2022-11-02,5.21,13.580000000000002,5.629999999999999,8.32,17.96,3.66,12.16,17.79,7.8100000000000005,1.71,4.97,23.04,5.909999999999999,12.42,,10.64,8.69,11.27,10.77,7.06,0.7000000000000001,28.96,2.3499999999999996,,6.290000000000001,16.68,4.710000000000001,4.62,24.83,7.870000000000001,2.2600000000000002,9.94,4.76,9.94,22.509999999999998,8.49,23.87,5.319999999999999,16.69,7.66,27.64,37.97,6.57,0.67,51.16,5.79,,,8.05,9.05,1.97,24.379999999999995,9.84,21.330000000000002,14.5,3.48,11.86,8.84,6.96,4.73
2022-11-03,5.21,13.580000000000002,5.629999999999999,8.32,17.96,3.66,12.16,17.79,7.8100000000000005,1.71,4.97,23.04,5.909999999999999,12.42,,10.64,8.69,11.27,10.77,7.06,0.7000000000000001,28.96,2.3499999999999996,,6.290000000000001,16.68,4.710000000000001,4.62,24.83,7.870000000000001,2.2600000000000002,9.94,4.76,9.94,22.509999999999998,8.49,23.87,5.319999999999999,16.69,7.66,27.64,37.97,6.57,0.67,51.16,5.79,,,8.05,9.05,1.97,24.379999999999995,9.84,21.330000000000002,14.5,3.48,11.86,8.84,6.96,4.73
2022-11-04,5.21,13.580000000000002,5.629999999999999,8.32,17.96,3.66,12.16,17.79,7.8100000000000005,1.71,4.97,23.04,5.909999999999999,12.42,,10.64,8.69,11.27,10.77,7.06,0.7000000000000001,28.96,2.3499999999999996,,6.290000000000001,16.68,4.710000000000001,4.62,24.83,7.870000000000001,2.2600000000000002,9.94,4.76,9.94,22.509999999999998,8.49,23.87,5.319999999999999,16.69,7.66,27.64,37.97,6.57,0.67,51.16,5.79,,,8.05,9.05,1.97,24.379999999999995,9.84,21.330000000000002,14.5,3.48,11.86,8.84,6.96,4.73
2022-11-07,5.21,13.580000000000002,5.629999999999999,8.32,17.96,3.66,12.16,17.79,7.8100000000000005,1.71,4.97,23.04,5.909999999999999,12.42,,10.64,8.69,11.27,10.77,7.06,0.7000000000000001,28.96,2.3499999999999996,,6.290000000000001,16.68,4.710000000000001,4.62,24.83,7.870000000000001,2.2600000000000002,9.94,4.76,9.94,22.509999999999998,8.49,23.87,5.319999999999999,16.69,7.66,27.64,37.97,6.57,0.67,51.16,5.79,,,8.05,9.05,1.97,24.379999999999995,9.84,21.330000000000002,14.5,3.48,11.86,8.84,6.96,4.73
2022-11-08,5.21,13.580000000000002,5.629999999999999,8.32,17.96,3.66,12.16,17.79,7.8100000000000005,1.71,4.97,23.04,5.909999999999999,12.42,,10.64,8.69,11.27,10.77,7.06,0.7000000000000001,28.96,2.3499999999999996,,6.290000000000001,16.68,4.710000000000001,4.62,24.83,7.870000000000001,2.2600000000000002,9.94,4.76,9.94,22.509999999999998,8.49,23.87,5.319999999999999,16.69,7.66,27.64,37.97,6.57,0.67,51.16,5.79,,,8.05,9.05,1.97,24.379999999999995,9.84,21.330000000000002,14.5,3.48,11.86,8.84,6.96,4.73
2022-11-09,5.21,13.580000000000002,5.629999999999999,8.32,17.96,3.66,12.16,17.79,7.8100000000000005,1.71,4.97,23.04,5.909999999999999,12.42,,10.64,8.69,11.27,10.77,7.06,0.7000000000000001,28.96,2.3499999999999996,,6.290000000000001,16.68,4.710000000000001,4.62,24.83,7.870000000000001,2.2600000000000002,9.94,4.76,9.94,22.509999999999998,8.49,23.87,5.319999999999999,16.69,7.66,27.64,37.97,6.57,0.67,51.16,5.79,,,8.05,9.05,1.97,24.379999999999995,9.84,21.330000000000002,14.5,3.48,11.86,8.84,6.96,4.73
2022-11-10,5.21,13.580000000000002,5.629999999999999,8.32,17.96,3.66,12.16,17.79,7.8100000000000005,1.71,4.97,23.04,5.909999999999999,12.42,,10.64,8.69,11.27,10.77,7.06,0.7000000000000001,28.96,2.3499999999999996,,6.290000000000001,16.68,4.710000000000001,4.62,24.83,7.870000000000001,2.2600000000000002,9.94,4.76,9.94,22.509999999999998,8.49,23.87,5.319999999999999,16.69,7.66,27.64,37.97,6.57,0.67,51.16,5.79,,,8.05,9.05,1.97,24.379999999999995,9.84,21.330000000000002,14.5,3.48,11.86,8.84,6.96,4.73
2022-11-11,5.21,13.580000000000002,5.629999999999999,8.32,17.96,3.66,12.16,17.79,7.8100000000000005,1.71,4.97,23.04,5.909999999999999,12.42,,10.64,8.69,11.27,10.77,7.06,0.7000000000000001,28.96,2.3499999999999996,,6.290000000000001,16.68,4.710000000000001,4.62,24.83,7.870000000000001,2.2600000000000002,9.94,4.76,9.94,22.509999999999998,8.49,23.87,5.319999999999999,16.69,7.66,27.64,37.97,6.57,0.67,51.16,5.79,,,8.05,9.05,1.97,24.379999999999995,9.84,21.330000000000002,14.5,3.48,11.86,8.84,6.96,4.73
2022-11-14,5.21,13.580000000000002,5.629999999999999,8.32,17.96,3.66,12.16,17.79,7.8100000000000005,1.71,4.97,23.04,5.909999999999999,12.42,,10.64,8.69,11.27,10.77,7.06,0.7000000000000001,28.96,2.3499999999999996,,6.290000000000001,16.68,4.710000000000001,4.62,24.83,7.870000000000001,2.2600000000000002,9.94,4.76,9.94,22.509999999999998,8.49,23.87,5.319999999999999,16.69,7.66,27.64,37.97,6.57,0.67,51.16,5.79,,,8.05,9.05,1.97,24.379999999999995,9.84,21.330000000000002,14.5,3.48,11.86,8.84,6.96,4.73
2022-11-15,5.21,13.580000000000002,5.629999999999999,8.32,17.96,3.66,12.16,17.79,7.8100000000000005,1.71,4.97,23.04,5.909999999999999,12.42,,10.64,8.69,11.27,10.77,7.06,0.7000000000000001,28.96,2.3499999999999996,,6.290000000000001,16.68,4.710000000000001,4.62,24.83,7.870000000000001,2.2600000000000002,9.94,4.76,9.94,22.509999999999998,8.49,23.87,5.319999999999999,16.69,7.66,27.64,37.97,6.57,0.67,51.16,5.79,,,8.05,9.05,1.97,24.379999999999995,9.84,21.330000000000002,14.5,3.48,11.86,8.84,6.96,4.73
2022-11-16,5.21,13.580000000000002,5.629999999999999,8.32,17.96,3.66,12.16,17.79,7.8100000000000005,1.71,4.97,23.04,5.909999999999999,12.42,,10.64,8.69,11.27,10.77,7.06,0.7000000000000001,28.96,2.3499999999999996,,6.290000000000001,16.68,4.710000000000001,4.62,24.83,7.870000000000001,2.2600000000000002,9.94,4.76,9.94,22.509999999999998,8.49,23.87,5.319999999999999,16.69,7.66,27.64,37.97,6.57,0.67,51.16,5.79,,,8.05,9.05,1.97,24.379999999999995,9.84,21.330000000000002,14.5,3.48,11.86,8.84,6.96,4.73
2022-11-17,5.21,13.580000000000002,5.629999999999999,8.32,17.96,3.66,12.16,17.79,7.8100000000000005,1.71,4.97,23.04,5.909999999999999,12.42,,10.64,8.69,11.27,10.77,7.06,0.7000000000000001,28.96,2.3499999999999996,,6.290000000000001,16.68,4.710000000000001,4.62,24.83,7.870000000000001,2.2600000000000002,9.94,4.76,9.94,22.509999999999998,8.49,23.87,5.319999999999999,16.69,7.66,27.64,37.97,6.57,0.67,51.16,5.79,,,8.05,9.05,1.97,24.379999999999995,9.84,21.330000000000002,14.5,3.48,11.86,8.84,6.96,4.73
2022-11-18,5.21,13.580000000000002,5.629999999999999,8.32,17.96,3.66,12.16,17.79,7.8100000000000005,1.71,4.97,23.04,5.909999999999999,12.42,,10.64,8.69,11.27,10.77,7.06,0.7000000000000001,28.96,2.3499999999999996,,6.290000000000001,16.68,4.710000000000001,4.62,24.83,7.870000000000001,2.2600000000000002,9.94,4.76,9.94,22.509999999999998,8.49,23.87,5.319999999999999,16.69,7.66,27.64,37.97,6.57,0.67,51.16,5.79,,,8.05,9.05,1.97,24.379999999999995,9.84,21.330000000000002,14.5,3.48,11.86,8.84,6.96,4.73
2022-11-21,5.21,13.580000000000002,5.629999999999999,8.32,17.96,3.66,12.16,17.79,7.8100000000000005,1.71,4.97,23.04,5.909999999999999,12.42,,10.64,8.69,11.27,10.77,7.06,0.7000000000000001,28.96,2.3499999999999996,,6.290000000000001,16.68,4.710000000000001,4.62,24.83,7.870000000000001,2.2600000000000002,9.94,4.76,9.94,22.509999999999998,8.49,23.87,5.319999999999999,16.69,7.66,27.64,37.97,6.57,0.67,51.16,5.79,,,8.05,9.05,1.97,24.379999999999995,9.84,21.330000000000002,14.5,3.48,11.86,8.84,6.96,4.73
2022-11-22,5.21,13.580000000000002,5.629999999999999,8.32,17.96,3.66,12.16,17.79,7.8100000000000005,1.71,4.97,23.04,5.909999999999999,12.42,,10.64,8.69,11.27,10.77,7.06,0.7000000000000001,28.96,2.3499999999999996,,6.290000000000001,16.68,4.710000000000001,4.62,24.83,7.870000000000001,2.2600000000000002,9.94,4.76,9.94,22.509999999999998,8.49,23.87,5.319999999999999,16.69,7.66,27.64,37.97,6.57,0.67,51.16,5.79,,,8.05,9.05,1.97,24.379999999999995,9.84,21.330000000000002,14.5,3.48,11.86,8.84,6.96,4.73
2022-11-23,5.21,13.580000000000002,5.629999999999999,8.32,17.96,3.66,12.16,17.79,7.8100000000000005,1.71,4.97,23.04,5.909999999999999,12.42,,10.64,8.69,11.27,10.77,7.06,0.7000000000000001,28.96,2.3499999999999996,,6.290000000000001,16.68,4.710000000000001,4.62,24.83,7.870000000000001,2.2600000000000002,9.94,4.76,9.94,22.509999999999998,8.49,23.87,5.319999999999999,16.69,7.66,27.64,37.97,6.57,0.67,51.16,5.79,,,8.05,9.05,1.97,24.379999999999995,9.84,21.330000000000002,14.5,3.48,11.86,8.84,6.96,4.73
2022-11-25,5.21,13.580000000000002,5.629999999999999,8.32,17.96,3.66,12.16,17.79,7.8100000000000005,1.71,4.97,23.04,5.909999999999999,12.42,,10.64,8.69,11.27,10.77,7.06,0.7000000000000001,28.96,2.3499999999999996,,6.290000000000001,16.68,4.710000000000001,4.62,24.83,7.870000000000001,2.2600000000000002,9.94,4.76,9.94,22.509999999999998,8.49,23.87,5.319999999999999,16.69,7.66,27.64,37.97,6.57,0.67,51.16,5.79,,,8.05,9.05,1.97,24.379999999999995,9.84,21.330000000000002,14.5,3.48,11.86,8.84,6.96,4.73
2022-11-28,5.21,13.580000000000002,5.629999999999999,8.32,17.96,3.66,12.16,17.79,7.8100000000000005,1.71,4.97,23.04,5.909999999999999,12.42,,10.64,8.69,11.27,10.77,7.06,0.7000000000000001,28.96,2.3499999999999996,,6.290000000000001,16.68,4.710000000000001,4.62,24.83,7.870000000000001,2.2600000000000002,9.94,4.76,9.94,22.509999999999998,8.49,23.87,5.319999999999999,16.69,7.66,27.64,37.97,6.57,0.67,51.16,5.79,,,8.05,9.05,1.97,24.379999999999995,9.84,21.330000000000002,14.5,3.48,11.86,8.84,6.96,4.73
2022-11-29,5.21,13.580000000000002,5.629999999999999,8.32,17.96,3.66,12.16,17.79,7.8100000000000005,1.71,4.97,23.04,5.909999999999999,12.42,,10.64,8.69,11.27,10.77,7.06,0.7000000000000001,28.96,2.3499999999999996,,6.290000000000001,16.68,4.710000000000001,4.62,24.83,7.870000000000001,2.2600000000000002,9.94,4.76,9.94,22.509999999999998,8.49,23.87,5.319999999999999,16.69,7.66,27.64,37.97,6.57,0.67,51.16,5.79,,,8.05,9.05,1.97,24.379999999999995,9.84,21.330000000000002,14.5,3.48,11.86,8.84,6.96,4.73
2022-11-30,5.21,13.580000000000002,5.629999999999999,8.32,17.96,3.66,12.16,17.79,7.8100000000000005,1.71,4.97,23.04,5.909999999999999,12.42,,10.64,8.69,11.27,10.77,7.06,0.7000000000000001,28.96,2.3499999999999996,,6.290000000000001,16.68,4.710000000000001,4.62,24.83,7.870000000000001,2.2600000000000002,9.94,4.76,9.94,22.509999999999998,8.49,23.87,5.319999999999999,16.69,7.66,27.64,37.97,6.57,0.67,51.16,5.79,,,8.05,9.05,1.97,24.379999999999995,9.84,21.330000000000002,14.5,3.48,11.86,8.84,6.96,4.73
2022-12-01,5.21,13.580000000000002,5.629999999999999,8.32,17.96,3.66,12.16,17.79,7.8100000000000005,1.71,4.97,23.04,5.909999999999999,12.42,,10.64,8.69,11.27,10.77,7.06,0.7000000000000001,28.96,2.3499999999999996,,6.290000000000001,16.68,4.710000000000001,4.62,24.83,7.870000000000001,2.2600000000000002,9.94,4.76,9.94,22.509999999999998,8.49,23.87,5.319999999999999,16.69,7.66,27.64,37.97,6.57,0.67,51.16,5.79,,,8.05,9.05,1.97,24.379999999999995,9.84,21.330000000000002,14.5,3.48,11.86,8.84,6.96,4.73
2022-12-02,5.21,13.580000000000002,5.629999999999999,8.32,17.96,3.66,12.16,17.79,7.8100000000000005,1.71,4.97,23.04,5.909999999999999,12.42,,10.64,8.69,11.27,10.77,7.06,0.7000000000000001,28.96,2.3499999999999996,,6.290000000000001,16.68,4.710000000000001,4.62,24.83,7.870000000000001,2.2600000000000002,9.94,4.76,9.94,22.509999999999998,8.49,23.87,5.319999999999999,16.69,7.66,27.64,37.97,6.57,0.67,51.16,5.79,,,8.05,9.05,1.97,24.379999999999995,9.84,21.330000000000002,14.5,3.48,11.86,8.84,6.96,4.73
2022-12-05,5.21,13.580000000000002,5.629999999999999,8.32,17.96,3.66,12.16,17.79,7.8100000000000005,1.71,4.97,23.04,5.909999999999999,12.42,,10.64,8.69,11.27,10.77,7.06,0.7000000000000001,28.96,2.3499999999999996,,6.290000000000001,16.68,4.710000000000001,4.62,24.83,7.870000000000001,2.2600000000000002,9.94,4.76,9.94,22.509999999999998,8.49,23.87,5.319999999999999,16.69,7.66,27.64,37.97,6.57,0.67,51.16,5.79,,,8.05,9.05,1.97,24.379999999999995,9.84,21.330000000000002,14.5,3.48,11.86,8.84,6.96,4.73
2022-12-06,5.21,13.580000000000002,5.629999999999999,8.32,17.96,3.66,12.16,17.79,7.8100000000000005,1.71,4.97,23.04,5.909999999999999,12.42,,10.64,8.69,11.27,10.77,7.06,0.7000000000000001,28.96,2.3499999999999996,,6.290000000000001,16.68,4.710000000000001,4.62,24.83,7.870000000000001,2.2600000000000002,9.94,4.76,9.94,22.509999999999998,8.49,23.87,5.319999999999999,16.69,7.66,27.64,37.97,6.57,0.67,51.16,5.79,,,8.05,9.05,1.97,24.379999999999995,9.84,21.330000000000002,14.5,3.48,11.86,8.84,6.96,4.73
2022-12-07,5.21,13.580000000000002,5.629999999999999,8.32,17.96,3.66,12.16,17.79,7.8100000000000005,1.71,4.97,23.04,5.909999999999999,12.42,,10.64,8.69,11.27,10.77,7.06,0.7000000000000001,28.96,2.3499999999999996,,6.290000000000001,16.68,4.710000000000001,4.62,24.83,7.870000000000001,2.2600000000000002,9.94,4.76,9.94,22.509999999999998,8.49,23.87,5.319999999999999,16.69,7.66,27.64,37.97,6.57,0.67,51.16,5.79,,,8.05,9.05,1.97,24.379999999999995,9.84,21.330000000000002,14.5,3.48,11.86,8.84,6.96,4.73
2022-12-08,5.21,13.580000000000002,5.629999999999999,8.32,17.96,3.66,12.16,17.79,7.8100000000000005,1.71,4.97,23.04,5.909999999999999,12.42,,10.64,8.69,11.27,10.77,7.06,0.7000000000000001,28.96,2.3499999999999996,,6.290000000000001,16.68,4.710000000000001,4.62,24.83,7.870000000000001,2.2600000000000002,9.94,4.76,9.94,22.509999999999998,8.49,23.87,5.319999999999999,16.69,7.66,27.64,37.97,6.57,0.67,51.16,5.79,,,8.05,9.05,1.97,24.379999999999995,9.84,21.330000000000002,14.5,3.48,11.86,8.84,6.96,4.73
2022-12-09,5.21,13.580000000000002,5.629999999999999,8.32,17.96,3.66,12.16,17.79,7.8100000000000005,1.71,4.97,23.04,5.909999999999999,12.42,,10.64,8.69,11.27,10.77,7.06,0.7000000000000001,28.96,2.3499999999999996,,6.290000000000001,16.68,4.710000000000001,4.62,24.83,7.870000000000001,2.2600000000000002,9.94,4.76,9.94,22.509999999999998,8.49,23.87,5.319999999999999,16.69,7.66,27.64,37.97,6.57,0.67,51.16,5.79,,,8.05,9.05,1.97,24.379999999999995,9.84,21.330000000000002,14.5,3.48,11.86,8.84,6.96,4.73
2022-12-12,5.21,13.580000000000002,5.629999999999999,8.32,17.96,3.66,12.16,17.79,7.8100000000000005,1.71,4.97,23.04,5.909999999999999,12.42,,10.64,8.69,11.27,10.77,7.06,0.7000000000000001,28.96,2.3499999999999996,,6.290000000000001,16.68,4.710000000000001,4.62,24.83,7.870000000000001,2.2600000000000002,9.94,4.76,9.94,22.509999999999998,8.49,23.87,5.319999999999999,16.69,7.66,27.64,37.97,6.57,0.67,51.16,5.79,,,8.05,9.05,1.97,24.379999999999995,9.84,21.330000000000002,14.5,3.48,11.86,8.84,6.96,4.73
2022-12-13,5.21,13.580000000000002,5.629999999999999,8.32,17.96,3.66,12.16,17.79,7.8100000000000005,1.71,4.97,23.04,5.909999999999999,12.42,,10.64,8.69,11.27,10.77,7.06,0.7000000000000001,28.96,2.3499999999999996,,6.290000000000001,16.68,4.710000000000001,4.62,24.83,7.870000000000001,2.2600000000000002,9.94,4.76,9.94,22.509999999999998,8.49,23.87,5.319999999999999,16.69,7.66,27.64,37.97,6.57,0.67,51.16,5.79,,,8.05,9.05,1.97,24.379999999999995,9.84,21.330000000000002,14.5,3.48,11.86,8.84,6.96,4.73
2022-12-14,5.21,13.580000000000002,5.629999999999999,8.32,17.96,3.66,12.16,17.79,7.8100000000000005,1.71,4.97,23.04,5.909999999999999,12.42,,10.64,8.69,11.27,10.77,7.06,0.7000000000000001,28.96,2.3499999999999996,,6.290000000000001,16.68,4.710000000000001,4.62,24.83,7.870000000000001,2.2600000000000002,9.94,4.76,9.94,22.509999999999998,8.49,23.87,5.319999999999999,16.69,7.66,27.64,37.97,6.57,0.67,51.16,5.79,,,8.05,9.05,1.97,24.379999999999995,9.84,21.330000000000002,14.5,3.48,11.86,8.84,6.96,4.73
2022-12-15,5.21,13.580000000000002,5.629999999999999,8.32,17.96,3.66,12.16,17.79,7.8100000000000005,1.71,4.97,23.04,5.909999999999999,12.42,,10.64,8.69,11.27,10.77,7.06,0.7000000000000001,28.96,2.3499999999999996,,6.290000000000001,16.68,4.710000000000001,4.62,24.83,7.870000000000001,2.2600000000000002,9.94,4.76,9.94,22.509999999999998,8.49,23.87,5.319999999999999,16.69,7.66,27.64,37.97,6.57,0.67,51.16,5.79,,,8.05,9.05,1.97,24.379999999999995,9.84,21.330000000000002,14.5,3.48,11.86,8.84,6.96,4.73
2022-12-16,5.21,13.580000000000002,5.629999999999999,8.32,17.96,3.66,12.16,17.79,7.8100000000000005,1.71,4.97,23.04,5.909999999999999,12.42,,10.64,8.69,11.27,10.77,7.06,0.7000000000000001,28.96,2.3499999999999996,,6.290000000000001,16.68,4.710000000000001,4.62,24.83,7.870000000000001,2.2600000000000002,9.94,4.76,9.94,22.509999999999998,8.49,23.87,5.319999999999999,16.69,7.66,27.64,37.97,6.57,0.67,51.16,5.79,,,8.05,9.05,1.97,24.379999999999995,9.84,21.330000000000002,14.5,3.48,11.86,8.84,6.96,4.73
2022-12-19,5.21,13.580000000000002,5.629999999999999,8.32,17.96,3.66,12.16,17.79,7.8100000000000005,1.71,4.97,23.04,5.909999999999999,12.42,,10.64,8.69,11.27,10.77,7.06,0.7000000000000001,28.96,2.3499999999999996,,6.290000000000001,16.68,4.710000000000001,4.62,24.83,7.870000000000001,2.2600000000000002,9.94,4.76,9.94,22.509999999999998,8.49,23.87,5.319999999999999,16.69,7.66,27.64,37.97,6.57,0.67,51.16,5.79,,,8.05,9.05,1.97,24.379999999999995,9.84,21.330000000000002,14.5,3.48,11.86,8.84,6.96,4.73
2022-12-20,5.21,13.580000000000002,5.629999999999999,8.32,17.96,3.66,12.16,17.79,7.8100000000000005,1.71,4.97,23.04,5.909999999999999,12.42,,10.64,8.69,11.27,10.77,7.06,0.7000000000000001,28.96,2.3499999999999996,,6.290000000000001,16.68,4.710000000000001,4.62,24.83,7.870000000000001,2.2600000000000002,9.94,4.76,9.94,22.509999999999998,8.49,23.87,5.319999999999999,16.69,7.66,27.64,37.97,6.57,0.67,51.16,5.79,,,8.05,9.05,1.97,24.379999999999995,9.84,21.330000000000002,14.5,3.48,11.86,8.84,6.96,4.73
2022-12-21,5.21,13.580000000000002,5.629999999999999,8.32,17.96,3.66,12.16,17.79,7.8100000000000005,1.71,4.97,23.04,5.909999999999999,12.42,,10.64,8.69,11.27,10.77,7.06,0.7000000000000001,28.96,2.3499999999999996,,6.290000000000001,16.68,4.710000000000001,4.62,24.83,7.870000000000001,2.2600000000000002,9.94,4.76,9.94,22.509999999999998,8.49,23.87,5.319999999999999,16.69,7.66,27.64,37.97,6.57,0.67,51.16,5.79,,,8.05,9.05,1.97,24.379999999999995,9.84,21.330000000000002,14.5,3.48,11.86,8.84,6.96,4.73
2022-12-22,5.21,13.580000000000002,5.629999999999999,8.32,17.96,3.66,12.16,17.79,7.8100000000000005,1.71,4.97,23.04,5.909999999999999,12.42,,10.64,8.69,11.27,10.77,7.06,0.7000000000000001,28.96,2.3499999999999996,,6.290000000000001,16.68,4.710000000000001,4.62,24.83,7.870000000000001,2.2600000000000002,9.94,4.76,9.94,22.509999999999998,8.49,23.87,5.319999999999999,16.69,7.66,27.64,37.97,6.57,0.67,51.16,5.79,,,8.05,9.05,1.97,24.379999999999995,9.84,21.330000000000002,14.5,3.48,11.86,8.84,6.96,4.73
2022-12-23,5.21,13.580000000000002,5.629999999999999,8.32,17.96,3.66,12.16,17.79,7.8100000000000005,1.71,4.97,23.04,5.909999999999999,12.42,,10.64,8.69,11.27,10.77,7.06,0.7000000000000001,28.96,2.3499999999999996,,6.290000000000001,16.68,4.710000000000001,4.62,24.83,7.870000000000001,2.2600000000000002,9.94,4.76,9.94,22.509999999999998,8.49,23.87,5.319999999999999,16.69,7.66,27.64,37.97,6.57,0.67,51.16,5.79,,,8.05,9.05,1.97,24.379999999999995,9.84,21.330000000000002,14.5,3.48,11.86,8.84,6.96,4.73
2022-12-27,5.21,13.580000000000002,5.629999999999999,8.32,17.96,3.66,12.16,17.79,7.8100000000000005,1.71,4.97,23.04,5.909999999999999,12.42,,10.64,8.69,11.27,10.77,7.06,0.7000000000000001,28.96,2.3499999999999996,,6.290000000000001,16.68,4.710000000000001,4.62,24.83,7.870000000000001,2.2600000000000002,9.94,4.76,9.94,22.509999999999998,8.49,23.87,5.319999999999999,16.69,7.66,27.64,37.97,6.57,0.67,51.16,5.79,,,8.05,9.05,1.97,24.379999999999995,9.84,21.330000000000002,14.5,3.48,11.86,8.84,6.96,4.73
2022-12-28,5.21,13.580000000000002,5.629999999999999,8.32,17.96,3.66,12.16,17.79,7.8100000000000005,1.71,4.97,23.04,5.909999999999999,12.42,,10.64,8.69,11.27,10.77,7.06,0.7000000000000001,28.96,2.3499999999999996,,6.290000000000001,16.68,4.710000000000001,4.62,24.83,7.870000000000001,2.2600000000000002,9.94,4.76,9.94,22.509999999999998,8.49,23.87,5.319999999999999,16.69,7.66,27.64,37.97,6.57,0.67,51.16,5.79,,,8.05,9.05,1.97,24.379999999999995,9.84,21.330000000000002,14.5,3.48,11.86,8.84,6.96,4.73
2022-12-29,5.21,13.580000000000002,5.629999999999999,8.32,17.96,3.66,12.16,17.79,7.8100000000000005,1.71,4.97,23.04,5.909999999999999,12.42,,10.64,8.69,11.27,10.77,7.06,0.7000000000000001,28.96,2.3499999999999996,,6.290000000000001,16.68,4.710000000000001,4.62,24.83,7.870000000000001,2.2600000000000002,9.94,4.76,9.94,22.509999999999998,8.49,23.87,5.319999999999999,16.69,7.66,27.64,37.97,6.57,0.67,51.16,5.79,,,8.05,9.05,1.97,24.379999999999995,9.84,21.330000000000002,14.5,3.48,11.86,8.84,6.96,4.73
2022-12-30,5.21,13.580000000000002,5.629999999999999,8.32,17.96,3.66,12.16,17.79,7.8100000000000005,1.71,4.97,23.04,5.909999999999999,12.42,,10.64,8.69,11.27,10.77,7.06,0.7000000000000001,28.96,2.3499999999999996,,6.290000000000001,16.68,4.710000000000001,4.62,24.83,7.870000000000001,2.2600000000000002,9.94,4.76,9.94,22.509999999999998,8.49,23.87,5.319999999999999,16.69,7.66,27.64,37.97,6.57,0.67,51.16,5.79,,,8.05,9.05,1.97,24.379999999999995,9.84,21.330000000000002,14.5,3.48,11.86,8.84,6.96,4.73
2023-01-03,5.21,13.87,5.340000000000001,7.220000000000001,17.69,3.5,12.55,18.45,7.800000000000001,1.75,5.0200000000000005,23.23,5.760000000000001,12.42,,11.129999999999999,8.7,9.92,10.95,5.63,0.8700000000000001,29.05,2.48,,7.27,16.9,4.45,4.76,25.21,8.030000000000001,2.7800000000000002,10.17,4.6899999999999995,10.16,19.88,8.09,24.619999999999997,5.319999999999999,17.909999999999997,7.4799999999999995,19.96,39.54,6.63,0.49,42.4,5.98,,,7.949999999999999,9.34,1.97,23.240000000000002,9.91,22.19,14.889999999999999,3.35,12.03,8.569999999999999,6.89,4.88
2023-01-04,5.21,13.87,5.340000000000001,7.220000000000001,17.69,3.5,12.55,18.45,7.800000000000001,1.75,5.0200000000000005,23.23,5.760000000000001,12.42,,11.129999999999999,8.7,9.92,10.95,5.63,0.8700000000000001,29.05,2.48,,7.27,16.9,4.45,4.76,25.21,8.030000000000001,2.7800000000000002,10.17,4.6899999999999995,10.16,19.88,8.09,24.619999999999997,5.319999999999999,17.909999999999997,7.4799999999999995,19.96,39.54,6.63,0.49,42.4,5.98,,,7.949999999999999,9.34,1.97,23.240000000000002,9.91,22.19,14.889999999999999,3.35,12.03,8.569999999999999,6.89,4.88
2023-01-05,5.21,13.87,5.340000000000001,7.220000000000001,17.69,3.5,12.55,18.45,7.800000000000001,1.75,5.0200000000000005,23.23,5.760000000000001,12.42,,11.129999999999999,8.7,9.92,10.95,5.63,0.8700000000000001,29.05,2.48,,7.27,16.9,4.45,4.76,25.21,8.030000000000001,2.7800000000000002,10.17,4.6899999999999995,10.16,19.88,8.09,24.619999999999997,5.319999999999999,17.909999999999997,7.4799999999999995,19.96,39.54,6.63,0.49,42.4,5.98,,,7.949999999999999,9.34,1.97,23.240000000000002,9.91,22.19,14.889999999999999,3.35,12.03,8.569999999999999,6.89,4.88
2023-01-06,5.21,13.87,5.340000000000001,7.220000000000001,17.69,3.5,12.55,18.45,7.800000000000001,1.75,5.0200000000000005,23.23,5.760000000000001,12.42,,11.129999999999999,8.7,9.92,10.95,5.63,0.8700000000000001,29.05,2.48,,7.27,16.9,4.45,4.76,25.21,8.030000000000001,2.7800000000000002,10.17,4.6899999999999995,10.16,19.88,8.09,24.619999999999997,5.319999999999999,17.909999999999997,7.4799999999999995,19.96,39.54,6.63,0.49,42.4,5.98,,,7.949999999999999,9.34,1.97,23.240000000000002,9.91,22.19,14.889999999999999,3.35,12.03,8.569999999999999,6.89,4.88
2023-01-09,5.21,13.87,5.340000000000001,7.220000000000001,17.69,3.5,12.55,18.45,7.800000000000001,1.75,5.0200000000000005,23.23,5.760000000000001,12.42,,11.129999999999999,8.7,9.92,10.95,5.63,0.8700000000000001,29.05,2.48,,7.27,16.9,4.45,4.76,25.21,8.030000000000001,2.7800000000000002,10.17,4.6899999999999995,10.16,19.88,8.09,24.619999999999997,5.319999999999999,17.909999999999997,7.4799999999999995,19.96,39.54,6.63,0.49,42.4,5.98,,,7.949999999999999,9.34,1.97,23.240000000000002,9.91,22.19,14.889999999999999,3.35,12.03,8.569999999999999,6.89,4.88
2023-01-10,5.21,13.87,5.340000000000001,7.220000000000001,17.69,3.5,12.55,18.45,7.800000000000001,1.75,5.0200000000000005,23.23,5.760000000000001,12.42,,11.129999999999999,8.7,9.92,10.95,5.63,0.8700000000000001,29.05,2.48,,7.27,16.9,4.45,4.76,25.21,8.030000000000001,2.7800000000000002,10.17,4.6899999999999995,10.16,19.88,8.09,24.619999999999997,5.319999999999999,17.909999999999997,7.4799999999999995,19.96,39.54,6.63,0.49,42.4,5.98,,,7.949999999999999,9.34,1.97,23.240000000000002,9.91,22.19,14.889999999999999,3.35,12.03,8.569999999999999,6.89,4.88
2023-01-11,5.21,13.87,5.340000000000001,7.220000000000001,17.69,3.5,12.55,18.45,7.800000000000001,1.75,5.0200000000000005,23.23,5.760000000000001,12.42,,11.129999999999999,8.7,9.92,10.95,5.63,0.8700000000000001,29.05,2.48,,7.27,16.9,4.45,4.76,25.21,8.030000000000001,2.7800000000000002,10.17,4.6899999999999995,10.16,19.88,8.09,24.619999999999997,5.319999999999999,17.909999999999997,7.4799999999999995,19.96,39.54,6.63,0.49,42.4,5.98,,,7.949999999999999,9.34,1.97,23.240000000000002,9.91,22.19,14.889999999999999,3.35,12.03,8.569999999999999,6.89,4.88
2023-01-12,5.21,13.87,5.340000000000001,7.220000000000001,17.69,3.5,12.55,18.45,7.800000000000001,1.75,5.0200000000000005,23.23,5.760000000000001,12.42,,11.129999999999999,8.7,9.92,10.95,5.63,0.8700000000000001,29.05,2.48,,7.27,16.9,4.45,4.76,25.21,8.030000000000001,2.7800000000000002,10.17,4.6899999999999995,10.16,19.88,8.09,24.619999999999997,5.319999999999999,17.909999999999997,7.4799999999999995,19.96,39.54,6.63,0.49,42.4,5.98,,,7.949999999999999,9.34,1.97,23.240000000000002,9.91,22.19,14.889999999999999,3.35,12.03,8.569999999999999,6.89,4.88
2023-01-13,5.21,13.87,5.340000000000001,7.220000000000001,17.69,3.5,12.55,18.45,7.800000000000001,1.75,5.0200000000000005,23.23,5.760000000000001,12.42,,11.129999999999999,8.7,9.92,10.95,5.63,0.8700000000000001,29.05,2.48,,7.27,16.9,4.45,4.76,25.21,8.030000000000001,2.7800000000000002,10.17,4.6899999999999995,10.16,19.88,8.09,24.619999999999997,5.319999999999999,17.909999999999997,7.4799999999999995,19.96,39.54,6.63,0.49,42.4,5.98,,,7.949999999999999,9.34,1.97,23.240000000000002,9.91,22.19,14.889999999999999,3.35,12.03,8.569999999999999,6.89,4.88
2023-01-17,5.21,13.87,5.340000000000001,7.220000000000001,17.69,3.5,12.55,18.45,7.800000000000001,1.75,5.0200000000000005,23.23,5.760000000000001,12.42,,11.129999999999999,8.7,9.92,10.95,5.63,0.8700000000000001,29.05,2.48,,7.27,16.9,4.45,4.76,25.21,8.030000000000001,2.7800000000000002,10.17,4.6899999999999995,10.16,19.88,8.09,24.619999999999997,5.319999999999999,17.909999999999997,7.4799999999999995,19.96,39.54,6.63,0.49,42.4,5.98,,,7.949999999999999,9.34,1.97,23.240000000000002,9.91,22.19,14.889999999999999,3.35,12.03,8.569999999999999,6.89,4.88
2023-01-18,5.21,13.87,5.340000000000001,7.220000000000001,17.69,3.5,12.55,18.45,7.800000000000001,1.75,5.0200000000000005,23.23,5.760000000000001,12.42,,11.129999999999999,8.7,9.92,10.95,5.63,0.8700000000000001,29.05,2.48,,7.27,16.9,4.45,4.76,25.21,8.030000000000001,2.7800000000000002,10.17,4.6899999999999995,10.16,19.88,8.09,24.619999999999997,5.319999999999999,17.909999999999997,7.4799999999999995,19.96,39.54,6.63,0.49,42.4,5.98,,,7.949999999999999,9.34,1.97,23.240000000000002,9.91,22.19,14.889999999999999,3.35,12.03,8.569999999999999,6.89,4.88
2023-01-19,5.21,13.87,5.340000000000001,7.220000000000001,17.69,3.5,12.55,18.45,7.800000000000001,1.75,5.0200000000000005,23.23,5.760000000000001,12.42,,11.129999999999999,8.7,9.92,10.95,5.63,0.8700000000000001,29.05,2.48,,7.27,16.9,4.45,4.76,25.21,8.030000000000001,2.7800000000000002,10.17,4.6899999999999995,10.16,19.88,8.09,24.619999999999997,5.319999999999999,17.909999999999997,7.4799999999999995,19.96,39.54,6.63,0.49,42.4,5.98,,,7.949999999999999,9.34,1.97,23.240000000000002,9.91,22.19,14.889999999999999,3.35,12.03,8.569999999999999,6.89,4.88
2023-01-20,5.21,13.87,5.340000000000001,7.220000000000001,17.69,3.5,12.55,18.45,7.800000000000001,1.75,5.0200000000000005,23.23,5.760000000000001,12.42,,11.129999999999999,8.7,9.92,10.95,5.63,0.8700000000000001,29.05,2.48,,7.27,16.9,4.45,4.76,25.21,8.030000000000001,2.7800000000000002,10.17,4.6899999999999995,10.16,19.88,8.09,24.619999999999997,5.319999999999999,17.909999999999997,7.4799999999999995,19.96,39.54,6.63,0.49,42.4,5.98,,,7.949999999999999,9.34,1.97,23.240000000000002,9.91,22.19,14.889999999999999,3.35,12.03,8.569999999999999,6.89,4.88
2023-01-23,5.21,13.87,5.340000000000001,7.220000000000001,17.69,3.5,12.55,18.45,7.800000000000001,1.75,5.0200000000000005,23.23,5.760000000000001,12.42,,11.129999999999999,8.7,9.92,10.95,5.63,0.8700000000000001,29.05,2.48,,7.27,16.9,4.45,4.76,25.21,8.030000000000001,2.7800000000000002,10.17,4.6899999999999995,10.16,19.88,8.09,24.619999999999997,5.319999999999999,17.909999999999997,7.4799999999999995,19.96,39.54,6.63,0.49,42.4,5.98,,,7.949999999999999,9.34,1.97,23.240000000000002,9.91,22.19,14.889999999999999,3.35,12.03,8.569999999999999,6.89,4.88
2023-01-24,5.21,13.87,5.340000000000001,7.220000000000001,17.69,3.5,12.55,18.45,7.800000000000001,1.75,5.0200000000000005,23.23,5.760000000000001,12.42,,11.129999999999999,8.7,9.92,10.95,5.63,0.8700000000000001,29.05,2.48,,7.27,16.9,4.45,4.76,25.21,8.030000000000001,2.7800000000000002,10.17,4.6899999999999995,10.16,19.88,8.09,24.619999999999997,5.319999999999999,17.909999999999997,7.4799999999999995,19.96,39.54,6.63,0.49,42.4,5.98,,,7.949999999999999,9.34,1.97,23.240000000000002,9.91,22.19,14.889999999999999,3.35,12.03,8.569999999999999,6.89,4.88
2023-01-25,5.21,13.87,5.340000000000001,7.220000000000001,17.69,3.5,12.55,18.45,7.800000000000001,1.75,5.0200000000000005,23.23,5.760000000000001,12.42,,11.129999999999999,8.7,9.92,10.95,5.63,0.8700000000000001,29.05,2.48,,7.27,16.9,4.45,4.76,25.21,8.030000000000001,2.7800000000000002,10.17,4.6899999999999995,10.16,19.88,8.09,24.619999999999997,5.319999999999999,17.909999999999997,7.4799999999999995,19.96,39.54,6.63,0.49,42.4,5.98,,,7.949999999999999,9.34,1.97,23.240000000000002,9.91,22.19,14.889999999999999,3.35,12.03,8.569999999999999,6.89,4.88
2023-01-26,5.21,13.87,5.340000000000001,7.220000000000001,17.69,3.5,12.55,18.45,7.800000000000001,1.75,5.0200000000000005,23.23,5.760000000000001,12.42,,11.129999999999999,8.7,9.92,10.95,5.63,0.8700000000000001,29.05,2.48,,7.27,16.9,4.45,4.76,25.21,8.030000000000001,2.7800000000000002,10.17,4.6899999999999995,10.16,19.88,8.09,24.619999999999997,5.319999999999999,17.909999999999997,7.4799999999999995,19.96,39.54,6.63,0.49,42.4,5.98,,,7.949999999999999,9.34,1.97,23.240000000000002,9.91,22.19,14.889999999999999,3.35,12.03,8.569999999999999,6.89,4.88
2023-01-27,5.21,13.87,5.340000000000001,7.220000000000001,17.69,3.5,12.55,18.45,7.800000000000001,1.75,5.0200000000000005,23.23,5.760000000000001,12.42,,11.129999999999999,8.7,9.92,10.95,5.63,0.8700000000000001,29.05,2.48,,7.27,16.9,4.45,4.76,25.21,8.030000000000001,2.7800000000000002,10.17,4.6899999999999995,10.16,19.88,8.09,24.619999999999997,5.319999999999999,17.909999999999997,7.4799999999999995,19.96,39.54,6.63,0.49,42.4,5.98,,,7.949999999999999,9.34,1.97,23.240000000000002,9.91,22.19,14.889999999999999,3.35,12.03,8.569999999999999,6.89,4.88
2023-01-30,5.21,13.87,5.340000000000001,7.220000000000001,17.69,3.5,12.55,18.45,7.800000000000001,1.75,5.0200000000000005,23.23,5.760000000000001,12.42,,11.129999999999999,8.7,9.92,10.95,5.63,0.8700000000000001,29.05,2.48,,7.27,16.9,4.45,4.76,25.21,8.030000000000001,2.7800000000000002,10.17,4.6899999999999995,10.16,19.88,8.09,24.619999999999997,5.319999999999999,17.909999999999997,7.4799999999999995,19.96,39.54,6.63,0.49,42.4,5.98,,,7.949999999999999,9.34,1.97,23.240000000000002,9.91,22.19,14.889999999999999,3.35,12.03,8.569999999999999,6.89,4.88
2023-01-31,5.37,13.87,5.340000000000001,7.220000000000001,17.69,3.5,12.55,18.45,7.800000000000001,1.75,5.0200000000000005,23.23,5.760000000000001,12.08,,11.129999999999999,8.7,9.92,10.95,5.63,0.8700000000000001,29.05,2.48,,7.27,16.9,4.45,4.76,25.21,8.030000000000001,2.7800000000000002,10.17,4.6899999999999995,10.16,19.88,8.09,24.619999999999997,5.25,17.909999999999997,7.4799999999999995,19.96,39.54,6.63,0.49,42.4,5.98,,,7.949999999999999,9.34,1.97,23.240000000000002,9.91,22.19,14.889999999999999,3.35,12.03,8.569999999999999,6.89,4.88
2023-02-01,5.37,13.87,5.340000000000001,7.220000000000001,17.69,3.5,12.55,18.45,7.800000000000001,1.75,5.0200000000000005,23.23,5.760000000000001,12.08,,11.129999999999999,8.7,9.92,10.95,5.63,0.8700000000000001,29.05,2.48,,7.27,16.9,4.45,4.76,25.21,8.030000000000001,2.7800000000000002,10.17,4.6899999999999995,10.16,19.88,8.09,24.619999999999997,5.25,17.909999999999997,7.4799999999999995,19.96,39.54,6.63,0.49,42.4,5.98,,,7.949999999999999,9.34,1.97,23.240000000000002,9.91,22.19,14.889999999999999,3.35,12.03,8.569999999999999,6.89,4.88
2023-02-02,5.37,13.87,5.340000000000001,7.220000000000001,17.69,3.5,12.55,18.45,7.800000000000001,1.75,5.0200000000000005,23.23,5.760000000000001,12.08,,11.129999999999999,8.7,9.92,10.95,5.63,0.8700000000000001,29.05,2.48,,7.27,16.9,4.45,4.76,25.21,8.030000000000001,2.7800000000000002,10.17,4.6899999999999995,10.16,19.88,8.09,24.619999999999997,5.25,17.909999999999997,7.4799999999999995,19.96,39.54,6.63,0.49,42.4,5.98,,,7.949999999999999,9.34,1.97,23.240000000000002,9.91,22.19,14.889999999999999,3.35,12.03,8.569999999999999,6.89,4.88
2023-02-03,5.37,13.87,5.340000000000001,7.220000000000001,17.69,3.5,12.55,18.45,7.800000000000001,1.75,5.0200000000000005,23.23,5.760000000000001,12.08,,11.129999999999999,8.7,9.92,10.95,5.63,0.8700000000000001,29.05,2.48,,7.27,16.9,4.45,4.76,25.21,8.030000000000001,2.7800000000000002,10.17,4.6899999999999995,10.16,19.88,8.09,24.619999999999997,5.25,17.909999999999997,7.4799999999999995,19.96,39.54,6.63,0.49,42.4,5.98,,,7.949999999999999,9.34,1.97,23.240000000000002,9.91,22.19,14.889999999999999,3.35,12.03,8.569999999999999,6.89,4.88
2023-02-06,5.37,13.87,5.340000000000001,7.220000000000001,17.69,3.5,12.55,18.45,7.800000000000001,1.75,5.0200000000000005,23.23,5.760000000000001,12.08,,11.129999999999999,8.7,9.92,10.95,5.63,0.8700000000000001,29.05,2.48,,7.27,16.9,4.45,4.76,25.21,8.030000000000001,2.7800000000000002,10.17,4.6899999999999995,10.16,19.88,8.09,24.619999999999997,5.25,17.909999999999997,7.4799999999999995,19.96,39.54,6.63,0.49,42.4,5.98,,,7.949999999999999,9.34,1.97,23.240000000000002,9.91,22.19,14.889999999999999,3.35,12.03,8.569999999999999,6.89,4.88
2023-02-07,5.37,13.87,5.340000000000001,7.220000000000001,17.69,3.5,12.55,18.45,7.800000000000001,1.75,5.0200000000000005,23.23,5.760000000000001,12.08,,11.129999999999999,8.7,9.92,10.95,5.63,0.8700000000000001,29.05,2.48,,7.27,16.9,4.45,4.76,25.21,8.030000000000001,2.7800000000000002,10.17,4.6899999999999995,10.16,19.88,8.09,24.619999999999997,5.25,17.909999999999997,7.4799999999999995,19.96,39.54,6.63,0.49,42.4,5.98,,,7.949999999999999,9.34,1.97,23.240000000000002,9.91,22.19,14.889999999999999,3.35,12.03,8.569999999999999,6.89,4.88
2023-02-08,5.37,13.87,5.340000000000001,7.220000000000001,17.69,3.5,12.55,18.45,7.800000000000001,1.75,5.0200000000000005,23.23,5.760000000000001,12.08,,11.129999999999999,8.7,9.92,10.95,5.63,0.8700000000000001,29.05,2.48,,7.27,16.9,4.45,4.76,25.21,8.030000000000001,2.7800000000000002,10.17,4.6899999999999995,10.16,19.88,8.09,24.619999999999997,5.25,17.909999999999997,7.4799999999999995,19.96,39.54,6.63,0.49,42.4,5.98,,,7.949999999999999,9.34,1.97,23.240000000000002,9.91,22.19,14.889999999999999,3.35,12.03,8.569999999999999,6.89,4.88
2023-02-09,5.37,13.87,5.340000000000001,7.220000000000001,17.69,3.5,12.55,18.45,7.800000000000001,1.75,5.0200000000000005,23.23,5.760000000000001,12.08,,11.129999999999999,8.7,9.92,10.95,5.63,0.8700000000000001,29.05,2.48,,7.27,16.9,4.45,4.76,25.21,8.030000000000001,2.7800000000000002,10.17,4.6899999999999995,10.16,19.88,8.09,24.619999999999997,5.25,17.909999999999997,7.4799999999999995,19.96,39.54,6.63,0.49,42.4,5.98,,,7.949999999999999,9.34,1.97,23.240000000000002,9.91,22.19,14.889999999999999,3.35,12.03,8.569999999999999,6.89,4.88
2023-02-10,5.37,13.87,5.340000000000001,7.220000000000001,17.69,3.5,12.55,18.45,7.800000000000001,1.75,5.0200000000000005,23.23,5.760000000000001,12.08,,11.129999999999999,8.7,9.92,10.95,5.63,0.8700000000000001,29.05,2.48,,7.27,16.9,4.45,4.76,25.21,8.030000000000001,2.7800000000000002,10.17,4.6899999999999995,10.16,19.88,8.09,24.619999999999997,5.25,17.909999999999997,7.4799999999999995,19.96,39.54,6.63,0.49,42.4,5.98,,,7.949999999999999,9.34,1.97,23.240000000000002,9.91,22.19,14.889999999999999,3.35,12.03,8.569999999999999,6.89,4.88
2023-02-13,5.37,13.87,5.340000000000001,7.220000000000001,17.69,3.5,12.55,18.45,7.800000000000001,1.75,5.0200000000000005,23.23,5.760000000000001,12.08,,11.129999999999999,8.7,9.92,10.95,5.63,0.8700000000000001,29.05,2.48,,7.27,16.9,4.45,4.76,25.21,8.030000000000001,2.7800000000000002,10.17,4.6899999999999995,10.16,19.88,8.09,24.619999999999997,5.25,17.909999999999997,7.4799999999999995,19.96,39.54,6.63,0.49,42.4,5.98,,,7.949999999999999,9.34,1.97,23.240000000000002,9.91,22.19,14.889999999999999,3.35,12.03,8.569999999999999,6.89,4.88
2023-02-14,5.37,13.87,5.340000000000001,7.220000000000001,17.69,3.5,12.55,18.45,7.800000000000001,1.75,5.0200000000000005,23.23,5.760000000000001,12.08,,11.129999999999999,8.7,9.92,10.95,5.63,0.8700000000000001,29.05,2.48,,7.27,16.9,4.45,4.76,25.21,8.030000000000001,2.7800000000000002,10.17,4.6899999999999995,10.16,19.88,8.09,24.619999999999997,5.25,17.909999999999997,7.4799999999999995,19.96,39.54,6.63,0.49,42.4,5.98,,,7.949999999999999,9.34,1.97,23.240000000000002,9.91,22.19,14.889999999999999,3.35,12.03,8.569999999999999,6.89,4.88
2023-02-15,5.37,13.87,5.340000000000001,7.220000000000001,17.69,3.5,12.55,18.45,7.800000000000001,1.75,5.0200000000000005,23.23,5.760000000000001,12.08,,11.129999999999999,8.7,9.92,10.95,5.63,0.8700000000000001,29.05,2.48,,7.27,16.9,4.45,4.76,25.21,8.030000000000001,2.7800000000000002,10.17,4.6899999999999995,10.16,19.88,8.09,24.619999999999997,5.25,17.909999999999997,7.4799999999999995,19.96,39.54,6.63,0.49,42.4,5.98,,,7.949999999999999,9.34,1.97,23.240000000000002,9.91,22.19,14.889999999999999,3.35,12.03,8.569999999999999,6.89,4.88
2023-02-16,5.37,13.87,5.340000000000001,7.220000000000001,17.69,3.5,12.55,18.45,7.800000000000001,1.75,5.0200000000000005,23.23,5.760000000000001,12.08,,11.129999999999999,8.7,9.92,10.95,5.63,0.8700000000000001,29.05,2.48,,7.27,16.9,4.45,4.76,25.21,8.030000000000001,2.7800000000000002,10.17,4.6899999999999995,10.16,19.88,8.09,24.619999999999997,5.25,17.909999999999997,7.4799999999999995,19.96,39.54,6.63,0.49,42.4,5.98,,,7.949999999999999,9.34,1.97,23.240000000000002,9.91,22.19,14.889999999999999,3.35,12.03,8.569999999999999,6.89,4.88
2023-02-17,5.37,13.87,5.340000000000001,7.220000000000001,17.69,3.5,12.55,18.45,7.800000000000001,1.75,5.0200000000000005,23.23,5.760000000000001,12.08,,11.129999999999999,8.7,9.92,10.95,5.63,0.8700000000000001,29.05,2.48,,7.27,16.9,4.45,4.76,25.21,8.030000000000001,2.7800000000000002,10.17,4.6899999999999995,10.16,19.88,8.09,24.619999999999997,5.25,17.909999999999997,7.4799999999999995,19.96,39.54,6.63,0.49,42.4,5.98,,,7.949999999999999,9.34,1.97,23.240000000000002,9.91,22.19,14.889999999999999,3.35,12.03,8.569999999999999,6.89,4.88
2023-02-21,5.37,13.87,5.340000000000001,7.220000000000001,17.69,3.5,12.55,18.45,7.800000000000001,1.75,5.0200000000000005,23.23,5.760000000000001,12.08,,11.129999999999999,8.7,9.92,10.95,5.63,0.8700000000000001,29.05,2.48,,7.27,16.9,4.45,4.76,25.21,8.030000000000001,2.7800000000000002,10.17,4.6899999999999995,10.16,19.88,8.09,24.619999999999997,5.25,17.909999999999997,7.4799999999999995,19.96,39.54,6.63,0.49,42.4,5.98,,,7.949999999999999,9.34,1.97,23.240000000000002,9.91,22.19,14.889999999999999,3.35,12.03,8.569999999999999,6.89,4.88
2023-02-22,5.37,13.87,5.340000000000001,7.220000000000001,17.69,3.5,12.55,18.45,7.800000000000001,1.75,5.0200000000000005,23.23,5.760000000000001,12.08,,11.129999999999999,8.7,9.92,10.95,5.63,0.8700000000000001,29.05,2.48,,7.27,16.9,4.45,4.76,25.21,8.030000000000001,2.7800000000000002,10.17,4.6899999999999995,10.16,19.88,8.09,24.619999999999997,5.25,17.909999999999997,7.4799999999999995,19.96,39.54,6.63,0.49,42.4,5.98,,,7.949999999999999,9.34,1.97,23.240000000000002,9.91,22.19,14.889999999999999,3.35,12.03,8.569999999999999,6.89,4.88
2023-02-23,5.37,13.87,5.340000000000001,7.220000000000001,17.69,3.5,12.55,18.45,7.800000000000001,1.75,5.0200000000000005,23.23,5.760000000000001,12.08,,11.129999999999999,8.7,9.92,10.95,5.63,0.8700000000000001,29.05,2.48,,7.27,16.9,4.45,4.76,25.21,8.030000000000001,2.7800000000000002,10.17,4.6899999999999995,10.16,19.88,8.09,24.619999999999997,5.25,17.909999999999997,7.4799999999999995,19.96,39.54,6.63,0.49,42.4,5.98,,,7.949999999999999,9.34,1.97,23.240000000000002,9.91,22.19,14.889999999999999,3.35,12.03,8.569999999999999,6.89,4.88
2023-02-24,5.37,13.87,5.340000000000001,7.220000000000001,17.69,3.5,12.55,18.45,7.800000000000001,1.75,5.0200000000000005,23.23,5.760000000000001,12.08,,11.129999999999999,8.7,9.92,10.95,5.63,0.8700000000000001,29.05,2.48,,7.27,16.9,4.45,4.76,25.21,8.030000000000001,2.7800000000000002,10.17,4.6899999999999995,10.16,19.88,8.09,24.619999999999997,5.25,17.909999999999997,7.4799999999999995,19.96,39.54,6.63,0.49,42.4,5.98,,,7.949999999999999,9.34,1.97,23.240000000000002,9.91,22.19,14.889999999999999,3.35,12.03,8.569999999999999,6.89,4.88
2023-02-27,5.37,13.87,5.340000000000001,7.220000000000001,17.69,3.5,12.55,18.45,7.800000000000001,1.75,5.0200000000000005,23.23,5.760000000000001,12.08,,11.129999999999999,8.7,9.92,10.95,5.63,0.8700000000000001,29.05,2.48,,7.27,16.9,4.45,4.76,25.21,8.030000000000001,2.7800000000000002,10.17,4.6899999999999995,10.16,19.88,8.09,24.619999999999997,5.25,17.909999999999997,7.4799999999999995,19.96,39.54,6.63,0.49,42.4,5.98,,,7.949999999999999,9.34,1.97,23.240000000000002,9.91,22.19,14.889999999999999,3.35,12.03,8.569999999999999,6.89,4.88
2023-02-28,5.37,13.87,5.340000000000001,7.220000000000001,17.69,3.5,12.55,18.45,7.800000000000001,1.75,5.0200000000000005,23.23,5.760000000000001,12.08,,11.129999999999999,8.7,9.92,10.95,5.63,0.8700000000000001,29.05,2.48,,7.27,16.9,4.45,4.76,25.21,8.030000000000001,2.7800000000000002,10.17,4.6899999999999995,10.16,19.88,8.09,24.619999999999997,5.25,17.909999999999997,7.4799999999999995,19.96,39.54,6.63,0.49,42.4,5.98,,,7.949999999999999,9.34,1.97,23.240000000000002,9.91,22.19,14.889999999999999,3.35,12.03,8.569999999999999,6.89,4.88
2023-03-01,5.37,13.87,5.340000000000001,7.220000000000001,17.69,3.5,12.55,18.45,7.800000000000001,1.75,5.0200000000000005,23.23,5.760000000000001,12.08,,11.129999999999999,8.7,9.92,10.95,5.63,0.8700000000000001,29.05,2.48,,7.27,16.9,4.45,4.76,25.21,8.030000000000001,2.7800000000000002,10.17,4.6899999999999995,10.16,19.88,8.09,24.619999999999997,5.25,17.909999999999997,7.4799999999999995,19.96,39.54,6.63,0.49,42.4,5.98,,,7.949999999999999,9.34,1.97,23.240000000000002,9.91,22.19,14.889999999999999,3.35,12.03,8.569999999999999,6.89,4.88
2023-03-02,5.37,13.87,5.340000000000001,7.220000000000001,17.69,3.5,12.55,18.45,7.800000000000001,1.75,5.0200000000000005,23.23,5.760000000000001,12.08,,11.129999999999999,8.7,9.92,10.95,5.63,0.8700000000000001,29.05,2.48,,7.27,16.9,4.45,4.76,25.21,8.030000000000001,2.7800000000000002,10.17,4.6899999999999995,10.16,19.88,8.09,24.619999999999997,5.25,17.909999999999997,7.4799999999999995,19.96,39.54,6.63,0.49,42.4,5.98,,,7.949999999999999,9.34,1.97,23.240000000000002,9.91,22.19,14.889999999999999,3.35,12.03,8.569999999999999,6.89,4.88
2023-03-03,5.37,13.87,5.340000000000001,7.220000000000001,17.69,3.5,12.55,18.45,7.800000000000001,1.75,5.0200000000000005,23.23,5.760000000000001,12.08,,11.129999999999999,8.7,9.92,10.95,5.63,0.8700000000000001,29.05,2.48,,7.27,16.9,4.45,4.76,25.21,8.030000000000001,2.7800000000000002,10.17,4.6899999999999995,10.16,19.88,8.09,24.619999999999997,5.25,17.909999999999997,7.4799999999999995,19.96,39.54,6.63,0.49,42.4,5.98,,,7.949999999999999,9.34,1.97,23.240000000000002,9.91,22.19,14.889999999999999,3.35,12.03,8.569999999999999,6.89,4.88
2023-03-06,5.37,13.87,5.340000000000001,7.220000000000001,17.69,3.5,12.55,18.45,7.800000000000001,1.75,5.0200000000000005,23.23,5.760000000000001,12.08,,11.129999999999999,8.7,9.92,10.95,5.63,0.8700000000000001,29.05,2.48,,7.27,16.9,4.45,4.76,25.21,8.030000000000001,2.7800000000000002,10.17,4.6899999999999995,10.16,19.88,8.09,24.619999999999997,5.25,17.909999999999997,7.4799999999999995,19.96,39.54,6.63,0.49,42.4,5.98,,,7.949999999999999,9.34,1.97,23.240000000000002,9.91,22.19,14.889999999999999,3.35,12.03,8.569999999999999,6.89,4.88
2023-03-07,5.37,13.87,5.340000000000001,7.220000000000001,17.69,3.5,12.55,18.45,7.800000000000001,1.75,5.0200000000000005,23.23,5.760000000000001,12.08,,11.129999999999999,8.7,9.92,10.95,5.63,0.8700000000000001,29.05,2.48,,7.27,16.9,4.45,4.76,25.21,8.030000000000001,2.7800000000000002,10.17,4.6899999999999995,10.16,19.88,8.09,24.619999999999997,5.25,17.909999999999997,7.4799999999999995,19.96,39.54,6.63,0.49,42.4,5.98,,,7.949999999999999,9.34,1.97,23.240000000000002,9.91,22.19,14.889999999999999,3.35,12.03,8.569999999999999,6.89,4.88
2023-03-08,5.37,13.87,5.340000000000001,7.220000000000001,17.69,3.5,12.55,18.45,7.800000000000001,1.75,5.0200000000000005,23.23,5.760000000000001,12.08,,11.129999999999999,8.7,9.92,10.95,5.63,0.8700000000000001,29.05,2.48,,7.27,16.9,4.45,4.76,25.21,8.030000000000001,2.7800000000000002,10.17,4.6899999999999995,10.16,19.88,8.09,24.619999999999997,5.25,17.909999999999997,7.4799999999999995,19.96,39.54,6.63,0.49,42.4,5.98,,,7.949999999999999,9.34,1.97,23.240000000000002,9.91,22.19,14.889999999999999,3.35,12.03,8.569999999999999,6.89,4.88
2023-03-09,5.37,13.87,5.340000000000001,7.220000000000001,17.69,3.5,12.55,18.45,7.800000000000001,1.75,5.0200000000000005,23.23,5.760000000000001,12.08,,11.129999999999999,8.7,9.92,10.95,5.63,0.8700000000000001,29.05,2.48,,7.27,16.9,4.45,4.76,25.21,8.030000000000001,2.7800000000000002,10.17,4.6899999999999995,10.16,19.88,8.09,24.619999999999997,5.25,17.909999999999997,7.4799999999999995,19.96,39.54,6.63,0.49,42.4,5.98,,,7.949999999999999,9.34,1.97,23.240000000000002,9.91,22.19,14.889999999999999,3.35,12.03,8.569999999999999,6.89,4.88
2023-03-10,5.37,13.87,5.340000000000001,7.220000000000001,17.69,3.5,12.55,18.45,7.800000000000001,1.75,5.0200000000000005,23.23,5.760000000000001,12.08,,11.129999999999999,8.7,9.92,10.95,5.63,0.8700000000000001,29.05,2.48,,7.27,16.9,4.45,4.76,25.21,8.030000000000001,2.7800000000000002,10.17,4.6899999999999995,10.16,19.88,8.09,24.619999999999997,5.25,17.909999999999997,7.4799999999999995,19.96,39.54,6.63,0.49,42.4,5.98,,,7.949999999999999,9.34,1.97,23.240000000000002,9.91,22.19,14.889999999999999,3.35,12.03,8.569999999999999,6.89,4.88
2023-03-13,5.37,13.87,5.340000000000001,7.220000000000001,17.69,3.5,12.55,18.45,7.800000000000001,1.75,5.0200000000000005,23.23,5.760000000000001,12.08,,11.129999999999999,8.7,9.92,10.95,5.63,0.8700000000000001,29.05,2.48,,7.27,16.9,4.45,4.76,25.21,8.030000000000001,2.7800000000000002,10.17,4.6899999999999995,10.16,19.88,8.09,24.619999999999997,5.25,17.909999999999997,7.4799999999999995,19.96,39.54,6.63,0.49,42.4,5.98,,,7.949999999999999,9.34,1.97,23.240000000000002,9.91,22.19,14.889999999999999,3.35,12.03,8.569999999999999,6.89,4.88
2023-03-14,5.37,13.87,5.340000000000001,7.220000000000001,17.69,3.5,12.55,18.45,7.800000000000001,1.75,5.0200000000000005,23.23,5.760000000000001,12.08,,11.129999999999999,8.7,9.92,10.95,5.63,0.8700000000000001,29.05,2.48,,7.27,16.9,4.45,4.76,25.21,8.030000000000001,2.7800000000000002,10.17,4.6899999999999995,10.16,19.88,8.09,24.619999999999997,5.25,17.909999999999997,7.4799999999999995,19.96,39.54,6.63,0.49,42.4,5.98,,,7.949999999999999,9.34,1.97,23.240000000000002,9.91,22.19,14.889999999999999,3.35,12.03,8.569999999999999,6.89,4.88
2023-03-15,5.37,13.87,5.340000000000001,7.220000000000001,17.69,3.5,12.55,18.45,7.800000000000001,1.75,5.0200000000000005,23.23,5.760000000000001,12.08,,11.129999999999999,8.7,9.92,10.95,5.63,0.8700000000000001,29.05,2.48,,7.27,16.9,4.45,4.76,25.21,8.030000000000001,2.7800000000000002,10.17,4.6899999999999995,10.16,19.88,8.09,24.619999999999997,5.25,17.909999999999997,7.4799999999999995,19.96,39.54,6.63,0.49,42.4,5.98,,,7.949999999999999,9.34,1.97,23.240000000000002,9.91,22.19,14.889999999999999,3.35,12.03,8.569999999999999,6.89,4.88
2023-03-16,5.37,13.87,5.340000000000001,7.220000000000001,17.69,3.5,12.55,18.45,7.800000000000001,1.75,5.0200000000000005,23.23,5.760000000000001,12.08,,11.129999999999999,8.7,9.92,10.95,5.63,0.8700000000000001,29.05,2.48,,7.27,16.9,4.45,4.76,25.21,8.030000000000001,2.7800000000000002,10.17,4.6899999999999995,10.16,19.88,8.09,24.619999999999997,5.25,17.909999999999997,7.4799999999999995,19.96,39.54,6.63,0.49,42.4,5.98,,,7.949999999999999,9.34,1.97,23.240000000000002,9.91,22.19,14.889999999999999,3.35,12.03,8.569999999999999,6.89,4.88
2023-03-17,5.37,13.87,5.340000000000001,7.220000000000001,17.69,3.5,12.55,18.45,7.800000000000001,1.75,5.0200000000000005,23.23,5.760000000000001,12.08,,11.129999999999999,8.7,9.92,10.95,5.63,0.8700000000000001,29.05,2.48,,7.27,16.9,4.45,4.76,25.21,8.030000000000001,2.7800000000000002,10.17,4.6899999999999995,10.16,19.88,8.09,24.619999999999997,5.25,17.909999999999997,7.4799999999999995,19.96,39.54,6.63,0.49,42.4,5.98,,,7.949999999999999,9.34,1.97,23.240000000000002,9.91,22.19,14.889999999999999,3.35,12.03,8.569999999999999,6.89,4.88
2023-03-20,5.37,13.87,5.340000000000001,7.220000000000001,17.69,3.5,12.55,18.45,7.800000000000001,1.75,5.0200000000000005,23.23,5.760000000000001,12.08,,11.129999999999999,8.7,9.92,10.95,5.63,0.8700000000000001,29.05,2.48,,7.27,16.9,4.45,4.76,25.21,8.030000000000001,2.7800000000000002,10.17,4.6899999999999995,10.16,19.88,8.09,24.619999999999997,5.25,17.909999999999997,7.4799999999999995,19.96,39.54,6.63,0.49,42.4,5.98,,,7.949999999999999,9.34,1.97,23.240000000000002,9.91,22.19,14.889999999999999,3.35,12.03,8.569999999999999,6.89,4.88
2023-03-21,5.37,13.87,5.340000000000001,7.220000000000001,17.69,3.5,12.55,18.45,7.800000000000001,1.75,5.0200000000000005,23.23,5.760000000000001,12.08,,11.129999999999999,8.7,9.92,10.95,5.63,0.8700000000000001,29.05,2.48,,7.27,16.9,4.45,4.76,25.21,8.030000000000001,2.7800000000000002,10.17,4.6899999999999995,10.16,19.88,8.09,24.619999999999997,5.25,17.909999999999997,7.4799999999999995,19.96,39.54,6.63,0.49,42.4,5.98,,,7.949999999999999,9.34,1.97,23.240000000000002,9.91,22.19,14.889999999999999,3.35,12.03,8.569999999999999,6.89,4.88
2023-03-22,5.37,13.87,5.340000000000001,7.220000000000001,17.69,3.5,12.55,18.45,7.800000000000001,1.75,5.0200000000000005,23.23,5.760000000000001,12.08,,11.129999999999999,8.7,9.92,10.95,5.63,0.8700000000000001,29.05,2.48,,7.27,16.9,4.45,4.76,25.21,8.030000000000001,2.7800000000000002,10.17,4.6899999999999995,10.16,19.88,8.09,24.619999999999997,5.25,17.909999999999997,7.4799999999999995,19.96,39.54,6.63,0.49,42.4,5.98,,,7.949999999999999,9.34,1.97,23.240000000000002,9.91,22.19,14.889999999999999,3.35,12.03,8.569999999999999,6.89,4.88
2023-03-23,5.37,13.87,5.340000000000001,7.220000000000001,17.69,3.5,12.55,18.45,7.800000000000001,1.75,5.0200000000000005,23.23,5.760000000000001,12.08,,11.129999999999999,8.7,9.92,10.95,5.63,0.8700000000000001,29.05,2.48,,7.27,16.9,4.45,4.76,25.21,8.030000000000001,2.7800000000000002,10.17,4.6899999999999995,10.16,19.88,8.09,24.619999999999997,5.25,17.909999999999997,7.4799999999999995,19.96,39.54,6.63,0.49,42.4,5.98,,,7.949999999999999,9.34,1.97,23.240000000000002,9.91,22.19,14.889999999999999,3.35,12.03,8.569999999999999,6.89,4.88
2023-03-24,5.37,13.87,5.340000000000001,7.220000000000001,17.69,3.5,12.55,18.45,7.800000000000001,1.75,5.0200000000000005,23.23,5.760000000000001,12.08,,11.129999999999999,8.7,9.92,10.95,5.63,0.8700000000000001,29.05,2.48,,7.27,16.9,4.45,4.76,25.21,8.030000000000001,2.7800000000000002,10.17,4.6899999999999995,10.16,19.88,8.09,24.619999999999997,5.25,17.909999999999997,7.4799999999999995,19.96,39.54,6.63,0.49,42.4,5.98,,,7.949999999999999,9.34,1.97,23.240000000000002,9.91,22.19,14.889999999999999,3.35,12.03,8.569999999999999,6.89,4.88
2023-03-27,5.37,13.87,5.340000000000001,7.220000000000001,17.69,3.5,12.55,18.45,7.800000000000001,1.75,5.0200000000000005,23.23,5.760000000000001,12.08,,11.129999999999999,8.7,9.92,10.95,5.63,0.8700000000000001,29.05,2.48,,7.27,16.9,4.45,4.76,25.21,8.030000000000001,2.7800000000000002,10.17,4.6899999999999995,10.16,19.88,8.09,24.619999999999997,5.25,17.909999999999997,7.4799999999999995,19.96,39.54,6.63,0.49,42.4,5.98,,,7.949999999999999,9.34,1.97,23.240000000000002,9.91,22.19,14.889999999999999,3.35,12.03,8.569999999999999,6.89,4.88
2023-03-28,5.37,13.87,5.340000000000001,7.220000000000001,17.69,3.5,12.55,18.45,7.800000000000001,1.75,5.0200000000000005,23.23,5.760000000000001,12.08,,11.129999999999999,8.7,9.92,10.95,5.63,0.8700000000000001,29.05,2.48,,7.27,16.9,4.45,4.76,25.21,8.030000000000001,2.7800000000000002,10.17,4.6899999999999995,10.16,19.88,8.09,24.619999999999997,5.25,17.909999999999997,7.4799999999999995,19.96,39.54,6.63,0.49,42.4,5.98,,,7.949999999999999,9.34,1.97,23.240000000000002,9.91,22.19,14.889999999999999,3.35,12.03,8.569999999999999,6.89,4.88
2023-03-29,5.37,13.87,5.340000000000001,7.220000000000001,17.69,3.5,12.55,18.45,7.800000000000001,1.75,5.0200000000000005,23.23,5.760000000000001,12.08,,11.129999999999999,8.7,9.92,10.95,5.63,0.8700000000000001,29.05,2.48,,7.27,16.9,4.45,4.76,25.21,8.030000000000001,2.7800000000000002,10.17,4.6899999999999995,10.16,19.88,8.09,24.619999999999997,5.25,17.909999999999997,7.4799999999999995,19.96,39.54,6.63,0.49,42.4,5.98,,,7.949999999999999,9.34,1.97,23.240000000000002,9.91,22.19,14.889999999999999,3.35,12.03,8.569999999999999,6.89,4.88
2023-03-30,5.37,13.87,5.340000000000001,7.220000000000001,17.69,3.5,12.55,18.45,7.800000000000001,1.75,5.0200000000000005,23.23,5.760000000000001,12.08,,11.129999999999999,8.7,9.92,10.95,5.63,0.8700000000000001,29.05,2.48,,7.27,16.9,4.45,4.76,25.21,8.030000000000001,2.7800000000000002,10.17,4.6899999999999995,10.16,19.88,8.09,24.619999999999997,5.25,17.909999999999997,7.4799999999999995,19.96,39.54,6.63,0.49,42.4,5.98,,,7.949999999999999,9.34,1.97,23.240000000000002,9.91,22.19,14.889999999999999,3.35,12.03,8.569999999999999,6.89,4.88
2023-03-31,5.37,13.09,4.640000000000001,6.91,17.42,3.1599999999999997,11.77,17.47,7.79,1.8299999999999998,5.3100000000000005,22.63,6.04,12.08,,11.16,8.68,8.739999999999998,10.55,5.27,0.9600000000000001,30.26,2.5,,6.5200000000000005,17.71,3.9,4.67,26.550000000000004,8.309999999999999,2.6,10.149999999999999,4.79,10.17,17.59,6.94,25.98,5.25,18.82,6.74,11.569999999999999,40.36,6.1899999999999995,0.31999999999999995,43.56,6.34,,,8.21,9.51,1.96,21.02,10.1,22.96,14.419999999999998,3.19,11.72,8.25,7.17,4.87
2023-04-03,5.37,13.09,4.640000000000001,6.91,17.42,3.1599999999999997,11.77,17.47,7.79,1.8299999999999998,5.3100000000000005,22.63,6.04,12.08,,11.16,8.68,8.739999999999998,10.55,5.27,0.9600000000000001,30.26,2.5,,6.5200000000000005,17.71,3.9,4.67,26.550000000000004,8.309999999999999,2.6,10.149999999999999,4.79,10.17,17.59,6.94,25.98,5.25,18.82,6.74,11.569999999999999,40.36,6.1899999999999995,0.31999999999999995,43.56,6.34,,,8.21,9.51,1.96,21.02,10.1,22.96,14.419999999999998,3.19,11.72,8.25,7.17,4.87
2023-04-04,5.37,13.09,4.640000000000001,6.91,17.42,3.1599999999999997,11.77,17.47,7.79,1.8299999999999998,5.3100000000000005,22.63,6.04,12.08,,11.16,8.68,8.739999999999998,10.55,5.27,0.9600000000000001,30.26,2.5,,6.5200000000000005,17.71,3.9,4.67,26.550000000000004,8.309999999999999,2.6,10.149999999999999,4.79,10.17,17.59,6.94,25.98,5.25,18.82,6.74,11.569999999999999,40.36,6.1899999999999995,0.31999999999999995,43.56,6.34,,,8.21,9.51,1.96,21.02,10.1,22.96,14.419999999999998,3.19,11.72,8.25,7.17,4.87
2023-04-05,5.37,13.09,4.640000000000001,6.91,17.42,3.1599999999999997,11.77,17.47,7.79,1.8299999999999998,5.3100000000000005,22.63,6.04,12.08,,11.16,8.68,8.739999999999998,10.55,5.27,0.9600000000000001,30.26,2.5,,6.5200000000000005,17.71,3.9,4.67,26.550000000000004,8.309999999999999,2.6,10.149999999999999,4.79,10.17,17.59,6.94,25.98,5.25,18.82,6.74,11.569999999999999,40.36,6.1899999999999995,0.31999999999999995,43.56,6.34,,,8.21,9.51,1.96,21.02,10.1,22.96,14.419999999999998,3.19,11.72,8.25,7.17,4.87
2023-04-06,5.37,13.09,4.640000000000001,6.91,17.42,3.1599999999999997,11.77,17.47,7.79,1.8299999999999998,5.3100000000000005,22.63,6.04,12.08,,11.16,8.68,8.739999999999998,10.55,5.27,0.9600000000000001,30.26,2.5,,6.5200000000000005,17.71,3.9,4.67,26.550000000000004,8.309999999999999,2.6,10.149999999999999,4.79,10.17,17.59,6.94,25.98,5.25,18.82,6.74,11.569999999999999,40.36,6.1899999999999995,0.31999999999999995,43.56,6.34,,,8.21,9.51,1.96,21.02,10.1,22.96,14.419999999999998,3.19,11.72,8.25,7.17,4.87
2023-04-10,5.37,13.09,4.640000000000001,6.91,17.42,3.1599999999999997,11.77,17.47,7.79,1.8299999999999998,5.3100000000000005,22.63,6.04,12.08,,11.16,8.68,8.739999999999998,10.55,5.27,0.9600000000000001,30.26,2.5,,6.5200000000000005,17.71,3.9,4.67,26.550000000000004,8.309999999999999,2.6,10.149999999999999,4.79,10.17,17.59,6.94,25.98,5.25,18.82,6.74,11.569999999999999,40.36,6.1899999999999995,0.31999999999999995,43.56,6.34,,,8.21,9.51,1.96,21.02,10.1,22.96,14.419999999999998,3.19,11.72,8.25,7.17,4.87
2023-04-11,5.37,13.09,4.640000000000001,6.91,17.42,3.1599999999999997,11.77,17.47,7.79,1.8299999999999998,5.3100000000000005,22.63,6.04,12.08,,11.16,8.68,8.739999999999998,10.55,5.27,0.9600000000000001,30.26,2.5,,6.5200000000000005,17.71,3.9,4.67,26.550000000000004,8.309999999999999,2.6,10.149999999999999,4.79,10.17,17.59,6.94,25.98,5.25,18.82,6.74,11.569999999999999,40.36,6.1899999999999995,0.31999999999999995,43.56,6.34,,,8.21,9.51,1.96,21.02,10.1,22.96,14.419999999999998,3.19,11.72,8.25,7.17,4.87
2023-04-12,5.37,13.09,4.640000000000001,6.91,17.42,3.1599999999999997,11.77,17.47,7.79,1.8299999999999998,5.3100000000000005,22.63,6.04,12.08,,11.16,8.68,8.739999999999998,10.55,5.27,0.9600000000000001,30.26,2.5,,6.5200000000000005,17.71,3.9,4.67,26.550000000000004,8.309999999999999,2.6,10.149999999999999,4.79,10.17,17.59,6.94,25.98,5.25,18.82,6.74,11.569999999999999,40.36,6.1899999999999995,0.31999999999999995,43.56,6.34,,,8.21,9.51,1.96,21.02,10.1,22.96,14.419999999999998,3.19,11.72,8.25,7.17,4.87
2023-04-13,5.37,13.09,4.640000000000001,6.91,17.42,3.1599999999999997,11.77,17.47,7.79,1.8299999999999998,5.3100000000000005,22.63,6.04,12.08,,11.16,8.68,8.739999999999998,10.55,5.27,0.9600000000000001,30.26,2.5,,6.5200000000000005,17.71,3.9,4.67,26.550000000000004,8.309999999999999,2.6,10.149999999999999,4.79,10.17,17.59,6.94,25.98,5.25,18.82,6.74,11.569999999999999,40.36,6.1899999999999995,0.31999999999999995,43.56,6.34,,,8.21,9.51,1.96,21.02,10.1,22.96,14.419999999999998,3.19,11.72,8.25,7.17,4.87
2023-04-14,5.37,13.09,4.640000000000001,6.91,17.42,3.1599999999999997,11.77,17.47,7.79,1.8299999999999998,5.3100000000000005,22.63,6.04,12.08,,11.16,8.68,8.739999999999998,10.55,5.27,0.9600000000000001,30.26,2.5,,6.5200000000000005,17.71,3.9,4.67,26.550000000000004,8.309999999999999,2.6,10.149999999999999,4.79,10.17,17.59,6.94,25.98,5.25,18.82,6.74,11.569999999999999,40.36,6.1899999999999995,0.31999999999999995,43.56,6.34,,,8.21,9.51,1.96,21.02,10.1,22.96,14.419999999999998,3.19,11.72,8.25,7.17,4.87
2023-04-17,5.37,13.09,4.640000000000001,6.91,17.42,3.1599999999999997,11.77,17.47,7.79,1.8299999999999998,5.3100000000000005,22.63,6.04,12.08,,11.16,8.68,8.739999999999998,10.55,5.27,0.9600000000000001,30.26,2.5,,6.5200000000000005,17.71,3.9,4.67,26.550000000000004,8.309999999999999,2.6,10.149999999999999,4.79,10.17,17.59,6.94,25.98,5.25,18.82,6.74,11.569999999999999,40.36,6.1899999999999995,0.31999999999999995,43.56,6.34,,,8.21,9.51,1.96,21.02,10.1,22.96,14.419999999999998,3.19,11.72,8.25,7.17,4.87
2023-04-18,5.37,13.09,4.640000000000001,6.91,17.42,3.1599999999999997,11.77,17.47,7.79,1.8299999999999998,5.3100000000000005,22.63,6.04,12.08,,11.16,8.68,8.739999999999998,10.55,5.27,0.9600000000000001,30.26,2.5,,6.5200000000000005,17.71,3.9,4.67,26.550000000000004,8.309999999999999,2.6,10.149999999999999,4.79,10.17,17.59,6.94,25.98,5.25,18.82,6.74,11.569999999999999,40.36,6.1899999999999995,0.31999999999999995,43.56,6.34,,,8.21,9.51,1.96,21.02,10.1,22.96,14.419999999999998,3.19,11.72,8.25,7.17,4.87
2023-04-19,5.37,13.09,4.640000000000001,6.91,17.42,3.1599999999999997,11.77,17.47,7.79,1.8299999999999998,5.3100000000000005,22.63,6.04,12.08,,11.16,8.68,8.739999999999998,10.55,5.27,0.9600000000000001,30.26,2.5,,6.5200000000000005,17.71,3.9,4.67,26.550000000000004,8.309999999999999,2.6,10.149999999999999,4.79,10.17,17.59,6.94,25.98,5.25,18.82,6.74,11.569999999999999,40.36,6.1899999999999995,0.31999999999999995,43.56,6.34,,,8.21,9.51,1.96,21.02,10.1,22.96,14.419999999999998,3.19,11.72,8.25,7.17,4.87
2023-04-20,5.37,13.09,4.640000000000001,6.91,17.42,3.1599999999999997,11.77,17.47,7.79,1.8299999999999998,5.3100000000000005,22.63,6.04,12.08,,11.16,8.68,8.739999999999998,10.55,5.27,0.9600000000000001,30.26,2.5,,6.5200000000000005,17.71,3.9,4.67,26.550000000000004,8.309999999999999,2.6,10.149999999999999,4.79,10.17,17.59,6.94,25.98,5.25,18.82,6.74,11.569999999999999,40.36,6.1899999999999995,0.31999999999999995,43.56,6.34,,,8.21,9.51,1.96,21.02,10.1,22.96,14.419999999999998,3.19,11.72,8.25,7.17,4.87
2023-04-21,5.37,13.09,4.640000000000001,6.91,17.42,3.1599999999999997,11.77,17.47,7.79,1.8299999999999998,5.3100000000000005,22.63,6.04,12.08,,11.16,8.68,8.739999999999998,10.55,5.27,0.9600000000000001,30.26,2.5,,6.5200000000000005,17.71,3.9,4.67,26.550000000000004,8.309999999999999,2.6,10.149999999999999,4.79,10.17,17.59,6.94,25.98,5.25,18.82,6.74,11.569999999999999,40.36,6.1899999999999995,0.31999999999999995,43.56,6.34,,,8.21,9.51,1.96,21.02,10.1,22.96,14.419999999999998,3.19,11.72,8.25,7.17,4.87
2023-04-24,5.37,13.09,4.640000000000001,6.91,17.42,3.1599999999999997,11.77,17.47,7.79,1.8299999999999998,5.3100000000000005,22.63,6.04,12.08,,11.16,8.68,8.739999999999998,10.55,5.27,0.9600000000000001,30.26,2.5,,6.5200000000000005,17.71,3.9,4.67,26.550000000000004,8.309999999999999,2.6,10.149999999999999,4.79,10.17,17.59,6.94,25.98,5.25,18.82,6.74,11.569999999999999,40.36,6.1899999999999995,0.31999999999999995,43.56,6.34,,,8.21,9.51,1.96,21.02,10.1,22.96,14.419999999999998,3.19,11.72,8.25,7.17,4.87
2023-04-25,5.37,13.09,4.640000000000001,6.91,17.42,3.1599999999999997,11.77,17.47,7.79,1.8299999999999998,5.3100000000000005,22.63,6.04,12.08,,11.16,8.68,8.739999999999998,10.55,5.27,0.9600000000000001,30.26,2.5,,6.5200000000000005,17.71,3.9,4.67,26.550000000000004,8.309999999999999,2.6,10.149999999999999,4.79,10.17,17.59,6.94,25.98,5.25,18.82,6.74,11.569999999999999,40.36,6.1899999999999995,0.31999999999999995,43.56,6.34,,,8.21,9.51,1.96,21.02,10.1,22.96,14.419999999999998,3.19,11.72,8.25,7.17,4.87
2023-04-26,5.37,13.09,4.640000000000001,6.91,17.42,3.1599999999999997,11.77,17.47,7.79,1.8299999999999998,5.3100000000000005,22.63,6.04,12.08,,11.16,8.68,8.739999999999998,10.55,5.27,0.9600000000000001,30.26,2.5,,6.5200000000000005,17.71,3.9,4.67,26.550000000000004,8.309999999999999,2.6,10.149999999999999,4.79,10.17,17.59,6.94,25.98,5.25,18.82,6.74,11.569999999999999,40.36,6.1899999999999995,0.31999999999999995,43.56,6.34,,,8.21,9.51,1.96,21.02,10.1,22.96,14.419999999999998,3.19,11.72,8.25,7.17,4.87
2023-04-27,5.37,13.09,4.640000000000001,6.91,17.42,3.1599999999999997,11.77,17.47,7.79,1.8299999999999998,5.3100000000000005,22.63,6.04,12.08,,11.16,8.68,8.739999999999998,10.55,5.27,0.9600000000000001,30.26,2.5,,6.5200000000000005,17.71,3.9,4.67,26.550000000000004,8.309999999999999,2.6,10.149999999999999,4.79,10.17,17.59,6.94,25.98,5.25,18.82,6.74,11.569999999999999,40.36,6.1899999999999995,0.31999999999999995,43.56,6.34,,,8.21,9.51,1.96,21.02,10.1,22.96,14.419999999999998,3.19,11.72,8.25,7.17,4.87
2023-04-28,5.37,13.09,4.640000000000001,6.91,17.42,3.1599999999999997,11.77,17.47,7.79,1.8299999999999998,5.3100000000000005,22.63,6.04,12.08,,11.16,8.68,8.739999999999998,10.55,5.27,0.9600000000000001,30.26,2.5,,6.5200000000000005,17.71,3.9,4.67,26.550000000000004,8.309999999999999,2.6,10.149999999999999,4.79,10.17,17.59,6.94,25.98,5.25,18.82,6.74,11.569999999999999,40.36,6.1899999999999995,0.31999999999999995,43.56,6.34,,,8.21,9.51,1.96,21.02,10.1,22.96,14.419999999999998,3.19,11.72,8.25,7.17,4.87
2023-05-01,5.51,13.09,4.640000000000001,6.91,17.42,3.1599999999999997,11.77,17.47,7.79,1.8299999999999998,5.3100000000000005,22.63,6.04,11.92,,11.16,8.68,8.739999999999998,10.55,5.27,0.9600000000000001,30.26,2.5,,6.5200000000000005,17.71,3.9,4.67,26.550000000000004,8.309999999999999,2.6,10.149999999999999,4.79,10.17,17.59,6.94,25.98,5.3,18.82,6.74,11.569999999999999,40.36,6.1899999999999995,0.31999999999999995,43.56,6.34,,,8.21,9.51,1.96,21.02,10.1,22.96,14.419999999999998,3.19,11.72,8.25,7.17,4.87
2023-05-02,5.51,13.09,4.640000000000001,6.91,17.42,3.1599999999999997,11.77,17.47,7.79,1.8299999999999998,5.3100000000000005,22.63,6.04,11.92,,11.16,8.68,8.739999999999998,10.55,5.27,0.9600000000000001,30.26,2.5,,6.5200000000000005,17.71,3.9,4.67,26.550000000000004,8.309999999999999,2.6,10.149999999999999,4.79,10.17,17.59,6.94,25.98,5.3,18.82,6.74,11.569999999999999,40.36,6.1899999999999995,0.31999999999999995,43.56,6.34,,,8.21,9.51,1.96,21.02,10.1,22.96,14.419999999999998,3.19,11.72,8.25,7.17,4.87
2023-05-03,5.51,13.09,4.640000000000001,6.91,17.42,3.1599999999999997,11.77,17.47,7.79,1.8299999999999998,5.3100000000000005,22.63,6.04,11.92,,11.16,8.68,8.739999999999998,10.55,5.27,0.9600000000000001,30.26,2.5,,6.5200000000000005,17.71,3.9,4.67,26.550000000000004,8.309999999999999,2.6,10.149999999999999,4.79,10.17,17.59,6.94,25.98,5.3,18.82,6.74,11.569999999999999,40.36,6.1899999999999995,0.31999999999999995,43.56,6.34,,,8.21,9.51,1.96,21.02,10.1,22.96,14.419999999999998,3.19,11.72,8.25,7.17,4.87
2023-05-04,5.51,13.09,4.640000000000001,6.91,17.42,3.1599999999999997,11.77,17.47,7.79,1.8299999999999998,5.3100000000000005,22.63,6.04,11.92,,11.16,8.68,8.739999999999998,10.55,5.27,0.9600000000000001,30.26,2.5,,6.5200000000000005,17.71,3.9,4.67,26.550000000000004,8.309999999999999,2.6,10.149999999999999,4.79,10.17,17.59,6.94,25.98,5.3,18.82,6.74,11.569999999999999,40.36,6.1899999999999995,0.31999999999999995,43.56,6.34,,,8.21,9.51,1.96,21.02,10.1,22.96,14.419999999999998,3.19,11.72,8.25,7.17,4.87
2023-05-05,5.51,13.09,4.640000000000001,6.91,17.42,3.1599999999999997,11.77,17.47,7.79,1.8299999999999998,5.3100000000000005,22.63,6.04,11.92,,11.16,8.68,8.739999999999998,10.55,5.27,0.9600000000000001,30.26,2.5,,6.5200000000000005,17.71,3.9,4.67,26.550000000000004,8.309999999999999,2.6,10.149999999999999,4.79,10.17,17.59,6.94,25.98,5.3,18.82,6.74,11.569999999999999,40.36,6.1899999999999995,0.31999999999999995,43.56,6.34,,,8.21,9.51,1.96,21.02,10.1,22.96,14.419999999999998,3.19,11.72,8.25,7.17,4.87
2023-05-08,5.51,13.09,4.640000000000001,6.91,17.42,3.1599999999999997,11.77,17.47,7.79,1.8299999999999998,5.3100000000000005,22.63,6.04,11.92,,11.16,8.68,8.739999999999998,10.55,5.27,0.9600000000000001,30.26,2.5,,6.5200000000000005,17.71,3.9,4.67,26.550000000000004,8.309999999999999,2.6,10.149999999999999,4.79,10.17,17.59,6.94,25.98,5.3,18.82,6.74,11.569999999999999,40.36,6.1899999999999995,0.31999999999999995,43.56,6.34,,,8.21,9.51,1.96,21.02,10.1,22.96,14.419999999999998,3.19,11.72,8.25,7.17,4.87
2023-05-09,5.51,13.09,4.640000000000001,6.91,17.42,3.1599999999999997,11.77,17.47,7.79,1.8299999999999998,5.3100000000000005,22.63,6.04,11.92,,11.16,8.68,8.739999999999998,10.55,5.27,0.9600000000000001,30.26,2.5,,6.5200000000000005,17.71,3.9,4.67,26.550000000000004,8.309999999999999,2.6,10.149999999999999,4.79,10.17,17.59,6.94,25.98,5.3,18.82,6.74,11.569999999999999,40.36,6.1899999999999995,0.31999999999999995,43.56,6.34,,,8.21,9.51,1.96,21.02,10.1,22.96,14.419999999999998,3.19,11.72,8.25,7.17,4.87
2023-05-10,5.51,13.09,4.640000000000001,6.91,17.42,3.1599999999999997,11.77,17.47,7.79,1.8299999999999998,5.3100000000000005,22.63,6.04,11.92,,11.16,8.68,8.739999999999998,10.55,5.27,0.9600000000000001,30.26,2.5,,6.5200000000000005,17.71,3.9,4.67,26.550000000000004,8.309999999999999,2.6,10.149999999999999,4.79,10.17,17.59,6.94,25.98,5.3,18.82,6.74,11.569999999999999,40.36,6.1899999999999995,0.31999999999999995,43.56,6.34,,,8.21,9.51,1.96,21.02,10.1,22.96,14.419999999999998,3.19,11.72,8.25,7.17,4.87
2023-05-11,5.51,13.09,4.640000000000001,6.91,17.42,3.1599999999999997,11.77,17.47,7.79,1.8299999999999998,5.3100000000000005,22.63,6.04,11.92,,11.16,8.68,8.739999999999998,10.55,5.27,0.9600000000000001,30.26,2.5,,6.5200000000000005,17.71,3.9,4.67,26.550000000000004,8.309999999999999,2.6,10.149999999999999,4.79,10.17,17.59,6.94,25.98,5.3,18.82,6.74,11.569999999999999,40.36,6.1899999999999995,0.31999999999999995,43.56,6.34,,,8.21,9.51,1.96,21.02,10.1,22.96,14.419999999999998,3.19,11.72,8.25,7.17,4.87
2023-05-12,5.51,13.09,4.640000000000001,6.91,17.42,3.1599999999999997,11.77,17.47,7.79,1.8299999999999998,5.3100000000000005,22.63,6.04,11.92,,11.16,8.68,8.739999999999998,10.55,5.27,0.9600000000000001,30.26,2.5,,6.5200000000000005,17.71,3.9,4.67,26.550000000000004,8.309999999999999,2.6,10.149999999999999,4.79,10.17,17.59,6.94,25.98,5.3,18.82,6.74,11.569999999999999,40.36,6.1899999999999995,0.31999999999999995,43.56,6.34,,,8.21,9.51,1.96,21.02,10.1,22.96,14.419999999999998,3.19,11.72,8.25,7.17,4.87
2023-05-15,5.51,13.09,4.640000000000001,6.91,17.42,3.1599999999999997,11.77,17.47,7.79,1.8299999999999998,5.3100000000000005,22.63,6.04,11.92,,11.16,8.68,8.739999999999998,10.55,5.27,0.9600000000000001,30.26,2.5,,6.5200000000000005,17.71,3.9,4.67,26.550000000000004,8.309999999999999,2.6,10.149999999999999,4.79,10.17,17.59,6.94,25.98,5.3,18.82,6.74,11.569999999999999,40.36,6.1899999999999995,0.31999999999999995,43.56,6.34,,,8.21,9.51,1.96,21.02,10.1,22.96,14.419999999999998,3.19,11.72,8.25,7.17,4.87
2023-05-16,5.51,13.09,4.640000000000001,6.91,17.42,3.1599999999999997,11.77,17.47,7.79,1.8299999999999998,5.3100000000000005,22.63,6.04,11.92,,11.16,8.68,8.739999999999998,10.55,5.27,0.9600000000000001,30.26,2.5,,6.5200000000000005,17.71,3.9,4.67,26.550000000000004,8.309999999999999,2.6,10.149999999999999,4.79,10.17,17.59,6.94,25.98,5.3,18.82,6.74,11.569999999999999,40.36,6.1899999999999995,0.31999999999999995,43.56,6.34,,,8.21,9.51,1.96,21.02,10.1,22.96,14.419999999999998,3.19,11.72,8.25,7.17,4.87
2023-05-17,5.51,13.09,4.640000000000001,6.91,17.42,3.1599999999999997,11.77,17.47,7.79,1.8299999999999998,5.3100000000000005,22.63,6.04,11.92,,11.16,8.68,8.739999999999998,10.55,5.27,0.9600000000000001,30.26,2.5,,6.5200000000000005,17.71,3.9,4.67,26.550000000000004,8.309999999999999,2.6,10.149999999999999,4.79,10.17,17.59,6.94,25.98,5.3,18.82,6.74,11.569999999999999,40.36,6.1899999999999995,0.31999999999999995,43.56,6.34,,,8.21,9.51,1.96,21.02,10.1,22.96,14.419999999999998,3.19,11.72,8.25,7.17,4.87
2023-05-18,5.51,13.09,4.640000000000001,6.91,17.42,3.1599999999999997,11.77,17.47,7.79,1.8299999999999998,5.3100000000000005,22.63,6.04,11.92,,11.16,8.68,8.739999999999998,10.55,5.27,0.9600000000000001,30.26,2.5,,6.5200000000000005,17.71,3.9,4.67,26.550000000000004,8.309999999999999,2.6,10.149999999999999,4.79,10.17,17.59,6.94,25.98,5.3,18.82,6.74,11.569999999999999,40.36,6.1899999999999995,0.31999999999999995,43.56,6.34,,,8.21,9.51,1.96,21.02,10.1,22.96,14.419999999999998,3.19,11.72,8.25,7.17,4.87
2023-05-19,5.51,13.09,4.640000000000001,6.91,17.42,3.1599999999999997,11.77,17.47,7.79,1.8299999999999998,5.3100000000000005,22.63,6.04,11.92,,11.16,8.68,8.739999999999998,10.55,5.27,0.9600000000000001,30.26,2.5,,6.5200000000000005,17.71,3.9,4.67,26.550000000000004,8.309999999999999,2.6,10.149999999999999,4.79,10.17,17.59,6.94,25.98,5.3,18.82,6.74,11.569999999999999,40.36,6.1899999999999995,0.31999999999999995,43.56,6.34,,,8.21,9.51,1.96,21.02,10.1,22.96,14.419999999999998,3.19,11.72,8.25,7.17,4.87
2023-05-22,5.51,13.09,4.640000000000001,6.91,17.42,3.1599999999999997,11.77,17.47,7.79,1.8299999999999998,5.3100000000000005,22.63,6.04,11.92,,11.16,8.68,8.739999999999998,10.55,5.27,0.9600000000000001,30.26,2.5,,6.5200000000000005,17.71,3.9,4.67,26.550000000000004,8.309999999999999,2.6,10.149999999999999,4.79,10.17,17.59,6.94,25.98,5.3,18.82,6.74,11.569999999999999,40.36,6.1899999999999995,0.31999999999999995,43.56,6.34,,,8.21,9.51,1.96,21.02,10.1,22.96,14.419999999999998,3.19,11.72,8.25,7.17,4.87
2023-05-23,5.51,13.09,4.640000000000001,6.91,17.42,3.1599999999999997,11.77,17.47,7.79,1.8299999999999998,5.3100000000000005,22.63,6.04,11.92,,11.16,8.68,8.739999999999998,10.55,5.27,0.9600000000000001,30.26,2.5,,6.5200000000000005,17.71,3.9,4.67,26.550000000000004,8.309999999999999,2.6,10.149999999999999,4.79,10.17,17.59,6.94,25.98,5.3,18.82,6.74,11.569999999999999,40.36,6.1899999999999995,0.31999999999999995,43.56,6.34,,,8.21,9.51,1.96,21.02,10.1,22.96,14.419999999999998,3.19,11.72,8.25,7.17,4.87
2023-05-24,5.51,13.09,4.640000000000001,6.91,17.42,3.1599999999999997,11.77,17.47,7.79,1.8299999999999998,5.3100000000000005,22.63,6.04,11.92,,11.16,8.68,8.739999999999998,10.55,5.27,0.9600000000000001,30.26,2.5,,6.5200000000000005,17.71,3.9,4.67,26.550000000000004,8.309999999999999,2.6,10.149999999999999,4.79,10.17,17.59,6.94,25.98,5.3,18.82,6.74,11.569999999999999,40.36,6.1899999999999995,0.31999999999999995,43.56,6.34,,,8.21,9.51,1.96,21.02,10.1,22.96,14.419999999999998,3.19,11.72,8.25,7.17,4.87
2023-05-25,5.51,13.09,4.640000000000001,6.91,17.42,3.1599999999999997,11.77,17.47,7.79,1.8299999999999998,5.3100000000000005,22.63,6.04,11.92,,11.16,8.68,8.739999999999998,10.55,5.27,0.9600000000000001,30.26,2.5,,6.5200000000000005,17.71,3.9,4.67,26.550000000000004,8.309999999999999,2.6,10.149999999999999,4.79,10.17,17.59,6.94,25.98,5.3,18.82,6.74,11.569999999999999,40.36,6.1899999999999995,0.31999999999999995,43.56,6.34,,,8.21,9.51,1.96,21.02,10.1,22.96,14.419999999999998,3.19,11.72,8.25,7.17,4.87
2023-05-26,5.51,13.09,4.640000000000001,6.91,17.42,3.1599999999999997,11.77,17.47,7.79,1.8299999999999998,5.3100000000000005,22.63,6.04,11.92,,11.16,8.68,8.739999999999998,10.55,5.27,0.9600000000000001,30.26,2.5,,6.5200000000000005,17.71,3.9,4.67,26.550000000000004,8.309999999999999,2.6,10.149999999999999,4.79,10.17,17.59,6.94,25.98,5.3,18.82,6.74,11.569999999999999,40.36,6.1899999999999995,0.31999999999999995,43.56,6.34,,,8.21,9.51,1.96,21.02,10.1,22.96,14.419999999999998,3.19,11.72,8.25,7.17,4.87
2023-05-30,5.51,13.09,4.640000000000001,6.91,17.42,3.1599999999999997,11.77,17.47,7.79,1.8299999999999998,5.3100000000000005,22.63,6.04,11.92,,11.16,8.68,8.739999999999998,10.55,5.27,0.9600000000000001,30.26,2.5,,6.5200000000000005,17.71,3.9,4.67,26.550000000000004,8.309999999999999,2.6,10.149999999999999,4.79,10.17,17.59,6.94,25.98,5.3,18.82,6.74,11.569999999999999,40.36,6.1899999999999995,0.31999999999999995,43.56,6.34,,,8.21,9.51,1.96,21.02,10.1,22.96,14.419999999999998,3.19,11.72,8.25,7.17,4.87
2023-05-31,5.51,13.09,4.640000000000001,6.91,17.42,3.1599999999999997,11.77,17.47,7.79,1.8299999999999998,5.3100000000000005,22.63,6.04,11.92,,11.16,8.68,8.739999999999998,10.55,5.27,0.9600000000000001,30.26,2.5,,6.5200000000000005,17.71,3.9,4.67,26.550000000000004,8.309999999999999,2.6,10.149999999999999,4.79,10.17,17.59,6.94,25.98,5.3,18.82,6.74,11.569999999999999,40.36,6.1899999999999995,0.31999999999999995,43.56,6.34,,,8.21,9.51,1.96,21.02,10.1,22.96,14.419999999999998,3.19,11.72,8.25,7.17,4.87
2023-06-01,5.51,13.09,4.640000000000001,6.91,17.42,3.1599999999999997,11.77,17.47,7.79,1.8299999999999998,5.3100000000000005,22.63,6.04,11.92,,11.16,8.68,8.739999999999998,10.55,5.27,0.9600000000000001,30.26,2.5,,6.5200000000000005,17.71,3.9,4.67,26.550000000000004,8.309999999999999,2.6,10.149999999999999,4.79,10.17,17.59,6.94,25.98,5.3,18.82,6.74,11.569999999999999,40.36,6.1899999999999995,0.31999999999999995,43.56,6.34,,,8.21,9.51,1.96,21.02,10.1,22.96,14.419999999999998,3.19,11.72,8.25,7.17,4.87
2023-06-02,5.51,13.09,4.640000000000001,6.91,17.42,3.1599999999999997,11.77,17.47,7.79,1.8299999999999998,5.3100000000000005,22.63,6.04,11.92,,11.16,8.68,8.739999999999998,10.55,5.27,0.9600000000000001,30.26,2.5,,6.5200000000000005,17.71,3.9,4.67,26.550000000000004,8.309999999999999,2.6,10.149999999999999,4.79,10.17,17.59,6.94,25.98,5.3,18.82,6.74,11.569999999999999,40.36,6.1899999999999995,0.31999999999999995,43.56,6.34,,,8.21,9.51,1.96,21.02,10.1,22.96,14.419999999999998,3.19,11.72,8.25,7.17,4.87
2023-06-05,5.51,13.09,4.640000000000001,6.91,17.42,3.1599999999999997,11.77,17.47,7.79,1.8299999999999998,5.3100000000000005,22.63,6.04,11.92,,11.16,8.68,8.739999999999998,10.55,5.27,0.9600000000000001,30.26,2.5,,6.5200000000000005,17.71,3.9,4.67,26.550000000000004,8.309999999999999,2.6,10.149999999999999,4.79,10.17,17.59,6.94,25.98,5.3,18.82,6.74,11.569999999999999,40.36,6.1899999999999995,0.31999999999999995,43.56,6.34,,,8.21,9.51,1.96,21.02,10.1,22.96,14.419999999999998,3.19,11.72,8.25,7.17,4.87
2023-06-06,5.51,13.09,4.640000000000001,6.91,17.42,3.1599999999999997,11.77,17.47,7.79,1.8299999999999998,5.3100000000000005,22.63,6.04,11.92,,11.16,8.68,8.739999999999998,10.55,5.27,0.9600000000000001,30.26,2.5,,6.5200000000000005,17.71,3.9,4.67,26.550000000000004,8.309999999999999,2.6,10.149999999999999,4.79,10.17,17.59,6.94,25.98,5.3,18.82,6.74,11.569999999999999,40.36,6.1899999999999995,0.31999999999999995,43.56,6.34,,,8.21,9.51,1.96,21.02,10.1,22.96,14.419999999999998,3.19,11.72,8.25,7.17,4.87
2023-06-07,5.51,13.09,4.640000000000001,6.91,17.42,3.1599999999999997,11.77,17.47,7.79,1.8299999999999998,5.3100000000000005,22.63,6.04,11.92,,11.16,8.68,8.739999999999998,10.55,5.27,0.9600000000000001,30.26,2.5,,6.5200000000000005,17.71,3.9,4.67,26.550000000000004,8.309999999999999,2.6,10.149999999999999,4.79,10.17,17.59,6.94,25.98,5.3,18.82,6.74,11.569999999999999,40.36,6.1899999999999995,0.31999999999999995,43.56,6.34,,,8.21,9.51,1.96,21.02,10.1,22.96,14.419999999999998,3.19,11.72,8.25,7.17,4.87
2023-06-08,5.51,13.09,4.640000000000001,6.91,17.42,3.1599999999999997,11.77,17.47,7.79,1.8299999999999998,5.3100000000000005,22.63,6.04,11.92,,11.16,8.68,8.739999999999998,10.55,5.27,0.9600000000000001,30.26,2.5,,6.5200000000000005,17.71,3.9,4.67,26.550000000000004,8.309999999999999,2.6,10.149999999999999,4.79,10.17,17.59,6.94,25.98,5.3,18.82,6.74,11.569999999999999,40.36,6.1899999999999995,0.31999999999999995,43.56,6.34,,,8.21,9.51,1.96,21.02,10.1,22.96,14.419999999999998,3.19,11.72,8.25,7.17,4.87
2023-06-09,5.51,13.09,4.640000000000001,6.91,17.42,3.1599999999999997,11.77,17.47,7.79,1.8299999999999998,5.3100000000000005,22.63,6.04,11.92,,11.16,8.68,8.739999999999998,10.55,5.27,0.9600000000000001,30.26,2.5,,6.5200000000000005,17.71,3.9,4.67,26.550000000000004,8.309999999999999,2.6,10.149999999999999,4.79,10.17,17.59,6.94,25.98,5.3,18.82,6.74,11.569999999999999,40.36,6.1899999999999995,0.31999999999999995,43.56,6.34,,,8.21,9.51,1.96,21.02,10.1,22.96,14.419999999999998,3.19,11.72,8.25,7.17,4.87
2023-06-12,5.51,13.09,4.640000000000001,6.91,17.42,3.1599999999999997,11.77,17.47,7.79,1.8299999999999998,5.3100000000000005,22.63,6.04,11.92,,11.16,8.68,8.739999999999998,10.55,5.27,0.9600000000000001,30.26,2.5,,6.5200000000000005,17.71,3.9,4.67,26.550000000000004,8.309999999999999,2.6,10.149999999999999,4.79,10.17,17.59,6.94,25.98,5.3,18.82,6.74,11.569999999999999,40.36,6.1899999999999995,0.31999999999999995,43.56,6.34,,,8.21,9.51,1.96,21.02,10.1,22.96,14.419999999999998,3.19,11.72,8.25,7.17,4.87
2023-06-13,5.51,13.09,4.640000000000001,6.91,17.42,3.1599999999999997,11.77,17.47,7.79,1.8299999999999998,5.3100000000000005,22.63,6.04,11.92,,11.16,8.68,8.739999999999998,10.55,5.27,0.9600000000000001,30.26,2.5,,6.5200000000000005,17.71,3.9,4.67,26.550000000000004,8.309999999999999,2.6,10.149999999999999,4.79,10.17,17.59,6.94,25.98,5.3,18.82,6.74,11.569999999999999,40.36,6.1899999999999995,0.31999999999999995,43.56,6.34,,,8.21,9.51,1.96,21.02,10.1,22.96,14.419999999999998,3.19,11.72,8.25,7.17,4.87
2023-06-14,5.51,13.09,4.640000000000001,6.91,17.42,3.1599999999999997,11.77,17.47,7.79,1.8299999999999998,5.3100000000000005,22.63,6.04,11.92,,11.16,8.68,8.739999999999998,10.55,5.27,0.9600000000000001,30.26,2.5,,6.5200000000000005,17.71,3.9,4.67,26.550000000000004,8.309999999999999,2.6,10.149999999999999,4.79,10.17,17.59,6.94,25.98,5.3,18.82,6.74,11.569999999999999,40.36,6.1899999999999995,0.31999999999999995,43.56,6.34,,,8.21,9.51,1.96,21.02,10.1,22.96,14.419999999999998,3.19,11.72,8.25,7.17,4.87
2023-06-15,5.51,13.09,4.640000000000001,6.91,17.42,3.1599999999999997,11.77,17.47,7.79,1.8299999999999998,5.3100000000000005,22.63,6.04,11.92,,11.16,8.68,8.739999999999998,10.55,5.27,0.9600000000000001,30.26,2.5,,6.5200000000000005,17.71,3.9,4.67,26.550000000000004,8.309999999999999,2.6,10.149999999999999,4.79,10.17,17.59,6.94,25.98,5.3,18.82,6.74,11.569999999999999,40.36,6.1899999999999995,0.31999999999999995,43.56,6.34,,,8.21,9.51,1.96,21.02,10.1,22.96,14.419999999999998,3.19,11.72,8.25,7.17,4.87
2023-06-16,5.51,13.09,4.640000000000001,6.91,17.42,3.1599999999999997,11.77,17.47,7.79,1.8299999999999998,5.3100000000000005,22.63,6.04,11.92,,11.16,8.68,8.739999999999998,10.55,5.27,0.9600000000000001,30.26,2.5,,6.5200000000000005,17.71,3.9,4.67,26.550000000000004,8.309999999999999,2.6,10.149999999999999,4.79,10.17,17.59,6.94,25.98,5.3,18.82,6.74,11.569999999999999,40.36,6.1899999999999995,0.31999999999999995,43.56,6.34,,,8.21,9.51,1.96,21.02,10.1,22.96,14.419999999999998,3.19,11.72,8.25,7.17,4.87
2023-06-20,5.51,13.09,4.640000000000001,6.91,17.42,3.1599999999999997,11.77,17.47,7.79,1.8299999999999998,5.3100000000000005,22.63,6.04,11.92,,11.16,8.68,8.739999999999998,10.55,5.27,0.9600000000000001,30.26,2.5,,6.5200000000000005,17.71,3.9,4.67,26.550000000000004,8.309999999999999,2.6,10.149999999999999,4.79,10.17,17.59,6.94,25.98,5.3,18.82,6.74,11.569999999999999,40.36,6.1899999999999995,0.31999999999999995,43.56,6.34,,,8.21,9.51,1.96,21.02,10.1,22.96,14.419999999999998,3.19,11.72,8.25,7.17,4.87
2023-06-21,5.51,13.09,4.640000000000001,6.91,17.42,3.1599999999999997,11.77,17.47,7.79,1.8299999999999998,5.3100000000000005,22.63,6.04,11.92,,11.16,8.68,8.739999999999998,10.55,5.27,0.9600000000000001,30.26,2.5,,6.5200000000000005,17.71,3.9,4.67,26.550000000000004,8.309999999999999,2.6,10.149999999999999,4.79,10.17,17.59,6.94,25.98,5.3,18.82,6.74,11.569999999999999,40.36,6.1899999999999995,0.31999999999999995,43.56,6.34,,,8.21,9.51,1.96,21.02,10.1,22.96,14.419999999999998,3.19,11.72,8.25,7.17,4.87
2023-06-22,5.51,13.09,4.640000000000001,6.91,17.42,3.1599999999999997,11.77,17.47,7.79,1.8299999999999998,5.3100000000000005,22.63,6.04,11.92,,11.16,8.68,8.739999999999998,10.55,5.27,0.9600000000000001,30.26,2.5,,6.5200000000000005,17.71,3.9,4.67,26.550000000000004,8.309999999999999,2.6,10.149999999999999,4.79,10.17,17.59,6.94,25.98,5.3,18.82,6.74,11.569999999999999,40.36,6.1899999999999995,0.31999999999999995,43.56,6.34,,,8.21,9.51,1.96,21.02,10.1,22.96,14.419999999999998,3.19,11.72,8.25,7.17,4.87
2023-06-23,5.51,13.09,4.640000000000001,6.91,17.42,3.1599999999999997,11.77,17.47,7.79,1.8299999999999998,5.3100000000000005,22.63,6.04,11.92,,11.16,8.68,8.739999999999998,10.55,5.27,0.9600000000000001,30.26,2.5,,6.5200000000000005,17.71,3.9,4.67,26.550000000000004,8.309999999999999,2.6,10.149999999999999,4.79,10.17,17.59,6.94,25.98,5.3,18.82,6.74,11.569999999999999,40.36,6.1899999999999995,0.31999999999999995,43.56,6.34,,,8.21,9.51,1.96,21.02,10.1,22.96,14.419999999999998,3.19,11.72,8.25,7.17,4.87
2023-06-26,5.51,13.09,4.640000000000001,6.91,17.42,3.1599999999999997,11.77,17.47,7.79,1.8299999999999998,5.3100000000000005,22.63,6.04,11.92,,11.16,8.68,8.739999999999998,10.55,5.27,0.9600000000000001,30.26,2.5,,6.5200000000000005,17.71,3.9,4.67,26.550000000000004,8.309999999999999,2.6,10.149999999999999,4.79,10.17,17.59,6.94,25.98,5.3,18.82,6.74,11.569999999999999,40.36,6.1899999999999995,0.31999999999999995,43.56,6.34,,,8.21,9.51,1.96,21.02,10.1,22.96,14.419999999999998,3.19,11.72,8.25,7.17,4.87
2023-06-27,5.51,13.09,4.640000000000001,6.91,17.42,3.1599999999999997,11.77,17.47,7.79,1.8299999999999998,5.3100000000000005,22.63,6.04,11.92,,11.16,8.68,8.739999999999998,10.55,5.27,0.9600000000000001,30.26,2.5,,6.5200000000000005,17.71,3.9,4.67,26.550000000000004,8.309999999999999,2.6,10.149999999999999,4.79,10.17,17.59,6.94,25.98,5.3,18.82,6.74,11.569999999999999,40.36,6.1899999999999995,0.31999999999999995,43.56,6.34,,,8.21,9.51,1.96,21.02,10.1,22.96,14.419999999999998,3.19,11.72,8.25,7.17,4.87
2023-06-28,5.51,13.09,4.640000000000001,6.91,17.42,3.1599999999999997,11.77,17.47,7.79,1.8299999999999998,5.3100000000000005,22.63,6.04,11.92,,11.16,8.68,8.739999999999998,10.55,5.27,0.9600000000000001,30.26,2.5,,6.5200000000000005,17.71,3.9,4.67,26.550000000000004,8.309999999999999,2.6,10.149999999999999,4.79,10.17,17.59,6.94,25.98,5.3,18.82,6.74,11.569999999999999,40.36,6.1899999999999995,0.31999999999999995,43.56,6.34,,,8.21,9.51,1.96,21.02,10.1,22.96,14.419999999999998,3.19,11.72,8.25,7.17,4.87
2023-06-29,5.51,13.09,4.640000000000001,6.91,17.42,3.1599999999999997,11.77,17.47,7.79,1.8299999999999998,5.3100000000000005,22.63,6.04,11.92,,11.16,8.68,8.739999999999998,10.55,5.27,0.9600000000000001,30.26,2.5,,6.5200000000000005,17.71,3.9,4.67,26.550000000000004,8.309999999999999,2.6,10.149999999999999,4.79,10.17,17.59,6.94,25.98,5.3,18.82,6.74,11.569999999999999,40.36,6.1899999999999995,0.31999999999999995,43.56,6.34,,,8.21,9.51,1.96,21.02,10.1,22.96,14.419999999999998,3.19,11.72,8.25,7.17,4.87
2023-06-30,5.51,12.629999999999999,4.29,7.130000000000001,17.77,2.84,12.01,16.240000000000002,7.609999999999999,1.92,5.81,22.54,6.369999999999999,11.92,,11.079999999999998,8.49,8.68,9.84,4.88,1.1300000000000001,31.26,2.5300000000000002,,6.6,17.79,3.8800000000000003,4.82,26.82,9.419999999999998,2.58,10.14,5.07,10.379999999999999,16.44,7.800000000000001,27.42,5.3,19.92,2.81,2.71,41.16,4.82,1.2,44.03000000000001,6.449999999999999,,,8.309999999999999,9.8,2.0,20.660000000000004,10.43,23.53,14.71,3.06,11.77,7.889999999999999,7.17,5.08
2023-07-03,5.51,12.629999999999999,4.29,7.130000000000001,17.77,2.84,12.01,16.240000000000002,7.609999999999999,1.92,5.81,22.54,6.369999999999999,11.92,,11.079999999999998,8.49,8.68,9.84,4.88,1.1300000000000001,31.26,2.5300000000000002,,6.6,17.79,3.8800000000000003,4.82,26.82,9.419999999999998,2.58,10.14,5.07,10.379999999999999,16.44,7.800000000000001,27.42,5.3,19.92,2.81,2.71,41.16,4.82,1.2,44.03000000000001,6.449999999999999,,,8.309999999999999,9.8,2.0,20.660000000000004,10.43,23.53,14.71,3.06,11.77,7.889999999999999,7.17,5.08
2023-07-05,5.51,12.629999999999999,4.29,7.130000000000001,17.77,2.84,12.01,16.240000000000002,7.609999999999999,1.92,5.81,22.54,6.369999999999999,11.92,,11.079999999999998,8.49,8.68,9.84,4.88,1.1300000000000001,31.26,2.5300000000000002,,6.6,17.79,3.8800000000000003,4.82,26.82,9.419999999999998,2.58,10.14,5.07,10.379999999999999,16.44,7.800000000000001,27.42,5.3,19.92,2.81,2.71,41.16,4.82,1.2,44.03000000000001,6.449999999999999,,,8.309999999999999,9.8,2.0,20.660000000000004,10.43,23.53,14.71,3.06,11.77,7.889999999999999,7.17,5.08
2023-07-06,5.51,12.629999999999999,4.29,7.130000000000001,17.77,2.84,12.01,16.240000000000002,7.609999999999999,1.92,5.81,22.54,6.369999999999999,11.92,,11.079999999999998,8.49,8.68,9.84,4.88,1.1300000000000001,31.26,2.5300000000000002,,6.6,17.79,3.8800000000000003,4.82,26.82,9.419999999999998,2.58,10.14,5.07,10.379999999999999,16.44,7.800000000000001,27.42,5.3,19.92,2.81,2.71,41.16,4.82,1.2,44.03000000000001,6.449999999999999,,,8.309999999999999,9.8,2.0,20.660000000000004,10.43,23.53,14.71,3.06,11.77,7.889999999999999,7.17,5.08
2023-07-07,5.51,12.629999999999999,4.29,7.130000000000001,17.77,2.84,12.01,16.240000000000002,7.609999999999999,1.92,5.81,22.54,6.369999999999999,11.92,,11.079999999999998,8.49,8.68,9.84,4.88,1.1300000000000001,31.26,2.5300000000000002,,6.6,17.79,3.8800000000000003,4.82,26.82,9.419999999999998,2.58,10.14,5.07,10.379999999999999,16.44,7.800000000000001,27.42,5.3,19.92,2.81,2.71,41.16,4.82,1.2,44.03000000000001,6.449999999999999,,,8.309999999999999,9.8,2.0,20.660000000000004,10.43,23.53,14.71,3.06,11.77,7.889999999999999,7.17,5.08
2023-07-10,5.51,12.629999999999999,4.29,7.130000000000001,17.77,2.84,12.01,16.240000000000002,7.609999999999999,1.92,5.81,22.54,6.369999999999999,11.92,,11.079999999999998,8.49,8.68,9.84,4.88,1.1300000000000001,31.26,2.5300000000000002,,6.6,17.79,3.8800000000000003,4.82,26.82,9.419999999999998,2.58,10.14,5.07,10.379999999999999,16.44,7.800000000000001,27.42,5.3,19.92,2.81,2.71,41.16,4.82,1.2,44.03000000000001,6.449999999999999,,,8.309999999999999,9.8,2.0,20.660000000000004,10.43,23.53,14.71,3.06,11.77,7.889999999999999,7.17,5.08
2023-07-11,5.51,12.629999999999999,4.29,7.130000000000001,17.77,2.84,12.01,16.240000000000002,7.609999999999999,1.92,5.81,22.54,6.369999999999999,11.92,,11.079999999999998,8.49,8.68,9.84,4.88,1.1300000000000001,31.26,2.5300000000000002,,6.6,17.79,3.8800000000000003,4.82,26.82,9.419999999999998,2.58,10.14,5.07,10.379999999999999,16.44,7.800000000000001,27.42,5.3,19.92,2.81,2.71,41.16,4.82,1.2,44.03000000000001,6.449999999999999,,,8.309999999999999,9.8,2.0,20.660000000000004,10.43,23.53,14.71,3.06,11.77,7.889999999999999,7.17,5.08
2023-07-12,5.51,12.629999999999999,4.29,7.130000000000001,17.77,2.84,12.01,16.240000000000002,7.609999999999999,1.92,5.81,22.54,6.369999999999999,11.92,,11.079999999999998,8.49,8.68,9.84,4.88,1.1300000000000001,31.26,2.5300000000000002,,6.6,17.79,3.8800000000000003,4.82,26.82,9.419999999999998,2.58,10.14,5.07,10.379999999999999,16.44,7.800000000000001,27.42,5.3,19.92,2.81,2.71,41.16,4.82,1.2,44.03000000000001,6.449999999999999,,,8.309999999999999,9.8,2.0,20.660000000000004,10.43,23.53,14.71,3.06,11.77,7.889999999999999,7.17,5.08
2023-07-13,5.51,12.629999999999999,4.29,7.130000000000001,17.77,2.84,12.01,16.240000000000002,7.609999999999999,1.92,5.81,22.54,6.369999999999999,11.92,,11.079999999999998,8.49,8.68,9.84,4.88,1.1300000000000001,31.26,2.5300000000000002,,6.6,17.79,3.8800000000000003,4.82,26.82,9.419999999999998,2.58,10.14,5.07,10.379999999999999,16.44,7.800000000000001,27.42,5.3,19.92,2.81,2.71,41.16,4.82,1.2,44.03000000000001,6.449999999999999,,,8.309999999999999,9.8,2.0,20.660000000000004,10.43,23.53,14.71,3.06,11.77,7.889999999999999,7.17,5.08
2023-07-14,5.51,12.629999999999999,4.29,7.130000000000001,17.77,2.84,12.01,16.240000000000002,7.609999999999999,1.92,5.81,22.54,6.369999999999999,11.92,,11.079999999999998,8.49,8.68,9.84,4.88,1.1300000000000001,31.26,2.5300000000000002,,6.6,17.79,3.8800000000000003,4.82,26.82,9.419999999999998,2.58,10.14,5.07,10.379999999999999,16.44,7.800000000000001,27.42,5.3,19.92,2.81,2.71,41.16,4.82,1.2,44.03000000000001,6.449999999999999,,,8.309999999999999,9.8,2.0,20.660000000000004,10.43,23.53,14.71,3.06,11.77,7.889999999999999,7.17,5.08
2023-07-17,5.51,12.629999999999999,4.29,7.130000000000001,17.77,2.84,12.01,16.240000000000002,7.609999999999999,1.92,5.81,22.54,6.369999999999999,11.92,,11.079999999999998,8.49,8.68,9.84,4.88,1.1300000000000001,31.26,2.5300000000000002,,6.6,17.79,3.8800000000000003,4.82,26.82,9.419999999999998,2.58,10.14,5.07,10.379999999999999,16.44,7.800000000000001,27.42,5.3,19.92,2.81,2.71,41.16,4.82,1.2,44.03000000000001,6.449999999999999,,,8.309999999999999,9.8,2.0,20.660000000000004,10.43,23.53,14.71,3.06,11.77,7.889999999999999,7.17,5.08
2023-07-18,5.51,12.629999999999999,4.29,7.130000000000001,17.77,2.84,12.01,16.240000000000002,7.609999999999999,1.92,5.81,22.54,6.369999999999999,11.92,,11.079999999999998,8.49,8.68,9.84,4.88,1.1300000000000001,31.26,2.5300000000000002,,6.6,17.79,3.8800000000000003,4.82,26.82,9.419999999999998,2.58,10.14,5.07,10.379999999999999,16.44,7.800000000000001,27.42,5.3,19.92,2.81,2.71,41.16,4.82,1.2,44.03000000000001,6.449999999999999,,,8.309999999999999,9.8,2.0,20.660000000000004,10.43,23.53,14.71,3.06,11.77,7.889999999999999,7.17,5.08
2023-07-19,5.51,12.629999999999999,4.29,7.130000000000001,17.77,2.84,12.01,16.240000000000002,7.609999999999999,1.92,5.81,22.54,6.369999999999999,11.92,,11.079999999999998,8.49,8.68,9.84,4.88,1.1300000000000001,31.26,2.5300000000000002,,6.6,17.79,3.8800000000000003,4.82,26.82,9.419999999999998,2.58,10.14,5.07,10.379999999999999,16.44,7.800000000000001,27.42,5.3,19.92,2.81,2.71,41.16,4.82,1.2,44.03000000000001,6.449999999999999,,,8.309999999999999,9.8,2.0,20.660000000000004,10.43,23.53,14.71,3.06,11.77,7.889999999999999,7.17,5.08
2023-07-20,5.51,12.629999999999999,4.29,7.130000000000001,17.77,2.84,12.01,16.240000000000002,7.609999999999999,1.92,5.81,22.54,6.369999999999999,11.92,,11.079999999999998,8.49,8.68,9.84,4.88,1.1300000000000001,31.26,2.5300000000000002,,6.6,17.79,3.8800000000000003,4.82,26.82,9.419999999999998,2.58,10.14,5.07,10.379999999999999,16.44,7.800000000000001,27.42,5.3,19.92,2.81,2.71,41.16,4.82,1.2,44.03000000000001,6.449999999999999,,,8.309999999999999,9.8,2.0,20.660000000000004,10.43,23.53,14.71,3.06,11.77,7.889999999999999,7.17,5.08
2023-07-21,5.51,12.629999999999999,4.29,7.130000000000001,17.77,2.84,12.01,16.240000000000002,7.609999999999999,1.92,5.81,22.54,6.369999999999999,11.92,,11.079999999999998,8.49,8.68,9.84,4.88,1.1300000000000001,31.26,2.5300000000000002,,6.6,17.79,3.8800000000000003,4.82,26.82,9.419999999999998,2.58,10.14,5.07,10.379999999999999,16.44,7.800000000000001,27.42,5.3,19.92,2.81,2.71,41.16,4.82,1.2,44.03000000000001,6.449999999999999,,,8.309999999999999,9.8,2.0,20.660000000000004,10.43,23.53,14.71,3.06,11.77,7.889999999999999,7.17,5.08
2023-07-24,5.51,12.629999999999999,4.29,7.130000000000001,17.77,2.84,12.01,16.240000000000002,7.609999999999999,1.92,5.81,22.54,6.369999999999999,11.92,,11.079999999999998,8.49,8.68,9.84,4.88,1.1300000000000001,31.26,2.5300000000000002,,6.6,17.79,3.8800000000000003,4.82,26.82,9.419999999999998,2.58,10.14,5.07,10.379999999999999,16.44,7.800000000000001,27.42,5.3,19.92,2.81,2.71,41.16,4.82,1.2,44.03000000000001,6.449999999999999,,,8.309999999999999,9.8,2.0,20.660000000000004,10.43,23.53,14.71,3.06,11.77,7.889999999999999,7.17,5.08
2023-07-25,5.51,12.629999999999999,4.29,7.130000000000001,17.77,2.84,12.01,16.240000000000002,7.609999999999999,1.92,5.81,22.54,6.369999999999999,11.92,,11.079999999999998,8.49,8.68,9.84,4.88,1.1300000000000001,31.26,2.5300000000000002,,6.6,17.79,3.8800000000000003,4.82,26.82,9.419999999999998,2.58,10.14,5.07,10.379999999999999,16.44,7.800000000000001,27.42,5.3,19.92,2.81,2.71,41.16,4.82,1.2,44.03000000000001,6.449999999999999,,,8.309999999999999,9.8,2.0,20.660000000000004,10.43,23.53,14.71,3.06,11.77,7.889999999999999,7.17,5.08
2023-07-26,5.51,12.629999999999999,4.29,7.130000000000001,17.77,2.84,12.01,16.240000000000002,7.609999999999999,1.92,5.81,22.54,6.369999999999999,11.92,,11.079999999999998,8.49,8.68,9.84,4.88,1.1300000000000001,31.26,2.5300000000000002,,6.6,17.79,3.8800000000000003,4.82,26.82,9.419999999999998,2.58,10.14,5.07,10.379999999999999,16.44,7.800000000000001,27.42,5.3,19.92,2.81,2.71,41.16,4.82,1.2,44.03000000000001,6.449999999999999,,,8.309999999999999,9.8,2.0,20.660000000000004,10.43,23.53,14.71,3.06,11.77,7.889999999999999,7.17,5.08
2023-07-27,5.51,12.629999999999999,4.29,7.130000000000001,17.77,2.84,12.01,16.240000000000002,7.609999999999999,1.92,5.81,22.54,6.369999999999999,11.92,,11.079999999999998,8.49,8.68,9.84,4.88,1.1300000000000001,31.26,2.5300000000000002,,6.6,17.79,3.8800000000000003,4.82,26.82,9.419999999999998,2.58,10.14,5.07,10.379999999999999,16.44,7.800000000000001,27.42,5.3,19.92,2.81,2.71,41.16,4.82,1.2,44.03000000000001,6.449999999999999,,,8.309999999999999,9.8,2.0,20.660000000000004,10.43,23.53,14.71,3.06,11.77,7.889999999999999,7.17,5.08
2023-07-28,5.51,12.629999999999999,4.29,7.130000000000001,17.77,2.84,12.01,16.240000000000002,7.609999999999999,1.92,5.81,22.54,6.369999999999999,11.92,,11.079999999999998,8.49,8.68,9.84,4.88,1.1300000000000001,31.26,2.5300000000000002,,6.6,17.79,3.8800000000000003,4.82,26.82,9.419999999999998,2.58,10.14,5.07,10.379999999999999,16.44,7.800000000000001,27.42,5.3,19.92,2.81,2.71,41.16,4.82,1.2,44.03000000000001,6.449999999999999,,,8.309999999999999,9.8,2.0,20.660000000000004,10.43,23.53,14.71,3.06,11.77,7.889999999999999,7.17,5.08
2023-07-31,5.6,12.629999999999999,4.29,7.130000000000001,17.77,2.84,12.01,16.240000000000002,7.609999999999999,1.92,5.81,22.54,6.369999999999999,12.08,,11.079999999999998,8.49,8.68,9.84,4.88,1.1300000000000001,31.26,2.5300000000000002,,6.6,17.79,3.8800000000000003,4.82,26.82,9.419999999999998,2.58,10.14,5.07,10.379999999999999,16.44,7.800000000000001,27.42,5.37,19.92,2.81,2.71,41.16,4.82,1.2,44.03000000000001,6.449999999999999,,,8.309999999999999,9.8,2.0,20.660000000000004,10.43,23.53,14.71,3.06,11.77,7.889999999999999,7.17,5.08
2023-08-01,5.6,12.629999999999999,4.29,7.130000000000001,17.77,2.84,12.01,16.240000000000002,7.609999999999999,1.92,5.81,22.54,6.369999999999999,12.08,,11.079999999999998,8.49,8.68,9.84,4.88,1.1300000000000001,31.26,2.5300000000000002,,6.6,17.79,3.8800000000000003,4.82,26.82,9.419999999999998,2.58,10.14,5.07,10.379999999999999,16.44,7.800000000000001,27.42,5.37,19.92,2.81,2.71,41.16,4.82,1.2,44.03000000000001,6.449999999999999,,,8.309999999999999,9.8,2.0,20.660000000000004,10.43,23.53,14.71,3.06,11.77,7.889999999999999,7.17,5.08
2023-08-02,5.6,12.629999999999999,4.29,7.130000000000001,17.77,2.84,12.01,16.240000000000002,7.609999999999999,1.92,5.81,22.54,6.369999999999999,12.08,,11.079999999999998,8.49,8.68,9.84,4.88,1.1300000000000001,31.26,2.5300000000000002,,6.6,17.79,3.8800000000000003,4.82,26.82,9.419999999999998,2.58,10.14,5.07,10.379999999999999,16.44,7.800000000000001,27.42,5.37,19.92,2.81,2.71,41.16,4.82,1.2,44.03000000000001,6.449999999999999,,,8.309999999999999,9.8,2.0,20.660000000000004,10.43,23.53,14.71,3.06,11.77,7.889999999999999,7.17,5.08
2023-08-03,5.6,12.629999999999999,4.29,7.130000000000001,17.77,2.84,12.01,16.240000000000002,7.609999999999999,1.92,5.81,22.54,6.369999999999999,12.08,,11.079999999999998,8.49,8.68,9.84,4.88,1.1300000000000001,31.26,2.5300000000000002,,6.6,17.79,3.8800000000000003,4.82,26.82,9.419999999999998,2.58,10.14,5.07,10.379999999999999,16.44,7.800000000000001,27.42,5.37,19.92,2.81,2.71,41.16,4.82,1.2,44.03000000000001,6.449999999999999,,,8.309999999999999,9.8,2.0,20.660000000000004,10.43,23.53,14.71,3.06,11.77,7.889999999999999,7.17,5.08
2023-08-04,5.6,12.629999999999999,4.29,7.130000000000001,17.77,2.84,12.01,16.240000000000002,7.609999999999999,1.92,5.81,22.54,6.369999999999999,12.08,,11.079999999999998,8.49,8.68,9.84,4.88,1.1300000000000001,31.26,2.5300000000000002,,6.6,17.79,3.8800000000000003,4.82,26.82,9.419999999999998,2.58,10.14,5.07,10.379999999999999,16.44,7.800000000000001,27.42,5.37,19.92,2.81,2.71,41.16,4.82,1.2,44.03000000000001,6.449999999999999,,,8.309999999999999,9.8,2.0,20.660000000000004,10.43,23.53,14.71,3.06,11.77,7.889999999999999,7.17,5.08
2023-08-07,5.6,12.629999999999999,4.29,7.130000000000001,17.77,2.84,12.01,16.240000000000002,7.609999999999999,1.92,5.81,22.54,6.369999999999999,12.08,,11.079999999999998,8.49,8.68,9.84,4.88,1.1300000000000001,31.26,2.5300000000000002,,6.6,17.79,3.8800000000000003,4.82,26.82,9.419999999999998,2.58,10.14,5.07,10.379999999999999,16.44,7.800000000000001,27.42,5.37,19.92,2.81,2.71,41.16,4.82,1.2,44.03000000000001,6.449999999999999,,,8.309999999999999,9.8,2.0,20.660000000000004,10.43,23.53,14.71,3.06,11.77,7.889999999999999,7.17,5.08
2023-08-08,5.6,12.629999999999999,4.29,7.130000000000001,17.77,2.84,12.01,16.240000000000002,7.609999999999999,1.92,5.81,22.54,6.369999999999999,12.08,,11.079999999999998,8.49,8.68,9.84,4.88,1.1300000000000001,31.26,2.5300000000000002,,6.6,17.79,3.8800000000000003,4.82,26.82,9.419999999999998,2.58,10.14,5.07,10.379999999999999,16.44,7.800000000000001,27.42,5.37,19.92,2.81,2.71,41.16,4.82,1.2,44.03000000000001,6.449999999999999,,,8.309999999999999,9.8,2.0,20.660000000000004,10.43,23.53,14.71,3.06,11.77,7.889999999999999,7.17,5.08
2023-08-09,5.6,12.629999999999999,4.29,7.130000000000001,17.77,2.84,12.01,16.240000000000002,7.609999999999999,1.92,5.81,22.54,6.369999999999999,12.08,,11.079999999999998,8.49,8.68,9.84,4.88,1.1300000000000001,31.26,2.5300000000000002,,6.6,17.79,3.8800000000000003,4.82,26.82,9.419999999999998,2.58,10.14,5.07,10.379999999999999,16.44,7.800000000000001,27.42,5.37,19.92,2.81,2.71,41.16,4.82,1.2,44.03000000000001,6.449999999999999,,,8.309999999999999,9.8,2.0,20.660000000000004,10.43,23.53,14.71,3.06,11.77,7.889999999999999,7.17,5.08
2023-08-10,5.6,12.629999999999999,4.29,7.130000000000001,17.77,2.84,12.01,16.240000000000002,7.609999999999999,1.92,5.81,22.54,6.369999999999999,12.08,,11.079999999999998,8.49,8.68,9.84,4.88,1.1300000000000001,31.26,2.5300000000000002,,6.6,17.79,3.8800000000000003,4.82,26.82,9.419999999999998,2.58,10.14,5.07,10.379999999999999,16.44,7.800000000000001,27.42,5.37,19.92,2.81,2.71,41.16,4.82,1.2,44.03000000000001,6.449999999999999,,,8.309999999999999,9.8,2.0,20.660000000000004,10.43,23.53,14.71,3.06,11.77,7.889999999999999,7.17,5.08
2023-08-11,5.6,12.629999999999999,4.29,7.130000000000001,17.77,2.84,12.01,16.240000000000002,7.609999999999999,1.92,5.81,22.54,6.369999999999999,12.08,,11.079999999999998,8.49,8.68,9.84,4.88,1.1300000000000001,31.26,2.5300000000000002,,6.6,17.79,3.8800000000000003,4.82,26.82,9.419999999999998,2.58,10.14,5.07,10.379999999999999,16.44,7.800000000000001,27.42,5.37,19.92,2.81,2.71,41.16,4.82,1.2,44.03000000000001,6.449999999999999,,,8.309999999999999,9.8,2.0,20.660000000000004,10.43,23.53,14.71,3.06,11.77,7.889999999999999,7.17,5.08
2023-08-14,5.6,12.629999999999999,4.29,7.130000000000001,17.77,2.84,12.01,16.240000000000002,7.609999999999999,1.92,5.81,22.54,6.369999999999999,12.08,,11.079999999999998,8.49,8.68,9.84,4.88,1.1300000000000001,31.26,2.5300000000000002,,6.6,17.79,3.8800000000000003,4.82,26.82,9.419999999999998,2.58,10.14,5.07,10.379999999999999,16.44,7.800000000000001,27.42,5.37,19.92,2.81,2.71,41.16,4.82,1.2,44.03000000000001,6.449999999999999,,,8.309999999999999,9.8,2.0,20.660000000000004,10.43,23.53,14.71,3.06,11.77,7.889999999999999,7.17,5.08
2023-08-15,5.6,12.629999999999999,4.29,7.130000000000001,17.77,2.84,12.01,16.240000000000002,7.609999999999999,1.92,5.81,22.54,6.369999999999999,12.08,,11.079999999999998,8.49,8.68,9.84,4.88,1.1300000000000001,31.26,2.5300000000000002,,6.6,17.79,3.8800000000000003,4.82,26.82,9.419999999999998,2.58,10.14,5.07,10.379999999999999,16.44,7.800000000000001,27.42,5.37,19.92,2.81,2.71,41.16,4.82,1.2,44.03000000000001,6.449999999999999,,,8.309999999999999,9.8,2.0,20.660000000000004,10.43,23.53,14.71,3.06,11.77,7.889999999999999,7.17,5.08
2023-08-16,5.6,12.629999999999999,4.29,7.130000000000001,17.77,2.84,12.01,16.240000000000002,7.609999999999999,1.92,5.81,22.54,6.369999999999999,12.08,,11.079999999999998,8.49,8.68,9.84,4.88,1.1300000000000001,31.26,2.5300000000000002,,6.6,17.79,3.8800000000000003,4.82,26.82,9.419999999999998,2.58,10.14,5.07,10.379999999999999,16.44,7.800000000000001,27.42,5.37,19.92,2.81,2.71,41.16,4.82,1.2,44.03000000000001,6.449999999999999,,,8.309999999999999,9.8,2.0,20.660000000000004,10.43,23.53,14.71,3.06,11.77,7.889999999999999,7.17,5.08
2023-08-17,5.6,12.629999999999999,4.29,7.130000000000001,17.77,2.84,12.01,16.240000000000002,7.609999999999999,1.92,5.81,22.54,6.369999999999999,12.08,,11.079999999999998,8.49,8.68,9.84,4.88,1.1300000000000001,31.26,2.5300000000000002,,6.6,17.79,3.8800000000000003,4.82,26.82,9.419999999999998,2.58,10.14,5.07,10.379999999999999,16.44,7.800000000000001,27.42,5.37,19.92,2.81,2.71,41.16,4.82,1.2,44.03000000000001,6.449999999999999,,,8.309999999999999,9.8,2.0,20.660000000000004,10.43,23.53,14.71,3.06,11.77,7.889999999999999,7.17,5.08
2023-08-18,5.6,12.629999999999999,4.29,7.130000000000001,17.77,2.84,12.01,16.240000000000002,7.609999999999999,1.92,5.81,22.54,6.369999999999999,12.08,,11.079999999999998,8.49,8.68,9.84,4.88,1.1300000000000001,31.26,2.5300000000000002,,6.6,17.79,3.8800000000000003,4.82,26.82,9.419999999999998,2.58,10.14,5.07,10.379999999999999,16.44,7.800000000000001,27.42,5.37,19.92,2.81,2.71,41.16,4.82,1.2,44.03000000000001,6.449999999999999,,,8.309999999999999,9.8,2.0,20.660000000000004,10.43,23.53,14.71,3.06,11.77,7.889999999999999,7.17,5.08
2023-08-21,5.6,12.629999999999999,4.29,7.130000000000001,17.77,2.84,12.01,16.240000000000002,7.609999999999999,1.92,5.81,22.54,6.369999999999999,12.08,,11.079999999999998,8.49,8.68,9.84,4.88,1.1300000000000001,31.26,2.5300000000000002,,6.6,17.79,3.8800000000000003,4.82,26.82,9.419999999999998,2.58,10.14,5.07,10.379999999999999,16.44,7.800000000000001,27.42,5.37,19.92,2.81,2.71,41.16,4.82,1.2,44.03000000000001,6.449999999999999,,,8.309999999999999,9.8,2.0,20.660000000000004,10.43,23.53,14.71,3.06,11.77,7.889999999999999,7.17,5.08
2023-08-22,5.6,12.629999999999999,4.29,7.130000000000001,17.77,2.84,12.01,16.240000000000002,7.609999999999999,1.92,5.81,22.54,6.369999999999999,12.08,,11.079999999999998,8.49,8.68,9.84,4.88,1.1300000000000001,31.26,2.5300000000000002,,6.6,17.79,3.8800000000000003,4.82,26.82,9.419999999999998,2.58,10.14,5.07,10.379999999999999,16.44,7.800000000000001,27.42,5.37,19.92,2.81,2.71,41.16,4.82,1.2,44.03000000000001,6.449999999999999,,,8.309999999999999,9.8,2.0,20.660000000000004,10.43,23.53,14.71,3.06,11.77,7.889999999999999,7.17,5.08
2023-08-23,5.6,12.629999999999999,4.29,7.130000000000001,17.77,2.84,12.01,16.240000000000002,7.609999999999999,1.92,5.81,22.54,6.369999999999999,12.08,,11.079999999999998,8.49,8.68,9.84,4.88,1.1300000000000001,31.26,2.5300000000000002,,6.6,17.79,3.8800000000000003,4.82,26.82,9.419999999999998,2.58,10.14,5.07,10.379999999999999,16.44,7.800000000000001,27.42,5.37,19.92,2.81,2.71,41.16,4.82,1.2,44.03000000000001,6.449999999999999,,,8.309999999999999,9.8,2.0,20.660000000000004,10.43,23.53,14.71,3.06,11.77,7.889999999999999,7.17,5.08
2023-08-24,5.6,12.629999999999999,4.29,7.130000000000001,17.77,2.84,12.01,16.240000000000002,7.609999999999999,1.92,5.81,22.54,6.369999999999999,12.08,,11.079999999999998,8.49,8.68,9.84,4.88,1.1300000000000001,31.26,2.5300000000000002,,6.6,17.79,3.8800000000000003,4.82,26.82,9.419999999999998,2.58,10.14,5.07,10.379999999999999,16.44,7.800000000000001,27.42,5.37,19.92,2.81,2.71,41.16,4.82,1.2,44.03000000000001,6.449999999999999,,,8.309999999999999,9.8,2.0,20.660000000000004,10.43,23.53,14.71,3.06,11.77,7.889999999999999,7.17,5.08
2023-08-25,5.6,12.629999999999999,4.29,7.130000000000001,17.77,2.84,12.01,16.240000000000002,7.609999999999999,1.92,5.81,22.54,6.369999999999999,12.08,,11.079999999999998,8.49,8.68,9.84,4.88,1.1300000000000001,31.26,2.5300000000000002,,6.6,17.79,3.8800000000000003,4.82,26.82,9.419999999999998,2.58,10.14,5.07,10.379999999999999,16.44,7.800000000000001,27.42,5.37,19.92,2.81,2.71,41.16,4.82,1.2,44.03000000000001,6.449999999999999,,,8.309999999999999,9.8,2.0,20.660000000000004,10.43,23.53,14.71,3.06,11.77,7.889999999999999,7.17,5.08
2023-08-28,5.6,12.629999999999999,4.29,7.130000000000001,17.77,2.84,12.01,16.240000000000002,7.609999999999999,1.92,5.81,22.54,6.369999999999999,12.08,,11.079999999999998,8.49,8.68,9.84,4.88,1.1300000000000001,31.26,2.5300000000000002,,6.6,17.79,3.8800000000000003,4.82,26.82,9.419999999999998,2.58,10.14,5.07,10.379999999999999,16.44,7.800000000000001,27.42,5.37,19.92,2.81,2.71,41.16,4.82,1.2,44.03000000000001,6.449999999999999,,,8.309999999999999,9.8,2.0,20.660000000000004,10.43,23.53,14.71,3.06,11.77,7.889999999999999,7.17,5.08
2023-08-29,5.6,12.629999999999999,4.29,7.130000000000001,17.77,2.84,12.01,16.240000000000002,7.609999999999999,1.92,5.81,22.54,6.369999999999999,12.08,,11.079999999999998,8.49,8.68,9.84,4.88,1.1300000000000001,31.26,2.5300000000000002,,6.6,17.79,3.8800000000000003,4.82,26.82,9.419999999999998,2.58,10.14,5.07,10.379999999999999,16.44,7.800000000000001,27.42,5.37,19.92,2.81,2.71,41.16,4.82,1.2,44.03000000000001,6.449999999999999,,,8.309999999999999,9.8,2.0,20.660000000000004,10.43,23.53,14.71,3.06,11.77,7.889999999999999,7.17,5.08
2023-08-30,5.6,12.629999999999999,4.29,7.130000000000001,17.77,2.84,12.01,16.240000000000002,7.609999999999999,1.92,5.81,22.54,6.369999999999999,12.08,,11.079999999999998,8.49,8.68,9.84,4.88,1.1300000000000001,31.26,2.5300000000000002,,6.6,17.79,3.8800000000000003,4.82,26.82,9.419999999999998,2.58,10.14,5.07,10.379999999999999,16.44,7.800000000000001,27.42,5.37,19.92,2.81,2.71,41.16,4.82,1.2,44.03000000000001,6.449999999999999,,,8.309999999999999,9.8,2.0,20.660000000000004,10.43,23.53,14.71,3.06,11.77,7.889999999999999,7.17,5.08
2023-08-31,5.6,12.629999999999999,4.29,7.130000000000001,17.77,2.84,12.01,16.240000000000002,7.609999999999999,1.92,5.81,22.54,6.369999999999999,12.08,,11.079999999999998,8.49,8.68,9.84,4.88,1.1300000000000001,31.26,2.5300000000000002,,6.6,17.79,3.8800000000000003,4.82,26.82,9.419999999999998,2.58,10.14,5.07,10.379999999999999,16.44,7.800000000000001,27.42,5.37,19.92,2.81,2.71,41.16,4.82,1.2,44.03000000000001,6.449999999999999,,,8.309999999999999,9.8,2.0,20.660000000000004,10.43,23.53,14.71,3.06,11.77,7.889999999999999,7.17,5.08
2023-09-01,5.6,12.629999999999999,4.29,7.130000000000001,17.77,2.84,12.01,16.240000000000002,7.609999999999999,1.92,5.81,22.54,6.369999999999999,12.08,,11.079999999999998,8.49,8.68,9.84,4.88,1.1300000000000001,31.26,2.5300000000000002,,6.6,17.79,3.8800000000000003,4.82,26.82,9.419999999999998,2.58,10.14,5.07,10.379999999999999,16.44,7.800000000000001,27.42,5.37,19.92,2.81,2.71,41.16,4.82,1.2,44.03000000000001,6.449999999999999,,,8.309999999999999,9.8,2.0,20.660000000000004,10.43,23.53,14.71,3.06,11.77,7.889999999999999,7.17,5.08
2023-09-05,5.6,12.629999999999999,4.29,7.130000000000001,17.77,2.84,12.01,16.240000000000002,7.609999999999999,1.92,5.81,22.54,6.369999999999999,12.08,,11.079999999999998,8.49,8.68,9.84,4.88,1.1300000000000001,31.26,2.5300000000000002,,6.6,17.79,3.8800000000000003,4.82,26.82,9.419999999999998,2.58,10.14,5.07,10.379999999999999,16.44,7.800000000000001,27.42,5.37,19.92,2.81,2.71,41.16,4.82,1.2,44.03000000000001,6.449999999999999,,,8.309999999999999,9.8,2.0,20.660000000000004,10.43,23.53,14.71,3.06,11.77,7.889999999999999,7.17,5.08
2023-09-06,5.6,12.629999999999999,4.29,7.130000000000001,17.77,2.84,12.01,16.240000000000002,7.609999999999999,1.92,5.81,22.54,6.369999999999999,12.08,,11.079999999999998,8.49,8.68,9.84,4.88,1.1300000000000001,31.26,2.5300000000000002,,6.6,17.79,3.8800000000000003,4.82,26.82,9.419999999999998,2.58,10.14,5.07,10.379999999999999,16.44,7.800000000000001,27.42,5.37,19.92,2.81,2.71,41.16,4.82,1.2,44.03000000000001,6.449999999999999,,,8.309999999999999,9.8,2.0,20.660000000000004,10.43,23.53,14.71,3.06,11.77,7.889999999999999,7.17,5.08
2023-09-07,5.6,12.629999999999999,4.29,7.130000000000001,17.77,2.84,12.01,16.240000000000002,7.609999999999999,1.92,5.81,22.54,6.369999999999999,12.08,,11.079999999999998,8.49,8.68,9.84,4.88,1.1300000000000001,31.26,2.5300000000000002,,6.6,17.79,3.8800000000000003,4.82,26.82,9.419999999999998,2.58,10.14,5.07,10.379999999999999,16.44,7.800000000000001,27.42,5.37,19.92,2.81,2.71,41.16,4.82,1.2,44.03000000000001,6.449999999999999,,,8.309999999999999,9.8,2.0,20.660000000000004,10.43,23.53,14.71,3.06,11.77,7.889999999999999,7.17,5.08
2023-09-08,5.6,12.629999999999999,4.29,7.130000000000001,17.77,2.84,12.01,16.240000000000002,7.609999999999999,1.92,5.81,22.54,6.369999999999999,12.08,,11.079999999999998,8.49,8.68,9.84,4.88,1.1300000000000001,31.26,2.5300000000000002,,6.6,17.79,3.8800000000000003,4.82,26.82,9.419999999999998,2.58,10.14,5.07,10.379999999999999,16.44,7.800000000000001,27.42,5.37,19.92,2.81,2.71,41.16,4.82,1.2,44.03000000000001,6.449999999999999,,,8.309999999999999,9.8,2.0,20.660000000000004,10.43,23.53,14.71,3.06,11.77,7.889999999999999,7.17,5.08
2023-09-11,5.6,12.629999999999999,4.29,7.130000000000001,17.77,2.84,12.01,16.240000000000002,7.609999999999999,1.92,5.81,22.54,6.369999999999999,12.08,,11.079999999999998,8.49,8.68,9.84,4.88,1.1300000000000001,31.26,2.5300000000000002,,6.6,17.79,3.8800000000000003,4.82,26.82,9.419999999999998,2.58,10.14,5.07,10.379999999999999,16.44,7.800000000000001,27.42,5.37,19.92,2.81,2.71,41.16,4.82,1.2,44.03000000000001,6.449999999999999,,,8.309999999999999,9.8,2.0,20.660000000000004,10.43,23.53,14.71,3.06,11.77,7.889999999999999,7.17,5.08
2023-09-12,5.6,12.629999999999999,4.29,7.130000000000001,17.77,2.84,12.01,16.240000000000002,7.609999999999999,1.92,5.81,22.54,6.369999999999999,12.08,,11.079999999999998,8.49,8.68,9.84,4.88,1.1300000000000001,31.26,2.5300000000000002,,6.6,17.79,3.8800000000000003,4.82,26.82,9.419999999999998,2.58,10.14,5.07,10.379999999999999,16.44,7.800000000000001,27.42,5.37,19.92,2.81,2.71,41.16,4.82,1.2,44.03000000000001,6.449999999999999,,,8.309999999999999,9.8,2.0,20.660000000000004,10.43,23.53,14.71,3.06,11.77,7.889999999999999,7.17,5.08
2023-09-13,5.6,12.629999999999999,4.29,7.130000000000001,17.77,2.84,12.01,16.240000000000002,7.609999999999999,1.92,5.81,22.54,6.369999999999999,12.08,,11.079999999999998,8.49,8.68,9.84,4.88,1.1300000000000001,31.26,2.5300000000000002,,6.6,17.79,3.8800000000000003,4.82,26.82,9.419999999999998,2.58,10.14,5.07,10.379999999999999,16.44,7.800000000000001,27.42,5.37,19.92,2.81,2.71,41.16,4.82,1.2,44.03000000000001,6.449999999999999,,,8.309999999999999,9.8,2.0,20.660000000000004,10.43,23.53,14.71,3.06,11.77,7.889999999999999,7.17,5.08
2023-09-14,5.6,12.629999999999999,4.29,7.130000000000001,17.77,2.84,12.01,16.240000000000002,7.609999999999999,1.92,5.81,22.54,6.369999999999999,12.08,,11.079999999999998,8.49,8.68,9.84,4.88,1.1300000000000001,31.26,2.5300000000000002,,6.6,17.79,3.8800000000000003,4.82,26.82,9.419999999999998,2.58,10.14,5.07,10.379999999999999,16.44,7.800000000000001,27.42,5.37,19.92,2.81,2.71,41.16,4.82,1.2,44.03000000000001,6.449999999999999,,,8.309999999999999,9.8,2.0,20.660000000000004,10.43,23.53,14.71,3.06,11.77,7.889999999999999,7.17,5.08
2023-09-15,5.6,12.629999999999999,4.29,7.130000000000001,17.77,2.84,12.01,16.240000000000002,7.609999999999999,1.92,5.81,22.54,6.369999999999999,12.08,,11.079999999999998,8.49,8.68,9.84,4.88,1.1300000000000001,31.26,2.5300000000000002,,6.6,17.79,3.8800000000000003,4.82,26.82,9.419999999999998,2.58,10.14,5.07,10.379999999999999,16.44,7.800000000000001,27.42,5.37,19.92,2.81,2.71,41.16,4.82,1.2,44.03000000000001,6.449999999999999,,,8.309999999999999,9.8,2.0,20.660000000000004,10.43,23.53,14.71,3.06,11.77,7.889999999999999,7.17,5.08
2023-09-18,5.6,12.629999999999999,4.29,7.130000000000001,17.77,2.84,12.01,16.240000000000002,7.609999999999999,1.92,5.81,22.54,6.369999999999999,12.08,,11.079999999999998,8.49,8.68,9.84,4.88,1.1300000000000001,31.26,2.5300000000000002,,6.6,17.79,3.8800000000000003,4.82,26.82,9.419999999999998,2.58,10.14,5.07,10.379999999999999,16.44,7.800000000000001,27.42,5.37,19.92,2.81,2.71,41.16,4.82,1.2,44.03000000000001,6.449999999999999,,,8.309999999999999,9.8,2.0,20.660000000000004,10.43,23.53,14.71,3.06,11.77,7.889999999999999,7.17,5.08
2023-09-19,5.6,12.629999999999999,4.29,7.130000000000001,17.77,2.84,12.01,16.240000000000002,7.609999999999999,1.92,5.81,22.54,6.369999999999999,12.08,,11.079999999999998,8.49,8.68,9.84,4.88,1.1300000000000001,31.26,2.5300000000000002,,6.6,17.79,3.8800000000000003,4.82,26.82,9.419999999999998,2.58,10.14,5.07,10.379999999999999,16.44,7.800000000000001,27.42,5.37,19.92,2.81,2.71,41.16,4.82,1.2,44.03000000000001,6.449999999999999,,,8.309999999999999,9.8,2.0,20.660000000000004,10.43,23.53,14.71,3.06,11.77,7.889999999999999,7.17,5.08
2023-09-20,5.6,12.629999999999999,4.29,7.130000000000001,17.77,2.84,12.01,16.240000000000002,7.609999999999999,1.92,5.81,22.54,6.369999999999999,12.08,,11.079999999999998,8.49,8.68,9.84,4.88,1.1300000000000001,31.26,2.5300000000000002,,6.6,17.79,3.8800000000000003,4.82,26.82,9.419999999999998,2.58,10.14,5.07,10.379999999999999,16.44,7.800000000000001,27.42,5.37,19.92,2.81,2.71,41.16,4.82,1.2,44.03000000000001,6.449999999999999,,,8.309999999999999,9.8,2.0,20.660000000000004,10.43,23.53,14.71,3.06,11.77,7.889999999999999,7.17,5.08
2023-09-21,5.6,12.629999999999999,4.29,7.130000000000001,17.77,2.84,12.01,16.240000000000002,7.609999999999999,1.92,5.81,22.54,6.369999999999999,12.08,,11.079999999999998,8.49,8.68,9.84,4.88,1.1300000000000001,31.26,2.5300000000000002,,6.6,17.79,3.8800000000000003,4.82,26.82,9.419999999999998,2.58,10.14,5.07,10.379999999999999,16.44,7.800000000000001,27.42,5.37,19.92,2.81,2.71,41.16,4.82,1.2,44.03000000000001,6.449999999999999,,,8.309999999999999,9.8,2.0,20.660000000000004,10.43,23.53,14.71,3.06,11.77,7.889999999999999,7.17,5.08
2023-09-22,5.6,12.629999999999999,4.29,7.130000000000001,17.77,2.84,12.01,16.240000000000002,7.609999999999999,1.92,5.81,22.54,6.369999999999999,12.08,,11.079999999999998,8.49,8.68,9.84,4.88,1.1300000000000001,31.26,2.5300000000000002,,6.6,17.79,3.8800000000000003,4.82,26.82,9.419999999999998,2.58,10.14,5.07,10.379999999999999,16.44,7.800000000000001,27.42,5.37,19.92,2.81,2.71,41.16,4.82,1.2,44.03000000000001,6.449999999999999,,,8.309999999999999,9.8,2.0,20.660000000000004,10.43,23.53,14.71,3.06,11.77,7.889999999999999,7.17,5.08
2023-09-25,5.6,12.629999999999999,4.29,7.130000000000001,17.77,2.84,12.01,16.240000000000002,7.609999999999999,1.92,5.81,22.54,6.369999999999999,12.08,,11.079999999999998,8.49,8.68,9.84,4.88,1.1300000000000001,31.26,2.5300000000000002,,6.6,17.79,3.8800000000000003,4.82,26.82,9.419999999999998,2.58,10.14,5.07,10.379999999999999,16.44,7.800000000000001,27.42,5.37,19.92,2.81,2.71,41.16,4.82,1.2,44.03000000000001,6.449999999999999,,,8.309999999999999,9.8,2.0,20.660000000000004,10.43,23.53,14.71,3.06,11.77,7.889999999999999,7.17,5.08
2023-09-26,5.6,12.629999999999999,4.29,7.130000000000001,17.77,2.84,12.01,16.240000000000002,7.609999999999999,1.92,5.81,22.54,6.369999999999999,12.08,,11.079999999999998,8.49,8.68,9.84,4.88,1.1300000000000001,31.26,2.5300000000000002,,6.6,17.79,3.8800000000000003,4.82,26.82,9.419999999999998,2.58,10.14,5.07,10.379999999999999,16.44,7.800000000000001,27.42,5.37,19.92,2.81,2.71,41.16,4.82,1.2,44.03000000000001,6.449999999999999,,,8.309999999999999,9.8,2.0,20.660000000000004,10.43,23.53,14.71,3.06,11.77,7.889999999999999,7.17,5.08
2023-09-27,5.6,12.629999999999999,4.29,7.130000000000001,17.77,2.84,12.01,16.240000000000002,7.609999999999999,1.92,5.81,22.54,6.369999999999999,12.08,,11.079999999999998,8.49,8.68,9.84,4.88,1.1300000000000001,31.26,2.5300000000000002,,6.6,17.79,3.8800000000000003,4.82,26.82,9.419999999999998,2.58,10.14,5.07,10.379999999999999,16.44,7.800000000000001,27.42,5.37,19.92,2.81,2.71,41.16,4.82,1.2,44.03000000000001,6.449999999999999,,,8.309999999999999,9.8,2.0,20.660000000000004,10.43,23.53,14.71,3.06,11.77,7.889999999999999,7.17,5.08
2023-09-28,5.6,12.629999999999999,4.29,7.130000000000001,17.77,2.84,12.01,16.240000000000002,7.609999999999999,1.92,5.81,22.54,6.369999999999999,12.08,,11.079999999999998,8.49,8.68,9.84,4.88,1.1300000000000001,31.26,2.5300000000000002,,6.6,17.79,3.8800000000000003,4.82,26.82,9.419999999999998,2.58,10.14,5.07,10.379999999999999,16.44,7.800000000000001,27.42,5.37,19.92,2.81,2.71,41.16,4.82,1.2,44.03000000000001,6.449999999999999,,,8.309999999999999,9.8,2.0,20.660000000000004,10.43,23.53,14.71,3.06,11.77,7.889999999999999,7.17,5.08
2023-09-29,5.6,12.629999999999999,4.29,7.130000000000001,17.77,2.84,12.01,16.240000000000002,7.609999999999999,1.92,5.81,22.54,6.369999999999999,12.08,,11.079999999999998,8.49,8.68,9.84,4.88,1.1300000000000001,31.26,2.5300000000000002,,6.6,17.79,3.8800000000000003,4.82,26.82,9.419999999999998,2.58,10.14,5.07,10.379999999999999,16.44,7.800000000000001,27.42,5.37,19.92,2.81,2.71,41.16,4.82,1.2,44.03000000000001,6.449999999999999,,,8.309999999999999,9.8,2.0,20.660000000000004,10.43,23.53,14.71,3.06,11.77,7.889999999999999,7.17,5.08
2023-10-02,5.6,3.65,2.94,4.72,14.06,5.13,4.94,10.06,3.94,0.82,0.61,17.73,4.51,12.08,8.53,9.23,6.53,6.71,7.93,6.58,0.91,25.7,2.34,3.37416,4.67,20.25,3.95,3.38,24.18,9.81,1.88,5.96,4.25,13.27,7.58,5.52,25.3,5.37,16.05,1.8,-9.23,39.2,1.83,1.72,35.06,6.15,5.91,,5.52,6.74,1.52,15.26,9.52,23.04,13.32,1.51,10.98,7.42,2.26,4.91
2023-10-03,5.6,3.65,2.94,4.72,14.06,5.13,4.94,10.06,3.94,0.82,0.61,17.73,4.51,12.08,8.53,9.23,6.53,6.71,7.93,6.58,0.91,25.7,2.34,3.37416,4.67,20.25,3.95,3.38,24.18,9.81,1.88,5.96,4.25,13.27,7.58,5.52,25.3,5.37,16.05,1.8,-9.23,39.2,1.83,1.72,35.06,6.15,5.91,,5.52,6.74,1.52,15.26,9.52,23.04,13.32,1.51,10.98,7.42,2.26,4.91
2023-10-04,5.6,3.65,2.94,4.72,14.06,5.13,4.94,10.06,3.94,0.82,0.61,17.73,4.51,12.08,8.53,9.23,6.53,6.71,7.93,6.58,0.91,25.7,2.34,3.37416,4.67,20.25,3.95,3.38,24.18,9.81,1.88,5.96,4.25,13.27,7.58,5.52,25.3,5.37,16.05,1.8,-9.23,39.2,1.83,1.72,35.06,6.15,5.91,,5.52,6.74,1.52,15.26,9.52,23.04,13.32,1.51,10.98,7.42,2.26,4.91
2023-10-05,5.6,3.65,2.94,4.72,14.06,5.13,4.94,10.06,3.94,0.82,0.61,17.73,4.51,12.08,8.53,9.23,6.53,6.71,7.93,6.58,0.91,25.7,2.34,3.37416,4.67,20.25,3.95,3.38,24.18,9.81,1.88,5.96,4.25,13.27,7.58,5.52,25.3,5.37,16.05,1.8,-9.23,39.2,1.83,1.72,35.06,6.15,5.91,,5.52,6.74,1.52,15.26,9.52,23.04,13.32,1.51,10.98,7.42,2.26,4.91
2023-10-06,5.6,3.65,2.94,4.72,14.06,5.13,4.94,10.06,3.94,0.82,0.61,17.73,4.51,12.08,8.53,9.23,6.53,6.71,7.93,6.58,0.91,25.7,2.34,3.37416,4.67,20.25,3.95,3.38,24.18,9.81,1.88,5.96,4.25,13.27,7.58,5.52,25.3,5.37,16.05,1.8,-9.23,39.2,1.83,1.72,35.06,6.15,5.91,,5.52,6.74,1.52,15.26,9.52,23.04,13.32,1.51,10.98,7.42,2.26,4.91
2023-10-09,5.6,3.65,2.94,4.72,14.06,5.13,4.94,10.06,3.94,0.82,0.61,17.73,4.51,12.08,8.53,9.23,6.53,6.71,7.93,6.58,0.91,25.7,2.34,3.37416,4.67,20.25,3.95,3.38,24.18,9.81,1.88,5.96,4.25,13.27,7.58,5.52,25.3,5.37,16.05,1.8,-9.23,39.2,1.83,1.72,35.06,6.15,5.91,,5.52,6.74,1.52,15.26,9.52,23.04,13.32,1.51,10.98,7.42,2.26,4.91
2023-10-10,5.6,3.65,2.94,4.72,14.06,5.13,4.94,10.06,3.94,0.82,0.61,17.73,4.51,12.08,8.53,9.23,6.53,6.71,7.93,6.58,0.91,25.7,2.34,3.37416,4.67,20.25,3.95,3.38,24.18,9.81,1.88,5.96,4.25,13.27,7.58,5.52,25.3,5.37,16.05,1.8,-9.23,39.2,1.83,1.72,35.06,6.15,5.91,,5.52,6.74,1.52,15.26,9.52,23.04,13.32,1.51,10.98,7.42,2.26,4.91
2023-10-11,5.6,3.65,2.94,4.72,14.06,5.13,4.94,10.06,3.94,0.82,0.61,17.73,4.51,12.08,8.53,9.23,6.53,6.71,7.93,6.58,0.91,25.7,2.34,3.37416,4.67,20.25,3.95,3.38,24.18,9.81,1.88,5.96,4.25,13.27,7.58,5.52,25.3,5.37,16.05,1.8,-9.23,39.2,1.83,1.72,35.06,6.15,5.91,,5.52,6.74,1.52,15.26,9.52,23.04,13.32,1.51,10.98,7.42,2.26,4.91
2023-10-12,5.6,3.65,2.94,4.72,14.06,5.13,4.94,10.06,3.94,0.82,0.61,17.73,4.51,12.08,8.53,9.23,6.53,6.71,7.93,6.58,0.91,25.7,2.34,3.37416,4.67,20.25,3.95,3.38,24.18,9.81,1.88,5.96,4.25,13.27,7.58,5.52,25.3,5.37,16.05,1.8,-9.23,39.2,1.83,1.72,35.06,6.15,5.91,,5.52,6.74,1.52,15.26,9.52,23.04,13.32,1.51,10.98,7.42,2.26,4.91
2023-10-13,5.6,3.65,2.94,4.72,14.06,5.13,4.94,10.06,3.94,0.82,0.61,17.73,4.51,12.08,8.53,9.23,6.53,6.71,7.93,6.58,0.91,25.7,2.34,3.37416,4.67,20.25,3.95,3.38,24.18,9.81,1.88,5.96,4.25,13.27,7.58,5.52,25.3,5.37,16.05,1.8,-9.23,39.2,1.83,1.72,35.06,6.15,5.91,,5.52,6.74,1.52,15.26,9.52,23.04,13.32,1.51,10.98,7.42,2.26,4.91
2023-10-16,5.6,3.65,2.94,4.72,14.06,5.13,4.94,10.06,3.94,0.82,0.61,17.73,4.51,12.08,8.53,9.23,6.53,6.71,7.93,6.58,0.91,25.7,2.34,3.37416,4.67,20.25,3.95,3.38,24.18,9.81,1.88,5.96,4.25,13.27,7.58,5.52,25.3,5.37,16.05,1.8,-9.23,39.2,1.83,1.72,35.06,6.15,5.91,,5.52,6.74,1.52,15.26,9.52,23.04,13.32,1.51,10.98,7.42,2.26,4.91
2023-10-17,5.6,3.65,2.94,4.72,14.06,5.13,4.94,10.06,3.94,0.82,0.61,17.73,4.51,12.08,8.53,9.23,6.53,6.71,7.93,6.58,0.91,25.7,2.34,3.37416,4.67,20.25,3.95,3.38,24.18,9.81,1.88,5.96,4.25,13.27,7.58,5.52,25.3,5.37,16.05,1.8,-9.23,39.2,1.83,1.72,35.06,6.15,5.91,,5.52,6.74,1.52,15.26,9.52,23.04,13.32,1.51,10.98,7.42,2.26,4.91
2023-10-18,5.6,3.65,2.94,4.72,14.06,5.13,4.94,10.06,3.94,0.82,0.61,17.73,4.51,12.08,8.53,9.23,6.53,6.71,7.93,6.58,0.91,25.7,2.34,3.37416,4.67,20.25,3.95,3.38,24.18,9.81,1.88,5.96,4.25,13.27,7.58,5.52,25.3,5.37,16.05,1.8,-9.23,39.2,1.83,1.72,35.06,6.15,5.91,,5.52,6.74,1.52,15.26,9.52,23.04,13.32,1.51,10.98,7.42,2.26,4.91
2023-10-19,5.6,3.65,2.94,4.72,14.06,5.13,4.94,10.06,3.94,0.82,0.61,17.73,4.51,12.08,8.53,9.23,6.53,6.71,7.93,6.58,0.91,25.7,2.34,3.37416,4.67,20.25,3.95,3.38,24.18,9.81,1.88,5.96,4.25,13.27,7.58,5.52,25.3,5.37,16.05,1.8,-9.23,39.2,1.83,1.72,35.06,6.15,5.91,,5.52,6.74,1.52,15.26,9.52,23.04,13.32,1.51,10.98,7.42,2.26,4.91
2023-10-20,5.6,3.65,2.94,4.72,14.06,5.13,4.94,10.06,3.94,0.82,0.61,17.73,4.51,12.08,8.53,9.23,6.53,6.71,7.93,6.58,0.91,25.7,2.34,3.37416,4.67,20.25,3.95,3.38,24.18,9.81,1.88,5.96,4.25,13.27,7.58,5.52,25.3,5.37,16.05,1.8,-9.23,39.2,1.83,1.72,35.06,6.15,5.91,,5.52,6.74,1.52,15.26,9.52,23.04,13.32,1.51,10.98,7.42,2.26,4.91
2023-10-23,5.6,3.65,2.94,4.72,14.06,5.13,4.94,10.06,3.94,0.82,0.61,17.73,4.51,12.08,8.53,9.23,6.53,6.71,7.93,6.58,0.91,25.7,2.34,3.37416,4.67,20.25,3.95,3.38,24.18,9.81,1.88,5.96,4.25,13.27,7.58,5.52,25.3,5.37,16.05,1.8,-9.23,39.2,1.83,1.72,35.06,6.15,5.91,,5.52,6.74,1.52,15.26,9.52,23.04,13.32,1.51,10.98,7.42,2.26,4.91
2023-10-24,5.6,3.65,2.94,4.72,14.06,5.13,4.94,10.06,3.94,0.82,0.61,17.73,4.51,12.08,8.53,9.23,6.53,6.71,7.93,6.58,0.91,25.7,2.34,3.37416,4.67,20.25,3.95,3.38,24.18,9.81,1.88,5.96,4.25,13.27,7.58,5.52,25.3,5.37,16.05,1.8,-9.23,39.2,1.83,1.72,35.06,6.15,5.91,,5.52,6.74,1.52,15.26,9.52,23.04,13.32,1.51,10.98,7.42,2.26,4.91
2023-10-25,5.6,3.65,2.94,4.72,14.06,5.13,4.94,10.06,3.94,0.82,0.61,17.73,4.51,12.08,8.53,9.23,6.53,6.71,7.93,6.58,0.91,25.7,2.34,3.37416,4.67,20.25,3.95,3.38,24.18,9.81,1.88,5.96,4.25,13.27,7.58,5.52,25.3,5.37,16.05,1.8,-9.23,39.2,1.83,1.72,35.06,6.15,5.91,,5.52,6.74,1.52,15.26,9.52,23.04,13.32,1.51,10.98,7.42,2.26,4.91
2023-10-26,5.6,3.65,2.94,4.72,14.06,5.13,4.94,10.06,3.94,0.82,0.61,17.73,4.51,12.08,8.53,9.23,6.53,6.71,7.93,6.58,0.91,25.7,2.34,3.37416,4.67,20.25,3.95,3.38,24.18,9.81,1.88,5.96,4.25,13.27,7.58,5.52,25.3,5.37,16.05,1.8,-9.23,39.2,1.83,1.72,35.06,6.15,5.91,,5.52,6.74,1.52,15.26,9.52,23.04,13.32,1.51,10.98,7.42,2.26,4.91
2023-10-27,5.6,3.65,2.94,4.72,14.06,5.13,4.94,10.06,3.94,0.82,0.61,17.73,4.51,12.08,8.53,9.23,6.53,6.71,7.93,6.58,0.91,25.7,2.34,3.37416,4.67,20.25,3.95,3.38,24.18,9.81,1.88,5.96,4.25,13.27,7.58,5.52,25.3,5.37,16.05,1.8,-9.23,39.2,1.83,1.72,35.06,6.15,5.91,,5.52,6.74,1.52,15.26,9.52,23.04,13.32,1.51,10.98,7.42,2.26,4.91
2023-10-30,5.6,3.65,2.94,4.72,14.06,5.13,4.94,10.06,3.94,0.82,0.61,17.73,4.51,12.08,8.53,9.23,6.53,6.71,7.93,6.58,0.91,25.7,2.34,3.37416,4.67,20.25,3.95,3.38,24.18,9.81,1.88,5.96,4.25,13.27,7.58,5.52,25.3,5.37,16.05,1.8,-9.23,39.2,1.83,1.72,35.06,6.15,5.91,,5.52,6.74,1.52,15.26,9.52,23.04,13.32,1.51,10.98,7.42,2.26,4.91
2023-10-31,4.19,3.65,2.94,4.72,14.06,5.13,4.94,10.06,3.94,0.82,0.61,17.73,4.51,1.4775,8.53,9.23,6.53,6.71,7.93,6.58,0.91,25.7,2.34,3.37416,4.67,20.25,3.95,3.38,24.18,9.81,1.88,5.96,4.25,13.27,7.58,5.52,25.3,3.08,16.05,1.8,-9.23,39.2,1.83,1.72,35.06,6.15,5.91,,5.52,6.74,1.52,15.26,9.52,23.04,13.32,1.51,10.98,7.42,2.26,4.91
2023-11-01,4.19,3.65,2.94,4.72,14.06,5.13,4.94,10.06,3.94,0.82,0.61,17.73,4.51,1.4775,8.53,9.23,6.53,6.71,7.93,6.58,0.91,25.7,2.34,3.37416,4.67,20.25,3.95,3.38,24.18,9.81,1.88,5.96,4.25,13.27,7.58,5.52,25.3,3.08,16.05,1.8,-9.23,39.2,1.83,1.72,35.06,6.15,5.91,,5.52,6.74,1.52,15.26,9.52,23.04,13.32,1.51,10.98,7.42,2.26,4.91
2023-11-02,4.19,3.65,2.94,4.72,14.06,5.13,4.94,10.06,3.94,0.82,0.61,17.73,4.51,1.4775,8.53,9.23,6.53,6.71,7.93,6.58,0.91,25.7,2.34,3.37416,4.67,20.25,3.95,3.38,24.18,9.81,1.88,5.96,4.25,13.27,7.58,5.52,25.3,3.08,16.05,1.8,-9.23,39.2,1.83,1.72,35.06,6.15,5.91,,5.52,6.74,1.52,15.26,9.52,23.04,13.32,1.51,10.98,7.42,2.26,4.91
2023-11-03,4.19,3.65,2.94,4.72,14.06,5.13,4.94,10.06,3.94,0.82,0.61,17.73,4.51,1.4775,8.53,9.23,6.53,6.71,7.93,6.58,0.91,25.7,2.34,3.37416,4.67,20.25,3.95,3.38,24.18,9.81,1.88,5.96,4.25,13.27,7.58,5.52,25.3,3.08,16.05,1.8,-9.23,39.2,1.83,1.72,35.06,6.15,5.91,,5.52,6.74,1.52,15.26,9.52,23.04,13.32,1.51,10.98,7.42,2.26,4.91
2023-11-06,4.19,3.65,2.94,4.72,14.06,5.13,4.94,10.06,3.94,0.82,0.61,17.73,4.51,1.4775,8.53,9.23,6.53,6.71,7.93,6.58,0.91,25.7,2.34,3.37416,4.67,20.25,3.95,3.38,24.18,9.81,1.88,5.96,4.25,13.27,7.58,5.52,25.3,3.08,16.05,1.8,-9.23,39.2,1.83,1.72,35.06,6.15,5.91,,5.52,6.74,1.52,15.26,9.52,23.04,13.32,1.51,10.98,7.42,2.26,4.91
2023-11-07,4.19,3.65,2.94,4.72,14.06,5.13,4.94,10.06,3.94,0.82,0.61,17.73,4.51,1.4775,8.53,9.23,6.53,6.71,7.93,6.58,0.91,25.7,2.34,3.37416,4.67,20.25,3.95,3.38,24.18,9.81,1.88,5.96,4.25,13.27,7.58,5.52,25.3,3.08,16.05,1.8,-9.23,39.2,1.83,1.72,35.06,6.15,5.91,,5.52,6.74,1.52,15.26,9.52,23.04,13.32,1.51,10.98,7.42,2.26,4.91
2023-11-08,4.19,3.65,2.94,4.72,14.06,5.13,4.94,10.06,3.94,0.82,0.61,17.73,4.51,1.4775,8.53,9.23,6.53,6.71,7.93,6.58,0.91,25.7,2.34,3.37416,4.67,20.25,3.95,3.38,24.18,9.81,1.88,5.96,4.25,13.27,7.58,5.52,25.3,3.08,16.05,1.8,-9.23,39.2,1.83,1.72,35.06,6.15,5.91,,5.52,6.74,1.52,15.26,9.52,23.04,13.32,1.51,10.98,7.42,2.26,4.91
2023-11-09,4.19,3.65,2.94,4.72,14.06,5.13,4.94,10.06,3.94,0.82,0.61,17.73,4.51,1.4775,8.53,9.23,6.53,6.71,7.93,6.58,0.91,25.7,2.34,3.37416,4.67,20.25,3.95,3.38,24.18,9.81,1.88,5.96,4.25,13.27,7.58,5.52,25.3,3.08,16.05,1.8,-9.23,39.2,1.83,1.72,35.06,6.15,5.91,,5.52,6.74,1.52,15.26,9.52,23.04,13.32,1.51,10.98,7.42,2.26,4.91
2023-11-10,4.19,3.65,2.94,4.72,14.06,5.13,4.94,10.06,3.94,0.82,0.61,17.73,4.51,1.4775,8.53,9.23,6.53,6.71,7.93,6.58,0.91,25.7,2.34,3.37416,4.67,20.25,3.95,3.38,24.18,9.81,1.88,5.96,4.25,13.27,7.58,5.52,25.3,3.08,16.05,1.8,-9.23,39.2,1.83,1.72,35.06,6.15,5.91,,5.52,6.74,1.52,15.26,9.52,23.04,13.32,1.51,10.98,7.42,2.26,4.91
2023-11-13,4.19,3.65,2.94,4.72,14.06,5.13,4.94,10.06,3.94,0.82,0.61,17.73,4.51,1.4775,8.53,9.23,6.53,6.71,7.93,6.58,0.91,25.7,2.34,3.37416,4.67,20.25,3.95,3.38,24.18,9.81,1.88,5.96,4.25,13.27,7.58,5.52,25.3,3.08,16.05,1.8,-9.23,39.2,1.83,1.72,35.06,6.15,5.91,,5.52,6.74,1.52,15.26,9.52,23.04,13.32,1.51,10.98,7.42,2.26,4.91
2023-11-14,4.19,3.65,2.94,4.72,14.06,5.13,4.94,10.06,3.94,0.82,0.61,17.73,4.51,1.4775,8.53,9.23,6.53,6.71,7.93,6.58,0.91,25.7,2.34,3.37416,4.67,20.25,3.95,3.38,24.18,9.81,1.88,5.96,4.25,13.27,7.58,5.52,25.3,3.08,16.05,1.8,-9.23,39.2,1.83,1.72,35.06,6.15,5.91,,5.52,6.74,1.52,15.26,9.52,23.04,13.32,1.51,10.98,7.42,2.26,4.91
2023-11-15,4.19,3.65,2.94,4.72,14.06,5.13,4.94,10.06,3.94,0.82,0.61,17.73,4.51,1.4775,8.53,9.23,6.53,6.71,7.93,6.58,0.91,25.7,2.34,3.37416,4.67,20.25,3.95,3.38,24.18,9.81,1.88,5.96,4.25,13.27,7.58,5.52,25.3,3.08,16.05,1.8,-9.23,39.2,1.83,1.72,35.06,6.15,5.91,,5.52,6.74,1.52,15.26,9.52,23.04,13.32,1.51,10.98,7.42,2.26,4.91
2023-11-16,4.19,3.65,2.94,4.72,14.06,5.13,4.94,10.06,3.94,0.82,0.61,17.73,4.51,1.4775,8.53,9.23,6.53,6.71,7.93,6.58,0.91,25.7,2.34,3.37416,4.67,20.25,3.95,3.38,24.18,9.81,1.88,5.96,4.25,13.27,7.58,5.52,25.3,3.08,16.05,1.8,-9.23,39.2,1.83,1.72,35.06,6.15,5.91,,5.52,6.74,1.52,15.26,9.52,23.04,13.32,1.51,10.98,7.42,2.26,4.91
2023-11-17,4.19,3.65,2.94,4.72,14.06,5.13,4.94,10.06,3.94,0.82,0.61,17.73,4.51,1.4775,8.53,9.23,6.53,6.71,7.93,6.58,0.91,25.7,2.34,3.37416,4.67,20.25,3.95,3.38,24.18,9.81,1.88,5.96,4.25,13.27,7.58,5.52,25.3,3.08,16.05,1.8,-9.23,39.2,1.83,1.72,35.06,6.15,5.91,,5.52,6.74,1.52,15.26,9.52,23.04,13.32,1.51,10.98,7.42,2.26,4.91
2023-11-20,4.19,3.65,2.94,4.72,14.06,5.13,4.94,10.06,3.94,0.82,0.61,17.73,4.51,1.4775,8.53,9.23,6.53,6.71,7.93,6.58,0.91,25.7,2.34,3.37416,4.67,20.25,3.95,3.38,24.18,9.81,1.88,5.96,4.25,13.27,7.58,5.52,25.3,3.08,16.05,1.8,-9.23,39.2,1.83,1.72,35.06,6.15,5.91,,5.52,6.74,1.52,15.26,9.52,23.04,13.32,1.51,10.98,7.42,2.26,4.91
2023-11-21,4.19,3.65,2.94,4.72,14.06,5.13,4.94,10.06,3.94,0.82,0.61,17.73,4.51,1.4775,8.53,9.23,6.53,6.71,7.93,6.58,0.91,25.7,2.34,3.37416,4.67,20.25,3.95,3.38,24.18,9.81,1.88,5.96,4.25,13.27,7.58,5.52,25.3,3.08,16.05,1.8,-9.23,39.2,1.83,1.72,35.06,6.15,5.91,,5.52,6.74,1.52,15.26,9.52,23.04,13.32,1.51,10.98,7.42,2.26,4.91
2023-11-22,4.19,3.65,2.94,4.72,14.06,5.13,4.94,10.06,3.94,0.82,0.61,17.73,4.51,1.4775,8.53,9.23,6.53,6.71,7.93,6.58,0.91,25.7,2.34,3.37416,4.67,20.25,3.95,3.38,24.18,9.81,1.88,5.96,4.25,13.27,7.58,5.52,25.3,3.08,16.05,1.8,-9.23,39.2,1.83,1.72,35.06,6.15,5.91,,5.52,6.74,1.52,15.26,9.52,23.04,13.32,1.51,10.98,7.42,2.26,4.91
2023-11-24,4.19,3.65,2.94,4.72,14.06,5.13,4.94,10.06,3.94,0.82,0.61,17.73,4.51,1.4775,8.53,9.23,6.53,6.71,7.93,6.58,0.91,25.7,2.34,3.37416,4.67,20.25,3.95,3.38,24.18,9.81,1.88,5.96,4.25,13.27,7.58,5.52,25.3,3.08,16.05,1.8,-9.23,39.2,1.83,1.72,35.06,6.15,5.91,,5.52,6.74,1.52,15.26,9.52,23.04,13.32,1.51,10.98,7.42,2.26,4.91
2023-11-27,4.19,3.65,2.94,4.72,14.06,5.13,4.94,10.06,3.94,0.82,0.61,17.73,4.51,1.4775,8.53,9.23,6.53,6.71,7.93,6.58,0.91,25.7,2.34,3.37416,4.67,20.25,3.95,3.38,24.18,9.81,1.88,5.96,4.25,13.27,7.58,5.52,25.3,3.08,16.05,1.8,-9.23,39.2,1.83,1.72,35.06,6.15,5.91,,5.52,6.74,1.52,15.26,9.52,23.04,13.32,1.51,10.98,7.42,2.26,4.91
2023-11-28,4.19,3.65,2.94,4.72,14.06,5.13,4.94,10.06,3.94,0.82,0.61,17.73,4.51,1.4775,8.53,9.23,6.53,6.71,7.93,6.58,0.91,25.7,2.34,3.37416,4.67,20.25,3.95,3.38,24.18,9.81,1.88,5.96,4.25,13.27,7.58,5.52,25.3,3.08,16.05,1.8,-9.23,39.2,1.83,1.72,35.06,6.15,5.91,,5.52,6.74,1.52,15.26,9.52,23.04,13.32,1.51,10.98,7.42,2.26,4.91
2023-11-29,4.19,3.65,2.94,4.72,14.06,5.13,4.94,10.06,3.94,0.82,0.61,17.73,4.51,1.4775,8.53,9.23,6.53,6.71,7.93,6.58,0.91,25.7,2.34,3.37416,4.67,20.25,3.95,3.38,24.18,9.81,1.88,5.96,4.25,13.27,7.58,5.52,25.3,3.08,16.05,1.8,-9.23,39.2,1.83,1.72,35.06,6.15,5.91,,5.52,6.74,1.52,15.26,9.52,23.04,13.32,1.51,10.98,7.42,2.26,4.91
2023-11-30,4.19,3.65,2.94,4.72,14.06,5.13,4.94,10.06,3.94,0.82,0.61,17.73,4.51,1.4775,8.53,9.23,6.53,6.71,7.93,6.58,0.91,25.7,2.34,3.37416,4.67,20.25,3.95,3.38,24.18,9.81,1.88,5.96,4.25,13.27,7.58,5.52,25.3,3.08,16.05,1.8,-9.23,39.2,1.83,1.72,35.06,6.15,5.91,,5.52,6.74,1.52,15.26,9.52,23.04,13.32,1.51,10.98,7.42,2.26,4.91
2023-12-01,4.19,3.65,2.94,4.72,14.06,5.13,4.94,10.06,3.94,0.82,0.61,17.73,4.51,1.4775,8.53,9.23,6.53,6.71,7.93,6.58,0.91,25.7,2.34,3.37416,4.67,20.25,3.95,3.38,24.18,9.81,1.88,5.96,4.25,13.27,7.58,5.52,25.3,3.08,16.05,1.8,-9.23,39.2,1.83,1.72,35.06,6.15,5.91,,5.52,6.74,1.52,15.26,9.52,23.04,13.32,1.51,10.98,7.42,2.26,4.91
2023-12-04,4.19,3.65,2.94,4.72,14.06,5.13,4.94,10.06,3.94,0.82,0.61,17.73,4.51,1.4775,8.53,9.23,6.53,6.71,7.93,6.58,0.91,25.7,2.34,3.37416,4.67,20.25,3.95,3.38,24.18,9.81,1.88,5.96,4.25,13.27,7.58,5.52,25.3,3.08,16.05,1.8,-9.23,39.2,1.83,1.72,35.06,6.15,5.91,,5.52,6.74,1.52,15.26,9.52,23.04,13.32,1.51,10.98,7.42,2.26,4.91
2023-12-05,4.19,3.65,2.94,4.72,14.06,5.13,4.94,10.06,3.94,0.82,0.61,17.73,4.51,1.4775,8.53,9.23,6.53,6.71,7.93,6.58,0.91,25.7,2.34,3.37416,4.67,20.25,3.95,3.38,24.18,9.81,1.88,5.96,4.25,13.27,7.58,5.52,25.3,3.08,16.05,1.8,-9.23,39.2,1.83,1.72,35.06,6.15,5.91,,5.52,6.74,1.52,15.26,9.52,23.04,13.32,1.51,10.98,7.42,2.26,4.91
2023-12-06,4.19,3.65,2.94,4.72,14.06,5.13,4.94,10.06,3.94,0.82,0.61,17.73,4.51,1.4775,8.53,9.23,6.53,6.71,7.93,6.58,0.91,25.7,2.34,3.37416,4.67,20.25,3.95,3.38,24.18,9.81,1.88,5.96,4.25,13.27,7.58,5.52,25.3,3.08,16.05,1.8,-9.23,39.2,1.83,1.72,35.06,6.15,5.91,,5.52,6.74,1.52,15.26,9.52,23.04,13.32,1.51,10.98,7.42,2.26,4.91
2023-12-07,4.19,3.65,2.94,4.72,14.06,5.13,4.94,10.06,3.94,0.82,0.61,17.73,4.51,1.4775,8.53,9.23,6.53,6.71,7.93,6.58,0.91,25.7,2.34,3.37416,4.67,20.25,3.95,3.38,24.18,9.81,1.88,5.96,4.25,13.27,7.58,5.52,25.3,3.08,16.05,1.8,-9.23,39.2,1.83,1.72,35.06,6.15,5.91,,5.52,6.74,1.52,15.26,9.52,23.04,13.32,1.51,10.98,7.42,2.26,4.91
2023-12-08,4.19,3.65,2.94,4.72,14.06,5.13,4.94,10.06,3.94,0.82,0.61,17.73,4.51,1.4775,8.53,9.23,6.53,6.71,7.93,6.58,0.91,25.7,2.34,3.37416,4.67,20.25,3.95,3.38,24.18,9.81,1.88,5.96,4.25,13.27,7.58,5.52,25.3,3.08,16.05,1.8,-9.23,39.2,1.83,1.72,35.06,6.15,5.91,,5.52,6.74,1.52,15.26,9.52,23.04,13.32,1.51,10.98,7.42,2.26,4.91
2023-12-11,4.19,3.65,2.94,4.72,14.06,5.13,4.94,10.06,3.94,0.82,0.61,17.73,4.51,1.4775,8.53,9.23,6.53,6.71,7.93,6.58,0.91,25.7,2.34,3.37416,4.67,20.25,3.95,3.38,24.18,9.81,1.88,5.96,4.25,13.27,7.58,5.52,25.3,3.08,16.05,1.8,-9.23,39.2,1.83,1.72,35.06,6.15,5.91,,5.52,6.74,1.52,15.26,9.52,23.04,13.32,1.51,10.98,7.42,2.26,4.91
2023-12-12,4.19,3.65,2.94,4.72,14.06,5.13,4.94,10.06,3.94,0.82,0.61,17.73,4.51,1.4775,8.53,9.23,6.53,6.71,7.93,6.58,0.91,25.7,2.34,3.37416,4.67,20.25,3.95,3.38,24.18,9.81,1.88,5.96,4.25,13.27,7.58,5.52,25.3,3.08,16.05,1.8,-9.23,39.2,1.83,1.72,35.06,6.15,5.91,,5.52,6.74,1.52,15.26,9.52,23.04,13.32,1.51,10.98,7.42,2.26,4.91
2023-12-13,4.19,3.65,2.94,4.72,14.06,5.13,4.94,10.06,3.94,0.82,0.61,17.73,4.51,1.4775,8.53,9.23,6.53,6.71,7.93,6.58,0.91,25.7,2.34,3.37416,4.67,20.25,3.95,3.38,24.18,9.81,1.88,5.96,4.25,13.27,7.58,5.52,25.3,3.08,16.05,1.8,-9.23,39.2,1.83,1.72,35.06,6.15,5.91,,5.52,6.74,1.52,15.26,9.52,23.04,13.32,1.51,10.98,7.42,2.26,4.91
2023-12-14,4.19,3.65,2.94,4.72,14.06,5.13,4.94,10.06,3.94,0.82,0.61,17.73,4.51,1.4775,8.53,9.23,6.53,6.71,7.93,6.58,0.91,25.7,2.34,3.37416,4.67,20.25,3.95,3.38,24.18,9.81,1.88,5.96,4.25,13.27,7.58,5.52,25.3,3.08,16.05,1.8,-9.23,39.2,1.83,1.72,35.06,6.15,5.91,,5.52,6.74,1.52,15.26,9.52,23.04,13.32,1.51,10.98,7.42,2.26,4.91
2023-12-15,4.19,3.65,2.94,4.72,14.06,5.13,4.94,10.06,3.94,0.82,0.61,17.73,4.51,1.4775,8.53,9.23,6.53,6.71,7.93,6.58,0.91,25.7,2.34,3.37416,4.67,20.25,3.95,3.38,24.18,9.81,1.88,5.96,4.25,13.27,7.58,5.52,25.3,3.08,16.05,1.8,-9.23,39.2,1.83,1.72,35.06,6.15,5.91,,5.52,6.74,1.52,15.26,9.52,23.04,13.32,1.51,10.98,7.42,2.26,4.91
2023-12-18,4.19,3.65,2.94,4.72,14.06,5.13,4.94,10.06,3.94,0.82,0.61,17.73,4.51,1.4775,8.53,9.23,6.53,6.71,7.93,6.58,0.91,25.7,2.34,3.37416,4.67,20.25,3.95,3.38,24.18,9.81,1.88,5.96,4.25,13.27,7.58,5.52,25.3,3.08,16.05,1.8,-9.23,39.2,1.83,1.72,35.06,6.15,5.91,,5.52,6.74,1.52,15.26,9.52,23.04,13.32,1.51,10.98,7.42,2.26,4.91
2023-12-19,4.19,3.65,2.94,4.72,14.06,5.13,4.94,10.06,3.94,0.82,0.61,17.73,4.51,1.4775,8.53,9.23,6.53,6.71,7.93,6.58,0.91,25.7,2.34,3.37416,4.67,20.25,3.95,3.38,24.18,9.81,1.88,5.96,4.25,13.27,7.58,5.52,25.3,3.08,16.05,1.8,-9.23,39.2,1.83,1.72,35.06,6.15,5.91,,5.52,6.74,1.52,15.26,9.52,23.04,13.32,1.51,10.98,7.42,2.26,4.91
2023-12-20,4.19,3.65,2.94,4.72,14.06,5.13,4.94,10.06,3.94,0.82,0.61,17.73,4.51,1.4775,8.53,9.23,6.53,6.71,7.93,6.58,0.91,25.7,2.34,3.37416,4.67,20.25,3.95,3.38,24.18,9.81,1.88,5.96,4.25,13.27,7.58,5.52,25.3,3.08,16.05,1.8,-9.23,39.2,1.83,1.72,35.06,6.15,5.91,,5.52,6.74,1.52,15.26,9.52,23.04,13.32,1.51,10.98,7.42,2.26,4.91
2023-12-21,4.19,3.65,2.94,4.72,14.06,5.13,4.94,10.06,3.94,0.82,0.61,17.73,4.51,1.4775,8.53,9.23,6.53,6.71,7.93,6.58,0.91,25.7,2.34,3.37416,4.67,20.25,3.95,3.38,24.18,9.81,1.88,5.96,4.25,13.27,7.58,5.52,25.3,3.08,16.05,1.8,-9.23,39.2,1.83,1.72,35.06,6.15,5.91,,5.52,6.74,1.52,15.26,9.52,23.04,13.32,1.51,10.98,7.42,2.26,4.91
2023-12-22,4.19,3.65,2.94,4.72,14.06,5.13,4.94,10.06,3.94,0.82,0.61,17.73,4.51,1.4775,8.53,9.23,6.53,6.71,7.93,6.58,0.91,25.7,2.34,3.37416,4.67,20.25,3.95,3.38,24.18,9.81,1.88,5.96,4.25,13.27,7.58,5.52,25.3,3.08,16.05,1.8,-9.23,39.2,1.83,1.72,35.06,6.15,5.91,,5.52,6.74,1.52,15.26,9.52,23.04,13.32,1.51,10.98,7.42,2.26,4.91
2023-12-26,4.19,3.65,2.94,4.72,14.06,5.13,4.94,10.06,3.94,0.82,0.61,17.73,4.51,1.4775,8.53,9.23,6.53,6.71,7.93,6.58,0.91,25.7,2.34,3.37416,4.67,20.25,3.95,3.38,24.18,9.81,1.88,5.96,4.25,13.27,7.58,5.52,25.3,3.08,16.05,1.8,-9.23,39.2,1.83,1.72,35.06,6.15,5.91,,5.52,6.74,1.52,15.26,9.52,23.04,13.32,1.51,10.98,7.42,2.26,4.91
2023-12-27,4.19,3.65,2.94,4.72,14.06,5.13,4.94,10.06,3.94,0.82,0.61,17.73,4.51,1.4775,8.53,9.23,6.53,6.71,7.93,6.58,0.91,25.7,2.34,3.37416,4.67,20.25,3.95,3.38,24.18,9.81,1.88,5.96,4.25,13.27,7.58,5.52,25.3,3.08,16.05,1.8,-9.23,39.2,1.83,1.72,35.06,6.15,5.91,,5.52,6.74,1.52,15.26,9.52,23.04,13.32,1.51,10.98,7.42,2.26,4.91
2023-12-28,4.19,3.65,2.94,4.72,14.06,5.13,4.94,10.06,3.94,0.82,0.61,17.73,4.51,1.4775,8.53,9.23,6.53,6.71,7.93,6.58,0.91,25.7,2.34,3.37416,4.67,20.25,3.95,3.38,24.18,9.81,1.88,5.96,4.25,13.27,7.58,5.52,25.3,3.08,16.05,1.8,-9.23,39.2,1.83,1.72,35.06,6.15,5.91,,5.52,6.74,1.52,15.26,9.52,23.04,13.32,1.51,10.98,7.42,2.26,4.91
2023-12-29,4.19,3.65,2.94,4.72,14.06,5.13,4.94,10.06,3.94,0.82,0.61,17.73,4.51,1.4775,8.53,9.23,6.53,6.71,7.93,6.58,0.91,25.7,2.34,3.37416,4.67,20.25,3.95,3.38,24.18,9.81,1.88,5.96,4.25,13.27,7.58,5.52,25.3,3.08,16.05,1.8,-9.23,39.2,1.83,1.72,35.06,6.15,5.91,,5.52,6.74,1.52,15.26,9.52,23.04,13.32,1.51,10.98,7.42,2.26,4.91
2024-01-02,4.19,2.72,4.4399999999999995,5.81,12.49,2.7,4.2,7.97,3.86,1.07,2.52,17.39,6.66,1.4775,9.18,9.22,6.47,8.71,6.38,7.42,1.51,33.11,2.3,3.03,4.5,19.06,3.8600000000000003,3.16,25.990000000000002,10.07,3.52,10.21,5.03,13.72,4.77,5.8,22.12,3.08,18.77,0.14,-12.33,35.9,0.37,2.94,34.77,6.04,5.55,4.01,5.69,8.25,1.39,15.45,10.23,23.86,13.89,0.05,10.84,7.88,4.88,5.32
2024-01-03,4.19,2.72,4.4399999999999995,5.81,12.49,2.7,4.2,7.97,3.86,1.07,2.52,17.39,6.66,1.4775,9.18,9.22,6.47,8.71,6.38,7.42,1.51,33.11,2.3,3.03,4.5,19.06,3.8600000000000003,3.16,25.990000000000002,10.07,3.52,10.21,5.03,13.72,4.77,5.8,22.12,3.08,18.77,0.14,-12.33,35.9,0.37,2.94,34.77,6.04,5.55,4.01,5.69,8.25,1.39,15.45,10.23,23.86,13.89,0.05,10.84,7.88,4.88,5.32
2024-01-04,4.19,2.72,4.4399999999999995,5.81,12.49,2.7,4.2,7.97,3.86,1.07,2.52,17.39,6.66,1.4775,9.18,9.22,6.47,8.71,6.38,7.42,1.51,33.11,2.3,3.03,4.5,19.06,3.8600000000000003,3.16,25.990000000000002,10.07,3.52,10.21,5.03,13.72,4.77,5.8,22.12,3.08,18.77,0.14,-12.33,35.9,0.37,2.94,34.77,6.04,5.55,4.01,5.69,8.25,1.39,15.45,10.23,23.86,13.89,0.05,10.84,7.88,4.88,5.32
2024-01-05,4.19,2.72,4.4399999999999995,5.81,12.49,2.7,4.2,7.97,3.86,1.07,2.52,17.39,6.66,1.4775,9.18,9.22,6.47,8.71,6.38,7.42,1.51,33.11,2.3,3.03,4.5,19.06,3.8600000000000003,3.16,25.990000000000002,10.07,3.52,10.21,5.03,13.72,4.77,5.8,22.12,3.08,18.77,0.14,-12.33,35.9,0.37,2.94,34.77,6.04,5.55,4.01,5.69,8.25,1.39,15.45,10.23,23.86,13.89,0.05,10.84,7.88,4.88,5.32
2024-01-08,4.19,2.72,4.4399999999999995,5.81,12.49,2.7,4.2,7.97,3.86,1.07,2.52,17.39,6.66,1.4775,9.18,9.22,6.47,8.71,6.38,7.42,1.51,33.11,2.3,3.03,4.5,19.06,3.8600000000000003,3.16,25.990000000000002,10.07,3.52,10.21,5.03,13.72,4.77,5.8,22.12,3.08,18.77,0.14,-12.33,35.9,0.37,2.94,34.77,6.04,5.55,4.01,5.69,8.25,1.39,15.45,10.23,23.86,13.89,0.05,10.84,7.88,4.88,5.32
2024-01-09,4.19,2.72,4.4399999999999995,5.81,12.49,2.7,4.2,7.97,3.86,1.07,2.52,17.39,6.66,1.4775,9.18,9.22,6.47,8.71,6.38,7.42,1.51,33.11,2.3,3.03,4.5,19.06,3.8600000000000003,3.16,25.990000000000002,10.07,3.52,10.21,5.03,13.72,4.77,5.8,22.12,3.08,18.77,0.14,-12.33,35.9,0.37,2.94,34.77,6.04,5.55,4.01,5.69,8.25,1.39,15.45,10.23,23.86,13.89,0.05,10.84,7.88,4.88,5.32
2024-01-10,4.19,2.72,4.4399999999999995,5.81,12.49,2.7,4.2,7.97,3.86,1.07,2.52,17.39,6.66,1.4775,9.18,9.22,6.47,8.71,6.38,7.42,1.51,33.11,2.3,3.03,4.5,19.06,3.8600000000000003,3.16,25.990000000000002,10.07,3.52,10.21,5.03,13.72,4.77,5.8,22.12,3.08,18.77,0.14,-12.33,35.9,0.37,2.94,34.77,6.04,5.55,4.01,5.69,8.25,1.39,15.45,10.23,23.86,13.89,0.05,10.84,7.88,4.88,5.32
2024-01-11,4.19,2.72,4.4399999999999995,5.81,12.49,2.7,4.2,7.97,3.86,1.07,2.52,17.39,6.66,1.4775,9.18,9.22,6.47,8.71,6.38,7.42,1.51,33.11,2.3,3.03,4.5,19.06,3.8600000000000003,3.16,25.990000000000002,10.07,3.52,10.21,5.03,13.72,4.77,5.8,22.12,3.08,18.77,0.14,-12.33,35.9,0.37,2.94,34.77,6.04,5.55,4.01,5.69,8.25,1.39,15.45,10.23,23.86,13.89,0.05,10.84,7.88,4.88,5.32
2024-01-12,4.19,2.72,4.4399999999999995,5.81,12.49,2.7,4.2,7.97,3.86,1.07,2.52,17.39,6.66,1.4775,9.18,9.22,6.47,8.71,6.38,7.42,1.51,33.11,2.3,3.03,4.5,19.06,3.8600000000000003,3.16,25.990000000000002,10.07,3.52,10.21,5.03,13.72,4.77,5.8,22.12,3.08,18.77,0.14,-12.33,35.9,0.37,2.94,34.77,6.04,5.55,4.01,5.69,8.25,1.39,15.45,10.23,23.86,13.89,0.05,10.84,7.88,4.88,5.32
2024-01-16,4.19,2.72,4.4399999999999995,5.81,12.49,2.7,4.2,7.97,3.86,1.07,2.52,17.39,6.66,1.4775,9.18,9.22,6.47,8.71,6.38,7.42,1.51,33.11,2.3,3.03,4.5,19.06,3.8600000000000003,3.16,25.990000000000002,10.07,3.52,10.21,5.03,13.72,4.77,5.8,22.12,3.08,18.77,0.14,-12.33,35.9,0.37,2.94,34.77,6.04,5.55,4.01,5.69,8.25,1.39,15.45,10.23,23.86,13.89,0.05,10.84,7.88,4.88,5.32
2024-01-17,4.19,2.72,4.4399999999999995,5.81,12.49,2.7,4.2,7.97,3.86,1.07,2.52,17.39,6.66,1.4775,9.18,9.22,6.47,8.71,6.38,7.42,1.51,33.11,2.3,3.03,4.5,19.06,3.8600000000000003,3.16,25.990000000000002,10.07,3.52,10.21,5.03,13.72,4.77,5.8,22.12,3.08,18.77,0.14,-12.33,35.9,0.37,2.94,34.77,6.04,5.55,4.01,5.69,8.25,1.39,15.45,10.23,23.86,13.89,0.05,10.84,7.88,4.88,5.32
2024-01-18,4.19,2.72,4.4399999999999995,5.81,12.49,2.7,4.2,7.97,3.86,1.07,2.52,17.39,6.66,1.4775,9.18,9.22,6.47,8.71,6.38,7.42,1.51,33.11,2.3,3.03,4.5,19.06,3.8600000000000003,3.16,25.990000000000002,10.07,3.52,10.21,5.03,13.72,4.77,5.8,22.12,3.08,18.77,0.14,-12.33,35.9,0.37,2.94,34.77,6.04,5.55,4.01,5.69,8.25,1.39,15.45,10.23,23.86,13.89,0.05,10.84,7.88,4.88,5.32
2024-01-19,4.19,2.72,4.4399999999999995,5.81,12.49,2.7,4.2,7.97,3.86,1.07,2.52,17.39,6.66,1.4775,9.18,9.22,6.47,8.71,6.38,7.42,1.51,33.11,2.3,3.03,4.5,19.06,3.8600000000000003,3.16,25.990000000000002,10.07,3.52,10.21,5.03,13.72,4.77,5.8,22.12,3.08,18.77,0.14,-12.33,35.9,0.37,2.94,34.77,6.04,5.55,4.01,5.69,8.25,1.39,15.45,10.23,23.86,13.89,0.05,10.84,7.88,4.88,5.32
2024-01-22,4.19,2.72,4.4399999999999995,5.81,12.49,2.7,4.2,7.97,3.86,1.07,2.52,17.39,6.66,1.4775,9.18,9.22,6.47,8.71,6.38,7.42,1.51,33.11,2.3,3.03,4.5,19.06,3.8600000000000003,3.16,25.990000000000002,10.07,3.52,10.21,5.03,13.72,4.77,5.8,22.12,3.08,18.77,0.14,-12.33,35.9,0.37,2.94,34.77,6.04,5.55,4.01,5.69,8.25,1.39,15.45,10.23,23.86,13.89,0.05,10.84,7.88,4.88,5.32
2024-01-23,4.19,2.72,4.4399999999999995,5.81,12.49,2.7,4.2,7.97,3.86,1.07,2.52,17.39,6.66,1.4775,9.18,9.22,6.47,8.71,6.38,7.42,1.51,33.11,2.3,3.03,4.5,19.06,3.8600000000000003,3.16,25.990000000000002,10.07,3.52,10.21,5.03,13.72,4.77,5.8,22.12,3.08,18.77,0.14,-12.33,35.9,0.37,2.94,34.77,6.04,5.55,4.01,5.69,8.25,1.39,15.45,10.23,23.86,13.89,0.05,10.84,7.88,4.88,5.32
2024-01-24,4.19,2.72,4.4399999999999995,5.81,12.49,2.7,4.2,7.97,3.86,1.07,2.52,17.39,6.66,1.4775,9.18,9.22,6.47,8.71,6.38,7.42,1.51,33.11,2.3,3.03,4.5,19.06,3.8600000000000003,3.16,25.990000000000002,10.07,3.52,10.21,5.03,13.72,4.77,5.8,22.12,3.08,18.77,0.14,-12.33,35.9,0.37,2.94,34.77,6.04,5.55,4.01,5.69,8.25,1.39,15.45,10.23,23.86,13.89,0.05,10.84,7.88,4.88,5.32
2024-01-25,4.19,2.72,4.4399999999999995,5.81,12.49,2.7,4.2,7.97,3.86,1.07,2.52,17.39,6.66,1.4775,9.18,9.22,6.47,8.71,6.38,7.42,1.51,33.11,2.3,3.03,4.5,19.06,3.8600000000000003,3.16,25.990000000000002,10.07,3.52,10.21,5.03,13.72,4.77,5.8,22.12,3.08,18.77,0.14,-12.33,35.9,0.37,2.94,34.77,6.04,5.55,4.01,5.69,8.25,1.39,15.45,10.23,23.86,13.89,0.05,10.84,7.88,4.88,5.32
2024-01-26,4.19,2.72,4.4399999999999995,5.81,12.49,2.7,4.2,7.97,3.86,1.07,2.52,17.39,6.66,1.4775,9.18,9.22,6.47,8.71,6.38,7.42,1.51,33.11,2.3,3.03,4.5,19.06,3.8600000000000003,3.16,25.990000000000002,10.07,3.52,10.21,5.03,13.72,4.77,5.8,22.12,3.08,18.77,0.14,-12.33,35.9,0.37,2.94,34.77,6.04,5.55,4.01,5.69,8.25,1.39,15.45,10.23,23.86,13.89,0.05,10.84,7.88,4.88,5.32
2024-01-29,4.19,2.72,4.4399999999999995,5.81,12.49,2.7,4.2,7.97,3.86,1.07,2.52,17.39,6.66,1.4775,9.18,9.22,6.47,8.71,6.38,7.42,1.51,33.11,2.3,3.03,4.5,19.06,3.8600000000000003,3.16,25.990000000000002,10.07,3.52,10.21,5.03,13.72,4.77,5.8,22.12,3.08,18.77,0.14,-12.33,35.9,0.37,2.94,34.77,6.04,5.55,4.01,5.69,8.25,1.39,15.45,10.23,23.86,13.89,0.05,10.84,7.88,4.88,5.32
2024-01-30,4.19,2.72,4.4399999999999995,5.81,12.49,2.7,4.2,7.97,3.86,1.07,2.52,17.39,6.66,1.4775,9.18,9.22,6.47,8.71,6.38,7.42,1.51,33.11,2.3,3.03,4.5,19.06,3.8600000000000003,3.16,25.990000000000002,10.07,3.52,10.21,5.03,13.72,4.77,5.8,22.12,3.08,18.77,0.14,-12.33,35.9,0.37,2.94,34.77,6.04,5.55,4.01,5.69,8.25,1.39,15.45,10.23,23.86,13.89,0.05,10.84,7.88,4.88,5.32
2024-01-31,4.18,2.72,4.4399999999999995,5.81,12.49,2.7,4.2,7.97,3.86,1.07,2.52,17.39,6.66,1.4575,9.18,9.22,6.47,8.71,6.38,7.42,1.51,33.11,2.3,3.03,4.5,19.06,3.8600000000000003,3.16,25.990000000000002,10.07,3.52,10.21,5.03,13.72,4.77,5.8,22.12,3.15,18.77,0.14,-12.33,35.9,0.37,2.94,34.77,6.04,5.55,4.01,5.69,8.25,1.39,15.45,10.23,23.86,13.89,0.05,10.84,7.88,4.88,5.32
2024-02-01,4.18,2.72,4.4399999999999995,5.81,12.49,2.7,4.2,7.97,3.86,1.07,2.52,17.39,6.66,1.4575,9.18,9.22,6.47,8.71,6.38,7.42,1.51,33.11,2.3,3.03,4.5,19.06,3.8600000000000003,3.16,25.990000000000002,10.07,3.52,10.21,5.03,13.72,4.77,5.8,22.12,3.15,18.77,0.14,-12.33,35.9,0.37,2.94,34.77,6.04,5.55,4.01,5.69,8.25,1.39,15.45,10.23,23.86,13.89,0.05,10.84,7.88,4.88,5.32
2024-02-02,4.18,2.72,4.4399999999999995,5.81,12.49,2.7,4.2,7.97,3.86,1.07,2.52,17.39,6.66,1.4575,9.18,9.22,6.47,8.71,6.38,7.42,1.51,33.11,2.3,3.03,4.5,19.06,3.8600000000000003,3.16,25.990000000000002,10.07,3.52,10.21,5.03,13.72,4.77,5.8,22.12,3.15,18.77,0.14,-12.33,35.9,0.37,2.94,34.77,6.04,5.55,4.01,5.69,8.25,1.39,15.45,10.23,23.86,13.89,0.05,10.84,7.88,4.88,5.32
2024-02-05,4.18,2.72,4.4399999999999995,5.81,12.49,2.7,4.2,7.97,3.86,1.07,2.52,17.39,6.66,1.4575,9.18,9.22,6.47,8.71,6.38,7.42,1.51,33.11,2.3,3.03,4.5,19.06,3.8600000000000003,3.16,25.990000000000002,10.07,3.52,10.21,5.03,13.72,4.77,5.8,22.12,3.15,18.77,0.14,-12.33,35.9,0.37,2.94,34.77,6.04,5.55,4.01,5.69,8.25,1.39,15.45,10.23,23.86,13.89,0.05,10.84,7.88,4.88,5.32
2024-02-06,4.18,2.72,4.4399999999999995,5.81,12.49,2.7,4.2,7.97,3.86,1.07,2.52,17.39,6.66,1.4575,9.18,9.22,6.47,8.71,6.38,7.42,1.51,33.11,2.3,3.03,4.5,19.06,3.8600000000000003,3.16,25.990000000000002,10.07,3.52,10.21,5.03,13.72,4.77,5.8,22.12,3.15,18.77,0.14,-12.33,35.9,0.37,2.94,34.77,6.04,5.55,4.01,5.69,8.25,1.39,15.45,10.23,23.86,13.89,0.05,10.84,7.88,4.88,5.32
2024-02-07,4.18,2.72,4.4399999999999995,5.81,12.49,2.7,4.2,7.97,3.86,1.07,2.52,17.39,6.66,1.4575,9.18,9.22,6.47,8.71,6.38,7.42,1.51,33.11,2.3,3.03,4.5,19.06,3.8600000000000003,3.16,25.990000000000002,10.07,3.52,10.21,5.03,13.72,4.77,5.8,22.12,3.15,18.77,0.14,-12.33,35.9,0.37,2.94,34.77,6.04,5.55,4.01,5.69,8.25,1.39,15.45,10.23,23.86,13.89,0.05,10.84,7.88,4.88,5.32
2024-02-08,4.18,2.72,4.4399999999999995,5.81,12.49,2.7,4.2,7.97,3.86,1.07,2.52,17.39,6.66,1.4575,9.18,9.22,6.47,8.71,6.38,7.42,1.51,33.11,2.3,3.03,4.5,19.06,3.8600000000000003,3.16,25.990000000000002,10.07,3.52,10.21,5.03,13.72,4.77,5.8,22.12,3.15,18.77,0.14,-12.33,35.9,0.37,2.94,34.77,6.04,5.55,4.01,5.69,8.25,1.39,15.45,10.23,23.86,13.89,0.05,10.84,7.88,4.88,5.32
2024-02-09,4.18,2.72,4.4399999999999995,5.81,12.49,2.7,4.2,7.97,3.86,1.07,2.52,17.39,6.66,1.4575,9.18,9.22,6.47,8.71,6.38,7.42,1.51,33.11,2.3,3.03,4.5,19.06,3.8600000000000003,3.16,25.990000000000002,10.07,3.52,10.21,5.03,13.72,4.77,5.8,22.12,3.15,18.77,0.14,-12.33,35.9,0.37,2.94,34.77,6.04,5.55,4.01,5.69,8.25,1.39,15.45,10.23,23.86,13.89,0.05,10.84,7.88,4.88,5.32
2024-02-12,4.18,2.72,4.4399999999999995,5.81,12.49,2.7,4.2,7.97,3.86,1.07,2.52,17.39,6.66,1.4575,9.18,9.22,6.47,8.71,6.38,7.42,1.51,33.11,2.3,3.03,4.5,19.06,3.8600000000000003,3.16,25.990000000000002,10.07,3.52,10.21,5.03,13.72,4.77,5.8,22.12,3.15,18.77,0.14,-12.33,35.9,0.37,2.94,34.77,6.04,5.55,4.01,5.69,8.25,1.39,15.45,10.23,23.86,13.89,0.05,10.84,7.88,4.88,5.32
2024-02-13,4.18,2.72,4.4399999999999995,5.81,12.49,2.7,4.2,7.97,3.86,1.07,2.52,17.39,6.66,1.4575,9.18,9.22,6.47,8.71,6.38,7.42,1.51,33.11,2.3,3.03,4.5,19.06,3.8600000000000003,3.16,25.990000000000002,10.07,3.52,10.21,5.03,13.72,4.77,5.8,22.12,3.15,18.77,0.14,-12.33,35.9,0.37,2.94,34.77,6.04,5.55,4.01,5.69,8.25,1.39,15.45,10.23,23.86,13.89,0.05,10.84,7.88,4.88,5.32
2024-02-14,4.18,2.72,4.4399999999999995,5.81,12.49,2.7,4.2,7.97,3.86,1.07,2.52,17.39,6.66,1.4575,9.18,9.22,6.47,8.71,6.38,7.42,1.51,33.11,2.3,3.03,4.5,19.06,3.8600000000000003,3.16,25.990000000000002,10.07,3.52,10.21,5.03,13.72,4.77,5.8,22.12,3.15,18.77,0.14,-12.33,35.9,0.37,2.94,34.77,6.04,5.55,4.01,5.69,8.25,1.39,15.45,10.23,23.86,13.89,0.05,10.84,7.88,4.88,5.32
2024-02-15,4.18,2.72,4.4399999999999995,5.81,12.49,2.7,4.2,7.97,3.86,1.07,2.52,17.39,6.66,1.4575,9.18,9.22,6.47,8.71,6.38,7.42,1.51,33.11,2.3,3.03,4.5,19.06,3.8600000000000003,3.16,25.990000000000002,10.07,3.52,10.21,5.03,13.72,4.77,5.8,22.12,3.15,18.77,0.14,-12.33,35.9,0.37,2.94,34.77,6.04,5.55,4.01,5.69,8.25,1.39,15.45,10.23,23.86,13.89,0.05,10.84,7.88,4.88,5.32
2024-02-16,4.18,2.72,4.4399999999999995,5.81,12.49,2.7,4.2,7.97,3.86,1.07,2.52,17.39,6.66,1.4575,9.18,9.22,6.47,8.71,6.38,7.42,1.51,33.11,2.3,3.03,4.5,19.06,3.8600000000000003,3.16,25.990000000000002,10.07,3.52,10.21,5.03,13.72,4.77,5.8,22.12,3.15,18.77,0.14,-12.33,35.9,0.37,2.94,34.77,6.04,5.55,4.01,5.69,8.25,1.39,15.45,10.23,23.86,13.89,0.05,10.84,7.88,4.88,5.32
2024-02-20,4.18,2.72,4.4399999999999995,5.81,12.49,2.7,4.2,7.97,3.86,1.07,2.52,17.39,6.66,1.4575,9.18,9.22,6.47,8.71,6.38,7.42,1.51,33.11,2.3,3.03,4.5,19.06,3.8600000000000003,3.16,25.990000000000002,10.07,3.52,10.21,5.03,13.72,4.77,5.8,22.12,3.15,18.77,0.14,-12.33,35.9,0.37,2.94,34.77,6.04,5.55,4.01,5.69,8.25,1.39,15.45,10.23,23.86,13.89,0.05,10.84,7.88,4.88,5.32
2024-02-21,4.18,2.72,4.4399999999999995,5.81,12.49,2.7,4.2,7.97,3.86,1.07,2.52,17.39,6.66,1.4575,9.18,9.22,6.47,8.71,6.38,7.42,1.51,33.11,2.3,3.03,4.5,19.06,3.8600000000000003,3.16,25.990000000000002,10.07,3.52,10.21,5.03,13.72,4.77,5.8,22.12,3.15,18.77,0.14,-12.33,35.9,0.37,2.94,34.77,6.04,5.55,4.01,5.69,8.25,1.39,15.45,10.23,23.86,13.89,0.05,10.84,7.88,4.88,5.32
2024-02-22,4.18,2.72,4.4399999999999995,5.81,12.49,2.7,4.2,7.97,3.86,1.07,2.52,17.39,6.66,1.4575,9.18,9.22,6.47,8.71,6.38,7.42,1.51,33.11,2.3,3.03,4.5,19.06,3.8600000000000003,3.16,25.990000000000002,10.07,3.52,10.21,5.03,13.72,4.77,5.8,22.12,3.15,18.77,0.14,-12.33,35.9,0.37,2.94,34.77,6.04,5.55,4.01,5.69,8.25,1.39,15.45,10.23,23.86,13.89,0.05,10.84,7.88,4.88,5.32
2024-02-23,4.18,2.72,4.4399999999999995,5.81,12.49,2.7,4.2,7.97,3.86,1.07,2.52,17.39,6.66,1.4575,9.18,9.22,6.47,8.71,6.38,7.42,1.51,33.11,2.3,3.03,4.5,19.06,3.8600000000000003,3.16,25.990000000000002,10.07,3.52,10.21,5.03,13.72,4.77,5.8,22.12,3.15,18.77,0.14,-12.33,35.9,0.37,2.94,34.77,6.04,5.55,4.01,5.69,8.25,1.39,15.45,10.23,23.86,13.89,0.05,10.84,7.88,4.88,5.32
2024-02-26,4.18,2.72,4.4399999999999995,5.81,12.49,2.7,4.2,7.97,3.86,1.07,2.52,17.39,6.66,1.4575,9.18,9.22,6.47,8.71,6.38,7.42,1.51,33.11,2.3,3.03,4.5,19.06,3.8600000000000003,3.16,25.990000000000002,10.07,3.52,10.21,5.03,13.72,4.77,5.8,22.12,3.15,18.77,0.14,-12.33,35.9,0.37,2.94,34.77,6.04,5.55,4.01,5.69,8.25,1.39,15.45,10.23,23.86,13.89,0.05,10.84,7.88,4.88,5.32
2024-02-27,4.18,2.72,4.4399999999999995,5.81,12.49,2.7,4.2,7.97,3.86,1.07,2.52,17.39,6.66,1.4575,9.18,9.22,6.47,8.71,6.38,7.42,1.51,33.11,2.3,3.03,4.5,19.06,3.8600000000000003,3.16,25.990000000000002,10.07,3.52,10.21,5.03,13.72,4.77,5.8,22.12,3.15,18.77,0.14,-12.33,35.9,0.37,2.94,34.77,6.04,5.55,4.01,5.69,8.25,1.39,15.45,10.23,23.86,13.89,0.05,10.84,7.88,4.88,5.32
2024-02-28,4.18,2.72,4.4399999999999995,5.81,12.49,2.7,4.2,7.97,3.86,1.07,2.52,17.39,6.66,1.4575,9.18,9.22,6.47,8.71,6.38,7.42,1.51,33.11,2.3,3.03,4.5,19.06,3.8600000000000003,3.16,25.990000000000002,10.07,3.52,10.21,5.03,13.72,4.77,5.8,22.12,3.15,18.77,0.14,-12.33,35.9,0.37,2.94,34.77,6.04,5.55,4.01,5.69,8.25,1.39,15.45,10.23,23.86,13.89,0.05,10.84,7.88,4.88,5.32
2024-02-29,4.18,2.72,4.4399999999999995,5.81,12.49,2.7,4.2,7.97,3.86,1.07,2.52,17.39,6.66,1.4575,9.18,9.22,6.47,8.71,6.38,7.42,1.51,33.11,2.3,3.03,4.5,19.06,3.8600000000000003,3.16,25.990000000000002,10.07,3.52,10.21,5.03,13.72,4.77,5.8,22.12,3.15,18.77,0.14,-12.33,35.9,0.37,2.94,34.77,6.04,5.55,4.01,5.69,8.25,1.39,15.45,10.23,23.86,13.89,0.05,10.84,7.88,4.88,5.32
2024-03-01,4.18,2.72,4.4399999999999995,5.81,12.49,2.7,4.2,7.97,3.86,1.07,2.52,17.39,6.66,1.4575,9.18,9.22,6.47,8.71,6.38,7.42,1.51,33.11,2.3,3.03,4.5,19.06,3.8600000000000003,3.16,25.990000000000002,10.07,3.52,10.21,5.03,13.72,4.77,5.8,22.12,3.15,18.77,0.14,-12.33,35.9,0.37,2.94,34.77,6.04,5.55,4.01,5.69,8.25,1.39,15.45,10.23,23.86,13.89,0.05,10.84,7.88,4.88,5.32
2024-03-04,4.18,2.72,4.4399999999999995,5.81,12.49,2.7,4.2,7.97,3.86,1.07,2.52,17.39,6.66,1.4575,9.18,9.22,6.47,8.71,6.38,7.42,1.51,33.11,2.3,3.03,4.5,19.06,3.8600000000000003,3.16,25.990000000000002,10.07,3.52,10.21,5.03,13.72,4.77,5.8,22.12,3.15,18.77,0.14,-12.33,35.9,0.37,2.94,34.77,6.04,5.55,4.01,5.69,8.25,1.39,15.45,10.23,23.86,13.89,0.05,10.84,7.88,4.88,5.32
2024-03-05,4.18,2.72,4.4399999999999995,5.81,12.49,2.7,4.2,7.97,3.86,1.07,2.52,17.39,6.66,1.4575,9.18,9.22,6.47,8.71,6.38,7.42,1.51,33.11,2.3,3.03,4.5,19.06,3.8600000000000003,3.16,25.990000000000002,10.07,3.52,10.21,5.03,13.72,4.77,5.8,22.12,3.15,18.77,0.14,-12.33,35.9,0.37,2.94,34.77,6.04,5.55,4.01,5.69,8.25,1.39,15.45,10.23,23.86,13.89,0.05,10.84,7.88,4.88,5.32
2024-03-06,4.18,2.72,4.4399999999999995,5.81,12.49,2.7,4.2,7.97,3.86,1.07,2.52,17.39,6.66,1.4575,9.18,9.22,6.47,8.71,6.38,7.42,1.51,33.11,2.3,3.03,4.5,19.06,3.8600000000000003,3.16,25.990000000000002,10.07,3.52,10.21,5.03,13.72,4.77,5.8,22.12,3.15,18.77,0.14,-12.33,35.9,0.37,2.94,34.77,6.04,5.55,4.01,5.69,8.25,1.39,15.45,10.23,23.86,13.89,0.05,10.84,7.88,4.88,5.32
2024-03-07,4.18,2.72,4.4399999999999995,5.81,12.49,2.7,4.2,7.97,3.86,1.07,2.52,17.39,6.66,1.4575,9.18,9.22,6.47,8.71,6.38,7.42,1.51,33.11,2.3,3.03,4.5,19.06,3.8600000000000003,3.16,25.990000000000002,10.07,3.52,10.21,5.03,13.72,4.77,5.8,22.12,3.15,18.77,0.14,-12.33,35.9,0.37,2.94,34.77,6.04,5.55,4.01,5.69,8.25,1.39,15.45,10.23,23.86,13.89,0.05,10.84,7.88,4.88,5.32
2024-03-08,4.18,2.72,4.4399999999999995,5.81,12.49,2.7,4.2,7.97,3.86,1.07,2.52,17.39,6.66,1.4575,9.18,9.22,6.47,8.71,6.38,7.42,1.51,33.11,2.3,3.03,4.5,19.06,3.8600000000000003,3.16,25.990000000000002,10.07,3.52,10.21,5.03,13.72,4.77,5.8,22.12,3.15,18.77,0.14,-12.33,35.9,0.37,2.94,34.77,6.04,5.55,4.01,5.69,8.25,1.39,15.45,10.23,23.86,13.89,0.05,10.84,7.88,4.88,5.32
2024-03-11,4.18,2.72,4.4399999999999995,5.81,12.49,2.7,4.2,7.97,3.86,1.07,2.52,17.39,6.66,1.4575,9.18,9.22,6.47,8.71,6.38,7.42,1.51,33.11,2.3,3.03,4.5,19.06,3.8600000000000003,3.16,25.990000000000002,10.07,3.52,10.21,5.03,13.72,4.77,5.8,22.12,3.15,18.77,0.14,-12.33,35.9,0.37,2.94,34.77,6.04,5.55,4.01,5.69,8.25,1.39,15.45,10.23,23.86,13.89,0.05,10.84,7.88,4.88,5.32
2024-03-12,4.18,2.72,4.4399999999999995,5.81,12.49,2.7,4.2,7.97,3.86,1.07,2.52,17.39,6.66,1.4575,9.18,9.22,6.47,8.71,6.38,7.42,1.51,33.11,2.3,3.03,4.5,19.06,3.8600000000000003,3.16,25.990000000000002,10.07,3.52,10.21,5.03,13.72,4.77,5.8,22.12,3.15,18.77,0.14,-12.33,35.9,0.37,2.94,34.77,6.04,5.55,4.01,5.69,8.25,1.39,15.45,10.23,23.86,13.89,0.05,10.84,7.88,4.88,5.32
2024-03-13,4.18,2.72,4.4399999999999995,5.81,12.49,2.7,4.2,7.97,3.86,1.07,2.52,17.39,6.66,1.4575,9.18,9.22,6.47,8.71,6.38,7.42,1.51,33.11,2.3,3.03,4.5,19.06,3.8600000000000003,3.16,25.990000000000002,10.07,3.52,10.21,5.03,13.72,4.77,5.8,22.12,3.15,18.77,0.14,-12.33,35.9,0.37,2.94,34.77,6.04,5.55,4.01,5.69,8.25,1.39,15.45,10.23,23.86,13.89,0.05,10.84,7.88,4.88,5.32
2024-03-14,4.18,2.72,4.4399999999999995,5.81,12.49,2.7,4.2,7.97,3.86,1.07,2.52,17.39,6.66,1.4575,9.18,9.22,6.47,8.71,6.38,7.42,1.51,33.11,2.3,3.03,4.5,19.06,3.8600000000000003,3.16,25.990000000000002,10.07,3.52,10.21,5.03,13.72,4.77,5.8,22.12,3.15,18.77,0.14,-12.33,35.9,0.37,2.94,34.77,6.04,5.55,4.01,5.69,8.25,1.39,15.45,10.23,23.86,13.89,0.05,10.84,7.88,4.88,5.32
2024-03-15,4.18,2.72,4.4399999999999995,5.81,12.49,2.7,4.2,7.97,3.86,1.07,2.52,17.39,6.66,1.4575,9.18,9.22,6.47,8.71,6.38,7.42,1.51,33.11,2.3,3.03,4.5,19.06,3.8600000000000003,3.16,25.990000000000002,10.07,3.52,10.21,5.03,13.72,4.77,5.8,22.12,3.15,18.77,0.14,-12.33,35.9,0.37,2.94,34.77,6.04,5.55,4.01,5.69,8.25,1.39,15.45,10.23,23.86,13.89,0.05,10.84,7.88,4.88,5.32
2024-03-18,4.18,2.72,4.4399999999999995,5.81,12.49,2.7,4.2,7.97,3.86,1.07,2.52,17.39,6.66,1.4575,9.18,9.22,6.47,8.71,6.38,7.42,1.51,33.11,2.3,3.03,4.5,19.06,3.8600000000000003,3.16,25.990000000000002,10.07,3.52,10.21,5.03,13.72,4.77,5.8,22.12,3.15,18.77,0.14,-12.33,35.9,0.37,2.94,34.77,6.04,5.55,4.01,5.69,8.25,1.39,15.45,10.23,23.86,13.89,0.05,10.84,7.88,4.88,5.32
2024-03-19,4.18,2.72,4.4399999999999995,5.81,12.49,2.7,4.2,7.97,3.86,1.07,2.52,17.39,6.66,1.4575,9.18,9.22,6.47,8.71,6.38,7.42,1.51,33.11,2.3,3.03,4.5,19.06,3.8600000000000003,3.16,25.990000000000002,10.07,3.52,10.21,5.03,13.72,4.77,5.8,22.12,3.15,18.77,0.14,-12.33,35.9,0.37,2.94,34.77,6.04,5.55,4.01,5.69,8.25,1.39,15.45,10.23,23.86,13.89,0.05,10.84,7.88,4.88,5.32
2024-03-20,4.18,2.72,4.4399999999999995,5.81,12.49,2.7,4.2,7.97,3.86,1.07,2.52,17.39,6.66,1.4575,9.18,9.22,6.47,8.71,6.38,7.42,1.51,33.11,2.3,3.03,4.5,19.06,3.8600000000000003,3.16,25.990000000000002,10.07,3.52,10.21,5.03,13.72,4.77,5.8,22.12,3.15,18.77,0.14,-12.33,35.9,0.37,2.94,34.77,6.04,5.55,4.01,5.69,8.25,1.39,15.45,10.23,23.86,13.89,0.05,10.84,7.88,4.88,5.32
2024-03-21,4.18,2.72,4.4399999999999995,5.81,12.49,2.7,4.2,7.97,3.86,1.07,2.52,17.39,6.66,1.4575,9.18,9.22,6.47,8.71,6.38,7.42,1.51,33.11,2.3,3.03,4.5,19.06,3.8600000000000003,3.16,25.990000000000002,10.07,3.52,10.21,5.03,13.72,4.77,5.8,22.12,3.15,18.77,0.14,-12.33,35.9,0.37,2.94,34.77,6.04,5.55,4.01,5.69,8.25,1.39,15.45,10.23,23.86,13.89,0.05,10.84,7.88,4.88,5.32
2024-03-22,4.18,2.72,4.4399999999999995,5.81,12.49,2.7,4.2,7.97,3.86,1.07,2.52,17.39,6.66,1.4575,9.18,9.22,6.47,8.71,6.38,7.42,1.51,33.11,2.3,3.03,4.5,19.06,3.8600000000000003,3.16,25.990000000000002,10.07,3.52,10.21,5.03,13.72,4.77,5.8,22.12,3.15,18.77,0.14,-12.33,35.9,0.37,2.94,34.77,6.04,5.55,4.01,5.69,8.25,1.39,15.45,10.23,23.86,13.89,0.05,10.84,7.88,4.88,5.32
2024-03-25,4.18,2.72,4.4399999999999995,5.81,12.49,2.7,4.2,7.97,3.86,1.07,2.52,17.39,6.66,1.4575,9.18,9.22,6.47,8.71,6.38,7.42,1.51,33.11,2.3,3.03,4.5,19.06,3.8600000000000003,3.16,25.990000000000002,10.07,3.52,10.21,5.03,13.72,4.77,5.8,22.12,3.15,18.77,0.14,-12.33,35.9,0.37,2.94,34.77,6.04,5.55,4.01,5.69,8.25,1.39,15.45,10.23,23.86,13.89,0.05,10.84,7.88,4.88,5.32
2024-03-26,4.18,2.72,4.4399999999999995,5.81,12.49,2.7,4.2,7.97,3.86,1.07,2.52,17.39,6.66,1.4575,9.18,9.22,6.47,8.71,6.38,7.42,1.51,33.11,2.3,3.03,4.5,19.06,3.8600000000000003,3.16,25.990000000000002,10.07,3.52,10.21,5.03,13.72,4.77,5.8,22.12,3.15,18.77,0.14,-12.33,35.9,0.37,2.94,34.77,6.04,5.55,4.01,5.69,8.25,1.39,15.45,10.23,23.86,13.89,0.05,10.84,7.88,4.88,5.32
2024-03-27,4.18,2.72,4.4399999999999995,5.81,12.49,2.7,4.2,7.97,3.86,1.07,2.52,17.39,6.66,1.4575,9.18,9.22,6.47,8.71,6.38,7.42,1.51,33.11,2.3,3.03,4.5,19.06,3.8600000000000003,3.16,25.990000000000002,10.07,3.52,10.21,5.03,13.72,4.77,5.8,22.12,3.15,18.77,0.14,-12.33,35.9,0.37,2.94,34.77,6.04,5.55,4.01,5.69,8.25,1.39,15.45,10.23,23.86,13.89,0.05,10.84,7.88,4.88,5.32
2024-03-28,4.18,2.72,4.4399999999999995,5.81,12.49,2.7,4.2,7.97,3.86,1.07,2.52,17.39,6.66,1.4575,9.18,9.22,6.47,8.71,6.38,7.42,1.51,33.11,2.3,3.03,4.5,19.06,3.8600000000000003,3.16,25.990000000000002,10.07,3.52,10.21,5.03,13.72,4.77,5.8,22.12,3.15,18.77,0.14,-12.33,35.9,0.37,2.94,34.77,6.04,5.55,4.01,5.69,8.25,1.39,15.45,10.23,23.86,13.89,0.05,10.84,7.88,4.88,5.32
2024-04-01,4.18,3.36,3.21,6.06,7.0,5.23,4.51,8.0,-3.1,1.19,2.26,12.18,5.07,1.4575,9.14,8.51,5.7,7.43,5.89,8.82,1.54,26.51,2.32,3.43,0.36,20.05,3.83,2.97,16.24,10.32,3.3,7.32,5.54,15.09,5.07,6.79,22.39,3.15,18.42,0.9,-15.6,35.67,-0.05,3.33,33.87,6.5,1.26,3.68,3.81,8.76,1.25,15.59,11.77,16.38,15.41,-0.05,10.18,7.58,4.61,5.19
2024-04-02,4.18,3.36,3.21,6.06,7.0,5.23,4.51,8.0,-3.1,1.19,2.26,12.18,5.07,1.4575,9.14,8.51,5.7,7.43,5.89,8.82,1.54,26.51,2.32,3.43,0.36,20.05,3.83,2.97,16.24,10.32,3.3,7.32,5.54,15.09,5.07,6.79,22.39,3.15,18.42,0.9,-15.6,35.67,-0.05,3.33,33.87,6.5,1.26,3.68,3.81,8.76,1.25,15.59,11.77,16.38,15.41,-0.05,10.18,7.58,4.61,5.19
2024-04-03,4.18,3.36,3.21,6.06,7.0,5.23,4.51,8.0,-3.1,1.19,2.26,12.18,5.07,1.4575,9.14,8.51,5.7,7.43,5.89,8.82,1.54,26.51,2.32,3.43,0.36,20.05,3.83,2.97,16.24,10.32,3.3,7.32,5.54,15.09,5.07,6.79,22.39,3.15,18.42,0.9,-15.6,35.67,-0.05,3.33,33.87,6.5,1.26,3.68,3.81,8.76,1.25,15.59,11.77,16.38,15.41,-0.05,10.18,7.58,4.61,5.19
2024-04-04,4.18,3.36,3.21,6.06,7.0,5.23,4.51,8.0,-3.1,1.19,2.26,12.18,5.07,1.4575,9.14,8.51,5.7,7.43,5.89,8.82,1.54,26.51,2.32,3.43,0.36,20.05,3.83,2.97,16.24,10.32,3.3,7.32,5.54,15.09,5.07,6.79,22.39,3.15,18.42,0.9,-15.6,35.67,-0.05,3.33,33.87,6.5,1.26,3.68,3.81,8.76,1.25,15.59,11.77,16.38,15.41,-0.05,10.18,7.58,4.61,5.19
2024-04-05,4.18,3.36,3.21,6.06,7.0,5.23,4.51,8.0,-3.1,1.19,2.26,12.18,5.07,1.4575,9.14,8.51,5.7,7.43,5.89,8.82,1.54,26.51,2.32,3.43,0.36,20.05,3.83,2.97,16.24,10.32,3.3,7.32,5.54,15.09,5.07,6.79,22.39,3.15,18.42,0.9,-15.6,35.67,-0.05,3.33,33.87,6.5,1.26,3.68,3.81,8.76,1.25,15.59,11.77,16.38,15.41,-0.05,10.18,7.58,4.61,5.19
2024-04-08,4.18,3.36,3.21,6.06,7.0,5.23,4.51,8.0,-3.1,1.19,2.26,12.18,5.07,1.4575,9.14,8.51,5.7,7.43,5.89,8.82,1.54,26.51,2.32,3.43,0.36,20.05,3.83,2.97,16.24,10.32,3.3,7.32,5.54,15.09,5.07,6.79,22.39,3.15,18.42,0.9,-15.6,35.67,-0.05,3.33,33.87,6.5,1.26,3.68,3.81,8.76,1.25,15.59,11.77,16.38,15.41,-0.05,10.18,7.58,4.61,5.19
2024-04-09,4.18,3.36,3.21,6.06,7.0,5.23,4.51,8.0,-3.1,1.19,2.26,12.18,5.07,1.4575,9.14,8.51,5.7,7.43,5.89,8.82,1.54,26.51,2.32,3.43,0.36,20.05,3.83,2.97,16.24,10.32,3.3,7.32,5.54,15.09,5.07,6.79,22.39,3.15,18.42,0.9,-15.6,35.67,-0.05,3.33,33.87,6.5,1.26,3.68,3.81,8.76,1.25,15.59,11.77,16.38,15.41,-0.05,10.18,7.58,4.61,5.19
2024-04-10,4.18,3.36,3.21,6.06,7.0,5.23,4.51,8.0,-3.1,1.19,2.26,12.18,5.07,1.4575,9.14,8.51,5.7,7.43,5.89,8.82,1.54,26.51,2.32,3.43,0.36,20.05,3.83,2.97,16.24,10.32,3.3,7.32,5.54,15.09,5.07,6.79,22.39,3.15,18.42,0.9,-15.6,35.67,-0.05,3.33,33.87,6.5,1.26,3.68,3.81,8.76,1.25,15.59,11.77,16.38,15.41,-0.05,10.18,7.58,4.61,5.19
2024-04-11,4.18,3.36,3.21,6.06,7.0,5.23,4.51,8.0,-3.1,1.19,2.26,12.18,5.07,1.4575,9.14,8.51,5.7,7.43,5.89,8.82,1.54,26.51,2.32,3.43,0.36,20.05,3.83,2.97,16.24,10.32,3.3,7.32,5.54,15.09,5.07,6.79,22.39,3.15,18.42,0.9,-15.6,35.67,-0.05,3.33,33.87,6.5,1.26,3.68,3.81,8.76,1.25,15.59,11.77,16.38,15.41,-0.05,10.18,7.58,4.61,5.19
2024-04-12,4.18,3.36,3.21,6.06,7.0,5.23,4.51,8.0,-3.1,1.19,2.26,12.18,5.07,1.4575,9.14,8.51,5.7,7.43,5.89,8.82,1.54,26.51,2.32,3.43,0.36,20.05,3.83,2.97,16.24,10.32,3.3,7.32,5.54,15.09,5.07,6.79,22.39,3.15,18.42,0.9,-15.6,35.67,-0.05,3.33,33.87,6.5,1.26,3.68,3.81,8.76,1.25,15.59,11.77,16.38,15.41,-0.05,10.18,7.58,4.61,5.19
2024-04-15,4.18,3.36,3.21,6.06,7.0,5.23,4.51,8.0,-3.1,1.19,2.26,12.18,5.07,1.4575,9.14,8.51,5.7,7.43,5.89,8.82,1.54,26.51,2.32,3.43,0.36,20.05,3.83,2.97,16.24,10.32,3.3,7.32,5.54,15.09,5.07,6.79,22.39,3.15,18.42,0.9,-15.6,35.67,-0.05,3.33,33.87,6.5,1.26,3.68,3.81,8.76,1.25,15.59,11.77,16.38,15.41,-0.05,10.18,7.58,4.61,5.19
2024-04-16,4.18,3.36,3.21,6.06,7.0,5.23,4.51,8.0,-3.1,1.19,2.26,12.18,5.07,1.4575,9.14,8.51,5.7,7.43,5.89,8.82,1.54,26.51,2.32,3.43,0.36,20.05,3.83,2.97,16.24,10.32,3.3,7.32,5.54,15.09,5.07,6.79,22.39,3.15,18.42,0.9,-15.6,35.67,-0.05,3.33,33.87,6.5,1.26,3.68,3.81,8.76,1.25,15.59,11.77,16.38,15.41,-0.05,10.18,7.58,4.61,5.19
2024-04-17,4.18,3.36,3.21,6.06,7.0,5.23,4.51,8.0,-3.1,1.19,2.26,12.18,5.07,1.4575,9.14,8.51,5.7,7.43,5.89,8.82,1.54,26.51,2.32,3.43,0.36,20.05,3.83,2.97,16.24,10.32,3.3,7.32,5.54,15.09,5.07,6.79,22.39,3.15,18.42,0.9,-15.6,35.67,-0.05,3.33,33.87,6.5,1.26,3.68,3.81,8.76,1.25,15.59,11.77,16.38,15.41,-0.05,10.18,7.58,4.61,5.19
2024-04-18,4.18,3.36,3.21,6.06,7.0,5.23,4.51,8.0,-3.1,1.19,2.26,12.18,5.07,1.4575,9.14,8.51,5.7,7.43,5.89,8.82,1.54,26.51,2.32,3.43,0.36,20.05,3.83,2.97,16.24,10.32,3.3,7.32,5.54,15.09,5.07,6.79,22.39,3.15,18.42,0.9,-15.6,35.67,-0.05,3.33,33.87,6.5,1.26,3.68,3.81,8.76,1.25,15.59,11.77,16.38,15.41,-0.05,10.18,7.58,4.61,5.19
2024-04-19,4.18,3.36,3.21,6.06,7.0,5.23,4.51,8.0,-3.1,1.19,2.26,12.18,5.07,1.4575,9.14,8.51,5.7,7.43,5.89,8.82,1.54,26.51,2.32,3.43,0.36,20.05,3.83,2.97,16.24,10.32,3.3,7.32,5.54,15.09,5.07,6.79,22.39,3.15,18.42,0.9,-15.6,35.67,-0.05,3.33,33.87,6.5,1.26,3.68,3.81,8.76,1.25,15.59,11.77,16.38,15.41,-0.05,10.18,7.58,4.61,5.19
2024-04-22,4.18,3.36,3.21,6.06,7.0,5.23,4.51,8.0,-3.1,1.19,2.26,12.18,5.07,1.4575,9.14,8.51,5.7,7.43,5.89,8.82,1.54,26.51,2.32,3.43,0.36,20.05,3.83,2.97,16.24,10.32,3.3,7.32,5.54,15.09,5.07,6.79,22.39,3.15,18.42,0.9,-15.6,35.67,-0.05,3.33,33.87,6.5,1.26,3.68,3.81,8.76,1.25,15.59,11.77,16.38,15.41,-0.05,10.18,7.58,4.61,5.19
2024-04-23,4.18,3.36,3.21,6.06,7.0,5.23,4.51,8.0,-3.1,1.19,2.26,12.18,5.07,1.4575,9.14,8.51,5.7,7.43,5.89,8.82,1.54,26.51,2.32,3.43,0.36,20.05,3.83,2.97,16.24,10.32,3.3,7.32,5.54,15.09,5.07,6.79,22.39,3.15,18.42,0.9,-15.6,35.67,-0.05,3.33,33.87,6.5,1.26,3.68,3.81,8.76,1.25,15.59,11.77,16.38,15.41,-0.05,10.18,7.58,4.61,5.19
2024-04-24,4.18,3.36,3.21,6.06,7.0,5.23,4.51,8.0,-3.1,1.19,2.26,12.18,5.07,1.4575,9.14,8.51,5.7,7.43,5.89,8.82,1.54,26.51,2.32,3.43,0.36,20.05,3.83,2.97,16.24,10.32,3.3,7.32,5.54,15.09,5.07,6.79,22.39,3.15,18.42,0.9,-15.6,35.67,-0.05,3.33,33.87,6.5,1.26,3.68,3.81,8.76,1.25,15.59,11.77,16.38,15.41,-0.05,10.18,7.58,4.61,5.19
2024-04-25,4.18,3.36,3.21,6.06,7.0,5.23,4.51,8.0,-3.1,1.19,2.26,12.18,5.07,1.4575,9.14,8.51,5.7,7.43,5.89,8.82,1.54,26.51,2.32,3.43,0.36,20.05,3.83,2.97,16.24,10.32,3.3,7.32,5.54,15.09,5.07,6.79,22.39,3.15,18.42,0.9,-15.6,35.67,-0.05,3.33,33.87,6.5,1.26,3.68,3.81,8.76,1.25,15.59,11.77,16.38,15.41,-0.05,10.18,7.58,4.61,5.19
2024-04-26,4.18,3.36,3.21,6.06,7.0,5.23,4.51,8.0,-3.1,1.19,2.26,12.18,5.07,1.4575,9.14,8.51,5.7,7.43,5.89,8.82,1.54,26.51,2.32,3.43,0.36,20.05,3.83,2.97,16.24,10.32,3.3,7.32,5.54,15.09,5.07,6.79,22.39,3.15,18.42,0.9,-15.6,35.67,-0.05,3.33,33.87,6.5,1.26,3.68,3.81,8.76,1.25,15.59,11.77,16.38,15.41,-0.05,10.18,7.58,4.61,5.19
2024-04-29,4.18,3.36,3.21,6.06,7.0,5.23,4.51,8.0,-3.1,1.19,2.26,12.18,5.07,1.4575,9.14,8.51,5.7,7.43,5.89,8.82,1.54,26.51,2.32,3.43,0.36,20.05,3.83,2.97,16.24,10.32,3.3,7.32,5.54,15.09,5.07,6.79,22.39,3.15,18.42,0.9,-15.6,35.67,-0.05,3.33,33.87,6.5,1.26,3.68,3.81,8.76,1.25,15.59,11.77,16.38,15.41,-0.05,10.18,7.58,4.61,5.19
2024-04-30,4.22,3.36,3.21,6.06,7.0,5.23,4.51,8.0,-3.1,1.19,2.26,12.18,5.07,1.7025,9.14,8.51,5.7,7.43,5.89,8.82,1.54,26.51,2.32,3.43,0.36,20.05,3.83,2.97,16.24,10.32,3.3,7.32,5.54,15.09,5.07,6.79,22.39,2.76,18.42,0.9,-15.6,35.67,-0.05,3.33,33.87,6.5,1.26,3.68,3.81,8.76,1.25,15.59,11.77,16.38,15.41,-0.05,10.18,7.58,4.61,5.19
2024-05-01,4.22,3.36,3.21,6.06,7.0,5.23,4.51,8.0,-3.1,1.19,2.26,12.18,5.07,1.7025,9.14,8.51,5.7,7.43,5.89,8.82,1.54,26.51,2.32,3.43,0.36,20.05,3.83,2.97,16.24,10.32,3.3,7.32,5.54,15.09,5.07,6.79,22.39,2.76,18.42,0.9,-15.6,35.67,-0.05,3.33,33.87,6.5,1.26,3.68,3.81,8.76,1.25,15.59,11.77,16.38,15.41,-0.05,10.18,7.58,4.61,5.19
2024-05-02,4.22,3.36,3.21,6.06,7.0,5.23,4.51,8.0,-3.1,1.19,2.26,12.18,5.07,1.7025,9.14,8.51,5.7,7.43,5.89,8.82,1.54,26.51,2.32,3.43,0.36,20.05,3.83,2.97,16.24,10.32,3.3,7.32,5.54,15.09,5.07,6.79,22.39,2.76,18.42,0.9,-15.6,35.67,-0.05,3.33,33.87,6.5,1.26,3.68,3.81,8.76,1.25,15.59,11.77,16.38,15.41,-0.05,10.18,7.58,4.61,5.19
2024-05-03,4.22,3.36,3.21,6.06,7.0,5.23,4.51,8.0,-3.1,1.19,2.26,12.18,5.07,1.7025,9.14,8.51,5.7,7.43,5.89,8.82,1.54,26.51,2.32,3.43,0.36,20.05,3.83,2.97,16.24,10.32,3.3,7.32,5.54,15.09,5.07,6.79,22.39,2.76,18.42,0.9,-15.6,35.67,-0.05,3.33,33.87,6.5,1.26,3.68,3.81,8.76,1.25,15.59,11.77,16.38,15.41,-0.05,10.18,7.58,4.61,5.19
2024-05-06,4.22,3.36,3.21,6.06,7.0,5.23,4.51,8.0,-3.1,1.19,2.26,12.18,5.07,1.7025,9.14,8.51,5.7,7.43,5.89,8.82,1.54,26.51,2.32,3.43,0.36,20.05,3.83,2.97,16.24,10.32,3.3,7.32,5.54,15.09,5.07,6.79,22.39,2.76,18.42,0.9,-15.6,35.67,-0.05,3.33,33.87,6.5,1.26,3.68,3.81,8.76,1.25,15.59,11.77,16.38,15.41,-0.05,10.18,7.58,4.61,5.19
2024-05-07,4.22,3.36,3.21,6.06,7.0,5.23,4.51,8.0,-3.1,1.19,2.26,12.18,5.07,1.7025,9.14,8.51,5.7,7.43,5.89,8.82,1.54,26.51,2.32,3.43,0.36,20.05,3.83,2.97,16.24,10.32,3.3,7.32,5.54,15.09,5.07,6.79,22.39,2.76,18.42,0.9,-15.6,35.67,-0.05,3.33,33.87,6.5,1.26,3.68,3.81,8.76,1.25,15.59,11.77,16.38,15.41,-0.05,10.18,7.58,4.61,5.19
2024-05-08,4.22,3.36,3.21,6.06,7.0,5.23,4.51,8.0,-3.1,1.19,2.26,12.18,5.07,1.7025,9.14,8.51,5.7,7.43,5.89,8.82,1.54,26.51,2.32,3.43,0.36,20.05,3.83,2.97,16.24,10.32,3.3,7.32,5.54,15.09,5.07,6.79,22.39,2.76,18.42,0.9,-15.6,35.67,-0.05,3.33,33.87,6.5,1.26,3.68,3.81,8.76,1.25,15.59,11.77,16.38,15.41,-0.05,10.18,7.58,4.61,5.19
2024-05-09,4.22,3.36,3.21,6.06,7.0,5.23,4.51,8.0,-3.1,1.19,2.26,12.18,5.07,1.7025,9.14,8.51,5.7,7.43,5.89,8.82,1.54,26.51,2.32,3.43,0.36,20.05,3.83,2.97,16.24,10.32,3.3,7.32,5.54,15.09,5.07,6.79,22.39,2.76,18.42,0.9,-15.6,35.67,-0.05,3.33,33.87,6.5,1.26,3.68,3.81,8.76,1.25,15.59,11.77,16.38,15.41,-0.05,10.18,7.58,4.61,5.19
2024-05-10,4.22,3.36,3.21,6.06,7.0,5.23,4.51,8.0,-3.1,1.19,2.26,12.18,5.07,1.7025,9.14,8.51,5.7,7.43,5.89,8.82,1.54,26.51,2.32,3.43,0.36,20.05,3.83,2.97,16.24,10.32,3.3,7.32,5.54,15.09,5.07,6.79,22.39,2.76,18.42,0.9,-15.6,35.67,-0.05,3.33,33.87,6.5,1.26,3.68,3.81,8.76,1.25,15.59,11.77,16.38,15.41,-0.05,10.18,7.58,4.61,5.19
2024-05-13,4.22,3.36,3.21,6.06,7.0,5.23,4.51,8.0,-3.1,1.19,2.26,12.18,5.07,1.7025,9.14,8.51,5.7,7.43,5.89,8.82,1.54,26.51,2.32,3.43,0.36,20.05,3.83,2.97,16.24,10.32,3.3,7.32,5.54,15.09,5.07,6.79,22.39,2.76,18.42,0.9,-15.6,35.67,-0.05,3.33,33.87,6.5,1.26,3.68,3.81,8.76,1.25,15.59,11.77,16.38,15.41,-0.05,10.18,7.58,4.61,5.19
2024-05-14,4.22,3.36,3.21,6.06,7.0,5.23,4.51,8.0,-3.1,1.19,2.26,12.18,5.07,1.7025,9.14,8.51,5.7,7.43,5.89,8.82,1.54,26.51,2.32,3.43,0.36,20.05,3.83,2.97,16.24,10.32,3.3,7.32,5.54,15.09,5.07,6.79,22.39,2.76,18.42,0.9,-15.6,35.67,-0.05,3.33,33.87,6.5,1.26,3.68,3.81,8.76,1.25,15.59,11.77,16.38,15.41,-0.05,10.18,7.58,4.61,5.19
2024-05-15,4.22,3.36,3.21,6.06,7.0,5.23,4.51,8.0,-3.1,1.19,2.26,12.18,5.07,1.7025,9.14,8.51,5.7,7.43,5.89,8.82,1.54,26.51,2.32,3.43,0.36,20.05,3.83,2.97,16.24,10.32,3.3,7.32,5.54,15.09,5.07,6.79,22.39,2.76,18.42,0.9,-15.6,35.67,-0.05,3.33,33.87,6.5,1.26,3.68,3.81,8.76,1.25,15.59,11.77,16.38,15.41,-0.05,10.18,7.58,4.61,5.19
2024-05-16,4.22,3.36,3.21,6.06,7.0,5.23,4.51,8.0,-3.1,1.19,2.26,12.18,5.07,1.7025,9.14,8.51,5.7,7.43,5.89,8.82,1.54,26.51,2.32,3.43,0.36,20.05,3.83,2.97,16.24,10.32,3.3,7.32,5.54,15.09,5.07,6.79,22.39,2.76,18.42,0.9,-15.6,35.67,-0.05,3.33,33.87,6.5,1.26,3.68,3.81,8.76,1.25,15.59,11.77,16.38,15.41,-0.05,10.18,7.58,4.61,5.19
2024-05-17,4.22,3.36,3.21,6.06,7.0,5.23,4.51,8.0,-3.1,1.19,2.26,12.18,5.07,1.7025,9.14,8.51,5.7,7.43,5.89,8.82,1.54,26.51,2.32,3.43,0.36,20.05,3.83,2.97,16.24,10.32,3.3,7.32,5.54,15.09,5.07,6.79,22.39,2.76,18.42,0.9,-15.6,35.67,-0.05,3.33,33.87,6.5,1.26,3.68,3.81,8.76,1.25,15.59,11.77,16.38,15.41,-0.05,10.18,7.58,4.61,5.19
2024-05-20,4.22,3.36,3.21,6.06,7.0,5.23,4.51,8.0,-3.1,1.19,2.26,12.18,5.07,1.7025,9.14,8.51,5.7,7.43,5.89,8.82,1.54,26.51,2.32,3.43,0.36,20.05,3.83,2.97,16.24,10.32,3.3,7.32,5.54,15.09,5.07,6.79,22.39,2.76,18.42,0.9,-15.6,35.67,-0.05,3.33,33.87,6.5,1.26,3.68,3.81,8.76,1.25,15.59,11.77,16.38,15.41,-0.05,10.18,7.58,4.61,5.19
2024-05-21,4.22,3.36,3.21,6.06,7.0,5.23,4.51,8.0,-3.1,1.19,2.26,12.18,5.07,1.7025,9.14,8.51,5.7,7.43,5.89,8.82,1.54,26.51,2.32,3.43,0.36,20.05,3.83,2.97,16.24,10.32,3.3,7.32,5.54,15.09,5.07,6.79,22.39,2.76,18.42,0.9,-15.6,35.67,-0.05,3.33,33.87,6.5,1.26,3.68,3.81,8.76,1.25,15.59,11.77,16.38,15.41,-0.05,10.18,7.58,4.61,5.19
2024-05-22,4.22,3.36,3.21,6.06,7.0,5.23,4.51,8.0,-3.1,1.19,2.26,12.18,5.07,1.7025,9.14,8.51,5.7,7.43,5.89,8.82,1.54,26.51,2.32,3.43,0.36,20.05,3.83,2.97,16.24,10.32,3.3,7.32,5.54,15.09,5.07,6.79,22.39,2.76,18.42,0.9,-15.6,35.67,-0.05,3.33,33.87,6.5,1.26,3.68,3.81,8.76,1.25,15.59,11.77,16.38,15.41,-0.05,10.18,7.58,4.61,5.19
2024-05-23,4.22,3.36,3.21,6.06,7.0,5.23,4.51,8.0,-3.1,1.19,2.26,12.18,5.07,1.7025,9.14,8.51,5.7,7.43,5.89,8.82,1.54,26.51,2.32,3.43,0.36,20.05,3.83,2.97,16.24,10.32,3.3,7.32,5.54,15.09,5.07,6.79,22.39,2.76,18.42,0.9,-15.6,35.67,-0.05,3.33,33.87,6.5,1.26,3.68,3.81,8.76,1.25,15.59,11.77,16.38,15.41,-0.05,10.18,7.58,4.61,5.19
2024-05-24,4.22,3.36,3.21,6.06,7.0,5.23,4.51,8.0,-3.1,1.19,2.26,12.18,5.07,1.7025,9.14,8.51,5.7,7.43,5.89,8.82,1.54,26.51,2.32,3.43,0.36,20.05,3.83,2.97,16.24,10.32,3.3,7.32,5.54,15.09,5.07,6.79,22.39,2.76,18.42,0.9,-15.6,35.67,-0.05,3.33,33.87,6.5,1.26,3.68,3.81,8.76,1.25,15.59,11.77,16.38,15.41,-0.05,10.18,7.58,4.61,5.19
2024-05-28,4.22,3.36,3.21,6.06,7.0,5.23,4.51,8.0,-3.1,1.19,2.26,12.18,5.07,1.7025,9.14,8.51,5.7,7.43,5.89,8.82,1.54,26.51,2.32,3.43,0.36,20.05,3.83,2.97,16.24,10.32,3.3,7.32,5.54,15.09,5.07,6.79,22.39,2.76,18.42,0.9,-15.6,35.67,-0.05,3.33,33.87,6.5,1.26,3.68,3.81,8.76,1.25,15.59,11.77,16.38,15.41,-0.05,10.18,7.58,4.61,5.19
2024-05-29,4.22,3.36,3.21,6.06,7.0,5.23,4.51,8.0,-3.1,1.19,2.26,12.18,5.07,1.7025,9.14,8.51,5.7,7.43,5.89,8.82,1.54,26.51,2.32,3.43,0.36,20.05,3.83,2.97,16.24,10.32,3.3,7.32,5.54,15.09,5.07,6.79,22.39,2.76,18.42,0.9,-15.6,35.67,-0.05,3.33,33.87,6.5,1.26,3.68,3.81,8.76,1.25,15.59,11.77,16.38,15.41,-0.05,10.18,7.58,4.61,5.19
2024-05-30,4.22,3.36,3.21,6.06,7.0,5.23,4.51,8.0,-3.1,1.19,2.26,12.18,5.07,1.7025,9.14,8.51,5.7,7.43,5.89,8.82,1.54,26.51,2.32,3.43,0.36,20.05,3.83,2.97,16.24,10.32,3.3,7.32,5.54,15.09,5.07,6.79,22.39,2.76,18.42,0.9,-15.6,35.67,-0.05,3.33,33.87,6.5,1.26,3.68,3.81,8.76,1.25,15.59,11.77,16.38,15.41,-0.05,10.18,7.58,4.61,5.19
2024-05-31,4.22,3.36,3.21,6.06,7.0,5.23,4.51,8.0,-3.1,1.19,2.26,12.18,5.07,1.7025,9.14,8.51,5.7,7.43,5.89,8.82,1.54,26.51,2.32,3.43,0.36,20.05,3.83,2.97,16.24,10.32,3.3,7.32,5.54,15.09,5.07,6.79,22.39,2.76,18.42,0.9,-15.6,35.67,-0.05,3.33,33.87,6.5,1.26,3.68,3.81,8.76,1.25,15.59,11.77,16.38,15.41,-0.05,10.18,7.58,4.61,5.19
2024-06-03,4.22,3.36,3.21,6.06,7.0,5.23,4.51,8.0,-3.1,1.19,2.26,12.18,5.07,1.7025,9.14,8.51,5.7,7.43,5.89,8.82,1.54,26.51,2.32,3.43,0.36,20.05,3.83,2.97,16.24,10.32,3.3,7.32,5.54,15.09,5.07,6.79,22.39,2.76,18.42,0.9,-15.6,35.67,-0.05,3.33,33.87,6.5,1.26,3.68,3.81,8.76,1.25,15.59,11.77,16.38,15.41,-0.05,10.18,7.58,4.61,5.19
2024-06-04,4.22,3.36,3.21,6.06,7.0,5.23,4.51,8.0,-3.1,1.19,2.26,12.18,5.07,1.7025,9.14,8.51,5.7,7.43,5.89,8.82,1.54,26.51,2.32,3.43,0.36,20.05,3.83,2.97,16.24,10.32,3.3,7.32,5.54,15.09,5.07,6.79,22.39,2.76,18.42,0.9,-15.6,35.67,-0.05,3.33,33.87,6.5,1.26,3.68,3.81,8.76,1.25,15.59,11.77,16.38,15.41,-0.05,10.18,7.58,4.61,5.19
2024-06-05,4.22,3.36,3.21,6.06,7.0,5.23,4.51,8.0,-3.1,1.19,2.26,12.18,5.07,1.7025,9.14,8.51,5.7,7.43,5.89,8.82,1.54,26.51,2.32,3.43,0.36,20.05,3.83,2.97,16.24,10.32,3.3,7.32,5.54,15.09,5.07,6.79,22.39,2.76,18.42,0.9,-15.6,35.67,-0.05,3.33,33.87,6.5,1.26,3.68,3.81,8.76,1.25,15.59,11.77,16.38,15.41,-0.05,10.18,7.58,4.61,5.19
2024-06-06,4.22,3.36,3.21,6.06,7.0,5.23,4.51,8.0,-3.1,1.19,2.26,12.18,5.07,1.7025,9.14,8.51,5.7,7.43,5.89,8.82,1.54,26.51,2.32,3.43,0.36,20.05,3.83,2.97,16.24,10.32,3.3,7.32,5.54,15.09,5.07,6.79,22.39,2.76,18.42,0.9,-15.6,35.67,-0.05,3.33,33.87,6.5,1.26,3.68,3.81,8.76,1.25,15.59,11.77,16.38,15.41,-0.05,10.18,7.58,4.61,5.19
2024-06-07,4.22,3.36,3.21,6.06,7.0,5.23,4.51,8.0,-3.1,1.19,2.26,12.18,5.07,1.7025,9.14,8.51,5.7,7.43,5.89,8.82,1.54,26.51,2.32,3.43,0.36,20.05,3.83,2.97,16.24,10.32,3.3,7.32,5.54,15.09,5.07,6.79,22.39,2.76,18.42,0.9,-15.6,35.67,-0.05,3.33,33.87,6.5,1.26,3.68,3.81,8.76,1.25,15.59,11.77,16.38,15.41,-0.05,10.18,7.58,4.61,5.19
2024-06-10,4.22,3.36,3.21,6.06,7.0,5.23,4.51,8.0,-3.1,1.19,2.26,12.18,5.07,1.7025,9.14,8.51,5.7,7.43,5.89,8.82,1.54,26.51,2.32,3.43,0.36,20.05,3.83,2.97,16.24,10.32,3.3,7.32,5.54,15.09,5.07,6.79,22.39,2.76,18.42,0.9,-15.6,35.67,-0.05,3.33,33.87,6.5,1.26,3.68,3.81,8.76,1.25,15.59,11.77,16.38,15.41,-0.05,10.18,7.58,4.61,5.19
2024-06-11,4.22,3.36,3.21,6.06,7.0,5.23,4.51,8.0,-3.1,1.19,2.26,12.18,5.07,1.7025,9.14,8.51,5.7,7.43,5.89,8.82,1.54,26.51,2.32,3.43,0.36,20.05,3.83,2.97,16.24,10.32,3.3,7.32,5.54,15.09,5.07,6.79,22.39,2.76,18.42,0.9,-15.6,35.67,-0.05,3.33,33.87,6.5,1.26,3.68,3.81,8.76,1.25,15.59,11.77,16.38,15.41,-0.05,10.18,7.58,4.61,5.19
2024-06-12,4.22,3.36,3.21,6.06,7.0,5.23,4.51,8.0,-3.1,1.19,2.26,12.18,5.07,1.7025,9.14,8.51,5.7,7.43,5.89,8.82,1.54,26.51,2.32,3.43,0.36,20.05,3.83,2.97,16.24,10.32,3.3,7.32,5.54,15.09,5.07,6.79,22.39,2.76,18.42,0.9,-15.6,35.67,-0.05,3.33,33.87,6.5,1.26,3.68,3.81,8.76,1.25,15.59,11.77,16.38,15.41,-0.05,10.18,7.58,4.61,5.19
2024-06-13,4.22,3.36,3.21,6.06,7.0,5.23,4.51,8.0,-3.1,1.19,2.26,12.18,5.07,1.7025,9.14,8.51,5.7,7.43,5.89,8.82,1.54,26.51,2.32,3.43,0.36,20.05,3.83,2.97,16.24,10.32,3.3,7.32,5.54,15.09,5.07,6.79,22.39,2.76,18.42,0.9,-15.6,35.67,-0.05,3.33,33.87,6.5,1.26,3.68,3.81,8.76,1.25,15.59,11.77,16.38,15.41,-0.05,10.18,7.58,4.61,5.19
2024-06-14,4.22,3.36,3.21,6.06,7.0,5.23,4.51,8.0,-3.1,1.19,2.26,12.18,5.07,1.7025,9.14,8.51,5.7,7.43,5.89,8.82,1.54,26.51,2.32,3.43,0.36,20.05,3.83,2.97,16.24,10.32,3.3,7.32,5.54,15.09,5.07,6.79,22.39,2.76,18.42,0.9,-15.6,35.67,-0.05,3.33,33.87,6.5,1.26,3.68,3.81,8.76,1.25,15.59,11.77,16.38,15.41,-0.05,10.18,7.58,4.61,5.19
2024-06-17,4.22,3.36,3.21,6.06,7.0,5.23,4.51,8.0,-3.1,1.19,2.26,12.18,5.07,1.7025,9.14,8.51,5.7,7.43,5.89,8.82,1.54,26.51,2.32,3.43,0.36,20.05,3.83,2.97,16.24,10.32,3.3,7.32,5.54,15.09,5.07,6.79,22.39,2.76,18.42,0.9,-15.6,35.67,-0.05,3.33,33.87,6.5,1.26,3.68,3.81,8.76,1.25,15.59,11.77,16.38,15.41,-0.05,10.18,7.58,4.61,5.19
2024-06-18,4.22,3.36,3.21,6.06,7.0,5.23,4.51,8.0,-3.1,1.19,2.26,12.18,5.07,1.7025,9.14,8.51,5.7,7.43,5.89,8.82,1.54,26.51,2.32,3.43,0.36,20.05,3.83,2.97,16.24,10.32,3.3,7.32,5.54,15.09,5.07,6.79,22.39,2.76,18.42,0.9,-15.6,35.67,-0.05,3.33,33.87,6.5,1.26,3.68,3.81,8.76,1.25,15.59,11.77,16.38,15.41,-0.05,10.18,7.58,4.61,5.19
2024-06-20,4.22,3.36,3.21,6.06,7.0,5.23,4.51,8.0,-3.1,1.19,2.26,12.18,5.07,1.7025,9.14,8.51,5.7,7.43,5.89,8.82,1.54,26.51,2.32,3.43,0.36,20.05,3.83,2.97,16.24,10.32,3.3,7.32,5.54,15.09,5.07,6.79,22.39,2.76,18.42,0.9,-15.6,35.67,-0.05,3.33,33.87,6.5,1.26,3.68,3.81,8.76,1.25,15.59,11.77,16.38,15.41,-0.05,10.18,7.58,4.61,5.19
2024-06-21,4.22,3.36,3.21,6.06,7.0,5.23,4.51,8.0,-3.1,1.19,2.26,12.18,5.07,1.7025,9.14,8.51,5.7,7.43,5.89,8.82,1.54,26.51,2.32,3.43,0.36,20.05,3.83,2.97,16.24,10.32,3.3,7.32,5.54,15.09,5.07,6.79,22.39,2.76,18.42,0.9,-15.6,35.67,-0.05,3.33,33.87,6.5,1.26,3.68,3.81,8.76,1.25,15.59,11.77,16.38,15.41,-0.05,10.18,7.58,4.61,5.19
2024-06-24,4.22,3.36,3.21,6.06,7.0,5.23,4.51,8.0,-3.1,1.19,2.26,12.18,5.07,1.7025,9.14,8.51,5.7,7.43,5.89,8.82,1.54,26.51,2.32,3.43,0.36,20.05,3.83,2.97,16.24,10.32,3.3,7.32,5.54,15.09,5.07,6.79,22.39,2.76,18.42,0.9,-15.6,35.67,-0.05,3.33,33.87,6.5,1.26,3.68,3.81,8.76,1.25,15.59,11.77,16.38,15.41,-0.05,10.18,7.58,4.61,5.19
2024-06-25,4.22,3.36,3.21,6.06,7.0,5.23,4.51,8.0,-3.1,1.19,2.26,12.18,5.07,1.7025,9.14,8.51,5.7,7.43,5.89,8.82,1.54,26.51,2.32,3.43,0.36,20.05,3.83,2.97,16.24,10.32,3.3,7.32,5.54,15.09,5.07,6.79,22.39,2.76,18.42,0.9,-15.6,35.67,-0.05,3.33,33.87,6.5,1.26,3.68,3.81,8.76,1.25,15.59,11.77,16.38,15.41,-0.05,10.18,7.58,4.61,5.19
2024-06-26,4.22,3.36,3.21,6.06,7.0,5.23,4.51,8.0,-3.1,1.19,2.26,12.18,5.07,1.7025,9.14,8.51,5.7,7.43,5.89,8.82,1.54,26.51,2.32,3.43,0.36,20.05,3.83,2.97,16.24,10.32,3.3,7.32,5.54,15.09,5.07,6.79,22.39,2.76,18.42,0.9,-15.6,35.67,-0.05,3.33,33.87,6.5,1.26,3.68,3.81,8.76,1.25,15.59,11.77,16.38,15.41,-0.05,10.18,7.58,4.61,5.19
2024-06-27,4.22,3.36,3.21,6.06,7.0,5.23,4.51,8.0,-3.1,1.19,2.26,12.18,5.07,1.7025,9.14,8.51,5.7,7.43,5.89,8.82,1.54,26.51,2.32,3.43,0.36,20.05,3.83,2.97,16.24,10.32,3.3,7.32,5.54,15.09,5.07,6.79,22.39,2.76,18.42,0.9,-15.6,35.67,-0.05,3.33,33.87,6.5,1.26,3.68,3.81,8.76,1.25,15.59,11.77,16.38,15.41,-0.05,10.18,7.58,4.61,5.19
2024-06-28,4.22,3.36,3.21,6.06,7.0,5.23,4.51,8.0,-3.1,1.19,2.26,12.18,5.07,1.7025,9.14,8.51,5.7,7.43,5.89,8.82,1.54,26.51,2.32,3.43,0.36,20.05,3.83,2.97,16.24,10.32,3.3,7.32,5.54,15.09,5.07,6.79,22.39,2.76,18.42,0.9,-15.6,35.67,-0.05,3.33,33.87,6.5,1.26,3.68,3.81,8.76,1.25,15.59,11.77,16.38,15.41,-0.05,10.18,7.58,4.61,5.19
2024-07-01,4.22,2.99,3.17,5.89,5.8,4.9,4.83,7.93,-3.25,1.23,3.45,12.67,5.31,1.7025,9.22,8.36,5.62,7.41,5.64,9.4,1.61,28.56,2.43,3.45,0.82,21.3,3.9600000000000004,2.71,21.86,10.08,0.41,7.7,5.82,15.06,5.39,8.12,22.37,2.76,18.23,5.4,-15.35,36.35,-0.46,5.53,37.77,6.92,1.41,2.339173,4.02,8.97,1.05,16.12,13.61,15.11,-1.98,-0.54,10.01,7.03,4.79,5.1
2024-07-02,4.22,2.99,3.17,5.89,5.8,4.9,4.83,7.93,-3.25,1.23,3.45,12.67,5.31,1.7025,9.22,8.36,5.62,7.41,5.64,9.4,1.61,28.56,2.43,3.45,0.82,21.3,3.9600000000000004,2.71,21.86,10.08,0.41,7.7,5.82,15.06,5.39,8.12,22.37,2.76,18.23,5.4,-15.35,36.35,-0.46,5.53,37.77,6.92,1.41,2.339173,4.02,8.97,1.05,16.12,13.61,15.11,-1.98,-0.54,10.01,7.03,4.79,5.1
2024-07-03,4.22,2.99,3.17,5.89,5.8,4.9,4.83,7.93,-3.25,1.23,3.45,12.67,5.31,1.7025,9.22,8.36,5.62,7.41,5.64,9.4,1.61,28.56,2.43,3.45,0.82,21.3,3.9600000000000004,2.71,21.86,10.08,0.41,7.7,5.82,15.06,5.39,8.12,22.37,2.76,18.23,5.4,-15.35,36.35,-0.46,5.53,37.77,6.92,1.41,2.339173,4.02,8.97,1.05,16.12,13.61,15.11,-1.98,-0.54,10.01,7.03,4.79,5.1
2024-07-05,4.22,2.99,3.17,5.89,5.8,4.9,4.83,7.93,-3.25,1.23,3.45,12.67,5.31,1.7025,9.22,8.36,5.62,7.41,5.64,9.4,1.61,28.56,2.43,3.45,0.82,21.3,3.9600000000000004,2.71,21.86,10.08,0.41,7.7,5.82,15.06,5.39,8.12,22.37,2.76,18.23,5.4,-15.35,36.35,-0.46,5.53,37.77,6.92,1.41,2.339173,4.02,8.97,1.05,16.12,13.61,15.11,-1.98,-0.54,10.01,7.03,4.79,5.1
2024-07-08,4.22,2.99,3.17,5.89,5.8,4.9,4.83,7.93,-3.25,1.23,3.45,12.67,5.31,1.7025,9.22,8.36,5.62,7.41,5.64,9.4,1.61,28.56,2.43,3.45,0.82,21.3,3.9600000000000004,2.71,21.86,10.08,0.41,7.7,5.82,15.06,5.39,8.12,22.37,2.76,18.23,5.4,-15.35,36.35,-0.46,5.53,37.77,6.92,1.41,2.339173,4.02,8.97,1.05,16.12,13.61,15.11,-1.98,-0.54,10.01,7.03,4.79,5.1
2024-07-09,4.22,2.99,3.17,5.89,5.8,4.9,4.83,7.93,-3.25,1.23,3.45,12.67,5.31,1.7025,9.22,8.36,5.62,7.41,5.64,9.4,1.61,28.56,2.43,3.45,0.82,21.3,3.9600000000000004,2.71,21.86,10.08,0.41,7.7,5.82,15.06,5.39,8.12,22.37,2.76,18.23,5.4,-15.35,36.35,-0.46,5.53,37.77,6.92,1.41,2.339173,4.02,8.97,1.05,16.12,13.61,15.11,-1.98,-0.54,10.01,7.03,4.79,5.1
2024-07-10,4.22,2.99,3.17,5.89,5.8,4.9,4.83,7.93,-3.25,1.23,3.45,12.67,5.31,1.7025,9.22,8.36,5.62,7.41,5.64,9.4,1.61,28.56,2.43,3.45,0.82,21.3,3.9600000000000004,2.71,21.86,10.08,0.41,7.7,5.82,15.06,5.39,8.12,22.37,2.76,18.23,5.4,-15.35,36.35,-0.46,5.53,37.77,6.92,1.41,2.339173,4.02,8.97,1.05,16.12,13.61,15.11,-1.98,-0.54,10.01,7.03,4.79,5.1
2024-07-11,4.22,2.99,3.17,5.89,5.8,4.9,4.83,7.93,-3.25,1.23,3.45,12.67,5.31,1.7025,9.22,8.36,5.62,7.41,5.64,9.4,1.61,28.56,2.43,3.45,0.82,21.3,3.9600000000000004,2.71,21.86,10.08,0.41,7.7,5.82,15.06,5.39,8.12,22.37,2.76,18.23,5.4,-15.35,36.35,-0.46,5.53,37.77,6.92,1.41,2.339173,4.02,8.97,1.05,16.12,13.61,15.11,-1.98,-0.54,10.01,7.03,4.79,5.1
2024-07-12,4.22,2.99,3.17,5.89,5.8,4.9,4.83,7.93,-3.25,1.23,3.45,12.67,5.31,1.7025,9.22,8.36,5.62,7.41,5.64,9.4,1.61,28.56,2.43,3.45,0.82,21.3,3.9600000000000004,2.71,21.86,10.08,0.41,7.7,5.82,15.06,5.39,8.12,22.37,2.76,18.23,5.4,-15.35,36.35,-0.46,5.53,37.77,6.92,1.41,2.339173,4.02,8.97,1.05,16.12,13.61,15.11,-1.98,-0.54,10.01,7.03,4.79,5.1
2024-07-15,4.22,2.99,3.17,5.89,5.8,4.9,4.83,7.93,-3.25,1.23,3.45,12.67,5.31,1.7025,9.22,8.36,5.62,7.41,5.64,9.4,1.61,28.56,2.43,3.45,0.82,21.3,3.9600000000000004,2.71,21.86,10.08,0.41,7.7,5.82,15.06,5.39,8.12,22.37,2.76,18.23,5.4,-15.35,36.35,-0.46,5.53,37.77,6.92,1.41,2.339173,4.02,8.97,1.05,16.12,13.61,15.11,-1.98,-0.54,10.01,7.03,4.79,5.1
2024-07-16,4.22,2.99,3.17,5.89,5.8,4.9,4.83,7.93,-3.25,1.23,3.45,12.67,5.31,1.7025,9.22,8.36,5.62,7.41,5.64,9.4,1.61,28.56,2.43,3.45,0.82,21.3,3.9600000000000004,2.71,21.86,10.08,0.41,7.7,5.82,15.06,5.39,8.12,22.37,2.76,18.23,5.4,-15.35,36.35,-0.46,5.53,37.77,6.92,1.41,2.339173,4.02,8.97,1.05,16.12,13.61,15.11,-1.98,-0.54,10.01,7.03,4.79,5.1
2024-07-17,4.22,2.99,3.17,5.89,5.8,4.9,4.83,7.93,-3.25,1.23,3.45,12.67,5.31,1.7025,9.22,8.36,5.62,7.41,5.64,9.4,1.61,28.56,2.43,3.45,0.82,21.3,3.9600000000000004,2.71,21.86,10.08,0.41,7.7,5.82,15.06,5.39,8.12,22.37,2.76,18.23,5.4,-15.35,36.35,-0.46,5.53,37.77,6.92,1.41,2.339173,4.02,8.97,1.05,16.12,13.61,15.11,-1.98,-0.54,10.01,7.03,4.79,5.1
2024-07-18,4.22,2.99,3.17,5.89,5.8,4.9,4.83,7.93,-3.25,1.23,3.45,12.67,5.31,1.7025,9.22,8.36,5.62,7.41,5.64,9.4,1.61,28.56,2.43,3.45,0.82,21.3,3.9600000000000004,2.71,21.86,10.08,0.41,7.7,5.82,15.06,5.39,8.12,22.37,2.76,18.23,5.4,-15.35,36.35,-0.46,5.53,37.77,6.92,1.41,2.339173,4.02,8.97,1.05,16.12,13.61,15.11,-1.98,-0.54,10.01,7.03,4.79,5.1
2024-07-19,4.22,2.99,3.17,5.89,5.8,4.9,4.83,7.93,-3.25,1.23,3.45,12.67,5.31,1.7025,9.22,8.36,5.62,7.41,5.64,9.4,1.61,28.56,2.43,3.45,0.82,21.3,3.9600000000000004,2.71,21.86,10.08,0.41,7.7,5.82,15.06,5.39,8.12,22.37,2.76,18.23,5.4,-15.35,36.35,-0.46,5.53,37.77,6.92,1.41,2.339173,4.02,8.97,1.05,16.12,13.61,15.11,-1.98,-0.54,10.01,7.03,4.79,5.1
2024-07-22,4.22,2.99,3.17,5.89,5.8,4.9,4.83,7.93,-3.25,1.23,3.45,12.67,5.31,1.7025,9.22,8.36,5.62,7.41,5.64,9.4,1.61,28.56,2.43,3.45,0.82,21.3,3.9600000000000004,2.71,21.86,10.08,0.41,7.7,5.82,15.06,5.39,8.12,22.37,2.76,18.23,5.4,-15.35,36.35,-0.46,5.53,37.77,6.92,1.41,2.339173,4.02,8.97,1.05,16.12,13.61,15.11,-1.98,-0.54,10.01,7.03,4.79,5.1
2024-07-23,4.22,2.99,3.17,5.89,5.8,4.9,4.83,7.93,-3.25,1.23,3.45,12.67,5.31,1.7025,9.22,8.36,5.62,7.41,5.64,9.4,1.61,28.56,2.43,3.45,0.82,21.3,3.9600000000000004,2.71,21.86,10.08,0.41,7.7,5.82,15.06,5.39,8.12,22.37,2.76,18.23,5.4,-15.35,36.35,-0.46,5.53,37.77,6.92,1.41,2.339173,4.02,8.97,1.05,16.12,13.61,15.11,-1.98,-0.54,10.01,7.03,4.79,5.1
2024-07-24,4.22,2.99,3.17,5.89,5.8,4.9,4.83,7.93,-3.25,1.23,3.45,12.67,5.31,1.7025,9.22,8.36,5.62,7.41,5.64,9.4,1.61,28.56,2.43,3.45,0.82,21.3,3.9600000000000004,2.71,21.86,10.08,0.41,7.7,5.82,15.06,5.39,8.12,22.37,2.76,18.23,5.4,-15.35,36.35,-0.46,5.53,37.77,6.92,1.41,2.339173,4.02,8.97,1.05,16.12,13.61,15.11,-1.98,-0.54,10.01,7.03,4.79,5.1
2024-07-25,4.22,2.99,3.17,5.89,5.8,4.9,4.83,7.93,-3.25,1.23,3.45,12.67,5.31,1.7025,9.22,8.36,5.62,7.41,5.64,9.4,1.61,28.56,2.43,3.45,0.82,21.3,3.9600000000000004,2.71,21.86,10.08,0.41,7.7,5.82,15.06,5.39,8.12,22.37,2.76,18.23,5.4,-15.35,36.35,-0.46,5.53,37.77,6.92,1.41,2.339173,4.02,8.97,1.05,16.12,13.61,15.11,-1.98,-0.54,10.01,7.03,4.79,5.1
2024-07-26,4.22,2.99,3.17,5.89,5.8,4.9,4.83,7.93,-3.25,1.23,3.45,12.67,5.31,1.7025,9.22,8.36,5.62,7.41,5.64,9.4,1.61,28.56,2.43,3.45,0.82,21.3,3.9600000000000004,2.71,21.86,10.08,0.41,7.7,5.82,15.06,5.39,8.12,22.37,2.76,18.23,5.4,-15.35,36.35,-0.46,5.53,37.77,6.92,1.41,2.339173,4.02,8.97,1.05,16.12,13.61,15.11,-1.98,-0.54,10.01,7.03,4.79,5.1
2024-07-29,4.22,2.99,3.17,5.89,5.8,4.9,4.83,7.93,-3.25,1.23,3.45,12.67,5.31,1.7025,9.22,8.36,5.62,7.41,5.64,9.4,1.61,28.56,2.43,3.45,0.82,21.3,3.9600000000000004,2.71,21.86,10.08,0.41,7.7,5.82,15.06,5.39,8.12,22.37,2.76,18.23,5.4,-15.35,36.35,-0.46,5.53,37.77,6.92,1.41,2.339173,4.02,8.97,1.05,16.12,13.61,15.11,-1.98,-0.54,10.01,7.03,4.79,5.1
2024-07-30,4.22,2.99,3.17,5.89,5.8,4.9,4.83,7.93,-3.25,1.23,3.45,12.67,5.31,1.7025,9.22,8.36,5.62,7.41,5.64,9.4,1.61,28.56,2.43,3.45,0.82,21.3,3.9600000000000004,2.71,21.86,10.08,0.41,7.7,5.82,15.06,5.39,8.12,22.37,2.76,18.23,5.4,-15.35,36.35,-0.46,5.53,37.77,6.92,1.41,2.339173,4.02,8.97,1.05,16.12,13.61,15.11,-1.98,-0.54,10.01,7.03,4.79,5.1
2024-07-31,4.81,2.99,3.17,5.89,5.8,4.9,4.83,7.93,-3.25,1.23,3.45,12.67,5.31,1.7975,9.22,8.36,5.62,7.41,5.64,9.4,1.61,28.56,2.43,3.45,0.82,21.3,3.9600000000000004,2.71,21.86,10.08,0.41,7.7,5.82,15.06,5.39,8.12,22.37,2.97,18.23,5.4,-15.35,36.35,-0.46,5.53,37.77,6.92,1.41,2.339173,4.02,8.97,1.05,16.12,13.61,15.11,-1.98,-0.54,10.01,7.03,4.79,5.1
2024-08-01,4.81,2.99,3.17,5.89,5.8,4.9,4.83,7.93,-3.25,1.23,3.45,12.67,5.31,1.7975,9.22,8.36,5.62,7.41,5.64,9.4,1.61,28.56,2.43,3.45,0.82,21.3,3.9600000000000004,2.71,21.86,10.08,0.41,7.7,5.82,15.06,5.39,8.12,22.37,2.97,18.23,5.4,-15.35,36.35,-0.46,5.53,37.77,6.92,1.41,2.339173,4.02,8.97,1.05,16.12,13.61,15.11,-1.98,-0.54,10.01,7.03,4.79,5.1
2024-08-02,4.81,2.99,3.17,5.89,5.8,4.9,4.83,7.93,-3.25,1.23,3.45,12.67,5.31,1.7975,9.22,8.36,5.62,7.41,5.64,9.4,1.61,28.56,2.43,3.45,0.82,21.3,3.9600000000000004,2.71,21.86,10.08,0.41,7.7,5.82,15.06,5.39,8.12,22.37,2.97,18.23,5.4,-15.35,36.35,-0.46,5.53,37.77,6.92,1.41,2.339173,4.02,8.97,1.05,16.12,13.61,15.11,-1.98,-0.54,10.01,7.03,4.79,5.1
2024-08-05,4.81,2.99,3.17,5.89,5.8,4.9,4.83,7.93,-3.25,1.23,3.45,12.67,5.31,1.7975,9.22,8.36,5.62,7.41,5.64,9.4,1.61,28.56,2.43,3.45,0.82,21.3,3.9600000000000004,2.71,21.86,10.08,0.41,7.7,5.82,15.06,5.39,8.12,22.37,2.97,18.23,5.4,-15.35,36.35,-0.46,5.53,37.77,6.92,1.41,2.339173,4.02,8.97,1.05,16.12,13.61,15.11,-1.98,-0.54,10.01,7.03,4.79,5.1
2024-08-06,4.81,2.99,3.17,5.89,5.8,4.9,4.83,7.93,-3.25,1.23,3.45,12.67,5.31,1.7975,9.22,8.36,5.62,7.41,5.64,9.4,1.61,28.56,2.43,3.45,0.82,21.3,3.9600000000000004,2.71,21.86,10.08,0.41,7.7,5.82,15.06,5.39,8.12,22.37,2.97,18.23,5.4,-15.35,36.35,-0.46,5.53,37.77,6.92,1.41,2.339173,4.02,8.97,1.05,16.12,13.61,15.11,-1.98,-0.54,10.01,7.03,4.79,5.1
2024-08-07,4.81,2.99,3.17,5.89,5.8,4.9,4.83,7.93,-3.25,1.23,3.45,12.67,5.31,1.7975,9.22,8.36,5.62,7.41,5.64,9.4,1.61,28.56,2.43,3.45,0.82,21.3,3.9600000000000004,2.71,21.86,10.08,0.41,7.7,5.82,15.06,5.39,8.12,22.37,2.97,18.23,5.4,-15.35,36.35,-0.46,5.53,37.77,6.92,1.41,2.339173,4.02,8.97,1.05,16.12,13.61,15.11,-1.98,-0.54,10.01,7.03,4.79,5.1
2024-08-08,4.81,2.99,3.17,5.89,5.8,4.9,4.83,7.93,-3.25,1.23,3.45,12.67,5.31,1.7975,9.22,8.36,5.62,7.41,5.64,9.4,1.61,28.56,2.43,3.45,0.82,21.3,3.9600000000000004,2.71,21.86,10.08,0.41,7.7,5.82,15.06,5.39,8.12,22.37,2.97,18.23,5.4,-15.35,36.35,-0.46,5.53,37.77,6.92,1.41,2.339173,4.02,8.97,1.05,16.12,13.61,15.11,-1.98,-0.54,10.01,7.03,4.79,5.1
2024-08-09,4.81,2.99,3.17,5.89,5.8,4.9,4.83,7.93,-3.25,1.23,3.45,12.67,5.31,1.7975,9.22,8.36,5.62,7.41,5.64,9.4,1.61,28.56,2.43,3.45,0.82,21.3,3.9600000000000004,2.71,21.86,10.08,0.41,7.7,5.82,15.06,5.39,8.12,22.37,2.97,18.23,5.4,-15.35,36.35,-0.46,5.53,37.77,6.92,1.41,2.339173,4.02,8.97,1.05,16.12,13.61,15.11,-1.98,-0.54,10.01,7.03,4.79,5.1
2024-08-12,4.81,2.99,3.17,5.89,5.8,4.9,4.83,7.93,-3.25,1.23,3.45,12.67,5.31,1.7975,9.22,8.36,5.62,7.41,5.64,9.4,1.61,28.56,2.43,3.45,0.82,21.3,3.9600000000000004,2.71,21.86,10.08,0.41,7.7,5.82,15.06,5.39,8.12,22.37,2.97,18.23,5.4,-15.35,36.35,-0.46,5.53,37.77,6.92,1.41,2.339173,4.02,8.97,1.05,16.12,13.61,15.11,-1.98,-0.54,10.01,7.03,4.79,5.1
2024-08-13,4.81,2.99,3.17,5.89,5.8,4.9,4.83,7.93,-3.25,1.23,3.45,12.67,5.31,1.7975,9.22,8.36,5.62,7.41,5.64,9.4,1.61,28.56,2.43,3.45,0.82,21.3,3.9600000000000004,2.71,21.86,10.08,0.41,7.7,5.82,15.06,5.39,8.12,22.37,2.97,18.23,5.4,-15.35,36.35,-0.46,5.53,37.77,6.92,1.41,2.339173,4.02,8.97,1.05,16.12,13.61,15.11,-1.98,-0.54,10.01,7.03,4.79,5.1
2024-08-14,4.81,2.99,3.17,5.89,5.8,4.9,4.83,7.93,-3.25,1.23,3.45,12.67,5.31,1.7975,9.22,8.36,5.62,7.41,5.64,9.4,1.61,28.56,2.43,3.45,0.82,21.3,3.9600000000000004,2.71,21.86,10.08,0.41,7.7,5.82,15.06,5.39,8.12,22.37,2.97,18.23,5.4,-15.35,36.35,-0.46,5.53,37.77,6.92,1.41,2.339173,4.02,8.97,1.05,16.12,13.61,15.11,-1.98,-0.54,10.01,7.03,4.79,5.1
2024-08-15,4.81,2.99,3.17,5.89,5.8,4.9,4.83,7.93,-3.25,1.23,3.45,12.67,5.31,1.7975,9.22,8.36,5.62,7.41,5.64,9.4,1.61,28.56,2.43,3.45,0.82,21.3,3.9600000000000004,2.71,21.86,10.08,0.41,7.7,5.82,15.06,5.39,8.12,22.37,2.97,18.23,5.4,-15.35,36.35,-0.46,5.53,37.77,6.92,1.41,2.339173,4.02,8.97,1.05,16.12,13.61,15.11,-1.98,-0.54,10.01,7.03,4.79,5.1
2024-08-16,4.81,2.99,3.17,5.89,5.8,4.9,4.83,7.93,-3.25,1.23,3.45,12.67,5.31,1.7975,9.22,8.36,5.62,7.41,5.64,9.4,1.61,28.56,2.43,3.45,0.82,21.3,3.9600000000000004,2.71,21.86,10.08,0.41,7.7,5.82,15.06,5.39,8.12,22.37,2.97,18.23,5.4,-15.35,36.35,-0.46,5.53,37.77,6.92,1.41,2.339173,4.02,8.97,1.05,16.12,13.61,15.11,-1.98,-0.54,10.01,7.03,4.79,5.1
2024-08-19,4.81,2.99,3.17,5.89,5.8,4.9,4.83,7.93,-3.25,1.23,3.45,12.67,5.31,1.7975,9.22,8.36,5.62,7.41,5.64,9.4,1.61,28.56,2.43,3.45,0.82,21.3,3.9600000000000004,2.71,21.86,10.08,0.41,7.7,5.82,15.06,5.39,8.12,22.37,2.97,18.23,5.4,-15.35,36.35,-0.46,5.53,37.77,6.92,1.41,2.339173,4.02,8.97,1.05,16.12,13.61,15.11,-1.98,-0.54,10.01,7.03,4.79,5.1
2024-08-20,4.81,2.99,3.17,5.89,5.8,4.9,4.83,7.93,-3.25,1.23,3.45,12.67,5.31,1.7975,9.22,8.36,5.62,7.41,5.64,9.4,1.61,28.56,2.43,3.45,0.82,21.3,3.9600000000000004,2.71,21.86,10.08,0.41,7.7,5.82,15.06,5.39,8.12,22.37,2.97,18.23,5.4,-15.35,36.35,-0.46,5.53,37.77,6.92,1.41,2.339173,4.02,8.97,1.05,16.12,13.61,15.11,-1.98,-0.54,10.01,7.03,4.79,5.1
2024-08-21,4.81,2.99,3.17,5.89,5.8,4.9,4.83,7.93,-3.25,1.23,3.45,12.67,5.31,1.7975,9.22,8.36,5.62,7.41,5.64,9.4,1.61,28.56,2.43,3.45,0.82,21.3,3.9600000000000004,2.71,21.86,10.08,0.41,7.7,5.82,15.06,5.39,8.12,22.37,2.97,18.23,5.4,-15.35,36.35,-0.46,5.53,37.77,6.92,1.41,2.339173,4.02,8.97,1.05,16.12,13.61,15.11,-1.98,-0.54,10.01,7.03,4.79,5.1
2024-08-22,4.81,2.99,3.17,5.89,5.8,4.9,4.83,7.93,-3.25,1.23,3.45,12.67,5.31,1.7975,9.22,8.36,5.62,7.41,5.64,9.4,1.61,28.56,2.43,3.45,0.82,21.3,3.9600000000000004,2.71,21.86,10.08,0.41,7.7,5.82,15.06,5.39,8.12,22.37,2.97,18.23,5.4,-15.35,36.35,-0.46,5.53,37.77,6.92,1.41,2.339173,4.02,8.97,1.05,16.12,13.61,15.11,-1.98,-0.54,10.01,7.03,4.79,5.1
2024-08-23,4.81,2.99,3.17,5.89,5.8,4.9,4.83,7.93,-3.25,1.23,3.45,12.67,5.31,1.7975,9.22,8.36,5.62,7.41,5.64,9.4,1.61,28.56,2.43,3.45,0.82,21.3,3.9600000000000004,2.71,21.86,10.08,0.41,7.7,5.82,15.06,5.39,8.12,22.37,2.97,18.23,5.4,-15.35,36.35,-0.46,5.53,37.77,6.92,1.41,2.339173,4.02,8.97,1.05,16.12,13.61,15.11,-1.98,-0.54,10.01,7.03,4.79,5.1
2024-08-26,4.81,2.99,3.17,5.89,5.8,4.9,4.83,7.93,-3.25,1.23,3.45,12.67,5.31,1.7975,9.22,8.36,5.62,7.41,5.64,9.4,1.61,28.56,2.43,3.45,0.82,21.3,3.9600000000000004,2.71,21.86,10.08,0.41,7.7,5.82,15.06,5.39,8.12,22.37,2.97,18.23,5.4,-15.35,36.35,-0.46,5.53,37.77,6.92,1.41,2.339173,4.02,8.97,1.05,16.12,13.61,15.11,-1.98,-0.54,10.01,7.03,4.79,5.1
2024-08-27,4.81,2.99,3.17,5.89,5.8,4.9,4.83,7.93,-3.25,1.23,3.45,12.67,5.31,1.7975,9.22,8.36,5.62,7.41,5.64,9.4,1.61,28.56,2.43,3.45,0.82,21.3,3.9600000000000004,2.71,21.86,10.08,0.41,7.7,5.82,15.06,5.39,8.12,22.37,2.97,18.23,5.4,-15.35,36.35,-0.46,5.53,37.77,6.92,1.41,2.339173,4.02,8.97,1.05,16.12,13.61,15.11,-1.98,-0.54,10.01,7.03,4.79,5.1
2024-08-28,4.81,2.99,3.17,5.89,5.8,4.9,4.83,7.93,-3.25,1.23,3.45,12.67,5.31,1.7975,9.22,8.36,5.62,7.41,5.64,9.4,1.61,28.56,2.43,3.45,0.82,21.3,3.9600000000000004,2.71,21.86,10.08,0.41,7.7,5.82,15.06,5.39,8.12,22.37,2.97,18.23,5.4,-15.35,36.35,-0.46,5.53,37.77,6.92,1.41,2.339173,4.02,8.97,1.05,16.12,13.61,15.11,-1.98,-0.54,10.01,7.03,4.79,5.1
2024-08-29,4.81,2.99,3.17,5.89,5.8,4.9,4.83,7.93,-3.25,1.23,3.45,12.67,5.31,1.7975,9.22,8.36,5.62,7.41,5.64,9.4,1.61,28.56,2.43,3.45,0.82,21.3,3.9600000000000004,2.71,21.86,10.08,0.41,7.7,5.82,15.06,5.39,8.12,22.37,2.97,18.23,5.4,-15.35,36.35,-0.46,5.53,37.77,6.92,1.41,2.339173,4.02,8.97,1.05,16.12,13.61,15.11,-1.98,-0.54,10.01,7.03,4.79,5.1
2024-08-30,4.81,2.99,3.17,5.89,5.8,4.9,4.83,7.93,-3.25,1.23,3.45,12.67,5.31,1.7975,9.22,8.36,5.62,7.41,5.64,9.4,1.61,28.56,2.43,3.45,0.82,21.3,3.9600000000000004,2.71,21.86,10.08,0.41,7.7,5.82,15.06,5.39,8.12,22.37,2.97,18.23,5.4,-15.35,36.35,-0.46,5.53,37.77,6.92,1.41,2.339173,4.02,8.97,1.05,16.12,13.61,15.11,-1.98,-0.54,10.01,7.03,4.79,5.1
2024-09-03,4.81,2.99,3.17,5.89,5.8,4.9,4.83,7.93,-3.25,1.23,3.45,12.67,5.31,1.7975,9.22,8.36,5.62,7.41,5.64,9.4,1.61,28.56,2.43,3.45,0.82,21.3,3.9600000000000004,2.71,21.86,10.08,0.41,7.7,5.82,15.06,5.39,8.12,22.37,2.97,18.23,5.4,-15.35,36.35,-0.46,5.53,37.77,6.92,1.41,2.339173,4.02,8.97,1.05,16.12,13.61,15.11,-1.98,-0.54,10.01,7.03,4.79,5.1
2024-09-04,4.81,2.99,3.17,5.89,5.8,4.9,4.83,7.93,-3.25,1.23,3.45,12.67,5.31,1.7975,9.22,8.36,5.62,7.41,5.64,9.4,1.61,28.56,2.43,3.45,0.82,21.3,3.9600000000000004,2.71,21.86,10.08,0.41,7.7,5.82,15.06,5.39,8.12,22.37,2.97,18.23,5.4,-15.35,36.35,-0.46,5.53,37.77,6.92,1.41,2.339173,4.02,8.97,1.05,16.12,13.61,15.11,-1.98,-0.54,10.01,7.03,4.79,5.1
2024-09-05,4.81,2.99,3.17,5.89,5.8,4.9,4.83,7.93,-3.25,1.23,3.45,12.67,5.31,1.7975,9.22,8.36,5.62,7.41,5.64,9.4,1.61,28.56,2.43,3.45,0.82,21.3,3.9600000000000004,2.71,21.86,10.08,0.41,7.7,5.82,15.06,5.39,8.12,22.37,2.97,18.23,5.4,-15.35,36.35,-0.46,5.53,37.77,6.92,1.41,2.339173,4.02,8.97,1.05,16.12,13.61,15.11,-1.98,-0.54,10.01,7.03,4.79,5.1
2024-09-06,4.81,2.99,3.17,5.89,5.8,4.9,4.83,7.93,-3.25,1.23,3.45,12.67,5.31,1.7975,9.22,8.36,5.62,7.41,5.64,9.4,1.61,28.56,2.43,3.45,0.82,21.3,3.9600000000000004,2.71,21.86,10.08,0.41,7.7,5.82,15.06,5.39,8.12,22.37,2.97,18.23,5.4,-15.35,36.35,-0.46,5.53,37.77,6.92,1.41,2.339173,4.02,8.97,1.05,16.12,13.61,15.11,-1.98,-0.54,10.01,7.03,4.79,5.1
2024-09-09,4.81,2.99,3.17,5.89,5.8,4.9,4.83,7.93,-3.25,1.23,3.45,12.67,5.31,1.7975,9.22,8.36,5.62,7.41,5.64,9.4,1.61,28.56,2.43,3.45,0.82,21.3,3.9600000000000004,2.71,21.86,10.08,0.41,7.7,5.82,15.06,5.39,8.12,22.37,2.97,18.23,5.4,-15.35,36.35,-0.46,5.53,37.77,6.92,1.41,2.339173,4.02,8.97,1.05,16.12,13.61,15.11,-1.98,-0.54,10.01,7.03,4.79,5.1
2024-09-10,4.81,2.99,3.17,5.89,5.8,4.9,4.83,7.93,-3.25,1.23,3.45,12.67,5.31,1.7975,9.22,8.36,5.62,7.41,5.64,9.4,1.61,28.56,2.43,3.45,0.82,21.3,3.9600000000000004,2.71,21.86,10.08,0.41,7.7,5.82,15.06,5.39,8.12,22.37,2.97,18.23,5.4,-15.35,36.35,-0.46,5.53,37.77,6.92,1.41,2.339173,4.02,8.97,1.05,16.12,13.61,15.11,-1.98,-0.54,10.01,7.03,4.79,5.1
2024-09-11,4.81,2.99,3.17,5.89,5.8,4.9,4.83,7.93,-3.25,1.23,3.45,12.67,5.31,1.7975,9.22,8.36,5.62,7.41,5.64,9.4,1.61,28.56,2.43,3.45,0.82,21.3,3.9600000000000004,2.71,21.86,10.08,0.41,7.7,5.82,15.06,5.39,8.12,22.37,2.97,18.23,5.4,-15.35,36.35,-0.46,5.53,37.77,6.92,1.41,2.339173,4.02,8.97,1.05,16.12,13.61,15.11,-1.98,-0.54,10.01,7.03,4.79,5.1
2024-09-12,4.81,2.99,3.17,5.89,5.8,4.9,4.83,7.93,-3.25,1.23,3.45,12.67,5.31,1.7975,9.22,8.36,5.62,7.41,5.64,9.4,1.61,28.56,2.43,3.45,0.82,21.3,3.9600000000000004,2.71,21.86,10.08,0.41,7.7,5.82,15.06,5.39,8.12,22.37,2.97,18.23,5.4,-15.35,36.35,-0.46,5.53,37.77,6.92,1.41,2.339173,4.02,8.97,1.05,16.12,13.61,15.11,-1.98,-0.54,10.01,7.03,4.79,5.1
2024-09-13,4.81,2.99,3.17,5.89,5.8,4.9,4.83,7.93,-3.25,1.23,3.45,12.67,5.31,1.7975,9.22,8.36,5.62,7.41,5.64,9.4,1.61,28.56,2.43,3.45,0.82,21.3,3.9600000000000004,2.71,21.86,10.08,0.41,7.7,5.82,15.06,5.39,8.12,22.37,2.97,18.23,5.4,-15.35,36.35,-0.46,5.53,37.77,6.92,1.41,2.339173,4.02,8.97,1.05,16.12,13.61,15.11,-1.98,-0.54,10.01,7.03,4.79,5.1
2024-09-16,4.81,2.99,3.17,5.89,5.8,4.9,4.83,7.93,-3.25,1.23,3.45,12.67,5.31,1.7975,9.22,8.36,5.62,7.41,5.64,9.4,1.61,28.56,2.43,3.45,0.82,21.3,3.9600000000000004,2.71,21.86,10.08,0.41,7.7,5.82,15.06,5.39,8.12,22.37,2.97,18.23,5.4,-15.35,36.35,-0.46,5.53,37.77,6.92,1.41,2.339173,4.02,8.97,1.05,16.12,13.61,15.11,-1.98,-0.54,10.01,7.03,4.79,5.1
2024-09-17,4.81,2.99,3.17,5.89,5.8,4.9,4.83,7.93,-3.25,1.23,3.45,12.67,5.31,1.7975,9.22,8.36,5.62,7.41,5.64,9.4,1.61,28.56,2.43,3.45,0.82,21.3,3.9600000000000004,2.71,21.86,10.08,0.41,7.7,5.82,15.06,5.39,8.12,22.37,2.97,18.23,5.4,-15.35,36.35,-0.46,5.53,37.77,6.92,1.41,2.339173,4.02,8.97,1.05,16.12,13.61,15.11,-1.98,-0.54,10.01,7.03,4.79,5.1
2024-09-18,4.81,2.99,3.17,5.89,5.8,4.9,4.83,7.93,-3.25,1.23,3.45,12.67,5.31,1.7975,9.22,8.36,5.62,7.41,5.64,9.4,1.61,28.56,2.43,3.45,0.82,21.3,3.9600000000000004,2.71,21.86,10.08,0.41,7.7,5.82,15.06,5.39,8.12,22.37,2.97,18.23,5.4,-15.35,36.35,-0.46,5.53,37.77,6.92,1.41,2.339173,4.02,8.97,1.05,16.12,13.61,15.11,-1.98,-0.54,10.01,7.03,4.79,5.1
2024-09-19,4.81,2.99,3.17,5.89,5.8,4.9,4.83,7.93,-3.25,1.23,3.45,12.67,5.31,1.7975,9.22,8.36,5.62,7.41,5.64,9.4,1.61,28.56,2.43,3.45,0.82,21.3,3.9600000000000004,2.71,21.86,10.08,0.41,7.7,5.82,15.06,5.39,8.12,22.37,2.97,18.23,5.4,-15.35,36.35,-0.46,5.53,37.77,6.92,1.41,2.339173,4.02,8.97,1.05,16.12,13.61,15.11,-1.98,-0.54,10.01,7.03,4.79,5.1
2024-09-20,4.81,2.99,3.17,5.89,5.8,4.9,4.83,7.93,-3.25,1.23,3.45,12.67,5.31,1.7975,9.22,8.36,5.62,7.41,5.64,9.4,1.61,28.56,2.43,3.45,0.82,21.3,3.9600000000000004,2.71,21.86,10.08,0.41,7.7,5.82,15.06,5.39,8.12,22.37,2.97,18.23,5.4,-15.35,36.35,-0.46,5.53,37.77,6.92,1.41,2.339173,4.02,8.97,1.05,16.12,13.61,15.11,-1.98,-0.54,10.01,7.03,4.79,5.1
2024-09-23,4.81,2.99,3.17,5.89,5.8,4.9,4.83,7.93,-3.25,1.23,3.45,12.67,5.31,1.7975,9.22,8.36,5.62,7.41,5.64,9.4,1.61,28.56,2.43,3.45,0.82,21.3,3.9600000000000004,2.71,21.86,10.08,0.41,7.7,5.82,15.06,5.39,8.12,22.37,2.97,18.23,5.4,-15.35,36.35,-0.46,5.53,37.77,6.92,1.41,2.339173,4.02,8.97,1.05,16.12,13.61,15.11,-1.98,-0.54,10.01,7.03,4.79,5.1
2024-09-24,4.81,2.99,3.17,5.89,5.8,4.9,4.83,7.93,-3.25,1.23,3.45,12.67,5.31,1.7975,9.22,8.36,5.62,7.41,5.64,9.4,1.61,28.56,2.43,3.45,0.82,21.3,3.9600000000000004,2.71,21.86,10.08,0.41,7.7,5.82,15.06,5.39,8.12,22.37,2.97,18.23,5.4,-15.35,36.35,-0.46,5.53,37.77,6.92,1.41,2.339173,4.02,8.97,1.05,16.12,13.61,15.11,-1.98,-0.54,10.01,7.03,4.79,5.1
2024-09-25,4.81,2.99,3.17,5.89,5.8,4.9,4.83,7.93,-3.25,1.23,3.45,12.67,5.31,1.7975,9.22,8.36,5.62,7.41,5.64,9.4,1.61,28.56,2.43,3.45,0.82,21.3,3.9600000000000004,2.71,21.86,10.08,0.41,7.7,5.82,15.06,5.39,8.12,22.37,2.97,18.23,5.4,-15.35,36.35,-0.46,5.53,37.77,6.92,1.41,2.339173,4.02,8.97,1.05,16.12,13.61,15.11,-1.98,-0.54,10.01,7.03,4.79,5.1
2024-09-26,4.81,2.99,3.17,5.89,5.8,4.9,4.83,7.93,-3.25,1.23,3.45,12.67,5.31,1.7975,9.22,8.36,5.62,7.41,5.64,9.4,1.61,28.56,2.43,3.45,0.82,21.3,3.9600000000000004,2.71,21.86,10.08,0.41,7.7,5.82,15.06,5.39,8.12,22.37,2.97,18.23,5.4,-15.35,36.35,-0.46,5.53,37.77,6.92,1.41,2.339173,4.02,8.97,1.05,16.12,13.61,15.11,-1.98,-0.54,10.01,7.03,4.79,5.1
2024-09-27,4.81,2.99,3.17,5.89,5.8,4.9,4.83,7.93,-3.25,1.23,3.45,12.67,5.31,1.7975,9.22,8.36,5.62,7.41,5.64,9.4,1.61,28.56,2.43,3.45,0.82,21.3,3.9600000000000004,2.71,21.86,10.08,0.41,7.7,5.82,15.06,5.39,8.12,22.37,2.97,18.23,5.4,-15.35,36.35,-0.46,5.53,37.77,6.92,1.41,2.339173,4.02,8.97,1.05,16.12,13.61,15.11,-1.98,-0.54,10.01,7.03,4.79,5.1
2024-09-30,4.81,2.87,3.29,5.86,7.83,0.22,5.86,11.06,-3.58,1.21,5.13,10.55,5.79,1.7975,7.53,8.01,3.94,7.44,5.24,9.28,1.65,27.47,6.9,3.65,0.09,22.27,4.08,2.44,11.46,10.36,0.09,7.61,6.22,6.15,5.27,9.28,19.33,2.97,19.66,4.78,-5.81,37.08,0.75,5.87,40.43,7.54,2.07,0.382046,4.38,9.33,0.95,15.95,15.02,15.38,-1.9,-0.73,11.39,6.74,5.24,5.32
2024-10-01,4.81,2.87,3.29,5.86,7.83,0.22,5.86,11.06,-3.58,1.21,5.13,10.55,5.79,1.7975,7.53,8.01,3.94,7.44,5.24,9.28,1.65,27.47,6.9,3.65,0.09,22.27,4.08,2.44,11.46,10.36,0.09,7.61,6.22,6.15,5.27,9.28,19.33,2.97,19.66,4.78,-5.81,37.08,0.75,5.87,40.43,7.54,2.07,0.382046,4.38,9.33,0.95,15.95,15.02,15.38,-1.9,-0.73,11.39,6.74,5.24,5.32
2024-10-02,4.81,2.87,3.29,5.86,7.83,0.22,5.86,11.06,-3.58,1.21,5.13,10.55,5.79,1.7975,7.53,8.01,3.94,7.44,5.24,9.28,1.65,27.47,6.9,3.65,0.09,22.27,4.08,2.44,11.46,10.36,0.09,7.61,6.22,6.15,5.27,9.28,19.33,2.97,19.66,4.78,-5.81,37.08,0.75,5.87,40.43,7.54,2.07,0.382046,4.38,9.33,0.95,15.95,15.02,15.38,-1.9,-0.73,11.39,6.74,5.24,5.32
2024-10-03,4.81,2.87,3.29,5.86,7.83,0.22,5.86,11.06,-3.58,1.21,5.13,10.55,5.79,1.7975,7.53,8.01,3.94,7.44,5.24,9.28,1.65,27.47,6.9,3.65,0.09,22.27,4.08,2.44,11.46,10.36,0.09,7.61,6.22,6.15,5.27,9.28,19.33,2.97,19.66,4.78,-5.81,37.08,0.75,5.87,40.43,7.54,2.07,0.382046,4.38,9.33,0.95,15.95,15.02,15.38,-1.9,-0.73,11.39,6.74,5.24,5.32
2024-10-04,4.81,2.87,3.29,5.86,7.83,0.22,5.86,11.06,-3.58,1.21,5.13,10.55,5.79,1.7975,7.53,8.01,3.94,7.44,5.24,9.28,1.65,27.47,6.9,3.65,0.09,22.27,4.08,2.44,11.46,10.36,0.09,7.61,6.22,6.15,5.27,9.28,19.33,2.97,19.66,4.78,-5.81,37.08,0.75,5.87,40.43,7.54,2.07,0.382046,4.38,9.33,0.95,15.95,15.02,15.38,-1.9,-0.73,11.39,6.74,5.24,5.32
2024-10-07,4.81,2.87,3.29,5.86,7.83,0.22,5.86,11.06,-3.58,1.21,5.13,10.55,5.79,1.7975,7.53,8.01,3.94,7.44,5.24,9.28,1.65,27.47,6.9,3.65,0.09,22.27,4.08,2.44,11.46,10.36,0.09,7.61,6.22,6.15,5.27,9.28,19.33,2.97,19.66,4.78,-5.81,37.08,0.75,5.87,40.43,7.54,2.07,0.382046,4.38,9.33,0.95,15.95,15.02,15.38,-1.9,-0.73,11.39,6.74,5.24,5.32
2024-10-08,4.81,2.87,3.29,5.86,7.83,0.22,5.86,11.06,-3.58,1.21,5.13,10.55,5.79,1.7975,7.53,8.01,3.94,7.44,5.24,9.28,1.65,27.47,6.9,3.65,0.09,22.27,4.08,2.44,11.46,10.36,0.09,7.61,6.22,6.15,5.27,9.28,19.33,2.97,19.66,4.78,-5.81,37.08,0.75,5.87,40.43,7.54,2.07,0.382046,4.38,9.33,0.95,15.95,15.02,15.38,-1.9,-0.73,11.39,6.74,5.24,5.32
2024-10-09,4.81,2.87,3.29,5.86,7.83,0.22,5.86,11.06,-3.58,1.21,5.13,10.55,5.79,1.7975,7.53,8.01,3.94,7.44,5.24,9.28,1.65,27.47,6.9,3.65,0.09,22.27,4.08,2.44,11.46,10.36,0.09,7.61,6.22,6.15,5.27,9.28,19.33,2.97,19.66,4.78,-5.81,37.08,0.75,5.87,40.43,7.54,2.07,0.382046,4.38,9.33,0.95,15.95,15.02,15.38,-1.9,-0.73,11.39,6.74,5.24,5.32
2024-10-10,4.81,2.87,3.29,5.86,7.83,0.22,5.86,11.06,-3.58,1.21,5.13,10.55,5.79,1.7975,7.53,8.01,3.94,7.44,5.24,9.28,1.65,27.47,6.9,3.65,0.09,22.27,4.08,2.44,11.46,10.36,0.09,7.61,6.22,6.15,5.27,9.28,19.33,2.97,19.66,4.78,-5.81,37.08,0.75,5.87,40.43,7.54,2.07,0.382046,4.38,9.33,0.95,15.95,15.02,15.38,-1.9,-0.73,11.39,6.74,5.24,5.32
2024-10-11,4.81,2.87,3.29,5.86,7.83,0.22,5.86,11.06,-3.58,1.21,5.13,10.55,5.79,1.7975,7.53,8.01,3.94,7.44,5.24,9.28,1.65,27.47,6.9,3.65,0.09,22.27,4.08,2.44,11.46,10.36,0.09,7.61,6.22,6.15,5.27,9.28,19.33,2.97,19.66,4.78,-5.81,37.08,0.75,5.87,40.43,7.54,2.07,0.382046,4.38,9.33,0.95,15.95,15.02,15.38,-1.9,-0.73,11.39,6.74,5.24,5.32
2024-10-14,4.81,2.87,3.29,5.86,7.83,0.22,5.86,11.06,-3.58,1.21,5.13,10.55,5.79,1.7975,7.53,8.01,3.94,7.44,5.24,9.28,1.65,27.47,6.9,3.65,0.09,22.27,4.08,2.44,11.46,10.36,0.09,7.61,6.22,6.15,5.27,9.28,19.33,2.97,19.66,4.78,-5.81,37.08,0.75,5.87,40.43,7.54,2.07,0.382046,4.38,9.33,0.95,15.95,15.02,15.38,-1.9,-0.73,11.39,6.74,5.24,5.32
2024-10-15,4.81,2.87,3.29,5.86,7.83,0.22,5.86,11.06,-3.58,1.21,5.13,10.55,5.79,1.7975,7.53,8.01,3.94,7.44,5.24,9.28,1.65,27.47,6.9,3.65,0.09,22.27,4.08,2.44,11.46,10.36,0.09,7.61,6.22,6.15,5.27,9.28,19.33,2.97,19.66,4.78,-5.81,37.08,0.75,5.87,40.43,7.54,2.07,0.382046,4.38,9.33,0.95,15.95,15.02,15.38,-1.9,-0.73,11.39,6.74,5.24,5.32
2024-10-16,4.81,2.87,3.29,5.86,7.83,0.22,5.86,11.06,-3.58,1.21,5.13,10.55,5.79,1.7975,7.53,8.01,3.94,7.44,5.24,9.28,1.65,27.47,6.9,3.65,0.09,22.27,4.08,2.44,11.46,10.36,0.09,7.61,6.22,6.15,5.27,9.28,19.33,2.97,19.66,4.78,-5.81,37.08,0.75,5.87,40.43,7.54,2.07,0.382046,4.38,9.33,0.95,15.95,15.02,15.38,-1.9,-0.73,11.39,6.74,5.24,5.32
2024-10-17,4.81,2.87,3.29,5.86,7.83,0.22,5.86,11.06,-3.58,1.21,5.13,10.55,5.79,1.7975,7.53,8.01,3.94,7.44,5.24,9.28,1.65,27.47,6.9,3.65,0.09,22.27,4.08,2.44,11.46,10.36,0.09,7.61,6.22,6.15,5.27,9.28,19.33,2.97,19.66,4.78,-5.81,37.08,0.75,5.87,40.43,7.54,2.07,0.382046,4.38,9.33,0.95,15.95,15.02,15.38,-1.9,-0.73,11.39,6.74,5.24,5.32
2024-10-18,4.81,2.87,3.29,5.86,7.83,0.22,5.86,11.06,-3.58,1.21,5.13,10.55,5.79,1.7975,7.53,8.01,3.94,7.44,5.24,9.28,1.65,27.47,6.9,3.65,0.09,22.27,4.08,2.44,11.46,10.36,0.09,7.61,6.22,6.15,5.27,9.28,19.33,2.97,19.66,4.78,-5.81,37.08,0.75,5.87,40.43,7.54,2.07,0.382046,4.38,9.33,0.95,15.95,15.02,15.38,-1.9,-0.73,11.39,6.74,5.24,5.32
2024-10-21,4.81,2.87,3.29,5.86,7.83,0.22,5.86,11.06,-3.58,1.21,5.13,10.55,5.79,1.7975,7.53,8.01,3.94,7.44,5.24,9.28,1.65,27.47,6.9,3.65,0.09,22.27,4.08,2.44,11.46,10.36,0.09,7.61,6.22,6.15,5.27,9.28,19.33,2.97,19.66,4.78,-5.81,37.08,0.75,5.87,40.43,7.54,2.07,0.382046,4.38,9.33,0.95,15.95,15.02,15.38,-1.9,-0.73,11.39,6.74,5.24,5.32
2024-10-22,4.81,2.87,3.29,5.86,7.83,0.22,5.86,11.06,-3.58,1.21,5.13,10.55,5.79,1.7975,7.53,8.01,3.94,7.44,5.24,9.28,1.65,27.47,6.9,3.65,0.09,22.27,4.08,2.44,11.46,10.36,0.09,7.61,6.22,6.15,5.27,9.28,19.33,2.97,19.66,4.78,-5.81,37.08,0.75,5.87,40.43,7.54,2.07,0.382046,4.38,9.33,0.95,15.95,15.02,15.38,-1.9,-0.73,11.39,6.74,5.24,5.32
2024-10-23,4.81,2.87,3.29,5.86,7.83,0.22,5.86,11.06,-3.58,1.21,5.13,10.55,5.79,1.7975,7.53,8.01,3.94,7.44,5.24,9.28,1.65,27.47,6.9,3.65,0.09,22.27,4.08,2.44,11.46,10.36,0.09,7.61,6.22,6.15,5.27,9.28,19.33,2.97,19.66,4.78,-5.81,37.08,0.75,5.87,40.43,7.54,2.07,0.382046,4.38,9.33,0.95,15.95,15.02,15.38,-1.9,-0.73,11.39,6.74,5.24,5.32
2024-10-24,4.81,2.87,3.29,5.86,7.83,0.22,5.86,11.06,-3.58,1.21,5.13,10.55,5.79,1.7975,7.53,8.01,3.94,7.44,5.24,9.28,1.65,27.47,6.9,3.65,0.09,22.27,4.08,2.44,11.46,10.36,0.09,7.61,6.22,6.15,5.27,9.28,19.33,2.97,19.66,4.78,-5.81,37.08,0.75,5.87,40.43,7.54,2.07,0.382046,4.38,9.33,0.95,15.95,15.02,15.38,-1.9,-0.73,11.39,6.74,5.24,5.32
2024-10-25,4.81,2.87,3.29,5.86,7.83,0.22,5.86,11.06,-3.58,1.21,5.13,10.55,5.79,1.7975,7.53,8.01,3.94,7.44,5.24,9.28,1.65,27.47,6.9,3.65,0.09,22.27,4.08,2.44,11.46,10.36,0.09,7.61,6.22,6.15,5.27,9.28,19.33,2.97,19.66,4.78,-5.81,37.08,0.75,5.87,40.43,7.54,2.07,0.382046,4.38,9.33,0.95,15.95,15.02,15.38,-1.9,-0.73,11.39,6.74,5.24,5.32
2024-10-28,4.81,2.87,3.29,5.86,7.83,0.22,5.86,11.06,-3.58,1.21,5.13,10.55,5.79,1.7975,7.53,8.01,3.94,7.44,5.24,9.28,1.65,27.47,6.9,3.65,0.09,22.27,4.08,2.44,11.46,10.36,0.09,7.61,6.22,6.15,5.27,9.28,19.33,2.97,19.66,4.78,-5.81,37.08,0.75,5.87,40.43,7.54,2.07,0.382046,4.38,9.33,0.95,15.95,15.02,15.38,-1.9,-0.73,11.39,6.74,5.24,5.32
2024-10-29,4.81,2.87,3.29,5.86,7.83,0.22,5.86,11.06,-3.58,1.21,5.13,10.55,5.79,1.7975,7.53,8.01,3.94,7.44,5.24,9.28,1.65,27.47,6.9,3.65,0.09,22.27,4.08,2.44,11.46,10.36,0.09,7.61,6.22,6.15,5.27,9.28,19.33,2.97,19.66,4.78,-5.81,37.08,0.75,5.87,40.43,7.54,2.07,0.382046,4.38,9.33,0.95,15.95,15.02,15.38,-1.9,-0.73,11.39,6.74,5.24,5.32
2024-10-30,4.81,2.87,3.29,5.86,7.83,0.22,5.86,11.06,-3.58,1.21,5.13,10.55,5.79,1.7975,7.53,8.01,3.94,7.44,5.24,9.28,1.65,27.47,6.9,3.65,0.09,22.27,4.08,2.44,11.46,10.36,0.09,7.61,6.22,6.15,5.27,9.28,19.33,2.97,19.66,4.78,-5.81,37.08,0.75,5.87,40.43,7.54,2.07,0.382046,4.38,9.33,0.95,15.95,15.02,15.38,-1.9,-0.73,11.39,6.74,5.24,5.32
2024-10-31,4.43,2.87,3.29,5.86,7.83,0.22,5.86,11.06,-3.58,1.21,5.13,10.55,5.79,3.7,7.53,8.01,3.94,7.44,5.24,9.28,1.65,27.47,6.9,3.65,0.09,22.27,4.08,2.44,11.46,10.36,0.09,7.61,6.22,6.15,5.27,9.28,19.33,3.27,19.66,4.78,-5.81,37.08,0.75,5.87,40.43,7.54,2.07,0.382046,4.38,9.33,0.95,15.95,15.02,15.38,-1.9,-0.73,11.39,6.74,5.24,5.32
2024-11-01,4.43,2.87,3.29,5.86,7.83,0.22,5.86,11.06,-3.58,1.21,5.13,10.55,5.79,3.7,7.53,8.01,3.94,7.44,5.24,9.28,1.65,27.47,6.9,3.65,0.09,22.27,4.08,2.44,11.46,10.36,0.09,7.61,6.22,6.15,5.27,9.28,19.33,3.27,19.66,4.78,-5.81,37.08,0.75,5.87,40.43,7.54,2.07,0.382046,4.38,9.33,0.95,15.95,15.02,15.38,-1.9,-0.73,11.39,6.74,5.24,5.32
2024-11-04,4.43,2.87,3.29,5.86,7.83,0.22,5.86,11.06,-3.58,1.21,5.13,10.55,5.79,3.7,7.53,8.01,3.94,7.44,5.24,9.28,1.65,27.47,6.9,3.65,0.09,22.27,4.08,2.44,11.46,10.36,0.09,7.61,6.22,6.15,5.27,9.28,19.33,3.27,19.66,4.78,-5.81,37.08,0.75,5.87,40.43,7.54,2.07,0.382046,4.38,9.33,0.95,15.95,15.02,15.38,-1.9,-0.73,11.39,6.74,5.24,5.32
2024-11-05,4.43,2.87,3.29,5.86,7.83,0.22,5.86,11.06,-3.58,1.21,5.13,10.55,5.79,3.7,7.53,8.01,3.94,7.44,5.24,9.28,1.65,27.47,6.9,3.65,0.09,22.27,4.08,2.44,11.46,10.36,0.09,7.61,6.22,6.15,5.27,9.28,19.33,3.27,19.66,4.78,-5.81,37.08,0.75,5.87,40.43,7.54,2.07,0.382046,4.38,9.33,0.95,15.95,15.02,15.38,-1.9,-0.73,11.39,6.74,5.24,5.32
2024-11-06,4.43,2.87,3.29,5.86,7.83,0.22,5.86,11.06,-3.58,1.21,5.13,10.55,5.79,3.7,7.53,8.01,3.94,7.44,5.24,9.28,1.65,27.47,6.9,3.65,0.09,22.27,4.08,2.44,11.46,10.36,0.09,7.61,6.22,6.15,5.27,9.28,19.33,3.27,19.66,4.78,-5.81,37.08,0.75,5.87,40.43,7.54,2.07,0.382046,4.38,9.33,0.95,15.95,15.02,15.38,-1.9,-0.73,11.39,6.74,5.24,5.32
2024-11-07,4.43,2.87,3.29,5.86,7.83,0.22,5.86,11.06,-3.58,1.21,5.13,10.55,5.79,3.7,7.53,8.01,3.94,7.44,5.24,9.28,1.65,27.47,6.9,3.65,0.09,22.27,4.08,2.44,11.46,10.36,0.09,7.61,6.22,6.15,5.27,9.28,19.33,3.27,19.66,4.78,-5.81,37.08,0.75,5.87,40.43,7.54,2.07,0.382046,4.38,9.33,0.95,15.95,15.02,15.38,-1.9,-0.73,11.39,6.74,5.24,5.32
2024-11-08,4.43,2.87,3.29,5.86,7.83,0.22,5.86,11.06,-3.58,1.21,5.13,10.55,5.79,3.7,7.53,8.01,3.94,7.44,5.24,9.28,1.65,27.47,6.9,3.65,0.09,22.27,4.08,2.44,11.46,10.36,0.09,7.61,6.22,6.15,5.27,9.28,19.33,3.27,19.66,4.78,-5.81,37.08,0.75,5.87,40.43,7.54,2.07,0.382046,4.38,9.33,0.95,15.95,15.02,15.38,-1.9,-0.73,11.39,6.74,5.24,5.32
2024-11-11,4.43,2.87,3.29,5.86,7.83,0.22,5.86,11.06,-3.58,1.21,5.13,10.55,5.79,3.7,7.53,8.01,3.94,7.44,5.24,9.28,1.65,27.47,6.9,3.65,0.09,22.27,4.08,2.44,11.46,10.36,0.09,7.61,6.22,6.15,5.27,9.28,19.33,3.27,19.66,4.78,-5.81,37.08,0.75,5.87,40.43,7.54,2.07,0.382046,4.38,9.33,0.95,15.95,15.02,15.38,-1.9,-0.73,11.39,6.74,5.24,5.32
2024-11-12,4.43,2.87,3.29,5.86,7.83,0.22,5.86,11.06,-3.58,1.21,5.13,10.55,5.79,3.7,7.53,8.01,3.94,7.44,5.24,9.28,1.65,27.47,6.9,3.65,0.09,22.27,4.08,2.44,11.46,10.36,0.09,7.61,6.22,6.15,5.27,9.28,19.33,3.27,19.66,4.78,-5.81,37.08,0.75,5.87,40.43,7.54,2.07,0.382046,4.38,9.33,0.95,15.95,15.02,15.38,-1.9,-0.73,11.39,6.74,5.24,5.32
2024-11-13,4.43,2.87,3.29,5.86,7.83,0.22,5.86,11.06,-3.58,1.21,5.13,10.55,5.79,3.7,7.53,8.01,3.94,7.44,5.24,9.28,1.65,27.47,6.9,3.65,0.09,22.27,4.08,2.44,11.46,10.36,0.09,7.61,6.22,6.15,5.27,9.28,19.33,3.27,19.66,4.78,-5.81,37.08,0.75,5.87,40.43,7.54,2.07,0.382046,4.38,9.33,0.95,15.95,15.02,15.38,-1.9,-0.73,11.39,6.74,5.24,5.32
2024-11-14,4.43,2.87,3.29,5.86,7.83,0.22,5.86,11.06,-3.58,1.21,5.13,10.55,5.79,3.7,7.53,8.01,3.94,7.44,5.24,9.28,1.65,27.47,6.9,3.65,0.09,22.27,4.08,2.44,11.46,10.36,0.09,7.61,6.22,6.15,5.27,9.28,19.33,3.27,19.66,4.78,-5.81,37.08,0.75,5.87,40.43,7.54,2.07,0.382046,4.38,9.33,0.95,15.95,15.02,15.38,-1.9,-0.73,11.39,6.74,5.24,5.32
2024-11-15,4.43,2.87,3.29,5.86,7.83,0.22,5.86,11.06,-3.58,1.21,5.13,10.55,5.79,3.7,7.53,8.01,3.94,7.44,5.24,9.28,1.65,27.47,6.9,3.65,0.09,22.27,4.08,2.44,11.46,10.36,0.09,7.61,6.22,6.15,5.27,9.28,19.33,3.27,19.66,4.78,-5.81,37.08,0.75,5.87,40.43,7.54,2.07,0.382046,4.38,9.33,0.95,15.95,15.02,15.38,-1.9,-0.73,11.39,6.74,5.24,5.32
2024-11-18,4.43,2.87,3.29,5.86,7.83,0.22,5.86,11.06,-3.58,1.21,5.13,10.55,5.79,3.7,7.53,8.01,3.94,7.44,5.24,9.28,1.65,27.47,6.9,3.65,0.09,22.27,4.08,2.44,11.46,10.36,0.09,7.61,6.22,6.15,5.27,9.28,19.33,3.27,19.66,4.78,-5.81,37.08,0.75,5.87,40.43,7.54,2.07,0.382046,4.38,9.33,0.95,15.95,15.02,15.38,-1.9,-0.73,11.39,6.74,5.24,5.32
2024-11-19,4.43,2.87,3.29,5.86,7.83,0.22,5.86,11.06,-3.58,1.21,5.13,10.55,5.79,3.7,7.53,8.01,3.94,7.44,5.24,9.28,1.65,27.47,6.9,3.65,0.09,22.27,4.08,2.44,11.46,10.36,0.09,7.61,6.22,6.15,5.27,9.28,19.33,3.27,19.66,4.78,-5.81,37.08,0.75,5.87,40.43,7.54,2.07,0.382046,4.38,9.33,0.95,15.95,15.02,15.38,-1.9,-0.73,11.39,6.74,5.24,5.32
2024-11-20,4.43,2.87,3.29,5.86,7.83,0.22,5.86,11.06,-3.58,1.21,5.13,10.55,5.79,3.7,7.53,8.01,3.94,7.44,5.24,9.28,1.65,27.47,6.9,3.65,0.09,22.27,4.08,2.44,11.46,10.36,0.09,7.61,6.22,6.15,5.27,9.28,19.33,3.27,19.66,4.78,-5.81,37.08,0.75,5.87,40.43,7.54,2.07,0.382046,4.38,9.33,0.95,15.95,15.02,15.38,-1.9,-0.73,11.39,6.74,5.24,5.32
2024-11-21,4.43,2.87,3.29,5.86,7.83,0.22,5.86,11.06,-3.58,1.21,5.13,10.55,5.79,3.7,7.53,8.01,3.94,7.44,5.24,9.28,1.65,27.47,6.9,3.65,0.09,22.27,4.08,2.44,11.46,10.36,0.09,7.61,6.22,6.15,5.27,9.28,19.33,3.27,19.66,4.78,-5.81,37.08,0.75,5.87,40.43,7.54,2.07,0.382046,4.38,9.33,0.95,15.95,15.02,15.38,-1.9,-0.73,11.39,6.74,5.24,5.32
2024-11-22,4.43,2.87,3.29,5.86,7.83,0.22,5.86,11.06,-3.58,1.21,5.13,10.55,5.79,3.7,7.53,8.01,3.94,7.44,5.24,9.28,1.65,27.47,6.9,3.65,0.09,22.27,4.08,2.44,11.46,10.36,0.09,7.61,6.22,6.15,5.27,9.28,19.33,3.27,19.66,4.78,-5.81,37.08,0.75,5.87,40.43,7.54,2.07,0.382046,4.38,9.33,0.95,15.95,15.02,15.38,-1.9,-0.73,11.39,6.74,5.24,5.32
2024-11-25,4.43,2.87,3.29,5.86,7.83,0.22,5.86,11.06,-3.58,1.21,5.13,10.55,5.79,3.7,7.53,8.01,3.94,7.44,5.24,9.28,1.65,27.47,6.9,3.65,0.09,22.27,4.08,2.44,11.46,10.36,0.09,7.61,6.22,6.15,5.27,9.28,19.33,3.27,19.66,4.78,-5.81,37.08,0.75,5.87,40.43,7.54,2.07,0.382046,4.38,9.33,0.95,15.95,15.02,15.38,-1.9,-0.73,11.39,6.74,5.24,5.32
2024-11-26,4.43,2.87,3.29,5.86,7.83,0.22,5.86,11.06,-3.58,1.21,5.13,10.55,5.79,3.7,7.53,8.01,3.94,7.44,5.24,9.28,1.65,27.47,6.9,3.65,0.09,22.27,4.08,2.44,11.46,10.36,0.09,7.61,6.22,6.15,5.27,9.28,19.33,3.27,19.66,4.78,-5.81,37.08,0.75,5.87,40.43,7.54,2.07,0.382046,4.38,9.33,0.95,15.95,15.02,15.38,-1.9,-0.73,11.39,6.74,5.24,5.32
2024-11-27,4.43,2.87,3.29,5.86,7.83,0.22,5.86,11.06,-3.58,1.21,5.13,10.55,5.79,3.7,7.53,8.01,3.94,7.44,5.24,9.28,1.65,27.47,6.9,3.65,0.09,22.27,4.08,2.44,11.46,10.36,0.09,7.61,6.22,6.15,5.27,9.28,19.33,3.27,19.66,4.78,-5.81,37.08,0.75,5.87,40.43,7.54,2.07,0.382046,4.38,9.33,0.95,15.95,15.02,15.38,-1.9,-0.73,11.39,6.74,5.24,5.32
2024-11-29,4.43,2.87,3.29,5.86,7.83,0.22,5.86,11.06,-3.58,1.21,5.13,10.55,5.79,3.7,7.53,8.01,3.94,7.44,5.24,9.28,1.65,27.47,6.9,3.65,0.09,22.27,4.08,2.44,11.46,10.36,0.09,7.61,6.22,6.15,5.27,9.28,19.33,3.27,19.66,4.78,-5.81,37.08,0.75,5.87,40.43,7.54,2.07,0.382046,4.38,9.33,0.95,15.95,15.02,15.38,-1.9,-0.73,11.39,6.74,5.24,5.32
2024-12-02,4.43,2.87,3.29,5.86,7.83,0.22,5.86,11.06,-3.58,1.21,5.13,10.55,5.79,3.7,7.53,8.01,3.94,7.44,5.24,9.28,1.65,27.47,6.9,3.65,0.09,22.27,4.08,2.44,11.46,10.36,0.09,7.61,6.22,6.15,5.27,9.28,19.33,3.27,19.66,4.78,-5.81,37.08,0.75,5.87,40.43,7.54,2.07,0.382046,4.38,9.33,0.95,15.95,15.02,15.38,-1.9,-0.73,11.39,6.74,5.24,5.32
2024-12-03,4.43,2.87,3.29,5.86,7.83,0.22,5.86,11.06,-3.58,1.21,5.13,10.55,5.79,3.7,7.53,8.01,3.94,7.44,5.24,9.28,1.65,27.47,6.9,3.65,0.09,22.27,4.08,2.44,11.46,10.36,0.09,7.61,6.22,6.15,5.27,9.28,19.33,3.27,19.66,4.78,-5.81,37.08,0.75,5.87,40.43,7.54,2.07,0.382046,4.38,9.33,0.95,15.95,15.02,15.38,-1.9,-0.73,11.39,6.74,5.24,5.32
2024-12-04,4.43,2.87,3.29,5.86,7.83,0.22,5.86,11.06,-3.58,1.21,5.13,10.55,5.79,3.7,7.53,8.01,3.94,7.44,5.24,9.28,1.65,27.47,6.9,3.65,0.09,22.27,4.08,2.44,11.46,10.36,0.09,7.61,6.22,6.15,5.27,9.28,19.33,3.27,19.66,4.78,-5.81,37.08,0.75,5.87,40.43,7.54,2.07,0.382046,4.38,9.33,0.95,15.95,15.02,15.38,-1.9,-0.73,11.39,6.74,5.24,5.32
2024-12-05,4.43,2.87,3.29,5.86,7.83,0.22,5.86,11.06,-3.58,1.21,5.13,10.55,5.79,3.7,7.53,8.01,3.94,7.44,5.24,9.28,1.65,27.47,6.9,3.65,0.09,22.27,4.08,2.44,11.46,10.36,0.09,7.61,6.22,6.15,5.27,9.28,19.33,3.27,19.66,4.78,-5.81,37.08,0.75,5.87,40.43,7.54,2.07,0.382046,4.38,9.33,0.95,15.95,15.02,15.38,-1.9,-0.73,11.39,6.74,5.24,5.32
2024-12-06,4.43,2.87,3.29,5.86,7.83,0.22,5.86,11.06,-3.58,1.21,5.13,10.55,5.79,3.7,7.53,8.01,3.94,7.44,5.24,9.28,1.65,27.47,6.9,3.65,0.09,22.27,4.08,2.44,11.46,10.36,0.09,7.61,6.22,6.15,5.27,9.28,19.33,3.27,19.66,4.78,-5.81,37.08,0.75,5.87,40.43,7.54,2.07,0.382046,4.38,9.33,0.95,15.95,15.02,15.38,-1.9,-0.73,11.39,6.74,5.24,5.32
2024-12-09,4.43,2.87,3.29,5.86,7.83,0.22,5.86,11.06,-3.58,1.21,5.13,10.55,5.79,3.7,7.53,8.01,3.94,7.44,5.24,9.28,1.65,27.47,6.9,3.65,0.09,22.27,4.08,2.44,11.46,10.36,0.09,7.61,6.22,6.15,5.27,9.28,19.33,3.27,19.66,4.78,-5.81,37.08,0.75,5.87,40.43,7.54,2.07,0.382046,4.38,9.33,0.95,15.95,15.02,15.38,-1.9,-0.73,11.39,6.74,5.24,5.32
2024-12-10,4.43,2.87,3.29,5.86,7.83,0.22,5.86,11.06,-3.58,1.21,5.13,10.55,5.79,3.7,7.53,8.01,3.94,7.44,5.24,9.28,1.65,27.47,6.9,3.65,0.09,22.27,4.08,2.44,11.46,10.36,0.09,7.61,6.22,6.15,5.27,9.28,19.33,3.27,19.66,4.78,-5.81,37.08,0.75,5.87,40.43,7.54,2.07,0.382046,4.38,9.33,0.95,15.95,15.02,15.38,-1.9,-0.73,11.39,6.74,5.24,5.32
2024-12-11,4.43,2.87,3.29,5.86,7.83,0.22,5.86,11.06,-3.58,1.21,5.13,10.55,5.79,3.7,7.53,8.01,3.94,7.44,5.24,9.28,1.65,27.47,6.9,3.65,0.09,22.27,4.08,2.44,11.46,10.36,0.09,7.61,6.22,6.15,5.27,9.28,19.33,3.27,19.66,4.78,-5.81,37.08,0.75,5.87,40.43,7.54,2.07,0.382046,4.38,9.33,0.95,15.95,15.02,15.38,-1.9,-0.73,11.39,6.74,5.24,5.32
2024-12-12,4.43,2.87,3.29,5.86,7.83,0.22,5.86,11.06,-3.58,1.21,5.13,10.55,5.79,3.7,7.53,8.01,3.94,7.44,5.24,9.28,1.65,27.47,6.9,3.65,0.09,22.27,4.08,2.44,11.46,10.36,0.09,7.61,6.22,6.15,5.27,9.28,19.33,3.27,19.66,4.78,-5.81,37.08,0.75,5.87,40.43,7.54,2.07,0.382046,4.38,9.33,0.95,15.95,15.02,15.38,-1.9,-0.73,11.39,6.74,5.24,5.32
2024-12-13,4.43,2.87,3.29,5.86,7.83,0.22,5.86,11.06,-3.58,1.21,5.13,10.55,5.79,3.7,7.53,8.01,3.94,7.44,5.24,9.28,1.65,27.47,6.9,3.65,0.09,22.27,4.08,2.44,11.46,10.36,0.09,7.61,6.22,6.15,5.27,9.28,19.33,3.27,19.66,4.78,-5.81,37.08,0.75,5.87,40.43,7.54,2.07,0.382046,4.38,9.33,0.95,15.95,15.02,15.38,-1.9,-0.73,11.39,6.74,5.24,5.32
2024-12-16,4.43,2.87,3.29,5.86,7.83,0.22,5.86,11.06,-3.58,1.21,5.13,10.55,5.79,3.7,7.53,8.01,3.94,7.44,5.24,9.28,1.65,27.47,6.9,3.65,0.09,22.27,4.08,2.44,11.46,10.36,0.09,7.61,6.22,6.15,5.27,9.28,19.33,3.27,19.66,4.78,-5.81,37.08,0.75,5.87,40.43,7.54,2.07,0.382046,4.38,9.33,0.95,15.95,15.02,15.38,-1.9,-0.73,11.39,6.74,5.24,5.32
2024-12-17,4.43,2.87,3.29,5.86,7.83,0.22,5.86,11.06,-3.58,1.21,5.13,10.55,5.79,3.7,7.53,8.01,3.94,7.44,5.24,9.28,1.65,27.47,6.9,3.65,0.09,22.27,4.08,2.44,11.46,10.36,0.09,7.61,6.22,6.15,5.27,9.28,19.33,3.27,19.66,4.78,-5.81,37.08,0.75,5.87,40.43,7.54,2.07,0.382046,4.38,9.33,0.95,15.95,15.02,15.38,-1.9,-0.73,11.39,6.74,5.24,5.32
2024-12-18,4.43,2.87,3.29,5.86,7.83,0.22,5.86,11.06,-3.58,1.21,5.13,10.55,5.79,3.7,7.53,8.01,3.94,7.44,5.24,9.28,1.65,27.47,6.9,3.65,0.09,22.27,4.08,2.44,11.46,10.36,0.09,7.61,6.22,6.15,5.27,9.28,19.33,3.27,19.66,4.78,-5.81,37.08,0.75,5.87,40.43,7.54,2.07,0.382046,4.38,9.33,0.95,15.95,15.02,15.38,-1.9,-0.73,11.39,6.74,5.24,5.32
2024-12-19,4.43,2.87,3.29,5.86,7.83,0.22,5.86,11.06,-3.58,1.21,5.13,10.55,5.79,3.7,7.53,8.01,3.94,7.44,5.24,9.28,1.65,27.47,6.9,3.65,0.09,22.27,4.08,2.44,11.46,10.36,0.09,7.61,6.22,6.15,5.27,9.28,19.33,3.27,19.66,4.78,-5.81,37.08,0.75,5.87,40.43,7.54,2.07,0.382046,4.38,9.33,0.95,15.95,15.02,15.38,-1.9,-0.73,11.39,6.74,5.24,5.32
2024-12-20,4.43,2.87,3.29,5.86,7.83,0.22,5.86,11.06,-3.58,1.21,5.13,10.55,5.79,3.7,7.53,8.01,3.94,7.44,5.24,9.28,1.65,27.47,6.9,3.65,0.09,22.27,4.08,2.44,11.46,10.36,0.09,7.61,6.22,6.15,5.27,9.28,19.33,3.27,19.66,4.78,-5.81,37.08,0.75,5.87,40.43,7.54,2.07,0.382046,4.38,9.33,0.95,15.95,15.02,15.38,-1.9,-0.73,11.39,6.74,5.24,5.32
2024-12-23,4.43,2.87,3.29,5.86,7.83,0.22,5.86,11.06,-3.58,1.21,5.13,10.55,5.79,3.7,7.53,8.01,3.94,7.44,5.24,9.28,1.65,27.47,6.9,3.65,0.09,22.27,4.08,2.44,11.46,10.36,0.09,7.61,6.22,6.15,5.27,9.28,19.33,3.27,19.66,4.78,-5.81,37.08,0.75,5.87,40.43,7.54,2.07,0.382046,4.38,9.33,0.95,15.95,15.02,15.38,-1.9,-0.73,11.39,6.74,5.24,5.32
2024-12-24,4.43,2.87,3.29,5.86,7.83,0.22,5.86,11.06,-3.58,1.21,5.13,10.55,5.79,3.7,7.53,8.01,3.94,7.44,5.24,9.28,1.65,27.47,6.9,3.65,0.09,22.27,4.08,2.44,11.46,10.36,0.09,7.61,6.22,6.15,5.27,9.28,19.33,3.27,19.66,4.78,-5.81,37.08,0.75,5.87,40.43,7.54,2.07,0.382046,4.38,9.33,0.95,15.95,15.02,15.38,-1.9,-0.73,11.39,6.74,5.24,5.32
2024-12-26,4.43,2.87,3.29,5.86,7.83,0.22,5.86,11.06,-3.58,1.21,5.13,10.55,5.79,3.7,7.53,8.01,3.94,7.44,5.24,9.28,1.65,27.47,6.9,3.65,0.09,22.27,4.08,2.44,11.46,10.36,0.09,7.61,6.22,6.15,5.27,9.28,19.33,3.27,19.66,4.78,-5.81,37.08,0.75,5.87,40.43,7.54,2.07,0.382046,4.38,9.33,0.95,15.95,15.02,15.38,-1.9,-0.73,11.39,6.74,5.24,5.32
2024-12-27,4.43,2.87,3.29,5.86,7.83,0.22,5.86,11.06,-3.58,1.21,5.13,10.55,5.79,3.7,7.53,8.01,3.94,7.44,5.24,9.28,1.65,27.47,6.9,3.65,0.09,22.27,4.08,2.44,11.46,10.36,0.09,7.61,6.22,6.15,5.27,9.28,19.33,3.27,19.66,4.78,-5.81,37.08,0.75,5.87,40.43,7.54,2.07,0.382046,4.38,9.33,0.95,15.95,15.02,15.38,-1.9,-0.73,11.39,6.74,5.24,5.32
2024-12-30,4.43,2.87,3.29,5.86,7.83,0.22,5.86,11.06,-3.58,1.21,5.13,10.55,5.79,3.7,7.53,8.01,3.94,7.44,5.24,9.28,1.65,27.47,6.9,3.65,0.09,22.27,4.08,2.44,11.46,10.36,0.09,7.61,6.22,6.15,5.27,9.28,19.33,3.27,19.66,4.78,-5.81,37.08,0.75,5.87,40.43,7.54,2.07,0.382046,4.38,9.33,0.95,15.95,15.02,15.38,-1.9,-0.73,11.39,6.74,5.24,5.32
2024-12-31,4.43,10.120000000000001,7.64,5.62,7.56,2.71,5.94,16.47,-4.41,1.25,5.37,12.12,6.31,3.7,7.05,0.2,5.42,7.69,5.29,10.73,1.42,25.68,6.97,4.34,0.38,22.12,4.13,3.05,9.98,10.67,1.3199999999999998,7.49,6.42,9.989999999999998,8.84,13.0,21.8,3.27,20.42,6.74,-9.28,40.48,1.41,5.78,38.34,8.47,2.2,2.76,4.72,7.76,0.98,21.86,16.82,15.51,-2.08,2.65,10.71,6.69,4.43,5.92
2025-01-02,4.43,10.120000000000001,7.64,5.62,7.56,2.71,5.94,16.47,-4.41,1.25,5.37,12.12,6.31,3.7,7.05,0.2,5.42,7.69,5.29,10.73,1.42,25.68,6.97,4.34,0.38,22.12,4.13,3.05,9.98,10.67,1.3199999999999998,7.49,6.42,9.989999999999998,8.84,13.0,21.8,3.27,20.42,6.74,-9.28,40.48,1.41,5.78,38.34,8.47,2.2,2.76,4.72,7.76,0.98,21.86,16.82,15.51,-2.08,2.65,10.71,6.69,4.43,5.92
2025-01-03,4.43,10.120000000000001,7.64,5.62,7.56,2.71,5.94,16.47,-4.41,1.25,5.37,12.12,6.31,3.7,7.05,0.2,5.42,7.69,5.29,10.73,1.42,25.68,6.97,4.34,0.38,22.12,4.13,3.05,9.98,10.67,1.3199999999999998,7.49,6.42,9.989999999999998,8.84,13.0,21.8,3.27,20.42,6.74,-9.28,40.48,1.41,5.78,38.34,8.47,2.2,2.76,4.72,7.76,0.98,21.86,16.82,15.51,-2.08,2.65,10.71,6.69,4.43,5.92
2025-01-06,4.43,10.120000000000001,7.64,5.62,7.56,2.71,5.94,16.47,-4.41,1.25,5.37,12.12,6.31,3.7,7.05,0.2,5.42,7.69,5.29,10.73,1.42,25.68,6.97,4.34,0.38,22.12,4.13,3.05,9.98,10.67,1.3199999999999998,7.49,6.42,9.989999999999998,8.84,13.0,21.8,3.27,20.42,6.74,-9.28,40.48,1.41,5.78,38.34,8.47,2.2,2.76,4.72,7.76,0.98,21.86,16.82,15.51,-2.08,2.65,10.71,6.69,4.43,5.92
2025-01-07,4.43,10.120000000000001,7.64,5.62,7.56,2.71,5.94,16.47,-4.41,1.25,5.37,12.12,6.31,3.7,7.05,0.2,5.42,7.69,5.29,10.73,1.42,25.68,6.97,4.34,0.38,22.12,4.13,3.05,9.98,10.67,1.3199999999999998,7.49,6.42,9.989999999999998,8.84,13.0,21.8,3.27,20.42,6.74,-9.28,40.48,1.41,5.78,38.34,8.47,2.2,2.76,4.72,7.76,0.98,21.86,16.82,15.51,-2.08,2.65,10.71,6.69,4.43,5.92
2025-01-08,4.43,10.120000000000001,7.64,5.62,7.56,2.71,5.94,16.47,-4.41,1.25,5.37,12.12,6.31,3.7,7.05,0.2,5.42,7.69,5.29,10.73,1.42,25.68,6.97,4.34,0.38,22.12,4.13,3.05,9.98,10.67,1.3199999999999998,7.49,6.42,9.989999999999998,8.84,13.0,21.8,3.27,20.42,6.74,-9.28,40.48,1.41,5.78,38.34,8.47,2.2,2.76,4.72,7.76,0.98,21.86,16.82,15.51,-2.08,2.65,10.71,6.69,4.43,5.92
2025-01-10,4.43,10.120000000000001,7.64,5.62,7.56,2.71,5.94,16.47,-4.41,1.25,5.37,12.12,6.31,3.7,7.05,0.2,5.42,7.69,5.29,10.73,1.42,25.68,6.97,4.34,0.38,22.12,4.13,3.05,9.98,10.67,1.3199999999999998,7.49,6.42,9.989999999999998,8.84,13.0,21.8,3.27,20.42,6.74,-9.28,40.48,1.41,5.78,38.34,8.47,2.2,2.76,4.72,7.76,0.98,21.86,16.82,15.51,-2.08,2.65,10.71,6.69,4.43,5.92
2025-01-13,4.43,10.120000000000001,7.64,5.62,7.56,2.71,5.94,16.47,-4.41,1.25,5.37,12.12,6.31,3.7,7.05,0.2,5.42,7.69,5.29,10.73,1.42,25.68,6.97,4.34,0.38,22.12,4.13,3.05,9.98,10.67,1.3199999999999998,7.49,6.42,9.989999999999998,8.84,13.0,21.8,3.27,20.42,6.74,-9.28,40.48,1.41,5.78,38.34,8.47,2.2,2.76,4.72,7.76,0.98,21.86,16.82,15.51,-2.08,2.65,10.71,6.69,4.43,5.92
2025-01-14,4.43,10.120000000000001,7.64,5.62,7.56,2.71,5.94,16.47,-4.41,1.25,5.37,12.12,6.31,3.7,7.05,0.2,5.42,7.69,5.29,10.73,1.42,25.68,6.97,4.34,0.38,22.12,4.13,3.05,9.98,10.67,1.3199999999999998,7.49,6.42,9.989999999999998,8.84,13.0,21.8,3.27,20.42,6.74,-9.28,40.48,1.41,5.78,38.34,8.47,2.2,2.76,4.72,7.76,0.98,21.86,16.82,15.51,-2.08,2.65,10.71,6.69,4.43,5.92
2025-01-15,4.43,10.120000000000001,7.64,5.62,7.56,2.71,5.94,16.47,-4.41,1.25,5.37,12.12,6.31,3.7,7.05,0.2,5.42,7.69,5.29,10.73,1.42,25.68,6.97,4.34,0.38,22.12,4.13,3.05,9.98,10.67,1.3199999999999998,7.49,6.42,9.989999999999998,8.84,13.0,21.8,3.27,20.42,6.74,-9.28,40.48,1.41,5.78,38.34,8.47,2.2,2.76,4.72,7.76,0.98,21.86,16.82,15.51,-2.08,2.65,10.71,6.69,4.43,5.92
2025-01-16,4.43,10.120000000000001,7.64,5.62,7.56,2.71,5.94,16.47,-4.41,1.25,5.37,12.12,6.31,3.7,7.05,0.2,5.42,7.69,5.29,10.73,1.42,25.68,6.97,4.34,0.38,22.12,4.13,3.05,9.98,10.67,1.3199999999999998,7.49,6.42,9.989999999999998,8.84,13.0,21.8,3.27,20.42,6.74,-9.28,40.48,1.41,5.78,38.34,8.47,2.2,2.76,4.72,7.76,0.98,21.86,16.82,15.51,-2.08,2.65,10.71,6.69,4.43,5.92
2025-01-17,4.43,10.120000000000001,7.64,5.62,7.56,2.71,5.94,16.47,-4.41,1.25,5.37,12.12,6.31,3.7,7.05,0.2,5.42,7.69,5.29,10.73,1.42,25.68,6.97,4.34,0.38,22.12,4.13,3.05,9.98,10.67,1.3199999999999998,7.49,6.42,9.989999999999998,8.84,13.0,21.8,3.27,20.42,6.74,-9.28,40.48,1.41,5.78,38.34,8.47,2.2,2.76,4.72,7.76,0.98,21.86,16.82,15.51,-2.08,2.65,10.71,6.69,4.43,5.92
2025-01-21,4.43,10.120000000000001,7.64,5.62,7.56,2.71,5.94,16.47,-4.41,1.25,5.37,12.12,6.31,3.7,7.05,0.2,5.42,7.69,5.29,10.73,1.42,25.68,6.97,4.34,0.38,22.12,4.13,3.05,9.98,10.67,1.3199999999999998,7.49,6.42,9.989999999999998,8.84,13.0,21.8,3.27,20.42,6.74,-9.28,40.48,1.41,5.78,38.34,8.47,2.2,2.76,4.72,7.76,0.98,21.86,16.82,15.51,-2.08,2.65,10.71,6.69,4.43,5.92
2025-01-22,4.43,10.120000000000001,7.64,5.62,7.56,2.71,5.94,16.47,-4.41,1.25,5.37,12.12,6.31,3.7,7.05,0.2,5.42,7.69,5.29,10.73,1.42,25.68,6.97,4.34,0.38,22.12,4.13,3.05,9.98,10.67,1.3199999999999998,7.49,6.42,9.989999999999998,8.84,13.0,21.8,3.27,20.42,6.74,-9.28,40.48,1.41,5.78,38.34,8.47,2.2,2.76,4.72,7.76,0.98,21.86,16.82,15.51,-2.08,2.65,10.71,6.69,4.43,5.92
2025-01-23,4.43,10.120000000000001,7.64,5.62,7.56,2.71,5.94,16.47,-4.41,1.25,5.37,12.12,6.31,3.7,7.05,0.2,5.42,7.69,5.29,10.73,1.42,25.68,6.97,4.34,0.38,22.12,4.13,3.05,9.98,10.67,1.3199999999999998,7.49,6.42,9.989999999999998,8.84,13.0,21.8,3.27,20.42,6.74,-9.28,40.48,1.41,5.78,38.34,8.47,2.2,2.76,4.72,7.76,0.98,21.86,16.82,15.51,-2.08,2.65,10.71,6.69,4.43,5.92
2025-01-24,4.43,10.120000000000001,7.64,5.62,7.56,2.71,5.94,16.47,-4.41,1.25,5.37,12.12,6.31,3.7,7.05,0.2,5.42,7.69,5.29,10.73,1.42,25.68,6.97,4.34,0.38,22.12,4.13,3.05,9.98,10.67,1.3199999999999998,7.49,6.42,9.989999999999998,8.84,13.0,21.8,3.27,20.42,6.74,-9.28,40.48,1.41,5.78,38.34,8.47,2.2,2.76,4.72,7.76,0.98,21.86,16.82,15.51,-2.08,2.65,10.71,6.69,4.43,5.92
2025-01-27,4.43,10.120000000000001,7.64,5.62,7.56,2.71,5.94,16.47,-4.41,1.25,5.37,12.12,6.31,3.7,7.05,0.2,5.42,7.69,5.29,10.73,1.42,25.68,6.97,4.34,0.38,22.12,4.13,3.05,9.98,10.67,1.3199999999999998,7.49,6.42,9.989999999999998,8.84,13.0,21.8,3.27,20.42,6.74,-9.28,40.48,1.41,5.78,38.34,8.47,2.2,2.76,4.72,7.76,0.98,21.86,16.82,15.51,-2.08,2.65,10.71,6.69,4.43,5.92
2025-01-28,4.43,10.120000000000001,7.64,5.62,7.56,2.71,5.94,16.47,-4.41,1.25,5.37,12.12,6.31,3.7,7.05,0.2,5.42,7.69,5.29,10.73,1.42,25.68,6.97,4.34,0.38,22.12,4.13,3.05,9.98,10.67,1.3199999999999998,7.49,6.42,9.989999999999998,8.84,13.0,21.8,3.27,20.42,6.74,-9.28,40.48,1.41,5.78,38.34,8.47,2.2,2.76,4.72,7.76,0.98,21.86,16.82,15.51,-2.08,2.65,10.71,6.69,4.43,5.92
2025-01-29,4.43,10.120000000000001,7.64,5.62,7.56,2.71,5.94,16.47,-4.41,1.25,5.37,12.12,6.31,3.7,7.05,0.2,5.42,7.69,5.29,10.73,1.42,25.68,6.97,4.34,0.38,22.12,4.13,3.05,9.98,10.67,1.3199999999999998,7.49,6.42,9.989999999999998,8.84,13.0,21.8,3.27,20.42,6.74,-9.28,40.48,1.41,5.78,38.34,8.47,2.2,2.76,4.72,7.76,0.98,21.86,16.82,15.51,-2.08,2.65,10.71,6.69,4.43,5.92
2025-01-30,4.43,10.120000000000001,7.64,5.62,7.56,2.71,5.94,16.47,-4.41,1.25,5.37,12.12,6.31,3.7,7.05,0.2,5.42,7.69,5.29,10.73,1.42,25.68,6.97,4.34,0.38,22.12,4.13,3.05,9.98,10.67,1.3199999999999998,7.49,6.42,9.989999999999998,8.84,13.0,21.8,3.27,20.42,6.74,-9.28,40.48,1.41,5.78,38.34,8.47,2.2,2.76,4.72,7.76,0.98,21.86,16.82,15.51,-2.08,2.65,10.71,6.69,4.43,5.92
2025-01-31,4.36,10.120000000000001,7.64,5.62,7.56,2.71,5.94,16.47,-4.41,1.25,5.37,12.12,6.31,2.07,7.05,0.2,5.42,7.69,5.29,10.73,1.42,25.68,6.97,4.34,0.38,22.12,4.13,3.05,9.98,10.67,1.3199999999999998,7.49,6.42,9.989999999999998,8.84,13.0,21.8,3.28,20.42,6.74,-9.28,40.48,1.41,5.78,38.34,8.47,2.2,2.76,4.72,7.76,0.98,21.86,16.82,15.51,-2.08,2.65,10.71,6.69,4.43,5.92
2025-02-03,4.36,10.120000000000001,7.64,5.62,7.56,2.71,5.94,16.47,-4.41,1.25,5.37,12.12,6.31,2.07,7.05,0.2,5.42,7.69,5.29,10.73,1.42,25.68,6.97,4.34,0.38,22.12,4.13,3.05,9.98,10.67,1.3199999999999998,7.49,6.42,9.989999999999998,8.84,13.0,21.8,3.28,20.42,6.74,-9.28,40.48,1.41,5.78,38.34,8.47,2.2,2.76,4.72,7.76,0.98,21.86,16.82,15.51,-2.08,2.65,10.71,6.69,4.43,5.92
2025-02-04,4.36,10.120000000000001,7.64,5.62,7.56,2.71,5.94,16.47,-4.41,1.25,5.37,12.12,6.31,2.07,7.05,0.2,5.42,7.69,5.29,10.73,1.42,25.68,6.97,4.34,0.38,22.12,4.13,3.05,9.98,10.67,1.3199999999999998,7.49,6.42,9.989999999999998,8.84,13.0,21.8,3.28,20.42,6.74,-9.28,40.48,1.41,5.78,38.34,8.47,2.2,2.76,4.72,7.76,0.98,21.86,16.82,15.51,-2.08,2.65,10.71,6.69,4.43,5.92
2025-02-05,4.36,10.120000000000001,7.64,5.62,7.56,2.71,5.94,16.47,-4.41,1.25,5.37,12.12,6.31,2.07,7.05,0.2,5.42,7.69,5.29,10.73,1.42,25.68,6.97,4.34,0.38,22.12,4.13,3.05,9.98,10.67,1.3199999999999998,7.49,6.42,9.989999999999998,8.84,13.0,21.8,3.28,20.42,6.74,-9.28,40.48,1.41,5.78,38.34,8.47,2.2,2.76,4.72,7.76,0.98,21.86,16.82,15.51,-2.08,2.65,10.71,6.69,4.43,5.92
2025-02-06,4.36,10.120000000000001,7.64,5.62,7.56,2.71,5.94,16.47,-4.41,1.25,5.37,12.12,6.31,2.07,7.05,0.2,5.42,7.69,5.29,10.73,1.42,25.68,6.97,4.34,0.38,22.12,4.13,3.05,9.98,10.67,1.3199999999999998,7.49,6.42,9.989999999999998,8.84,13.0,21.8,3.28,20.42,6.74,-9.28,40.48,1.41,5.78,38.34,8.47,2.2,2.76,4.72,7.76,0.98,21.86,16.82,15.51,-2.08,2.65,10.71,6.69,4.43,5.92
2025-02-07,4.36,10.120000000000001,7.64,5.62,7.56,2.71,5.94,16.47,-4.41,1.25,5.37,12.12,6.31,2.07,7.05,0.2,5.42,7.69,5.29,10.73,1.42,25.68,6.97,4.34,0.38,22.12,4.13,3.05,9.98,10.67,1.3199999999999998,7.49,6.42,9.989999999999998,8.84,13.0,21.8,3.28,20.42,6.74,-9.28,40.48,1.41,5.78,38.34,8.47,2.2,2.76,4.72,7.76,0.98,21.86,16.82,15.51,-2.08,2.65,10.71,6.69,4.43,5.92
2025-02-10,4.36,10.120000000000001,7.64,5.62,7.56,2.71,5.94,16.47,-4.41,1.25,5.37,12.12,6.31,2.07,7.05,0.2,5.42,7.69,5.29,10.73,1.42,25.68,6.97,4.34,0.38,22.12,4.13,3.05,9.98,10.67,1.3199999999999998,7.49,6.42,9.989999999999998,8.84,13.0,21.8,3.28,20.42,6.74,-9.28,40.48,1.41,5.78,38.34,8.47,2.2,2.76,4.72,7.76,0.98,21.86,16.82,15.51,-2.08,2.65,10.71,6.69,4.43,5.92
2025-02-11,4.36,10.120000000000001,7.64,5.62,7.56,2.71,5.94,16.47,-4.41,1.25,5.37,12.12,6.31,2.07,7.05,0.2,5.42,7.69,5.29,10.73,1.42,25.68,6.97,4.34,0.38,22.12,4.13,3.05,9.98,10.67,1.3199999999999998,7.49,6.42,9.989999999999998,8.84,13.0,21.8,3.28,20.42,6.74,-9.28,40.48,1.41,5.78,38.34,8.47,2.2,2.76,4.72,7.76,0.98,21.86,16.82,15.51,-2.08,2.65,10.71,6.69,4.43,5.92
2025-02-12,4.36,10.120000000000001,7.64,5.62,7.56,2.71,5.94,16.47,-4.41,1.25,5.37,12.12,6.31,2.07,7.05,0.2,5.42,7.69,5.29,10.73,1.42,25.68,6.97,4.34,0.38,22.12,4.13,3.05,9.98,10.67,1.3199999999999998,7.49,6.42,9.989999999999998,8.84,13.0,21.8,3.28,20.42,6.74,-9.28,40.48,1.41,5.78,38.34,8.47,2.2,2.76,4.72,7.76,0.98,21.86,16.82,15.51,-2.08,2.65,10.71,6.69,4.43,5.92
2025-02-13,4.36,10.120000000000001,7.64,5.62,7.56,2.71,5.94,16.47,-4.41,1.25,5.37,12.12,6.31,2.07,7.05,0.2,5.42,7.69,5.29,10.73,1.42,25.68,6.97,4.34,0.38,22.12,4.13,3.05,9.98,10.67,1.3199999999999998,7.49,6.42,9.989999999999998,8.84,13.0,21.8,3.28,20.42,6.74,-9.28,40.48,1.41,5.78,38.34,8.47,2.2,2.76,4.72,7.76,0.98,21.86,16.82,15.51,-2.08,2.65,10.71,6.69,4.43,5.92
2025-02-14,4.36,10.120000000000001,7.64,5.62,7.56,2.71,5.94,16.47,-4.41,1.25,5.37,12.12,6.31,2.07,7.05,0.2,5.42,7.69,5.29,10.73,1.42,25.68,6.97,4.34,0.38,22.12,4.13,3.05,9.98,10.67,1.3199999999999998,7.49,6.42,9.989999999999998,8.84,13.0,21.8,3.28,20.42,6.74,-9.28,40.48,1.41,5.78,38.34,8.47,2.2,2.76,4.72,7.76,0.98,21.86,16.82,15.51,-2.08,2.65,10.71,6.69,4.43,5.92
2025-02-18,4.36,10.120000000000001,7.64,5.62,7.56,2.71,5.94,16.47,-4.41,1.25,5.37,12.12,6.31,2.07,7.05,0.2,5.42,7.69,5.29,10.73,1.42,25.68,6.97,4.34,0.38,22.12,4.13,3.05,9.98,10.67,1.3199999999999998,7.49,6.42,9.989999999999998,8.84,13.0,21.8,3.28,20.42,6.74,-9.28,40.48,1.41,5.78,38.34,8.47,2.2,2.76,4.72,7.76,0.98,21.86,16.82,15.51,-2.08,2.65,10.71,6.69,4.43,5.92
2025-02-19,4.36,10.120000000000001,7.64,5.62,7.56,2.71,5.94,16.47,-4.41,1.25,5.37,12.12,6.31,2.07,7.05,0.2,5.42,7.69,5.29,10.73,1.42,25.68,6.97,4.34,0.38,22.12,4.13,3.05,9.98,10.67,1.3199999999999998,7.49,6.42,9.989999999999998,8.84,13.0,21.8,3.28,20.42,6.74,-9.28,40.48,1.41,5.78,38.34,8.47,2.2,2.76,4.72,7.76,0.98,21.86,16.82,15.51,-2.08,2.65,10.71,6.69,4.43,5.92
2025-02-20,4.36,10.120000000000001,7.64,5.62,7.56,2.71,5.94,16.47,-4.41,1.25,5.37,12.12,6.31,2.07,7.05,0.2,5.42,7.69,5.29,10.73,1.42,25.68,6.97,4.34,0.38,22.12,4.13,3.05,9.98,10.67,1.3199999999999998,7.49,6.42,9.989999999999998,8.84,13.0,21.8,3.28,20.42,6.74,-9.28,40.48,1.41,5.78,38.34,8.47,2.2,2.76,4.72,7.76,0.98,21.86,16.82,15.51,-2.08,2.65,10.71,6.69,4.43,5.92
2025-02-21,4.36,10.120000000000001,7.64,5.62,7.56,2.71,5.94,16.47,-4.41,1.25,5.37,12.12,6.31,2.07,7.05,0.2,5.42,7.69,5.29,10.73,1.42,25.68,6.97,4.34,0.38,22.12,4.13,3.05,9.98,10.67,1.3199999999999998,7.49,6.42,9.989999999999998,8.84,13.0,21.8,3.28,20.42,6.74,-9.28,40.48,1.41,5.78,38.34,8.47,2.2,2.76,4.72,7.76,0.98,21.86,16.82,15.51,-2.08,2.65,10.71,6.69,4.43,5.92
2025-02-24,4.36,10.120000000000001,7.64,5.62,7.56,2.71,5.94,16.47,-4.41,1.25,5.37,12.12,6.31,2.07,7.05,0.2,5.42,7.69,5.29,10.73,1.42,25.68,6.97,4.34,0.38,22.12,4.13,3.05,9.98,10.67,1.3199999999999998,7.49,6.42,9.989999999999998,8.84,13.0,21.8,3.28,20.42,6.74,-9.28,40.48,1.41,5.78,38.34,8.47,2.2,2.76,4.72,7.76,0.98,21.86,16.82,15.51,-2.08,2.65,10.71,6.69,4.43,5.92
2025-02-25,4.36,10.120000000000001,7.64,5.62,7.56,2.71,5.94,16.47,-4.41,1.25,5.37,12.12,6.31,2.07,7.05,0.2,5.42,7.69,5.29,10.73,1.42,25.68,6.97,4.34,0.38,22.12,4.13,3.05,9.98,10.67,1.3199999999999998,7.49,6.42,9.989999999999998,8.84,13.0,21.8,3.28,20.42,6.74,-9.28,40.48,1.41,5.78,38.34,8.47,2.2,2.76,4.72,7.76,0.98,21.86,16.82,15.51,-2.08,2.65,10.71,6.69,4.43,5.92
2025-02-26,4.36,10.120000000000001,7.64,5.62,7.56,2.71,5.94,16.47,-4.41,1.25,5.37,12.12,6.31,2.07,7.05,0.2,5.42,7.69,5.29,10.73,1.42,25.68,6.97,4.34,0.38,22.12,4.13,3.05,9.98,10.67,1.3199999999999998,7.49,6.42,9.989999999999998,8.84,13.0,21.8,3.28,20.42,6.74,-9.28,40.48,1.41,5.78,38.34,8.47,2.2,2.76,4.72,7.76,0.98,21.86,16.82,15.51,-2.08,2.65,10.71,6.69,4.43,5.92
2025-02-27,4.36,10.120000000000001,7.64,5.62,7.56,2.71,5.94,16.47,-4.41,1.25,5.37,12.12,6.31,2.07,7.05,0.2,5.42,7.69,5.29,10.73,1.42,25.68,6.97,4.34,0.38,22.12,4.13,3.05,9.98,10.67,1.3199999999999998,7.49,6.42,9.989999999999998,8.84,13.0,21.8,3.28,20.42,6.74,-9.28,40.48,1.41,5.78,38.34,8.47,2.2,2.76,4.72,7.76,0.98,21.86,16.82,15.51,-2.08,2.65,10.71,6.69,4.43,5.92
2025-02-28,4.36,10.120000000000001,7.64,5.62,7.56,2.71,5.94,16.47,-4.41,1.25,5.37,12.12,6.31,2.07,7.05,0.2,5.42,7.69,5.29,10.73,1.42,25.68,6.97,4.34,0.38,22.12,4.13,3.05,9.98,10.67,1.3199999999999998,7.49,6.42,9.989999999999998,8.84,13.0,21.8,3.28,20.42,6.74,-9.28,40.48,1.41,5.78,38.34,8.47,2.2,2.76,4.72,7.76,0.98,21.86,16.82,15.51,-2.08,2.65,10.71,6.69,4.43,5.92
2025-03-03,4.36,10.120000000000001,7.64,5.62,7.56,2.71,5.94,16.47,-4.41,1.25,5.37,12.12,6.31,2.07,7.05,0.2,5.42,7.69,5.29,10.73,1.42,25.68,6.97,4.34,0.38,22.12,4.13,3.05,9.98,10.67,1.3199999999999998,7.49,6.42,9.989999999999998,8.84,13.0,21.8,3.28,20.42,6.74,-9.28,40.48,1.41,5.78,38.34,8.47,2.2,2.76,4.72,7.76,0.98,21.86,16.82,15.51,-2.08,2.65,10.71,6.69,4.43,5.92
2025-03-04,4.36,10.120000000000001,7.64,5.62,7.56,2.71,5.94,16.47,-4.41,1.25,5.37,12.12,6.31,2.07,7.05,0.2,5.42,7.69,5.29,10.73,1.42,25.68,6.97,4.34,0.38,22.12,4.13,3.05,9.98,10.67,1.3199999999999998,7.49,6.42,9.989999999999998,8.84,13.0,21.8,3.28,20.42,6.74,-9.28,40.48,1.41,5.78,38.34,8.47,2.2,2.76,4.72,7.76,0.98,21.86,16.82,15.51,-2.08,2.65,10.71,6.69,4.43,5.92
2025-03-05,4.36,10.120000000000001,7.64,5.62,7.56,2.71,5.94,16.47,-4.41,1.25,5.37,12.12,6.31,2.07,7.05,0.2,5.42,7.69,5.29,10.73,1.42,25.68,6.97,4.34,0.38,22.12,4.13,3.05,9.98,10.67,1.3199999999999998,7.49,6.42,9.989999999999998,8.84,13.0,21.8,3.28,20.42,6.74,-9.28,40.48,1.41,5.78,38.34,8.47,2.2,2.76,4.72,7.76,0.98,21.86,16.82,15.51,-2.08,2.65,10.71,6.69,4.43,5.92
2025-03-06,4.36,10.120000000000001,7.64,5.62,7.56,2.71,5.94,16.47,-4.41,1.25,5.37,12.12,6.31,2.07,7.05,0.2,5.42,7.69,5.29,10.73,1.42,25.68,6.97,4.34,0.38,22.12,4.13,3.05,9.98,10.67,1.3199999999999998,7.49,6.42,9.989999999999998,8.84,13.0,21.8,3.28,20.42,6.74,-9.28,40.48,1.41,5.78,38.34,8.47,2.2,2.76,4.72,7.76,0.98,21.86,16.82,15.51,-2.08,2.65,10.71,6.69,4.43,5.92
2025-03-07,4.36,10.120000000000001,7.64,5.62,7.56,2.71,5.94,16.47,-4.41,1.25,5.37,12.12,6.31,2.07,7.05,0.2,5.42,7.69,5.29,10.73,1.42,25.68,6.97,4.34,0.38,22.12,4.13,3.05,9.98,10.67,1.3199999999999998,7.49,6.42,9.989999999999998,8.84,13.0,21.8,3.28,20.42,6.74,-9.28,40.48,1.41,5.78,38.34,8.47,2.2,2.76,4.72,7.76,0.98,21.86,16.82,15.51,-2.08,2.65,10.71,6.69,4.43,5.92
2025-03-10,4.36,10.120000000000001,7.64,5.62,7.56,2.71,5.94,16.47,-4.41,1.25,5.37,12.12,6.31,2.07,7.05,0.2,5.42,7.69,5.29,10.73,1.42,25.68,6.97,4.34,0.38,22.12,4.13,3.05,9.98,10.67,1.3199999999999998,7.49,6.42,9.989999999999998,8.84,13.0,21.8,3.28,20.42,6.74,-9.28,40.48,1.41,5.78,38.34,8.47,2.2,2.76,4.72,7.76,0.98,21.86,16.82,15.51,-2.08,2.65,10.71,6.69,4.43,5.92
2025-03-11,4.36,10.120000000000001,7.64,5.62,7.56,2.71,5.94,16.47,-4.41,1.25,5.37,12.12,6.31,2.07,7.05,0.2,5.42,7.69,5.29,10.73,1.42,25.68,6.97,4.34,0.38,22.12,4.13,3.05,9.98,10.67,1.3199999999999998,7.49,6.42,9.989999999999998,8.84,13.0,21.8,3.28,20.42,6.74,-9.28,40.48,1.41,5.78,38.34,8.47,2.2,2.76,4.72,7.76,0.98,21.86,16.82,15.51,-2.08,2.65,10.71,6.69,4.43,5.92
2025-03-12,4.36,10.120000000000001,7.64,5.62,7.56,2.71,5.94,16.47,-4.41,1.25,5.37,12.12,6.31,2.07,7.05,0.2,5.42,7.69,5.29,10.73,1.42,25.68,6.97,4.34,0.38,22.12,4.13,3.05,9.98,10.67,1.3199999999999998,7.49,6.42,9.989999999999998,8.84,13.0,21.8,3.28,20.42,6.74,-9.28,40.48,1.41,5.78,38.34,8.47,2.2,2.76,4.72,7.76,0.98,21.86,16.82,15.51,-2.08,2.65,10.71,6.69,4.43,5.92
2025-03-13,4.36,10.120000000000001,7.64,5.62,7.56,2.71,5.94,16.47,-4.41,1.25,5.37,12.12,6.31,2.07,7.05,0.2,5.42,7.69,5.29,10.73,1.42,25.68,6.97,4.34,0.38,22.12,4.13,3.05,9.98,10.67,1.3199999999999998,7.49,6.42,9.989999999999998,8.84,13.0,21.8,3.28,20.42,6.74,-9.28,40.48,1.41,5.78,38.34,8.47,2.2,2.76,4.72,7.76,0.98,21.86,16.82,15.51,-2.08,2.65,10.71,6.69,4.43,5.92
2025-03-14,4.36,10.120000000000001,7.64,5.62,7.56,2.71,5.94,16.47,-4.41,1.25,5.37,12.12,6.31,2.07,7.05,0.2,5.42,7.69,5.29,10.73,1.42,25.68,6.97,4.34,0.38,22.12,4.13,3.05,9.98,10.67,1.3199999999999998,7.49,6.42,9.989999999999998,8.84,13.0,21.8,3.28,20.42,6.74,-9.28,40.48,1.41,5.78,38.34,8.47,2.2,2.76,4.72,7.76,0.98,21.86,16.82,15.51,-2.08,2.65,10.71,6.69,4.43,5.92
2025-03-17,4.36,10.120000000000001,7.64,5.62,7.56,2.71,5.94,16.47,-4.41,1.25,5.37,12.12,6.31,2.07,7.05,0.2,5.42,7.69,5.29,10.73,1.42,25.68,6.97,4.34,0.38,22.12,4.13,3.05,9.98,10.67,1.3199999999999998,7.49,6.42,9.989999999999998,8.84,13.0,21.8,3.28,20.42,6.74,-9.28,40.48,1.41,5.78,38.34,8.47,2.2,2.76,4.72,7.76,0.98,21.86,16.82,15.51,-2.08,2.65,10.71,6.69,4.43,5.92
2025-03-18,4.36,10.120000000000001,7.64,5.62,7.56,2.71,5.94,16.47,-4.41,1.25,5.37,12.12,6.31,2.07,7.05,0.2,5.42,7.69,5.29,10.73,1.42,25.68,6.97,4.34,0.38,22.12,4.13,3.05,9.98,10.67,1.3199999999999998,7.49,6.42,9.989999999999998,8.84,13.0,21.8,3.28,20.42,6.74,-9.28,40.48,1.41,5.78,38.34,8.47,2.2,2.76,4.72,7.76,0.98,21.86,16.82,15.51,-2.08,2.65,10.71,6.69,4.43,5.92
2025-03-19,4.36,10.120000000000001,7.64,5.62,7.56,2.71,5.94,16.47,-4.41,1.25,5.37,12.12,6.31,2.07,7.05,0.2,5.42,7.69,5.29,10.73,1.42,25.68,6.97,4.34,0.38,22.12,4.13,3.05,9.98,10.67,1.3199999999999998,7.49,6.42,9.989999999999998,8.84,13.0,21.8,3.28,20.42,6.74,-9.28,40.48,1.41,5.78,38.34,8.47,2.2,2.76,4.72,7.76,0.98,21.86,16.82,15.51,-2.08,2.65,10.71,6.69,4.43,5.92
2025-03-20,4.36,10.120000000000001,7.64,5.62,7.56,2.71,5.94,16.47,-4.41,1.25,5.37,12.12,6.31,2.07,7.05,0.2,5.42,7.69,5.29,10.73,1.42,25.68,6.97,4.34,0.38,22.12,4.13,3.05,9.98,10.67,1.3199999999999998,7.49,6.42,9.989999999999998,8.84,13.0,21.8,3.28,20.42,6.74,-9.28,40.48,1.41,5.78,38.34,8.47,2.2,2.76,4.72,7.76,0.98,21.86,16.82,15.51,-2.08,2.65,10.71,6.69,4.43,5.92
2025-03-21,4.36,10.120000000000001,7.64,5.62,7.56,2.71,5.94,16.47,-4.41,1.25,5.37,12.12,6.31,2.07,7.05,0.2,5.42,7.69,5.29,10.73,1.42,25.68,6.97,4.34,0.38,22.12,4.13,3.05,9.98,10.67,1.3199999999999998,7.49,6.42,9.989999999999998,8.84,13.0,21.8,3.28,20.42,6.74,-9.28,40.48,1.41,5.78,38.34,8.47,2.2,2.76,4.72,7.76,0.98,21.86,16.82,15.51,-2.08,2.65,10.71,6.69,4.43,5.92
2025-03-24,4.36,10.120000000000001,7.64,5.62,7.56,2.71,5.94,16.47,-4.41,1.25,5.37,12.12,6.31,2.07,7.05,0.2,5.42,7.69,5.29,10.73,1.42,25.68,6.97,4.34,0.38,22.12,4.13,3.05,9.98,10.67,1.3199999999999998,7.49,6.42,9.989999999999998,8.84,13.0,21.8,3.28,20.42,6.74,-9.28,40.48,1.41,5.78,38.34,8.47,2.2,2.76,4.72,7.76,0.98,21.86,16.82,15.51,-2.08,2.65,10.71,6.69,4.43,5.92
2025-03-25,4.36,10.120000000000001,7.64,5.62,7.56,2.71,5.94,16.47,-4.41,1.25,5.37,12.12,6.31,2.07,7.05,0.2,5.42,7.69,5.29,10.73,1.42,25.68,6.97,4.34,0.38,22.12,4.13,3.05,9.98,10.67,1.3199999999999998,7.49,6.42,9.989999999999998,8.84,13.0,21.8,3.28,20.42,6.74,-9.28,40.48,1.41,5.78,38.34,8.47,2.2,2.76,4.72,7.76,0.98,21.86,16.82,15.51,-2.08,2.65,10.71,6.69,4.43,5.92
2025-03-26,4.36,10.120000000000001,7.64,5.62,7.56,2.71,5.94,16.47,-4.41,1.25,5.37,12.12,6.31,2.07,7.05,0.2,5.42,7.69,5.29,10.73,1.42,25.68,6.97,4.34,0.38,22.12,4.13,3.05,9.98,10.67,1.3199999999999998,7.49,6.42,9.989999999999998,8.84,13.0,21.8,3.28,20.42,6.74,-9.28,40.48,1.41,5.78,38.34,8.47,2.2,2.76,4.72,7.76,0.98,21.86,16.82,15.51,-2.08,2.65,10.71,6.69,4.43,5.92
2025-03-27,4.36,10.120000000000001,7.64,5.62,7.56,2.71,5.94,16.47,-4.41,1.25,5.37,12.12,6.31,2.07,7.05,0.2,5.42,7.69,5.29,10.73,1.42,25.68,6.97,4.34,0.38,22.12,4.13,3.05,9.98,10.67,1.3199999999999998,7.49,6.42,9.989999999999998,8.84,13.0,21.8,3.28,20.42,6.74,-9.28,40.48,1.41,5.78,38.34,8.47,2.2,2.76,4.72,7.76,0.98,21.86,16.82,15.51,-2.08,2.65,10.71,6.69,4.43,5.92
2025-03-28,4.36,10.120000000000001,7.64,5.62,7.56,2.71,5.94,16.47,-4.41,1.25,5.37,12.12,6.31,2.07,7.05,0.2,5.42,7.69,5.29,10.73,1.42,25.68,6.97,4.34,0.38,22.12,4.13,3.05,9.98,10.67,1.3199999999999998,7.49,6.42,9.989999999999998,8.84,13.0,21.8,3.28,20.42,6.74,-9.28,40.48,1.41,5.78,38.34,8.47,2.2,2.76,4.72,7.76,0.98,21.86,16.82,15.51,-2.08,2.65,10.71,6.69,4.43,5.92
2025-03-31,4.36,2.34,7.7,5.5,10.97,-1.09,5.16,10.12,2.68,1.37,6.39,17.94,6.78,2.07,8.64,-0.61,4.19,7.91,5.16,10.08,1.33,25.7,7.0,4.82,4.76,22.52,4.130000000000001,3.21,15.660000000000002,10.82,0.2,7.33,6.83,8.99,8.67,12.29,32.989999999999995,3.28,20.7,6.88,-8.73,40.05,1.38,5.55,39.34,8.91,2.34,2.17,8.08,7.4,0.83,17.05,17.8,23.89,-3.82,-3.18,11.02,6.37,4.5,5.57
2025-04-01,4.36,2.34,7.7,5.5,10.97,-1.09,5.16,10.12,2.68,1.37,6.39,17.94,6.78,2.07,8.64,-0.61,4.19,7.91,5.16,10.08,1.33,25.7,7.0,4.82,4.76,22.52,4.130000000000001,3.21,15.660000000000002,10.82,0.2,7.33,6.83,8.99,8.67,12.29,32.989999999999995,3.28,20.7,6.88,-8.73,40.05,1.38,5.55,39.34,8.91,2.34,2.17,8.08,7.4,0.83,17.05,17.8,23.89,-3.82,-3.18,11.02,6.37,4.5,5.57
2025-04-02,4.36,2.34,7.7,5.5,10.97,-1.09,5.16,10.12,2.68,1.37,6.39,17.94,6.78,2.07,8.64,-0.61,4.19,7.91,5.16,10.08,1.33,25.7,7.0,4.82,4.76,22.52,4.130000000000001,3.21,15.660000000000002,10.82,0.2,7.33,6.83,8.99,8.67,12.29,32.989999999999995,3.28,20.7,6.88,-8.73,40.05,1.38,5.55,39.34,8.91,2.34,2.17,8.08,7.4,0.83,17.05,17.8,23.89,-3.82,-3.18,11.02,6.37,4.5,5.57
2025-04-03,4.36,2.34,7.7,5.5,10.97,-1.09,5.16,10.12,2.68,1.37,6.39,17.94,6.78,2.07,8.64,-0.61,4.19,7.91,5.16,10.08,1.33,25.7,7.0,4.82,4.76,22.52,4.130000000000001,3.21,15.660000000000002,10.82,0.2,7.33,6.83,8.99,8.67,12.29,32.989999999999995,3.28,20.7,6.88,-8.73,40.05,1.38,5.55,39.34,8.91,2.34,2.17,8.08,7.4,0.83,17.05,17.8,23.89,-3.82,-3.18,11.02,6.37,4.5,5.57
2025-04-04,4.36,2.34,7.7,5.5,10.97,-1.09,5.16,10.12,2.68,1.37,6.39,17.94,6.78,2.07,8.64,-0.61,4.19,7.91,5.16,10.08,1.33,25.7,7.0,4.82,4.76,22.52,4.130000000000001,3.21,15.660000000000002,10.82,0.2,7.33,6.83,8.99,8.67,12.29,32.989999999999995,3.28,20.7,6.88,-8.73,40.05,1.38,5.55,39.34,8.91,2.34,2.17,8.08,7.4,0.83,17.05,17.8,23.89,-3.82,-3.18,11.02,6.37,4.5,5.57
2025-04-07,4.36,2.34,7.7,5.5,10.97,-1.09,5.16,10.12,2.68,1.37,6.39,17.94,6.78,2.07,8.64,-0.61,4.19,7.91,5.16,10.08,1.33,25.7,7.0,4.82,4.76,22.52,4.130000000000001,3.21,15.660000000000002,10.82,0.2,7.33,6.83,8.99,8.67,12.29,32.989999999999995,3.28,20.7,6.88,-8.73,40.05,1.38,5.55,39.34,8.91,2.34,2.17,8.08,7.4,0.83,17.05,17.8,23.89,-3.82,-3.18,11.02,6.37,4.5,5.57
2025-04-08,4.36,2.34,7.7,5.5,10.97,-1.09,5.16,10.12,2.68,1.37,6.39,17.94,6.78,2.07,8.64,-0.61,4.19,7.91,5.16,10.08,1.33,25.7,7.0,4.82,4.76,22.52,4.130000000000001,3.21,15.660000000000002,10.82,0.2,7.33,6.83,8.99,8.67,12.29,32.989999999999995,3.28,20.7,6.88,-8.73,40.05,1.38,5.55,39.34,8.91,2.34,2.17,8.08,7.4,0.83,17.05,17.8,23.89,-3.82,-3.18,11.02,6.37,4.5,5.57
2025-04-09,4.36,2.34,7.7,5.5,10.97,-1.09,5.16,10.12,2.68,1.37,6.39,17.94,6.78,2.07,8.64,-0.61,4.19,7.91,5.16,10.08,1.33,25.7,7.0,4.82,4.76,22.52,4.130000000000001,3.21,15.660000000000002,10.82,0.2,7.33,6.83,8.99,8.67,12.29,32.989999999999995,3.28,20.7,6.88,-8.73,40.05,1.38,5.55,39.34,8.91,2.34,2.17,8.08,7.4,0.83,17.05,17.8,23.89,-3.82,-3.18,11.02,6.37,4.5,5.57
2025-04-10,4.36,2.34,7.7,5.5,10.97,-1.09,5.16,10.12,2.68,1.37,6.39,17.94,6.78,2.07,8.64,-0.61,4.19,7.91,5.16,10.08,1.33,25.7,7.0,4.82,4.76,22.52,4.130000000000001,3.21,15.660000000000002,10.82,0.2,7.33,6.83,8.99,8.67,12.29,32.989999999999995,3.28,20.7,6.88,-8.73,40.05,1.38,5.55,39.34,8.91,2.34,2.17,8.08,7.4,0.83,17.05,17.8,23.89,-3.82,-3.18,11.02,6.37,4.5,5.57
2025-04-11,4.36,2.34,7.7,5.5,10.97,-1.09,5.16,10.12,2.68,1.37,6.39,17.94,6.78,2.07,8.64,-0.61,4.19,7.91,5.16,10.08,1.33,25.7,7.0,4.82,4.76,22.52,4.130000000000001,3.21,15.660000000000002,10.82,0.2,7.33,6.83,8.99,8.67,12.29,32.989999999999995,3.28,20.7,6.88,-8.73,40.05,1.38,5.55,39.34,8.91,2.34,2.17,8.08,7.4,0.83,17.05,17.8,23.89,-3.82,-3.18,11.02,6.37,4.5,5.57
2025-04-14,4.36,2.34,7.7,5.5,10.97,-1.09,5.16,10.12,2.68,1.37,6.39,17.94,6.78,2.07,8.64,-0.61,4.19,7.91,5.16,10.08,1.33,25.7,7.0,4.82,4.76,22.52,4.130000000000001,3.21,15.660000000000002,10.82,0.2,7.33,6.83,8.99,8.67,12.29,32.989999999999995,3.28,20.7,6.88,-8.73,40.05,1.38,5.55,39.34,8.91,2.34,2.17,8.08,7.4,0.83,17.05,17.8,23.89,-3.82,-3.18,11.02,6.37,4.5,5.57
2025-04-15,4.36,2.34,7.7,5.5,10.97,-1.09,5.16,10.12,2.68,1.37,6.39,17.94,6.78,2.07,8.64,-0.61,4.19,7.91,5.16,10.08,1.33,25.7,7.0,4.82,4.76,22.52,4.130000000000001,3.21,15.660000000000002,10.82,0.2,7.33,6.83,8.99,8.67,12.29,32.989999999999995,3.28,20.7,6.88,-8.73,40.05,1.38,5.55,39.34,8.91,2.34,2.17,8.08,7.4,0.83,17.05,17.8,23.89,-3.82,-3.18,11.02,6.37,4.5,5.57
2025-04-16,4.36,2.34,7.7,5.5,10.97,-1.09,5.16,10.12,2.68,1.37,6.39,17.94,6.78,2.07,8.64,-0.61,4.19,7.91,5.16,10.08,1.33,25.7,7.0,4.82,4.76,22.52,4.130000000000001,3.21,15.660000000000002,10.82,0.2,7.33,6.83,8.99,8.67,12.29,32.989999999999995,3.28,20.7,6.88,-8.73,40.05,1.38,5.55,39.34,8.91,2.34,2.17,8.08,7.4,0.83,17.05,17.8,23.89,-3.82,-3.18,11.02,6.37,4.5,5.57
2025-04-17,4.36,2.34,7.7,5.5,10.97,-1.09,5.16,10.12,2.68,1.37,6.39,17.94,6.78,2.07,8.64,-0.61,4.19,7.91,5.16,10.08,1.33,25.7,7.0,4.82,4.76,22.52,4.130000000000001,3.21,15.660000000000002,10.82,0.2,7.33,6.83,8.99,8.67,12.29,32.989999999999995,3.28,20.7,6.88,-8.73,40.05,1.38,5.55,39.34,8.91,2.34,2.17,8.08,7.4,0.83,17.05,17.8,23.89,-3.82,-3.18,11.02,6.37,4.5,5.57
2025-04-21,4.36,2.34,7.7,5.5,10.97,-1.09,5.16,10.12,2.68,1.37,6.39,17.94,6.78,2.07,8.64,-0.61,4.19,7.91,5.16,10.08,1.33,25.7,7.0,4.82,4.76,22.52,4.130000000000001,3.21,15.660000000000002,10.82,0.2,7.33,6.83,8.99,8.67,12.29,32.989999999999995,3.28,20.7,6.88,-8.73,40.05,1.38,5.55,39.34,8.91,2.34,2.17,8.08,7.4,0.83,17.05,17.8,23.89,-3.82,-3.18,11.02,6.37,4.5,5.57
2025-04-22,4.36,2.34,7.7,5.5,10.97,-1.09,5.16,10.12,2.68,1.37,6.39,17.94,6.78,2.07,8.64,-0.61,4.19,7.91,5.16,10.08,1.33,25.7,7.0,4.82,4.76,22.52,4.130000000000001,3.21,15.660000000000002,10.82,0.2,7.33,6.83,8.99,8.67,12.29,32.989999999999995,3.28,20.7,6.88,-8.73,40.05,1.38,5.55,39.34,8.91,2.34,2.17,8.08,7.4,0.83,17.05,17.8,23.89,-3.82,-3.18,11.02,6.37,4.5,5.57
2025-04-23,4.36,2.34,7.7,5.5,10.97,-1.09,5.16,10.12,2.68,1.37,6.39,17.94,6.78,2.07,8.64,-0.61,4.19,7.91,5.16,10.08,1.33,25.7,7.0,4.82,4.76,22.52,4.130000000000001,3.21,15.660000000000002,10.82,0.2,7.33,6.83,8.99,8.67,12.29,32.989999999999995,3.28,20.7,6.88,-8.73,40.05,1.38,5.55,39.34,8.91,2.34,2.17,8.08,7.4,0.83,17.05,17.8,23.89,-3.82,-3.18,11.02,6.37,4.5,5.57
2025-04-24,4.36,2.34,7.7,5.5,10.97,-1.09,5.16,10.12,2.68,1.37,6.39,17.94,6.78,2.07,8.64,-0.61,4.19,7.91,5.16,10.08,1.33,25.7,7.0,4.82,4.76,22.52,4.130000000000001,3.21,15.660000000000002,10.82,0.2,7.33,6.83,8.99,8.67,12.29,32.989999999999995,3.28,20.7,6.88,-8.73,40.05,1.38,5.55,39.34,8.91,2.34,2.17,8.08,7.4,0.83,17.05,17.8,23.89,-3.82,-3.18,11.02,6.37,4.5,5.57
2025-04-25,4.36,2.34,7.7,5.5,10.97,-1.09,5.16,10.12,2.68,1.37,6.39,17.94,6.78,2.07,8.64,-0.61,4.19,7.91,5.16,10.08,1.33,25.7,7.0,4.82,4.76,22.52,4.130000000000001,3.21,15.660000000000002,10.82,0.2,7.33,6.83,8.99,8.67,12.29,32.989999999999995,3.28,20.7,6.88,-8.73,40.05,1.38,5.55,39.34,8.91,2.34,2.17,8.08,7.4,0.83,17.05,17.8,23.89,-3.82,-3.18,11.02,6.37,4.5,5.57
2025-04-28,4.36,2.34,7.7,5.5,10.97,-1.09,5.16,10.12,2.68,1.37,6.39,17.94,6.78,2.07,8.64,-0.61,4.19,7.91,5.16,10.08,1.33,25.7,7.0,4.82,4.76,22.52,4.130000000000001,3.21,15.660000000000002,10.82,0.2,7.33,6.83,8.99,8.67,12.29,32.989999999999995,3.28,20.7,6.88,-8.73,40.05,1.38,5.55,39.34,8.91,2.34,2.17,8.08,7.4,0.83,17.05,17.8,23.89,-3.82,-3.18,11.02,6.37,4.5,5.57
2025-04-29,4.36,2.34,7.7,5.5,10.97,-1.09,5.16,10.12,2.68,1.37,6.39,17.94,6.78,2.07,8.64,-0.61,4.19,7.91,5.16,10.08,1.33,25.7,7.0,4.82,4.76,22.52,4.130000000000001,3.21,15.660000000000002,10.82,0.2,7.33,6.83,8.99,8.67,12.29,32.989999999999995,3.28,20.7,6.88,-8.73,40.05,1.38,5.55,39.34,8.91,2.34,2.17,8.08,7.4,0.83,17.05,17.8,23.89,-3.82,-3.18,11.02,6.37,4.5,5.57
2025-04-30,4.06,2.34,7.7,5.5,10.97,-1.09,5.16,10.12,2.68,1.37,6.39,17.94,6.78,2.07,8.64,-0.61,4.19,7.91,5.16,10.08,1.33,25.7,7.0,4.82,4.76,22.52,4.130000000000001,3.21,15.660000000000002,10.82,0.2,7.33,6.83,8.99,8.67,12.29,32.989999999999995,3.61,20.7,6.88,-8.73,40.05,1.38,5.55,39.34,8.91,2.34,2.17,8.08,7.4,0.83,17.05,17.8,23.89,-3.82,-3.18,11.02,6.37,4.5,5.57
2025-05-01,4.06,2.34,7.7,5.5,10.97,-1.09,5.16,10.12,2.68,1.37,6.39,17.94,6.78,2.07,8.64,-0.61,4.19,7.91,5.16,10.08,1.33,25.7,7.0,4.82,4.76,22.52,4.130000000000001,3.21,15.660000000000002,10.82,0.2,7.33,6.83,8.99,8.67,12.29,32.989999999999995,3.61,20.7,6.88,-8.73,40.05,1.38,5.55,39.34,8.91,2.34,2.17,8.08,7.4,0.83,17.05,17.8,23.89,-3.82,-3.18,11.02,6.37,4.5,5.57
2025-05-02,4.06,2.34,7.7,5.5,10.97,-1.09,5.16,10.12,2.68,1.37,6.39,17.94,6.78,2.07,8.64,-0.61,4.19,7.91,5.16,10.08,1.33,25.7,7.0,4.82,4.76,22.52,4.130000000000001,3.21,15.660000000000002,10.82,0.2,7.33,6.83,8.99,8.67,12.29,32.989999999999995,3.61,20.7,6.88,-8.73,40.05,1.38,5.55,39.34,8.91,2.34,2.17,8.08,7.4,0.83,17.05,17.8,23.89,-3.82,-3.18,11.02,6.37,4.5,5.57
2025-05-05,4.06,2.34,7.7,5.5,10.97,-1.09,5.16,10.12,2.68,1.37,6.39,17.94,6.78,2.07,8.64,-0.61,4.19,7.91,5.16,10.08,1.33,25.7,7.0,4.82,4.76,22.52,4.130000000000001,3.21,15.660000000000002,10.82,0.2,7.33,6.83,8.99,8.67,12.29,32.989999999999995,3.61,20.7,6.88,-8.73,40.05,1.38,5.55,39.34,8.91,2.34,2.17,8.08,7.4,0.83,17.05,17.8,23.89,-3.82,-3.18,11.02,6.37,4.5,5.57
2025-05-06,4.06,2.34,7.7,5.5,10.97,-1.09,5.16,10.12,2.68,1.37,6.39,17.94,6.78,2.07,8.64,-0.61,4.19,7.91,5.16,10.08,1.33,25.7,7.0,4.82,4.76,22.52,4.130000000000001,3.21,15.660000000000002,10.82,0.2,7.33,6.83,8.99,8.67,12.29,32.989999999999995,3.61,20.7,6.88,-8.73,40.05,1.38,5.55,39.34,8.91,2.34,2.17,8.08,7.4,0.83,17.05,17.8,23.89,-3.82,-3.18,11.02,6.37,4.5,5.57
2025-05-07,4.06,2.34,7.7,5.5,10.97,-1.09,5.16,10.12,2.68,1.37,6.39,17.94,6.78,2.07,8.64,-0.61,4.19,7.91,5.16,10.08,1.33,25.7,7.0,4.82,4.76,22.52,4.130000000000001,3.21,15.660000000000002,10.82,0.2,7.33,6.83,8.99,8.67,12.29,32.989999999999995,3.61,20.7,6.88,-8.73,40.05,1.38,5.55,39.34,8.91,2.34,2.17,8.08,7.4,0.83,17.05,17.8,23.89,-3.82,-3.18,11.02,6.37,4.5,5.57
2025-05-08,4.06,2.34,7.7,5.5,10.97,-1.09,5.16,10.12,2.68,1.37,6.39,17.94,6.78,2.07,8.64,-0.61,4.19,7.91,5.16,10.08,1.33,25.7,7.0,4.82,4.76,22.52,4.130000000000001,3.21,15.660000000000002,10.82,0.2,7.33,6.83,8.99,8.67,12.29,32.989999999999995,3.61,20.7,6.88,-8.73,40.05,1.38,5.55,39.34,8.91,2.34,2.17,8.08,7.4,0.83,17.05,17.8,23.89,-3.82,-3.18,11.02,6.37,4.5,5.57
2025-05-09,4.06,2.34,7.7,5.5,10.97,-1.09,5.16,10.12,2.68,1.37,6.39,17.94,6.78,2.07,8.64,-0.61,4.19,7.91,5.16,10.08,1.33,25.7,7.0,4.82,4.76,22.52,4.130000000000001,3.21,15.660000000000002,10.82,0.2,7.33,6.83,8.99,8.67,12.29,32.989999999999995,3.61,20.7,6.88,-8.73,40.05,1.38,5.55,39.34,8.91,2.34,2.17,8.08,7.4,0.83,17.05,17.8,23.89,-3.82,-3.18,11.02,6.37,4.5,5.57
2025-05-12,4.06,2.34,7.7,5.5,10.97,-1.09,5.16,10.12,2.68,1.37,6.39,17.94,6.78,2.07,8.64,-0.61,4.19,7.91,5.16,10.08,1.33,25.7,7.0,4.82,4.76,22.52,4.130000000000001,3.21,15.660000000000002,10.82,0.2,7.33,6.83,8.99,8.67,12.29,32.989999999999995,3.61,20.7,6.88,-8.73,40.05,1.38,5.55,39.34,8.91,2.34,2.17,8.08,7.4,0.83,17.05,17.8,23.89,-3.82,-3.18,11.02,6.37,4.5,5.57
2025-05-13,4.06,2.34,7.7,5.5,10.97,-1.09,5.16,10.12,2.68,1.37,6.39,17.94,6.78,2.07,8.64,-0.61,4.19,7.91,5.16,10.08,1.33,25.7,7.0,4.82,4.76,22.52,4.130000000000001,3.21,15.660000000000002,10.82,0.2,7.33,6.83,8.99,8.67,12.29,32.989999999999995,3.61,20.7,6.88,-8.73,40.05,1.38,5.55,39.34,8.91,2.34,2.17,8.08,7.4,0.83,17.05,17.8,23.89,-3.82,-3.18,11.02,6.37,4.5,5.57
2025-05-14,4.06,2.34,7.7,5.5,10.97,-1.09,5.16,10.12,2.68,1.37,6.39,17.94,6.78,2.07,8.64,-0.61,4.19,7.91,5.16,10.08,1.33,25.7,7.0,4.82,4.76,22.52,4.130000000000001,3.21,15.660000000000002,10.82,0.2,7.33,6.83,8.99,8.67,12.29,32.989999999999995,3.61,20.7,6.88,-8.73,40.05,1.38,5.55,39.34,8.91,2.34,2.17,8.08,7.4,0.83,17.05,17.8,23.89,-3.82,-3.18,11.02,6.37,4.5,5.57
2025-05-15,4.06,2.34,7.7,5.5,10.97,-1.09,5.16,10.12,2.68,1.37,6.39,17.94,6.78,2.07,8.64,-0.61,4.19,7.91,5.16,10.08,1.33,25.7,7.0,4.82,4.76,22.52,4.130000000000001,3.21,15.660000000000002,10.82,0.2,7.33,6.83,8.99,8.67,12.29,32.989999999999995,3.61,20.7,6.88,-8.73,40.05,1.38,5.55,39.34,8.91,2.34,2.17,8.08,7.4,0.83,17.05,17.8,23.89,-3.82,-3.18,11.02,6.37,4.5,5.57
2025-05-16,4.06,2.34,7.7,5.5,10.97,-1.09,5.16,10.12,2.68,1.37,6.39,17.94,6.78,2.07,8.64,-0.61,4.19,7.91,5.16,10.08,1.33,25.7,7.0,4.82,4.76,22.52,4.130000000000001,3.21,15.660000000000002,10.82,0.2,7.33,6.83,8.99,8.67,12.29,32.989999999999995,3.61,20.7,6.88,-8.73,40.05,1.38,5.55,39.34,8.91,2.34,2.17,8.08,7.4,0.83,17.05,17.8,23.89,-3.82,-3.18,11.02,6.37,4.5,5.57
2025-05-19,4.06,2.34,7.7,5.5,10.97,-1.09,5.16,10.12,2.68,1.37,6.39,17.94,6.78,2.07,8.64,-0.61,4.19,7.91,5.16,10.08,1.33,25.7,7.0,4.82,4.76,22.52,4.130000000000001,3.21,15.660000000000002,10.82,0.2,7.33,6.83,8.99,8.67,12.29,32.989999999999995,3.61,20.7,6.88,-8.73,40.05,1.38,5.55,39.34,8.91,2.34,2.17,8.08,7.4,0.83,17.05,17.8,23.89,-3.82,-3.18,11.02,6.37,4.5,5.57
2025-05-20,4.06,2.34,7.7,5.5,10.97,-1.09,5.16,10.12,2.68,1.37,6.39,17.94,6.78,2.07,8.64,-0.61,4.19,7.91,5.16,10.08,1.33,25.7,7.0,4.82,4.76,22.52,4.130000000000001,3.21,15.660000000000002,10.82,0.2,7.33,6.83,8.99,8.67,12.29,32.989999999999995,3.61,20.7,6.88,-8.73,40.05,1.38,5.55,39.34,8.91,2.34,2.17,8.08,7.4,0.83,17.05,17.8,23.89,-3.82,-3.18,11.02,6.37,4.5,5.57
2025-05-21,4.06,2.34,7.7,5.5,10.97,-1.09,5.16,10.12,2.68,1.37,6.39,17.94,6.78,2.07,8.64,-0.61,4.19,7.91,5.16,10.08,1.33,25.7,7.0,4.82,4.76,22.52,4.130000000000001,3.21,15.660000000000002,10.82,0.2,7.33,6.83,8.99,8.67,12.29,32.989999999999995,3.61,20.7,6.88,-8.73,40.05,1.38,5.55,39.34,8.91,2.34,2.17,8.08,7.4,0.83,17.05,17.8,23.89,-3.82,-3.18,11.02,6.37,4.5,5.57
2025-05-22,4.06,2.34,7.7,5.5,10.97,-1.09,5.16,10.12,2.68,1.37,6.39,17.94,6.78,2.07,8.64,-0.61,4.19,7.91,5.16,10.08,1.33,25.7,7.0,4.82,4.76,22.52,4.130000000000001,3.21,15.660000000000002,10.82,0.2,7.33,6.83,8.99,8.67,12.29,32.989999999999995,3.61,20.7,6.88,-8.73,40.05,1.38,5.55,39.34,8.91,2.34,2.17,8.08,7.4,0.83,17.05,17.8,23.89,-3.82,-3.18,11.02,6.37,4.5,5.57
2025-05-23,4.06,2.34,7.7,5.5,10.97,-1.09,5.16,10.12,2.68,1.37,6.39,17.94,6.78,2.07,8.64,-0.61,4.19,7.91,5.16,10.08,1.33,25.7,7.0,4.82,4.76,22.52,4.130000000000001,3.21,15.660000000000002,10.82,0.2,7.33,6.83,8.99,8.67,12.29,32.989999999999995,3.61,20.7,6.88,-8.73,40.05,1.38,5.55,39.34,8.91,2.34,2.17,8.08,7.4,0.83,17.05,17.8,23.89,-3.82,-3.18,11.02,6.37,4.5,5.57
2025-05-27,4.06,2.34,7.7,5.5,10.97,-1.09,5.16,10.12,2.68,1.37,6.39,17.94,6.78,2.07,8.64,-0.61,4.19,7.91,5.16,10.08,1.33,25.7,7.0,4.82,4.76,22.52,4.130000000000001,3.21,15.660000000000002,10.82,0.2,7.33,6.83,8.99,8.67,12.29,32.989999999999995,3.61,20.7,6.88,-8.73,40.05,1.38,5.55,39.34,8.91,2.34,2.17,8.08,7.4,0.83,17.05,17.8,23.89,-3.82,-3.18,11.02,6.37,4.5,5.57
2025-05-28,4.06,2.34,7.7,5.5,10.97,-1.09,5.16,10.12,2.68,1.37,6.39,17.94,6.78,2.07,8.64,-0.61,4.19,7.91,5.16,10.08,1.33,25.7,7.0,4.82,4.76,22.52,4.130000000000001,3.21,15.660000000000002,10.82,0.2,7.33,6.83,8.99,8.67,12.29,32.989999999999995,3.61,20.7,6.88,-8.73,40.05,1.38,5.55,39.34,8.91,2.34,2.17,8.08,7.4,0.83,17.05,17.8,23.89,-3.82,-3.18,11.02,6.37,4.5,5.57
2025-05-29,4.06,2.34,7.7,5.5,10.97,-1.09,5.16,10.12,2.68,1.37,6.39,17.94,6.78,2.07,8.64,-0.61,4.19,7.91,5.16,10.08,1.33,25.7,7.0,4.82,4.76,22.52,4.130000000000001,3.21,15.660000000000002,10.82,0.2,7.33,6.83,8.99,8.67,12.29,32.989999999999995,3.61,20.7,6.88,-8.73,40.05,1.38,5.55,39.34,8.91,2.34,2.17,8.08,7.4,0.83,17.05,17.8,23.89,-3.82,-3.18,11.02,6.37,4.5,5.57
2025-05-30,4.06,2.34,7.7,5.5,10.97,-1.09,5.16,10.12,2.68,1.37,6.39,17.94,6.78,2.07,8.64,-0.61,4.19,7.91,5.16,10.08,1.33,25.7,7.0,4.82,4.76,22.52,4.130000000000001,3.21,15.660000000000002,10.82,0.2,7.33,6.83,8.99,8.67,12.29,32.989999999999995,3.61,20.7,6.88,-8.73,40.05,1.38,5.55,39.34,8.91,2.34,2.17,8.08,7.4,0.83,17.05,17.8,23.89,-3.82,-3.18,11.02,6.37,4.5,5.57
2025-06-02,4.06,2.34,7.7,5.5,10.97,-1.09,5.16,10.12,2.68,1.37,6.39,17.94,6.78,2.07,8.64,-0.61,4.19,7.91,5.16,10.08,1.33,25.7,7.0,4.82,4.76,22.52,4.130000000000001,3.21,15.660000000000002,10.82,0.2,7.33,6.83,8.99,8.67,12.29,32.989999999999995,3.61,20.7,6.88,-8.73,40.05,1.38,5.55,39.34,8.91,2.34,2.17,8.08,7.4,0.83,17.05,17.8,23.89,-3.82,-3.18,11.02,6.37,4.5,5.57
2025-06-03,4.06,2.34,7.7,5.5,10.97,-1.09,5.16,10.12,2.68,1.37,6.39,17.94,6.78,2.07,8.64,-0.61,4.19,7.91,5.16,10.08,1.33,25.7,7.0,4.82,4.76,22.52,4.130000000000001,3.21,15.660000000000002,10.82,0.2,7.33,6.83,8.99,8.67,12.29,32.989999999999995,3.61,20.7,6.88,-8.73,40.05,1.38,5.55,39.34,8.91,2.34,2.17,8.08,7.4,0.83,17.05,17.8,23.89,-3.82,-3.18,11.02,6.37,4.5,5.57
2025-06-04,4.06,2.34,7.7,5.5,10.97,-1.09,5.16,10.12,2.68,1.37,6.39,17.94,6.78,2.07,8.64,-0.61,4.19,7.91,5.16,10.08,1.33,25.7,7.0,4.82,4.76,22.52,4.130000000000001,3.21,15.660000000000002,10.82,0.2,7.33,6.83,8.99,8.67,12.29,32.989999999999995,3.61,20.7,6.88,-8.73,40.05,1.38,5.55,39.34,8.91,2.34,2.17,8.08,7.4,0.83,17.05,17.8,23.89,-3.82,-3.18,11.02,6.37,4.5,5.57
2025-06-05,4.06,2.34,7.7,5.5,10.97,-1.09,5.16,10.12,2.68,1.37,6.39,17.94,6.78,2.07,8.64,-0.61,4.19,7.91,5.16,10.08,1.33,25.7,7.0,4.82,4.76,22.52,4.130000000000001,3.21,15.660000000000002,10.82,0.2,7.33,6.83,8.99,8.67,12.29,32.989999999999995,3.61,20.7,6.88,-8.73,40.05,1.38,5.55,39.34,8.91,2.34,2.17,8.08,7.4,0.83,17.05,17.8,23.89,-3.82,-3.18,11.02,6.37,4.5,5.57
2025-06-06,4.06,2.34,7.7,5.5,10.97,-1.09,5.16,10.12,2.68,1.37,6.39,17.94,6.78,2.07,8.64,-0.61,4.19,7.91,5.16,10.08,1.33,25.7,7.0,4.82,4.76,22.52,4.130000000000001,3.21,15.660000000000002,10.82,0.2,7.33,6.83,8.99,8.67,12.29,32.989999999999995,3.61,20.7,6.88,-8.73,40.05,1.38,5.55,39.34,8.91,2.34,2.17,8.08,7.4,0.83,17.05,17.8,23.89,-3.82,-3.18,11.02,6.37,4.5,5.57
2025-06-09,4.06,2.34,7.7,5.5,10.97,-1.09,5.16,10.12,2.68,1.37,6.39,17.94,6.78,2.07,8.64,-0.61,4.19,7.91,5.16,10.08,1.33,25.7,7.0,4.82,4.76,22.52,4.130000000000001,3.21,15.660000000000002,10.82,0.2,7.33,6.83,8.99,8.67,12.29,32.989999999999995,3.61,20.7,6.88,-8.73,40.05,1.38,5.55,39.34,8.91,2.34,2.17,8.08,7.4,0.83,17.05,17.8,23.89,-3.82,-3.18,11.02,6.37,4.5,5.57
2025-06-10,4.06,2.34,7.7,5.5,10.97,-1.09,5.16,10.12,2.68,1.37,6.39,17.94,6.78,2.07,8.64,-0.61,4.19,7.91,5.16,10.08,1.33,25.7,7.0,4.82,4.76,22.52,4.130000000000001,3.21,15.660000000000002,10.82,0.2,7.33,6.83,8.99,8.67,12.29,32.989999999999995,3.61,20.7,6.88,-8.73,40.05,1.38,5.55,39.34,8.91,2.34,2.17,8.08,7.4,0.83,17.05,17.8,23.89,-3.82,-3.18,11.02,6.37,4.5,5.57
2025-06-11,4.06,2.34,7.7,5.5,10.97,-1.09,5.16,10.12,2.68,1.37,6.39,17.94,6.78,2.07,8.64,-0.61,4.19,7.91,5.16,10.08,1.33,25.7,7.0,4.82,4.76,22.52,4.130000000000001,3.21,15.660000000000002,10.82,0.2,7.33,6.83,8.99,8.67,12.29,32.989999999999995,3.61,20.7,6.88,-8.73,40.05,1.38,5.55,39.34,8.91,2.34,2.17,8.08,7.4,0.83,17.05,17.8,23.89,-3.82,-3.18,11.02,6.37,4.5,5.57
2025-06-12,4.06,2.34,7.7,5.5,10.97,-1.09,5.16,10.12,2.68,1.37,6.39,17.94,6.78,2.07,8.64,-0.61,4.19,7.91,5.16,10.08,1.33,25.7,7.0,4.82,4.76,22.52,4.130000000000001,3.21,15.660000000000002,10.82,0.2,7.33,6.83,8.99,8.67,12.29,32.989999999999995,3.61,20.7,6.88,-8.73,40.05,1.38,5.55,39.34,8.91,2.34,2.17,8.08,7.4,0.83,17.05,17.8,23.89,-3.82,-3.18,11.02,6.37,4.5,5.57
2025-06-13,4.06,2.34,7.7,5.5,10.97,-1.09,5.16,10.12,2.68,1.37,6.39,17.94,6.78,2.07,8.64,-0.61,4.19,7.91,5.16,10.08,1.33,25.7,7.0,4.82,4.76,22.52,4.130000000000001,3.21,15.660000000000002,10.82,0.2,7.33,6.83,8.99,8.67,12.29,32.989999999999995,3.61,20.7,6.88,-8.73,40.05,1.38,5.55,39.34,8.91,2.34,2.17,8.08,7.4,0.83,17.05,17.8,23.89,-3.82,-3.18,11.02,6.37,4.5,5.57
2025-06-16,4.06,2.34,7.7,5.5,10.97,-1.09,5.16,10.12,2.68,1.37,6.39,17.94,6.78,2.07,8.64,-0.61,4.19,7.91,5.16,10.08,1.33,25.7,7.0,4.82,4.76,22.52,4.130000000000001,3.21,15.660000000000002,10.82,0.2,7.33,6.83,8.99,8.67,12.29,32.989999999999995,3.61,20.7,6.88,-8.73,40.05,1.38,5.55,39.34,8.91,2.34,2.17,8.08,7.4,0.83,17.05,17.8,23.89,-3.82,-3.18,11.02,6.37,4.5,5.57
2025-06-17,4.06,2.34,7.7,5.5,10.97,-1.09,5.16,10.12,2.68,1.37,6.39,17.94,6.78,2.07,8.64,-0.61,4.19,7.91,5.16,10.08,1.33,25.7,7.0,4.82,4.76,22.52,4.130000000000001,3.21,15.660000000000002,10.82,0.2,7.33,6.83,8.99,8.67,12.29,32.989999999999995,3.61,20.7,6.88,-8.73,40.05,1.38,5.55,39.34,8.91,2.34,2.17,8.08,7.4,0.83,17.05,17.8,23.89,-3.82,-3.18,11.02,6.37,4.5,5.57
2025-06-18,4.06,2.34,7.7,5.5,10.97,-1.09,5.16,10.12,2.68,1.37,6.39,17.94,6.78,2.07,8.64,-0.61,4.19,7.91,5.16,10.08,1.33,25.7,7.0,4.82,4.76,22.52,4.130000000000001,3.21,15.660000000000002,10.82,0.2,7.33,6.83,8.99,8.67,12.29,32.989999999999995,3.61,20.7,6.88,-8.73,40.05,1.38,5.55,39.34,8.91,2.34,2.17,8.08,7.4,0.83,17.05,17.8,23.89,-3.82,-3.18,11.02,6.37,4.5,5.57
2025-06-20,4.06,2.34,7.7,5.5,10.97,-1.09,5.16,10.12,2.68,1.37,6.39,17.94,6.78,2.07,8.64,-0.61,4.19,7.91,5.16,10.08,1.33,25.7,7.0,4.82,4.76,22.52,4.130000000000001,3.21,15.660000000000002,10.82,0.2,7.33,6.83,8.99,8.67,12.29,32.989999999999995,3.61,20.7,6.88,-8.73,40.05,1.38,5.55,39.34,8.91,2.34,2.17,8.08,7.4,0.83,17.05,17.8,23.89,-3.82,-3.18,11.02,6.37,4.5,5.57
2025-06-23,4.06,2.34,7.7,5.5,10.97,-1.09,5.16,10.12,2.68,1.37,6.39,17.94,6.78,2.07,8.64,-0.61,4.19,7.91,5.16,10.08,1.33,25.7,7.0,4.82,4.76,22.52,4.130000000000001,3.21,15.660000000000002,10.82,0.2,7.33,6.83,8.99,8.67,12.29,32.989999999999995,3.61,20.7,6.88,-8.73,40.05,1.38,5.55,39.34,8.91,2.34,2.17,8.08,7.4,0.83,17.05,17.8,23.89,-3.82,-3.18,11.02,6.37,4.5,5.57
2025-06-24,4.06,2.34,7.7,5.5,10.97,-1.09,5.16,10.12,2.68,1.37,6.39,17.94,6.78,2.07,8.64,-0.61,4.19,7.91,5.16,10.08,1.33,25.7,7.0,4.82,4.76,22.52,4.130000000000001,3.21,15.660000000000002,10.82,0.2,7.33,6.83,8.99,8.67,12.29,32.989999999999995,3.61,20.7,6.88,-8.73,40.05,1.38,5.55,39.34,8.91,2.34,2.17,8.08,7.4,0.83,17.05,17.8,23.89,-3.82,-3.18,11.02,6.37,4.5,5.57
2025-06-25,4.06,2.34,7.7,5.5,10.97,-1.09,5.16,10.12,2.68,1.37,6.39,17.94,6.78,2.07,8.64,-0.61,4.19,7.91,5.16,10.08,1.33,25.7,7.0,4.82,4.76,22.52,4.130000000000001,3.21,15.660000000000002,10.82,0.2,7.33,6.83,8.99,8.67,12.29,32.989999999999995,3.61,20.7,6.88,-8.73,40.05,1.38,5.55,39.34,8.91,2.34,2.17,8.08,7.4,0.83,17.05,17.8,23.89,-3.82,-3.18,11.02,6.37,4.5,5.57
2025-06-26,4.06,2.34,7.7,5.5,10.97,-1.09,5.16,10.12,2.68,1.37,6.39,17.94,6.78,2.07,8.64,-0.61,4.19,7.91,5.16,10.08,1.33,25.7,7.0,4.82,4.76,22.52,4.130000000000001,3.21,15.660000000000002,10.82,0.2,7.33,6.83,8.99,8.67,12.29,32.989999999999995,3.61,20.7,6.88,-8.73,40.05,1.38,5.55,39.34,8.91,2.34,2.17,8.08,7.4,0.83,17.05,17.8,23.89,-3.82,-3.18,11.02,6.37,4.5,5.57
2025-06-27,4.06,2.34,7.7,5.5,10.97,-1.09,5.16,10.12,2.68,1.37,6.39,17.94,6.78,2.07,8.64,-0.61,4.19,7.91,5.16,10.08,1.33,25.7,7.0,4.82,4.76,22.52,4.130000000000001,3.21,15.660000000000002,10.82,0.2,7.33,6.83,8.99,8.67,12.29,32.989999999999995,3.61,20.7,6.88,-8.73,40.05,1.38,5.55,39.34,8.91,2.34,2.17,8.08,7.4,0.83,17.05,17.8,23.89,-3.82,-3.18,11.02,6.37,4.5,5.57
2025-06-30,4.06,2.1,7.97,5.92,12.23,-0.31,5.47,10.45,2.49,1.68,6.45,18.24,4.12,2.07,9.74,-1.3,3.59,8.35,4.71,10.15,1.42,23.57,6.96,4.88,5.04,23.81,4.130000000000001,3.11,13.05,12.02,4.23,6.9,7.17,9.34,9.07,15.3,24.97,3.61,20.28,6.49,-7.51,39.44,1.89,3.28,39.68,9.51,2.35,2.18,6.53,7.55,0.46,17.29,18.97,23.1,14.06,-2.93,11.09,6.68,4.1,5.81
2025-07-01,4.06,2.1,7.97,5.92,12.23,-0.31,5.47,10.45,2.49,1.68,6.45,18.24,4.12,2.07,9.74,-1.3,3.59,8.35,4.71,10.15,1.42,23.57,6.96,4.88,5.04,23.81,4.130000000000001,3.11,13.05,12.02,4.23,6.9,7.17,9.34,9.07,15.3,24.97,3.61,20.28,6.49,-7.51,39.44,1.89,3.28,39.68,9.51,2.35,2.18,6.53,7.55,0.46,17.29,18.97,23.1,14.06,-2.93,11.09,6.68,4.1,5.81
2025-07-02,4.06,2.1,7.97,5.92,12.23,-0.31,5.47,10.45,2.49,1.68,6.45,18.24,4.12,2.07,9.74,-1.3,3.59,8.35,4.71,10.15,1.42,23.57,6.96,4.88,5.04,23.81,4.130000000000001,3.11,13.05,12.02,4.23,6.9,7.17,9.34,9.07,15.3,24.97,3.61,20.28,6.49,-7.51,39.44,1.89,3.28,39.68,9.51,2.35,2.18,6.53,7.55,0.46,17.29,18.97,23.1,14.06,-2.93,11.09,6.68,4.1,5.81
2025-07-03,4.06,2.1,7.97,5.92,12.23,-0.31,5.47,10.45,2.49,1.68,6.45,18.24,4.12,2.07,9.74,-1.3,3.59,8.35,4.71,10.15,1.42,23.57,6.96,4.88,5.04,23.81,4.130000000000001,3.11,13.05,12.02,4.23,6.9,7.17,9.34,9.07,15.3,24.97,3.61,20.28,6.49,-7.51,39.44,1.89,3.28,39.68,9.51,2.35,2.18,6.53,7.55,0.46,17.29,18.97,23.1,14.06,-2.93,11.09,6.68,4.1,5.81
2025-07-07,4.06,2.1,7.97,5.92,12.23,-0.31,5.47,10.45,2.49,1.68,6.45,18.24,4.12,2.07,9.74,-1.3,3.59,8.35,4.71,10.15,1.42,23.57,6.96,4.88,5.04,23.81,4.130000000000001,3.11,13.05,12.02,4.23,6.9,7.17,9.34,9.07,15.3,24.97,3.61,20.28,6.49,-7.51,39.44,1.89,3.28,39.68,9.51,2.35,2.18,6.53,7.55,0.46,17.29,18.97,23.1,14.06,-2.93,11.09,6.68,4.1,5.81
2025-07-08,4.06,2.1,7.97,5.92,12.23,-0.31,5.47,10.45,2.49,1.68,6.45,18.24,4.12,2.07,9.74,-1.3,3.59,8.35,4.71,10.15,1.42,23.57,6.96,4.88,5.04,23.81,4.130000000000001,3.11,13.05,12.02,4.23,6.9,7.17,9.34,9.07,15.3,24.97,3.61,20.28,6.49,-7.51,39.44,1.89,3.28,39.68,9.51,2.35,2.18,6.53,7.55,0.46,17.29,18.97,23.1,14.06,-2.93,11.09,6.68,4.1,5.81
2025-07-09,4.06,2.1,7.97,5.92,12.23,-0.31,5.47,10.45,2.49,1.68,6.45,18.24,4.12,2.07,9.74,-1.3,3.59,8.35,4.71,10.15,1.42,23.57,6.96,4.88,5.04,23.81,4.130000000000001,3.11,13.05,12.02,4.23,6.9,7.17,9.34,9.07,15.3,24.97,3.61,20.28,6.49,-7.51,39.44,1.89,3.28,39.68,9.51,2.35,2.18,6.53,7.55,0.46,17.29,18.97,23.1,14.06,-2.93,11.09,6.68,4.1,5.81
2025-07-10,4.06,2.1,7.97,5.92,12.23,-0.31,5.47,10.45,2.49,1.68,6.45,18.24,4.12,2.07,9.74,-1.3,3.59,8.35,4.71,10.15,1.42,23.57,6.96,4.88,5.04,23.81,4.130000000000001,3.11,13.05,12.02,4.23,6.9,7.17,9.34,9.07,15.3,24.97,3.61,20.28,6.49,-7.51,39.44,1.89,3.28,39.68,9.51,2.35,2.18,6.53,7.55,0.46,17.29,18.97,23.1,14.06,-2.93,11.09,6.68,4.1,5.81
2025-07-11,4.06,2.1,7.97,5.92,12.23,-0.31,5.47,10.45,2.49,1.68,6.45,18.24,4.12,2.07,9.74,-1.3,3.59,8.35,4.71,10.15,1.42,23.57,6.96,4.88,5.04,23.81,4.130000000000001,3.11,13.05,12.02,4.23,6.9,7.17,9.34,9.07,15.3,24.97,3.61,20.28,6.49,-7.51,39.44,1.89,3.28,39.68,9.51,2.35,2.18,6.53,7.55,0.46,17.29,18.97,23.1,14.06,-2.93,11.09,6.68,4.1,5.81
2025-07-14,4.06,2.1,7.97,5.92,12.23,-0.31,5.47,10.45,2.49,1.68,6.45,18.24,4.12,2.07,9.74,-1.3,3.59,8.35,4.71,10.15,1.42,23.57,6.96,4.88,5.04,23.81,4.130000000000001,3.11,13.05,12.02,4.23,6.9,7.17,9.34,9.07,15.3,24.97,3.61,20.28,6.49,-7.51,39.44,1.89,3.28,39.68,9.51,2.35,2.18,6.53,7.55,0.46,17.29,18.97,23.1,14.06,-2.93,11.09,6.68,4.1,5.81
2025-07-15,4.06,2.1,7.97,5.92,12.23,-0.31,5.47,10.45,2.49,1.68,6.45,18.24,4.12,2.07,9.74,-1.3,3.59,8.35,4.71,10.15,1.42,23.57,6.96,4.88,5.04,23.81,4.130000000000001,3.11,13.05,12.02,4.23,6.9,7.17,9.34,9.07,15.3,24.97,3.61,20.28,6.49,-7.51,39.44,1.89,3.28,39.68,9.51,2.35,2.18,6.53,7.55,0.46,17.29,18.97,23.1,14.06,-2.93,11.09,6.68,4.1,5.81
2025-07-16,4.06,2.1,7.97,5.92,12.23,-0.31,5.47,10.45,2.49,1.68,6.45,18.24,4.12,2.07,9.74,-1.3,3.59,8.35,4.71,10.15,1.42,23.57,6.96,4.88,5.04,23.81,4.130000000000001,3.11,13.05,12.02,4.23,6.9,7.17,9.34,9.07,15.3,24.97,3.61,20.28,6.49,-7.51,39.44,1.89,3.28,39.68,9.51,2.35,2.18,6.53,7.55,0.46,17.29,18.97,23.1,14.06,-2.93,11.09,6.68,4.1,5.81
2025-07-17,4.06,2.1,7.97,5.92,12.23,-0.31,5.47,10.45,2.49,1.68,6.45,18.24,4.12,2.07,9.74,-1.3,3.59,8.35,4.71,10.15,1.42,23.57,6.96,4.88,5.04,23.81,4.130000000000001,3.11,13.05,12.02,4.23,6.9,7.17,9.34,9.07,15.3,24.97,3.61,20.28,6.49,-7.51,39.44,1.89,3.28,39.68,9.51,2.35,2.18,6.53,7.55,0.46,17.29,18.97,23.1,14.06,-2.93,11.09,6.68,4.1,5.81
2025-07-18,4.06,2.1,7.97,5.92,12.23,-0.31,5.47,10.45,2.49,1.68,6.45,18.24,4.12,2.07,9.74,-1.3,3.59,8.35,4.71,10.15,1.42,23.57,6.96,4.88,5.04,23.81,4.130000000000001,3.11,13.05,12.02,4.23,6.9,7.17,9.34,9.07,15.3,24.97,3.61,20.28,6.49,-7.51,39.44,1.89,3.28,39.68,9.51,2.35,2.18,6.53,7.55,0.46,17.29,18.97,23.1,14.06,-2.93,11.09,6.68,4.1,5.81
2025-07-21,4.06,2.1,7.97,5.92,12.23,-0.31,5.47,10.45,2.49,1.68,6.45,18.24,4.12,2.07,9.74,-1.3,3.59,8.35,4.71,10.15,1.42,23.57,6.96,4.88,5.04,23.81,4.130000000000001,3.11,13.05,12.02,4.23,6.9,7.17,9.34,9.07,15.3,24.97,3.61,20.28,6.49,-7.51,39.44,1.89,3.28,39.68,9.51,2.35,2.18,6.53,7.55,0.46,17.29,18.97,23.1,14.06,-2.93,11.09,6.68,4.1,5.81
2025-07-22,4.06,2.1,7.97,5.92,12.23,-0.31,5.47,10.45,2.49,1.68,6.45,18.24,4.12,2.07,9.74,-1.3,3.59,8.35,4.71,10.15,1.42,23.57,6.96,4.88,5.04,23.81,4.130000000000001,3.11,13.05,12.02,4.23,6.9,7.17,9.34,9.07,15.3,24.97,3.61,20.28,6.49,-7.51,39.44,1.89,3.28,39.68,9.51,2.35,2.18,6.53,7.55,0.46,17.29,18.97,23.1,14.06,-2.93,11.09,6.68,4.1,5.81
2025-07-23,4.06,2.1,7.97,5.92,12.23,-0.31,5.47,10.45,2.49,1.68,6.45,18.24,4.12,2.07,9.74,-1.3,3.59,8.35,4.71,10.15,1.42,23.57,6.96,4.88,5.04,23.81,4.130000000000001,3.11,13.05,12.02,4.23,6.9,7.17,9.34,9.07,15.3,24.97,3.61,20.28,6.49,-7.51,39.44,1.89,3.28,39.68,9.51,2.35,2.18,6.53,7.55,0.46,17.29,18.97,23.1,14.06,-2.93,11.09,6.68,4.1,5.81
2025-07-24,4.06,2.1,7.97,5.92,12.23,-0.31,5.47,10.45,2.49,1.68,6.45,18.24,4.12,2.07,9.74,-1.3,3.59,8.35,4.71,10.15,1.42,23.57,6.96,4.88,5.04,23.81,4.130000000000001,3.11,13.05,12.02,4.23,6.9,7.17,9.34,9.07,15.3,24.97,3.61,20.28,6.49,-7.51,39.44,1.89,3.28,39.68,9.51,2.35,2.18,6.53,7.55,0.46,17.29,18.97,23.1,14.06,-2.93,11.09,6.68,4.1,5.81
2025-07-25,4.06,2.1,7.97,5.92,12.23,-0.31,5.47,10.45,2.49,1.68,6.45,18.24,4.12,2.07,9.74,-1.3,3.59,8.35,4.71,10.15,1.42,23.57,6.96,4.88,5.04,23.81,4.130000000000001,3.11,13.05,12.02,4.23,6.9,7.17,9.34,9.07,15.3,24.97,3.61,20.28,6.49,-7.51,39.44,1.89,3.28,39.68,9.51,2.35,2.18,6.53,7.55,0.46,17.29,18.97,23.1,14.06,-2.93,11.09,6.68,4.1,5.81
2025-07-28,4.06,2.1,7.97,5.92,12.23,-0.31,5.47,10.45,2.49,1.68,6.45,18.24,4.12,2.07,9.74,-1.3,3.59,8.35,4.71,10.15,1.42,23.57,6.96,4.88,5.04,23.81,4.130000000000001,3.11,13.05,12.02,4.23,6.9,7.17,9.34,9.07,15.3,24.97,3.61,20.28,6.49,-7.51,39.44,1.89,3.28,39.68,9.51,2.35,2.18,6.53,7.55,0.46,17.29,18.97,23.1,14.06,-2.93,11.09,6.68,4.1,5.81
2025-07-29,4.06,2.1,7.97,5.92,12.23,-0.31,5.47,10.45,2.49,1.68,6.45,18.24,4.12,2.07,9.74,-1.3,3.59,8.35,4.71,10.15,1.42,23.57,6.96,4.88,5.04,23.81,4.130000000000001,3.11,13.05,12.02,4.23,6.9,7.17,9.34,9.07,15.3,24.97,3.61,20.28,6.49,-7.51,39.44,1.89,3.28,39.68,9.51,2.35,2.18,6.53,7.55,0.46,17.29,18.97,23.1,14.06,-2.93,11.09,6.68,4.1,5.81
2025-07-30,4.06,2.1,7.97,5.92,12.23,-0.31,5.47,10.45,2.49,1.68,6.45,18.24,4.12,2.07,9.74,-1.3,3.59,8.35,4.71,10.15,1.42,23.57,6.96,4.88,5.04,23.81,4.130000000000001,3.11,13.05,12.02,4.23,6.9,7.17,9.34,9.07,15.3,24.97,3.61,20.28,6.49,-7.51,39.44,1.89,3.28,39.68,9.51,2.35,2.18,6.53,7.55,0.46,17.29,18.97,23.1,14.06,-2.93,11.09,6.68,4.1,5.81
2025-07-31,4.28,2.1,7.97,5.92,12.23,-0.31,5.47,10.45,2.49,1.68,6.45,18.24,4.12,2.04,9.74,-1.3,3.59,8.35,4.71,10.15,1.42,23.57,6.96,4.88,5.04,23.81,4.130000000000001,3.11,13.05,12.02,4.23,6.9,7.17,9.34,9.07,15.3,24.97,3.62,20.28,6.49,-7.51,39.44,1.89,3.28,39.68,9.51,2.35,2.18,6.53,7.55,0.46,17.29,18.97,23.1,14.06,-2.93,11.09,6.68,4.1,5.81
2025-08-01,4.28,2.1,7.97,5.92,12.23,-0.31,5.47,10.45,2.49,1.68,6.45,18.24,4.12,2.04,9.74,-1.3,3.59,8.35,4.71,10.15,1.42,23.57,6.96,4.88,5.04,23.81,4.130000000000001,3.11,13.05,12.02,4.23,6.9,7.17,9.34,9.07,15.3,24.97,3.62,20.28,6.49,-7.51,39.44,1.89,3.28,39.68,9.51,2.35,2.18,6.53,7.55,0.46,17.29,18.97,23.1,14.06,-2.93,11.09,6.68,4.1,5.81
2025-08-04,4.28,2.1,7.97,5.92,12.23,-0.31,5.47,10.45,2.49,1.68,6.45,18.24,4.12,2.04,9.74,-1.3,3.59,8.35,4.71,10.15,1.42,23.57,6.96,4.88,5.04,23.81,4.130000000000001,3.11,13.05,12.02,4.23,6.9,7.17,9.34,9.07,15.3,24.97,3.62,20.28,6.49,-7.51,39.44,1.89,3.28,39.68,9.51,2.35,2.18,6.53,7.55,0.46,17.29,18.97,23.1,14.06,-2.93,11.09,6.68,4.1,5.81
2025-08-05,4.28,2.1,7.97,5.92,12.23,-0.31,5.47,10.45,2.49,1.68,6.45,18.24,4.12,2.04,9.74,-1.3,3.59,8.35,4.71,10.15,1.42,23.57,6.96,4.88,5.04,23.81,4.130000000000001,3.11,13.05,12.02,4.23,6.9,7.17,9.34,9.07,15.3,24.97,3.62,20.28,6.49,-7.51,39.44,1.89,3.28,39.68,9.51,2.35,2.18,6.53,7.55,0.46,17.29,18.97,23.1,14.06,-2.93,11.09,6.68,4.1,5.81
2025-08-06,4.28,2.1,7.97,5.92,12.23,-0.31,5.47,10.45,2.49,1.68,6.45,18.24,4.12,2.04,9.74,-1.3,3.59,8.35,4.71,10.15,1.42,23.57,6.96,4.88,5.04,23.81,4.130000000000001,3.11,13.05,12.02,4.23,6.9,7.17,9.34,9.07,15.3,24.97,3.62,20.28,6.49,-7.51,39.44,1.89,3.28,39.68,9.51,2.35,2.18,6.53,7.55,0.46,17.29,18.97,23.1,14.06,-2.93,11.09,6.68,4.1,5.81
2025-08-07,4.28,2.1,7.97,5.92,12.23,-0.31,5.47,10.45,2.49,1.68,6.45,18.24,4.12,2.04,9.74,-1.3,3.59,8.35,4.71,10.15,1.42,23.57,6.96,4.88,5.04,23.81,4.130000000000001,3.11,13.05,12.02,4.23,6.9,7.17,9.34,9.07,15.3,24.97,3.62,20.28,6.49,-7.51,39.44,1.89,3.28,39.68,9.51,2.35,2.18,6.53,7.55,0.46,17.29,18.97,23.1,14.06,-2.93,11.09,6.68,4.1,5.81
2025-08-08,4.28,2.1,7.97,5.92,12.23,-0.31,5.47,10.45,2.49,1.68,6.45,18.24,4.12,2.04,9.74,-1.3,3.59,8.35,4.71,10.15,1.42,23.57,6.96,4.88,5.04,23.81,4.130000000000001,3.11,13.05,12.02,4.23,6.9,7.17,9.34,9.07,15.3,24.97,3.62,20.28,6.49,-7.51,39.44,1.89,3.28,39.68,9.51,2.35,2.18,6.53,7.55,0.46,17.29,18.97,23.1,14.06,-2.93,11.09,6.68,4.1,5.81
2025-08-11,4.28,2.1,7.97,5.92,12.23,-0.31,5.47,10.45,2.49,1.68,6.45,18.24,4.12,2.04,9.74,-1.3,3.59,8.35,4.71,10.15,1.42,23.57,6.96,4.88,5.04,23.81,4.130000000000001,3.11,13.05,12.02,4.23,6.9,7.17,9.34,9.07,15.3,24.97,3.62,20.28,6.49,-7.51,39.44,1.89,3.28,39.68,9.51,2.35,2.18,6.53,7.55,0.46,17.29,18.97,23.1,14.06,-2.93,11.09,6.68,4.1,5.81
2025-08-12,4.28,2.1,7.97,5.92,12.23,-0.31,5.47,10.45,2.49,1.68,6.45,18.24,4.12,2.04,9.74,-1.3,3.59,8.35,4.71,10.15,1.42,23.57,6.96,4.88,5.04,23.81,4.130000000000001,3.11,13.05,12.02,4.23,6.9,7.17,9.34,9.07,15.3,24.97,3.62,20.28,6.49,-7.51,39.44,1.89,3.28,39.68,9.51,2.35,2.18,6.53,7.55,0.46,17.29,18.97,23.1,14.06,-2.93,11.09,6.68,4.1,5.81
2025-08-13,4.28,2.1,7.97,5.92,12.23,-0.31,5.47,10.45,2.49,1.68,6.45,18.24,4.12,2.04,9.74,-1.3,3.59,8.35,4.71,10.15,1.42,23.57,6.96,4.88,5.04,23.81,4.130000000000001,3.11,13.05,12.02,4.23,6.9,7.17,9.34,9.07,15.3,24.97,3.62,20.28,6.49,-7.51,39.44,1.89,3.28,39.68,9.51,2.35,2.18,6.53,7.55,0.46,17.29,18.97,23.1,14.06,-2.93,11.09,6.68,4.1,5.81
2025-08-14,4.28,2.1,7.97,5.92,12.23,-0.31,5.47,10.45,2.49,1.68,6.45,18.24,4.12,2.04,9.74,-1.3,3.59,8.35,4.71,10.15,1.42,23.57,6.96,4.88,5.04,23.81,4.130000000000001,3.11,13.05,12.02,4.23,6.9,7.17,9.34,9.07,15.3,24.97,3.62,20.28,6.49,-7.51,39.44,1.89,3.28,39.68,9.51,2.35,2.18,6.53,7.55,0.46,17.29,18.97,23.1,14.06,-2.93,11.09,6.68,4.1,5.81
2025-08-15,4.28,2.1,7.97,5.92,12.23,-0.31,5.47,10.45,2.49,1.68,6.45,18.24,4.12,2.04,9.74,-1.3,3.59,8.35,4.71,10.15,1.42,23.57,6.96,4.88,5.04,23.81,4.130000000000001,3.11,13.05,12.02,4.23,6.9,7.17,9.34,9.07,15.3,24.97,3.62,20.28,6.49,-7.51,39.44,1.89,3.28,39.68,9.51,2.35,2.18,6.53,7.55,0.46,17.29,18.97,23.1,14.06,-2.93,11.09,6.68,4.1,5.81
2025-08-18,4.28,2.1,7.97,5.92,12.23,-0.31,5.47,10.45,2.49,1.68,6.45,18.24,4.12,2.04,9.74,-1.3,3.59,8.35,4.71,10.15,1.42,23.57,6.96,4.88,5.04,23.81,4.130000000000001,3.11,13.05,12.02,4.23,6.9,7.17,9.34,9.07,15.3,24.97,3.62,20.28,6.49,-7.51,39.44,1.89,3.28,39.68,9.51,2.35,2.18,6.53,7.55,0.46,17.29,18.97,23.1,14.06,-2.93,11.09,6.68,4.1,5.81
2025-08-19,4.28,2.1,7.97,5.92,12.23,-0.31,5.47,10.45,2.49,1.68,6.45,18.24,4.12,2.04,9.74,-1.3,3.59,8.35,4.71,10.15,1.42,23.57,6.96,4.88,5.04,23.81,4.130000000000001,3.11,13.05,12.02,4.23,6.9,7.17,9.34,9.07,15.3,24.97,3.62,20.28,6.49,-7.51,39.44,1.89,3.28,39.68,9.51,2.35,2.18,6.53,7.55,0.46,17.29,18.97,23.1,14.06,-2.93,11.09,6.68,4.1,5.81
2025-08-20,4.28,2.1,7.97,5.92,12.23,-0.31,5.47,10.45,2.49,1.68,6.45,18.24,4.12,2.04,9.74,-1.3,3.59,8.35,4.71,10.15,1.42,23.57,6.96,4.88,5.04,23.81,4.130000000000001,3.11,13.05,12.02,4.23,6.9,7.17,9.34,9.07,15.3,24.97,3.62,20.28,6.49,-7.51,39.44,1.89,3.28,39.68,9.51,2.35,2.18,6.53,7.55,0.46,17.29,18.97,23.1,14.06,-2.93,11.09,6.68,4.1,5.81
2025-08-21,4.28,2.1,7.97,5.92,12.23,-0.31,5.47,10.45,2.49,1.68,6.45,18.24,4.12,2.04,9.74,-1.3,3.59,8.35,4.71,10.15,1.42,23.57,6.96,4.88,5.04,23.81,4.130000000000001,3.11,13.05,12.02,4.23,6.9,7.17,9.34,9.07,15.3,24.97,3.62,20.28,6.49,-7.51,39.44,1.89,3.28,39.68,9.51,2.35,2.18,6.53,7.55,0.46,17.29,18.97,23.1,14.06,-2.93,11.09,6.68,4.1,5.81
2025-08-22,4.28,2.1,7.97,5.92,12.23,-0.31,5.47,10.45,2.49,1.68,6.45,18.24,4.12,2.04,9.74,-1.3,3.59,8.35,4.71,10.15,1.42,23.57,6.96,4.88,5.04,23.81,4.130000000000001,3.11,13.05,12.02,4.23,6.9,7.17,9.34,9.07,15.3,24.97,3.62,20.28,6.49,-7.51,39.44,1.89,3.28,39.68,9.51,2.35,2.18,6.53,7.55,0.46,17.29,18.97,23.1,14.06,-2.93,11.09,6.68,4.1,5.81
2025-08-25,4.28,2.1,7.97,5.92,12.23,-0.31,5.47,10.45,2.49,1.68,6.45,18.24,4.12,2.04,9.74,-1.3,3.59,8.35,4.71,10.15,1.42,23.57,6.96,4.88,5.04,23.81,4.130000000000001,3.11,13.05,12.02,4.23,6.9,7.17,9.34,9.07,15.3,24.97,3.62,20.28,6.49,-7.51,39.44,1.89,3.28,39.68,9.51,2.35,2.18,6.53,7.55,0.46,17.29,18.97,23.1,14.06,-2.93,11.09,6.68,4.1,5.81
2025-08-26,4.28,2.1,7.97,5.92,12.23,-0.31,5.47,10.45,2.49,1.68,6.45,18.24,4.12,2.04,9.74,-1.3,3.59,8.35,4.71,10.15,1.42,23.57,6.96,4.88,5.04,23.81,4.130000000000001,3.11,13.05,12.02,4.23,6.9,7.17,9.34,9.07,15.3,24.97,3.62,20.28,6.49,-7.51,39.44,1.89,3.28,39.68,9.51,2.35,2.18,6.53,7.55,0.46,17.29,18.97,23.1,14.06,-2.93,11.09,6.68,4.1,5.81
2025-08-27,4.28,2.1,7.97,5.92,12.23,-0.31,5.47,10.45,2.49,1.68,6.45,18.24,4.12,2.04,9.74,-1.3,3.59,8.35,4.71,10.15,1.42,23.57,6.96,4.88,5.04,23.81,4.130000000000001,3.11,13.05,12.02,4.23,6.9,7.17,9.34,9.07,15.3,24.97,3.62,20.28,6.49,-7.51,39.44,1.89,3.28,39.68,9.51,2.35,2.18,6.53,7.55,0.46,17.29,18.97,23.1,14.06,-2.93,11.09,6.68,4.1,5.81
2025-08-28,4.28,2.1,7.97,5.92,12.23,-0.31,5.47,10.45,2.49,1.68,6.45,18.24,4.12,2.04,9.74,-1.3,3.59,8.35,4.71,10.15,1.42,23.57,6.96,4.88,5.04,23.81,4.130000000000001,3.11,13.05,12.02,4.23,6.9,7.17,9.34,9.07,15.3,24.97,3.62,20.28,6.49,-7.51,39.44,1.89,3.28,39.68,9.51,2.35,2.18,6.53,7.55,0.46,17.29,18.97,23.1,14.06,-2.93,11.09,6.68,4.1,5.81
2025-08-29,4.28,2.1,7.97,5.92,12.23,-0.31,5.47,10.45,2.49,1.68,6.45,18.24,4.12,2.04,9.74,-1.3,3.59,8.35,4.71,10.15,1.42,23.57,6.96,4.88,5.04,23.81,4.130000000000001,3.11,13.05,12.02,4.23,6.9,7.17,9.34,9.07,15.3,24.97,3.62,20.28,6.49,-7.51,39.44,1.89,3.28,39.68,9.51,2.35,2.18,6.53,7.55,0.46,17.29,18.97,23.1,14.06,-2.93,11.09,6.68,4.1,5.81
2025-09-02,4.28,2.1,7.97,5.92,12.23,-0.31,5.47,10.45,2.49,1.68,6.45,18.24,4.12,2.04,9.74,-1.3,3.59,8.35,4.71,10.15,1.42,23.57,6.96,4.88,5.04,23.81,4.130000000000001,3.11,13.05,12.02,4.23,6.9,7.17,9.34,9.07,15.3,24.97,3.62,20.28,6.49,-7.51,39.44,1.89,3.28,39.68,9.51,2.35,2.18,6.53,7.55,0.46,17.29,18.97,23.1,14.06,-2.93,11.09,6.68,4.1,5.81
2025-09-03,4.28,2.1,7.97,5.92,12.23,-0.31,5.47,10.45,2.49,1.68,6.45,18.24,4.12,2.04,9.74,-1.3,3.59,8.35,4.71,10.15,1.42,23.57,6.96,4.88,5.04,23.81,4.130000000000001,3.11,13.05,12.02,4.23,6.9,7.17,9.34,9.07,15.3,24.97,3.62,20.28,6.49,-7.51,39.44,1.89,3.28,39.68,9.51,2.35,2.18,6.53,7.55,0.46,17.29,18.97,23.1,14.06,-2.93,11.09,6.68,4.1,5.81
2025-09-04,4.28,2.1,7.97,5.92,12.23,-0.31,5.47,10.45,2.49,1.68,6.45,18.24,4.12,2.04,9.74,-1.3,3.59,8.35,4.71,10.15,1.42,23.57,6.96,4.88,5.04,23.81,4.130000000000001,3.11,13.05,12.02,4.23,6.9,7.17,9.34,9.07,15.3,24.97,3.62,20.28,6.49,-7.51,39.44,1.89,3.28,39.68,9.51,2.35,2.18,6.53,7.55,0.46,17.29,18.97,23.1,14.06,-2.93,11.09,6.68,4.1,5.81
2025-09-05,4.28,2.1,7.97,5.92,12.23,-0.31,5.47,10.45,2.49,1.68,6.45,18.24,4.12,2.04,9.74,-1.3,3.59,8.35,4.71,10.15,1.42,23.57,6.96,4.88,5.04,23.81,4.130000000000001,3.11,13.05,12.02,4.23,6.9,7.17,9.34,9.07,15.3,24.97,3.62,20.28,6.49,-7.51,39.44,1.89,3.28,39.68,9.51,2.35,2.18,6.53,7.55,0.46,17.29,18.97,23.1,14.06,-2.93,11.09,6.68,4.1,5.81
2025-09-08,4.28,2.1,7.97,5.92,12.23,-0.31,5.47,10.45,2.49,1.68,6.45,18.24,4.12,2.04,9.74,-1.3,3.59,8.35,4.71,10.15,1.42,23.57,6.96,4.88,5.04,23.81,4.130000000000001,3.11,13.05,12.02,4.23,6.9,7.17,9.34,9.07,15.3,24.97,3.62,20.28,6.49,-7.51,39.44,1.89,3.28,39.68,9.51,2.35,2.18,6.53,7.55,0.46,17.29,18.97,23.1,14.06,-2.93,11.09,6.68,4.1,5.81
2025-09-09,4.28,2.1,7.97,5.92,12.23,-0.31,5.47,10.45,2.49,1.68,6.45,18.24,4.12,2.04,9.74,-1.3,3.59,8.35,4.71,10.15,1.42,23.57,6.96,4.88,5.04,23.81,4.130000000000001,3.11,13.05,12.02,4.23,6.9,7.17,9.34,9.07,15.3,24.97,3.62,20.28,6.49,-7.51,39.44,1.89,3.28,39.68,9.51,2.35,2.18,6.53,7.55,0.46,17.29,18.97,23.1,14.06,-2.93,11.09,6.68,4.1,5.81
2025-09-10,4.28,2.1,7.97,5.92,12.23,-0.31,5.47,10.45,2.49,1.68,6.45,18.24,4.12,2.04,9.74,-1.3,3.59,8.35,4.71,10.15,1.42,23.57,6.96,4.88,5.04,23.81,4.130000000000001,3.11,13.05,12.02,4.23,6.9,7.17,9.34,9.07,15.3,24.97,3.62,20.28,6.49,-7.51,39.44,1.89,3.28,39.68,9.51,2.35,2.18,6.53,7.55,0.46,17.29,18.97,23.1,14.06,-2.93,11.09,6.68,4.1,5.81
2025-09-11,4.28,2.1,7.97,5.92,12.23,-0.31,5.47,10.45,2.49,1.68,6.45,18.24,4.12,2.04,9.74,-1.3,3.59,8.35,4.71,10.15,1.42,23.57,6.96,4.88,5.04,23.81,4.130000000000001,3.11,13.05,12.02,4.23,6.9,7.17,9.34,9.07,15.3,24.97,3.62,20.28,6.49,-7.51,39.44,1.89,3.28,39.68,9.51,2.35,2.18,6.53,7.55,0.46,17.29,18.97,23.1,14.06,-2.93,11.09,6.68,4.1,5.81
2025-09-12,4.28,2.1,7.97,5.92,12.23,-0.31,5.47,10.45,2.49,1.68,6.45,18.24,4.12,2.04,9.74,-1.3,3.59,8.35,4.71,10.15,1.42,23.57,6.96,4.88,5.04,23.81,4.130000000000001,3.11,13.05,12.02,4.23,6.9,7.17,9.34,9.07,15.3,24.97,3.62,20.28,6.49,-7.51,39.44,1.89,3.28,39.68,9.51,2.35,2.18,6.53,7.55,0.46,17.29,18.97,23.1,14.06,-2.93,11.09,6.68,4.1,5.81
2025-09-15,4.28,2.1,7.97,5.92,12.23,-0.31,5.47,10.45,2.49,1.68,6.45,18.24,4.12,2.04,9.74,-1.3,3.59,8.35,4.71,10.15,1.42,23.57,6.96,4.88,5.04,23.81,4.130000000000001,3.11,13.05,12.02,4.23,6.9,7.17,9.34,9.07,15.3,24.97,3.62,20.28,6.49,-7.51,39.44,1.89,3.28,39.68,9.51,2.35,2.18,6.53,7.55,0.46,17.29,18.97,23.1,14.06,-2.93,11.09,6.68,4.1,5.81
2025-09-16,4.28,2.1,7.97,5.92,12.23,-0.31,5.47,10.45,2.49,1.68,6.45,18.24,4.12,2.04,9.74,-1.3,3.59,8.35,4.71,10.15,1.42,23.57,6.96,4.88,5.04,23.81,4.130000000000001,3.11,13.05,12.02,4.23,6.9,7.17,9.34,9.07,15.3,24.97,3.62,20.28,6.49,-7.51,39.44,1.89,3.28,39.68,9.51,2.35,2.18,6.53,7.55,0.46,17.29,18.97,23.1,14.06,-2.93,11.09,6.68,4.1,5.81
2025-09-17,4.28,2.1,7.97,5.92,12.23,-0.31,5.47,10.45,2.49,1.68,6.45,18.24,4.12,2.04,9.74,-1.3,3.59,8.35,4.71,10.15,1.42,23.57,6.96,4.88,5.04,23.81,4.130000000000001,3.11,13.05,12.02,4.23,6.9,7.17,9.34,9.07,15.3,24.97,3.62,20.28,6.49,-7.51,39.44,1.89,3.28,39.68,9.51,2.35,2.18,6.53,7.55,0.46,17.29,18.97,23.1,14.06,-2.93,11.09,6.68,4.1,5.81
2025-09-18,4.28,2.1,7.97,5.92,12.23,-0.31,5.47,10.45,2.49,1.68,6.45,18.24,4.12,2.04,9.74,-1.3,3.59,8.35,4.71,10.15,1.42,23.57,6.96,4.88,5.04,23.81,4.130000000000001,3.11,13.05,12.02,4.23,6.9,7.17,9.34,9.07,15.3,24.97,3.62,20.28,6.49,-7.51,39.44,1.89,3.28,39.68,9.51,2.35,2.18,6.53,7.55,0.46,17.29,18.97,23.1,14.06,-2.93,11.09,6.68,4.1,5.81
2025-09-19,4.28,2.1,7.97,5.92,12.23,-0.31,5.47,10.45,2.49,1.68,6.45,18.24,4.12,2.04,9.74,-1.3,3.59,8.35,4.71,10.15,1.42,23.57,6.96,4.88,5.04,23.81,4.130000000000001,3.11,13.05,12.02,4.23,6.9,7.17,9.34,9.07,15.3,24.97,3.62,20.28,6.49,-7.51,39.44,1.89,3.28,39.68,9.51,2.35,2.18,6.53,7.55,0.46,17.29,18.97,23.1,14.06,-2.93,11.09,6.68,4.1,5.81
2025-09-22,4.28,2.1,7.97,5.92,12.23,-0.31,5.47,10.45,2.49,1.68,6.45,18.24,4.12,2.04,9.74,-1.3,3.59,8.35,4.71,10.15,1.42,23.57,6.96,4.88,5.04,23.81,4.130000000000001,3.11,13.05,12.02,4.23,6.9,7.17,9.34,9.07,15.3,24.97,3.62,20.28,6.49,-7.51,39.44,1.89,3.28,39.68,9.51,2.35,2.18,6.53,7.55,0.46,17.29,18.97,23.1,14.06,-2.93,11.09,6.68,4.1,5.81
2025-09-23,4.28,2.1,7.97,5.92,12.23,-0.31,5.47,10.45,2.49,1.68,6.45,18.24,4.12,2.04,9.74,-1.3,3.59,8.35,4.71,10.15,1.42,23.57,6.96,4.88,5.04,23.81,4.130000000000001,3.11,13.05,12.02,4.23,6.9,7.17,9.34,9.07,15.3,24.97,3.62,20.28,6.49,-7.51,39.44,1.89,3.28,39.68,9.51,2.35,2.18,6.53,7.55,0.46,17.29,18.97,23.1,14.06,-2.93,11.09,6.68,4.1,5.81
2025-09-24,4.28,2.1,7.97,5.92,12.23,-0.31,5.47,10.45,2.49,1.68,6.45,18.24,4.12,2.04,9.74,-1.3,3.59,8.35,4.71,10.15,1.42,23.57,6.96,4.88,5.04,23.81,4.130000000000001,3.11,13.05,12.02,4.23,6.9,7.17,9.34,9.07,15.3,24.97,3.62,20.28,6.49,-7.51,39.44,1.89,3.28,39.68,9.51,2.35,2.18,6.53,7.55,0.46,17.29,18.97,23.1,14.06,-2.93,11.09,6.68,4.1,5.81
2025-09-25,4.28,2.1,7.97,5.92,12.23,-0.31,5.47,10.45,2.49,1.68,6.45,18.24,4.12,2.04,9.74,-1.3,3.59,8.35,4.71,10.15,1.42,23.57,6.96,4.88,5.04,23.81,4.130000000000001,3.11,13.05,12.02,4.23,6.9,7.17,9.34,9.07,15.3,24.97,3.62,20.28,6.49,-7.51,39.44,1.89,3.28,39.68,9.51,2.35,2.18,6.53,7.55,0.46,17.29,18.97,23.1,14.06,-2.93,11.09,6.68,4.1,5.81
2025-09-26,4.28,2.1,7.97,5.92,12.23,-0.31,5.47,10.45,2.49,1.68,6.45,18.24,4.12,2.04,9.74,-1.3,3.59,8.35,4.71,10.15,1.42,23.57,6.96,4.88,5.04,23.81,4.130000000000001,3.11,13.05,12.02,4.23,6.9,7.17,9.34,9.07,15.3,24.97,3.62,20.28,6.49,-7.51,39.44,1.89,3.28,39.68,9.51,2.35,2.18,6.53,7.55,0.46,17.29,18.97,23.1,14.06,-2.93,11.09,6.68,4.1,5.81
2025-09-29,4.28,2.1,7.97,5.92,12.23,-0.31,5.47,10.45,2.49,1.68,6.45,18.24,4.12,2.04,9.74,-1.3,3.59,8.35,4.71,10.15,1.42,23.57,6.96,4.88,5.04,23.81,4.130000000000001,3.11,13.05,12.02,4.23,6.9,7.17,9.34,9.07,15.3,24.97,3.62,20.28,6.49,-7.51,39.44,1.89,3.28,39.68,9.51,2.35,2.18,6.53,7.55,0.46,17.29,18.97,23.1,14.06,-2.93,11.09,6.68,4.1,5.81
2025-09-30,4.28,1.32,7.96,5.16,12.93,-0.67,5.82,10.97,2.97,1.87,6.63,22.59,-10.67,2.04,7.96,-1.53,0.38,8.52,4.86,9.69,1.8,24.54,2.35,4.83,6.46,25.86,4.130000000000001,3.17,10.69,12.61,5.9,7.27,7.56,10.35,10.19,20.41,31.99,3.62,16.24,7.56,-8.06,40.05,1.72,3.43,41.72,9.77,1.99,8.71,6.96,7.61,0.49,17.31,21.01,19.19,14.21,-3.13,10.88,6.75,4.03,5.94
2025-10-01,4.28,1.32,7.96,5.16,12.93,-0.67,5.82,10.97,2.97,1.87,6.63,22.59,-10.67,2.04,7.96,-1.53,0.38,8.52,4.86,9.69,1.8,24.54,2.35,4.83,6.46,25.86,4.130000000000001,3.17,10.69,12.61,5.9,7.27,7.56,10.35,10.19,20.41,31.99,3.62,16.24,7.56,-8.06,40.05,1.72,3.43,41.72,9.77,1.99,8.71,6.96,7.61,0.49,17.31,21.01,19.19,14.21,-3.13,10.88,6.75,4.03,5.94
2025-10-02,4.28,1.32,7.96,5.16,12.93,-0.67,5.82,10.97,2.97,1.87,6.63,22.59,-10.67,2.04,7.96,-1.53,0.38,8.52,4.86,9.69,1.8,24.54,2.35,4.83,6.46,25.86,4.130000000000001,3.17,10.69,12.61,5.9,7.27,7.56,10.35,10.19,20.41,31.99,3.62,16.24,7.56,-8.06,40.05,1.72,3.43,41.72,9.77,1.99,8.71,6.96,7.61,0.49,17.31,21.01,19.19,14.21,-3.13,10.88,6.75,4.03,5.94
2025-10-03,4.28,1.32,7.96,5.16,12.93,-0.67,5.82,10.97,2.97,1.87,6.63,22.59,-10.67,2.04,7.96,-1.53,0.38,8.52,4.86,9.69,1.8,24.54,2.35,4.83,6.46,25.86,4.130000000000001,3.17,10.69,12.61,5.9,7.27,7.56,10.35,10.19,20.41,31.99,3.62,16.24,7.56,-8.06,40.05,1.72,3.43,41.72,9.77,1.99,8.71,6.96,7.61,0.49,17.31,21.01,19.19,14.21,-3.13,10.88,6.75,4.03,5.94
2025-10-06,4.28,1.32,7.96,5.16,12.93,-0.67,5.82,10.97,2.97,1.87,6.63,22.59,-10.67,2.04,7.96,-1.53,0.38,8.52,4.86,9.69,1.8,24.54,2.35,4.83,6.46,25.86,4.130000000000001,3.17,10.69,12.61,5.9,7.27,7.56,10.35,10.19,20.41,31.99,3.62,16.24,7.56,-8.06,40.05,1.72,3.43,41.72,9.77,1.99,8.71,6.96,7.61,0.49,17.31,21.01,19.19,14.21,-3.13,10.88,6.75,4.03,5.94
2025-10-07,4.28,1.32,7.96,5.16,12.93,-0.67,5.82,10.97,2.97,1.87,6.63,22.59,-10.67,2.04,7.96,-1.53,0.38,8.52,4.86,9.69,1.8,24.54,2.35,4.83,6.46,25.86,4.130000000000001,3.17,10.69,12.61,5.9,7.27,7.56,10.35,10.19,20.41,31.99,3.62,16.24,7.56,-8.06,40.05,1.72,3.43,41.72,9.77,1.99,8.71,6.96,7.61,0.49,17.31,21.01,19.19,14.21,-3.13,10.88,6.75,4.03,5.94
2025-10-08,4.28,1.32,7.96,5.16,12.93,-0.67,5.82,10.97,2.97,1.87,6.63,22.59,-10.67,2.04,7.96,-1.53,0.38,8.52,4.86,9.69,1.8,24.54,2.35,4.83,6.46,25.86,4.130000000000001,3.17,10.69,12.61,5.9,7.27,7.56,10.35,10.19,20.41,31.99,3.62,16.24,7.56,-8.06,40.05,1.72,3.43,41.72,9.77,1.99,8.71,6.96,7.61,0.49,17.31,21.01,19.19,14.21,-3.13,10.88,6.75,4.03,5.94
2025-10-09,4.28,1.32,7.96,5.16,12.93,-0.67,5.82,10.97,2.97,1.87,6.63,22.59,-10.67,2.04,7.96,-1.53,0.38,8.52,4.86,9.69,1.8,24.54,2.35,4.83,6.46,25.86,4.130000000000001,3.17,10.69,12.61,5.9,7.27,7.56,10.35,10.19,20.41,31.99,3.62,16.24,7.56,-8.06,40.05,1.72,3.43,41.72,9.77,1.99,8.71,6.96,7.61,0.49,17.31,21.01,19.19,14.21,-3.13,10.88,6.75,4.03,5.94
2025-10-10,4.28,1.32,7.96,5.16,12.93,-0.67,5.82,10.97,2.97,1.87,6.63,22.59,-10.67,2.04,7.96,-1.53,0.38,8.52,4.86,9.69,1.8,24.54,2.35,4.83,6.46,25.86,4.130000000000001,3.17,10.69,12.61,5.9,7.27,7.56,10.35,10.19,20.41,31.99,3.62,16.24,7.56,-8.06,40.05,1.72,3.43,41.72,9.77,1.99,8.71,6.96,7.61,0.49,17.31,21.01,19.19,14.21,-3.13,10.88,6.75,4.03,5.94
2025-10-13,4.28,1.32,7.96,5.16,12.93,-0.67,5.82,10.97,2.97,1.87,6.63,22.59,-10.67,2.04,7.96,-1.53,0.38,8.52,4.86,9.69,1.8,24.54,2.35,4.83,6.46,25.86,4.130000000000001,3.17,10.69,12.61,5.9,7.27,7.56,10.35,10.19,20.41,31.99,3.62,16.24,7.56,-8.06,40.05,1.72,3.43,41.72,9.77,1.99,8.71,6.96,7.61,0.49,17.31,21.01,19.19,14.21,-3.13,10.88,6.75,4.03,5.94
2025-10-14,4.28,1.32,7.96,5.16,12.93,-0.67,5.82,10.97,2.97,1.87,6.63,22.59,-10.67,2.04,7.96,-1.53,0.38,8.52,4.86,9.69,1.8,24.54,2.35,4.83,6.46,25.86,4.130000000000001,3.17,10.69,12.61,5.9,7.27,7.56,10.35,10.19,20.41,31.99,3.62,16.24,7.56,-8.06,40.05,1.72,3.43,41.72,9.77,1.99,8.71,6.96,7.61,0.49,17.31,21.01,19.19,14.21,-3.13,10.88,6.75,4.03,5.94
2025-10-15,4.28,1.32,7.96,5.16,12.93,-0.67,5.82,10.97,2.97,1.87,6.63,22.59,-10.67,2.04,7.96,-1.53,0.38,8.52,4.86,9.69,1.8,24.54,2.35,4.83,6.46,25.86,4.130000000000001,3.17,10.69,12.61,5.9,7.27,7.56,10.35,10.19,20.41,31.99,3.62,16.24,7.56,-8.06,40.05,1.72,3.43,41.72,9.77,1.99,8.71,6.96,7.61,0.49,17.31,21.01,19.19,14.21,-3.13,10.88,6.75,4.03,5.94
2025-10-16,4.28,1.32,7.96,5.16,12.93,-0.67,5.82,10.97,2.97,1.87,6.63,22.59,-10.67,2.04,7.96,-1.53,0.38,8.52,4.86,9.69,1.8,24.54,2.35,4.83,6.46,25.86,4.130000000000001,3.17,10.69,12.61,5.9,7.27,7.56,10.35,10.19,20.41,31.99,3.62,16.24,7.56,-8.06,40.05,1.72,3.43,41.72,9.77,1.99,8.71,6.96,7.61,0.49,17.31,21.01,19.19,14.21,-3.13,10.88,6.75,4.03,5.94
2025-10-17,4.28,1.32,7.96,5.16,12.93,-0.67,5.82,10.97,2.97,1.87,6.63,22.59,-10.67,2.04,7.96,-1.53,0.38,8.52,4.86,9.69,1.8,24.54,2.35,4.83,6.46,25.86,4.130000000000001,3.17,10.69,12.61,5.9,7.27,7.56,10.35,10.19,20.41,31.99,3.62,16.24,7.56,-8.06,40.05,1.72,3.43,41.72,9.77,1.99,8.71,6.96,7.61,0.49,17.31,21.01,19.19,14.21,-3.13,10.88,6.75,4.03,5.94
2025-10-20,4.28,1.32,7.96,5.16,12.93,-0.67,5.82,10.97,2.97,1.87,6.63,22.59,-10.67,2.04,7.96,-1.53,0.38,8.52,4.86,9.69,1.8,24.54,2.35,4.83,6.46,25.86,4.130000000000001,3.17,10.69,12.61,5.9,7.27,7.56,10.35,10.19,20.41,31.99,3.62,16.24,7.56,-8.06,40.05,1.72,3.43,41.72,9.77,1.99,8.71,6.96,7.61,0.49,17.31,21.01,19.19,14.21,-3.13,10.88,6.75,4.03,5.94
2025-10-21,4.28,1.32,7.96,5.16,12.93,-0.67,5.82,10.97,2.97,1.87,6.63,22.59,-10.67,2.04,7.96,-1.53,0.38,8.52,4.86,9.69,1.8,24.54,2.35,4.83,6.46,25.86,4.130000000000001,3.17,10.69,12.61,5.9,7.27,7.56,10.35,10.19,20.41,31.99,3.62,16.24,7.56,-8.06,40.05,1.72,3.43,41.72,9.77,1.99,8.71,6.96,7.61,0.49,17.31,21.01,19.19,14.21,-3.13,10.88,6.75,4.03,5.94
2025-10-22,4.28,1.32,7.96,5.16,12.93,-0.67,5.82,10.97,2.97,1.87,6.63,22.59,-10.67,2.04,7.96,-1.53,0.38,8.52,4.86,9.69,1.8,24.54,2.35,4.83,6.46,25.86,4.130000000000001,3.17,10.69,12.61,5.9,7.27,7.56,10.35,10.19,20.41,31.99,3.62,16.24,7.56,-8.06,40.05,1.72,3.43,41.72,9.77,1.99,8.71,6.96,7.61,0.49,17.31,21.01,19.19,14.21,-3.13,10.88,6.75,4.03,5.94
2025-10-23,4.28,1.32,7.96,5.16,12.93,-0.67,5.82,10.97,2.97,1.87,6.63,22.59,-10.67,2.04,7.96,-1.53,0.38,8.52,4.86,9.69,1.8,24.54,2.35,4.83,6.46,25.86,4.130000000000001,3.17,10.69,12.61,5.9,7.27,7.56,10.35,10.19,20.41,31.99,3.62,16.24,7.56,-8.06,40.05,1.72,3.43,41.72,9.77,1.99,8.71,6.96,7.61,0.49,17.31,21.01,19.19,14.21,-3.13,10.88,6.75,4.03,5.94
2025-10-24,4.28,1.32,7.96,5.16,12.93,-0.67,5.82,10.97,2.97,1.87,6.63,22.59,-10.67,2.04,7.96,-1.53,0.38,8.52,4.86,9.69,1.8,24.54,2.35,4.83,6.46,25.86,4.130000000000001,3.17,10.69,12.61,5.9,7.27,7.56,10.35,10.19,20.41,31.99,3.62,16.24,7.56,-8.06,40.05,1.72,3.43,41.72,9.77,1.99,8.71,6.96,7.61,0.49,17.31,21.01,19.19,14.21,-3.13,10.88,6.75,4.03,5.94
2025-10-27,4.28,1.32,7.96,5.16,12.93,-0.67,5.82,10.97,2.97,1.87,6.63,22.59,-10.67,2.04,7.96,-1.53,0.38,8.52,4.86,9.69,1.8,24.54,2.35,4.83,6.46,25.86,4.130000000000001,3.17,10.69,12.61,5.9,7.27,7.56,10.35,10.19,20.41,31.99,3.62,16.24,7.56,-8.06,40.05,1.72,3.43,41.72,9.77,1.99,8.71,6.96,7.61,0.49,17.31,21.01,19.19,14.21,-3.13,10.88,6.75,4.03,5.94
2025-10-28,4.28,1.32,7.96,5.16,12.93,-0.67,5.82,10.97,2.97,1.87,6.63,22.59,-10.67,2.04,7.96,-1.53,0.38,8.52,4.86,9.69,1.8,24.54,2.35,4.83,6.46,25.86,4.130000000000001,3.17,10.69,12.61,5.9,7.27,7.56,10.35,10.19,20.41,31.99,3.62,16.24,7.56,-8.06,40.05,1.72,3.43,41.72,9.77,1.99,8.71,6.96,7.61,0.49,17.31,21.01,19.19,14.21,-3.13,10.88,6.75,4.03,5.94
2025-10-29,4.28,1.32,7.96,5.16,12.93,-0.67,5.82,10.97,2.97,1.87,6.63,22.59,-10.67,2.04,7.96,-1.53,0.38,8.52,4.86,9.69,1.8,24.54,2.35,4.83,6.46,25.86,4.130000000000001,3.17,10.69,12.61,5.9,7.27,7.56,10.35,10.19,20.41,31.99,3.62,16.24,7.56,-8.06,40.05,1.72,3.43,41.72,9.77,1.99,8.71,6.96,7.61,0.49,17.31,21.01,19.19,14.21,-3.13,10.88,6.75,4.03,5.94
2025-10-30,4.28,1.32,7.96,5.16,12.93,-0.67,5.82,10.97,2.97,1.87,6.63,22.59,-10.67,2.04,7.96,-1.53,0.38,8.52,4.86,9.69,1.8,24.54,2.35,4.83,6.46,25.86,4.130000000000001,3.17,10.69,12.61,5.9,7.27,7.56,10.35,10.19,20.41,31.99,3.62,16.24,7.56,-8.06,40.05,1.72,3.43,41.72,9.77,1.99,8.71,6.96,7.61,0.49,17.31,21.01,19.19,14.21,-3.13,10.88,6.75,4.03,5.94
2025-10-31,4.57,1.32,7.96,5.16,12.93,-0.67,5.82,10.97,2.97,1.87,6.63,22.59,-10.67,1.87,7.96,-1.53,0.38,8.52,4.86,9.69,1.8,24.54,2.35,4.83,6.46,25.86,4.130000000000001,3.17,10.69,12.61,5.9,7.27,7.56,10.35,10.19,20.41,31.99,3.69,16.24,7.56,-8.06,40.05,1.72,3.43,41.72,9.77,1.99,8.71,6.96,7.61,0.49,17.31,21.01,19.19,14.21,-3.13,10.88,6.75,4.03,5.94
2025-11-03,4.57,1.32,7.96,5.16,12.93,-0.67,5.82,10.97,2.97,1.87,6.63,22.59,-10.67,1.87,7.96,-1.53,0.38,8.52,4.86,9.69,1.8,24.54,2.35,4.83,6.46,25.86,4.130000000000001,3.17,10.69,12.61,5.9,7.27,7.56,10.35,10.19,20.41,31.99,3.69,16.24,7.56,-8.06,40.05,1.72,3.43,41.72,9.77,1.99,8.71,6.96,7.61,0.49,17.31,21.01,19.19,14.21,-3.13,10.88,6.75,4.03,5.94
2025-11-04,4.57,1.32,7.96,5.16,12.93,-0.67,5.82,10.97,2.97,1.87,6.63,22.59,-10.67,1.87,7.96,-1.53,0.38,8.52,4.86,9.69,1.8,24.54,2.35,4.83,6.46,25.86,4.130000000000001,3.17,10.69,12.61,5.9,7.27,7.56,10.35,10.19,20.41,31.99,3.69,16.24,7.56,-8.06,40.05,1.72,3.43,41.72,9.77,1.99,8.71,6.96,7.61,0.49,17.31,21.01,19.19,14.21,-3.13,10.88,6.75,4.03,5.94
2025-11-05,4.57,1.32,7.96,5.16,12.93,-0.67,5.82,10.97,2.97,1.87,6.63,22.59,-10.67,1.87,7.96,-1.53,0.38,8.52,4.86,9.69,1.8,24.54,2.35,4.83,6.46,25.86,4.130000000000001,3.17,10.69,12.61,5.9,7.27,7.56,10.35,10.19,20.41,31.99,3.69,16.24,7.56,-8.06,40.05,1.72,3.43,41.72,9.77,1.99,8.71,6.96,7.61,0.49,17.31,21.01,19.19,14.21,-3.13,10.88,6.75,4.03,5.94
2025-11-06,4.57,1.32,7.96,5.16,12.93,-0.67,5.82,10.97,2.97,1.87,6.63,22.59,-10.67,1.87,7.96,-1.53,0.38,8.52,4.86,9.69,1.8,24.54,2.35,4.83,6.46,25.86,4.130000000000001,3.17,10.69,12.61,5.9,7.27,7.56,10.35,10.19,20.41,31.99,3.69,16.24,7.56,-8.06,40.05,1.72,3.43,41.72,9.77,1.99,8.71,6.96,7.61,0.49,17.31,21.01,19.19,14.21,-3.13,10.88,6.75,4.03,5.94
2025-11-07,4.57,1.32,7.96,5.16,12.93,-0.67,5.82,10.97,2.97,1.87,6.63,22.59,-10.67,1.87,7.96,-1.53,0.38,8.52,4.86,9.69,1.8,24.54,2.35,4.83,6.46,25.86,4.130000000000001,3.17,10.69,12.61,5.9,7.27,7.56,10.35,10.19,20.41,31.99,3.69,16.24,7.56,-8.06,40.05,1.72,3.43,41.72,9.77,1.99,8.71,6.96,7.61,0.49,17.31,21.01,19.19,14.21,-3.13,10.88,6.75,4.03,5.94
2025-11-10,4.57,1.32,7.96,5.16,12.93,-0.67,5.82,10.97,2.97,1.87,6.63,22.59,-10.67,1.87,7.96,-1.53,0.38,8.52,4.86,9.69,1.8,24.54,2.35,4.83,6.46,25.86,4.130000000000001,3.17,10.69,12.61,5.9,7.27,7.56,10.35,10.19,20.41,31.99,3.69,16.24,7.56,-8.06,40.05,1.72,3.43,41.72,9.77,1.99,8.71,6.96,7.61,0.49,17.31,21.01,19.19,14.21,-3.13,10.88,6.75,4.03,5.94
2025-11-11,4.57,1.32,7.96,5.16,12.93,-0.67,5.82,10.97,2.97,1.87,6.63,22.59,-10.67,1.87,7.96,-1.53,0.38,8.52,4.86,9.69,1.8,24.54,2.35,4.83,6.46,25.86,4.130000000000001,3.17,10.69,12.61,5.9,7.27,7.56,10.35,10.19,20.41,31.99,3.69,16.24,7.56,-8.06,40.05,1.72,3.43,41.72,9.77,1.99,8.71,6.96,7.61,0.49,17.31,21.01,19.19,14.21,-3.13,10.88,6.75,4.03,5.94
2025-11-12,4.57,1.32,7.96,5.16,12.93,-0.67,5.82,10.97,2.97,1.87,6.63,22.59,-10.67,1.87,7.96,-1.53,0.38,8.52,4.86,9.69,1.8,24.54,2.35,4.83,6.46,25.86,4.130000000000001,3.17,10.69,12.61,5.9,7.27,7.56,10.35,10.19,20.41,31.99,3.69,16.24,7.56,-8.06,40.05,1.72,3.43,41.72,9.77,1.99,8.71,6.96,7.61,0.49,17.31,21.01,19.19,14.21,-3.13,10.88,6.75,4.03,5.94
2025-11-13,4.57,1.32,7.96,5.16,12.93,-0.67,5.82,10.97,2.97,1.87,6.63,22.59,-10.67,1.87,7.96,-1.53,0.38,8.52,4.86,9.69,1.8,24.54,2.35,4.83,6.46,25.86,4.130000000000001,3.17,10.69,12.61,5.9,7.27,7.56,10.35,10.19,20.41,31.99,3.69,16.24,7.56,-8.06,40.05,1.72,3.43,41.72,9.77,1.99,8.71,6.96,7.61,0.49,17.31,21.01,19.19,14.21,-3.13,10.88,6.75,4.03,5.94
2025-11-14,4.57,1.32,7.96,5.16,12.93,-0.67,5.82,10.97,2.97,1.87,6.63,22.59,-10.67,1.87,7.96,-1.53,0.38,8.52,4.86,9.69,1.8,24.54,2.35,4.83,6.46,25.86,4.130000000000001,3.17,10.69,12.61,5.9,7.27,7.56,10.35,10.19,20.41,31.99,3.69,16.24,7.56,-8.06,40.05,1.72,3.43,41.72,9.77,1.99,8.71,6.96,7.61,0.49,17.31,21.01,19.19,14.21,-3.13,10.88,6.75,4.03,5.94
2025-11-17,4.57,1.32,7.96,5.16,12.93,-0.67,5.82,10.97,2.97,1.87,6.63,22.59,-10.67,1.87,7.96,-1.53,0.38,8.52,4.86,9.69,1.8,24.54,2.35,4.83,6.46,25.86,4.130000000000001,3.17,10.69,12.61,5.9,7.27,7.56,10.35,10.19,20.41,31.99,3.69,16.24,7.56,-8.06,40.05,1.72,3.43,41.72,9.77,1.99,8.71,6.96,7.61,0.49,17.31,21.01,19.19,14.21,-3.13,10.88,6.75,4.03,5.94
2025-11-18,4.57,1.32,7.96,5.16,12.93,-0.67,5.82,10.97,2.97,1.87,6.63,22.59,-10.67,1.87,7.96,-1.53,0.38,8.52,4.86,9.69,1.8,24.54,2.35,4.83,6.46,25.86,4.130000000000001,3.17,10.69,12.61,5.9,7.27,7.56,10.35,10.19,20.41,31.99,3.69,16.24,7.56,-8.06,40.05,1.72,3.43,41.72,9.77,1.99,8.71,6.96,7.61,0.49,17.31,21.01,19.19,14.21,-3.13,10.88,6.75,4.03,5.94
2025-11-19,4.57,1.32,7.96,5.16,12.93,-0.67,5.82,10.97,2.97,1.87,6.63,22.59,-10.67,1.87,7.96,-1.53,0.38,8.52,4.86,9.69,1.8,24.54,2.35,4.83,6.46,25.86,4.130000000000001,3.17,10.69,12.61,5.9,7.27,7.56,10.35,10.19,20.41,31.99,3.69,16.24,7.56,-8.06,40.05,1.72,3.43,41.72,9.77,1.99,8.71,6.96,7.61,0.49,17.31,21.01,19.19,14.21,-3.13,10.88,6.75,4.03,5.94
2025-11-20,4.57,1.32,7.96,5.16,12.93,-0.67,5.82,10.97,2.97,1.87,6.63,22.59,-10.67,1.87,7.96,-1.53,0.38,8.52,4.86,9.69,1.8,24.54,2.35,4.83,6.46,25.86,4.130000000000001,3.17,10.69,12.61,5.9,7.27,7.56,10.35,10.19,20.41,31.99,3.69,16.24,7.56,-8.06,40.05,1.72,3.43,41.72,9.77,1.99,8.71,6.96,7.61,0.49,17.31,21.01,19.19,14.21,-3.13,10.88,6.75,4.03,5.94
2025-11-21,4.57,1.32,7.96,5.16,12.93,-0.67,5.82,10.97,2.97,1.87,6.63,22.59,-10.67,1.87,7.96,-1.53,0.38,8.52,4.86,9.69,1.8,24.54,2.35,4.83,6.46,25.86,4.130000000000001,3.17,10.69,12.61,5.9,7.27,7.56,10.35,10.19,20.41,31.99,3.69,16.24,7.56,-8.06,40.05,1.72,3.43,41.72,9.77,1.99,8.71,6.96,7.61,0.49,17.31,21.01,19.19,14.21,-3.13,10.88,6.75,4.03,5.94
2025-11-24,4.57,1.32,7.96,5.16,12.93,-0.67,5.82,10.97,2.97,1.87,6.63,22.59,-10.67,1.87,7.96,-1.53,0.38,8.52,4.86,9.69,1.8,24.54,2.35,4.83,6.46,25.86,4.130000000000001,3.17,10.69,12.61,5.9,7.27,7.56,10.35,10.19,20.41,31.99,3.69,16.24,7.56,-8.06,40.05,1.72,3.43,41.72,9.77,1.99,8.71,6.96,7.61,0.49,17.31,21.01,19.19,14.21,-3.13,10.88,6.75,4.03,5.94
2025-11-25,4.57,1.32,7.96,5.16,12.93,-0.67,5.82,10.97,2.97,1.87,6.63,22.59,-10.67,1.87,7.96,-1.53,0.38,8.52,4.86,9.69,1.8,24.54,2.35,4.83,6.46,25.86,4.130000000000001,3.17,10.69,12.61,5.9,7.27,7.56,10.35,10.19,20.41,31.99,3.69,16.24,7.56,-8.06,40.05,1.72,3.43,41.72,9.77,1.99,8.71,6.96,7.61,0.49,17.31,21.01,19.19,14.21,-3.13,10.88,6.75,4.03,5.94
2025-11-26,4.57,1.32,7.96,5.16,12.93,-0.67,5.82,10.97,2.97,1.87,6.63,22.59,-10.67,1.87,7.96,-1.53,0.38,8.52,4.86,9.69,1.8,24.54,2.35,4.83,6.46,25.86,4.130000000000001,3.17,10.69,12.61,5.9,7.27,7.56,10.35,10.19,20.41,31.99,3.69,16.24,7.56,-8.06,40.05,1.72,3.43,41.72,9.77,1.99,8.71,6.96,7.61,0.49,17.31,21.01,19.19,14.21,-3.13,10.88,6.75,4.03,5.94
2025-11-28,4.57,1.32,7.96,5.16,12.93,-0.67,5.82,10.97,2.97,1.87,6.63,22.59,-10.67,1.87,7.96,-1.53,0.38,8.52,4.86,9.69,1.8,24.54,2.35,4.83,6.46,25.86,4.130000000000001,3.17,10.69,12.61,5.9,7.27,7.56,10.35,10.19,20.41,31.99,3.69,16.24,7.56,-8.06,40.05,1.72,3.43,41.72,9.77,1.99,8.71,6.96,7.61,0.49,17.31,21.01,19.19,14.21,-3.13,10.88,6.75,4.03,5.94
2025-12-01,4.57,1.32,7.96,5.16,12.93,-0.67,5.82,10.97,2.97,1.87,6.63,22.59,-10.67,1.87,7.96,-1.53,0.38,8.52,4.86,9.69,1.8,24.54,2.35,4.83,6.46,25.86,4.130000000000001,3.17,10.69,12.61,5.9,7.27,7.56,10.35,10.19,20.41,31.99,3.69,16.24,7.56,-8.06,40.05,1.72,3.43,41.72,9.77,1.99,8.71,6.96,7.61,0.49,17.31,21.01,19.19,14.21,-3.13,10.88,6.75,4.03,5.94
2025-12-02,4.57,1.32,7.96,5.16,12.93,-0.67,5.82,10.97,2.97,1.87,6.63,22.59,-10.67,1.87,7.96,-1.53,0.38,8.52,4.86,9.69,1.8,24.54,2.35,4.83,6.46,25.86,4.130000000000001,3.17,10.69,12.61,5.9,7.27,7.56,10.35,10.19,20.41,31.99,3.69,16.24,7.56,-8.06,40.05,1.72,3.43,41.72,9.77,1.99,8.71,6.96,7.61,0.49,17.31,21.01,19.19,14.21,-3.13,10.88,6.75,4.03,5.94
2025-12-03,4.57,1.32,7.96,5.16,12.93,-0.67,5.82,10.97,2.97,1.87,6.63,22.59,-10.67,1.87,7.96,-1.53,0.38,8.52,4.86,9.69,1.8,24.54,2.35,4.83,6.46,25.86,4.130000000000001,3.17,10.69,12.61,5.9,7.27,7.56,10.35,10.19,20.41,31.99,3.69,16.24,7.56,-8.06,40.05,1.72,3.43,41.72,9.77,1.99,8.71,6.96,7.61,0.49,17.31,21.01,19.19,14.21,-3.13,10.88,6.75,4.03,5.94
2025-12-04,4.57,1.32,7.96,5.16,12.93,-0.67,5.82,10.97,2.97,1.87,6.63,22.59,-10.67,1.87,7.96,-1.53,0.38,8.52,4.86,9.69,1.8,24.54,2.35,4.83,6.46,25.86,4.130000000000001,3.17,10.69,12.61,5.9,7.27,7.56,10.35,10.19,20.41,31.99,3.69,16.24,7.56,-8.06,40.05,1.72,3.43,41.72,9.77,1.99,8.71,6.96,7.61,0.49,17.31,21.01,19.19,14.21,-3.13,10.88,6.75,4.03,5.94
2025-12-05,4.57,1.32,7.96,5.16,12.93,-0.67,5.82,10.97,2.97,1.87,6.63,22.59,-10.67,1.87,7.96,-1.53,0.38,8.52,4.86,9.69,1.8,24.54,2.35,4.83,6.46,25.86,4.130000000000001,3.17,10.69,12.61,5.9,7.27,7.56,10.35,10.19,20.41,31.99,3.69,16.24,7.56,-8.06,40.05,1.72,3.43,41.72,9.77,1.99,8.71,6.96,7.61,0.49,17.31,21.01,19.19,14.21,-3.13,10.88,6.75,4.03,5.94
2025-12-08,4.57,1.32,7.96,5.16,12.93,-0.67,5.82,10.97,2.97,1.87,6.63,22.59,-10.67,1.87,7.96,-1.53,0.38,8.52,4.86,9.69,1.8,24.54,2.35,4.83,6.46,25.86,4.130000000000001,3.17,10.69,12.61,5.9,7.27,7.56,10.35,10.19,20.41,31.99,3.69,16.24,7.56,-8.06,40.05,1.72,3.43,41.72,9.77,1.99,8.71,6.96,7.61,0.49,17.31,21.01,19.19,14.21,-3.13,10.88,6.75,4.03,5.94
2025-12-09,4.57,1.32,7.96,5.16,12.93,-0.67,5.82,10.97,2.97,1.87,6.63,22.59,-10.67,1.87,7.96,-1.53,0.38,8.52,4.86,9.69,1.8,24.54,2.35,4.83,6.46,25.86,4.130000000000001,3.17,10.69,12.61,5.9,7.27,7.56,10.35,10.19,20.41,31.99,3.69,16.24,7.56,-8.06,40.05,1.72,3.43,41.72,9.77,1.99,8.71,6.96,7.61,0.49,17.31,21.01,19.19,14.21,-3.13,10.88,6.75,4.03,5.94
2025-12-10,4.57,1.32,7.96,5.16,12.93,-0.67,5.82,10.97,2.97,1.87,6.63,22.59,-10.67,1.87,7.96,-1.53,0.38,8.52,4.86,9.69,1.8,24.54,2.35,4.83,6.46,25.86,4.130000000000001,3.17,10.69,12.61,5.9,7.27,7.56,10.35,10.19,20.41,31.99,3.69,16.24,7.56,-8.06,40.05,1.72,3.43,41.72,9.77,1.99,8.71,6.96,7.61,0.49,17.31,21.01,19.19,14.21,-3.13,10.88,6.75,4.03,5.94
2025-12-11,4.57,1.32,7.96,5.16,12.93,-0.67,5.82,10.97,2.97,1.87,6.63,22.59,-10.67,1.87,7.96,-1.53,0.38,8.52,4.86,9.69,1.8,24.54,2.35,4.83,6.46,25.86,4.130000000000001,3.17,10.69,12.61,5.9,7.27,7.56,10.35,10.19,20.41,31.99,3.69,16.24,7.56,-8.06,40.05,1.72,3.43,41.72,9.77,1.99,8.71,6.96,7.61,0.49,17.31,21.01,19.19,14.21,-3.13,10.88,6.75,4.03,5.94
2025-12-12,4.57,1.32,7.96,5.16,12.93,-0.67,5.82,10.97,2.97,1.87,6.63,22.59,-10.67,1.87,7.96,-1.53,0.38,8.52,4.86,9.69,1.8,24.54,2.35,4.83,6.46,25.86,4.130000000000001,3.17,10.69,12.61,5.9,7.27,7.56,10.35,10.19,20.41,31.99,3.69,16.24,7.56,-8.06,40.05,1.72,3.43,41.72,9.77,1.99,8.71,6.96,7.61,0.49,17.31,21.01,19.19,14.21,-3.13,10.88,6.75,4.03,5.94
2025-12-15,4.57,1.32,7.96,5.16,12.93,-0.67,5.82,10.97,2.97,1.87,6.63,22.59,-10.67,1.87,7.96,-1.53,0.38,8.52,4.86,9.69,1.8,24.54,2.35,4.83,6.46,25.86,4.130000000000001,3.17,10.69,12.61,5.9,7.27,7.56,10.35,10.19,20.41,31.99,3.69,16.24,7.56,-8.06,40.05,1.72,3.43,41.72,9.77,1.99,8.71,6.96,7.61,0.49,17.31,21.01,19.19,14.21,-3.13,10.88,6.75,4.03,5.94
2025-12-16,4.57,1.32,7.96,5.16,12.93,-0.67,5.82,10.97,2.97,1.87,6.63,22.59,-10.67,1.87,7.96,-1.53,0.38,8.52,4.86,9.69,1.8,24.54,2.35,4.83,6.46,25.86,4.130000000000001,3.17,10.69,12.61,5.9,7.27,7.56,10.35,10.19,20.41,31.99,3.69,16.24,7.56,-8.06,40.05,1.72,3.43,41.72,9.77,1.99,8.71,6.96,7.61,0.49,17.31,21.01,19.19,14.21,-3.13,10.88,6.75,4.03,5.94
2025-12-17,4.57,1.32,7.96,5.16,12.93,-0.67,5.82,10.97,2.97,1.87,6.63,22.59,-10.67,1.87,7.96,-1.53,0.38,8.52,4.86,9.69,1.8,24.54,2.35,4.83,6.46,25.86,4.130000000000001,3.17,10.69,12.61,5.9,7.27,7.56,10.35,10.19,20.41,31.99,3.69,16.24,7.56,-8.06,40.05,1.72,3.43,41.72,9.77,1.99,8.71,6.96,7.61,0.49,17.31,21.01,19.19,14.21,-3.13,10.88,6.75,4.03,5.94
2025-12-18,4.57,1.32,7.96,5.16,12.93,-0.67,5.82,10.97,2.97,1.87,6.63,22.59,-10.67,1.87,7.96,-1.53,0.38,8.52,4.86,9.69,1.8,24.54,2.35,4.83,6.46,25.86,4.130000000000001,3.17,10.69,12.61,5.9,7.27,7.56,10.35,10.19,20.41,31.99,3.69,16.24,7.56,-8.06,40.05,1.72,3.43,41.72,9.77,1.99,8.71,6.96,7.61,0.49,17.31,21.01,19.19,14.21,-3.13,10.88,6.75,4.03,5.94
2025-12-19,4.57,1.32,7.96,5.16,12.93,-0.67,5.82,10.97,2.97,1.87,6.63,22.59,-10.67,1.87,7.96,-1.53,0.38,8.52,4.86,9.69,1.8,24.54,2.35,4.83,6.46,25.86,4.130000000000001,3.17,10.69,12.61,5.9,7.27,7.56,10.35,10.19,20.41,31.99,3.69,16.24,7.56,-8.06,40.05,1.72,3.43,41.72,9.77,1.99,8.71,6.96,7.61,0.49,17.31,21.01,19.19,14.21,-3.13,10.88,6.75,4.03,5.94
2025-12-22,4.57,1.32,7.96,5.16,12.93,-0.67,5.82,10.97,2.97,1.87,6.63,22.59,-10.67,1.87,7.96,-1.53,0.38,8.52,4.86,9.69,1.8,24.54,2.35,4.83,6.46,25.86,4.130000000000001,3.17,10.69,12.61,5.9,7.27,7.56,10.35,10.19,20.41,31.99,3.69,16.24,7.56,-8.06,40.05,1.72,3.43,41.72,9.77,1.99,8.71,6.96,7.61,0.49,17.31,21.01,19.19,14.21,-3.13,10.88,6.75,4.03,5.94
2025-12-23,4.57,1.32,7.96,5.16,12.93,-0.67,5.82,10.97,2.97,1.87,6.63,22.59,-10.67,1.87,7.96,-1.53,0.38,8.52,4.86,9.69,1.8,24.54,2.35,4.83,6.46,25.86,4.130000000000001,3.17,10.69,12.61,5.9,7.27,7.56,10.35,10.19,20.41,31.99,3.69,16.24,7.56,-8.06,40.05,1.72,3.43,41.72,9.77,1.99,8.71,6.96,7.61,0.49,17.31,21.01,19.19,14.21,-3.13,10.88,6.75,4.03,5.94
2025-12-24,4.57,1.32,7.96,5.16,12.93,-0.67,5.82,10.97,2.97,1.87,6.63,22.59,-10.67,1.87,7.96,-1.53,0.38,8.52,4.86,9.69,1.8,24.54,2.35,4.83,6.46,25.86,4.130000000000001,3.17,10.69,12.61,5.9,7.27,7.56,10.35,10.19,20.41,31.99,3.69,16.24,7.56,-8.06,40.05,1.72,3.43,41.72,9.77,1.99,8.71,6.96,7.61,0.49,17.31,21.01,19.19,14.21,-3.13,10.88,6.75,4.03,5.94
2025-12-26,4.57,1.32,7.96,5.16,12.93,-0.67,5.82,10.97,2.97,1.87,6.63,22.59,-10.67,1.87,7.96,-1.53,0.38,8.52,4.86,9.69,1.8,24.54,2.35,4.83,6.46,25.86,4.130000000000001,3.17,10.69,12.61,5.9,7.27,7.56,10.35,10.19,20.41,31.99,3.69,16.24,7.56,-8.06,40.05,1.72,3.43,41.72,9.77,1.99,8.71,6.96,7.61,0.49,17.31,21.01,19.19,14.21,-3.13,10.88,6.75,4.03,5.94
2025-12-29,4.57,1.32,7.96,5.16,12.93,-0.67,5.82,10.97,2.97,1.87,6.63,22.59,-10.67,1.87,7.96,-1.53,0.38,8.52,4.86,9.69,1.8,24.54,2.35,4.83,6.46,25.86,4.130000000000001,3.17,10.69,12.61,5.9,7.27,7.56,10.35,10.19,20.41,31.99,3.69,16.24,7.56,-8.06,40.05,1.72,3.43,41.72,9.77,1.99,8.71,6.96,7.61,0.49,17.31,21.01,19.19,14.21,-3.13,10.88,6.75,4.03,5.94
2025-12-30,4.57,1.32,7.96,5.16,12.93,-0.67,5.82,10.97,2.97,1.87,6.63,22.59,-10.67,1.87,7.96,-1.53,0.38,8.52,4.86,9.69,1.8,24.54,2.35,4.83,6.46,25.86,4.130000000000001,3.17,10.69,12.61,5.9,7.27,7.56,10.35,10.19,20.41,31.99,3.69,16.24,7.56,-8.06,40.05,1.72,3.43,41.72,9.77,1.99,8.71,6.96,7.61,0.49,17.31,21.01,19.19,14.21,-3.13,10.88,6.75,4.03,5.94
2025-12-31,4.57,2.37,3.72,5.65,14.23,-1.87,6.12,8.79,3.46,1.94,6.95,22.18,-13.53,1.87,8.33,-2.91,1.39,8.75,5.05,9.84,2.09,25.21,1.83,4.55,6.78,28.33,4.130000000000001,3.27,9.84,13.08,6.41,7.84,7.87,11.03,10.46,22.95,34.65,3.69,8.92,7.28,-7.26,42.05,1.36,3.48,41.48,10.11,2.07,8.88,7.16,8.4,0.53,17.74,23.1,13.23,15.32,-3.0,10.76,6.79,3.55,6.02
2026-01-02,4.57,2.37,3.72,5.65,14.23,-1.87,6.12,8.79,3.46,1.94,6.95,22.18,-13.53,1.87,8.33,-2.91,1.39,8.75,5.05,9.84,2.09,25.21,1.83,4.55,6.78,28.33,4.130000000000001,3.27,9.84,13.08,6.41,7.84,7.87,11.03,10.46,22.95,34.65,3.69,8.92,7.28,-7.26,42.05,1.36,3.48,41.48,10.11,2.07,8.88,7.16,8.4,0.53,17.74,23.1,13.23,15.32,-3.0,10.76,6.79,3.55,6.02
2026-01-05,4.57,2.37,3.72,5.65,14.23,-1.87,6.12,8.79,3.46,1.94,6.95,22.18,-13.53,1.87,8.33,-2.91,1.39,8.75,5.05,9.84,2.09,25.21,1.83,4.55,6.78,28.33,4.130000000000001,3.27,9.84,13.08,6.41,7.84,7.87,11.03,10.46,22.95,34.65,3.69,8.92,7.28,-7.26,42.05,1.36,3.48,41.48,10.11,2.07,8.88,7.16,8.4,0.53,17.74,23.1,13.23,15.32,-3.0,10.76,6.79,3.55,6.02
2026-01-06,4.57,2.37,3.72,5.65,14.23,-1.87,6.12,8.79,3.46,1.94,6.95,22.18,-13.53,1.87,8.33,-2.91,1.39,8.75,5.05,9.84,2.09,25.21,1.83,4.55,6.78,28.33,4.130000000000001,3.27,9.84,13.08,6.41,7.84,7.87,11.03,10.46,22.95,34.65,3.69,8.92,7.28,-7.26,42.05,1.36,3.48,41.48,10.11,2.07,8.88,7.16,8.4,0.53,17.74,23.1,13.23,15.32,-3.0,10.76,6.79,3.55,6.02
2026-01-07,4.57,2.37,3.72,5.65,14.23,-1.87,6.12,8.79,3.46,1.94,6.95,22.18,-13.53,1.87,8.33,-2.91,1.39,8.75,5.05,9.84,2.09,25.21,1.83,4.55,6.78,28.33,4.130000000000001,3.27,9.84,13.08,6.41,7.84,7.87,11.03,10.46,22.95,34.65,3.69,8.92,7.28,-7.26,42.05,1.36,3.48,41.48,10.11,2.07,8.88,7.16,8.4,0.53,17.74,23.1,13.23,15.32,-3.0,10.76,6.79,3.55,6.02
2026-01-08,4.57,2.37,3.72,5.65,14.23,-1.87,6.12,8.79,3.46,1.94,6.95,22.18,-13.53,1.87,8.33,-2.91,1.39,8.75,5.05,9.84,2.09,25.21,1.83,4.55,6.78,28.33,4.130000000000001,3.27,9.84,13.08,6.41,7.84,7.87,11.03,10.46,22.95,34.65,3.69,8.92,7.28,-7.26,42.05,1.36,3.48,41.48,10.11,2.07,8.88,7.16,8.4,0.53,17.74,23.1,13.23,15.32,-3.0,10.76,6.79,3.55,6.02
2026-01-09,4.57,2.37,3.72,5.65,14.23,-1.87,6.12,8.79,3.46,1.94,6.95,22.18,-13.53,1.87,8.33,-2.91,1.39,8.75,5.05,9.84,2.09,25.21,1.83,4.55,6.78,28.33,4.130000000000001,3.27,9.84,13.08,6.41,7.84,7.87,11.03,10.46,22.95,34.65,3.69,8.92,7.28,-7.26,42.05,1.36,3.48,41.48,10.11,2.07,8.88,7.16,8.4,0.53,17.74,23.1,13.23,15.32,-3.0,10.76,6.79,3.55,6.02
2026-01-12,4.57,2.37,3.72,5.65,14.23,-1.87,6.12,8.79,3.46,1.94,6.95,22.18,-13.53,1.87,8.33,-2.91,1.39,8.75,5.05,9.84,2.09,25.21,1.83,4.55,6.78,28.33,4.130000000000001,3.27,9.84,13.08,6.41,7.84,7.87,11.03,10.46,22.95,34.65,3.69,8.92,7.28,-7.26,42.05,1.36,3.48,41.48,10.11,2.07,8.88,7.16,8.4,0.53,17.74,23.1,13.23,15.32,-3.0,10.76,6.79,3.55,6.02
2026-01-13,4.57,2.37,3.72,5.65,14.23,-1.87,6.12,8.79,3.46,1.94,6.95,22.18,-13.53,1.87,8.33,-2.91,1.39,8.75,5.05,9.84,2.09,25.21,1.83,4.55,6.78,28.33,4.130000000000001,3.27,9.84,13.08,6.41,7.84,7.87,11.03,10.46,22.95,34.65,3.69,8.92,7.28,-7.26,42.05,1.36,3.48,41.48,10.11,2.07,8.88,7.16,8.4,0.53,17.74,23.1,13.23,15.32,-3.0,10.76,6.79,3.55,6.02
2026-01-14,4.57,2.37,3.72,5.65,14.23,-1.87,6.12,8.79,3.46,1.94,6.95,22.18,-13.53,1.87,8.33,-2.91,1.39,8.75,5.05,9.84,2.09,25.21,1.83,4.55,6.78,28.33,4.130000000000001,3.27,9.84,13.08,6.41,7.84,7.87,11.03,10.46,22.95,34.65,3.69,8.92,7.28,-7.26,42.05,1.36,3.48,41.48,10.11,2.07,8.88,7.16,8.4,0.53,17.74,23.1,13.23,15.32,-3.0,10.76,6.79,3.55,6.02
2026-01-15,4.57,2.37,3.72,5.65,14.23,-1.87,6.12,8.79,3.46,1.94,6.95,22.18,-13.53,1.87,8.33,-2.91,1.39,8.75,5.05,9.84,2.09,25.21,1.83,4.55,6.78,28.33,4.130000000000001,3.27,9.84,13.08,6.41,7.84,7.87,11.03,10.46,22.95,34.65,3.69,8.92,7.28,-7.26,42.05,1.36,3.48,41.48,10.11,2.07,8.88,7.16,8.4,0.53,17.74,23.1,13.23,15.32,-3.0,10.76,6.79,3.55,6.02
2026-01-16,4.57,2.37,3.72,5.65,14.23,-1.87,6.12,8.79,3.46,1.94,6.95,22.18,-13.53,1.87,8.33,-2.91,1.39,8.75,5.05,9.84,2.09,25.21,1.83,4.55,6.78,28.33,4.130000000000001,3.27,9.84,13.08,6.41,7.84,7.87,11.03,10.46,22.95,34.65,3.69,8.92,7.28,-7.26,42.05,1.36,3.48,41.48,10.11,2.07,8.88,7.16,8.4,0.53,17.74,23.1,13.23,15.32,-3.0,10.76,6.79,3.55,6.02
2026-01-20,4.57,2.37,3.72,5.65,14.23,-1.87,6.12,8.79,3.46,1.94,6.95,22.18,-13.53,1.87,8.33,-2.91,1.39,8.75,5.05,9.84,2.09,25.21,1.83,4.55,6.78,28.33,4.130000000000001,3.27,9.84,13.08,6.41,7.84,7.87,11.03,10.46,22.95,34.65,3.69,8.92,7.28,-7.26,42.05,1.36,3.48,41.48,10.11,2.07,8.88,7.16,8.4,0.53,17.74,23.1,13.23,15.32,-3.0,10.76,6.79,3.55,6.02
2026-01-21,4.57,2.37,3.72,5.65,14.23,-1.87,6.12,8.79,3.46,1.94,6.95,22.18,-13.53,1.87,8.33,-2.91,1.39,8.75,5.05,9.84,2.09,25.21,1.83,4.55,6.78,28.33,4.130000000000001,3.27,9.84,13.08,6.41,7.84,7.87,11.03,10.46,22.95,34.65,3.69,8.92,7.28,-7.26,42.05,1.36,3.48,41.48,10.11,2.07,8.88,7.16,8.4,0.53,17.74,23.1,13.23,15.32,-3.0,10.76,6.79,3.55,6.02
2026-01-22,4.57,2.37,3.72,5.65,14.23,-1.87,6.12,8.79,3.46,1.94,6.95,22.18,-13.53,1.87,8.33,-2.91,1.39,8.75,5.05,9.84,2.09,25.21,1.83,4.55,6.78,28.33,4.130000000000001,3.27,9.84,13.08,6.41,7.84,7.87,11.03,10.46,22.95,34.65,3.69,8.92,7.28,-7.26,42.05,1.36,3.48,41.48,10.11,2.07,8.88,7.16,8.4,0.53,17.74,23.1,13.23,15.32,-3.0,10.76,6.79,3.55,6.02
2026-01-23,4.57,2.37,3.72,5.65,14.23,-1.87,6.12,8.79,3.46,1.94,6.95,22.18,-13.53,1.87,8.33,-2.91,1.39,8.75,5.05,9.84,2.09,25.21,1.83,4.55,6.78,28.33,4.130000000000001,3.27,9.84,13.08,6.41,7.84,7.87,11.03,10.46,22.95,34.65,3.69,8.92,7.28,-7.26,42.05,1.36,3.48,41.48,10.11,2.07,8.88,7.16,8.4,0.53,17.74,23.1,13.23,15.32,-3.0,10.76,6.79,3.55,6.02
2026-01-26,4.57,2.37,3.72,5.65,14.23,-1.87,6.12,8.79,3.46,1.94,6.95,22.18,-13.53,1.87,8.33,-2.91,1.39,8.75,5.05,9.84,2.09,25.21,1.83,4.55,6.78,28.33,4.130000000000001,3.27,9.84,13.08,6.41,7.84,7.87,11.03,10.46,22.95,34.65,3.69,8.92,7.28,-7.26,42.05,1.36,3.48,41.48,10.11,2.07,8.88,7.16,8.4,0.53,17.74,23.1,13.23,15.32,-3.0,10.76,6.79,3.55,6.02
2026-01-27,4.57,2.37,3.72,5.65,14.23,-1.87,6.12,8.79,3.46,1.94,6.95,22.18,-13.53,1.87,8.33,-2.91,1.39,8.75,5.05,9.84,2.09,25.21,1.83,4.55,6.78,28.33,4.130000000000001,3.27,9.84,13.08,6.41,7.84,7.87,11.03,10.46,22.95,34.65,3.69,8.92,7.28,-7.26,42.05,1.36,3.48,41.48,10.11,2.07,8.88,7.16,8.4,0.53,17.74,23.1,13.23,15.32,-3.0,10.76,6.79,3.55,6.02
2026-01-28,4.57,2.37,3.72,5.65,14.23,-1.87,6.12,8.79,3.46,1.94,6.95,22.18,-13.53,1.87,8.33,-2.91,1.39,8.75,5.05,9.84,2.09,25.21,1.83,4.55,6.78,28.33,4.130000000000001,3.27,9.84,13.08,6.41,7.84,7.87,11.03,10.46,22.95,34.65,3.69,8.92,7.28,-7.26,42.05,1.36,3.48,41.48,10.11,2.07,8.88,7.16,8.4,0.53,17.74,23.1,13.23,15.32,-3.0,10.76,6.79,3.55,6.02
2026-01-29,4.57,2.37,3.72,5.65,14.23,-1.87,6.12,8.79,3.46,1.94,6.95,22.18,-13.53,1.87,8.33,-2.91,1.39,8.75,5.05,9.84,2.09,25.21,1.83,4.55,6.78,28.33,4.130000000000001,3.27,9.84,13.08,6.41,7.84,7.87,11.03,10.46,22.95,34.65,3.69,8.92,7.28,-7.26,42.05,1.36,3.48,41.48,10.11,2.07,8.88,7.16,8.4,0.53,17.74,23.1,13.23,15.32,-3.0,10.76,6.79,3.55,6.02
2026-01-30,4.57,2.37,3.72,5.65,14.23,-1.87,6.12,8.79,3.46,1.94,6.95,22.18,-13.53,1.87,8.33,-2.91,1.39,8.75,5.05,9.84,2.09,25.21,1.83,4.55,6.78,28.33,4.130000000000001,3.27,9.84,13.08,6.41,7.84,7.87,11.03,10.46,22.95,34.65,3.69,8.92,7.28,-7.26,42.05,1.36,3.48,41.48,10.11,2.07,8.88,7.16,8.4,0.53,17.74,23.1,13.23,15.32,-3.0,10.76,6.79,3.55,6.02
2026-02-02,4.53,2.37,3.72,5.65,14.23,-1.87,6.12,8.79,3.46,1.94,6.95,22.18,-13.53,2.01,8.33,-2.91,1.39,8.75,5.05,9.84,2.09,25.21,1.83,4.55,6.78,28.33,4.130000000000001,3.27,9.84,13.08,6.41,7.84,7.87,11.03,10.46,22.95,34.65,3.58,8.92,7.28,-7.26,42.05,1.36,3.48,41.48,10.11,2.07,8.88,7.16,8.4,0.53,17.74,23.1,13.23,15.32,-3.0,10.76,6.79,3.55,6.02
2026-02-03,4.53,2.37,3.72,5.65,14.23,-1.87,6.12,8.79,3.46,1.94,6.95,22.18,-13.53,2.01,8.33,-2.91,1.39,8.75,5.05,9.84,2.09,25.21,1.83,4.55,6.78,28.33,4.130000000000001,3.27,9.84,13.08,6.41,7.84,7.87,11.03,10.46,22.95,34.65,3.58,8.92,7.28,-7.26,42.05,1.36,3.48,41.48,10.11,2.07,8.88,7.16,8.4,0.53,17.74,23.1,13.23,15.32,-3.0,10.76,6.79,3.55,6.02
2026-02-04,4.53,2.37,3.72,5.65,14.23,-1.87,6.12,8.79,3.46,1.94,6.95,22.18,-13.53,2.01,8.33,-2.91,1.39,8.75,5.05,9.84,2.09,25.21,1.83,4.55,6.78,28.33,4.130000000000001,3.27,9.84,13.08,6.41,7.84,7.87,11.03,10.46,22.95,34.65,3.58,8.92,7.28,-7.26,42.05,1.36,3.48,41.48,10.11,2.07,8.88,7.16,8.4,0.53,17.74,23.1,13.23,15.32,-3.0,10.76,6.79,3.55,6.02
2026-02-05,4.53,2.37,3.72,5.65,14.23,-1.87,6.12,8.79,3.46,1.94,6.95,22.18,-13.53,2.01,8.33,-2.91,1.39,8.75,5.05,9.84,2.09,25.21,1.83,4.55,6.78,28.33,4.130000000000001,3.27,9.84,13.08,6.41,7.84,7.87,11.03,10.46,22.95,34.65,3.58,8.92,7.28,-7.26,42.05,1.36,3.48,41.48,10.11,2.07,8.88,7.16,8.4,0.53,17.74,23.1,13.23,15.32,-3.0,10.76,6.79,3.55,6.02
2026-02-06,4.53,2.37,3.72,5.65,14.23,-1.87,6.12,8.79,3.46,1.94,6.95,22.18,-13.53,2.01,8.33,-2.91,1.39,8.75,5.05,9.84,2.09,25.21,1.83,4.55,6.78,28.33,4.130000000000001,3.27,9.84,13.08,6.41,7.84,7.87,11.03,10.46,22.95,34.65,3.58,8.92,7.28,-7.26,42.05,1.36,3.48,41.48,10.11,2.07,8.88,7.16,8.4,0.53,17.74,23.1,13.23,15.32,-3.0,10.76,6.79,3.55,6.02
2026-02-09,4.53,2.37,3.72,5.65,14.23,-1.87,6.12,8.79,3.46,1.94,6.95,22.18,-13.53,2.01,8.33,-2.91,1.39,8.75,5.05,9.84,2.09,25.21,1.83,4.55,6.78,28.33,4.130000000000001,3.27,9.84,13.08,6.41,7.84,7.87,11.03,10.46,22.95,34.65,3.58,8.92,7.28,-7.26,42.05,1.36,3.48,41.48,10.11,2.07,8.88,7.16,8.4,0.53,17.74,23.1,13.23,15.32,-3.0,10.76,6.79,3.55,6.02
2026-02-10,4.53,2.37,3.72,5.65,14.23,-1.87,6.12,8.79,3.46,1.94,6.95,22.18,-13.53,2.01,8.33,-2.91,1.39,8.75,5.05,9.84,2.09,25.21,1.83,4.55,6.78,28.33,4.130000000000001,3.27,9.84,13.08,6.41,7.84,7.87,11.03,10.46,22.95,34.65,3.58,8.92,7.28,-7.26,42.05,1.36,3.48,41.48,10.11,2.07,8.88,7.16,8.4,0.53,17.74,23.1,13.23,15.32,-3.0,10.76,6.79,3.55,6.02
2026-02-11,4.53,2.37,3.72,5.65,14.23,-1.87,6.12,8.79,3.46,1.94,6.95,22.18,-13.53,2.01,8.33,-2.91,1.39,8.75,5.05,9.84,2.09,25.21,1.83,4.55,6.78,28.33,4.130000000000001,3.27,9.84,13.08,6.41,7.84,7.87,11.03,10.46,22.95,34.65,3.58,8.92,7.28,-7.26,42.05,1.36,3.48,41.48,10.11,2.07,8.88,7.16,8.4,0.53,17.74,23.1,13.23,15.32,-3.0,10.76,6.79,3.55,6.02
2026-02-12,4.53,2.37,3.72,5.65,14.23,-1.87,6.12,8.79,3.46,1.94,6.95,22.18,-13.53,2.01,8.33,-2.91,1.39,8.75,5.05,9.84,2.09,25.21,1.83,4.55,6.78,28.33,4.130000000000001,3.27,9.84,13.08,6.41,7.84,7.87,11.03,10.46,22.95,34.65,3.58,8.92,7.28,-7.26,42.05,1.36,3.48,41.48,10.11,2.07,8.88,7.16,8.4,0.53,17.74,23.1,13.23,15.32,-3.0,10.76,6.79,3.55,6.02
2026-02-13,4.53,2.37,3.72,5.65,14.23,-1.87,6.12,8.79,3.46,1.94,6.95,22.18,-13.53,2.01,8.33,-2.91,1.39,8.75,5.05,9.84,2.09,25.21,1.83,4.55,6.78,28.33,4.130000000000001,3.27,9.84,13.08,6.41,7.84,7.87,11.03,10.46,22.95,34.65,3.58,8.92,7.28,-7.26,42.05,1.36,3.48,41.48,10.11,2.07,8.88,7.16,8.4,0.53,17.74,23.1,13.23,15.32,-3.0,10.76,6.79,3.55,6.02
2026-02-17,4.53,2.37,3.72,5.65,14.23,-1.87,6.12,8.79,3.46,1.94,6.95,22.18,-13.53,2.01,8.33,-2.91,1.39,8.75,5.05,9.84,2.09,25.21,1.83,4.55,6.78,28.33,4.130000000000001,3.27,9.84,13.08,6.41,7.84,7.87,11.03,10.46,22.95,34.65,3.58,8.92,7.28,-7.26,42.05,1.36,3.48,41.48,10.11,2.07,8.88,7.16,8.4,0.53,17.74,23.1,13.23,15.32,-3.0,10.76,6.79,3.55,6.02
2026-02-18,4.53,2.37,3.72,5.65,14.23,-1.87,6.12,8.79,3.46,1.94,6.95,22.18,-13.53,2.01,8.33,-2.91,1.39,8.75,5.05,9.84,2.09,25.21,1.83,4.55,6.78,28.33,4.130000000000001,3.27,9.84,13.08,6.41,7.84,7.87,11.03,10.46,22.95,34.65,3.58,8.92,7.28,-7.26,42.05,1.36,3.48,41.48,10.11,2.07,8.88,7.16,8.4,0.53,17.74,23.1,13.23,15.32,-3.0,10.76,6.79,3.55,6.02
2026-02-19,4.53,2.37,3.72,5.65,14.23,-1.87,6.12,8.79,3.46,1.94,6.95,22.18,-13.53,2.01,8.33,-2.91,1.39,8.75,5.05,9.84,2.09,25.21,1.83,4.55,6.78,28.33,4.130000000000001,3.27,9.84,13.08,6.41,7.84,7.87,11.03,10.46,22.95,34.65,3.58,8.92,7.28,-7.26,42.05,1.36,3.48,41.48,10.11,2.07,8.88,7.16,8.4,0.53,17.74,23.1,13.23,15.32,-3.0,10.76,6.79,3.55,6.02
2026-02-20,4.53,2.37,3.72,5.65,14.23,-1.87,6.12,8.79,3.46,1.94,6.95,22.18,-13.53,2.01,8.33,-2.91,1.39,8.75,5.05,9.84,2.09,25.21,1.83,4.55,6.78,28.33,4.130000000000001,3.27,9.84,13.08,6.41,7.84,7.87,11.03,10.46,22.95,34.65,3.58,8.92,7.28,-7.26,42.05,1.36,3.48,41.48,10.11,2.07,8.88,7.16,8.4,0.53,17.74,23.1,13.23,15.32,-3.0,10.76,6.79,3.55,6.02
2026-02-23,4.53,2.37,3.72,5.65,14.23,-1.87,6.12,8.79,3.46,1.94,6.95,22.18,-13.53,2.01,8.33,-2.91,1.39,8.75,5.05,9.84,2.09,25.21,1.83,4.55,6.78,28.33,4.130000000000001,3.27,9.84,13.08,6.41,7.84,7.87,11.03,10.46,22.95,34.65,3.58,8.92,7.28,-7.26,42.05,1.36,3.48,41.48,10.11,2.07,8.88,7.16,8.4,0.53,17.74,23.1,13.23,15.32,-3.0,10.76,6.79,3.55,6.02
2026-02-24,4.53,2.37,3.72,5.65,14.23,-1.87,6.12,8.79,3.46,1.94,6.95,22.18,-13.53,2.01,8.33,-2.91,1.39,8.75,5.05,9.84,2.09,25.21,1.83,4.55,6.78,28.33,4.130000000000001,3.27,9.84,13.08,6.41,7.84,7.87,11.03,10.46,22.95,34.65,3.58,8.92,7.28,-7.26,42.05,1.36,3.48,41.48,10.11,2.07,8.88,7.16,8.4,0.53,17.74,23.1,13.23,15.32,-3.0,10.76,6.79,3.55,6.02
2026-02-25,4.53,2.37,3.72,5.65,14.23,-1.87,6.12,8.79,3.46,1.94,6.95,22.18,-13.53,2.01,8.33,-2.91,1.39,8.75,5.05,9.84,2.09,25.21,1.83,4.55,6.78,28.33,4.130000000000001,3.27,9.84,13.08,6.41,7.84,7.87,11.03,10.46,22.95,34.65,3.58,8.92,7.28,-7.26,42.05,1.36,3.48,41.48,10.11,2.07,8.88,7.16,8.4,0.53,17.74,23.1,13.23,15.32,-3.0,10.76,6.79,3.55,6.02
2026-02-26,4.53,2.37,3.72,5.65,14.23,-1.87,6.12,8.79,3.46,1.94,6.95,22.18,-13.53,2.01,8.33,-2.91,1.39,8.75,5.05,9.84,2.09,25.21,1.83,4.55,6.78,28.33,4.130000000000001,3.27,9.84,13.08,6.41,7.84,7.87,11.03,10.46,22.95,34.65,3.58,8.92,7.28,-7.26,42.05,1.36,3.48,41.48,10.11,2.07,8.88,7.16,8.4,0.53,17.74,23.1,13.23,15.32,-3.0,10.76,6.79,3.55,6.02
2026-02-27,4.53,2.37,3.72,5.65,14.23,-1.87,6.12,8.79,3.46,1.94,6.95,22.18,-13.53,2.01,8.33,-2.91,1.39,8.75,5.05,9.84,2.09,25.21,1.83,4.55,6.78,28.33,4.130000000000001,3.27,9.84,13.08,6.41,7.84,7.87,11.03,10.46,22.95,34.65,3.58,8.92,7.28,-7.26,42.05,1.36,3.48,41.48,10.11,2.07,8.88,7.16,8.4,0.53,17.74,23.1,13.23,15.32,-3.0,10.76,6.79,3.55,6.02
2026-03-02,4.53,2.37,3.72,5.65,14.23,-1.87,6.12,8.79,3.46,1.94,6.95,22.18,-13.53,2.01,8.33,-2.91,1.39,8.75,5.05,9.84,2.09,25.21,1.83,4.55,6.78,28.33,4.130000000000001,3.27,9.84,13.08,6.41,7.84,7.87,11.03,10.46,22.95,34.65,3.58,8.92,7.28,-7.26,42.05,1.36,3.48,41.48,10.11,2.07,8.88,7.16,8.4,0.53,17.74,23.1,13.23,15.32,-3.0,10.76,6.79,3.55,6.02
2026-03-03,4.53,2.37,3.72,5.65,14.23,-1.87,6.12,8.79,3.46,1.94,6.95,22.18,-13.53,2.01,8.33,-2.91,1.39,8.75,5.05,9.84,2.09,25.21,1.83,4.55,6.78,28.33,4.130000000000001,3.27,9.84,13.08,6.41,7.84,7.87,11.03,10.46,22.95,34.65,3.58,8.92,7.28,-7.26,42.05,1.36,3.48,41.48,10.11,2.07,8.88,7.16,8.4,0.53,17.74,23.1,13.23,15.32,-3.0,10.76,6.79,3.55,6.02
2026-03-04,4.53,2.37,3.72,5.65,14.23,-1.87,6.12,8.79,3.46,1.94,6.95,22.18,-13.53,2.01,8.33,-2.91,1.39,8.75,5.05,9.84,2.09,25.21,1.83,4.55,6.78,28.33,4.130000000000001,3.27,9.84,13.08,6.41,7.84,7.87,11.03,10.46,22.95,34.65,3.58,8.92,7.28,-7.26,42.05,1.36,3.48,41.48,10.11,2.07,8.88,7.16,8.4,0.53,17.74,23.1,13.23,15.32,-3.0,10.76,6.79,3.55,6.02
2026-03-05,4.53,2.37,3.72,5.65,14.23,-1.87,6.12,8.79,3.46,1.94,6.95,22.18,-13.53,2.01,8.33,-2.91,1.39,8.75,5.05,9.84,2.09,25.21,1.83,4.55,6.78,28.33,4.130000000000001,3.27,9.84,13.08,6.41,7.84,7.87,11.03,10.46,22.95,34.65,3.58,8.92,7.28,-7.26,42.05,1.36,3.48,41.48,10.11,2.07,8.88,7.16,8.4,0.53,17.74,23.1,13.23,15.32,-3.0,10.76,6.79,3.55,6.02
2026-03-06,4.53,2.37,3.72,5.65,14.23,-1.87,6.12,8.79,3.46,1.94,6.95,22.18,-13.53,2.01,8.33,-2.91,1.39,8.75,5.05,9.84,2.09,25.21,1.83,4.55,6.78,28.33,4.130000000000001,3.27,9.84,13.08,6.41,7.84,7.87,11.03,10.46,22.95,34.65,3.58,8.92,7.28,-7.26,42.05,1.36,3.48,41.48,10.11,2.07,8.88,7.16,8.4,0.53,17.74,23.1,13.23,15.32,-3.0,10.76,6.79,3.55,6.02
2026-03-09,4.53,2.37,3.72,5.65,14.23,-1.87,6.12,8.79,3.46,1.94,6.95,22.18,-13.53,2.01,8.33,-2.91,1.39,8.75,5.05,9.84,2.09,25.21,1.83,4.55,6.78,28.33,4.130000000000001,3.27,9.84,13.08,6.41,7.84,7.87,11.03,10.46,22.95,34.65,3.58,8.92,7.28,-7.26,42.05,1.36,3.48,41.48,10.11,2.07,8.88,7.16,8.4,0.53,17.74,23.1,13.23,15.32,-3.0,10.76,6.79,3.55,6.02
2026-03-10,4.53,2.37,3.72,5.65,14.23,-1.87,6.12,8.79,3.46,1.94,6.95,22.18,-13.53,2.01,8.33,-2.91,1.39,8.75,5.05,9.84,2.09,25.21,1.83,4.55,6.78,28.33,4.130000000000001,3.27,9.84,13.08,6.41,7.84,7.87,11.03,10.46,22.95,34.65,3.58,8.92,7.28,-7.26,42.05,1.36,3.48,41.48,10.11,2.07,8.88,7.16,8.4,0.53,17.74,23.1,13.23,15.32,-3.0,10.76,6.79,3.55,6.02
2026-03-11,4.53,2.37,3.72,5.65,14.23,-1.87,6.12,8.79,3.46,1.94,6.95,22.18,-13.53,2.01,8.33,-2.91,1.39,8.75,5.05,9.84,2.09,25.21,1.83,4.55,6.78,28.33,4.130000000000001,3.27,9.84,13.08,6.41,7.84,7.87,11.03,10.46,22.95,34.65,3.58,8.92,7.28,-7.26,42.05,1.36,3.48,41.48,10.11,2.07,8.88,7.16,8.4,0.53,17.74,23.1,13.23,15.32,-3.0,10.76,6.79,3.55,6.02
2026-03-12,4.53,2.37,3.72,5.65,14.23,-1.87,6.12,8.79,3.46,1.94,6.95,22.18,-13.53,2.01,8.33,-2.91,1.39,8.75,5.05,9.84,2.09,25.21,1.83,4.55,6.78,28.33,4.130000000000001,3.27,9.84,13.08,6.41,7.84,7.87,11.03,10.46,22.95,34.65,3.58,8.92,7.28,-7.26,42.05,1.36,3.48,41.48,10.11,2.07,8.88,7.16,8.4,0.53,17.74,23.1,13.23,15.32,-3.0,10.76,6.79,3.55,6.02
2026-03-13,4.53,2.37,3.72,5.65,14.23,-1.87,6.12,8.79,3.46,1.94,6.95,22.18,-13.53,2.01,8.33,-2.91,1.39,8.75,5.05,9.84,2.09,25.21,1.83,4.55,6.78,28.33,4.130000000000001,3.27,9.84,13.08,6.41,7.84,7.87,11.03,10.46,22.95,34.65,3.58,8.92,7.28,-7.26,42.05,1.36,3.48,41.48,10.11,2.07,8.88,7.16,8.4,0.53,17.74,23.1,13.23,15.32,-3.0,10.76,6.79,3.55,6.02
2026-03-16,4.53,2.37,3.72,5.65,14.23,-1.87,6.12,8.79,3.46,1.94,6.95,22.18,-13.53,2.01,8.33,-2.91,1.39,8.75,5.05,9.84,2.09,25.21,1.83,4.55,6.78,28.33,4.130000000000001,3.27,9.84,13.08,6.41,7.84,7.87,11.03,10.46,22.95,34.65,3.58,8.92,7.28,-7.26,42.05,1.36,3.48,41.48,10.11,2.07,8.88,7.16,8.4,0.53,17.74,23.1,13.23,15.32,-3.0,10.76,6.79,3.55,6.02
2026-03-17,4.53,2.37,3.72,5.65,14.23,-1.87,6.12,8.79,3.46,1.94,6.95,22.18,-13.53,2.01,8.33,-2.91,1.39,8.75,5.05,9.84,2.09,25.21,1.83,4.55,6.78,28.33,4.130000000000001,3.27,9.84,13.08,6.41,7.84,7.87,11.03,10.46,22.95,34.65,3.58,8.92,7.28,-7.26,42.05,1.36,3.48,41.48,10.11,2.07,8.88,7.16,8.4,0.53,17.74,23.1,13.23,15.32,-3.0,10.76,6.79,3.55,6.02
2026-03-18,4.53,2.37,3.72,5.65,14.23,-1.87,6.12,8.79,3.46,1.94,6.95,22.18,-13.53,2.01,8.33,-2.91,1.39,8.75,5.05,9.84,2.09,25.21,1.83,4.55,6.78,28.33,4.130000000000001,3.27,9.84,13.08,6.41,7.84,7.87,11.03,10.46,22.95,34.65,3.58,8.92,7.28,-7.26,42.05,1.36,3.48,41.48,10.11,2.07,8.88,7.16,8.4,0.53,17.74,23.1,13.23,15.32,-3.0,10.76,6.79,3.55,6.02
2026-03-19,4.53,2.37,3.72,5.65,14.23,-1.87,6.12,8.79,3.46,1.94,6.95,22.18,-13.53,2.01,8.33,-2.91,1.39,8.75,5.05,9.84,2.09,25.21,1.83,4.55,6.78,28.33,4.130000000000001,3.27,9.84,13.08,6.41,7.84,7.87,11.03,10.46,22.95,34.65,3.58,8.92,7.28,-7.26,42.05,1.36,3.48,41.48,10.11,2.07,8.88,7.16,8.4,0.53,17.74,23.1,13.23,15.32,-3.0,10.76,6.79,3.55,6.02
2026-03-20,4.53,2.37,3.72,5.65,14.23,-1.87,6.12,8.79,3.46,1.94,6.95,22.18,-13.53,2.01,8.33,-2.91,1.39,8.75,5.05,9.84,2.09,25.21,1.83,4.55,6.78,28.33,4.130000000000001,3.27,9.84,13.08,6.41,7.84,7.87,11.03,10.46,22.95,34.65,3.58,8.92,7.28,-7.26,42.05,1.36,3.48,41.48,10.11,2.07,8.88,7.16,8.4,0.53,17.74,23.1,13.23,15.32,-3.0,10.76,6.79,3.55,6.02
2026-03-23,4.53,2.37,3.72,5.65,14.23,-1.87,6.12,8.79,3.46,1.94,6.95,22.18,-13.53,2.01,8.33,-2.91,1.39,8.75,5.05,9.84,2.09,25.21,1.83,4.55,6.78,28.33,4.130000000000001,3.27,9.84,13.08,6.41,7.84,7.87,11.03,10.46,22.95,34.65,3.58,8.92,7.28,-7.26,42.05,1.36,3.48,41.48,10.11,2.07,8.88,7.16,8.4,0.53,17.74,23.1,13.23,15.32,-3.0,10.76,6.79,3.55,6.02
2026-03-24,4.53,2.37,3.72,5.65,14.23,-1.87,6.12,8.79,3.46,1.94,6.95,22.18,-13.53,2.01,8.33,-2.91,1.39,8.75,5.05,9.84,2.09,25.21,1.83,4.55,6.78,28.33,4.130000000000001,3.27,9.84,13.08,6.41,7.84,7.87,11.03,10.46,22.95,34.65,3.58,8.92,7.28,-7.26,42.05,1.36,3.48,41.48,10.11,2.07,8.88,7.16,8.4,0.53,17.74,23.1,13.23,15.32,-3.0,10.76,6.79,3.55,6.02
2026-03-25,4.53,2.37,3.72,5.65,14.23,-1.87,6.12,8.79,3.46,1.94,6.95,22.18,-13.53,2.01,8.33,-2.91,1.39,8.75,5.05,9.84,2.09,25.21,1.83,4.55,6.78,28.33,4.130000000000001,3.27,9.84,13.08,6.41,7.84,7.87,11.03,10.46,22.95,34.65,3.58,8.92,7.28,-7.26,42.05,1.36,3.48,41.48,10.11,2.07,8.88,7.16,8.4,0.53,17.74,23.1,13.23,15.32,-3.0,10.76,6.79,3.55,6.02
2026-03-26,4.53,2.37,3.72,5.65,14.23,-1.87,6.12,8.79,3.46,1.94,6.95,22.18,-13.53,2.01,8.33,-2.91,1.39,8.75,5.05,9.84,2.09,25.21,1.83,4.55,6.78,28.33,4.130000000000001,3.27,9.84,13.08,6.41,7.84,7.87,11.03,10.46,22.95,34.65,3.58,8.92,7.28,-7.26,42.05,1.36,3.48,41.48,10.11,2.07,8.88,7.16,8.4,0.53,17.74,23.1,13.23,15.32,-3.0,10.76,6.79,3.55,6.02
2026-03-27,4.53,2.37,3.72,5.65,14.23,-1.87,6.12,8.79,3.46,1.94,6.95,22.18,-13.53,2.01,8.33,-2.91,1.39,8.75,5.05,9.84,2.09,25.21,1.83,4.55,6.78,28.33,4.130000000000001,3.27,9.84,13.08,6.41,7.84,7.87,11.03,10.46,22.95,34.65,3.58,8.92,7.28,-7.26,42.05,1.36,3.48,41.48,10.11,2.07,8.88,7.16,8.4,0.53,17.74,23.1,13.23,15.32,-3.0,10.76,6.79,3.55,6.02
2026-03-30,4.53,2.37,3.72,5.65,14.23,-1.87,6.12,8.79,3.46,1.94,6.95,22.18,-13.53,2.01,8.33,-2.91,1.39,8.75,5.05,9.84,2.09,25.21,1.83,4.55,6.78,28.33,4.130000000000001,3.27,9.84,13.08,6.41,7.84,7.87,11.03,10.46,22.95,34.65,3.58,8.92,7.28,-7.26,42.05,1.36,3.48,41.48,10.11,2.07,8.88,7.16,8.4,0.53,17.74,23.1,13.23,15.32,-3.0,10.76,6.79,3.55,6.02
2026-03-31,4.53,2.04,3.57,5.95,14.37,-2.15,3.96,9.3,3.57,2.39,6.55,23.59,-13.05,2.01,13.05,-3.71,2.28,9.05,5.18,10.71,2.33,23.6,1.88,4.17,7.35,29.03,4.130000000000001,3.31,9.37,13.59,7.08,8.05,8.23,8.63,11.29,28.15,38.38,3.58,3.73,3.55,-8.14,42.57,1.31,4.28,40.96,10.37,2.08,8.17,7.93,8.64,0.7,18.19,23.95,13.28,16.85,-0.3,7.86,7.48,3.86,6.1
2026-04-01,4.53,2.04,3.57,5.95,14.37,-2.15,3.96,9.3,3.57,2.39,6.55,23.59,-13.05,2.01,13.05,-3.71,2.28,9.05,5.18,10.71,2.33,23.6,1.88,4.17,7.35,29.03,4.130000000000001,3.31,9.37,13.59,7.08,8.05,8.23,8.63,11.29,28.15,38.38,3.58,3.73,3.55,-8.14,42.57,1.31,4.28,40.96,10.37,2.08,8.17,7.93,8.64,0.7,18.19,23.95,13.28,16.85,-0.3,7.86,7.48,3.86,6.1
2026-04-02,4.53,2.04,3.57,5.95,14.37,-2.15,3.96,9.3,3.57,2.39,6.55,23.59,-13.05,2.01,13.05,-3.71,2.28,9.05,5.18,10.71,2.33,23.6,1.88,4.17,7.35,29.03,4.130000000000001,3.31,9.37,13.59,7.08,8.05,8.23,8.63,11.29,28.15,38.38,3.58,3.73,3.55,-8.14,42.57,1.31,4.28,40.96,10.37,2.08,8.17,7.93,8.64,0.7,18.19,23.95,13.28,16.85,-0.3,7.86,7.48,3.86,6.1
2026-04-06,4.53,2.04,3.57,5.95,14.37,-2.15,3.96,9.3,3.57,2.39,6.55,23.59,-13.05,2.01,13.05,-3.71,2.28,9.05,5.18,10.71,2.33,23.6,1.88,4.17,7.35,29.03,4.130000000000001,3.31,9.37,13.59,7.08,8.05,8.23,8.63,11.29,28.15,38.38,3.58,3.73,3.55,-8.14,42.57,1.31,4.28,40.96,10.37,2.08,8.17,7.93,8.64,0.7,18.19,23.95,13.28,16.85,-0.3,7.86,7.48,3.86,6.1
2026-04-07,4.53,2.04,3.57,5.95,14.37,-2.15,3.96,9.3,3.57,2.39,6.55,23.59,-13.05,2.01,13.05,-3.71,2.28,9.05,5.18,10.71,2.33,23.6,1.88,4.17,7.35,29.03,4.130000000000001,3.31,9.37,13.59,7.08,8.05,8.23,8.63,11.29,28.15,38.38,3.58,3.73,3.55,-8.14,42.57,1.31,4.28,40.96,10.37,2.08,8.17,7.93,8.64,0.7,18.19,23.95,13.28,16.85,-0.3,7.86,7.48,3.86,6.1
2026-04-08,4.53,2.04,3.57,5.95,14.37,-2.15,3.96,9.3,3.57,2.39,6.55,23.59,-13.05,2.01,13.05,-3.71,2.28,9.05,5.18,10.71,2.33,23.6,1.88,4.17,7.35,29.03,4.130000000000001,3.31,9.37,13.59,7.08,8.05,8.23,8.63,11.29,28.15,38.38,3.58,3.73,3.55,-8.14,42.57,1.31,4.28,40.96,10.37,2.08,8.17,7.93,8.64,0.7,18.19,23.95,13.28,16.85,-0.3,7.86,7.48,3.86,6.1
2026-04-09,4.53,2.04,3.57,5.95,14.37,-2.15,3.96,9.3,3.57,2.39,6.55,23.59,-13.05,2.01,13.05,-3.71,2.28,9.05,5.18,10.71,2.33,23.6,1.88,4.17,7.35,29.03,4.130000000000001,3.31,9.37,13.59,7.08,8.05,8.23,8.63,11.29,28.15,38.38,3.58,3.73,3.55,-8.14,42.57,1.31,4.28,40.96,10.37,2.08,8.17,7.93,8.64,0.7,18.19,23.95,13.28,16.85,-0.3,7.86,7.48,3.86,6.1
2026-04-10,4.53,2.04,3.57,5.95,14.37,-2.15,3.96,9.3,3.57,2.39,6.55,23.59,-13.05,2.01,13.05,-3.71,2.28,9.05,5.18,10.71,2.33,23.6,1.88,4.17,7.35,29.03,4.130000000000001,3.31,9.37,13.59,7.08,8.05,8.23,8.63,11.29,28.15,38.38,3.58,3.73,3.55,-8.14,42.57,1.31,4.28,40.96,10.37,2.08,8.17,7.93,8.64,0.7,18.19,23.95,13.28,16.85,-0.3,7.86,7.48,3.86,6.1
2026-04-13,4.53,2.04,3.57,5.95,14.37,-2.15,3.96,9.3,3.57,2.39,6.55,23.59,-13.05,2.01,13.05,-3.71,2.28,9.05,5.18,10.71,2.33,23.6,1.88,4.17,7.35,29.03,4.130000000000001,3.31,9.37,13.59,7.08,8.05,8.23,8.63,11.29,28.15,38.38,3.58,3.73,3.55,-8.14,42.57,1.31,4.28,40.96,10.37,2.08,8.17,7.93,8.64,0.7,18.19,23.95,13.28,16.85,-0.3,7.86,7.48,3.86,6.1
2026-04-14,4.53,2.04,3.57,5.95,14.37,-2.15,3.96,9.3,3.57,2.39,6.55,23.59,-13.05,2.01,13.05,-3.71,2.28,9.05,5.18,10.71,2.33,23.6,1.88,4.17,7.35,29.03,4.130000000000001,3.31,9.37,13.59,7.08,8.05,8.23,8.63,11.29,28.15,38.38,3.58,3.73,3.55,-8.14,42.57,1.31,4.28,40.96,10.37,2.08,8.17,7.93,8.64,0.7,18.19,23.95,13.28,16.85,-0.3,7.86,7.48,3.86,6.1
2026-04-15,4.53,2.04,3.57,5.95,14.37,-2.15,3.96,9.3,3.57,2.39,6.55,23.59,-13.05,2.01,13.05,-3.71,2.28,9.05,5.18,10.71,2.33,23.6,1.88,4.17,7.35,29.03,4.130000000000001,3.31,9.37,13.59,7.08,8.05,8.23,8.63,11.29,28.15,38.38,3.58,3.73,3.55,-8.14,42.57,1.31,4.28,40.96,10.37,2.08,8.17,7.93,8.64,0.7,18.19,23.95,13.28,16.85,-0.3,7.86,7.48,3.86,6.1
2026-04-16,4.53,2.04,3.57,5.95,14.37,-2.15,3.96,9.3,3.57,2.39,6.55,23.59,-13.05,2.01,13.05,-3.71,2.28,9.05,5.18,10.71,2.33,23.6,1.88,4.17,7.35,29.03,4.130000000000001,3.31,9.37,13.59,7.08,8.05,8.23,8.63,11.29,28.15,38.38,3.58,3.73,3.55,-8.14,42.57,1.31,4.28,40.96,10.37,2.08,8.17,7.93,8.64,0.7,18.19,23.95,13.28,16.85,-0.3,7.86,7.48,3.86,6.1
2026-04-17,4.53,2.04,3.57,5.95,14.37,-2.15,3.96,9.3,3.57,2.39,6.55,23.59,-13.05,2.01,13.05,-3.71,2.28,9.05,5.18,10.71,2.33,23.6,1.88,4.17,7.35,29.03,4.130000000000001,3.31,9.37,13.59,7.08,8.05,8.23,8.63,11.29,28.15,38.38,3.58,3.73,3.55,-8.14,42.57,1.31,4.28,40.96,10.37,2.08,8.17,7.93,8.64,0.7,18.19,23.95,13.28,16.85,-0.3,7.86,7.48,3.86,6.1
2026-04-20,4.53,2.04,3.57,5.95,14.37,-2.15,3.96,9.3,3.57,2.39,6.55,23.59,-13.05,2.01,13.05,-3.71,2.28,9.05,5.18,10.71,2.33,23.6,1.88,4.17,7.35,29.03,4.130000000000001,3.31,9.37,13.59,7.08,8.05,8.23,8.63,11.29,28.15,38.38,3.58,3.73,3.55,-8.14,42.57,1.31,4.28,40.96,10.37,2.08,8.17,7.93,8.64,0.7,18.19,23.95,13.28,16.85,-0.3,7.86,7.48,3.86,6.1
2026-04-21,4.53,2.04,3.57,5.95,14.37,-2.15,3.96,9.3,3.57,2.39,6.55,23.59,-13.05,2.01,13.05,-3.71,2.28,9.05,5.18,10.71,2.33,23.6,1.88,4.17,7.35,29.03,4.130000000000001,3.31,9.37,13.59,7.08,8.05,8.23,8.63,11.29,28.15,38.38,3.58,3.73,3.55,-8.14,42.57,1.31,4.28,40.96,10.37,2.08,8.17,7.93,8.64,0.7,18.19,23.95,13.28,16.85,-0.3,7.86,7.48,3.86,6.1
2026-04-22,4.53,2.04,3.57,5.95,14.37,-2.15,3.96,9.3,3.57,2.39,6.55,23.59,-13.05,2.01,13.05,-3.71,2.28,9.05,5.18,10.71,2.33,23.6,1.88,4.17,7.35,29.03,4.130000000000001,3.31,9.37,13.59,7.08,8.05,8.23,8.63,11.29,28.15,38.38,3.58,3.73,3.55,-8.14,42.57,1.31,4.28,40.96,10.37,2.08,8.17,7.93,8.64,0.7,18.19,23.95,13.28,16.85,-0.3,7.86,7.48,3.86,6.1
2026-04-23,4.53,2.04,3.57,5.95,14.37,-2.15,3.96,9.3,3.57,2.39,6.55,23.59,-13.05,2.01,13.05,-3.71,2.28,9.05,5.18,10.71,2.33,23.6,1.88,4.17,7.35,29.03,4.130000000000001,3.31,9.37,13.59,7.08,8.05,8.23,8.63,11.29,28.15,38.38,3.58,3.73,3.55,-8.14,42.57,1.31,4.28,40.96,10.37,2.08,8.17,7.93,8.64,0.7,18.19,23.95,13.28,16.85,-0.3,7.86,7.48,3.86,6.1
2026-04-24,4.53,2.04,3.57,5.95,14.37,-2.15,3.96,9.3,3.57,2.39,6.55,23.59,-13.05,2.01,13.05,-3.71,2.28,9.05,5.18,10.71,2.33,23.6,1.88,4.17,7.35,29.03,4.130000000000001,3.31,9.37,13.59,7.08,8.05,8.23,8.63,11.29,28.15,38.38,3.58,3.73,3.55,-8.14,42.57,1.31,4.28,40.96,10.37,2.08,8.17,7.93,8.64,0.7,18.19,23.95,13.28,16.85,-0.3,7.86,7.48,3.86,6.1
2026-04-27,4.53,2.04,3.57,5.95,14.37,-2.15,3.96,9.3,3.57,2.39,6.55,23.59,-13.05,2.01,13.05,-3.71,2.28,9.05,5.18,10.71,2.33,23.6,1.88,4.17,7.35,29.03,4.130000000000001,3.31,9.37,13.59,7.08,8.05,8.23,8.63,11.29,28.15,38.38,3.58,3.73,3.55,-8.14,42.57,1.31,4.28,40.96,10.37,2.08,8.17,7.93,8.64,0.7,18.19,23.95,13.28,16.85,-0.3,7.86,7.48,3.86,6.1
2026-04-28,4.53,2.04,3.57,5.95,14.37,-2.15,3.96,9.3,3.57,2.39,6.55,23.59,-13.05,2.01,13.05,-3.71,2.28,9.05,5.18,10.71,2.33,23.6,1.88,4.17,7.35,29.03,4.130000000000001,3.31,9.37,13.59,7.08,8.05,8.23,8.63,11.29,28.15,38.38,3.58,3.73,3.55,-8.14,42.57,1.31,4.28,40.96,10.37,2.08,8.17,7.93,8.64,0.7,18.19,23.95,13.28,16.85,-0.3,7.86,7.48,3.86,6.1
2026-04-29,4.53,2.04,3.57,5.95,14.37,-2.15,3.96,9.3,3.57,2.39,6.55,23.59,-13.05,2.01,13.05,-3.71,2.28,9.05,5.18,10.71,2.33,23.6,1.88,4.17,7.35,29.03,4.130000000000001,3.31,9.37,13.59,7.08,8.05,8.23,8.63,11.29,28.15,38.38,3.58,3.73,3.55,-8.14,42.57,1.31,4.28,40.96,10.37,2.08,8.17,7.93,8.64,0.7,18.19,23.95,13.28,16.85,-0.3,7.86,7.48,3.86,6.1
2026-04-30,4.98,2.04,3.57,5.95,14.37,-2.15,3.96,9.3,3.57,2.39,6.55,23.59,-13.05,1.18,13.05,-3.71,2.28,9.05,5.18,10.71,2.33,23.6,1.88,4.17,7.35,29.03,4.130000000000001,3.31,9.37,13.59,7.08,8.05,8.23,8.63,11.29,28.15,38.38,3.73,3.73,3.55,-8.14,42.57,1.31,4.28,40.96,10.37,2.08,8.17,7.93,8.64,0.7,18.19,23.95,13.28,16.85,-0.3,7.86,7.48,3.86,6.1
2026-05-01,4.98,2.04,3.57,5.95,14.37,-2.15,3.96,9.3,3.57,2.39,6.55,23.59,-13.05,1.18,13.05,-3.71,2.28,9.05,5.18,10.71,2.33,23.6,1.88,4.17,7.35,29.03,4.130000000000001,3.31,9.37,13.59,7.08,8.05,8.23,8.63,11.29,28.15,38.38,3.73,3.73,3.55,-8.14,42.57,1.31,4.28,40.96,10.37,2.08,8.17,7.93,8.64,0.7,18.19,23.95,13.28,16.85,-0.3,7.86,7.48,3.86,6.1
2026-05-04,4.98,2.04,3.57,5.95,14.37,-2.15,3.96,9.3,3.57,2.39,6.55,23.59,-13.05,1.18,13.05,-3.71,2.28,9.05,5.18,10.71,2.33,23.6,1.88,4.17,7.35,29.03,4.130000000000001,3.31,9.37,13.59,7.08,8.05,8.23,8.63,11.29,28.15,38.38,3.73,3.73,3.55,-8.14,42.57,1.31,4.28,40.96,10.37,2.08,8.17,7.93,8.64,0.7,18.19,23.95,13.28,16.85,-0.3,7.86,7.48,3.86,6.1
2026-05-05,4.98,2.04,3.57,5.95,14.37,-2.15,3.96,9.3,3.57,2.39,6.55,23.59,-13.05,1.18,13.05,-3.71,2.28,9.05,5.18,10.71,2.33,23.6,1.88,4.17,7.35,29.03,4.130000000000001,3.31,9.37,13.59,7.08,8.05,8.23,8.63,11.29,28.15,38.38,3.73,3.73,3.55,-8.14,42.57,1.31,4.28,40.96,10.37,2.08,8.17,7.93,8.64,0.7,18.19,23.95,13.28,16.85,-0.3,7.86,7.48,3.86,6.1
2026-05-06,4.98,2.04,3.57,5.95,14.37,-2.15,3.96,9.3,3.57,2.39,6.55,23.59,-13.05,1.18,13.05,-3.71,2.28,9.05,5.18,10.71,2.33,23.6,1.88,4.17,7.35,29.03,4.130000000000001,3.31,9.37,13.59,7.08,8.05,8.23,8.63,11.29,28.15,38.38,3.73,3.73,3.55,-8.14,42.57,1.31,4.28,40.96,10.37,2.08,8.17,7.93,8.64,0.7,18.19,23.95,13.28,16.85,-0.3,7.86,7.48,3.86,6.1
2026-05-07,4.98,2.04,3.57,5.95,14.37,-2.15,3.96,9.3,3.57,2.39,6.55,23.59,-13.05,1.18,13.05,-3.71,2.28,9.05,5.18,10.71,2.33,23.6,1.88,4.17,7.35,29.03,4.130000000000001,3.31,9.37,13.59,7.08,8.05,8.23,8.63,11.29,28.15,38.38,3.73,3.73,3.55,-8.14,42.57,1.31,4.28,40.96,10.37,2.08,8.17,7.93,8.64,0.7,18.19,23.95,13.28,16.85,-0.3,7.86,7.48,3.86,6.1
2026-05-08,4.98,2.04,3.57,5.95,14.37,-2.15,3.96,9.3,3.57,2.39,6.55,23.59,-13.05,1.18,13.05,-3.71,2.28,9.05,5.18,10.71,2.33,23.6,1.88,4.17,7.35,29.03,4.130000000000001,3.31,9.37,13.59,7.08,8.05,8.23,8.63,11.29,28.15,38.38,3.73,3.73,3.55,-8.14,42.57,1.31,4.28,40.96,10.37,2.08,8.17,7.93,8.64,0.7,18.19,23.95,13.28,16.85,-0.3,7.86,7.48,3.86,6.1
2026-05-11,4.98,2.04,3.57,5.95,14.37,-2.15,3.96,9.3,3.57,2.39,6.55,23.59,-13.05,1.18,13.05,-3.71,2.28,9.05,5.18,10.71,2.33,23.6,1.88,4.17,7.35,29.03,4.130000000000001,3.31,9.37,13.59,7.08,8.05,8.23,8.63,11.29,28.15,38.38,3.73,3.73,3.55,-8.14,42.57,1.31,4.28,40.96,10.37,2.08,8.17,7.93,8.64,0.7,18.19,23.95,13.28,16.85,-0.3,7.86,7.48,3.86,6.1
2026-05-12,4.98,2.04,3.57,5.95,14.37,-2.15,3.96,9.3,3.57,2.39,6.55,23.59,-13.05,1.18,13.05,-3.71,2.28,9.05,5.18,10.71,2.33,23.6,1.88,4.17,7.35,29.03,4.130000000000001,3.31,9.37,13.59,7.08,8.05,8.23,8.63,11.29,28.15,38.38,3.73,3.73,3.55,-8.14,42.57,1.31,4.28,40.96,10.37,2.08,8.17,7.93,8.64,0.7,18.19,23.95,13.28,16.85,-0.3,7.86,7.48,3.86,6.1
2026-05-13,4.98,2.04,3.57,5.95,14.37,-2.15,3.96,9.3,3.57,2.39,6.55,23.59,-13.05,1.18,13.05,-3.71,2.28,9.05,5.18,10.71,2.33,23.6,1.88,4.17,7.35,29.03,4.130000000000001,3.31,9.37,13.59,7.08,8.05,8.23,8.63,11.29,28.15,38.38,3.73,3.73,3.55,-8.14,42.57,1.31,4.28,40.96,10.37,2.08,8.17,7.93,8.64,0.7,18.19,23.95,13.28,16.85,-0.3,7.86,7.48,3.86,6.1
2026-05-14,4.98,2.04,3.57,5.95,14.37,-2.15,3.96,9.3,3.57,2.39,6.55,23.59,-13.05,1.18,13.05,-3.71,2.28,9.05,5.18,10.71,2.33,23.6,1.88,4.17,7.35,29.03,4.130000000000001,3.31,9.37,13.59,7.08,8.05,8.23,8.63,11.29,28.15,38.38,3.73,3.73,3.55,-8.14,42.57,1.31,4.28,40.96,10.37,2.08,8.17,7.93,8.64,0.7,18.19,23.95,13.28,16.85,-0.3,7.86,7.48,3.86,6.1
2026-05-15,4.98,2.04,3.57,5.95,14.37,-2.15,3.96,9.3,3.57,2.39,6.55,23.59,-13.05,1.18,13.05,-3.71,2.28,9.05,5.18,10.71,2.33,23.6,1.88,4.17,7.35,29.03,4.130000000000001,3.31,9.37,13.59,7.08,8.05,8.23,8.63,11.29,28.15,38.38,3.73,3.73,3.55,-8.14,42.57,1.31,4.28,40.96,10.37,2.08,8.17,7.93,8.64,0.7,18.19,23.95,13.28,16.85,-0.3,7.86,7.48,3.86,6.1
2026-05-18,4.98,2.04,3.57,5.95,14.37,-2.15,3.96,9.3,3.57,2.39,6.55,23.59,-13.05,1.18,13.05,-3.71,2.28,9.05,5.18,10.71,2.33,23.6,1.88,4.17,7.35,29.03,4.130000000000001,3.31,9.37,13.59,7.08,8.05,8.23,8.63,11.29,28.15,38.38,3.73,3.73,3.55,-8.14,42.57,1.31,4.28,40.96,10.37,2.08,8.17,7.93,8.64,0.7,18.19,23.95,13.28,16.85,-0.3,7.86,7.48,3.86,6.1
2026-05-19,4.98,2.04,3.57,5.95,14.37,-2.15,3.96,9.3,3.57,2.39,6.55,23.59,-13.05,1.18,13.05,-3.71,2.28,9.05,5.18,10.71,2.33,23.6,1.88,4.17,7.35,29.03,4.130000000000001,3.31,9.37,13.59,7.08,8.05,8.23,8.63,11.29,28.15,38.38,3.73,3.73,3.55,-8.14,42.57,1.31,4.28,40.96,10.37,2.08,8.17,7.93,8.64,0.7,18.19,23.95,13.28,16.85,-0.3,7.86,7.48,3.86,6.1
2026-05-20,4.98,2.04,3.57,5.95,14.37,-2.15,3.96,9.3,3.57,2.39,6.55,23.59,-13.05,1.18,13.05,-3.71,2.28,9.05,5.18,10.71,2.33,23.6,1.88,4.17,7.35,29.03,4.130000000000001,3.31,9.37,13.59,7.08,8.05,8.23,8.63,11.29,28.15,38.38,3.73,3.73,3.55,-8.14,42.57,1.31,4.28,40.96,10.37,2.08,8.17,7.93,8.64,0.7,18.19,23.95,13.28,16.85,-0.3,7.86,7.48,3.86,6.1
2026-05-21,4.98,2.04,3.57,5.95,14.37,-2.15,3.96,9.3,3.57,2.39,6.55,23.59,-13.05,1.18,13.05,-3.71,2.28,9.05,5.18,10.71,2.33,23.6,1.88,4.17,7.35,29.03,4.130000000000001,3.31,9.37,13.59,7.08,8.05,8.23,8.63,11.29,28.15,38.38,3.73,3.73,3.55,-8.14,42.57,1.31,4.28,40.96,10.37,2.08,8.17,7.93,8.64,0.7,18.19,23.95,13.28,16.85,-0.3,7.86,7.48,3.86,6.1
2026-05-22,4.98,2.04,3.57,5.95,14.37,-2.15,3.96,9.3,3.57,2.39,6.55,23.59,-13.05,1.18,13.05,-3.71,2.28,9.05,5.18,10.71,2.33,23.6,1.88,4.17,7.35,29.03,4.130000000000001,3.31,9.37,13.59,7.08,8.05,8.23,8.63,11.29,28.15,38.38,3.73,3.73,3.55,-8.14,42.57,1.31,4.28,40.96,10.37,2.08,8.17,7.93,8.64,0.7,18.19,23.95,13.28,16.85,-0.3,7.86,7.48,3.86,6.1
2026-05-26,4.98,2.04,3.57,5.95,14.37,-2.15,3.96,9.3,3.57,2.39,6.55,23.59,-13.05,1.18,13.05,-3.71,2.28,9.05,5.18,10.71,2.33,23.6,1.88,4.17,7.35,29.03,4.130000000000001,3.31,9.37,13.59,7.08,8.05,8.23,8.63,11.29,28.15,38.38,3.73,3.73,3.55,-8.14,42.57,1.31,4.28,40.96,10.37,2.08,8.17,7.93,8.64,0.7,18.19,23.95,13.28,16.85,-0.3,7.86,7.48,3.86,6.1
2026-05-27,4.98,2.04,3.57,5.95,14.37,-2.15,3.96,9.3,3.57,2.39,6.55,23.59,-13.05,1.18,13.05,-3.71,2.28,9.05,5.18,10.71,2.33,23.6,1.88,4.17,7.35,29.03,4.130000000000001,3.31,9.37,13.59,7.08,8.05,8.23,8.63,11.29,28.15,38.38,3.73,3.73,3.55,-8.14,42.57,1.31,4.28,40.96,10.37,2.08,8.17,7.93,8.64,0.7,18.19,23.95,13.28,16.85,-0.3,7.86,7.48,3.86,6.1
2026-05-28,4.98,2.04,3.57,5.95,14.37,-2.15,3.96,9.3,3.57,2.39,6.55,23.59,-13.05,1.18,13.05,-3.71,2.28,9.05,5.18,10.71,2.33,23.6,1.88,4.17,7.35,29.03,4.130000000000001,3.31,9.37,13.59,7.08,8.05,8.23,8.63,11.29,28.15,38.38,3.73,3.73,3.55,-8.14,42.57,1.31,4.28,40.96,10.37,2.08,8.17,7.93,8.64,0.7,18.19,23.95,13.28,16.85,-0.3,7.86,7.48,3.86,6.1
2026-05-29,4.98,2.04,3.57,5.95,14.37,-2.15,3.96,9.3,3.57,2.39,6.55,23.59,-13.05,1.18,13.05,-3.71,2.28,9.05,5.18,10.71,2.33,23.6,1.88,4.17,7.35,29.03,4.130000000000001,3.31,9.37,13.59,7.08,8.05,8.23,8.63,11.29,28.15,38.38,3.73,3.73,3.55,-8.14,42.57,1.31,4.28,40.96,10.37,2.08,8.17,7.93,8.64,0.7,18.19,23.95,13.28,16.85,-0.3,7.86,7.48,3.86,6.1
2026-06-01,4.98,2.04,3.57,5.95,14.37,-2.15,3.96,9.3,3.57,2.39,6.55,23.59,-13.05,1.18,13.05,-3.71,2.28,9.05,5.18,10.71,2.33,23.6,1.88,4.17,7.35,29.03,4.130000000000001,3.31,9.37,13.59,7.08,8.05,8.23,8.63,11.29,28.15,38.38,3.73,3.73,3.55,-8.14,42.57,1.31,4.28,40.96,10.37,2.08,8.17,7.93,8.64,0.7,18.19,23.95,13.28,16.85,-0.3,7.86,7.48,3.86,6.1
2026-06-02,4.98,2.04,3.57,5.95,14.37,-2.15,3.96,9.3,3.57,2.39,6.55,23.59,-13.05,1.18,13.05,-3.71,2.28,9.05,5.18,10.71,2.33,23.6,1.88,4.17,7.35,29.03,4.130000000000001,3.31,9.37,13.59,7.08,8.05,8.23,8.63,11.29,28.15,38.38,3.73,3.73,3.55,-8.14,42.57,1.31,4.28,40.96,10.37,2.08,8.17,7.93,8.64,0.7,18.19,23.95,13.28,16.85,-0.3,7.86,7.48,3.86,6.1
2026-06-03,4.98,2.04,3.57,5.95,14.37,-2.15,3.96,9.3,3.57,2.39,6.55,23.59,-13.05,1.18,13.05,-3.71,2.28,9.05,5.18,10.71,2.33,23.6,1.88,4.17,7.35,29.03,4.130000000000001,3.31,9.37,13.59,7.08,8.05,8.23,8.63,11.29,28.15,38.38,3.73,3.73,3.55,-8.14,42.57,1.31,4.28,40.96,10.37,2.08,8.17,7.93,8.64,0.7,18.19,23.95,13.28,16.85,-0.3,7.86,7.48,3.86,6.1
2026-06-04,4.98,2.04,3.57,5.95,14.37,-2.15,3.96,9.3,3.57,2.39,6.55,23.59,-13.05,1.18,13.05,-3.71,2.28,9.05,5.18,10.71,2.33,23.6,1.88,4.17,7.35,29.03,4.130000000000001,3.31,9.37,13.59,7.08,8.05,8.23,8.63,11.29,28.15,38.38,3.73,3.73,3.55,-8.14,42.57,1.31,4.28,40.96,10.37,2.08,8.17,7.93,8.64,0.7,18.19,23.95,13.28,16.85,-0.3,7.86,7.48,3.86,6.1
2026-06-05,4.98,2.04,3.57,5.95,14.37,-2.15,3.96,9.3,3.57,2.39,6.55,23.59,-13.05,1.18,13.05,-3.71,2.28,9.05,5.18,10.71,2.33,23.6,1.88,4.17,7.35,29.03,4.130000000000001,3.31,9.37,13.59,7.08,8.05,8.23,8.63,11.29,28.15,38.38,3.73,3.73,3.55,-8.14,42.57,1.31,4.28,40.96,10.37,2.08,8.17,7.93,8.64,0.7,18.19,23.95,13.28,16.85,-0.3,7.86,7.48,3.86,6.1
2026-06-08,4.98,2.04,3.57,5.95,14.37,-2.15,3.96,9.3,3.57,2.39,6.55,23.59,-13.05,1.18,13.05,-3.71,2.28,9.05,5.18,10.71,2.33,23.6,1.88,4.17,7.35,29.03,4.130000000000001,3.31,9.37,13.59,7.08,8.05,8.23,8.63,11.29,28.15,38.38,3.73,3.73,3.55,-8.14,42.57,1.31,4.28,40.96,10.37,2.08,8.17,7.93,8.64,0.7,18.19,23.95,13.28,16.85,-0.3,7.86,7.48,3.86,6.1
2026-06-09,4.98,2.04,3.57,5.95,14.37,-2.15,3.96,9.3,3.57,2.39,6.55,23.59,-13.05,1.18,13.05,-3.71,2.28,9.05,5.18,10.71,2.33,23.6,1.88,4.17,7.35,29.03,4.130000000000001,3.31,9.37,13.59,7.08,8.05,8.23,8.63,11.29,28.15,38.38,3.73,3.73,3.55,-8.14,42.57,1.31,4.28,40.96,10.37,2.08,8.17,7.93,8.64,0.7,18.19,23.95,13.28,16.85,-0.3,7.86,7.48,3.86,6.1
2026-06-10,4.98,2.04,3.57,5.95,14.37,-2.15,3.96,9.3,3.57,2.39,6.55,23.59,-13.05,1.18,13.05,-3.71,2.28,9.05,5.18,10.71,2.33,23.6,1.88,4.17,7.35,29.03,4.130000000000001,3.31,9.37,13.59,7.08,8.05,8.23,8.63,11.29,28.15,38.38,3.73,3.73,3.55,-8.14,42.57,1.31,4.28,40.96,10.37,2.08,8.17,7.93,8.64,0.7,18.19,23.95,13.28,16.85,-0.3,7.86,7.48,3.86,6.1
2026-06-11,4.98,2.04,3.57,5.95,14.37,-2.15,3.96,9.3,3.57,2.39,6.55,23.59,-13.05,1.18,13.05,-3.71,2.28,9.05,5.18,10.71,2.33,23.6,1.88,4.17,7.35,29.03,4.130000000000001,3.31,9.37,13.59,7.08,8.05,8.23,8.63,11.29,28.15,38.38,3.73,3.73,3.55,-8.14,42.57,1.31,4.28,40.96,10.37,2.08,8.17,7.93,8.64,0.7,18.19,23.95,13.28,16.85,-0.3,7.86,7.48,3.86,6.1
2026-06-12,4.98,2.04,3.57,5.95,14.37,-2.15,3.96,9.3,3.57,2.39,6.55,23.59,-13.05,1.18,13.05,-3.71,2.28,9.05,5.18,10.71,2.33,23.6,1.88,4.17,7.35,29.03,4.130000000000001,3.31,9.37,13.59,7.08,8.05,8.23,8.63,11.29,28.15,38.38,3.73,3.73,3.55,-8.14,42.57,1.31,4.28,40.96,10.37,2.08,8.17,7.93,8.64,0.7,18.19,23.95,13.28,16.85,-0.3,7.86,7.48,3.86,6.1
2026-06-15,4.98,2.04,3.57,5.95,14.37,-2.15,3.96,9.3,3.57,2.39,6.55,23.59,-13.05,1.18,13.05,-3.71,2.28,9.05,5.18,10.71,2.33,23.6,1.88,4.17,7.35,29.03,4.130000000000001,3.31,9.37,13.59,7.08,8.05,8.23,8.63,11.29,28.15,38.38,3.73,3.73,3.55,-8.14,42.57,1.31,4.28,40.96,10.37,2.08,8.17,7.93,8.64,0.7,18.19,23.95,13.28,16.85,-0.3,7.86,7.48,3.86,6.1
2026-06-16,4.98,2.04,3.57,5.95,14.37,-2.15,3.96,9.3,3.57,2.39,6.55,23.59,-13.05,1.18,13.05,-3.71,2.28,9.05,5.18,10.71,2.33,23.6,1.88,4.17,7.35,29.03,4.130000000000001,3.31,9.37,13.59,7.08,8.05,8.23,8.63,11.29,28.15,38.38,3.73,3.73,3.55,-8.14,42.57,1.31,4.28,40.96,10.37,2.08,8.17,7.93,8.64,0.7,18.19,23.95,13.28,16.85,-0.3,7.86,7.48,3.86,6.1
2026-06-17,4.98,2.04,3.57,5.95,14.37,-2.15,3.96,9.3,3.57,2.39,6.55,23.59,-13.05,1.18,13.05,-3.71,2.28,9.05,5.18,10.71,2.33,23.6,1.88,4.17,7.35,29.03,4.130000000000001,3.31,9.37,13.59,7.08,8.05,8.23,8.63,11.29,28.15,38.38,3.73,3.73,3.55,-8.14,42.57,1.31,4.28,40.96,10.37,2.08,8.17,7.93,8.64,0.7,18.19,23.95,13.28,16.85,-0.3,7.86,7.48,3.86,6.1
2026-06-18,4.98,2.04,3.57,5.95,14.37,-2.15,3.96,9.3,3.57,2.39,6.55,23.59,-13.05,1.18,13.05,-3.71,2.28,9.05,5.18,10.71,2.33,23.6,1.88,4.17,7.35,29.03,4.130000000000001,3.31,9.37,13.59,7.08,8.05,8.23,8.63,11.29,28.15,38.38,3.73,3.73,3.55,-8.14,42.57,1.31,4.28,40.96,10.37,2.08,8.17,7.93,8.64,0.7,18.19,23.95,13.28,16.85,-0.3,7.86,7.48,3.86,6.1
2026-06-22,4.98,2.04,3.57,5.95,14.37,-2.15,3.96,9.3,3.57,2.39,6.55,23.59,-13.05,1.18,13.05,-3.71,2.28,9.05,5.18,10.71,2.33,23.6,1.88,4.17,7.35,29.03,4.130000000000001,3.31,9.37,13.59,7.08,8.05,8.23,8.63,11.29,28.15,38.38,3.73,3.73,3.55,-8.14,42.57,1.31,4.28,40.96,10.37,2.08,8.17,7.93,8.64,0.7,18.19,23.95,13.28,16.85,-0.3,7.86,7.48,3.86,6.1
2026-06-23,4.98,2.04,3.57,5.95,14.37,-2.15,3.96,9.3,3.57,2.39,6.55,23.59,-13.05,1.18,13.05,-3.71,2.28,9.05,5.18,10.71,2.33,23.6,1.88,4.17,7.35,29.03,4.130000000000001,3.31,9.37,13.59,7.08,8.05,8.23,8.63,11.29,28.15,38.38,3.73,3.73,3.55,-8.14,42.57,1.31,4.28,40.96,10.37,2.08,8.17,7.93,8.64,0.7,18.19,23.95,13.28,16.85,-0.3,7.86,7.48,3.86,6.1
2026-06-24,4.98,2.04,3.57,5.95,14.37,-2.15,3.96,9.3,3.57,2.39,6.55,23.59,-13.05,1.18,13.05,-3.71,2.28,9.05,5.18,10.71,2.33,23.6,1.88,4.17,7.35,29.03,4.130000000000001,3.31,9.37,13.59,7.08,8.05,8.23,8.63,11.29,28.15,38.38,3.73,3.73,3.55,-8.14,42.57,1.31,4.28,40.96,10.37,2.08,8.17,7.93,8.64,0.7,18.19,23.95,13.28,16.85,-0.3,7.86,7.48,3.86,6.1
2026-06-25,4.98,2.04,3.57,5.95,14.37,-2.15,3.96,9.3,3.57,2.39,6.55,23.59,-13.05,1.18,13.05,-3.71,2.28,9.05,5.18,10.71,2.33,23.6,1.88,4.17,7.35,29.03,4.130000000000001,3.31,9.37,13.59,7.08,8.05,8.23,8.63,11.29,28.15,38.38,3.73,3.73,3.55,-8.14,42.57,1.31,4.28,40.96,10.37,2.08,8.17,7.93,8.64,0.7,18.19,23.95,13.28,16.85,-0.3,7.86,7.48,3.86,6.1
2026-06-26,4.98,2.04,3.57,5.95,14.37,-2.15,3.96,9.3,3.57,2.39,6.55,23.59,-13.05,1.18,13.05,-3.71,2.28,9.05,5.18,10.71,2.33,23.6,1.88,4.17,7.35,29.03,4.130000000000001,3.31,9.37,13.59,7.08,8.05,8.23,8.63,11.29,28.15,38.38,3.73,3.73,3.55,-8.14,42.57,1.31,4.28,40.96,10.37,2.08,8.17,7.93,8.64,0.7,18.19,23.95,13.28,16.85,-0.3,7.86,7.48,3.86,6.1
2026-06-29,4.98,2.04,3.57,5.95,14.37,-2.15,3.96,9.3,3.57,2.39,6.55,23.59,-13.05,1.18,13.05,-3.71,2.28,9.05,5.18,10.71,2.33,23.6,1.88,4.17,7.35,29.03,4.130000000000001,3.31,9.37,13.59,7.08,8.05,8.23,8.63,11.29,28.15,38.38,3.73,3.73,3.55,-8.14,42.57,1.31,4.28,40.96,10.37,2.08,8.17,7.93,8.64,0.7,18.19,23.95,13.28,16.85,-0.3,7.86,7.48,3.86,6.1
2026-06-30,4.98,2.04,3.09,5.95,14.37,-2.15,3.96,9.3,3.57,2.39,6.55,23.59,-13.05,1.18,13.05,-3.71,2.28,9.42,5.63,10.71,2.33,22.61,1.72,4.17,7.35,29.03,4.130000000000001,3.31,9.37,13.59,7.08,8.05,8.72,8.62,11.29,28.15,38.38,3.73,0.16,3.55,-8.14,42.57,1.31,4.28,40.96,10.37,2.08,8.17,7.93,8.64,0.7,18.58,23.95,13.28,16.85,-0.3,7.86,7.81,3.86,6.1
2026-07-01,4.98,2.04,3.09,5.95,14.37,-2.15,3.96,9.3,3.57,2.39,6.55,23.59,-13.05,1.18,13.05,-3.71,2.28,9.42,5.63,10.71,2.33,22.61,1.72,4.17,7.35,29.03,4.130000000000001,3.31,9.37,13.59,7.08,8.05,8.72,8.62,11.29,28.15,38.38,3.73,0.16,3.55,-8.14,42.57,1.31,4.28,40.96,10.37,2.08,8.17,7.93,8.64,0.7,18.58,23.95,13.28,16.85,-0.3,7.86,7.81,3.86,6.1
2026-07-02,4.98,2.04,3.09,5.95,14.37,-2.15,3.96,9.3,3.57,2.39,6.55,23.59,-13.05,1.18,13.05,-3.71,2.28,9.42,5.63,10.71,2.33,22.61,1.72,4.17,7.35,29.03,4.130000000000001,3.31,9.37,13.59,7.08,8.05,8.72,8.62,11.29,28.15,38.38,3.73,0.16,3.55,-8.14,42.57,1.31,4.28,40.96,10.37,2.08,8.17,7.93,8.64,0.7,18.58,23.95,13.28,16.85,-0.3,7.86,7.81,3.86,6.1
2026-07-06,4.98,2.04,3.09,5.95,14.37,-2.15,3.96,9.3,3.57,2.39,6.55,23.59,-13.05,1.18,13.05,-3.71,2.28,9.42,5.63,10.71,2.33,22.61,1.72,4.17,7.35,29.03,4.130000000000001,3.31,9.37,13.59,7.08,8.05,8.72,8.62,11.29,28.15,38.38,3.73,0.16,3.55,-8.14,42.57,1.31,4.28,40.96,10.37,2.08,8.17,7.93,8.64,0.7,18.58,23.95,13.28,16.85,-0.3,7.86,7.81,3.86,6.1
2026-07-07,4.98,2.04,3.09,5.95,14.37,-2.15,3.96,9.3,3.57,2.39,6.55,23.59,-13.05,1.18,13.05,-3.71,2.28,9.42,5.63,10.71,2.33,22.61,1.72,4.17,7.35,29.03,4.130000000000001,3.31,9.37,13.59,7.08,8.05,8.72,8.62,11.29,28.15,38.38,3.73,0.16,3.55,-8.14,42.57,1.31,4.28,40.96,10.37,2.08,8.17,7.93,8.64,0.7,18.58,23.95,13.28,16.85,-0.3,7.86,7.81,3.86,6.1
2026-07-08,4.98,2.04,3.09,5.95,14.37,-2.15,3.96,9.3,3.57,2.39,6.55,23.59,-13.05,1.18,13.05,-3.71,2.28,9.42,5.63,10.71,2.33,22.61,1.72,4.17,7.35,29.03,4.130000000000001,3.31,9.37,13.59,7.08,8.05,8.72,8.62,11.29,28.15,38.38,3.73,0.16,3.55,-8.14,42.57,1.31,4.28,40.96,10.37,2.08,8.17,7.93,8.64,0.7,18.58,23.95,13.28,16.85,-0.3,7.86,7.81,3.86,6.1
2026-07-09,4.98,2.04,3.09,5.95,14.37,-2.15,3.96,9.3,3.57,2.39,6.55,23.59,-13.05,1.18,13.05,-3.71,2.28,9.42,5.63,10.71,2.33,22.61,1.72,4.17,7.35,29.03,4.130000000000001,3.31,9.37,13.59,7.08,8.05,8.72,8.62,11.29,28.15,38.38,3.73,0.16,3.55,-8.14,42.57,1.31,4.28,40.96,10.37,2.08,8.17,7.93,8.64,0.7,18.58,23.95,13.28,16.85,-0.3,7.86,7.81,3.86,6.1
2026-07-10,4.98,2.04,3.09,5.95,14.37,-2.15,3.96,9.3,3.57,2.39,6.55,23.59,-13.05,1.18,13.05,-3.71,2.28,9.42,5.63,10.71,2.33,22.61,1.72,4.17,7.35,29.03,4.130000000000001,3.31,9.37,13.59,7.08,8.05,8.72,8.62,11.29,28.15,38.38,3.73,0.16,3.55,-8.14,42.57,1.31,4.28,40.96,10.37,2.08,8.17,7.93,8.64,0.7,18.58,23.95,13.28,16.85,-0.3,7.86,7.81,3.86,6.1
2026-07-13,4.98,2.04,3.09,5.95,14.37,-2.15,3.96,9.3,3.57,2.39,6.55,23.59,-13.05,1.18,13.05,-3.71,2.28,9.42,5.63,10.71,2.33,22.61,1.72,4.17,7.35,29.03,4.130000000000001,3.31,9.37,13.59,7.08,8.05,8.72,8.62,11.29,28.15,38.38,3.73,0.16,3.55,-8.14,42.57,1.31,4.28,40.96,10.37,2.08,8.17,7.93,8.64,0.7,18.58,23.95,13.28,16.85,-0.3,7.86,7.81,3.86,6.1
2026-07-14,4.98,2.04,3.09,5.95,14.37,-2.15,3.96,9.3,3.57,2.39,6.55,23.59,-13.05,1.18,13.05,-3.71,2.28,9.42,5.63,10.71,2.33,22.61,1.72,4.17,7.35,29.03,4.130000000000001,3.31,9.37,13.59,7.08,8.05,8.72,8.62,11.29,28.15,38.38,3.73,0.16,3.55,-8.14,42.57,1.31,4.28,40.96,10.37,2.08,8.17,7.93,8.64,0.7,18.58,23.95,13.28,16.85,-0.3,7.86,7.81,3.86,6.1
2026-07-15,4.98,2.04,3.09,5.95,14.37,-2.15,3.96,9.3,3.57,2.39,6.55,23.59,-13.05,1.18,13.05,-3.71,2.28,9.42,5.63,10.71,2.33,22.61,1.72,4.17,7.35,29.03,4.130000000000001,3.31,9.37,13.59,7.08,8.05,8.72,8.62,11.29,28.15,38.38,3.73,0.16,3.55,-8.14,42.57,1.31,4.28,40.96,10.37,2.08,8.17,7.93,8.64,0.7,18.58,23.95,13.28,16.85,-0.3,7.86,7.81,3.86,6.1
2026-07-16,4.98,2.04,3.09,5.95,14.37,-2.15,3.96,9.3,3.57,2.39,6.55,23.59,-13.05,1.18,13.05,-3.71,2.28,9.42,5.63,10.71,2.33,22.61,1.72,4.17,7.35,29.03,4.130000000000001,3.31,9.37,13.59,7.08,8.05,8.72,8.62,11.29,28.15,38.38,3.73,0.16,3.55,-8.14,42.57,1.31,4.28,40.96,10.37,2.08,8.17,7.93,8.64,0.7,18.58,23.95,13.28,16.85,-0.3,7.86,7.81,3.86,6.1
2026-07-17,4.98,2.04,3.09,5.95,14.37,-2.15,3.96,9.3,3.57,2.39,6.55,23.59,-13.05,1.18,13.05,-3.71,2.28,9.42,5.63,10.71,2.33,22.61,1.72,4.17,7.35,29.03,4.130000000000001,3.31,9.37,13.59,7.08,8.05,8.72,8.62,11.29,28.15,38.38,3.73,0.16,3.55,-8.14,42.57,1.31,4.28,40.96,10.37,2.08,8.17,7.93,8.64,0.7,18.58,23.95,13.28,16.85,-0.3,7.86,7.81,3.86,6.1
2026-07-20,4.98,2.04,3.09,5.95,14.37,-2.15,3.96,9.3,3.57,2.39,6.55,23.59,-13.05,1.18,13.05,-3.71,2.28,9.42,5.63,10.71,2.33,22.61,1.72,4.17,7.35,29.03,4.130000000000001,3.31,9.37,13.59,7.08,8.05,8.72,8.62,11.29,28.15,38.38,3.73,0.16,3.55,-8.14,42.57,1.31,4.28,40.96,10.37,2.08,8.17,7.93,8.64,0.7,18.58,23.95,13.28,16.85,-0.3,7.86,7.81,3.86,6.1
2026-07-21,4.98,2.04,3.09,5.95,14.37,-2.15,3.96,9.3,3.57,2.39,6.55,23.59,-13.05,1.18,13.05,-3.71,2.28,9.42,5.63,10.71,2.33,22.61,1.72,4.17,7.35,29.03,4.130000000000001,3.31,9.37,13.59,7.08,8.05,8.72,8.62,11.29,28.15,38.38,3.73,0.16,3.55,-8.14,42.57,1.31,4.28,40.96,10.37,2.08,8.17,7.93,8.64,0.7,18.58,23.95,13.28,16.85,-0.3,7.86,7.81,3.86,6.1
2026-07-22,4.98,2.04,3.09,5.95,14.37,-2.15,3.96,9.3,3.57,2.39,6.55,23.59,-13.05,1.18,13.05,-3.71,2.28,9.42,5.63,10.71,2.33,22.61,1.72,4.17,7.35,29.03,4.130000000000001,3.31,9.37,13.59,7.08,8.05,8.72,8.62,11.29,28.15,38.38,3.73,0.16,3.55,-8.14,42.57,1.31,4.28,40.96,10.37,2.08,8.17,7.93,8.64,0.7,18.58,23.95,13.28,16.85,-0.3,7.86,7.81,3.86,6.1
2026-07-23,4.98,2.04,3.09,5.95,14.37,-2.15,3.96,9.3,3.57,2.39,6.55,23.59,-13.05,1.18,13.05,-3.71,2.28,9.42,5.63,10.71,2.33,22.61,1.72,4.17,7.35,29.03,4.130000000000001,3.31,9.37,13.59,7.08,8.05,8.72,8.62,11.29,28.15,38.38,3.73,0.16,3.55,-8.14,42.57,1.31,4.28,40.96,10.37,2.08,8.17,7.93,8.64,0.7,18.58,23.95,13.28,16.85,-0.3,7.86,7.81,3.86,6.1
2026-07-24,4.98,2.04,3.09,5.95,14.37,-2.15,3.96,9.3,3.57,2.39,6.55,23.59,-13.05,1.18,13.05,-3.71,2.28,9.42,5.63,10.71,2.33,22.61,1.72,4.17,7.35,29.03,4.130000000000001,3.31,9.37,13.59,7.08,8.05,8.72,8.62,11.29,28.15,38.38,3.73,0.16,3.55,-8.14,42.57,1.31,4.28,40.96,10.37,2.08,8.17,7.93,8.64,0.7,18.58,23.95,13.28,16.85,-0.3,7.86,7.81,3.86,6.1
