Date,CHTR,CMCSA,DIS,EA,FOX,FOXA,GOOG,GOOGL,IPG,LYV,META,MTCH,NFLX,NWS,NWSA,OMC,PSKY,T,TKO,TMUS,TTD,TTWO,VZ,WBD
2021-07-26,729.6599731445312,46.741485595703125,173.2997283935547,141.4900360107422,32.001312255859375,34.27777099609375,138.42410278320312,132.85694885253906,,82.18000030517578,369.2176513671875,157.68350219726562,51.64899826049805,22.668134689331055,23.706497192382812,61.323875427246094,37.42945861816406,15.740840911865234,46.12712478637695,138.63392639160156,81.44999694824219,172.89999389648438,40.66279220581055,29.34000015258789
2021-07-27,726.75,46.6300163269043,174.03660583496094,138.25596618652344,31.665632247924805,33.940242767333984,135.60092163085938,130.7406768798828,,80.29000091552734,364.6081848144531,155.7152099609375,51.89099884033203,22.51490592956543,23.63002586364746,61.49128341674805,36.70146560668945,15.752008438110352,45.74590301513672,138.49049377441406,82.68000030517578,167.5,40.96896743774414,28.829999923706055
2021-07-28,722.260009765625,46.16816329956055,173.64877319335938,139.84375,31.721574783325195,34.05275344848633,135.1895751953125,134.8978271484375,,80.20999908447266,370.03057861328125,157.09779357910156,51.93000030517578,22.60109519958496,23.658706665039062,60.947269439697266,36.9766845703125,15.645878791809082,45.736602783203125,138.77737426757812,85.55999755859375,171.27999877929688,40.61905288696289,29.389999389648438
2021-07-29,713.7999877929688,46.27168273925781,172.92161560058594,139.66845703125,31.646987915039062,34.03400421142578,135.34716796875,134.58409118652344,,80.72000122070312,355.2007751464844,156.88658142089844,51.42499923706055,22.43829345703125,23.496196746826172,61.290409088134766,37.01218032836914,15.802281379699707,44.723121643066406,138.3087921142578,84.0999984741211,169.99000549316406,40.808589935302734,30.18000030517578
2021-07-30,744.0499877929688,46.845001220703125,170.6625213623047,140.23342895507812,30.994281768798828,33.433956146240234,134.0392303466797,133.54234313964844,,78.88999938964844,353.1983947753906,152.92120361328125,51.75699996948242,22.51490592956543,23.54399299621582,60.947269439697266,36.337467193603516,15.668219566345215,45.91325759887695,137.7254638671875,81.91000366210938,173.4199981689453,40.66279220581055,29.010000228881836
2021-08-02,749.8699951171875,46.558345794677734,170.2068328857422,140.37954711914062,31.040904998779297,33.415199279785156,134.80101013183594,133.66921997070312,,79.12000274658203,348.8862609863281,154.90869140625,51.51499938964844,22.64897918701172,23.649139404296875,61.114654541015625,36.257568359375,15.701738357543945,45.69940948486328,138.57659912109375,83.19000244140625,173.2100067138672,40.64821243286133,29.09000015258789
2021-08-03,770.02001953125,46.36723709106445,167.72474670410156,136.18113708496094,30.60265350341797,32.84328079223633,135.08897399902344,134.43792724609375,,78.33000183105469,348.1824035644531,152.153076171875,51.082000732421875,22.083953857421875,23.008682250976562,60.98912048339844,34.153480529785156,15.746421813964844,45.243812561035156,138.1844940185547,83.16000366210938,159.86000061035156,40.6263542175293,27.8700008392334
2021-08-04,770.0,46.16020584106445,167.3272247314453,136.28826904296875,30.434814453125,32.730777740478516,134.8396453857422,133.93785095214844,,79.48999786376953,355.79559326171875,144.56800842285156,51.73500061035156,22.419139862060547,23.25722312927246,59.85921096801758,34.437583923339844,15.556506156921387,45.17872619628906,136.00413513183594,86.44000244140625,158.75,40.36390686035156,28.34000015258789
2021-08-05,769.9099731445312,46.45482635498047,171.3314971923828,133.3269500732422,31.973339080810547,34.8871955871582,135.74319458007812,135.05393981933594,,84.76000213623047,359.81024169921875,140.5834197998047,52.48899841308594,22.783056259155273,23.754297256469727,61.583351135253906,36.88788604736328,15.606778144836426,46.582706451416016,135.72679138183594,83.37999725341797,156.77999877929688,40.31287384033203,29.200000762939453
2021-08-06,770.0900268554688,46.733524322509766,171.73873901367188,132.81069946289062,31.460498809814453,34.202762603759766,135.83836364746094,134.54544067382812,,85.41000366210938,360.3455810546875,139.97853088378906,52.05500030517578,22.75432586669922,23.63002586364746,62.001827239990234,36.843502044677734,15.617950439453125,46.79656982421875,136.01368713378906,84.04000091552734,158.3000030517578,40.254554748535156,29.040000915527344
2021-08-09,765.5,46.40704345703125,171.34120178222656,132.63531494140625,31.23671531677246,34.230892181396484,136.7958984375,135.70965576171875,,83.30999755859375,358.46209716796875,135.50428771972656,51.99700164794922,22.62025260925293,23.333696365356445,61.374122619628906,35.7692756652832,15.556506156921387,46.26658248901367,136.74050903320312,81.31999969482422,160.57000732421875,40.18165588378906,29.229999542236328
2021-08-10,766.5,46.54241943359375,171.68055725097656,133.48281860351562,31.702932357788086,34.67155075073242,136.88958740234375,135.60458374023438,,83.75,357.9863586425781,133.45919799804688,51.58399963378906,22.43829345703125,23.209426879882812,62.65465545654297,36.17765426635742,15.69056224822998,46.712890625,136.94131469726562,87.52999877929688,159.67999267578125,40.444091796875,29.440000534057617
2021-08-11,776.6500244140625,47.052040100097656,172.66949462890625,134.71990966796875,32.20645523071289,35.13096618652344,136.4861297607422,135.0812225341797,,83.7699966430664,356.82647705078125,134.85140991210938,51.2400016784668,22.33294677734375,23.113834381103516,63.81803894042969,36.239810943603516,15.729667663574219,47.12199401855469,138.2705535888672,82.4000015258789,159.92999267578125,40.509700775146484,29.450000762939453
2021-08-12,774.5700073242188,47.00425338745117,173.83297729492188,135.39207458496094,31.842796325683594,34.71843338012695,137.18003845214844,135.9881591796875,,84.0199966430664,359.4930419921875,133.5552215576172,51.071998596191406,22.208450317382812,22.913097381591797,63.717586517333984,35.4763069152832,15.651466369628906,46.92673873901367,138.4140167236328,85.61000061035156,160.3699951171875,40.56073760986328,28.899999618530273
2021-08-13,771.7100219726562,47.23517990112305,175.56849670410156,135.09010314941406,31.76819610595703,34.69029998779297,137.19638061523438,136.51695251464844,,81.58000183105469,360.0185241699219,130.81881713867188,51.59199905395508,21.81580352783203,22.482938766479492,63.14845657348633,34.76606369018555,15.746421813964844,46.73147964477539,138.60523986816406,80.91000366210938,160.35000610351562,40.72840118408203,28.420000076293945
2021-08-16,782.5800170898438,47.17943572998047,173.63906860351562,136.3759307861328,31.936038970947266,34.868438720703125,137.70193481445312,137.09384155273438,,81.13999938964844,363.3690185546875,129.3402099609375,51.79199981689453,21.940305709838867,22.55941390991211,63.41630172729492,34.19786834716797,15.752008438110352,46.30377960205078,134.5792694091797,78.95999908447266,160.35000610351562,40.808589935302734,28.34000015258789
2021-08-17,788.3699951171875,47.354610443115234,170.47830200195312,137.38902282714844,31.777530670166016,34.67155075073242,136.10055541992188,135.4603271484375,,80.55999755859375,355.32965087890625,125.74927520751953,51.89099884033203,21.375274658203125,21.976303100585938,62.51237487792969,34.65065002441406,15.746421813964844,45.513450622558594,134.5218963623047,79.26000213623047,163.47000122070312,40.95438766479492,28.610000610351562
2021-08-18,785.469970703125,47.00425338745117,169.42149353027344,136.36619567871094,31.525774002075195,34.27777099609375,135.3764190673828,134.25851440429688,,80.87000274658203,352.35577392578125,128.39926147460938,52.1870002746582,20.666597366333008,21.202022552490234,61.064430236816406,35.929073333740234,15.545332908630371,44.5743522644043,133.71861267089844,76.9000015258789,161.6199951171875,40.436805725097656,28.450000762939453
2021-08-19,785.5399780273438,46.948516845703125,167.976806640625,136.96038818359375,31.199417114257812,33.92149353027344,135.7169189453125,134.4874725341797,,79.5,352.0287170410156,128.22645568847656,54.37099838256836,20.388872146606445,20.90569305419922,59.524452209472656,35.19219970703125,15.37775993347168,43.932796478271484,134.73226928710938,75.79000091552734,162.27000427246094,40.36390686035156,27.739999771118164
2021-08-20,794.0900268554688,47.30684280395508,169.78988647460938,136.54153442382812,31.712255477905273,34.46528625488281,137.2270965576172,136.22161865234375,,80.19999694824219,356.2416687011719,127.37189483642578,54.6879997253418,20.580408096313477,21.125551223754883,59.95964813232422,35.25435256958008,15.400107383728027,45.104331970214844,135.61204528808594,77.18000030517578,160.9600067138672,40.4732551574707,28.06999969482422
2021-08-23,797.510009765625,47.61739730834961,172.2526092529297,139.12294006347656,32.001312255859375,34.821563720703125,139.86636352539062,138.81065368652344,,83.44000244140625,360.1869812011719,131.087646484375,55.33300018310547,20.89643669128418,21.393203735351562,60.771514892578125,35.80479049682617,15.372176170349121,45.60643005371094,136.31015014648438,79.38999938964844,163.36000061035156,40.400352478027344,28.440000534057617
2021-08-24,792.6400146484375,47.40239334106445,173.03793334960938,138.87942504882812,31.926719665527344,34.75592803955078,141.15399169921875,140.01991271972656,,85.73999786376953,362.32818603515625,134.57296752929688,55.340999603271484,20.86771011352539,21.335847854614258,60.75475311279297,36.13326644897461,15.333073616027832,46.50833511352539,136.2718963623047,80.62000274658203,163.82000732421875,40.101470947265625,28.700000762939453
2021-08-25,796.6699829101562,47.36258316040039,172.8828125,138.1877899169922,31.973339080810547,34.72780227661133,141.70068359375,140.8302459716797,,85.88999938964844,365.18316650390625,131.4716796875,54.757999420166016,21.059247970581055,21.584386825561523,60.72965621948242,36.37297058105469,15.321900367736816,46.68498992919922,133.7472686767578,80.05999755859375,160.66000366210938,40.043155670166016,28.739999771118164
2021-08-26,797.4000244140625,46.98036193847656,171.18609619140625,137.8079376220703,31.702932357788086,34.39027786254883,140.8809051513672,140.19735717773438,,84.75,361.2080078125,131.28929138183594,55.012001037597656,21.02093505859375,21.374086380004883,60.06009292602539,35.4763069152832,15.092883110046387,47.73565673828125,131.5669403076172,78.41999816894531,158.8800048828125,39.80259323120117,27.889999389648438
2021-08-27,807.1799926757812,47.29887390136719,174.65713500976562,139.23983764648438,32.197120666503906,34.8778190612793,143.2871856689453,142.73829650878906,,86.9000015258789,369.38623046875,135.3794708251953,55.891998291015625,21.222047805786133,21.737327575683594,61.256935119628906,36.30194091796875,15.154328346252441,48.349327087402344,132.3319854736328,80.58000183105469,160.02999877929688,39.926509857177734,28.280000686645508
2021-08-30,814.2000122070312,47.54572677612305,174.50198364257812,139.58078002929688,32.001312255859375,34.75592803955078,144.19815063476562,143.3196563720703,,86.56999969482422,377.3462829589844,133.9680633544922,56.61800003051758,21.049665451049805,21.383644104003906,60.369754791259766,35.71599197387695,15.210187911987305,48.284236907958984,131.87290954589844,80.70999908447266,158.13999938964844,39.926509857177734,27.850000381469727
2021-08-31,816.6599731445312,48.318119049072266,175.7818145751953,141.6190948486328,32.517765045166016,35.33157730102539,144.19070434570312,143.42572021484375,,86.69999694824219,376.0774230957031,131.9613800048828,56.91899871826172,21.097549438476562,21.47923469543457,61.28204345703125,36.799102783203125,15.316314697265625,48.45159912109375,131.03140258789062,80.05000305175781,161.22000122070312,40.094181060791016,28.84000015258789
2021-09-01,818.4400024414062,48.68440246582031,177.89544677734375,142.80889892578125,32.151554107666016,34.916358947753906,144.56739807128906,143.93917846679688,,86.36000061035156,378.72418212890625,133.0943603515625,58.207000732421875,21.442312240600586,21.81380271911621,61.424320220947266,36.76359939575195,15.187843322753906,48.67475128173828,131.71995544433594,79.51000213623047,161.92999267578125,40.05044937133789,28.43000030517578
2021-09-02,821.010009765625,49.170135498046875,176.3247528076172,141.8043975830078,32.41447448730469,35.076786041259766,142.9585723876953,142.02761840820312,,86.69000244140625,372.01312255859375,141.2458953857422,58.85499954223633,21.308238983154297,21.65129852294922,62.21943664550781,36.8790168762207,15.439205169677734,48.89789962768555,130.1802978515625,78.0199966430664,162.02999877929688,40.30558776855469,28.940000534057617
2021-09-03,811.3300170898438,49.14624786376953,175.4909210205078,142.9747314453125,32.048255920410156,34.81255340576172,143.50970458984375,142.4761199951172,,86.08000183105469,372.9845886230469,142.28286743164062,59.053001403808594,21.193317413330078,21.56526756286621,61.717262268066406,36.64818572998047,15.39452075958252,48.349327087402344,130.0559539794922,78.19999694824219,160.55999755859375,40.40763854980469,28.309999465942383
2021-09-07,800.8300170898438,48.015525817871094,178.72927856445312,141.62881469726562,31.96375274658203,34.680442810058594,144.24720764160156,143.0123748779297,,87.68000030517578,378.8530578613281,153.00759887695312,60.67100143432617,20.829402923583984,21.221141815185547,61.16486740112305,36.950042724609375,15.316314697265625,47.33585739135742,128.59283447265625,75.27999877929688,159.11000061035156,39.96296310424805,27.959999084472656
2021-09-08,799.7899780273438,47.888126373291016,179.51461791992188,140.53652954101562,31.268884658813477,33.93492126464844,143.61727905273438,142.4280548095703,,86.69000244140625,374.2831726074219,151.9802703857422,60.60499954223633,20.762365341186523,21.106430053710938,60.88867950439453,36.319705963134766,15.416860580444336,47.001121520996094,127.82782745361328,72.30000305175781,159.4499969482422,40.0285758972168,26.979999542236328
2021-09-09,785.4099731445312,47.426292419433594,180.25149536132812,138.7908172607422,31.61631965637207,34.31240463256836,143.64700317382812,142.2793731689453,,86.37999725341797,374.70947265625,151.42340087890625,59.75400161743164,20.61871337890625,21.077754974365234,60.361392974853516,35.813663482666016,15.316314697265625,46.564117431640625,125.6953125,72.81999969482422,157.02999877929688,39.68595886230469,26.790000915527344
2021-09-10,787.1199951171875,47.21925354003906,178.51597595214844,141.5410614013672,31.268884658813477,33.91605758666992,140.6806640625,139.63783264160156,,86.08000183105469,375.3934631347656,157.8275146484375,59.87200164794922,20.53252410888672,20.9248046875,59.98475646972656,35.201080322265625,15.182254791259766,48.265655517578125,125.09281158447266,72.77999877929688,153.94000244140625,39.53285598754883,26.149999618530273
2021-09-13,793.0700073242188,47.75275802612305,179.34979248046875,141.10220336914062,31.672658920288086,34.293521881103516,142.211181640625,141.0814971923828,,89.11000061035156,373.2324523925781,155.5519561767578,58.92900085449219,20.522947311401367,20.915250778198242,60.687801361083984,35.84029769897461,15.372176170349121,50.19031524658203,124.33734893798828,71.19999694824219,152.92999267578125,39.817169189453125,27.059999465942383
2021-09-14,761.8599853515625,44.26506805419922,176.8483123779297,141.77513122558594,30.836944580078125,33.31209182739258,142.1526641845703,141.29164123535156,,88.68000030517578,373.25225830078125,151.0873565673828,57.7760009765625,20.59992027282715,21.136117935180664,60.64596176147461,34.75963592529297,15.266045570373535,50.33941650390625,123.28543090820312,70.83000183105469,152.14999389648438,39.66408157348633,26.260000228881836
2021-09-15,765.2000122070312,45.3878173828125,178.79713439941406,133.65113830566406,31.98253631591797,34.50114059448242,143.9369354248047,143.16006469726562,,86.54000091552734,370.66497802734375,152.5563507080078,58.2869987487793,20.753864288330078,21.07849884033203,61.867919921875,36.05463790893555,15.400107383728027,51.32719802856445,121.51628875732422,70.81999969482422,152.69000244140625,39.78071975708008,26.809999465942383
2021-09-16,765.239990234375,45.61077117919922,177.7597198486328,132.59786987304688,32.57410430908203,35.22777557373047,143.11172485351562,142.3477783203125,,86.80999755859375,369.8124084472656,153.67971801757812,58.650001525878906,21.167593002319336,21.577852249145508,61.348995208740234,36.10822677612305,15.416860580444336,51.25264358520508,123.27587127685547,73.19999694824219,151.88999938964844,39.67866134643555,26.989999771118164
2021-09-17,763.47998046875,45.475406646728516,177.88575744628906,130.5692596435547,32.95909118652344,35.58637619018555,140.22714233398438,139.56246948242188,,86.83000183105469,361.5450744628906,150.87611389160156,58.935001373291016,20.90781021118164,21.462617874145508,61.17323303222656,35.71525955200195,15.37775993347168,51.33652114868164,122.4056396484375,72.58000183105469,151.66000366210938,39.56931686401367,26.8799991607666
2021-09-20,755.9000244140625,44.98171615600586,173.17367553710938,126.87299346923828,32.423858642578125,35.039039611816406,137.80203247070312,137.500244140625,,86.73999786376953,352.6036071777344,145.42251586914062,57.542999267578125,20.522945404052734,20.99207878112793,60.40424728393555,34.70604705810547,15.199012756347656,51.0383186340332,120.13919830322266,69.70999908447266,148.83999633789062,39.55473327636719,26.010000228881836
2021-09-21,747.6300048828125,44.63930892944336,165.9601287841797,123.62532806396484,32.376914978027344,35.039039611816406,138.42604064941406,137.8109893798828,,85.22000122070312,354.3681335449219,145.86416625976562,57.31399917602539,20.888566970825195,21.328176498413086,59.871856689453125,34.527435302734375,15.059368133544922,51.91426467895508,119.44113159179688,72.13999938964844,145.72000122070312,39.387062072753906,25.149999618530273
2021-09-22,751.5499877929688,44.60746383666992,168.36463928222656,123.27424621582031,33.25958251953125,36.05821990966797,139.70675659179688,139.05050659179688,,88.31999969482422,340.2222900390625,147.52520751953125,59.064998626708984,21.677539825439453,22.20204734802246,61.215484619140625,35.00971221923828,15.087300300598145,51.60675048828125,122.14742279052734,75.58000183105469,145.25,39.408939361572266,25.440000534057617
2021-09-23,741.9500122070312,44.72689437866211,170.88551330566406,124.72740173339844,33.50371170043945,36.256385803222656,140.5869903564453,139.97482299804688,,91.58999633789062,342.9483947753906,148.60057067871094,59.32600021362305,22.822513580322266,23.056713104248047,62.66898727416992,35.777774810791016,15.187843322753906,51.97950744628906,125.21712493896484,76.4000015258789,146.67999267578125,39.6713752746582,25.530000686645508
2021-09-24,739.1699829101562,44.78264617919922,170.64312744140625,126.68766021728516,34.09530258178711,37.04908752441406,141.3864288330078,140.96505737304688,,92.73999786376953,349.887451171875,154.49583435058594,59.23899841308594,23.226621627807617,23.40241813659668,63.150665283203125,35.71525955200195,15.154328346252441,52.14723587036133,123.77311706542969,76.45999908447266,147.36000061035156,39.63492202758789,25.299999237060547
2021-09-27,734.4099731445312,44.822452545166016,172.83433532714844,128.71627807617188,34.6774787902832,37.860652923583984,140.26431274414062,139.83206176757812,,93.63999938964844,350.50201416015625,158.07711791992188,59.263999938964844,23.101543426513672,23.229562759399414,64.04641723632812,36.11716079711914,15.305150032043457,52.212467193603516,122.19523620605469,75.79000091552734,148.64999389648438,39.707820892333984,26.139999389648438
2021-09-28,727.489990234375,43.596187591552734,169.20816040039062,130.4619903564453,34.61174774169922,37.58699417114258,134.99378967285156,134.6361541748047,,92.41999816894531,337.6846008300781,150.2520294189453,58.3849983215332,22.86100196838379,22.97028350830078,62.45771408081055,35.929595947265625,15.215774536132812,51.80244445800781,120.78949737548828,69.2699966430664,149.11000061035156,39.48183822631836,25.600000381469727
2021-09-29,733.1799926757812,44.535797119140625,167.42416381835938,134.5288543701172,34.977962493896484,37.98333740234375,133.34532165527344,133.17262268066406,,91.41000366210938,336.65362548828125,146.3058319091797,59.90599822998047,22.678192138671875,22.864652633666992,62.153499603271484,35.83137130737305,15.305150032043457,52.26837921142578,122.50127410888672,67.80999755859375,151.60000610351562,39.6422119140625,25.420000076293945
2021-09-30,727.5599975585938,44.535797119140625,164.02101135253906,138.73228454589844,34.855892181396484,37.851219177246094,132.100830078125,132.50106811523438,,91.12999725341797,336.43560791015625,150.7321014404297,61.034000396728516,22.351055145263672,22.595766067504883,61.232398986816406,35.286563873291016,15.087300300598145,52.42679214477539,122.17613220214844,70.30000305175781,154.07000732421875,39.372493743896484,25.3799991607666
2021-10-01,738.0800170898438,45.55503463745117,170.65280151367188,140.03916931152344,35.3817253112793,38.48348617553711,135.2698516845703,135.34288024902344,,98.7300033569336,340.02410888671875,152.30670166015625,61.314998626708984,22.68781280517578,22.768619537353516,62.643638610839844,35.6348876953125,15.171085357666016,53.72209167480469,121.21981811523438,70.41999816894531,158.5399932861328,39.58389663696289,25.739999771118164
2021-10-04,740.9600219726562,45.21263122558594,168.180419921875,139.6197967529297,35.91696548461914,39.14406967163086,132.59596252441406,132.48472595214844,,97.97000122070312,323.3901062011719,146.56509399414062,60.334999084472656,22.418407440185547,22.518943786621094,62.44926452636719,34.9293327331543,15.22136116027832,53.6568603515625,119.97664642333984,66.02999877929688,157.1300048828125,39.72970199584961,25.610000610351562
2021-10-05,747.7899780273438,45.42057418823242,169.29544067382812,140.52679443359375,36.27378463745117,39.5404167175293,134.9868621826172,134.82745361328125,,99.83000183105469,330.0614929199219,148.3413543701172,63.48099899291992,22.697437286376953,22.835844039916992,63.8436164855957,35.34016036987305,15.277215003967285,53.992332458496094,119.91927337646484,67.5999984741211,162.02000427246094,39.73698043823242,26.149999618530273
2021-10-06,743.75,45.50855255126953,170.1389617919922,130.75454711914062,36.020259857177734,39.21012496948242,136.153564453125,136.35589599609375,,101.02999877929688,330.7356262207031,151.03932189941406,63.90999984741211,22.456893920898438,22.691795349121094,63.58162307739258,34.982913970947266,15.25487232208252,54.30916976928711,119.15422058105469,68.29000091552734,165.44000244140625,39.75156021118164,25.8799991607666
2021-10-07,741.9500122070312,45.908451080322266,172.30108642578125,134.18753051757812,36.47098159790039,39.776336669921875,137.9690704345703,138.00132751464844,,98.97000122070312,326.3541259765625,153.5548858642578,63.185001373291016,22.889867782592773,23.104726791381836,63.767547607421875,35.58129119873047,15.523323059082031,54.27189636230469,117.79629516601562,70.41999816894531,170.77000427246094,39.75893783569336,26.459999084472656
2021-10-08,706.1300048828125,43.74900817871094,171.360595703125,136.52818298339844,36.69634246826172,39.87070846557617,138.83193969726562,138.55691528320312,,98.33999633789062,327.1768798828125,151.26014709472656,63.26599884033203,23.02457046508789,23.12392807006836,63.56473159790039,35.55451583862305,15.339954376220703,54.812374114990234,115.92195892333984,71.0,173.69000244140625,39.272090911865234,25.889999389648438
2021-10-11,695.22998046875,41.7655029296875,168.23861694335938,136.02102661132812,36.527320861816406,39.729156494140625,137.634033203125,137.69305419921875,,98.04000091552734,322.616943359375,149.43589782714844,62.70399856567383,22.966842651367188,23.018299102783203,63.60698699951172,35.161529541015625,14.915916442871094,54.30916976928711,112.0680923461914,70.72000122070312,170.72000122070312,38.49018859863281,25.170000076293945
2021-10-12,690.6199951171875,41.85348129272461,167.8604736328125,133.29025268554688,36.45220184326172,39.63478469848633,135.51820373535156,135.2497100830078,,100.05999755859375,320.9515075683594,152.4699249267578,62.49399948120117,23.082298278808594,22.931869506835938,62.33940124511719,34.96505355834961,14.572098731994629,55.18512725830078,111.1978759765625,72.75,171.35000610351562,37.86319351196289,24.579999923706055
2021-10-13,696.22998046875,42.14141082763672,167.69566345214844,133.0659637451172,36.724510192871094,39.96508026123047,136.69480895996094,136.37277221679688,,99.62000274658203,321.7148132324219,152.6235809326172,62.97600173950195,22.94759750366211,22.74941635131836,62.778831481933594,35.161529541015625,14.497604370117188,54.868282318115234,111.37000274658203,75.72000122070312,170.60000610351562,37.87794876098633,25.5
2021-10-14,703.6699829101562,43.181148529052734,169.1015167236328,132.3540496826172,37.00621032714844,40.0594482421875,140.1761016845703,139.91036987304688,,100.41000366210938,325.6700744628906,150.75128173828125,63.380001068115234,23.245868682861328,23.104726791381836,64.62948608398438,35.2508430480957,14.680974960327148,55.427406311035156,114.0476303100586,77.08999633789062,169.3800048828125,38.29840087890625,25.260000228881836
2021-10-15,699.030029296875,43.20513916015625,171.08914184570312,131.41778564453125,36.593055725097656,39.266754150390625,140.43679809570312,140.12547302246094,,101.56999969482422,321.9329528808594,153.6413116455078,62.82899856567383,23.207382202148438,22.95107650756836,64.70555114746094,34.75963592529297,14.726815223693848,55.43672561645508,112.42192077636719,78.45999908447266,170.55999755859375,38.55657958984375,24.829999923706055
2021-10-18,706.8800048828125,42.565303802490234,165.93106079101562,131.37872314453125,36.70573425292969,39.568729400634766,141.71107482910156,141.5230712890625,,102.41000366210938,332.42083740234375,151.9226531982422,63.797000885009766,22.966842651367188,22.614973068237305,64.57035064697266,34.411319732666016,14.514796257019043,55.63241958618164,112.24978637695312,80.81999969482422,171.75,38.29103088378906,24.670000076293945
2021-10-19,717.9099731445312,43.3810920715332,165.96983337402344,133.3682861328125,37.49449157714844,40.606781005859375,142.56504821777344,141.9780731201172,,100.01000213623047,337.03033447265625,154.2845916748047,63.900001525878906,23.06305503845215,22.759016036987305,64.62103271484375,34.89360809326172,14.66378402709961,55.88402557373047,113.37821960449219,81.41000366210938,172.0399932861328,38.61558532714844,24.899999618530273
2021-10-20,734.010009765625,43.756996154785156,165.3590087890625,135.75772094726562,37.74803161621094,40.77664566040039,141.1703338623047,140.52296447753906,,100.26000213623047,337.81353759765625,152.81558227539062,62.513999938964844,23.27473258972168,22.85504722595215,63.150665283203125,34.71498107910156,14.847150802612305,56.1635856628418,116.6104965209961,79.55999755859375,173.5,39.54502487182617,25.329999923706055
2021-10-21,735.6699829101562,43.213138580322266,166.1249542236328,137.15237426757812,37.22218704223633,40.2104377746582,141.53265380859375,140.63893127441406,,100.56999969482422,338.9039306640625,168.53305053710938,65.31600189208984,23.15927505493164,22.87425422668457,61.173255920410156,33.74150466918945,14.76119613647461,56.1356315612793,111.74295043945312,81.05999755859375,182.05999755859375,39.38274002075195,25.0
2021-10-22,730.9299926757812,43.36510467529297,164.26339721679688,137.5814666748047,37.1095085144043,40.12550735473633,137.41346740722656,136.35739135742188,,100.75,321.7842102050781,162.57058715820312,66.47799682617188,23.43830108642578,23.11432647705078,59.96481704711914,33.500370025634766,14.606480598449707,55.95857238769531,111.76209259033203,73.95999908447266,180.75,39.043418884277344,25.100000381469727
2021-10-25,731.010009765625,43.25312805175781,166.77456665039062,138.6737823486328,36.555484771728516,39.474365234375,137.56016540527344,136.2389678955078,,100.5199966430664,325.8287048339844,160.96714782714844,67.16600036621094,23.5248966217041,23.20075225830078,59.30567932128906,33.58967590332031,14.692431449890137,56.18223190307617,110.86317443847656,76.11000061035156,182.99000549316406,38.78525161743164,25.290000915527344
2021-10-26,728.22998046875,42.997196197509766,166.8036346435547,138.87857055664062,36.358299255371094,39.24787139892578,138.4513397216797,138.08407592773438,,101.08999633789062,313.06085205078125,156.6945343017578,66.85199737548828,23.091920852661133,22.90306282043457,60.03240966796875,33.11632537841797,14.537714004516602,56.45246124267578,111.27436828613281,76.77999877929688,182.5399932861328,39.15407180786133,24.639999389648438
2021-10-27,714.510009765625,41.94145202636719,164.38943481445312,136.89881896972656,35.19393539428711,37.936153411865234,145.1477813720703,144.932373046875,,100.61000061035156,309.50213623046875,152.14349365234375,66.29199981689453,21.61018943786621,22.048398971557617,58.325416564941406,31.999948501586914,14.360076904296875,55.78152084350586,111.52300262451172,73.05000305175781,180.91000366210938,38.82212829589844,23.600000381469727
2021-10-28,706.27001953125,41.50956726074219,164.51547241210938,136.76223754882812,35.616485595703125,38.46461868286133,144.85186767578125,144.56710815429688,,100.44000244140625,314.1611633300781,149.83914184570312,67.40499877929688,21.946949005126953,22.23085594177246,58.325416564941406,33.062740325927734,14.640860557556152,57.09545135498047,110.96835327148438,75.43000030517578,181.11000061035156,38.94751739501953,24.309999465942383
2021-10-29,674.8900146484375,41.1336555480957,163.92405700683594,136.78175354003906,34.70564270019531,37.50205993652344,146.97467041015625,146.7447967529297,,101.1500015258789,320.75323486328125,144.7696075439453,69.03099822998047,21.706405639648438,21.990781784057617,57.531070709228516,32.348262786865234,14.474682807922363,56.92771530151367,110.00251007080078,74.91000366210938,181.0,39.087677001953125,23.440000534057617
2021-11-01,671.3699951171875,41.7974853515625,165.00994873046875,138.26419067382812,35.851234436035156,38.74772262573242,142.51747131347656,142.2357635498047,,104.04000091552734,327.1075134277344,147.9476776123047,68.11699676513672,22.46651840209961,22.58616828918457,58.27471160888672,33.26816177368164,14.537714004516602,57.60797882080078,110.79622650146484,76.48999786376953,183.8000030517578,39.05817794799805,24.420000076293945
2021-11-02,681.5,42.10140609741211,164.66091918945312,136.7037353515625,36.32073211669922,39.25730895996094,144.5882110595703,144.1542510986328,,106.77999877929688,325.22406005859375,142.6285400390625,67.77200317382812,22.264461517333984,22.58616828918457,57.35361099243164,33.37532424926758,14.45749282836914,57.580020904541016,110.73883819580078,75.04000091552734,183.94000244140625,38.77787780761719,24.549999237060547
2021-11-03,692.5399780273438,42.34935760498047,164.90330505371094,136.05029296875,36.27378463745117,39.238441467285156,145.50709533691406,145.30950927734375,,105.27999877929688,328.73321533203125,146.84352111816406,68.8290023803711,22.052783966064453,22.413311004638672,57.46345138549805,33.53608703613281,14.428841590881348,56.78792953491211,116.6104965209961,76.70999908447266,184.16000366210938,39.05079650878906,25.600000381469727
2021-11-04,686.0700073242188,42.173397064208984,165.09722900390625,138.95660400390625,36.07659912109375,39.00251770019531,147.38356018066406,146.96434020996094,,107.5199966430664,332.9263916015625,150.7224884033203,66.83999633789062,22.505002975463867,22.538150787353516,57.150794982910156,32.062461853027344,14.211088180541992,56.22880935668945,117.2894515991211,72.43000030517578,192.91000366210938,38.246761322021484,25.459999084472656
2021-11-05,689.3200073242188,43.109169006347656,170.2843780517578,136.11859130859375,36.2550048828125,39.14406967163086,147.9366912841797,147.54368591308594,,123.80000305175781,338.160400390625,154.32296752929688,64.5719985961914,23.342082977294922,23.40241813659668,58.139503479003906,32.4554328918457,14.383002281188965,54.66328048706055,117.30857849121094,68.55000305175781,187.1999969482422,38.534446716308594,26.520000457763672
2021-11-08,695.1799926757812,42.781246185302734,171.48663330078125,134.74342346191406,35.58831024169922,38.27587890625,148.04620361328125,147.72113037109375,,117.13999938964844,335.6722717285156,149.69512939453125,65.1449966430664,23.043813705444336,23.095121383666992,58.325416564941406,32.00887680053711,14.256933212280273,55.0080680847168,115.57769775390625,88.75,185.13999938964844,38.6008415222168,26.280000686645508
2021-11-09,696.3099975585938,42.98918914794922,169.78021240234375,136.3330841064453,35.400516510009766,38.25700759887695,147.94410705566406,147.60960388183594,,116.61000061035156,332.4505310058594,149.3878936767578,65.5989990234375,22.803272247314453,22.787826538085938,58.30007553100586,31.705228805541992,14.159517288208008,52.920684814453125,114.62140655517578,97.08999633789062,186.80999755859375,38.534446716308594,26.649999618530273
2021-11-10,701.25,43.32509994506836,169.1403045654297,135.83575439453125,35.503807067871094,38.398555755615234,145.34454345703125,144.61119079589844,,115.01000213623047,324.78790283203125,147.90927124023438,64.69100189208984,22.601221084594727,22.566957473754883,58.46908187866211,31.60698127746582,14.297041893005371,51.52289581298828,114.324951171875,88.66000366210938,182.75,38.799991607666016,27.360000610351562
2021-11-11,694.2100219726562,42.91721725463867,157.17588806152344,140.87783813476562,35.888797760009766,38.8326530456543,145.46546936035156,144.4852752685547,,114.26000213623047,324.8869934082031,143.7806854248047,65.75800323486328,22.678192138671875,22.662988662719727,58.815547943115234,31.794532775878906,14.279854774475098,51.97950744628906,113.29214477539062,91.55000305175781,185.7100067138672,38.68935775756836,28.229999542236328
2021-11-12,689.3499755859375,42.789241790771484,154.77139282226562,141.8434295654297,35.823062896728516,38.785465240478516,148.337646484375,147.3712158203125,,112.31999969482422,337.9224853515625,141.09230041503906,68.26100158691406,22.8802490234375,22.864652633666992,58.249366760253906,31.43729019165039,14.291313171386719,52.100643157958984,113.07219696044922,100.33000183105469,187.8300018310547,38.608211517333984,27.90999984741211
2021-11-15,692.9099731445312,42.693267822265625,153.60789489746094,137.78628540039062,36.07659912109375,38.945899963378906,148.0823974609375,147.14720153808594,,115.94000244140625,344.534423828125,142.50369262695312,67.93299865722656,22.52424430847168,22.528547286987305,58.333866119384766,31.955286026000977,14.211088180541992,52.324302673339844,112.62274169921875,105.44999694824219,177.60000610351562,38.652469635009766,28.020000457763672
2021-11-16,689.1799926757812,42.485321044921875,153.99571228027344,136.10882568359375,35.316001892089844,38.14375686645508,147.77313232421875,146.57626342773438,,115.70999908447266,339.9744873046875,140.9002685546875,68.73999786376953,22.7744083404541,22.691795349121094,57.514163970947266,31.39263153076172,14.130867004394531,52.398841857910156,113.18696594238281,111.63999938964844,179.69000244140625,38.40167236328125,27.729999542236328
2021-11-17,691.0399780273438,42.97319793701172,152.5413818359375,134.72393798828125,35.250267028808594,38.021087646484375,147.75924682617188,146.74578857421875,,115.0999984741211,337.8035583496094,141.72598266601562,69.16899871826172,22.620460510253906,22.470928192138672,58.426815032958984,31.33011245727539,14.130867004394531,50.208953857421875,112.0680923461914,107.5,177.0399932861328,38.15825271606445,27.59000015258789
2021-11-18,685.8800048828125,42.2133903503418,150.8446502685547,133.93397521972656,34.668087005615234,37.34162521362305,149.391845703125,148.5215301513672,,112.95999908447266,335.7416687011719,136.7140655517578,68.2020034790039,22.47613525390625,22.29807472229004,57.21840286254883,30.570981979370117,13.97614860534668,49.69643020629883,111.86727905273438,105.47000122070312,174.0,37.79680633544922,26.850000381469727
2021-11-19,682.3400268554688,41.5175666809082,149.31271362304688,129.11614990234375,34.10468292236328,36.79429626464844,148.6419677734375,147.6175537109375,,112.54000091552734,342.29412841796875,135.33148193359375,67.87999725341797,21.475488662719727,21.251352310180664,56.719818115234375,30.061914443969727,13.82716178894043,49.07207489013672,110.56671142578125,107.79000091552734,170.5,37.51649856567383,25.260000228881836
2021-11-22,668.3200073242188,41.1976432800293,149.46786499023438,123.15721130371094,33.86992645263672,36.55837631225586,145.7930908203125,145.01609802246094,,112.11000061035156,338.04150390625,131.5485076904297,65.91999816894531,21.812246322631836,21.54904556274414,57.547977447509766,29.954742431640625,14.153786659240723,47.711551666259766,108.87406921386719,103.2699966430664,164.91000366210938,38.01810836791992,25.709999084472656
2021-11-23,674.739990234375,41.62153625488281,146.43313598632812,125.23455810546875,34.132850646972656,36.92641067504883,145.47439575195312,144.50070190429688,,112.73999786376953,334.314208984375,129.68585205078125,65.40599822998047,21.523597717285156,21.270559310913086,58.401466369628906,29.427799224853516,14.188169479370117,48.9229736328125,110.4136962890625,102.73999786376953,165.1300048828125,38.17300033569336,25.600000381469727
2021-11-24,672.6900024414062,41.49357223510742,146.73367309570312,123.51806640625,33.6915168762207,36.33189010620117,145.43524169921875,144.835693359375,,112.61000061035156,338.0910339355469,131.93258666992188,65.8290023803711,21.44662094116211,21.10730743408203,58.25782775878906,29.686800003051758,14.021990776062012,49.463470458984375,109.47653198242188,106.20999908447266,164.30999755859375,38.10662078857422,25.170000076293945
2021-11-26,672.8699951171875,40.86972427368164,143.6020050048828,122.8548583984375,32.93092346191406,35.50144577026367,141.55792236328125,140.9333038330078,,103.52999877929688,330.2201843261719,128.34165954589844,66.56400299072266,20.7923526763916,20.598352432250977,57.25221252441406,29.124147415161133,13.87873649597168,47.86996841430664,108.56805419921875,103.9800033569336,169.66000366210938,38.20988082885742,24.719999313354492
2021-11-29,668.1900024414062,41.2136344909668,143.31112670898438,121.79183959960938,32.38630294799805,34.84086608886719,144.83702087402344,144.2513885498047,,107.8499984741211,335.0874328613281,128.73532104492188,66.38400268554688,21.052135467529297,20.953664779663086,57.015586853027344,28.829423904418945,13.689634323120117,47.338809967041016,108.44374084472656,107.05999755859375,169.60000610351562,38.10662078857422,24.59000015258789
2021-11-30,646.280029296875,39.97395706176758,140.4897003173828,121.1481704711914,31.550580978393555,33.699005126953125,141.20701599121094,140.6503143310547,,106.6500015258789,321.6355285644531,124.80835723876953,64.19000244140625,20.734622955322266,20.76160430908203,56.880374908447266,27.64159393310547,13.082225799560547,45.996925354003906,104.05435943603516,103.41999816894531,165.8800048828125,37.0812873840332,23.270000457763672
2021-12-01,634.2000122070312,39.254127502441406,137.8234100341797,117.2568359375,30.2547607421875,32.50052261352539,140.3802947998047,139.81175231933594,,102.83000183105469,307.8962097167969,122.39839935302734,61.777000427246094,20.397863388061523,20.25264549255371,56.25505065917969,26.525211334228516,12.738409042358398,44.45934295654297,102.05570983886719,95.22000122070312,160.35000610351562,36.71247100830078,22.260000228881836
2021-12-02,670.4000244140625,41.189640045166016,142.71969604492188,119.55846405029297,30.90267562866211,33.34041213989258,142.51995849609375,141.70941162109375,,106.30999755859375,307.6880798339844,123.16651916503906,61.64699935913086,21.04251480102539,20.838424682617188,58.38458251953125,26.400178909301758,13.208292007446289,45.78258514404297,105.53660583496094,95.88999938964844,161.3800048828125,37.42060852050781,23.25
2021-12-03,679.2999877929688,41.4135856628418,141.76953125,122.17218780517578,31.494253158569336,34.01042175292969,141.27493286132812,140.75343322753906,,100.93000030517578,304.1689147949219,121.15983581542969,60.2130012512207,21.04251480102539,20.896045684814453,58.342308044433594,27.74876594543457,13.443231582641602,46.05282974243164,107.84126281738281,89.51000213623047,165.77999877929688,37.92957305908203,23.989999771118164
2021-12-06,672.9500122070312,41.86947250366211,145.79319763183594,123.18646240234375,31.851076126098633,34.46339416503906,142.53976440429688,141.89678955078125,,107.11000061035156,315.1028747558594,124.2802734375,61.26900100708008,21.186840057373047,21.0208797454834,58.849365234375,27.79342269897461,13.340088844299316,45.97828674316406,110.5762710571289,89.62999725341797,164.39999389648438,37.67140579223633,24.399999618530273
2021-12-07,650.5999755859375,39.65402603149414,146.21983337402344,123.19623565673828,31.87923812866211,34.42564392089844,146.74269104003906,145.97511291503906,,108.62999725341797,319.9998779296875,129.09054565429688,62.55799865722656,21.398509979248047,21.116912841796875,59.052146911621094,28.025625228881836,13.225484848022461,46.36966323852539,112.02982330322266,95.72000122070312,167.2899932861328,37.464874267578125,24.219999313354492
2021-12-08,642.0700073242188,39.14216232299805,148.6728057861328,123.41109466552734,32.18911361694336,34.680442810058594,147.4207305908203,146.88404846191406,,110.4800033569336,327.6824035644531,130.19471740722656,62.80799865722656,21.523597717285156,21.289764404296875,59.13667678833008,28.436460494995117,13.277052879333496,46.36966323852539,109.73474884033203,97.9000015258789,170.5500030517578,37.243568420410156,24.030000686645508
2021-12-09,611.969970703125,38.23838424682617,148.28500366210938,122.07316589355469,32.06704330444336,34.48226547241211,146.81161499023438,146.34085083007812,,110.7300033569336,326.9488830566406,126.93986511230469,61.099998474121094,21.119483947753906,20.90564727783203,58.97611618041992,27.74876594543457,13.145258903503418,45.391204833984375,109.00794219970703,94.51000213623047,166.3800048828125,37.00015640258789,23.579999923706055
2021-12-10,610.8900146484375,38.75026321411133,148.06199645996094,122.69819641113281,32.151554107666016,34.746498107910156,147.37564086914062,146.70068359375,,111.87000274658203,326.8794860839844,125.14439392089844,61.16600036621094,20.753864288330078,20.99207878112793,59.92256546020508,27.882732391357422,13.087955474853516,45.77327346801758,109.75386810302734,94.05999755859375,165.60000610351562,37.02228927612305,23.290000915527344
2021-12-13,605.5499877929688,38.15841293334961,145.8513946533203,123.80170440673828,31.738386154174805,34.265220642089844,145.42236328125,144.5447998046875,,108.5999984741211,331.5782165527344,121.16943359375,60.45600128173828,20.648025512695312,20.598352432250977,60.20988082885742,27.087867736816406,12.858743667602539,44.84141159057617,109.98336791992188,92.5,166.25999450683594,37.08867263793945,22.75
2021-12-14,621.8900146484375,38.99818801879883,144.56187438964844,123.87985229492188,31.428518295288086,33.95379638671875,143.70350646972656,142.6421661376953,,108.19000244140625,330.8346862792969,117.91455078125,59.79899978637695,20.31127166748047,20.175825119018555,60.93661880493164,26.646757125854492,12.772789001464844,44.41167449951172,112.1828384399414,88.33000183105469,167.6300048828125,37.36159133911133,22.510000228881836
2021-12-15,617.3200073242188,38.53431701660156,145.82229614257812,125.88182830810547,31.672658920288086,34.20859909057617,146.08053588867188,145.15386962890625,,106.41999816894531,338.685791015625,118.87470245361328,60.50400161743164,20.648025512695312,20.406291961669922,61.316898345947266,26.610748291015625,12.70402717590332,45.08430099487305,113.24433135986328,91.43000030517578,171.14999389648438,37.2878303527832,22.56999969482422
2021-12-16,631.5800170898438,39.06217956542969,144.22251892089844,126.36035919189453,32.2266731262207,34.9257926940918,143.57266235351562,143.1754608154297,,101.4000015258789,331.9847106933594,119.47958374023438,59.10599899291992,20.7923526763916,20.511926651000977,62.271812438964844,26.772789001464844,13.5864896774292,44.46773147583008,115.30994415283203,87.11000061035156,172.74000549316406,38.910648345947266,23.40999984741211
2021-12-17,650.0,38.990196228027344,144.2322235107422,124.53414916992188,32.13277053833008,34.87861251831055,141.554931640625,140.4793243408203,,105.13999938964844,330.8843078613281,121.60148620605469,58.67300033569336,20.68651580810547,20.435100555419922,61.71406173706055,26.574739456176758,13.626602172851562,44.99087905883789,114.5735855102539,89.98999786376953,175.74000549316406,39.22045135498047,23.280000686645508
2021-12-20,646.760009765625,38.71027755737305,142.01193237304688,126.87796783447266,31.757164001464844,34.34071350097656,141.15696716308594,140.3623809814453,,106.87000274658203,322.616943359375,120.82378387451172,59.374000549316406,20.31127166748047,20.05098533630371,60.1185417175293,25.818544387817383,13.861543655395508,44.63588333129883,113.7894287109375,88.04000091552734,178.35000610351562,39.161441802978516,22.889999389648438
2021-12-21,644.3300170898438,39.07817077636719,146.45252990722656,129.07530212402344,32.123382568359375,34.82199478149414,142.96006774902344,142.21145629882812,,114.22000122070312,331.2907409667969,126.24856567382812,60.492000579833984,21.129106521606445,20.838424682617188,61.63727569580078,26.421703338623047,14.021990776062012,44.45838165283203,115.80721282958984,93.52999877929688,179.44000244140625,38.932777404785156,23.530000686645508
2021-12-22,639.7899780273438,39.21413803100586,147.25726318359375,128.3916473388672,32.048255920410156,34.746498107910156,145.6647186279297,145.1281280517578,,116.91999816894531,327.5733947753906,126.15253448486328,61.42399978637695,21.244569778442383,20.92485237121582,61.065608978271484,26.268659591674805,14.199627876281738,44.607852935791016,115.2907943725586,93.48999786376953,177.6199951171875,38.9254035949707,23.6299991607666
2021-12-23,648.2999877929688,40.01393127441406,148.95399475097656,129.4365997314453,32.40508270263672,35.18059158325195,145.8565216064453,145.6251983642578,,118.54000091552734,332.32171630859375,128.12083435058594,61.409000396728516,21.6967830657959,21.44341468811035,61.59462356567383,27.52897834777832,14.251203536987305,45.17771911621094,114.66922760009766,96.05000305175781,177.9600067138672,38.85900115966797,24.420000076293945
2021-12-27,652.3499755859375,40.3658561706543,148.1492462158203,129.9248809814453,32.50837326049805,35.21833801269531,146.76995849609375,146.60650634765625,,120.19000244140625,343.16644287109375,128.6680908203125,61.3120002746582,22.014299392700195,21.683486938476562,62.243080139160156,27.114877700805664,14.199627876281738,45.486000061035156,113.39733123779297,97.68000030517578,179.55999755859375,38.85900115966797,24.360000610351562
2021-12-28,655.7899780273438,40.39784240722656,150.4761962890625,130.34486389160156,32.649227142333984,35.37876510620117,145.1680908203125,145.397705078125,,120.08999633789062,343.20611572265625,127.64076232910156,61.07099914550781,22.062408447265625,21.760311126708984,62.737937927246094,27.114877700805664,14.222550392150879,45.74757766723633,112.99569702148438,94.79000091552734,179.38999938964844,38.88851547241211,24.329999923706055
2021-12-29,656.280029296875,40.46182632446289,150.15623474121094,130.0225830078125,32.28300857543945,35.00128936767578,145.22410583496094,145.3660125732422,,119.83000183105469,339.9547119140625,124.81793975830078,61.05400085449219,21.908464431762695,21.67388343811035,62.74646759033203,26.997848510742188,14.119404792785645,46.252044677734375,112.49842071533203,92.56999969482422,180.3000030517578,38.62297439575195,23.8700008392334
2021-12-30,657.22998046875,40.46182632446289,151.18397521972656,131.31167602539062,32.63044357299805,35.416507720947266,144.7264862060547,144.91549682617188,,119.70999908447266,341.3622741699219,127.89039611816406,61.20899963378906,21.869972229003906,21.606664657592773,62.934181213378906,28.01510238647461,14.199627876281738,45.75691604614258,111.41783142089844,94.2699966430664,180.8300018310547,38.54182052612305,24.450000762939453
2021-12-31,651.969970703125,40.253883361816406,150.17564392089844,128.81163024902344,32.17972183227539,34.82199478149414,143.41506958007812,143.57887268066406,,119.69000244140625,333.4220886230469,126.978271484375,60.24399948120117,21.648677825927734,21.424203872680664,62.516109466552734,27.16888999938965,14.09648323059082,46.093231201171875,110.91098022460938,91.63999938964844,177.72000122070312,38.327911376953125,23.540000915527344
2022-01-03,647.5800170898438,40.58179473876953,151.98870849609375,131.7901611328125,32.85580062866211,35.520320892333984,143.8065948486328,143.71713256835938,,121.13999938964844,335.5929870605469,128.8793182373047,59.73699951171875,22.014299392700195,21.865943908691406,63.045108795166016,29.023359298706055,14.572098731994629,46.579010009765625,109.42872619628906,90.11000061035156,178.61000061035156,38.681976318359375,25.329999923706055
2022-01-04,640.77001953125,40.340667724609375,150.99005126953125,132.5812225341797,32.98726272583008,35.83173751831055,143.15435791015625,143.13034057617188,,120.72000122070312,333.6004638671875,127.66956329345703,59.1150016784668,21.918081283569336,21.693086624145508,64.43586730957031,29.75255012512207,14.692431449890137,47.19557571411133,109.07489776611328,85.36000061035156,181.89999389648438,39.44174575805664,26.75
2022-01-05,624.8599853515625,40.364784240722656,150.46649169921875,130.66709899902344,32.639835357666016,35.49201202392578,136.45045471191406,136.5640411376953,,117.47000122070312,321.3480529785156,120.51653289794922,56.75199890136719,21.206083297729492,20.963266372680664,64.64918518066406,29.455472946166992,15.019062042236328,45.467315673828125,110.31808471679688,79.63999938964844,171.85000610351562,39.84745407104492,26.450000762939453
2022-01-06,631.9500122070312,40.597877502441406,152.12445068359375,126.65333557128906,33.315914154052734,36.26582717895508,136.34886169433594,136.5367889404297,,119.33999633789062,329.5659484863281,121.03500366210938,55.32899856567383,21.898839950561523,21.635473251342773,66.36416625976562,29.455472946166992,14.961756706237793,45.79428482055664,110.5188980102539,76.93000030517578,164.61000061035156,39.65565872192383,25.719999313354492
2022-01-07,610.489990234375,40.2281379699707,153.0261688232422,128.69442749023438,33.8042106628418,36.82260513305664,135.80711364746094,135.81271362304688,,115.86000061035156,328.9017333984375,120.27650451660156,54.10599899291992,21.83148765563965,21.606664657592773,66.88465118408203,31.85907554626465,15.472896575927734,46.72848892211914,104.9437026977539,78.94000244140625,164.60000610351562,40.49178695678711,30.059999465942383
2022-01-10,605.4299926757812,40.60591125488281,151.83360290527344,125.88182830810547,33.77603530883789,36.83203887939453,137.3629150390625,137.45068359375,,115.31999969482422,325.2140808105469,121.51508331298828,53.98500061035156,21.581323623657227,21.347381591796875,66.34710693359375,31.426969528198242,15.572951316833496,47.79346466064453,101.1185302734375,81.0,142.99000549316406,40.21555709838867,28.59000015258789
2022-01-11,612.0999755859375,41.10424041748047,153.08432006835938,127.7373275756836,33.6727409362793,36.75654983520508,138.79380798339844,138.5078125,,116.0,331.4592590332031,120.9773941040039,54.08399963378906,21.850730895996094,21.55864906311035,66.1423110961914,31.47197914123535,15.50232982635498,48.14846420288086,106.11994171142578,84.87999725341797,148.4199981689453,40.00653839111328,28.68000030517578
2022-01-12,613.97998046875,40.95152282714844,152.99708557128906,129.39755249023438,34.01078414916992,37.07740020751953,140.4100341796875,140.18740844726562,,114.0,330.35894775390625,119.1339340209961,53.72200012207031,21.99505615234375,21.712299346923828,65.69864654541016,31.480987548828125,15.567065238952637,47.756099700927734,106.00518798828125,82.38999938964844,156.05999755859375,39.90201950073242,28.790000915527344
2022-01-13,619.0800170898438,41.21677017211914,150.70889282226562,127.77640533447266,34.59297180175781,37.813472747802734,137.91506958007812,137.3689422607422,,113.87000274658203,323.6379699707031,118.28902435302734,51.91999816894531,22.312570571899414,22.048398971557617,67.3112564086914,32.579261779785156,15.773058891296387,48.933189392089844,105.30709838867188,75.76000213623047,154.8300018310547,39.95427703857422,29.34000015258789
2022-01-14,607.6900024414062,41.53826904296875,147.3154296875,127.38580322265625,35.400516510009766,38.7099723815918,138.56480407714844,138.25457763671875,,114.80999755859375,329.0107727050781,116.32073211669922,52.569000244140625,22.07202911376953,21.81792640686035,67.91706085205078,33.146400451660156,15.996707916259766,49.671199798583984,103.77700805664062,75.47000122070312,152.5800018310547,39.775115966796875,31.18000030517578
2022-01-18,582.75,40.3326301574707,147.63540649414062,130.77456665039062,34.46151351928711,37.653045654296875,135.09934997558594,134.80267333984375,,115.20999908447266,315.3804931640625,111.25121307373047,51.08000183105469,21.562082290649414,21.30897331237793,67.3112564086914,31.697032928466797,16.07321548461914,48.99858093261719,102.23739624023438,71.0,154.0399932861328,39.88709259033203,29.639999389648438
2022-01-19,581.2999877929688,40.45319747924805,145.54115295410156,133.70425415039062,34.254920959472656,37.42656326293945,134.46644592285156,133.92893981933594,,113.27999877929688,316.807861328125,111.63525390625,51.58599853515625,21.45624351501465,21.15532684326172,65.67304229736328,31.571006774902344,16.055559158325195,48.03635787963867,100.77424621582031,69.0,163.36000061035156,39.93934631347656,28.579999923706055
2022-01-20,572.1599731445312,40.364784240722656,143.1269073486328,135.6281280517578,33.11873245239258,36.039344787597656,132.33969116210938,132.1357879638672,,112.44000244140625,313.8043212890625,113.92999267578125,50.82500076293945,21.080997467041016,20.886438369750977,64.45294952392578,30.364702224731445,15.902534484863281,47.17689514160156,99.51194763183594,67.7300033569336,164.4600067138672,39.86470031738281,27.489999771118164
2022-01-21,569.6900024414062,39.97093963623047,133.19859313964844,135.7550811767578,32.696170806884766,35.5675048828125,128.95501708984375,129.205810546875,,109.73999786376953,300.5309143066406,111.22239685058594,39.75,20.84046173095703,20.588748931884766,64.50413513183594,28.13213539123535,15.661234855651855,46.38283157348633,97.17860412597656,59.45000076293945,164.75999450683594,39.68553161621094,26.190000534057617
2022-01-24,577.1300048828125,40.24422073364258,133.27613830566406,132.03436279296875,33.6727409362793,36.8886604309082,129.23257446289062,129.65432739257812,,108.81999969482422,306.0226135253906,112.57618713378906,38.71500015258789,21.360027313232422,21.12651252746582,64.51268005371094,29.30242919921875,15.50232982635498,46.70979690551758,101.98876190185547,65.33000183105469,164.99000549316406,39.53622817993164,26.8799991607666
2022-01-25,563.5399780273438,39.92272186279297,132.35507202148438,127.94241333007812,33.6915168762207,36.9547233581543,125.62786865234375,125.81932830810547,,106.12000274658203,297.53717041015625,107.24742126464844,36.641998291015625,20.965545654296875,20.819217681884766,64.4017562866211,29.581501007080078,15.584720611572266,45.82231140136719,101.05157470703125,62.66999816894531,158.38999938964844,39.491432189941406,26.860000610351562
2022-01-26,555.0,38.950164794921875,129.5336456298828,126.93656921386719,32.743125915527344,35.89779281616211,128.11050415039062,128.09715270996094,,104.7300033569336,292.065185546875,105.77841186523438,35.970001220703125,20.744239807128906,20.511926651000977,64.51268005371094,28.51022720336914,14.272260665893555,45.3552131652832,99.66496276855469,61.459999084472656,157.9199981689453,38.08795166015625,24.399999618530273
2022-01-27,561.030029296875,38.58847427368164,131.29824829101562,127.99127197265625,32.87458801269531,36.09596633911133,127.99250030517578,127.87113952636719,,101.63999938964844,292.0751647949219,102.25470733642578,38.66999816894531,20.243919372558594,20.2430419921875,62.533180236816406,28.27617073059082,14.195752143859863,45.61679458618164,101.39585876464844,60.16999816894531,157.25,38.21485900878906,25.239999771118164
2022-01-28,590.469970703125,39.96289825439453,134.4105682373047,128.83111572265625,34.470890045166016,37.8417854309082,132.12460327148438,132.17892456054688,,105.2699966430664,299.0835876464844,104.86627960205078,38.43600082397461,20.936676025390625,20.896045684814453,63.67649841308594,29.680522918701172,14.83726692199707,45.49534225463867,103.90132904052734,63.599998474121094,158.74000549316406,39.491432189941406,27.149999618530273
2022-01-31,593.3400268554688,40.17991638183594,138.6184539794922,129.55381774902344,34.91222381591797,38.32306671142578,134.51255798339844,134.11428833007812,,109.51000213623047,310.53302001953125,108.20757293701172,42.7140007019043,21.398509979248047,21.35698699951172,64.29935455322266,30.11263084411621,15.007948875427246,46.65374755859375,103.44232940673828,69.54000091552734,163.33999633789062,39.73778533935547,27.90999984741211
2022-02-01,596.8900146484375,40.139732360839844,140.09219360351562,126.89752960205078,34.73381805419922,38.03995895385742,136.6734619140625,136.43418884277344,,111.08999633789062,316.2230224609375,107.62187194824219,45.7130012512207,21.40813636779785,21.376190185546875,65.18672180175781,30.33769416809082,14.372310638427734,46.68177032470703,104.76200866699219,71.08999633789062,160.25,39.715389251708984,27.170000076293945
2022-02-02,600.239990234375,40.17991638183594,138.27911376953125,133.95819091796875,34.99673843383789,38.37968444824219,146.74269104003906,146.69918823242188,,109.44999694824219,320.188232421875,113.30590057373047,42.948001861572266,21.571706771850586,21.481822967529297,65.83516693115234,29.500478744506836,14.442939758300781,46.16796112060547,104.79069519042969,70.01000213623047,165.0500030517578,40.163307189941406,27.690000534057617
2022-02-03,610.4500122070312,39.89860153198242,135.7679443359375,134.07540893554688,35.1657600402832,38.59673309326172,141.4037628173828,141.8323516845703,,105.83999633789062,235.69024658203125,107.5162582397461,40.560001373291016,21.687164306640625,21.55864906311035,66.27885437011719,29.79755401611328,14.454710960388184,44.663902282714844,115.50118255615234,65.83999633789062,163.02000427246094,40.15583801269531,28.93000030517578
2022-02-04,608.9199829101562,39.64943313598633,137.69737243652344,134.4855499267578,34.977962493896484,38.398555755615234,141.76609802246094,142.03355407714844,,108.36000061035156,235.02610778808594,111.35681915283203,41.016998291015625,21.869972229003906,21.606664657592773,65.476806640625,30.076622009277344,14.172210693359375,48.30727005004883,115.6541976928711,73.04000091552734,175.0,39.79750442504883,28.899999618530273
2022-02-07,610.75,39.271663665771484,138.17245483398438,133.2062530517578,34.91222381591797,38.32306671142578,137.72372436523438,137.9775390625,,111.0199966430664,222.95213317871094,108.8892593383789,40.209999084472656,21.937326431274414,21.55864906311035,66.04847717285156,30.607759475708008,14.083924293518066,49.120025634765625,116.71568298339844,73.56999969482422,175.10000610351562,39.56608581542969,28.34000015258789
2022-02-08,609.1199951171875,39.55298614501953,138.1433563232422,131.2238006591797,35.071861267089844,38.521244049072266,137.99635314941406,138.1737823486328,,116.58999633789062,218.26327514648438,107.938720703125,40.35300064086914,22.39916229248047,21.942764282226562,67.33683776855469,31.084880828857422,14.089812278747559,49.26949691772461,119.95751953125,76.48999786376953,172.1999969482422,39.431705474853516,28.209999084472656
2022-02-09,614.75,40.00309371948242,142.74879455566406,132.61050415039062,37.485103607177734,41.3806037902832,140.21676635742188,140.3474884033203,,118.0199966430664,229.98040771484375,112.51859283447266,41.28900146484375,22.995704650878906,22.528547286987305,76.89303588867188,32.21016311645508,14.419401168823242,51.35274887084961,122.48213195800781,79.94000244140625,172.33999633789062,39.93934631347656,29.84000015258789
2022-02-10,606.52001953125,39.31990051269531,147.52871704101562,131.81947326660156,37.607173919677734,41.522159576416016,137.3911590576172,137.40162658691406,,118.93000030517578,226.08462524414062,109.83979797363281,40.62699890136719,22.707054138183594,22.269264221191406,73.67635345458984,32.30018997192383,14.272260665893555,51.689064025878906,119.66105651855469,82.13999938964844,173.14999389648438,39.595947265625,30.09000015258789
2022-02-11,604.72998046875,38.27500915527344,144.92062377929688,130.9600830078125,37.04377365112305,40.95595169067383,132.957763671875,133.10223388671875,,115.75,217.6387939453125,108.26518249511719,39.13100051879883,22.10089111328125,21.750707626342773,72.35384368896484,32.40821838378906,14.201639175415039,52.03471374511719,119.03948211669922,76.30000305175781,171.47999572753906,39.80497741699219,29.56999969482422
2022-02-14,607.9400024414062,38.09818649291992,146.2585906982422,130.27647399902344,36.386470794677734,40.267051696777344,134.11752319335938,134.3348388671875,,115.2699966430664,215.80491638183594,109.2445068359375,39.65700149536133,21.74489402770996,21.39539909362793,72.3026351928711,31.534990310668945,14.154555320739746,52.35234451293945,120.02445983886719,76.51000213623047,167.07000732421875,39.76765060424805,29.420000076293945
2022-02-15,609.4500122070312,38.620628356933594,150.0108184814453,131.35073852539062,36.724510192871094,40.72002410888672,135.23318481445312,135.40780639648438,,119.75,219.076171875,113.71875762939453,40.74599838256836,22.52424430847168,22.22125244140625,73.73606872558594,32.39921188354492,14.32523250579834,54.454280853271484,121.47801971435547,80.5199966430664,168.92999267578125,39.83483123779297,30.510000228881836
2022-02-16,609.4600219726562,38.652767181396484,151.5911865234375,130.16908264160156,36.53670883178711,40.58790969848633,136.285888671875,136.52737426757812,,120.25,214.65501403808594,112.65301513671875,39.80799865722656,23.05343246459961,22.739810943603516,73.66780853271484,26.628747940063477,14.089812278747559,53.6695556640625,121.88922882080078,80.91000366210938,166.08999633789062,39.86470031738281,29.3799991607666
2022-02-17,597.8300170898438,37.5918083190918,148.29470825195312,127.34671020507812,36.30195617675781,40.49354553222656,131.1521759033203,131.37408447265625,,116.4800033569336,205.90187072753906,107.42023468017578,38.66699981689453,22.18749237060547,21.856338500976562,72.0637435913086,26.421703338623047,13.983874320983887,54.77191925048828,119.10640716552734,79.41000366210938,162.1300048828125,39.99906921386719,29.8700008392334
2022-02-18,596.8300170898438,37.48732376098633,146.75308227539062,126.30180358886719,36.18927001953125,39.99338912963867,129.32725524902344,129.25685119628906,,117.44000244140625,204.3653564453125,103.27244567871094,39.12900161743164,21.523597717285156,21.270559310913086,71.7736587524414,25.548480987548828,14.048615455627441,54.697174072265625,118.56134033203125,78.05000305175781,158.5,40.185707092285156,29.860000610351562
2022-02-22,595.5,37.72845458984375,143.58261108398438,124.11421966552734,35.851234436035156,39.46492004394531,128.27154541015625,128.67254638671875,,117.05000305175781,200.3208770751953,102.88839721679688,37.737998962402344,21.186840057373047,21.01127815246582,71.75657653808594,25.07135581970215,13.977989196777344,53.9871826171875,118.11187744140625,74.80000305175781,158.27999877929688,40.23796081542969,28.280000686645508
2022-02-23,570.5999755859375,36.27363967895508,141.43016052246094,123.7529067993164,35.14698028564453,38.66279220581055,126.4699478149414,126.4665756225586,,113.4000015258789,196.7224578857422,100.37284088134766,36.74599838256836,20.7923526763916,20.521528244018555,70.64737701416016,25.566486358642578,13.836736679077148,53.7910041809082,116.1323471069336,74.12000274658203,157.82000732421875,39.872161865234375,28.209999084472656
2022-02-24,586.5900268554688,36.98095703125,144.85275268554688,124.51461791992188,34.98733901977539,38.56842041015625,131.5139617919922,131.5247344970703,,124.38999938964844,205.7928009033203,108.53401184082031,39.00299835205078,20.86932373046875,20.713590621948242,70.07571411132812,26.15163230895996,13.671945571899414,54.454280853271484,118.25531768798828,82.81999969482422,163.3800048828125,39.260005950927734,27.729999542236328
2022-02-25,601.1599731445312,37.83293151855469,144.97877502441406,125.6962890625,35.898189544677734,39.41773986816406,133.34384155273438,133.2777099609375,,126.04000091552734,208.6477508544922,108.70683288574219,39.08000183105469,21.494728088378906,21.39539909362793,71.8930892944336,26.610748291015625,14.07215690612793,54.74388122558594,119.97664642333984,83.62999725341797,165.27999877929688,40.402191162109375,28.239999771118164
2022-02-28,601.780029296875,37.58378219604492,143.9413604736328,127.04397583007812,35.92634963989258,39.474365234375,133.71212768554688,133.8699493408203,,120.81999969482422,209.19296264648438,107.04578399658203,39.45199966430664,21.581323623657227,21.433809280395508,71.5774154663086,27.55599021911621,13.942675590515137,55.360450744628906,117.82498168945312,85.31999969482422,162.0,40.066261291503906,28.049999237060547
2022-03-01,594.739990234375,37.2863883972168,141.2653350830078,125.1493911743164,35.56727600097656,39.161136627197266,132.9954071044922,132.88320922851562,,116.69999694824219,201.71856689453125,106.01844787597656,38.624000549316406,20.725000381469727,20.694379806518555,69.64910888671875,29.041358947753906,13.848504066467285,55.44453048706055,117.74847412109375,82.08000183105469,159.8000030517578,40.0214729309082,28.110000610351562
2022-03-02,570.989990234375,37.27834701538086,142.85543823242188,126.2334213256836,37.15476608276367,40.89805603027344,133.57382202148438,133.3887176513672,,120.80999755859375,206.2983856201172,104.87588500976562,38.00299835205078,21.78338050842285,21.635473251342773,71.44087982177734,31.724048614501953,14.019186019897461,56.50017166137695,120.12008666992188,82.26000213623047,160.86000061035156,40.41712188720703,29.239999771118164
2022-03-03,561.8200073242188,37.87311935424805,141.1393280029297,124.84667205810547,37.35320281982422,40.96449661254883,133.13418579101562,132.72262573242188,,116.2300033569336,201.20314025878906,98.8846206665039,36.80699920654297,21.07137680053711,20.90564727783203,70.99720764160156,31.904090881347656,14.07215690612793,55.79018020629883,118.50395202636719,79.27999877929688,158.1999969482422,40.80532455444336,28.68000030517578
2022-03-04,549.9299926757812,37.945465087890625,136.4369354248047,123.52826690673828,36.91853332519531,40.51840591430664,130.96728515625,130.74713134765625,,114.37999725341797,198.31846618652344,92.73973083496094,36.17300033569336,20.542186737060547,20.377485275268555,68.02796173095703,30.670774459838867,14.048615455627441,54.827964782714844,117.84410095214844,75.66000366210938,158.00999450683594,41.141265869140625,26.889999389648438
2022-03-07,555.6400146484375,37.214046478271484,129.43667602539062,123.30365753173828,35.9358024597168,39.483848571777344,125.3592529296875,125.2677230834961,,100.30999755859375,185.8380584716797,85.6251220703125,35.0260009765625,19.743595123291016,19.474807739257812,64.0775146484375,30.175649642944336,13.872045516967773,53.74429702758789,116.96431732177734,66.11000061035156,158.0,40.82025909423828,25.549999237060547
2022-03-08,551.4299926757812,37.0774040222168,127.73995971679688,119.959228515625,36.0964469909668,39.711639404296875,126.16612243652344,125.98733520507812,,106.01000213623047,188.63351440429688,84.2041015625,34.17599868774414,19.782079696655273,19.5228214263916,63.898338317871094,30.382705688476562,13.536576271057129,52.959564208984375,114.06675720214844,62.349998474121094,156.10000610351562,39.75271987915039,25.270000457763672
2022-03-09,557.75,37.06936264038086,129.5821075439453,122.74624633789062,35.36884307861328,38.79098892211914,132.696044921875,132.24734497070312,,109.9000015258789,196.77203369140625,94.98645782470703,35.87900161743164,20.70575523376465,20.291057586669922,66.22380065917969,30.373703002929688,13.689600944519043,52.81009292602539,116.6296157836914,66.4000015258789,158.32000732421875,39.62580871582031,25.3700008392334
2022-03-10,562.1300048828125,36.48263168334961,129.5724334716797,120.94690704345703,34.593997955322266,37.765926361083984,131.52239990234375,131.2655487060547,,111.55999755859375,193.51068115234375,91.126708984375,35.676998138427734,20.522945404052734,20.147010803222656,66.2668685913086,29.91458511352539,13.648404121398926,53.32390213012695,118.14055633544922,63.029998779296875,158.2899932861328,39.73778533935547,25.079999923706055
2022-03-11,559.2899780273438,36.185237884521484,127.73995971679688,119.62675476074219,34.18767166137695,37.32933044433594,129.33518981933594,128.72900390625,,108.55000305175781,185.97683715820312,84.92420959472656,34.03200149536133,20.59992027282715,20.1278076171875,65.6725845336914,29.365446090698242,13.648404121398926,52.87548828125,119.12554931640625,56.79999923706055,153.49000549316406,39.595947265625,23.989999771118164
2022-03-14,566.1400146484375,36.145050048828125,125.10273742675781,116.4974594116211,33.75300216674805,36.77882385253906,125.63333129882812,124.84397888183594,,108.04000091552734,185.00537109375,81.6693344116211,33.10100173950195,20.667266845703125,20.271848678588867,68.51480102539062,32.439842224121094,13.471840858459473,52.38867950439453,118.64739227294922,52.47999954223633,141.82000732421875,39.19281768798828,23.8799991607666
2022-03-15,569.1599731445312,36.60319137573242,130.11537170410156,118.13057708740234,34.603450775146484,37.75642776489258,128.52731323242188,128.0624542236328,,111.76000213623047,190.35833740234375,84.07929229736328,34.375,20.725269317626953,20.358688354492188,69.53109741210938,31.93197250366211,13.589548110961914,52.38867950439453,120.76079559326172,53.869998931884766,142.8800048828125,39.38691329956055,25.020000457763672
2022-03-16,572.1099853515625,37.15778732299805,133.93545532226562,121.06427764892578,35.35939025878906,38.601158142089844,132.52207946777344,132.1090545654297,,112.01000213623047,201.8573760986328,88.67835998535156,35.75299835205078,21.36326789855957,20.87006950378418,72.399169921875,32.87515640258789,13.648404121398926,54.5138053894043,122.17613220214844,60.310001373291016,148.7899932861328,39.18535614013672,25.639999389648438
2022-03-17,577.6500244140625,37.35871887207031,135.22496032714844,122.41378021240234,35.00977325439453,38.23099136352539,133.4241180419922,132.66262817382812,,111.16999816894531,206.03073120117188,91.46275329589844,37.13999938964844,21.991600036621094,21.632314682006836,72.98483276367188,33.43742752075195,13.648404121398926,55.084877014160156,123.31410217285156,65.41000366210938,149.50999450683594,39.08830261230469,25.709999084472656
2022-03-18,577.3200073242188,37.704341888427734,136.02972412109375,123.48946380615234,35.60507583618164,38.79098892211914,135.60589599609375,134.92904663085938,,112.9800033569336,214.60540771484375,98.59658813476562,38.060001373291016,21.682266235351562,21.36214828491211,72.5369644165039,33.63694763183594,13.666058540344238,55.93680191040039,121.62147521972656,68.80999755859375,151.3699951171875,37.9237174987793,26.260000228881836
2022-03-21,565.77001953125,37.51143264770508,134.40084838867188,122.7853775024414,35.4727897644043,38.771995544433594,135.28573608398438,134.90525817871094,,113.93000030517578,209.64895629882812,96.04261779785156,37.45899963378906,21.546932220458984,21.227069854736328,72.16661834716797,33.01118850708008,13.630746841430664,55.787017822265625,120.46435546875,66.95999908447266,151.22000122070312,38.14767074584961,26.149999618530273
2022-03-22,574.6599731445312,37.9535026550293,135.8455047607422,125.1030044555664,35.68067169189453,39.00928497314453,139.05152893066406,138.638671875,,117.9800033569336,214.76402282714844,100.1520004272461,38.29199981689453,21.73059844970703,21.458635330200195,72.45945739746094,33.94529724121094,13.660175323486328,56.938514709472656,120.19660186767578,67.75,152.2899932861328,38.073020935058594,26.8700008392334
2022-03-23,559.989990234375,37.390869140625,133.45065307617188,121.88569641113281,35.13261032104492,38.49675369262695,137.2930145263672,137.06015014648438,,115.2699966430664,211.60182189941406,98.40455627441406,37.44900131225586,21.50826644897461,21.149877548217773,71.09864044189453,34.11759567260742,13.660175323486328,57.4627799987793,119.37419128417969,66.63999938964844,149.39999389648438,38.05062484741211,26.6200008392334
2022-03-24,559.3200073242188,37.615928649902344,134.73049926757812,122.79515838623047,35.501129150390625,38.828948974609375,140.07696533203125,140.32769775390625,,117.87999725341797,217.65863037109375,102.79237365722656,37.57099914550781,22.08826446533203,21.75774574279785,72.3388671875,34.36246109008789,13.73080062866211,57.509586334228516,120.19660186767578,68.4000015258789,150.5,38.073020935058594,27.1200008392334
2022-03-25,558.260009765625,37.881168365478516,134.905029296875,124.5064926147461,35.737369537353516,39.12318801879883,140.28466796875,140.4278106689453,,116.30000305175781,219.88902282714844,102.47554016113281,37.3849983215332,22.184934616088867,21.786691665649414,73.79444122314453,34.897544860839844,14.03095817565918,57.163204193115234,118.85777282714844,65.44999694824219,154.5,38.28205490112305,27.350000381469727
2022-03-28,565.25,38.20267868041992,134.497802734375,125.21055603027344,35.217655181884766,38.4398078918457,140.70941162109375,140.21221923828125,,117.58000183105469,221.6436004638672,103.51248931884766,37.85100173950195,22.09793472290039,21.71915054321289,73.04512786865234,34.09946060180664,14.048615455627441,57.107032775878906,120.96163177490234,68.88999938964844,156.5,38.19993591308594,25.579999923706055
2022-03-29,572.3300170898438,38.40361022949219,138.04640197753906,125.98311614990234,35.49168395996094,38.724544525146484,141.998046875,141.2529754638672,,119.5,227.8590545654297,106.72895812988281,39.18199920654297,22.436262130737305,22.15334129333496,74.7418441772461,34.62548065185547,14.11923885345459,59.07300567626953,122.81684112548828,73.33000183105469,158.57000732421875,38.25965118408203,26.25
2022-03-30,570.1199951171875,38.331268310546875,136.6696319580078,124.85851287841797,34.80188751220703,38.09811782836914,141.39785766601562,140.69094848632812,,117.76000213623047,225.86654663085938,106.30648803710938,38.14699935913086,22.291263580322266,21.970014572143555,74.36287689208984,34.552921295166016,14.20752239227295,58.39895248413086,122.98896789550781,71.62999725341797,156.05999755859375,38.528404235839844,25.700000762939453
2022-03-31,545.52001953125,37.631996154785156,132.98529052734375,123.7143783569336,34.28217697143555,37.44322204589844,138.42898559570312,137.84519958496094,,117.63999938964844,220.42433166503906,104.40540313720703,37.45899963378906,21.769268035888672,21.371797561645508,73.10540771484375,34.289920806884766,13.907363891601562,58.45512771606445,122.74034118652344,69.25,153.74000549316406,38.02822494506836,24.920000076293945
2022-04-01,561.6799926757812,38.33930969238281,132.8301544189453,122.46265411376953,34.178226470947266,37.35779571533203,139.47032165527344,138.91868591308594,,114.37000274658203,222.89263916015625,104.67424774169922,37.34700012207031,21.566268920898438,21.159528732299805,71.2278060913086,33.9180908203125,14.11335277557373,58.427040100097656,125.04499053955078,72.33000183105469,151.8800048828125,38.90913391113281,25.020000457763672
2022-04-04,562.0,38.668846130371094,134.362060546875,125.19102478027344,34.40501022338867,37.53812789916992,142.3871307373047,141.71487426757812,,116.16999816894531,231.8539581298828,108.8220443725586,39.150001525878906,21.70159912109375,21.333206176757812,70.65937805175781,34.20829772949219,14.231064796447754,58.923213958740234,126.79501342773438,75.22000122070312,154.42999267578125,39.16295623779297,25.799999237060547
2022-04-05,556.7899780273438,38.69309997558594,131.4921417236328,123.0787582397461,33.592369079589844,36.69340133666992,139.83016967773438,139.3553009033203,,113.61000061035156,229.8218231201172,103.65650939941406,38.01499938964844,21.604934692382812,21.227069854736328,70.03925323486328,33.41022491455078,14.060384750366211,58.4364128112793,126.19256591796875,71.97000122070312,151.89999389648438,39.4018440246582,24.420000076293945
2022-04-06,561.260009765625,38.57993698120117,128.53497314453125,122.091064453125,33.658512115478516,36.7883186340332,135.9770965576172,135.3478240966797,,109.58000183105469,221.3561553955078,100.23841094970703,36.834999084472656,21.305267333984375,20.908662796020508,68.85069274902344,32.512393951416016,14.142781257629395,57.837249755859375,127.8660888671875,67.7300033569336,147.1999969482422,39.715389251708984,23.920000076293945
2022-04-07,552.47998046875,38.11112594604492,127.85628509521484,120.67310333251953,33.38448715209961,36.465614318847656,135.27230834960938,134.6941680908203,,109.61000061035156,221.00918579101562,98.31814575195312,36.21500015258789,20.9572696685791,20.551660537719727,67.94634246826172,32.02267074584961,13.966218948364258,57.81851577758789,127.45486450195312,68.55999755859375,143.39999389648438,39.798500061035156,23.06999969482422
2022-04-08,557.5999755859375,38.32936477661133,127.85628509521484,120.75133514404297,33.790802001953125,36.98763656616211,132.8392791748047,132.1160125732422,,107.87999725341797,220.3946075439453,96.47467803955078,35.5880012512207,20.9572696685791,20.590255737304688,67.102294921875,32.594017028808594,14.20752239227295,57.565757751464844,127.03408813476562,67.79000091552734,141.30999755859375,40.448341369628906,24.43000030517578
2022-04-11,559.9099731445312,38.48293685913086,126.67341613769531,119.8712387084961,33.554569244384766,36.7503547668457,128.662109375,127.69123840332031,,107.87999725341797,214.57569885253906,92.65332794189453,34.79999923706055,20.76393699645996,20.358688354492188,67.32621765136719,32.566802978515625,15.296403884887695,57.37852096557617,124.71986389160156,67.19999694824219,140.52999877929688,40.72792053222656,24.780000686645508
2022-04-12,549.1199951171875,38.191959381103516,126.85762023925781,120.83934020996094,33.649070739746094,36.86425018310547,127.25255584716797,126.59197235107422,,108.33999633789062,212.27590942382812,90.37779998779297,34.40999984741211,20.667266845703125,20.223609924316406,67.1109390258789,32.702850341796875,15.241857528686523,56.16149139404297,125.6953125,65.83999633789062,138.36000061035156,40.55412292480469,24.68000030517578
2022-04-13,562.4000244140625,38.725425720214844,128.3217010498047,120.88825225830078,33.95144271850586,37.12051773071289,129.14735412597656,128.7523193359375,,112.95999908447266,213.1184844970703,92.48049926757812,35.042999267578125,21.343936920166016,20.87006950378418,67.2745590209961,32.866085052490234,15.350940704345703,56.638938903808594,128.9562530517578,67.01000213623047,138.99000549316406,40.909263610839844,26.0
2022-04-14,555.3200073242188,38.458702087402344,126.49890899658203,119.89075469970703,33.8758430480957,37.130001068115234,126.14083862304688,125.61614227294922,,111.30999755859375,208.35032653808594,88.42870330810547,34.112998962402344,20.76393699645996,20.42622947692871,67.77409362792969,33.02025604248047,15.445799827575684,56.180206298828125,127.14884948730469,63.58000183105469,137.9600067138672,40.67502975463867,24.8799991607666
2022-04-18,533.47998046875,37.87671661376953,123.88107299804688,119.46051788330078,33.98924255371094,37.00662612915039,126.84266662597656,126.55431365966797,,109.23999786376953,208.9352264404297,86.86370086669922,33.7859992980957,20.7542667388916,20.43587875366211,67.69657135009766,32.62122344970703,15.382560729980469,56.0397834777832,125.04499053955078,62.029998779296875,135.6999969482422,40.342559814453125,24.15999984741211
2022-04-19,557.75,38.8870849609375,127.88539123535156,121.29894256591797,34.20657730102539,37.186954498291016,129.3902130126953,128.8662872314453,,113.73999786376953,215.41827392578125,90.16658020019531,34.861000061035156,21.392269134521484,20.966552734375,69.6086196899414,32.902366638183594,15.406272888183594,56.42361831665039,127.03408813476562,66.88999938964844,140.3699951171875,40.61458206176758,24.489999771118164
2022-04-20,535.9600219726562,38.31320571899414,120.77849578857422,120.58509063720703,34.47115707397461,37.54762268066406,127.12467956542969,126.91461944580078,,112.19999694824219,198.67532348632812,81.24688720703125,22.618999481201172,21.450265884399414,21.10163688659668,72.709228515625,30.072826385498047,15.35884952545166,56.90106964111328,126.90020751953125,66.91999816894531,137.33999633789062,41.11328125,23.010000228881836
2022-04-21,519.030029296875,37.94138717651367,117.95706176757812,121.00558471679688,33.904197692871094,36.94967269897461,123.8455810546875,123.71746826171875,,106.76000213623047,186.43280029296875,74.5643310546875,21.82200050354004,20.986268997192383,20.59990692138672,70.12538146972656,29.301965713500977,15.975412368774414,57.58448791503906,126.32646179199219,63.470001220703125,131.52999877929688,41.5666618347168,21.450000762939453
2022-04-22,511.3699951171875,36.68044662475586,114.67024230957031,125.25946044921875,33.38448715209961,36.26629638671875,118.56861877441406,118.583984375,,105.91000366210938,182.50730895996094,74.21868133544922,21.552000045776367,20.40627098083496,20.12712287902832,68.0497055053711,28.15020179748535,15.42999267578125,57.0976676940918,123.00809478759766,59.439998626708984,136.41000366210938,39.2242317199707,20.56999969482422
2022-04-25,506.9700012207031,36.947181701660156,116.2990951538086,125.318115234375,33.242740631103516,36.05748748779297,122.17283630371094,121.99227142333984,,109.68000030517578,185.3622283935547,79.19219207763672,20.990999221801758,20.425601959228516,20.14641761779785,68.12722778320312,28.29530143737793,15.422086715698242,56.92915725708008,123.18022155761719,63.02000045776367,132.9600067138672,37.99256896972656,21.5
2022-04-26,486.95001220703125,36.025726318359375,112.24633026123047,121.87592315673828,32.13717269897461,34.73820114135742,118.46155548095703,117.60716247558594,,107.61000061035156,179.3748016357422,76.29256439208984,19.84000015258789,19.613605499267578,19.345577239990234,67.6104507446289,26.635677337646484,15.256088256835938,56.74191665649414,119.49850463867188,59.56999969482422,125.01000213623047,37.335182189941406,19.829999923706055
2022-04-27,482.010009765625,35.92873001098633,111.70337677001953,118.54127502441406,31.919836044311523,34.415489196777344,114.01526641845703,113.2899398803711,,106.73999786376953,173.42703247070312,74.01703643798828,18.854000091552734,19.758607864379883,19.548200607299805,67.63628387451172,26.23664093017578,15.074278831481934,55.787017822265625,124.16520690917969,57.029998779296875,121.6500015258789,36.61734390258789,18.829999923706055
2022-04-28,461.489990234375,33.70591354370117,111.78093719482422,120.6828842163086,32.05213165283203,34.681243896484375,118.36788940429688,117.48077392578125,,107.91999816894531,203.93910217285156,78.3472671508789,19.95199966430664,19.78760528564453,19.702579498291016,67.75688171386719,26.345468521118164,15.350940704345703,56.77936935424805,126.50812530517578,60.79999923706055,123.2300033569336,36.57200622558594,18.350000381469727
2022-04-29,428.489990234375,32.13782501220703,108.23233795166016,115.44133758544922,31.40958023071289,34.01685333251953,113.96173095703125,113.1065444946289,,104.87999725341797,198.72486877441406,75.99493408203125,19.035999298095703,19.246273040771484,19.162254333496094,65.56922912597656,26.408950805664062,14.908279418945312,54.66358947753906,117.75804901123047,58.91999816894531,119.51000213623047,34.98521041870117,18.149999618530273
2022-05-02,432.5400085449219,32.695556640625,110.04542541503906,117.3482437133789,31.995433807373047,34.709720611572266,116.13308715820312,115.5583267211914,,104.83999633789062,209.29212951660156,77.4735336303711,19.945999145507812,19.632938385009766,19.509605407714844,66.13766479492188,27.451887130737305,15.11380386352539,55.992977142333984,120.87555694580078,62.08000183105469,121.94000244140625,34.93231964111328,19.25
2022-05-03,425.6199951171875,32.63088607788086,110.09390258789062,119.80276489257812,31.778104782104492,34.39651107788086,117.09709930419922,116.3027114868164,,99.43000030517578,210.18426513671875,75.87010192871094,19.98699951171875,19.574939727783203,19.499958038330078,67.36067962646484,27.098194122314453,15.279800415039062,56.33000183105469,120.73211669921875,60.29999923706055,121.3499984741211,35.64259338378906,19.270000457763672
2022-05-04,448.3399963378906,33.64125061035156,112.65354919433594,120.98603057861328,32.47734832763672,35.15581130981445,121.50373077392578,121.18640899658203,,99.37000274658203,221.4652099609375,80.53638458251953,20.400999069213867,20.087270736694336,20.117469787597656,68.57508850097656,27.37026596069336,15.76989459991455,57.61256408691406,126.58460998535156,62.4900016784668,124.76000213623047,36.549346923828125,19.65999984741211
2022-05-05,456.20001220703125,32.63896942138672,109.18251037597656,116.96685028076172,31.863142013549805,34.681243896484375,115.72618103027344,115.48149871826172,,95.12999725341797,206.46688842773438,73.81541442871094,18.832000732421875,18.936941146850586,19.036821365356445,67.07645416259766,26.953088760375977,15.76989459991455,55.693397521972656,123.89745330810547,55.15999984741211,120.2300033569336,36.14886474609375,18.8799991607666
2022-05-06,459.7699890136719,32.331817626953125,106.93312072753906,112.74231719970703,30.2945556640625,32.83993911743164,114.64917755126953,114.72917175292969,,92.51000213623047,201.99615478515625,71.11742401123047,18.097000122070312,16.346284866333008,16.50887107849121,66.64580535888672,25.311601638793945,15.833131790161133,54.84147644042969,121.25808715820312,48.91999816894531,114.2699966430664,36.473777770996094,17.75
2022-05-09,463.6700134277344,32.13782501220703,103.72386932373047,109.56414031982422,28.8866024017334,31.520641326904297,112.09568786621094,111.52210235595703,,85.37000274658203,194.50198364257812,67.89136505126953,17.309999465942383,17.00361442565918,16.885168075561523,66.63719940185547,24.885356903076172,15.453705787658691,51.9673957824707,116.40966796875,44.9900016784668,106.1500015258789,36.738243103027344,17.100000381469727
2022-05-10,468.2300109863281,32.57430648803711,104.40255737304688,109.13384246826172,28.253496170043945,30.770824432373047,113.58308410644531,113.3895492553711,,88.13999938964844,195.92941284179688,67.44970703125,17.766000747680664,17.03261375427246,16.952709197998047,65.1385726928711,24.867218017578125,15.303513526916504,54.22359085083008,117.62416076660156,43.75,103.58999633789062,36.36800003051758,17.350000381469727
2022-05-11,448.3500061035156,32.20248794555664,102.00775146484375,117.82740020751953,28.877155303955078,31.520641326904297,112.96501922607422,112.60401153564453,,84.12999725341797,187.09701538085938,66.9696273803711,16.636999130249023,16.442947387695312,16.30624771118164,64.39788055419922,24.205181121826172,15.35884952545166,53.37166976928711,117.89191436767578,43.34000015258789,105.26000213623047,36.17908477783203,16.6200008392334
2022-05-12,465.260009765625,33.455352783203125,101.13513946533203,118.27725219726562,29.160634994506836,31.748432159423828,112.17202758789062,111.85218811035156,,87.08999633789062,189.57522583007812,70.55094146728516,17.430999755859375,17.013282775878906,16.769384384155273,65.05245208740234,24.59514808654785,15.588082313537598,53.689964294433594,118.60914611816406,44.84000015258789,106.20999908447266,36.31510543823242,17.110000610351562
2022-05-13,471.3900146484375,33.5280876159668,104.0632095336914,122.1790771484375,29.51970863342285,32.08062744140625,115.49720764160156,115.03048706054688,,91.25,196.8909912109375,74.4203109741211,18.763999938964844,17.351612091064453,17.213220596313477,66.3271484375,25.71063804626465,15.682939529418945,54.53253173828125,120.8086166381836,51.91999816894531,109.93000030517578,36.40577697753906,18.100000381469727
2022-05-16,463.3399963378906,33.84332275390625,101.9786605834961,124.57494354248047,29.396869659423828,31.97622299194336,113.78926086425781,113.43910217285156,,86.97000122070312,198.2986297607422,72.73046112060547,18.650999069213867,17.25494956970215,17.010602951049805,66.31852722167969,25.411357879638672,16.030744552612305,54.335933685302734,121.01900482177734,50.970001220703125,110.11000061035156,37.055606842041016,17.209999084472656
2022-05-17,472.1300048828125,34.62737274169922,105.3333511352539,125.63105773925781,30.209508895874023,32.972816467285156,115.68156433105469,115.44927978515625,,85.69000244140625,200.85618591308594,72.5288314819336,19.055999755859375,18.008943557739258,17.618465423583984,68.59230041503906,29.31103515625,16.259984970092773,56.05850601196289,122.99854278564453,53.369998931884766,123.08000183105469,36.98004150390625,18.360000610351562
2022-05-18,469.5,34.053489685058594,101.12544250488281,126.12002563476562,29.188982009887695,31.786399841308594,111.41864013671875,110.91597747802734,,85.38999938964844,190.56651306152344,69.005126953125,17.7189998626709,17.14861488342285,16.865873336791992,66.31852722167969,28.61271858215332,15.991227149963379,56.358089447021484,119.76624298095703,50.779998779296875,123.05000305175781,36.9422607421875,17.459999084472656
2022-05-19,474.57000732421875,33.96456527709961,100.0007553100586,127.14680480957031,29.09449005126953,31.63454246520996,109.77761840820312,109.4137954711914,,90.5,189.62478637695312,72.05836486816406,18.347999572753906,17.187280654907227,16.885168075561523,64.50984191894531,29.22034454345703,15.975412368774414,56.470428466796875,120.3782958984375,53.68000030517578,119.76000213623047,37.1009407043457,17.5
2022-05-20,479.0299987792969,33.95649337768555,99.30265045166016,127.87045288085938,29.236230850219727,31.757925033569336,108.35765075683594,107.95076751708984,,89.27999877929688,191.85520935058594,73.64259338378906,18.635000228881836,17.29361343383789,16.991302490234375,64.46678161621094,29.601238250732422,16.1256103515625,57.022769927978516,120.53129577636719,52.63999938964844,116.12000274658203,37.42585754394531,17.739999771118164
2022-05-23,473.6700134277344,34.65970993041992,102.60888671875,130.81396484375,29.878782272338867,32.45078659057617,110.69055938720703,110.50809478759766,,89.2300033569336,194.5218048095703,72.12557983398438,18.743999481201172,17.177616119384766,16.807981491088867,65.33667755126953,30.009347915649414,16.394365310668945,57.74362564086914,124.21302032470703,52.5,123.62000274658203,37.531646728515625,18.290000915527344
2022-05-24,479.0199890136719,34.813289642333984,98.4979248046875,133.65963745117188,28.347991943359375,30.837270736694336,105.000244140625,105.03861236572266,,84.44999694824219,179.70193481445312,68.9283218383789,18.034000396728516,16.3076171875,15.968544960021973,59.833106994628906,28.83944320678711,16.726362228393555,57.72490692138672,123.57231140136719,42.779998779296875,122.69000244140625,38.29481887817383,16.860000610351562
2022-05-25,487.6099853515625,35.322505950927734,100.11709594726562,134.3148193359375,29.075590133666992,31.606060028076172,104.91449737548828,104.87504577636719,,91.16000366210938,182.22975158691406,70.55094146728516,18.783000946044922,16.578283309936523,16.258005142211914,62.08103561401367,29.33823585510254,16.837024688720703,59.690887451171875,125.6953125,46.33000183105469,122.08000183105469,38.71797180175781,17.229999542236328
2022-05-26,502.8399963378906,35.67007827758789,102.39556884765625,135.61544799804688,30.058320999145508,32.78298568725586,107.34953308105469,106.84508514404297,,92.88999938964844,189.96185302734375,74.77555084228516,19.139999389648438,16.8199462890625,16.624656677246094,62.907867431640625,29.38358497619629,16.85283851623535,61.87217712402344,126.93848419189453,49.029998779296875,123.27999877929688,38.52907180786133,17.979999542236328
2022-05-27,509.94000244140625,35.69432067871094,105.99264526367188,135.46876525878906,30.88985824584961,33.65618896484375,111.81317901611328,111.32931518554688,,95.48999786376953,193.43136596679688,76.65740966796875,19.518999099731445,17.25494956970215,17.05884552001953,64.5959701538086,30.75300407409668,16.82912254333496,62.855167388916016,128.24859619140625,52.4900016784668,125.77999877929688,38.838863372802734,18.760000228881836
2022-05-31,506.92999267578125,35.79132080078125,107.07856750488281,135.58607482910156,30.908761978149414,33.703643798828125,113.04234313964844,112.76212310791016,,95.05000305175781,191.95436096191406,75.63966369628906,19.743999481201172,16.993946075439453,16.788679122924805,64.26007080078125,31.13389778137207,16.82912254333496,62.508785247802734,127.46440124511719,52.04999923706055,124.52999877929688,38.75575256347656,18.450000762939453
2022-06-01,495.3800048828125,35.50841522216797,105.86660766601562,136.4466552734375,30.379600524902344,33.086708068847656,113.13948822021484,112.8909683227539,,94.51000213623047,186.99786376953125,76.08134460449219,19.291000366210938,16.800615310668945,16.605356216430664,62.804500579833984,29.33823585510254,16.773786544799805,62.79900360107422,128.67893981933594,51.560001373291016,124.62999725341797,38.838863372802734,17.65999984741211
2022-06-02,498.2200012207031,35.40332794189453,107.49547576904297,138.37310791015625,30.105567932128906,32.669090270996094,116.71694946289062,116.58868408203125,,97.19999694824219,197.12890625,80.77641296386719,20.509000778198242,17.41927719116211,17.087787628173828,63.09734344482422,28.503894805908203,16.750078201293945,63.00496292114258,129.86474609375,54.61000061035156,129.0500030517578,38.75575256347656,18.0
2022-06-03,491.07000732421875,34.70012283325195,105.3624267578125,137.8841552734375,29.90713119506836,32.393836975097656,113.56275177001953,113.53427124023438,,95.30000305175781,189.11923217773438,78.93295288085938,19.898000717163086,16.88761329650879,16.595706939697266,61.69346237182617,27.932540893554688,16.520837783813477,62.443260192871094,130.63931274414062,51.150001525878906,126.97000122070312,38.39305114746094,17.5
2022-06-06,484.7200012207031,34.17472839355469,104.54800415039062,137.24855041503906,29.850435256958008,32.34638595581055,115.98786163330078,115.79373168945312,,95.16000366210938,192.55902099609375,79.61463928222656,19.714000701904297,17.100278854370117,16.769384384155273,62.6408805847168,27.587923049926758,16.552457809448242,62.312191009521484,131.17483520507812,52.65999984741211,126.98999786376953,38.71797180175781,16.850000381469727
2022-06-07,482.54998779296875,34.457637786865234,104.50920867919922,138.04171752929688,30.27565574645996,32.83993911743164,116.2049560546875,116.11984252929688,,96.11000061035156,193.9468536376953,80.93963623046875,19.861000061035156,17.245281219482422,16.952709197998047,62.47721481323242,27.714889526367188,16.71055030822754,62.742835998535156,132.53280639648438,53.209999084472656,131.64999389648438,39.02777862548828,17.170000076293945
2022-06-08,487.95001220703125,34.62737274169922,104.07291412353516,136.32809448242188,29.75594139099121,32.3274040222168,116.21337890625,116.16395568847656,,94.9000015258789,194.92822265625,81.26608276367188,20.283000946044922,16.926280975341797,16.605356216430664,61.590110778808594,27.878129959106445,16.6394100189209,61.92835998535156,129.30050659179688,54.709999084472656,131.39999389648438,38.95220947265625,16.670000076293945
2022-06-09,482.260009765625,34.09390640258789,100.15587615966797,132.9888916015625,29.274024963378906,31.77690315246582,113.91366577148438,113.82617950439453,,93.91999816894531,182.3982696533203,77.21430969238281,19.277000427246094,16.558948516845703,16.267654418945312,60.755104064941406,26.436155319213867,16.50503158569336,62.227943420410156,127.20622253417969,52.5099983215332,129.22999572753906,38.49128341674805,15.630000114440918
2022-06-10,474.19000244140625,33.64933395385742,96.37458038330078,130.6681365966797,28.3763427734375,30.742353439331055,110.45365905761719,110.18447875976562,,92.30999755859375,174.0416259765625,73.62338256835938,18.29400062561035,16.249614715576172,15.987839698791504,59.13728713989258,25.47484588623047,16.354843139648438,59.57854461669922,124.80590057373047,49.27000045776367,127.94999694824219,38.40060806274414,14.859999656677246
2022-06-13,454.4700012207031,32.493473052978516,92.79689025878906,126.0853500366211,27.601491928100586,29.916610717773438,105.94245147705078,105.45738220214844,,84.91999816894531,162.83006286621094,69.43719482421875,16.9689998626709,15.3602876663208,15.119462966918945,57.415096282958984,23.407108306884766,15.61970043182373,59.775142669677734,119.17335510253906,45.58000183105469,123.19000244140625,37.47119903564453,14.029999732971191
2022-06-14,451.9700012207031,32.20248794555664,91.35224914550781,124.7242202758789,28.017263412475586,30.400663375854492,106.25717163085938,105.77754974365234,,84.94000244140625,162.30470275878906,70.15729522705078,16.753999710083008,15.273284912109375,15.003678321838379,56.49311065673828,23.26064109802246,15.374653816223145,60.03776550292969,119.44113159179688,45.400001525878906,121.41000366210938,37.14628219604492,13.979999542236328
2022-06-15,449.0,32.436893463134766,92.96171569824219,126.57495880126953,28.763763427734375,31.159976959228516,109.42573547363281,108.79975128173828,,86.68000030517578,167.8758087158203,73.98824310302734,18.01099967956543,15.273284912109375,14.994030952453613,56.910621643066406,23.480344772338867,15.366754531860352,63.011051177978516,120.99030303955078,48.13999938964844,126.16000366210938,37.13872146606445,14.850000381469727
2022-06-16,415.3500061035156,30.64247703552246,91.4104232788086,125.32156372070312,28.159006118774414,30.637950897216797,105.70404815673828,105.10154724121094,,81.7699966430664,159.4696044921875,69.99406433105469,17.334999084472656,15.128286361694336,14.87824535369873,53.95331573486328,22.19876480102539,14.987327575683594,60.844398498535156,118.84820556640625,44.22999954223633,124.9000015258789,36.90448760986328,13.649999618530273
2022-06-17,441.9599914550781,31.28911590576172,91.46858978271484,125.8698959350586,28.05506134033203,30.438634872436523,106.92279815673828,106.2017822265625,,84.69999694824219,162.31463623046875,65.82227325439453,17.551000595092773,15.205618858337402,14.955434799194336,54.884002685546875,22.4825439453125,15.31932258605957,58.63084411621094,122.01355743408203,46.29999923706055,125.80999755859375,37.04804992675781,14.220000267028809
2022-06-21,437.4700012207031,31.103208541870117,90.45054626464844,127.6814956665039,28.480281829833984,30.903705596923828,111.0360336303711,110.56361389160156,,83.9800033569336,155.68287658691406,67.2480697631836,17.090999603271484,14.983287811279297,14.685273170471191,55.24930953979492,22.51915740966797,15.77779769897461,57.233314514160156,125.91524505615234,47.060001373291016,128.77999877929688,38.272151947021484,14.039999961853027
2022-06-22,448.239990234375,31.442686080932617,90.65415954589844,126.34973907470703,28.083410263061523,30.42913818359375,111.05486297607422,110.50760650634766,,83.20999908447266,154.49331665039062,66.84481048583984,17.888999938964844,14.867288589477539,14.569488525390625,54.92748260498047,22.372692108154297,16.062368392944336,56.567378997802734,127.34964752197266,45.380001068115234,128.60000610351562,38.3779411315918,13.970000267028809
2022-06-23,455.1300048828125,31.61243438720703,91.42982482910156,126.28118133544922,28.036163330078125,30.438634872436523,111.69966888427734,111.25547790527344,,81.94000244140625,157.3680419921875,70.52214813232422,18.17099952697754,15.002620697021484,14.704569816589355,54.43170166015625,22.4459228515625,16.29160499572754,55.74198913574219,129.99862670898438,47.470001220703125,130.0500030517578,39.360252380371094,14.119999885559082
2022-06-24,463.1199951171875,31.984251022338867,94.80389404296875,127.49541473388672,28.678720474243164,31.13149642944336,117.50201416015625,116.93807983398438,,86.80000305175781,168.67872619628906,75.32283782958984,19.084999084472656,15.543952941894531,15.22559642791748,56.18867874145508,23.581039428710938,16.591983795166016,56.85813903808594,131.08876037597656,49.4900016784668,133.6199951171875,38.50640106201172,14.279999732971191
2022-06-27,464.3599853515625,32.19440841674805,93.66949462890625,122.9909896850586,28.83935546875,31.359291076660156,115.60326385498047,114.81539916992188,,85.58999633789062,168.0146026611328,73.64259338378906,18.913999557495117,15.514951705932617,15.187004089355469,56.319149017333984,23.782426834106445,16.42598533630371,57.21455383300781,130.5723876953125,47.84000015258789,129.2100067138672,38.50640106201172,14.079999923706055
2022-06-28,457.0299987792969,31.62860107421875,93.00049591064453,120.3274917602539,28.555875778198242,31.046072006225586,111.58766174316406,111.02304077148438,,84.37999725341797,159.28125,68.947509765625,17.959999084472656,15.282953262329102,14.945786476135254,55.37107467651367,23.397953033447266,16.29160499572754,57.35525131225586,127.21580505371094,44.150001525878906,126.18000030517578,38.12858581542969,13.65999984741211
2022-06-29,463.8399963378906,31.790254592895508,92.73871612548828,120.27852630615234,28.480281829833984,30.97963523864746,111.27542114257812,110.71971893310547,,84.0,162.5128936767578,68.2562026977539,17.836000442504883,15.118619918823242,14.781757354736328,55.075347900390625,22.95855712890625,16.560361862182617,58.16188049316406,128.49722290039062,43.34000015258789,125.52999877929688,38.49128341674805,13.170000076293945
2022-06-30,468.5299987792969,31.717514038085938,91.52676391601562,119.1230239868164,28.064512252807617,30.524051666259766,108.4166259765625,108.00529479980469,,82.58000183105469,159.84629821777344,66.91203308105469,17.48699951171875,15.3602876663208,15.032623291015625,55.32758331298828,22.592391967773438,16.568267822265625,58.612091064453125,128.65977478027344,41.88999938964844,122.52999877929688,38.347721099853516,13.420000076293945
2022-07-01,480.9200134277344,32.56622314453125,93.21379852294922,120.18059539794922,28.90550422668457,31.387767791748047,108.12767791748047,107.78178405761719,,83.05999755859375,158.63693237304688,68.64027404785156,17.9950008392334,15.563284873962402,15.196651458740234,55.93644714355469,23.077556610107422,16.844932556152344,58.677757263183594,130.83059692382812,41.65999984741211,124.86000061035156,39.02021789550781,14.25
2022-07-05,481.2200012207031,32.4116096496582,94.22215270996094,122.15863037109375,28.943296432495117,31.482675552368164,112.89167785644531,112.26748657226562,,85.44000244140625,166.72589111328125,71.20384979248047,18.58799934387207,15.418285369873047,15.080866813659668,55.649417877197266,23.05925178527832,16.734264373779297,58.26504898071289,131.54779052734375,44.290000915527344,127.04000091552734,38.853981018066406,14.4399995803833
2022-07-06,471.6400146484375,32.4116096496582,93.15563201904297,121.76695251464844,28.8866024017334,31.473182678222656,114.20658111572266,113.56499481201172,,84.62999725341797,168.29214477539062,70.9157943725586,18.4060001373291,15.369951248168945,15.032623291015625,55.1710205078125,22.940250396728516,16.671030044555664,59.5500373840332,131.01226806640625,42.9900016784668,125.62000274658203,38.92197799682617,14.270000457763672
2022-07-07,465.3999938964844,32.501121520996094,94.46453857421875,122.9909896850586,29.122835159301758,31.79589080810547,118.2633056640625,117.7389907836914,,85.97000122070312,170.69105529785156,72.85527038574219,18.927000045776367,15.59228515625,15.283490180969238,55.52763748168945,23.70919418334961,16.71845817565918,61.031986236572266,130.37156677246094,45.529998779296875,126.81999969482422,38.79956817626953,14.520000457763672
2022-07-08,463.54998779296875,32.51739501953125,92.94232940673828,123.0203628540039,28.943296432495117,31.549116134643555,119.11827087402344,118.30445861816406,,84.36000061035156,169.39247131347656,72.24079132080078,18.697999954223633,15.495619773864746,15.196651458740234,56.066917419433594,23.397953033447266,16.660785675048828,59.803279876708984,129.78822326660156,45.630001068115234,124.93000030517578,38.63124465942383,13.989999771118164
2022-07-11,453.3900146484375,31.874528884887695,90.7898941040039,121.26754760742188,28.61257553100586,31.22641372680664,115.50413513183594,114.6597900390625,,82.19000244140625,161.4621124267578,67.40169525146484,17.733999252319336,15.13795280456543,14.858948707580566,55.79727554321289,22.12553596496582,16.548648834228516,59.05292892456055,128.8415069580078,43.5099983215332,122.69999694824219,38.638885498046875,13.65999984741211
2022-07-12,468.1000061035156,32.34651184082031,90.75111389160156,119.44618225097656,28.93385124206543,31.530136108398438,113.84574890136719,113.01834869384766,,82.08000183105469,161.8487091064453,66.43196105957031,17.44499969482422,15.38928508758545,15.100163459777832,55.84946823120117,22.967708587646484,16.500587463378906,59.7657585144043,128.5641326904297,45.150001525878906,121.98999786376953,38.85312271118164,13.949999809265137
2022-07-13,465.6400146484375,32.45229721069336,90.11119079589844,119.15242004394531,28.697616577148438,31.169464111328125,111.2065200805664,110.3747787475586,,83.26000213623047,162.06678771972656,64.34844970703125,17.6560001373291,15.253952980041504,14.945786476135254,55.81467819213867,22.903636932373047,16.38043975830078,59.16548156738281,129.02316284179688,44.15999984741211,121.13999938964844,38.64654541015625,14.180000305175781
2022-07-14,468.75,32.208168029785156,89.04468536376953,119.7497329711914,28.36688995361328,30.85624885559082,110.46605682373047,109.39744567871094,,81.94999694824219,156.67416381835938,61.4488410949707,17.47800064086914,14.992952346801758,14.704569816589355,54.97966766357422,22.07975959777832,16.28431510925293,58.88408660888672,129.73085021972656,41.209999084472656,122.73999786376953,38.63124465942383,13.630000114440918
2022-07-15,476.6000061035156,33.28232192993164,92.30241394042969,120.6016845703125,29.321273803710938,31.966737747192383,111.78144836425781,110.79505920410156,,84.4800033569336,163.2662811279297,62.639408111572266,18.910999298095703,15.485953330993652,15.177352905273438,56.52791213989258,22.885324478149414,16.47655487060547,59.68135070800781,131.3660888671875,43.099998474121094,123.8499984741211,39.03676223754883,13.960000038146973
2022-07-18,474.010009765625,32.98937225341797,92.78719329833984,121.0521240234375,29.03779411315918,31.539623260498047,108.94941711425781,108.07169342041016,,86.08000183105469,165.77423095703125,62.533790588378906,19.091999053955078,15.447284698486328,15.15805721282959,56.96280288696289,22.4459228515625,16.44451904296875,59.36244201660156,128.59283447265625,43.619998931884766,123.6500015258789,38.47056198120117,13.880000114440918
2022-07-19,482.95001220703125,33.61595153808594,96.57819366455078,124.11711120605469,29.90713119506836,32.50773620605469,113.6182632446289,112.80968475341797,,91.18000030517578,174.24981689453125,67.64173126220703,20.163000106811523,15.998283386230469,15.736974716186523,58.632808685302734,22.931095123291016,16.660785675048828,60.506736755371094,131.509521484375,46.02000045776367,126.97000122070312,38.60063171386719,14.25
2022-07-20,483.20001220703125,34.03097152709961,100.20435333251953,124.93962097167969,30.39849281311035,32.972816467285156,113.69755554199219,112.89891052246094,,92.75,181.49618530273438,70.4165267944336,21.643999099731445,16.375282287597656,16.03608512878418,60.93776321411133,23.80988883972168,16.40446662902832,62.15751266479492,131.44259643554688,49.779998779296875,130.00999450683594,37.544761657714844,14.4399995803833
2022-07-21,492.739990234375,34.397151947021484,101.00908660888672,127.50523376464844,30.634729385375977,33.1721305847168,114.03459167480469,113.33502197265625,,91.55999755859375,181.5754852294922,71.7031021118164,22.38800048828125,16.558948516845703,16.238710403442383,60.215824127197266,23.819047927856445,15.154905319213867,61.72606658935547,127.36882019042969,50.9900016784668,132.27000427246094,36.4659309387207,14.510000228881836
2022-07-22,485.70001220703125,34.66569137573242,99.59352111816406,127.45624542236328,30.776470184326172,33.3714485168457,107.4129638671875,106.95164489746094,,91.58000183105469,167.79649353027344,69.33158111572266,22.04400062561035,16.568613052368164,16.286951065063477,59.980995178222656,23.132488250732422,14.738385200500488,62.110626220703125,126.68984985351562,47.27000045776367,130.41000366210938,34.00987243652344,14.649999618530273
2022-07-25,478.9800109863281,34.55990982055664,99.56444549560547,127.22124481201172,30.852067947387695,33.4853401184082,107.2642822265625,106.56507110595703,,92.23999786376953,165.1992950439453,68.505859375,21.85099983215332,16.549285888671875,16.30624771118164,60.36368942260742,23.196565628051758,14.84251880645752,67.3537368774414,128.67893981933594,46.560001373291016,130.77000427246094,34.247066497802734,14.65999984741211
2022-07-26,479.010009765625,34.76333999633789,96.74301147460938,128.03404235839844,29.831533432006836,32.36537170410156,104.51850128173828,104.0969467163086,,89.77999877929688,157.7645721435547,65.72145080566406,21.391000747680664,16.35594940185547,16.1132755279541,58.9459342956543,22.098072052001953,14.658286094665527,65.08390808105469,128.05734252929688,42.72999954223633,131.10000610351562,34.36948013305664,14.430000305175781
2022-07-27,475.94000244140625,35.29227066040039,100.34979248046875,129.434326171875,30.332347869873047,32.9063720703125,112.60717010498047,112.0662841796875,,93.33999633789062,168.1038055419922,69.09153747558594,22.674999237060547,16.64594841003418,16.450977325439453,60.041873931884766,22.455078125,14.730378150939941,63.92087173461914,134.7513885498047,46.630001068115234,130.5800018310547,34.36183547973633,15.149999618530273
2022-07-28,435.5799865722656,32.06982421875,101.7071762084961,130.4135284423828,30.587478637695312,33.10569381713867,113.5885238647461,113.21609497070312,,93.08000183105469,159.32090759277344,69.62920379638672,22.601999282836914,16.665281295776367,16.499221801757812,60.58114242553711,22.290307998657227,14.882568359375,65.17770385742188,135.50685119628906,47.130001068115234,130.35000610351562,34.85151290893555,15.59000015258789
2022-07-29,432.1000061035156,30.531843185424805,102.87065887451172,128.50401306152344,29.19843101501465,31.42572784423828,115.62059783935547,115.2976303100586,,93.98999786376953,157.71502685546875,70.3877182006836,22.489999771118164,16.703948974609375,16.537817001342773,60.74639892578125,21.649517059326172,15.042768478393555,65.00887298583984,136.8074188232422,45.0,132.72999572753906,35.34119415283203,15.0
2022-08-01,426.55999755859375,30.523710250854492,102.98699951171875,128.15151977539062,29.387418746948242,31.738941192626953,114.47074890136719,113.85045623779297,,95.27999877929688,158.53775024414062,70.59895324707031,22.621000289916992,16.7136173248291,16.528167724609375,60.98994445800781,22.10722541809082,15.002715110778809,66.3219985961914,137.5054931640625,45.43000030517578,127.55999755859375,35.394752502441406,15.399999618530273
2022-08-02,437.6499938964844,30.662046432495117,101.52296447753906,126.21266174316406,29.22677993774414,31.511152267456055,114.8870849609375,114.11808776855469,,96.02999877929688,158.7955322265625,73.65218353271484,22.142000198364258,16.626615524291992,16.40273666381836,60.154945373535156,22.400157928466797,14.70634651184082,66.34075927734375,136.12844848632812,47.70000076293945,126.66000366210938,34.69084167480469,16.0
2022-08-03,452.17999267578125,31.313047409057617,105.70177459716797,130.51144409179688,29.566953659057617,31.862333297729492,117.74189758300781,117.04216766357422,,98.06999969482422,167.33058166503906,60.71913146972656,22.67300033569336,17.12928009033203,16.894817352294922,61.15520095825195,22.92194366455078,14.71435832977295,66.57523345947266,137.41944885253906,50.029998779296875,129.80999755859375,34.68319320678711,16.709999084472656
2022-08-04,459.45001220703125,31.679237365722656,104.82917022705078,130.47227478027344,29.47245979309082,31.82436180114746,117.83111572265625,117.15120697021484,,97.5,169.08518981933594,63.877986907958984,22.990999221801758,16.964950561523438,16.769384384155273,61.14651107788086,23.169103622436523,14.634260177612305,66.80973052978516,137.5054931640625,50.459999084472656,127.38999938964844,33.99457550048828,17.479999542236328
2022-08-05,462.9800109863281,31.142162322998047,103.38450622558594,129.806396484375,29.29292869567871,31.63454246520996,117.1867904663086,116.43753814697266,,96.76000213623047,165.6553192138672,65.07816314697266,22.67799949645996,16.61695098876953,16.41238021850586,60.085365295410156,22.20792007446289,14.69833755493164,66.45330047607422,138.2418670654297,52.779998779296875,127.16000366210938,34.39243698120117,14.59000015258789
2022-08-08,464.04998779296875,31.40256690979004,105.7890396118164,128.32778930664062,29.4157657623291,31.76741600036621,117.10749053955078,116.2690200805664,,97.05999755859375,168.76795959472656,65.39501190185547,23.349000930786133,16.993946075439453,16.759737014770508,61.085636138916016,23.077556610107422,14.417984962463379,67.2130355834961,138.26097106933594,54.970001220703125,125.51000213623047,34.078739166259766,14.020000457763672
2022-08-09,452.5,31.052650451660156,104.8388671875,126.59452056884766,29.6236515045166,32.023681640625,116.47309112548828,115.60490417480469,,95.13999938964844,167.0629425048828,61.94811248779297,22.993999481201172,17.921947479248047,17.62811851501465,61.23348617553711,22.601543426513672,14.498085975646973,67.65386962890625,139.21726989746094,54.5,120.76000213623047,34.18585205078125,13.100000381469727
2022-08-10,462.69000244140625,31.70364761352539,109.00798797607422,128.4354705810547,30.587478637695312,33.10569381713867,119.5955581665039,118.64791870117188,,97.87000274658203,176.7875213623047,63.4171257019043,24.410999298095703,18.03794288635254,17.80179214477539,62.485984802246094,22.967708587646484,14.42599868774414,67.72891235351562,138.50962829589844,74.23999786376953,123.79000091552734,34.30826950073242,13.100000381469727
2022-08-11,466.19000244140625,32.061702728271484,114.1078872680664,126.98623657226562,31.806447982788086,34.57685089111328,118.77281951904297,117.79547119140625,,96.43000030517578,175.94493103027344,63.62834548950195,24.270000457763672,18.269941329956055,18.014066696166992,62.78173065185547,23.617656707763672,14.450027465820312,67.94464111328125,137.3333740234375,71.58999633789062,120.66999816894531,34.26237106323242,13.680000305175781
2022-08-12,478.1199951171875,32.549949645996094,117.86979675292969,128.64112854003906,31.891489028930664,34.64328384399414,121.57808685302734,120.61052703857422,,97.88999938964844,178.9287109375,65.2605972290039,24.93000030517578,18.434274673461914,18.16844367980957,63.10355758666992,23.974666595458984,14.634260177612305,68.03841400146484,140.0587921142578,74.48999786376953,123.13999938964844,34.545467376708984,13.680000305175781
2022-08-15,480.9200134277344,33.0137825012207,120.4779281616211,128.86636352539062,31.721397399902344,34.529380798339844,121.80606842041016,121.00701141357422,,98.51000213623047,179.3153533935547,66.60478210449219,24.910999298095703,18.12494659423828,17.84038543701172,62.842620849609375,24.313364028930664,14.730378150939941,67.69137573242188,140.27877807617188,75.41000366210938,127.38999938964844,34.859169006347656,13.119999885559082
2022-08-16,482.8299865722656,32.8428955078125,121.1566162109375,132.30343627929688,31.882041931152344,34.64328384399414,121.4393081665039,120.63035583496094,,99.04000091552734,177.90769958496094,65.06855773925781,24.569000244140625,18.269941329956055,17.936874389648438,64.08641052246094,24.899232864379883,14.874556541442871,68.71373748779297,140.2213592529297,73.73999786376953,136.58999633789062,35.04279327392578,13.6899995803833
2022-08-17,465.2799987792969,31.947771072387695,119.0720443725586,130.4037322998047,31.5891056060791,34.33007049560547,119.26844787597656,118.49923706054688,,97.4800033569336,173.32789611816406,62.312965393066406,24.114999771118164,18.01860809326172,17.686010360717773,63.503658294677734,24.075359344482422,14.754406929016113,67.3537368774414,139.18858337402344,70.16999816894531,133.0,34.69084167480469,13.260000228881836
2022-08-18,458.07000732421875,31.41883659362793,118.93631744384766,129.71827697753906,31.400123596191406,34.18769836425781,119.8037338256836,119.1137924194336,,96.47000122070312,173.13958740234375,62.44738006591797,24.517000198364258,17.960613250732422,17.637765884399414,63.68630599975586,23.773279190063477,14.76241683959961,66.27510833740234,140.4413299560547,69.12000274658203,130.47000122070312,33.810943603515625,13.1899995803833
2022-08-19,454.4599914550781,31.475791931152344,116.48332214355469,127.76958465576172,31.097745895385742,33.864994049072266,117.0876693725586,116.17980194091797,,94.27999877929688,166.4978790283203,59.403743743896484,24.115999221801758,17.61260986328125,17.271114349365234,63.051361083984375,23.70919418334961,14.76241683959961,66.49082946777344,139.97274780273438,65.69000244140625,127.73999786376953,33.98692321777344,13.729999542236328
2022-08-22,438.510009765625,30.613218307495117,112.41116333007812,125.45863342285156,30.228410720825195,32.934844970703125,114.06431579589844,113.23591613769531,,91.37999725341797,161.63064575195312,56.283294677734375,22.65399932861328,17.187280654907227,16.836925506591797,60.67682647705078,22.4825439453125,14.52211856842041,65.37467193603516,138.26097106933594,63.939998626708984,125.31999969482422,33.7956428527832,12.710000038146973
2022-08-23,432.05999755859375,30.30399513244629,111.3640365600586,124.09751892089844,30.067768096923828,32.7545051574707,113.76695251464844,112.85926055908203,,92.80999755859375,159.70750427246094,55.447975158691406,22.454999923706055,17.07128143310547,16.701841354370117,60.63333511352539,22.427621841430664,14.466049194335938,64.56803894042969,137.57244873046875,63.38999938964844,124.36000061035156,33.26005172729492,12.789999961853027
2022-08-24,429.17999267578125,30.19820785522461,112.86685180664062,123.00076293945312,30.31344985961914,33.01077651977539,113.69755554199219,112.69074249267578,,93.69000244140625,161.8388214111328,55.42877197265625,22.961000442504883,17.2259464263916,16.865873336791992,60.528953552246094,22.894481658935547,14.42599868774414,64.5774154663086,138.9781951904297,63.900001525878906,123.30000305175781,33.321258544921875,13.520000457763672
2022-08-25,438.5400085449219,30.596948623657227,113.88489532470703,124.95921325683594,30.51188850402832,33.20060348510742,116.67134094238281,115.62474060058594,,95.3499984741211,167.3107452392578,57.77151107788086,23.398000717163086,17.50628089904785,17.107088088989258,60.92906951904297,23.745811462402344,14.490077018737793,65.36527252197266,140.64219665527344,66.2300033569336,125.4800033569336,33.466636657714844,13.5600004196167
2022-08-26,425.7699890136719,29.94595718383789,110.59807586669922,129.424560546875,29.973278045654297,32.49824905395508,110.32727813720703,109.37017822265625,,91.80000305175781,160.37171936035156,55.56318664550781,22.327999114990234,17.119611740112305,16.740440368652344,59.537391662597656,22.79378318786621,14.329874992370605,63.42375183105469,136.7691650390625,63.40999984741211,127.47000122070312,33.09172058105469,13.15999984741211
2022-08-29,418.29998779296875,29.530933380126953,110.07450103759766,126.90790557861328,29.982723236083984,32.57417678833008,109.37565612792969,108.4582748413086,,91.91000366210938,157.784423828125,55.46717834472656,22.457000732421875,17.03261375427246,16.682546615600586,59.31123733520508,22.28115463256836,14.241766929626465,63.179874420166016,138.55743408203125,62.52000045776367,122.9000015258789,33.15293884277344,13.199999809265137
2022-08-30,409.510009765625,29.06710433959961,109.00798797607422,124.02472686767578,30.135116577148438,32.69846725463867,108.94941711425781,107.98251342773438,,91.30000305175781,155.7919158935547,54.228599548339844,22.065000534057617,16.868282318115234,16.499221801757812,59.13728713989258,22.02483558654785,14.2738037109375,62.982906341552734,139.15992736816406,62.81999969482422,123.04000091552734,32.54083251953125,13.289999961853027
2022-08-31,412.6300048828125,29.449567794799805,108.66864013671875,124.41700744628906,30.116065979003906,32.67934799194336,108.19606018066406,107.26883697509766,,90.36000061035156,161.51165771484375,54.27660369873047,22.356000900268555,16.665281295776367,16.325544357299805,58.18921661376953,21.4115047454834,14.049530982971191,63.7895393371582,137.6680908203125,62.70000076293945,122.55999755859375,31.98994255065918,13.239999771118164
2022-09-01,420.3299865722656,30.027324676513672,109.10494995117188,125.21133422851562,30.03034782409668,32.545494079589844,109.58383178710938,108.77545166015625,,90.19999694824219,163.92051696777344,53.239654541015625,23.003999710083008,16.694278717041016,16.325544357299805,57.96307373046875,21.475589752197266,14.017486572265625,63.311187744140625,137.6298065185547,61.88999938964844,120.72000122070312,31.98994255065918,13.1899995803833
2022-09-02,407.1400146484375,29.099647521972656,107.81541442871094,122.90678405761719,29.754140853881836,32.2586669921875,107.73017883300781,106.9020767211914,,89.63999938964844,158.92440795898438,52.98042678833008,22.611000061035156,16.723281860351562,16.364139556884766,57.632537841796875,21.164350509643555,13.76917839050293,63.59257125854492,135.7746124267578,61.27000045776367,118.62999725341797,31.599720001220703,13.0600004196167
2022-09-06,397.0,28.269628524780273,106.73921203613281,122.31837463378906,29.096956253051758,31.52247428894043,106.54066467285156,105.8712158203125,,88.93000030517578,157.15988159179688,51.684234619140625,21.839000701904297,16.23028564453125,15.87205982208252,57.36290740966797,20.96295738220215,13.448779106140137,63.47064208984375,135.70767211914062,60.029998779296875,119.52999877929688,31.44670295715332,12.630000114440918
2022-09-07,402.54998779296875,28.464927673339844,109.26007843017578,123.12252807617188,29.401737213134766,31.95271873474121,109.51444244384766,108.48800659179688,,91.19000244140625,158.99378967285156,55.22714614868164,22.895999908447266,16.529949188232422,16.229061126708984,58.563228607177734,21.017879486083984,13.512857437133789,62.4107666015625,139.14077758789062,62.18000030517578,120.58000183105469,31.431398391723633,12.680000305175781
2022-09-08,395.9100036621094,27.96854019165039,108.9110336303711,124.6817855834961,29.46841049194336,32.04832458496094,108.46369934082031,107.42741394042969,,90.7300033569336,160.6492462158203,56.79216766357422,22.743999481201172,16.471948623657227,16.209760665893555,59.05030822753906,20.789026260375977,13.432756423950195,63.87394714355469,139.01644897460938,64.38999938964844,120.58000183105469,31.615028381347656,12.539999961853027
2022-09-09,405.9100036621094,28.831117630004883,111.6742935180664,126.43716430664062,30.449419021606445,33.004425048828125,110.8030776977539,109.6774673461914,,93.12000274658203,167.67755126953125,59.76859664916992,23.35700035095215,17.12928009033203,16.856220245361328,61.24219512939453,21.65867042541504,13.641016960144043,64.96196746826172,139.33201599121094,66.87999725341797,127.77999877929688,32.318946838378906,13.029999732971191
2022-09-12,406.45001220703125,29.042686462402344,112.84745788574219,128.32005310058594,30.76371955871582,33.272125244140625,110.89229583740234,109.8856201171875,,95.26000213623047,167.4891815185547,60.5271110534668,23.652999877929688,17.351612091064453,16.991302490234375,62.21635818481445,22.20792007446289,13.921364784240723,65.74984741210938,138.8060760498047,67.43000030517578,129.5399932861328,32.71680450439453,13.3100004196167
2022-09-13,386.8900146484375,27.22802734375,108.35838317871094,125.12305450439453,29.620800018310547,32.0196418762207,104.3896255493164,103.4030990600586,,90.43000030517578,151.79698181152344,57.406654357910156,21.812999725341797,16.632274627685547,16.331449508666992,59.92881774902344,20.62425422668457,13.480817794799805,64.0240249633789,131.71995544433594,63.849998474121094,127.0199966430664,31.944040298461914,12.949999809265137
2022-09-14,385.1099853515625,28.04991912841797,109.07585906982422,124.46602630615234,29.554128646850586,32.04832458496094,104.94474029541016,104.0771255493164,,92.25,150.15145874023438,56.31209945678711,22.41200065612793,16.651716232299805,16.36056137084961,59.25905990600586,20.281902313232422,13.432756423950195,64.64417266845703,135.72679138183594,63.61000061035156,128.16000366210938,31.584428787231445,12.710000038146973
2022-09-15,376.0,27.667455673217773,107.39850616455078,122.00456237792969,30.506563186645508,33.04267501831055,102.99195098876953,102.0054931640625,,92.08999633789062,148.24813842773438,55.553592681884766,23.538000106811523,16.96278190612793,16.632265090942383,59.972293853759766,21.32745933532715,13.424748420715332,64.08039855957031,134.85655212402344,62.779998779296875,128.42999267578125,31.393138885498047,13.170000076293945
2022-09-16,377.5799865722656,28.090604782104492,104.95520782470703,119.38617706298828,29.70651626586914,32.19173812866211,102.72431945800781,101.89646911621094,,87.43000030517578,145.01651000976562,53.1628532409668,24.01300048828125,16.43785858154297,16.040334701538086,58.26749038696289,21.031373977661133,13.40872573852539,63.55424499511719,133.83334350585938,61.88999938964844,124.19000244140625,31.56147003173828,12.739999771118164
2022-09-19,372.1300048828125,28.041780471801758,105.84721374511719,120.55319213867188,30.430374145507812,32.851444244384766,102.94239044189453,102.1640853881836,,86.9800033569336,146.73147583007812,52.22190856933594,24.363000869750977,16.44757843017578,16.050039291381836,59.14598846435547,21.373722076416016,13.424748420715332,64.6065673828125,134.5601348876953,63.029998779296875,125.08000183105469,31.553815841674805,13.15999984741211
2022-09-20,362.94000244140625,27.537254333496094,104.29590606689453,118.20940399169922,30.1922607421875,32.73671340942383,100.94005584716797,100.25105285644531,,86.86000061035156,144.8182373046875,49.744754791259766,24.28499984741211,16.38925552368164,15.972404479980469,57.484981536865234,20.920337677001953,13.264548301696777,63.5824089050293,133.53692626953125,61.56999969482422,121.69000244140625,31.056489944458008,13.210000038146973
2022-09-21,353.0299987792969,26.60957908630371,101.30964660644531,115.2183609008789,28.954092025756836,31.283447265625,99.13594818115234,98.40740203857422,,81.55000305175781,140.8828125,47.82448196411133,23.687000274658203,15.874053955078125,15.535738945007324,57.11586380004883,19.800762176513672,13.016239166259766,63.09383010864258,130.79232788085938,61.630001068115234,117.91999816894531,30.207195281982422,12.220000267028809
2022-09-22,333.9599914550781,26.422414779663086,99.05058288574219,115.14972686767578,28.46834945678711,30.700233459472656,99.6910629272461,99.25984191894531,,77.4800033569336,141.57675170898438,46.62430953979492,23.704999923706055,15.582430839538574,15.225217819213867,56.36006546020508,19.310373306274414,13.008227348327637,64.08039855957031,129.14752197265625,59.2400016784668,114.73999786376953,30.551498413085938,12.010000228881836
2022-09-23,321.6600036621094,25.90975570678711,96.4715347290039,113.40412902832031,28.068326950073242,30.317790985107422,98.30328369140625,97.87213897705078,,75.2699966430664,139.18772888183594,45.414527893066406,22.641000747680664,15.2324800491333,14.875882148742676,55.57789993286133,18.662689208984375,12.823997497558594,63.85490036010742,126.5463638305664,57.70000076293945,110.36000061035156,30.237796783447266,11.789999961853027
2022-09-26,306.20001220703125,25.136693954467773,95.133544921875,112.60000610351562,27.582584381103516,29.75369644165039,97.94642639160156,97.30715942382812,,73.77999877929688,135.18287658691406,44.4927978515625,22.406999588012695,14.921414375305176,14.59447193145752,54.417823791503906,18.1908016204834,12.551658630371094,63.6012077331543,126.53682708740234,57.45000076293945,109.56999969482422,29.78638458251953,11.40999984741211
2022-09-27,306.8900146484375,24.624032974243164,92.9326400756836,112.9137954711914,27.344470977783203,29.591157913208008,97.23272705078125,96.64303588867188,,75.02999877929688,133.2300262451172,45.193695068359375,22.43600082397461,14.843648910522461,14.5071382522583,55.21757125854492,17.950225830078125,12.59971809387207,64.08039855957031,126.8810806274414,59.34000015258789,109.9000015258789,29.755767822265625,11.319999694824219
2022-09-28,321.0799865722656,25.356409072875977,96.37458038330078,116.06173706054688,27.7921199798584,30.059646606445312,99.85955047607422,99.17063903808594,,77.7699966430664,140.37725830078125,46.62430953979492,24.520000457763672,15.24220085144043,14.924399375915527,56.69402313232422,18.348094940185547,12.679819107055664,64.634765625,129.5969696044922,62.959999084472656,114.19000244140625,30.138330459594727,11.789999961853027
2022-09-29,312.5899963378906,24.762371063232422,94.48393249511719,115.19873809814453,27.02064323425293,29.170475006103516,97.23272705078125,96.56373596191406,,75.26000213623047,135.22254943847656,46.326663970947266,23.97100067138672,14.892252922058105,14.60417652130127,55.771240234375,17.53385353088379,12.439520835876465,65.01060485839844,128.75543212890625,60.79999923706055,108.58000183105469,29.564489364624023,11.65999984741211
2022-09-30,303.3500061035156,23.86724853515625,91.45890045166016,113.47277069091797,27.14446258544922,29.3330135345459,95.30967712402344,94.8093032836914,,76.04000091552734,134.49888610839844,45.84659957885742,23.54400062561035,14.989460945129395,14.662397384643555,55.44606018066406,17.617128372192383,12.28732967376709,65.93141174316406,128.3059539794922,59.75,109.0,29.051855087280273,11.5
2022-10-03,320.2699890136719,24.92512321472168,94.17366790771484,117.54254913330078,27.65877914428711,29.887548446655273,98.43215942382812,97.77302551269531,,78.36000061035156,137.40338134765625,48.2757453918457,23.90399932861328,15.456056594848633,15.166994094848633,55.86790466308594,18.153785705566406,12.73588752746582,67.75421905517578,132.8292236328125,61.130001068115234,113.36000061035156,29.962360382080078,11.949999809265137
2022-10-04,328.5400085449219,25.442338943481445,98.35248565673828,120.81794738769531,28.5540714263916,30.814960479736328,101.51497650146484,100.74665832519531,,80.45999908447266,139.05882263183594,49.399105072021484,24.073999404907227,16.21428108215332,15.894779205322266,58.7768669128418,18.570158004760742,12.888079643249512,69.642822265625,136.31015014648438,63.65999984741211,116.58999633789062,30.459684371948242,12.359999656677246
2022-10-05,329.2799987792969,25.237096786499023,97.73197174072266,120.29820251464844,27.858789443969727,30.155256271362305,101.3266372680664,100.53850555419922,,80.66999816894531,137.7701416015625,49.00544357299805,23.67300033569336,15.971261024475098,15.661887168884277,58.27593231201172,18.107521057128906,12.759919166564941,69.2763671875,135.05738830566406,61.79999923706055,117.30000305175781,30.145980834960938,12.220000267028809
2022-10-06,323.95001220703125,24.670616149902344,96.99510192871094,121.26907348632812,27.630205154418945,29.801502227783203,101.34646606445312,100.52859497070312,,79.86000061035156,137.85939025878906,48.510982513427734,24.00200080871582,15.737963676452637,15.409589767456055,57.82773208618164,17.700403213500977,12.489263534545898,68.78778076171875,133.3264923095703,61.16999816894531,121.37999725341797,29.440326690673828,12.489999771118164
2022-10-07,312.5299987792969,24.030248641967773,94.2027587890625,119.94515991210938,27.725448608398438,29.99272346496582,98.69979095458984,97.81266784667969,,78.61000061035156,132.2882843017578,46.36507034301758,22.475000381469727,15.407454490661621,15.089365005493164,57.11586380004883,17.256271362304688,12.17947769165039,68.33676147460938,131.5764923095703,56.790000915527344,120.7300033569336,28.67007827758789,11.979999542236328
2022-10-10,318.29998779296875,23.915307998657227,92.26362609863281,118.3466796875,27.55400848388672,29.772817611694336,97.84730529785156,96.9998779296875,,78.05999755859375,132.6253204345703,46.278656005859375,22.99799919128418,15.378291130065918,15.05055046081543,56.95766830444336,17.172996520996094,12.146867752075195,69.48307037353516,131.7103729248047,54.83000183105469,117.93000030517578,28.49113655090332,12.020000457763672
2022-10-11,308.44000244140625,23.545867919921875,90.2663345336914,116.94432830810547,27.173036575317383,29.323450088500977,97.19308471679688,96.32585906982422,,77.75,127.42103576660156,45.26091003417969,21.429000854492188,15.319968223571777,15.002031326293945,56.91373062133789,16.876914978027344,12.073498725891113,70.41328430175781,131.1557159423828,52.5,115.08999633789062,27.96208381652832,11.600000381469727
2022-10-12,306.30999755859375,23.554073333740234,90.56690979003906,116.58148193359375,26.9444522857666,29.151357650756836,97.44091033935547,96.7025146484375,,77.33000183105469,126.39009094238281,44.89604949951172,22.086999893188477,15.41717529296875,15.060253143310547,57.731048583984375,17.15449333190918,11.9267578125,70.04683685302734,127.12971496582031,52.619998931884766,116.55000305175781,27.759796142578125,11.65999984741211
2022-10-13,325.94000244140625,24.818397521972656,93.6985855102539,118.87623596191406,27.982606887817383,30.308229446411133,98.83856964111328,98.18933868408203,,77.94000244140625,129.1558074951172,42.658935546875,23.250999450683594,15.825448989868164,15.467812538146973,59.64692306518555,17.71891212463379,12.326217651367188,70.93003845214844,127.26360321044922,52.470001220703125,118.86000061035156,28.31997299194336,12.5
2022-10-14,323.30999755859375,24.670616149902344,91.57523345947266,118.04268646240234,27.7730712890625,30.164813995361328,96.33068084716797,95.7113037109375,,75.77999877929688,125.65653228759766,39.80731964111328,23.0,15.514383316040039,15.137884140014648,58.592315673828125,17.367305755615234,12.220237731933594,71.13676452636719,125.77178955078125,50.599998474121094,117.81999969482422,28.30440902709961,12.430000305175781
2022-10-17,331.69000244140625,25.302770614624023,94.36758422851562,118.68991088867188,25.525318145751953,27.325212478637695,99.89921569824219,99.09134674072266,,78.02999877929688,132.87313842773438,42.553321838378906,24.510000228881836,15.903213500976562,15.65218448638916,59.33932113647461,17.84844398498535,12.481111526489258,70.86426544189453,127.99036407470703,54.61000061035156,117.88999938964844,28.926828384399414,12.319999694824219
2022-10-18,328.8699951171875,25.245304107666016,95.48258972167969,120.98467254638672,26.268220901489258,27.917993545532227,100.50389099121094,99.88429260253906,,79.5999984741211,131.64395141601562,44.14714813232422,24.086000442504883,16.010143280029297,15.768628120422363,60.88609313964844,18.126028060913086,12.717525482177734,71.70050811767578,130.20901489257812,56.38999938964844,121.29000091552734,28.841245651245117,12.880000114440918
2022-10-19,324.6499938964844,24.949748992919922,95.97706604003906,121.44558715820312,26.34441375732422,28.03272247314453,99.41350555419922,98.75431823730469,,79.62000274658203,132.0701904296875,42.94697570800781,27.238000869750977,16.282325744628906,16.098556518554688,60.12149429321289,17.654138565063477,12.66861343383789,72.36763000488281,129.80735778808594,55.22999954223633,122.5,28.452232360839844,12.609999656677246
2022-10-20,328.1199951171875,25.007219314575195,95.5892333984375,121.16119384765625,26.058683395385742,27.73633575439453,99.65140533447266,99.09134674072266,,78.86000061035156,130.38504028320312,40.997901916503906,26.81599998474121,16.43785858154297,16.19559669494629,59.73481369018555,17.68189811706543,13.646883964538574,71.86024475097656,130.0751190185547,56.47999954223633,123.88999938964844,28.786792755126953,12.920000076293945
2022-10-21,330.3999938964844,25.023637771606445,98.9342269897461,122.57335662841797,26.296791076660156,28.137893676757812,100.59308624267578,100.24113464355469,,79.52999877929688,128.87823486328125,41.28593826293945,28.957000732421875,16.855854034423828,16.690486907958984,61.677040100097656,17.783676147460938,13.9403657913208,73.39178466796875,130.4958953857422,56.93000030517578,125.55000305175781,27.503042221069336,13.489999771118164
2022-10-24,337.07000732421875,25.5162353515625,98.62396240234375,123.24020385742188,26.41108512878418,28.31955337524414,102.07007598876953,101.6189193725586,,78.66000366210938,128.5907745361328,40.84427261352539,28.2450008392334,16.535066604614258,16.418781280517578,62.69650650024414,17.663393020629883,14.27460765838623,72.8186264038086,133.23089599609375,55.66999816894531,123.11000061035156,27.98542022705078,13.180000305175781
2022-10-25,346.7099914550781,25.910301208496094,101.1836166381836,125.27017211914062,26.668243408203125,28.52989387512207,104.01295471191406,103.56169891357422,,81.70999908447266,136.3129119873047,43.61906814575195,29.101999282836914,16.885013580322266,16.661376953125,63.021671295166016,18.20004653930664,14.42134952545166,73.19448852539062,134.48362731933594,57.84000015258789,125.02999877929688,28.34330940246582,13.569999694824219
2022-10-26,344.8699951171875,25.861045837402344,101.44540405273438,124.78964233398438,25.958675384521484,27.698089599609375,93.9913101196289,94.09562683105469,,78.47000122070312,128.68991088867188,42.46690368652344,29.86199951171875,16.719762802124023,16.49641227722168,62.74044418334961,17.89470672607422,14.788198471069336,74.07769775390625,134.68441772460938,55.36000061035156,123.62000274658203,28.34330940246582,13.0
2022-10-27,355.260009765625,26.246910095214844,101.26118469238281,125.23094940185547,25.306257247924805,26.933212280273438,91.79071044921875,91.40945434570312,,78.12999725341797,97.08741760253906,41.82361602783203,29.694000244140625,16.467021942138672,16.24411392211914,62.529518127441406,17.024959564208984,14.698526382446289,73.70186614990234,134.48362731933594,53.7599983215332,122.73999786376953,28.148805618286133,12.489999771118164
2022-10-28,368.239990234375,26.230487823486328,102.7252197265625,125.7605209350586,25.915817260742188,27.57379913330078,95.73592376708984,95.44367980957031,,80.05999755859375,98.33645629882812,41.9388313293457,29.57200050354004,16.66143798828125,16.409076690673828,63.7950439453125,17.598623275756836,15.065377235412598,73.96495056152344,144.400390625,53.709999084472656,124.0199966430664,29.308061599731445,12.949999809265137
2022-10-31,367.6199951171875,26.05807876586914,103.29725646972656,123.52458953857422,25.906291961669922,27.60248374938965,93.83270263671875,93.67931365966797,,79.61000061035156,92.34902954101562,41.47796630859375,29.187999725341797,16.651716232299805,16.370262145996094,63.9356803894043,16.950937271118164,14.861571311950684,74.12467193603516,144.93592834472656,53.2400016784668,118.4800033569336,29.07465171813965,13.0
2022-11-01,357.0,25.910301208496094,102.77369689941406,123.8285903930664,27.24922752380371,29.189598083496094,89.70906829833984,89.67484283447266,,79.43000030517578,94.37127685546875,42.15006637573242,28.674999237060547,16.739200592041016,16.48670768737793,64.24325561523438,17.73741340637207,14.959396362304688,73.9555435180664,145.6244354248047,53.08000183105469,116.30999755859375,29.07465171813965,13.350000381469727
2022-11-02,347.25,25.37666130065918,98.72091674804688,126.17239379882812,26.830156326293945,28.730674743652344,86.30903625488281,86.20560455322266,,76.77999877929688,89.75184631347656,43.91671371459961,27.299999237060547,16.253164291381836,15.982110977172852,62.95136642456055,15.535273551940918,15.024615287780762,72.85621643066406,143.46322631835938,49.5,113.55000305175781,29.33917808532715,12.680000305175781
2022-11-03,344.25,24.94154167175293,96.22915649414062,124.17184448242188,26.687294006347656,28.63506317138672,82.76032257080078,82.69671630859375,,76.41999816894531,88.13602447509766,41.08430862426758,26.9060001373291,16.21428108215332,15.972404479980469,62.52073287963867,14.998617172241211,14.81265926361084,69.55824279785156,141.69406127929688,49.16999816894531,111.30000305175781,28.903484344482422,11.970000267028809
2022-11-04,348.82000732421875,25.450551986694336,96.5490951538086,127.25111389160156,26.506330490112305,28.52989387512207,85.94226837158203,85.81902313232422,,70.72000122070312,89.99964904785156,41.305137634277344,26.07900047302246,16.44757843017578,16.18589210510254,63.46989822387695,14.406445503234863,14.934942245483398,69.5488510131836,142.32525634765625,46.25,108.52999877929688,28.9735107421875,10.430000305175781
2022-11-07,353.2799987792969,25.943145751953125,97.37322998046875,129.85971069335938,26.13488006591797,27.860624313354492,87.87523651123047,87.71222686767578,,73.26000213623047,95.8780288696289,42.75494384765625,25.860000610351562,16.476741790771484,16.224706649780273,64.03235626220703,15.146661758422852,14.967549324035645,69.70858001708984,143.23370361328125,43.720001220703125,108.4000015258789,28.934606552124023,10.270000457763672
2022-11-08,354.6600036621094,26.189435958862305,96.85935974121094,126.6039047241211,26.306316375732422,28.05184555053711,88.13296508789062,88.11863708496094,,72.9000015258789,95.63021087646484,42.34208679199219,26.34600067138672,16.855854034423828,16.5837459564209,65.1220932006836,15.34096622467041,15.138748168945312,70.76092529296875,143.3484649658203,43.369998931884766,93.56999969482422,29.46366310119629,10.0600004196167
2022-11-09,349.8800048828125,25.770734786987305,84.10961151123047,123.84822082519531,25.391977310180664,27.191360473632812,86.63615417480469,86.5525131225586,,72.63999938964844,100.5866928100586,41.228328704833984,25.465999603271484,16.000423431396484,15.681293487548828,64.47175598144531,14.36943531036377,14.983855247497559,70.35688781738281,142.14353942871094,39.88999938964844,94.08999633789062,29.269163131713867,9.84000015258789
2022-11-10,373.1600036621094,26.903696060180664,87.7066879272461,127.78069305419922,26.38251304626465,28.1474552154541,93.34697723388672,93.11433410644531,,76.36000061035156,110.89615631103516,46.89314270019531,27.496999740600586,16.991945266723633,16.78752326965332,66.0097427368164,15.33171558380127,15.358859062194824,71.04281616210938,143.87442016601562,47.5099983215332,98.56999969482422,29.96938133239746,10.800000190734863
2022-11-11,394.3999938964844,27.9299259185791,92.11819458007812,128.69268798828125,27.3920955657959,29.180038452148438,95.8846206665039,95.56263732910156,,76.69999694824219,112.03614807128906,49.389503479003906,29.01300048828125,17.779327392578125,17.525009155273438,68.11895751953125,17.404312133789062,15.530056953430176,70.77032470703125,139.8006134033203,48.77000045776367,102.25,29.79821014404297,11.84000015258789
2022-11-14,387.80999755859375,28.020238876342773,91.4104232788086,127.05496215820312,27.420669555664062,29.074867248535156,95.19073486328125,94.85885620117188,,73.5999984741211,113.22571563720703,46.73952102661133,29.927000045776367,17.886255264282227,17.64145851135254,67.13465118408203,17.108232498168945,15.538206100463867,70.73273468017578,139.1025390625,47.7599983215332,99.87999725341797,29.805992126464844,11.489999771118164
2022-11-15,392.0899963378906,28.143381118774414,92.60298156738281,126.29006958007812,27.61115837097168,29.39994239807129,97.85722351074219,97.57478332519531,,74.27999877929688,116.06080627441406,49.85036849975586,31.020000457763672,17.895978927612305,17.61234474182129,67.67074584960938,17.987234115600586,15.505599975585938,72.26427459716797,138.66262817382812,53.560001373291016,101.02999877929688,29.331401824951172,11.329999923706055
2022-11-16,388.9100036621094,27.89708709716797,91.09046173095703,126.83924865722656,27.48733901977539,29.151357650756836,98.12486267089844,97.9811782836914,,74.01000213623047,112.24433135986328,47.37321090698242,30.601999282836914,17.701557159423828,17.379453659057617,66.95008087158203,16.784385681152344,15.432229042053223,73.10051727294922,138.54788208007812,51.41999816894531,100.80999755859375,29.471439361572266,10.90999984741211
2022-11-17,384.2900085449219,28.126962661743164,88.66654205322266,126.16258239746094,27.46828842163086,29.285207748413086,97.6391372680664,97.49547576904297,,71.8499984741211,110.47980499267578,45.15529251098633,29.527999877929688,17.79876708984375,17.408567428588867,66.9940414428711,17.034208297729492,15.448534965515137,72.34884643554688,141.3115692138672,50.060001373291016,99.66000366210938,29.689289093017578,10.960000038146973
2022-11-18,374.3800048828125,28.323999404907227,89.00589752197266,127.56490325927734,27.754018783569336,29.572038650512695,96.94526672363281,96.57366180419922,,66.20999908447266,111.07459259033203,44.55040740966797,28.79800033569336,17.662681579589844,17.30182456970215,67.84650421142578,17.265527725219727,15.46484088897705,73.64546966552734,142.32525634765625,49.77000045776367,98.7699966430664,29.992712020874023,10.770000457763672
2022-11-21,369.0,28.200855255126953,94.60997772216797,125.38784790039062,27.46828842163086,29.170475006103516,94.99246978759766,94.7597427368164,,66.94000244140625,108.90365600585938,45.1072883605957,28.5049991607666,17.225242614746094,16.96219253540039,67.2928466796875,17.13599395751953,15.358859062194824,74.04950714111328,143.329345703125,48.31999969482422,97.43000030517578,30.047176361083984,10.5600004196167
2022-11-22,385.54998779296875,28.816585540771484,93.28167724609375,127.01578521728516,27.73497200012207,29.543354034423828,96.4793701171875,96.1969985961914,,67.48999786376953,110.46990966796875,45.414527893066406,28.66900062561035,17.623796463012695,17.30182456970215,68.63746643066406,17.70965576171875,15.489297866821289,74.74481201171875,144.97418212890625,48.380001068115234,100.29000091552734,30.498422622680664,10.800000190734863
2022-11-23,390.2300109863281,29.169614791870117,95.87040710449219,128.4279327392578,27.858789443969727,29.715452194213867,97.95633697509766,97.59459686279297,,68.58000183105469,111.262939453125,46.34585952758789,29.149999618530273,17.964025497436523,17.689973831176758,68.71656799316406,18.1908016204834,15.562668800354004,75.57164764404297,143.55886840820312,49.540000915527344,103.1500015258789,30.28058433532715,11.34000015258789
2022-11-25,390.1099853515625,29.268138885498047,95.8607177734375,126.99613952636719,28.04927635192871,29.916231155395508,96.74700164794922,96.60338592529297,,68.45999908447266,110.4401626586914,45.3857307434082,28.554000854492188,18.06123161315918,17.757902145385742,69.56023406982422,18.422109603881836,15.587124824523926,75.8347396850586,144.44821166992188,49.38999938964844,102.62999725341797,30.35838508605957,11.470000267028809
2022-11-28,384.4700012207031,29.2188720703125,92.77751159667969,125.86839294433594,27.858789443969727,29.638965606689453,95.40880584716797,95.20579528808594,,68.69000244140625,107.83306121826172,45.56815719604492,28.117000579833984,17.944581985473633,17.65116310119629,68.68142700195312,17.80217933654785,15.342555046081543,75.9193115234375,143.3484649658203,49.0099983215332,101.26000213623047,29.75153350830078,10.920000076293945
2022-11-29,385.2799987792969,29.128564834594727,91.80794525146484,125.30856323242188,28.515974044799805,30.32735252380371,94.60588836669922,94.35334777832031,,70.20999908447266,108.50714111328125,45.011268615722656,28.09600067138672,18.294530868530273,18.010196685791016,69.2175064086914,18.274072647094727,15.497448921203613,74.594482421875,142.12440490722656,48.689998626708984,101.3499984741211,29.829336166381836,11.140000343322754
2022-11-30,391.2900085449219,30.080907821655273,94.89114379882812,128.4415283203125,29.068384170532227,31.025304794311523,100.56336975097656,100.10237121582031,,72.76000213623047,117.0719223022461,48.544586181640625,30.55299949645996,18.90694236755371,18.582721710205078,70.0963363647461,18.57940673828125,15.717559814453125,75.05487823486328,144.84027099609375,52.13999938964844,105.69000244140625,30.327266693115234,11.399999618530273
2022-12-01,389.1600036621094,29.785354614257812,95.5892333984375,129.26649475097656,28.83980369567871,30.6906681060791,100.39485168457031,100.10237121582031,,73.55000305175781,119.39155578613281,47.96849822998047,31.69499969482422,18.88749885559082,18.592426300048828,70.1842269897461,18.662689208984375,15.644189834594727,74.33138275146484,145.1750030517578,51.90999984741211,106.4000015258789,29.821552276611328,11.630000114440918
2022-12-02,392.69000244140625,29.440542221069336,96.40367126464844,129.91470336914062,29.154104232788086,31.12091064453125,99.94879150390625,99.55720520019531,,73.91999816894531,122.41500091552734,46.729915618896484,32.04100036621094,18.88749885559082,18.553613662719727,69.12083435058594,18.85698890686035,15.505599975585938,75.6374282836914,145.748779296875,54.4900016784668,108.76000213623047,29.704851150512695,11.550000190734863
2022-12-05,387.7900085449219,28.85763931274414,93.01020050048828,128.0879669189453,28.71598243713379,30.6046199798584,98.9971694946289,98.60564422607422,,73.87999725341797,121.36422729492188,43.95512390136719,31.259000778198242,18.430620193481445,18.16546058654785,67.84650421142578,18.052003860473633,15.285491943359375,74.04011535644531,144.0369873046875,50.84000015258789,106.9800033569336,28.841245651245117,11.149999618530273
2022-12-06,371.1700134277344,28.54566764831543,89.48098754882812,125.13179779052734,27.839740753173828,29.638965606689453,96.45953369140625,96.12761688232422,,70.91000366210938,113.1265869140625,41.602787017822266,30.555999755859375,18.207042694091797,17.93256950378418,66.9061508178711,16.793636322021484,15.627886772155762,73.14749908447266,142.86074829101562,47.45000076293945,101.2699966430664,28.701202392578125,10.609999656677246
2022-12-07,374.8900146484375,28.422517776489258,89.34525299072266,123.75685119628906,27.544485092163086,29.352136611938477,94.31842041015625,94.10554504394531,,71.13999938964844,112.938232421875,41.33394241333008,30.841999053955078,17.954301834106445,17.660865783691406,66.50186920166016,16.66410255432129,15.733861923217773,72.60253143310547,142.28695678710938,47.77000045776367,99.48999786376953,28.91904640197754,10.739999771118164
2022-12-08,374.30999755859375,28.709863662719727,89.73307800292969,123.85504150390625,27.868316650390625,29.638965606689453,93.12891387939453,92.88636016845703,,71.47000122070312,114.32604217529297,42.274879455566406,31.025999069213867,17.876535415649414,17.61234474182129,66.44915771484375,16.747377395629883,15.587124824523926,72.17972564697266,137.52464294433594,48.5099983215332,100.79000091552734,28.864585876464844,10.760000228881836
2022-12-09,380.57000732421875,28.997209548950195,90.53781127929688,122.48005676269531,28.011180877685547,29.935352325439453,92.25659942626953,92.01409149169922,,71.7699966430664,114.89107513427734,41.84281539916992,32.000999450683594,17.769607543945312,17.515308380126953,66.48430633544922,17.598623275756836,15.562668800354004,71.15556335449219,135.38255310058594,47.810001373291016,102.05999755859375,29.097984313964844,11.09000015258789
2022-12-12,384.3999938964844,29.982393264770508,91.77886199951172,123.35416412353516,28.249290466308594,30.145692825317383,92.7423095703125,92.48986053466797,,73.5999984741211,113.71144104003906,41.81401443481445,31.51799964904785,17.8668155670166,17.65116310119629,68.804443359375,18.20004653930664,15.733861923217773,70.85489654541016,136.17626953125,49.220001220703125,102.61000061035156,29.52590560913086,11.270000457763672
2022-12-13,392.67999267578125,30.13837242126465,91.817626953125,123.43273162841797,28.611215591430664,30.623741149902344,95.01229858398438,94.78947448730469,,74.16999816894531,119.10408020019531,45.0208740234375,32.034000396728516,18.440340042114258,18.14605140686035,71.13336181640625,18.20004653930664,15.587124824523926,69.2763671875,134.43582153320312,51.939998626708984,104.55000305175781,29.45588493347168,10.890000343322754
2022-12-14,328.3399963378906,29.021833419799805,91.28437805175781,122.43094635009766,28.35405921936035,30.403839111328125,94.47701263427734,94.2343978881836,,73.08999633789062,120.53154754638672,42.78375244140625,31.783000946044922,18.450057983398438,18.126646041870117,71.08942413330078,18.134479522705078,15.407770156860352,69.35166931152344,136.13800048828125,50.939998626708984,104.80999755859375,29.136892318725586,10.979999542236328
2022-12-15,313.42999267578125,28.4143123626709,87.73576354980469,119.55338287353516,27.373048782348633,29.352136611938477,90.40293884277344,90.0614013671875,,70.2300033569336,115.13890075683594,40.27778625488281,29.041000366210938,17.53631019592285,17.253307342529297,68.90111541748047,16.54209327697754,15.057223320007324,68.1187744140625,134.07241821289062,46.779998779296875,101.66000366210938,29.385862350463867,10.0
2022-12-16,304.9599914550781,28.315786361694336,87.3382568359375,119.56317138671875,27.315898895263672,29.390378952026367,90.06591796875,89.46669006347656,,69.37000274658203,118.39035034179688,40.268192291259766,29.070999145507812,17.565471649169922,17.30182456970215,67.78498840332031,16.214250564575195,15.073533058166504,69.43636322021484,136.13800048828125,46.150001525878906,100.76000213623047,28.880144119262695,9.90999984741211
2022-12-19,306.1600036621094,27.89708709716797,83.16912078857422,118.63015747070312,26.315839767456055,28.19525718688965,88.37086486816406,87.66266632080078,,68.38999938964844,113.48343658447266,38.76076889038086,28.829999923706055,17.205801010131836,16.913673400878906,67.94317626953125,15.848931312561035,14.559937477111816,66.2835693359375,135.4303741455078,44.130001068115234,98.58999633789062,28.810121536254883,9.25
2022-12-20,309.2900085449219,28.250112533569336,84.37139129638672,118.26677703857422,26.763486862182617,28.63506317138672,88.84666442871094,88.2375717163086,,68.68000030517578,116.07071685791016,38.42473220825195,28.819000244140625,17.254405975341797,16.991302490234375,69.0074462890625,15.8114652633667,14.731134414672852,66.53767395019531,134.20628356933594,46.59000015258789,98.11000061035156,28.779001235961914,9.029999732971191
2022-12-21,321.3399963378906,28.800174713134766,84.27442932128906,120.30960083007812,27.039691925048828,28.998382568359375,89.46124267578125,88.79265594482422,,70.68000030517578,118.71748352050781,39.087215423583984,29.79599952697754,17.468259811401367,17.204788208007812,69.85881042480469,15.8114652633667,14.79635238647461,66.30239868164062,135.28689575195312,46.56999969482422,99.87999725341797,29.393638610839844,9.039999961853027
2022-12-22,323.8800048828125,28.58671760559082,84.03203582763672,119.2489013671875,27.182558059692383,29.16091537475586,87.4886474609375,86.98865509033203,,70.56999969482422,116.10044860839844,38.29990768432617,29.774999618530273,17.565471649169922,17.28241539001465,69.8676986694336,15.867668151855469,14.894181251525879,67.0458984375,133.43170166015625,44.900001525878906,99.2699966430664,29.805992126464844,9.229999542236328
2022-12-23,333.9200134277344,28.84943199157715,85.33126068115234,119.33729553222656,27.477813720703125,29.409500122070312,89.02509307861328,88.44573211669922,,70.69000244140625,117.012451171875,38.962406158447266,29.496000289916992,18.04178810119629,17.767602920532227,71.39311218261719,15.605393409729004,14.926790237426758,65.63420104980469,133.9002685546875,44.880001068115234,99.83000183105469,29.883790969848633,9.170000076293945
2022-12-27,332.7900085449219,28.734493255615234,83.74117279052734,118.65962982177734,27.29685401916504,29.27564811706543,87.1615219116211,86.62191009521484,,69.58999633789062,115.86253356933594,37.61820983886719,28.41699981689453,18.04178810119629,17.738492965698242,72.17355346679688,15.474257469177246,15.049077033996582,65.06951904296875,134.827880859375,43.81999969482422,99.37999725341797,30.537328720092773,9.229999542236328
2022-12-28,332.3399963378906,28.422517776489258,81.6081314086914,117.40251159667969,26.811107635498047,28.78803825378418,85.7043685913086,85.26395416259766,,68.16000366210938,114.61351013183594,37.78143310546875,27.687999725341797,17.69183921813965,17.418270111083984,71.50840759277344,15.090210914611816,14.853416442871094,63.53549575805664,132.90574645996094,43.31999969482422,99.69000244140625,30.195005416870117,8.869999885559082
2022-12-29,338.94000244140625,28.77553939819336,84.52651977539062,120.00514221191406,27.220657348632812,29.218284606933594,88.17259979248047,87.67259216308594,,70.1500015258789,119.21312713623047,39.45207214355469,29.11199951171875,17.944581985473633,17.680273056030273,72.35979461669922,15.708431243896484,15.040923118591309,64.48601531982422,133.30740356445312,45.34000015258789,101.33999633789062,30.54511070251465,9.430000305175781
2022-12-30,339.1000061035156,28.709863662719727,84.23564147949219,119.99530792236328,27.096839904785156,29.036624908447266,87.95453643798828,87.45452117919922,,69.73999786376953,119.29241943359375,39.83612823486328,29.488000869750977,17.925140380859375,17.660865783691406,72.34207916259766,15.8114652633667,15.008312225341797,64.48601531982422,133.88113403320312,44.83000183105469,104.12999725341797,30.654037475585938,9.479999542236328
2023-01-03,341.5799865722656,29.4296817779541,86.26203155517578,120.6042251586914,26.9920711517334,28.941011428833008,88.91604614257812,88.3366928100586,,68.86000061035156,123.65412139892578,39.42327117919922,29.4950008392334,17.97374153137207,17.757902145385742,73.1934585571289,15.989439010620117,15.277334213256836,64.54249572753906,132.96311950683594,44.02000045776367,103.11000061035156,31.214210510253906,9.539999961853027
2023-01-04,354.0,30.27359962463379,89.18042755126953,122.77470397949219,27.973081588745117,29.90667152404785,87.93470001220703,87.30582427978516,,71.01000213623047,126.26123809814453,40.57543182373047,30.94099998474121,18.702800750732422,18.417757034301758,74.88739013671875,17.32891845703125,15.603424072265625,66.30239868164062,133.84292602539062,44.310001373291016,106.7699966430664,32.00000762939453,10.380000114440918
2023-01-05,361.42999267578125,30.596277236938477,89.12224578857422,122.45062255859375,27.57305908203125,29.49555015563965,86.01166534423828,85.44235229492188,,71.66000366210938,125.8349838256836,40.805870056152344,30.969999313354492,18.362571716308594,18.126646041870117,75.49044799804688,17.47879409790039,15.660493850708008,67.79879760742188,138.1653594970703,42.59000015258789,105.95999908447266,32.4434814453125,10.859999656677246
2023-01-06,367.7300109863281,31.34918212890625,91.06137084960938,121.67473602294922,28.382631301879883,30.356037139892578,87.38951873779297,86.57234191894531,,72.37999725341797,128.88816833496094,40.66184997558594,31.55500030517578,18.66391944885254,18.437164306640625,76.34184265136719,17.82537078857422,15.92136287689209,79.30876922607422,142.0765838623047,42.290000915527344,104.75,32.82471466064453,11.319999694824219
2023-01-09,367.17999267578125,31.0678768157959,91.88550567626953,121.9497299194336,28.00165557861328,29.897111892700195,88.02393341064453,87.2463607788086,,72.26000213623047,128.3429718017578,42.12125778198242,31.517000198364258,18.731966018676758,18.50509262084961,76.00483703613281,18.312450408935547,15.74604320526123,82.64979553222656,142.2678680419922,43.9900016784668,105.0999984741211,32.69274139404297,11.609999656677246
2023-01-10,374.6400146484375,31.340913772583008,92.65145874023438,121.80240631103516,28.5540714263916,30.489887237548828,88.46006774902344,87.6428451538086,,72.55999755859375,131.83230590820312,43.17741394042969,32.75400161743164,19.043027877807617,18.81561279296875,76.0935287475586,18.63092803955078,16.101648330688477,84.92730712890625,143.0233154296875,44.84000015258789,105.52999877929688,33.151084899902344,12.5600004196167
2023-01-11,378.42999267578125,31.398820877075195,93.39801788330078,123.85504150390625,28.658836364746094,30.6619873046875,91.45367431640625,90.71560668945312,,73.33999633789062,131.73313903808594,43.85910415649414,32.72600173950195,19.072195053100586,18.73798179626465,75.36628723144531,18.733964920043945,16.052030563354492,84.23088836669922,142.29653930664062,47.310001373291016,105.26000213623047,32.5425910949707,12.600000381469727
2023-01-12,385.4700012207031,32.011085510253906,96.77210998535156,124.15950775146484,28.811229705810547,30.79583740234375,91.10673522949219,90.32903289794922,,73.1500015258789,135.51992797851562,44.22396469116211,33.01300048828125,19.16939926147461,18.776796340942383,74.80756378173828,18.94940948486328,16.052030563354492,84.08029174804688,143.35806274414062,46.70000076293945,104.29000091552734,33.04045104980469,13.149999618530273
2023-01-13,388.4700012207031,32.209651947021484,96.37458038330078,123.2166748046875,28.868370056152344,30.910573959350586,91.98895263671875,91.31033325195312,,74.66000366210938,135.78758239746094,44.29117202758789,33.28200149536133,19.26660919189453,18.8835391998291,74.55036926269531,18.79016876220703,16.16780662536621,84.13676452636719,143.1380615234375,47.029998779296875,105.02999877929688,33.0799674987793,13.140000343322754
2023-01-17,388.3500061035156,32.21792984008789,96.86907196044922,121.4881362915039,28.45882225036621,30.375158309936523,91.35455322265625,90.48762512207031,,76.12000274658203,134.1816864013672,45.40493392944336,32.62200164794922,19.072195053100586,18.699169158935547,74.2133560180664,19.333454132080078,15.985871315002441,84.38145446777344,140.55606079101562,47.06999969482422,104.54000091552734,32.28180694580078,13.229999542236328
2023-01-18,381.8599853515625,31.671865463256836,96.0255355834961,121.49796295166016,28.115949630737305,30.097888946533203,90.97786712646484,90.31912231445312,,73.5199966430664,131.862060546875,45.328121185302734,32.632999420166016,18.69308090209961,18.311019897460938,73.23780822753906,18.752700805664062,15.729501724243164,83.60972595214844,139.52330017089844,45.68000030517578,103.22000122070312,31.586387634277344,12.59000015258789
2023-01-19,384.20001220703125,31.556032180786133,96.06432342529297,121.50778198242188,28.011180877685547,29.935352325439453,93.08924865722656,92.23217010498047,,73.22000122070312,134.96478271484375,45.93299865722656,31.577999114990234,18.52783203125,18.15575408935547,72.82098388671875,18.33118438720703,15.663341522216797,83.619140625,138.79653930664062,44.2599983215332,102.26000213623047,31.65750503540039,12.470000267028809
2023-01-20,396.1099853515625,32.573692321777344,100.33039855957031,123.73719024658203,28.296911239624023,30.17437744140625,98.41232299804688,97.1584701538086,,75.11000061035156,138.15675354003906,48.41015625,34.25,19.09163475036621,18.689464569091797,74.30203247070312,19.01497459411621,15.903168678283691,83.46855926513672,138.77737426757812,45.56999969482422,106.58999633789062,31.61009979248047,13.020000457763672
2023-01-23,396.010009765625,33.310062408447266,102.47313690185547,125.13179779052734,29.230300903320312,31.235637664794922,100.32545471191406,98.91291809082031,,75.94000244140625,142.0228271484375,49.994388580322266,35.742000579833984,19.373538970947266,18.970870971679688,74.97608184814453,19.820537567138672,15.795665740966797,83.19564056396484,138.06015014648438,47.189998626708984,110.66999816894531,31.317705154418945,13.510000228881836
2023-01-24,392.0299987792969,32.88810348510742,102.77369689941406,125.21038055419922,29.17315101623535,31.235637664794922,98.34293365478516,96.84127807617188,,77.0,141.8939208984375,48.823020935058594,36.382999420166016,19.354095458984375,18.951467514038086,76.39506530761719,19.511428833007812,15.845279693603516,81.99098205566406,139.437255859375,47.619998931884766,111.2699966430664,31.94200325012207,13.380000114440918
2023-01-25,403.760009765625,33.17768096923828,104.82917022705078,125.27911376953125,29.839859008789062,32.0196418762207,95.8846206665039,94.38308715820312,,77.52999877929688,140.26820373535156,48.5253791809082,36.79600143432617,20.277572631835938,20.028583526611328,76.94493103027344,20.541793823242188,16.887298583984375,81.6615982055664,141.59844970703125,48.709999084472656,110.69999694824219,31.870878219604492,14.529999732971191
2023-01-26,410.3900146484375,33.43416976928711,106.36109161376953,126.83087158203125,30.21131134033203,32.4690055847168,98.29338836669922,96.6628646850586,,79.44000244140625,146.01773071289062,49.71595001220703,36.48699951171875,20.423385620117188,20.106216430664062,76.29751586914062,20.991411209106445,16.539958953857422,80.73928833007812,142.19134521484375,49.75,111.88999938964844,31.823467254638672,15.0
2023-01-27,394.4100036621094,32.76399612426758,106.2059555053711,126.56565856933594,30.116065979003906,32.363834381103516,99.829833984375,98.49662780761719,,80.36000061035156,150.4191131591797,51.5210075378418,36.07699966430664,20.131757736206055,19.912139892578125,75.63235473632812,21.609628677368164,16.498611450195312,79.6475830078125,140.31703186035156,51.95000076293945,114.27999877929688,32.1158561706543,14.90999984741211
2023-01-30,390.94000244140625,32.46614456176758,104.31529998779297,126.68353271484375,29.91605567932129,32.18217086791992,97.09394836425781,96.08796691894531,,79.44000244140625,145.77981567382812,50.31123352050781,35.31100082397461,19.79153060913086,19.572507858276367,75.24212646484375,21.17874526977539,16.672279357910156,79.94873809814453,140.55606079101562,49.220001220703125,112.66000366210938,32.43986129760742,14.380000114440918
2023-01-31,384.30999755859375,32.557151794433594,105.18790435791016,126.37910461425781,30.1922607421875,32.44987869262695,98.9971694946289,97.97125244140625,,80.48999786376953,147.67320251464844,51.96267318725586,35.38600158691406,19.869300842285156,19.659841537475586,76.26202392578125,21.693931579589844,16.845947265625,79.63818359375,142.78424072265625,50.70000076293945,113.2300033569336,32.850799560546875,14.819999694824219
2023-02-01,398.67999267578125,33.070125579833984,106.0605239868164,114.67223358154297,30.48751449584961,32.80363845825195,100.54354095458984,99.54728698730469,,81.31999969482422,151.78707885742188,49.360694885253906,36.19900131225586,20.326173782348633,20.106216430664062,77.71651458740234,22.855438232421875,16.688817977905273,81.12516021728516,144.3717041015625,52.310001373291016,112.25,32.94561767578125,15.359999656677246
2023-02-02,412.25,34.01333236694336,109.76424407958984,113.916015625,31.154224395751953,33.44422149658203,107.84912109375,106.79303741455078,,81.5199966430664,187.12673950195312,50.47446060180664,36.68899917602539,21.06495475769043,20.833995819091797,81.44135284423828,23.651636123657227,16.771520614624023,80.28755950927734,140.5274200439453,57.0099983215332,114.72000122070312,33.05625915527344,15.920000076293945
2023-02-03,406.29998779296875,33.070125579833984,107.34034729003906,111.88301086425781,30.76371955871582,33.08091354370117,104.30040740966797,103.85905456542969,,79.80000305175781,184.9062042236328,46.51869201660156,36.59000015258789,20.802494049072266,20.542884826660156,81.33493041992188,23.04277992248535,16.399370193481445,84.43793487548828,138.8443145751953,53.099998474121094,109.27999877929688,32.80337142944336,15.420000076293945
2023-02-06,404.5899963378906,32.68952560424805,106.5259017944336,110.18395233154297,30.297029495239258,32.47856903076172,102.56571197509766,101.99559783935547,,79.77999877929688,184.44032287597656,45.56815719604492,36.14799880981445,20.345613479614258,20.154735565185547,80.7496109008789,22.536962509155273,16.192617416381836,85.21907043457031,135.76507568359375,52.34000015258789,105.55999755859375,32.62162399291992,15.399999618530273
2023-02-07,402.6099853515625,32.8219108581543,108.23233795166016,112.13838195800781,30.28750228881836,32.5550537109375,107.09578704833984,106.69391632080078,,80.68000030517578,189.951904296875,46.86433792114258,36.29499816894531,20.549755096435547,20.29058837890625,80.63429260253906,21.871906280517578,15.919711112976074,85.09671020507812,136.74050903320312,52.70000076293945,113.8499984741211,32.04473114013672,15.329999923706055
2023-02-08,403.29998779296875,32.069000244140625,108.37776947021484,110.68482208251953,31.630443572998047,33.979637145996094,99.12603759765625,98.49662780761719,,81.38999938964844,181.83322143554688,46.01941680908203,36.68299865722656,20.5108699798584,20.261474609375,82.3725814819336,21.000776290893555,15.845279693603516,83.90148162841797,137.52464294433594,51.75,110.44999694824219,32.021026611328125,14.5600004196167
2023-02-09,393.7699890136719,31.357454299926758,107.0009994506836,109.7911148071289,31.630443572998047,34.17085647583008,94.62570190429688,94.17493438720703,,80.16000366210938,176.37120056152344,45.34732437133789,36.25,20.267852783203125,19.980064392089844,82.70071411132812,20.41065788269043,15.688150405883789,83.28975677490234,136.6066131591797,49.880001068115234,110.87999725341797,31.45994758605957,14.369999885559082
2023-02-10,396.94000244140625,31.73804473876953,104.77098846435547,109.80091857910156,31.62091827392578,34.2377815246582,94.03094482421875,93.73878479003906,,76.41000366210938,172.6339874267578,43.28302764892578,34.736000061035156,18.28481101989746,18.10723876953125,80.82941436767578,20.223318099975586,15.770852088928223,82.66860961914062,137.41944885253906,48.689998626708984,111.0999984741211,31.61800193786621,14.220000267028809
2023-02-13,400.1300048828125,32.3420295715332,104.3831787109375,111.17588806152344,31.506628036499023,34.123050689697266,94.16973114013672,93.7784423828125,,77.0,177.86802673339844,43.81110382080078,35.856998443603516,18.498666763305664,18.311019897460938,82.46126556396484,20.89773941040039,15.92798137664795,82.3392105102539,140.173583984375,48.630001068115234,111.37999725341797,31.862974166870117,14.920000076293945
2023-02-14,400.1300048828125,32.31721115112305,104.3831787109375,110.24287414550781,31.554248809814453,34.189979553222656,94.12017059326172,93.84783935546875,,78.08000183105469,177.9176025390625,43.24462890625,35.99599838256836,18.488943099975586,18.262496948242188,82.63863372802734,21.02887725830078,15.837010383605957,82.15098571777344,141.04379272460938,49.91999816894531,112.08999633789062,31.870878219604492,14.729999542236328
2023-02-15,403.6099853515625,32.61506652832031,105.91508483886719,111.31336975097656,32.725746154785156,35.49026870727539,96.25137329101562,96.08796691894531,,78.97000122070312,175.6177978515625,43.75349426269531,36.141998291015625,18.780567169189453,18.57301902770996,82.6829833984375,22.98657989501953,15.919711112976074,82.26393127441406,141.10116577148438,66.30000305175781,115.94999694824219,31.910385131835938,15.350000381469727
2023-02-16,400.3699951171875,32.86328125,102.60888671875,109.72234344482422,32.373348236083984,35.11738967895508,94.94290924072266,94.67053985595703,,78.20999908447266,170.9388885498047,42.16926193237305,35.07099914550781,18.313968658447266,18.14605140686035,82.65636444091797,22.01241111755371,15.92798137664795,82.03805541992188,140.31703186035156,63.06999969482422,112.5199966430664,31.483652114868164,15.3100004196167
2023-02-17,395.6199951171875,32.366859436035156,102.01744079589844,109.99735260009766,32.59239959716797,35.40421676635742,93.76331329345703,93.52072143554688,,76.38999938964844,171.37506103515625,41.89082717895508,34.79600143432617,18.576435089111328,18.437164306640625,83.11754608154297,22.19038200378418,16.076839447021484,82.80037689208984,142.82252502441406,60.29999923706055,112.51000213623047,31.78394889831543,15.430000305175781
2023-02-21,377.9100036621094,31.307819366455078,98.98270416259766,110.01698303222656,31.773305892944336,34.58197784423828,91.2455062866211,90.98323059082031,,75.05000305175781,170.58203125,40.74825668334961,33.75,17.895978927612305,17.719085693359375,81.09548950195312,21.478492736816406,15.886627197265625,81.35102081298828,140.66127014160156,56.75,112.0199966430664,30.977893829345703,14.75
2023-02-22,382.6499938964844,31.44847297668457,98.5851821899414,109.74199676513672,32.07808303833008,34.907047271728516,90.9977035522461,90.8444595336914,,75.44000244140625,169.63037109375,42.09246063232422,33.487998962402344,17.351613998413086,17.156269073486328,81.4591064453125,21.825071334838867,16.027217864990234,80.06167602539062,140.89080810546875,56.40999984741211,111.23999786376953,31.041107177734375,15.420000076293945
2023-02-23,383.2300109863281,31.183712005615234,98.63367462158203,108.740234375,31.97331428527832,34.744510650634766,90.27409362792969,90.09114074707031,,76.48999786376953,170.54237365722656,41.90042495727539,32.3650016784668,17.205801010131836,16.98160171508789,81.53003692626953,21.956209182739258,16.00241470336914,81.42630004882812,138.40443420410156,56.25,110.37000274658203,30.44842529296875,15.729999542236328
2023-02-24,374.80999755859375,30.612823486328125,97.2471923828125,107.80721282958984,31.487581253051758,34.31427001953125,88.56910705566406,88.34659576416016,,68.77999877929688,168.90676879882812,39.69211196899414,31.71500015258789,17.11831283569336,16.923376083374023,81.23737335205078,20.888368606567383,15.911441802978516,80.73928833007812,138.09841918945312,54.970001220703125,109.30000305175781,30.614377975463867,15.550000190734863
2023-02-27,375.04998779296875,30.902400970458984,97.39262390136719,109.10360717773438,31.287561416625977,34.11349105834961,89.31255340576172,89.08010864257812,,71.83000183105469,168.0641326904297,39.73051834106445,32.303001403808594,16.96278190612793,16.758413314819336,80.72297668457031,20.691665649414062,15.737773895263672,80.94635009765625,137.83065795898438,55.08000183105469,110.08000183105469,30.72500991821289,15.9399995803833
2023-02-28,367.6099853515625,30.75347137451172,96.57819366455078,109.14297485351562,30.951656341552734,33.718727111816406,89.51082611083984,89.2684326171875,,72.05999755859375,173.41714477539062,39.768917083740234,32.2130012512207,16.778085708618164,16.641965866088867,80.32389831542969,20.064075469970703,15.638529777526855,79.0546646118164,135.9658966064453,55.959999084472656,109.55000305175781,30.669696807861328,15.619999885559082
2023-03-01,362.5400085449219,30.306703567504883,95.54076385498047,108.6215591430664,30.75010871887207,33.506900787353516,89.71897888183594,89.56580352783203,,72.01000213623047,171.91033935546875,39.9609489440918,31.347999572753906,16.622554779052734,16.418781280517578,81.12208557128906,20.345088958740234,15.431782722473145,78.74410247802734,135.11477661132812,55.40999984741211,108.69999694824219,30.26667022705078,15.020000457763672
2023-03-02,363.0899963378906,30.571449279785156,95.90918731689453,110.4710922241211,30.999637603759766,33.805381774902344,91.50322723388672,91.1913833618164,,72.45999908447266,173.01068115234375,40.05696487426758,31.187999725341797,16.90445327758789,16.748708724975586,81.43248748779297,20.93520736694336,15.431782722473145,78.63116455078125,134.9808807373047,56.38999938964844,115.27999877929688,30.35359001159668,15.239999771118164
2023-03-03,369.9800109863281,30.803115844726562,98.06161499023438,111.31716918945312,30.903669357299805,33.6224365234375,93.19829559326172,92.82688903808594,,72.97000122070312,183.63735961914062,39.98015213012695,31.51799964904785,16.943342208862305,16.748708724975586,81.32605743408203,21.160015106201172,15.555834770202637,78.65939331054688,135.69810485839844,57.290000915527344,116.69999694824219,30.23505401611328,15.470000267028809
2023-03-06,369.1099853515625,30.67901611328125,97.59623718261719,111.35651397705078,30.778900146484375,33.506900787353516,94.74465942382812,94.29386901855469,,72.5999984741211,183.2904052734375,37.99266052246094,31.202999114990234,16.710041046142578,16.525524139404297,81.41475677490234,20.64483070373535,15.522754669189453,76.97478485107422,137.4385528564453,56.83000183105469,115.70999908447266,30.148128509521484,15.130000114440918
2023-03-07,357.8500061035156,29.94265365600586,96.044921875,110.32352447509766,30.682926177978516,33.40098571777344,93.34697723388672,93.03504180908203,,70.25,182.90382385253906,37.28216552734375,30.847000122070312,16.54478645324707,16.36056137084961,80.52787780761719,20.12027931213379,15.473133087158203,76.57952117919922,136.625732421875,57.63999938964844,116.87999725341797,29.958467483520508,14.819999694824219
2023-03-08,353.8699951171875,29.702713012695312,96.27762603759766,110.46125793457031,30.55816078186035,33.21804428100586,93.82279205322266,93.42160034179688,,70.25,183.35980224609375,36.552452087402344,31.179000854492188,16.43785858154297,16.273225784301758,79.87158966064453,20.485591888427734,15.39043140411377,76.8524398803711,136.92218017578125,58.220001220703125,116.30999755859375,29.65816879272461,15.34000015258789
2023-03-09,343.010009765625,29.346939086914062,93.21379852294922,108.67073822021484,29.396869659423828,32.03375244140625,91.85018157958984,91.5085678100586,,68.1500015258789,180.10836791992188,35.189064025878906,29.777999877929688,15.971261024475098,15.807445526123047,78.63815307617188,19.539527893066406,15.150605201721191,76.23129272460938,134.9235076904297,55.7599983215332,112.95999908447266,28.88372230529785,14.770000457763672
2023-03-10,329.489990234375,29.214561462402344,90.72203063964844,107.42131805419922,29.281705856323242,31.908580780029297,90.21461486816406,89.83341979980469,,66.6500015258789,177.94732666015625,34.07530212402344,29.275999069213867,15.728240966796875,15.535738945007324,78.17334747314453,18.63092803955078,15.241573333740234,76.37245178222656,133.4125518798828,53.349998474121094,110.58000183105469,28.986459732055664,14.350000381469727
2023-03-13,335.260009765625,29.38003158569336,89.78155517578125,108.28707122802734,28.533105850219727,31.08053970336914,90.85892486572266,90.30921173095703,,66.97000122070312,179.32522583007812,33.4032096862793,29.35099983215332,15.319968223571777,15.137884140014648,76.54658508300781,18.171945571899414,15.134061813354492,75.44075012207031,133.6229705810547,54.25,111.33000183105469,28.875822067260742,14.020000457763672
2023-03-14,336.1400146484375,29.189739227294922,90.51842498779297,109.6742172241211,28.97458839416504,31.677505493164062,93.42628479003906,93.14407348632812,,67.62999725341797,192.33102416992188,35.27547073364258,29.493999481201172,15.721063613891602,15.538305282592773,78.09291076660156,18.40612030029297,15.249845504760742,77.06192779541016,136.7595977783203,56.529998779296875,113.80999755859375,29.144512176513672,14.050000190734863
2023-03-15,341.94000244140625,29.694435119628906,90.2663345336914,109.57583618164062,28.629079818725586,31.311620712280273,95.7061996459961,95.2652587890625,,67.02999877929688,196.02857971191406,35.045040130615234,30.378999710083008,15.642800331115723,15.54807186126709,76.57339477539062,18.5466251373291,15.142333984375,78.75847625732422,138.1079864501953,55.09000015258789,113.30999755859375,29.286752700805664,13.569999694824219
2023-03-16,346.45001220703125,29.984024047851562,91.42010498046875,111.69102478027344,29.00337791442871,31.716014862060547,100.18668365478516,99.43826293945312,,67.66000366210938,203.1460418701172,35.16025161743164,31.006000518798828,16.02433204650879,15.860596656799316,78.03926849365234,18.70586585998535,15.208492279052734,79.50308990478516,135.32513427734375,58.880001068115234,115.55000305175781,28.907426834106445,14.15999984741211
2023-03-17,350.010009765625,29.810270309448242,90.36328125,111.51390838623047,28.888208389282227,31.513822555541992,101.56453704833984,100.72683715820312,,66.33999633789062,193.90719604492188,35.25627136230469,30.350000381469727,15.711280822753906,15.538305282592773,77.02033233642578,18.677427291870117,14.993470191955566,78.54170227050781,136.22406005859375,58.5099983215332,116.27999877929688,29.07338523864746,14.34000015258789
2023-03-20,348.75,30.141216278076172,91.35224914550781,111.6811752319336,29.46405601501465,32.18780517578125,101.03916931152344,100.33036041259766,,68.02999877929688,196.08802795410156,35.75554275512695,30.51300048828125,15.838460922241211,15.694565773010254,79.2548599243164,18.96184730529785,15.291194915771484,79.91780090332031,139.24595642089844,56.84000015258789,116.30999755859375,29.579143524169922,14.239999771118164
2023-03-21,352.2900085449219,30.60454559326172,93.60162353515625,113.07817077636719,29.78076934814453,32.47665786743164,104.91497802734375,103.9978256225586,,69.2300033569336,200.40016174316406,36.82129669189453,30.57900047302246,15.94606876373291,15.831295013427734,80.35425567626953,20.146968841552734,15.332544326782227,81.17139434814453,138.34706115722656,59.2400016784668,118.58999633789062,29.824125289916992,15.09000015258789
2023-03-22,341.8299865722656,29.950923919677734,92.01155090332031,111.32701110839844,29.33928871154785,32.08189392089844,103.30914306640625,102.4614486694336,,66.23999786376953,198.07064819335938,37.656620025634766,29.389999389648438,15.564539909362793,15.460172653198242,78.33422088623047,19.61603546142578,15.208492279052734,79.34286499023438,137.18995666503906,57.88999938964844,113.55999755859375,29.484315872192383,14.510000228881836
2023-03-23,342.1700134277344,29.760631561279297,92.91324615478516,114.16034698486328,29.665599822998047,32.41888427734375,105.3313217163086,104.67184448242188,,65.33999633789062,202.5017547607422,38.13668441772461,32.0369987487793,15.906938552856445,15.80199909210205,79.21910858154297,19.663436889648438,15.266380310058594,79.50308990478516,136.08065795898438,60.189998626708984,117.4800033569336,29.5317325592041,14.529999732971191
2023-03-24,343.95001220703125,29.71926498413086,91.21650695800781,117.10192108154297,29.156936645507812,31.83155059814453,105.1330795288086,104.51326751708984,,65.94999694824219,204.21664428710938,38.59755325317383,32.8390007019043,15.98520278930664,15.84106159210205,78.32530212402344,19.179912567138672,15.39043140411377,80.06861114501953,136.31015014648438,60.45000076293945,118.12000274658203,29.760902404785156,14.0
2023-03-27,348.3599853515625,30.11639404296875,92.70963287353516,116.71823120117188,29.7327823638916,32.380374908447266,102.15928649902344,101.55944061279297,,67.08999633789062,201.07423400878906,38.72237014770508,32.76599884033203,16.219989776611328,16.104753494262695,79.12078857421875,19.682401657104492,15.605452537536621,82.34956359863281,137.61068725585938,59.900001525878906,116.9800033569336,30.069103240966797,14.34000015258789
2023-03-28,345.5400085449219,30.157766342163086,91.93397521972656,116.10828399658203,28.917001724243164,31.542699813842773,100.47415161132812,100.14200592041016,,67.8499984741211,198.9330596923828,37.920654296875,32.35200119018555,16.376516342163086,16.21218490600586,79.3084945678711,20.298660278320312,15.481401443481445,82.92451477050781,136.54922485351562,58.2400016784668,115.55000305175781,30.029592514038086,14.479999542236328
2023-03-29,349.7099914550781,30.571449279785156,93.92158508300781,117.25931549072266,29.29129981994629,31.93746566772461,101.0094223022461,100.49884796142578,,68.61000061035156,203.5624237060547,37.60860824584961,33.202999114990234,16.68956756591797,16.534475326538086,80.87266540527344,20.39347267150879,15.71296215057373,84.1875,137.52464294433594,59.84000015258789,116.66999816894531,30.408906936645508,14.65999984741211
2023-03-30,349.04998779296875,30.736936569213867,95.11415100097656,117.1707763671875,29.646408081054688,32.41888427734375,100.43450927734375,100.00323486328125,,69.19999694824219,206.03073120117188,36.11079406738281,33.84299850463867,16.718917846679688,16.57353973388672,82.89269256591797,20.58308982849121,15.779120445251465,85.39395141601562,138.2514190673828,60.09000015258789,116.58999633789062,30.551158905029297,14.850000381469727
2023-03-31,357.6099853515625,31.365734100341797,97.08235931396484,118.49891662597656,30.049497604370117,32.78476333618164,103.09107208251953,102.81828308105469,,70.0,210.0950164794922,36.859703063964844,34.54800033569336,17.051536560058594,16.86652946472168,84.32280731201172,21.151945114135742,15.919711112976074,86.01603698730469,138.50962829589844,60.90999984741211,119.30000305175781,30.732912063598633,15.100000381469727
2023-04-03,356.2099914550781,31.44847297668457,96.7236328125,119.38434600830078,30.10708236694336,32.90993881225586,103.99312591552734,103.4427490234375,,69.30999755859375,211.2152099609375,36.91731262207031,34.827999114990234,17.217844009399414,17.013025283813477,85.09149169921875,20.658937454223633,16.035490036010742,84.16865539550781,140.34568786621094,60.459999084472656,118.69000244140625,30.993694305419922,14.8100004196167
2023-04-04,348.1199951171875,31.490156173706055,96.5394058227539,123.21134185791016,29.905534744262695,32.61145782470703,104.20130920410156,103.7995834350586,,69.38999938964844,212.850830078125,35.553916931152344,34.67499923706055,17.080881118774414,16.91536521911621,84.72502899169922,20.48828125,16.242238998413086,91.64299011230469,139.9153594970703,60.58000183105469,121.63999938964844,31.333507537841797,15.149999618530273
2023-04-05,353.1199951171875,31.615217208862305,96.86907196044922,124.10659790039062,29.77117347717285,32.486289978027344,104.03276062011719,103.55178833007812,,68.80000305175781,209.6390380859375,34.5745735168457,34.23500061035156,17.07110023498535,16.91536521911621,83.7060775756836,19.909940719604492,16.440719604492188,93.19815826416016,142.6025390625,58.63999938964844,120.9800033569336,31.6970272064209,14.789999961853027
2023-04-06,350.2699890136719,31.423458099365234,96.92723083496094,123.13262176513672,29.502443313598633,32.207061767578125,107.94824981689453,107.4670639038086,,69.12999725341797,214.2188262939453,34.29612731933594,33.93299865722656,17.061317443847656,16.86652946472168,83.16979217529297,20.53568458557129,16.48097801208496,94.61196899414062,143.0711212158203,60.849998474121094,119.0,31.715503692626953,15.109999656677246
2023-04-10,353.8900146484375,31.873674392700195,97.74166870117188,123.5851821899414,29.934326171875,32.669227600097656,106.0152816772461,105.50446319580078,,69.7300033569336,212.88058471679688,34.24812698364258,33.89899826049805,17.159147262573242,16.993492126464844,83.31279754638672,21.142459869384766,16.413881301879883,96.90234375,143.43455505371094,61.52000045776367,121.04000091552734,31.611064910888672,15.399999618530273
2023-04-11,358.5199890136719,31.998737335205078,97.36353302001953,123.6441879272461,30.20305633544922,32.91956329345703,105.19255065917969,104.4240493774414,,70.18000030517578,211.98843383789062,34.660980224609375,33.82099914550781,17.335237503051758,17.18882179260254,83.63457489013672,21.69235610961914,16.514530181884766,96.95890045166016,143.3962860107422,61.5099983215332,120.38999938964844,31.691404342651367,14.930000305175781
2023-04-12,343.2799987792969,31.38178062438965,94.95902252197266,124.08690643310547,29.76157569885254,32.47665786743164,104.30040740966797,103.72027587890625,,69.9000015258789,212.13710021972656,33.009552001953125,33.10300064086914,17.09066390991211,16.895830154418945,83.6524429321289,20.98128318786621,16.581626892089844,96.87406921386719,142.97549438476562,60.02000045776367,119.68000030517578,31.490570068359375,14.0600004196167
2023-04-13,347.6300048828125,31.723600387573242,97.77074432373047,126.20208740234375,29.915132522583008,32.67885208129883,107.24445343017578,106.48576354980469,,70.54000091552734,218.4318389892578,34.305728912353516,34.61899948120117,17.403718948364258,17.208356857299805,84.38539123535156,20.99077033996582,16.74098014831543,97.2228012084961,143.79791259765625,61.33000183105469,122.01000213623047,31.586965560913086,14.039999961853027
2023-04-14,341.5,31.64856719970703,96.85935974121094,125.79872131347656,29.512041091918945,32.168548583984375,108.50336456298828,107.91311645507812,,68.95999908447266,219.56190490722656,33.95048141479492,33.862998962402344,17.168930053710938,16.993492126464844,84.92166137695312,20.459836959838867,16.7158203125,98.67433166503906,143.05201721191406,60.689998626708984,123.06999969482422,31.506633758544922,13.779999732971191
2023-04-17,346.19000244140625,31.756954193115234,97.2471923828125,126.00532531738281,29.963119506835938,32.72700119018555,105.48992919921875,105.03861236572266,,68.43000030517578,216.95481872558594,34.62257766723633,33.27199935913086,17.110233306884766,16.91536521911621,85.54733276367188,20.93388557434082,16.59840202331543,99.40006256103516,143.9126739501953,61.20000076293945,124.37999725341797,31.699432373046875,14.529999732971191
2023-04-18,343.32000732421875,31.907028198242188,97.85801696777344,126.94976043701172,29.943927764892578,32.73662567138672,104.20130920410156,103.58151245117188,,67.70999908447266,215.9932403564453,33.80646514892578,33.369998931884766,17.07110023498535,16.86652946472168,85.93167877197266,20.687376022338867,16.62356185913086,99.57915496826172,143.75013732910156,62.119998931884766,124.30999755859375,31.281702041625977,14.270000457763672
2023-04-19,343.6700134277344,31.890350341796875,95.7443618774414,126.10369873046875,29.809558868408203,32.58256530761719,104.10215759277344,103.26433563232422,,67.75,213.82228088378906,33.72004699707031,32.3120002746582,17.159147262573242,16.993492126464844,82.37430572509766,21.388967514038086,16.522918701171875,99.79594421386719,142.2774200439453,61.61000061035156,123.3499984741211,31.008567810058594,14.289999961853027
2023-04-20,336.0,31.456804275512695,95.0850601196289,126.71369171142578,29.646408081054688,32.447776794433594,104.97447967529297,104.36457061767578,,66.87999725341797,211.2152099609375,33.23997497558594,32.53499984741211,17.07110023498535,16.86652946472168,82.46367645263672,21.0002498626709,14.803523063659668,100.09754943847656,139.56155395507812,62.220001220703125,125.13999938964844,29.875873565673828,13.829999923706055
2023-04-21,332.7099914550781,31.46514129638672,96.5394058227539,127.01863098144531,29.5792236328125,32.370750427246094,104.98439025878906,104.4835433959961,,66.9800033569336,211.0367431640625,33.52802276611328,32.79800033569336,17.061317443847656,16.876300811767578,83.88482666015625,21.360523223876953,15.281596183776855,103.06654357910156,139.82928466796875,62.189998626708984,124.98999786376953,29.980304718017578,13.579999923706055
2023-04-24,330.8299865722656,31.02326774597168,96.64605712890625,127.38265228271484,28.705860137939453,31.427160263061523,105.84677124023438,105.03861236572266,,67.19999694824219,210.93760681152344,33.105560302734375,32.902000427246094,17.041751861572266,16.84699821472168,83.82227325439453,21.407928466796875,14.702878952026367,102.8968734741211,139.48504638671875,61.459999084472656,127.79000091552734,29.803573608398438,13.359999656677246
2023-04-25,323.94000244140625,30.764812469482422,95.02688598632812,127.4023208618164,28.523508071899414,31.234594345092773,103.69575500488281,102.93722534179688,,66.4000015258789,205.74327087402344,31.847782135009766,32.255001068115234,16.709135055541992,16.50517463684082,83.2055435180664,20.82958984375,14.686102867126465,101.98262786865234,141.53147888183594,59.369998931884766,127.01000213623047,29.964237213134766,12.8100004196167
2023-04-26,320.6300048828125,30.44798469543457,93.66949462890625,123.0932846069336,28.533105850219727,31.263477325439453,103.53713989257812,102.7984619140625,,65.41999816894531,207.57716369628906,31.809377670288086,32.1150016784668,16.45477867126465,16.261016845703125,80.92630767822266,20.52619743347168,14.42609691619873,99.85248565673828,141.79928588867188,60.0,121.5999984741211,29.65896987915039,12.579999923706055
2023-04-27,342.75,33.57448959350586,96.88844299316406,124.46076202392578,28.936195373535156,31.638988494873047,107.42288970947266,106.64436340332031,,67.36000061035156,236.48330688476562,33.59523010253906,32.584999084472656,16.9732723236084,16.74933433532715,80.67603302001953,21.881973266601562,14.769976615905762,99.560302734375,143.38670349121094,64.22000122070312,123.94999694824219,31.16120147705078,13.09000015258789
2023-04-28,368.70001220703125,34.49160385131836,99.38023376464844,125.21826934814453,29.310495376586914,32.02412033081055,107.27420043945312,106.39654541015625,,67.77999877929688,238.22799682617188,35.42909622192383,32.99300003051758,17.364587783813477,17.198589324951172,80.95310974121094,22.118999481201172,14.820301055908203,101.0118179321289,137.61068725585938,64.33999633789062,124.29000091552734,31.193336486816406,13.609999656677246
2023-05-01,366.510009765625,34.716705322265625,99.09904479980469,125.35601806640625,29.38727569580078,32.0626335144043,106.76864624023438,106.2577896118164,,68.4000015258789,241.06309509277344,34.53616714477539,32.4119987487793,17.149364471435547,16.964197158813477,82.39216613769531,22.223289489746094,14.677717208862305,102.23710632324219,136.9508819580078,62.939998626708984,124.13999938964844,31.096935272216797,13.289999961853027
2023-05-02,357.2300109863281,34.34986877441406,97.53805541992188,124.11642456054688,29.108951568603516,31.83155059814453,105.05377960205078,104.39431762695312,,67.75,237.1573944091797,33.21117401123047,31.7549991607666,16.738483428955078,16.583309173583984,81.37322235107422,21.796648025512695,14.317065238952637,99.64512634277344,134.22543334960938,62.58000183105469,121.62000274658203,30.261470794677734,12.6899995803833
2023-05-03,356.8999938964844,34.091407775878906,97.7901382446289,123.04407501220703,28.763444900512695,31.484935760498047,105.19255065917969,104.4835433959961,,67.2699966430664,234.96664428710938,32.23183059692383,31.93000030517578,16.81674575805664,16.63214111328125,77.79794311523438,21.70183753967285,14.33383846282959,101.92607116699219,133.79510498046875,62.5099983215332,122.13999938964844,30.510499954223633,12.829999923706055
2023-05-04,348.7799987792969,33.532806396484375,94.48393249511719,122.00125885009766,27.47739028930664,30.002155303955078,104.29049682617188,103.76985168457031,,67.06999969482422,231.48716735839844,32.25104522705078,32.077999114990234,16.484128952026367,16.329381942749023,78.40573120117188,15.548717498779297,14.182865142822266,99.38121795654297,135.08609008789062,61.439998626708984,120.27999877929688,30.004404067993164,12.329999923706055
2023-05-05,350.8500061035156,33.70789337158203,97.46048736572266,123.38842010498047,28.20679473876953,30.782058715820312,105.2867202758789,104.64212799072266,,77.16000366210938,230.7536163330078,31.895788192749023,32.2760009765625,16.885225296020508,16.720035552978516,80.22019958496094,15.984842300415039,14.367386817932129,100.71961975097656,137.28555297851562,62.70000076293945,124.51000213623047,30.390005111694336,12.890000343322754
2023-05-08,350.5,33.84128189086914,99.8359146118164,123.72291564941406,28.369949340820312,30.97462272644043,107.29401397705078,106.8227767944336,,77.81999969482422,231.23939514160156,31.185283660888672,33.12099838256836,16.90479278564453,16.73956871032715,82.21340942382812,16.108091354370117,14.359000205993652,100.22949981689453,137.87844848632812,64.66999816894531,125.69000244140625,30.390005111694336,13.460000038146973
2023-05-09,339.0,33.032562255859375,99.06996154785156,123.37859344482422,27.947664260864258,30.50283432006836,106.99664306640625,106.40646362304688,,77.62999725341797,231.3385009765625,30.63800811767578,33.2140007019043,16.709135055541992,16.534475326538086,81.93631744384766,15.671969413757324,14.275128364562988,99.70169067382812,135.82241821289062,64.12000274658203,124.5999984741211,30.181133270263672,13.40999984741211
2023-05-10,339.94000244140625,33.232662200927734,98.06161499023438,122.71942138671875,27.486988067626953,30.03104019165039,111.29869842529297,110.7677993774414,,78.55999755859375,231.051025390625,31.070068359375,33.54199981689453,16.464561462402344,16.270782470703125,81.46260070800781,15.027266502380371,14.291903495788574,99.01363372802734,135.82241821289062,64.97000122070312,124.73999786376953,30.229339599609375,13.039999961853027
2023-05-11,341.7099914550781,33.65786361694336,89.5003662109375,123.29004669189453,27.02631187438965,29.53036117553711,115.87834930419922,115.54544067382812,,77.76000213623047,233.7374267578125,30.436376571655273,34.47600173950195,16.464561462402344,16.348913192749023,81.45365905761719,14.572181701660156,14.22480297088623,98.69316864013672,136.46316528320312,64.52999877929688,125.56999969482422,30.20523452758789,12.380000114440918
2023-05-12,338.0899963378906,33.524471282958984,89.19011688232422,123.4375991821289,27.13188362121582,29.578502655029297,116.88943481445312,116.47718811035156,,78.1500015258789,231.77464294433594,29.629865646362305,33.98899841308594,17.892860412597656,17.735734939575195,82.9820785522461,14.240350723266602,14.283514976501465,99.12672424316406,137.82110595703125,62.29999923706055,125.26000213623047,30.197200775146484,12.510000228881836
2023-05-15,343.239990234375,33.516136169433594,90.03363800048828,122.81781005859375,27.467792510986328,29.857728958129883,115.93782043457031,115.48596954345703,,80.38999938964844,236.78070068359375,31.146875381469727,33.5890007019043,18.470048904418945,18.331491470336914,81.98102569580078,14.989343643188477,14.216416358947754,101.03065490722656,138.2992401123047,63.97999954223633,125.06999969482422,29.538475036621094,12.8100004196167
2023-05-16,335.3399963378906,33.13261032104492,88.21086883544922,123.0932846069336,27.07430076599121,29.395565032958984,119.04045104980469,118.4595947265625,,80.75,236.7410430908203,30.225147247314453,33.375,18.068952560424805,17.94083595275879,82.1240234375,14.173983573913574,13.864151000976562,102.58585357666016,137.41944885253906,64.13999938964844,124.05000305175781,28.96007537841797,12.149999618530273
2023-05-17,338.5400085449219,33.59116744995117,89.94637298583984,122.89649963378906,27.76531219482422,30.21398162841797,120.4183120727539,119.77789306640625,,82.05000305175781,240.3790740966797,30.33076286315918,33.99599838256836,18.411354064941406,18.282657623291016,83.06254577636719,14.761801719665527,13.973184585571289,95.11152648925781,135.39210510253906,66.16000366210938,125.0199966430664,29.064510345458984,12.510000228881836
2023-05-18,343.6099853515625,34.44157409667969,90.90625762939453,124.16561889648438,27.544570922851562,29.934755325317383,122.44046783447266,121.75041198730469,,84.5,244.70114135742188,30.743619918823242,37.12900161743164,18.45048713684082,18.331491470336914,84.21556091308594,14.89453411102295,13.880925178527832,98.01454162597656,132.1407012939453,67.5199966430664,139.6300048828125,29.02434539794922,12.399999618530273
2023-05-19,340.3999938964844,34.333194732666016,88.56959533691406,123.6245346069336,27.755714416503906,30.175466537475586,122.17283630371094,121.6810302734375,,84.7300033569336,243.50167846679688,30.570796966552734,36.5359992980957,18.29395866394043,18.14592742919922,83.39324951171875,14.382564544677734,13.6796293258667,95.79956817626953,132.9535369873047,66.81999969482422,137.42999267578125,28.96007537841797,12.199999809265137
2023-05-22,341.489990234375,34.38321304321289,89.0252914428711,123.0932846069336,27.794105529785156,30.14657974243164,124.76993560791016,123.95089721679688,,84.75,246.15835571289062,32.625492095947266,36.30099868774414,18.235258102416992,18.097097396850586,82.94633483886719,14.211907386779785,13.738341331481934,96.08234405517578,135.4112091064453,68.5199966430664,137.25,28.887775421142578,12.15999984741211
2023-05-23,336.44000244140625,33.666202545166016,87.08616638183594,123.26051330566406,27.81330108642578,30.185096740722656,122.21248626708984,121.48278045654297,,82.05999755859375,244.59210205078125,33.297584533691406,35.5989990234375,18.068952560424805,17.94083595275879,82.26703643798828,14.145541191101074,13.503498077392578,95.36600494384766,135.19126892089844,66.81999969482422,135.77999877929688,29.112707138061523,11.6899995803833
2023-05-24,331.239990234375,33.33271026611328,86.3589859008789,123.36873626708984,27.496583938598633,29.87698745727539,120.57691192626953,119.83737182617188,,82.08000183105469,247.04061889648438,32.61589050292969,36.48500061035156,17.931991577148438,17.79433822631836,81.23912811279297,13.880075454711914,13.377691268920898,96.26141357421875,133.88113403320312,66.30000305175781,135.83999633789062,28.815475463867188,11.65999984741211
2023-05-25,319.6600036621094,32.59068298339844,85.45729064941406,123.36873626708984,27.755714416503906,29.915502548217773,123.26322174072266,122.39469909667969,,81.69000244140625,250.49029541015625,32.29904556274414,35.900001525878906,17.922208786010742,17.804105758666992,79.65708923339844,13.349142074584961,12.706707000732422,95.69589233398438,129.82647705078125,66.26000213623047,136.72999572753906,27.971973419189453,11.09000015258789
2023-05-26,330.25,32.91584396362305,85.60273742675781,124.74605560302734,28.072429656982422,30.23323631286621,124.33379364013672,123.5147705078125,,82.1500015258789,259.7589111328125,32.75031280517578,37.88800048828125,18.235258102416992,18.106863021850586,80.39895629882812,14.13606071472168,13.000262260437012,94.34806060791016,129.24313354492188,67.66999816894531,138.97999572753906,28.116579055786133,11.4399995803833
2023-05-30,333.3399963378906,32.6490478515625,85.14704132080078,124.61798095703125,28.11081886291504,30.31026268005371,123.5506820678711,122.5830307006836,,80.2300033569336,260.2347412109375,33.499210357666016,39.29800033569336,18.509183883666992,18.34125518798828,80.77436065673828,15.036746978759766,13.117684364318848,95.31888580322266,129.2144775390625,69.9800033569336,138.27999877929688,28.036245346069336,11.300000190734863
2023-05-31,326.1499938964844,32.80746078491211,85.28278350830078,126.1156005859375,28.034038543701172,30.04067039489746,122.29179382324219,121.79006958007812,,79.94000244140625,262.4156188964844,33.1247673034668,39.52299880981445,18.078737258911133,17.882230758666992,78.82582092285156,14.420487403869629,13.193169593811035,95.49796295166016,131.25132751464844,70.08000183105469,137.72999572753906,28.622678756713867,11.279999732971191
2023-06-01,328.0199890136719,32.54899978637695,85.89360046386719,125.8101577758789,28.024444580078125,30.14657974243164,123.28304290771484,122.6325912475586,,81.12999725341797,270.2368469238281,36.50444793701172,40.3129997253418,18.470048904418945,18.25335693359375,79.81797790527344,14.591142654418945,13.260268211364746,93.90508270263672,132.8387908935547,73.26000213623047,137.58999633789062,28.694978713989258,11.350000381469727
2023-06-02,329.32000732421875,32.67405700683594,88.00724029541016,125.79043579101562,28.6386775970459,30.685771942138672,124.13553619384766,123.57422637939453,,82.83000183105469,270.2368469238281,37.41658020019531,40.047000885009766,18.597227096557617,18.36078453063965,81.62348175048828,14.600625038146973,12.75703239440918,95.80900573730469,125.45621490478516,74.23999786376953,137.52000427246094,27.779176712036133,11.75
2023-06-05,334.9100036621094,33.17430114746094,88.2302474975586,125.1500244140625,28.869014739990234,30.99388313293457,125.52328491210938,124.90245819091797,,82.5,269.02752685546875,37.1861457824707,40.354000091552734,18.411354064941406,18.194759368896484,81.38214111328125,14.344640731811523,12.908001899719238,94.461181640625,126.44121551513672,75.37000274658203,136.72000122070312,27.682777404785156,11.630000114440918
2023-06-06,329.0,32.899169921875,89.35494995117188,125.26824951171875,29.22412109375,31.33087730407715,126.79210662841797,126.19103240966797,,82.98999786376953,268.7598571777344,38.13668441772461,39.92900085449219,18.695058822631836,18.507282257080078,82.95526885986328,14.970381736755371,13.142848014831543,94.18782806396484,122.92202758789062,74.87999725341797,135.67999267578125,27.875581741333008,12.100000381469727
2023-06-07,336.7099914550781,33.64118957519531,89.70398712158203,124.38150787353516,29.92473030090332,32.11077880859375,121.86554718017578,121.42330932617188,,82.80999755859375,261.3053283691406,37.75263214111328,39.97700119018555,19.125503540039062,18.976072311401367,84.73397827148438,15.548717498779297,13.503498077392578,93.03793334960938,121.01900482177734,73.66000366210938,132.25,28.325443267822266,13.119999885559082
2023-06-08,336.17999267578125,33.741233825683594,89.71368408203125,125.23871612548828,30.347015380859375,32.58256530761719,121.597900390625,121.06647491455078,,83.22000122070312,262.2767639160156,37.49338912963867,40.9370002746582,18.910276412963867,18.751440048217773,85.05815124511719,15.719372749328613,13.478336334228516,92.33102416992188,124.62422180175781,74.54000091552734,133.1199951171875,28.46201515197754,14.020000457763672
2023-06-09,328.4800109863281,33.54115295410156,89.13194274902344,124.0859146118164,30.135873794555664,32.293724060058594,121.79615020751953,121.15567779541016,,84.1500015258789,262.6435852050781,39.93214416503906,42.00199890136719,18.998323440551758,18.76120948791504,85.08513641357422,15.264290809631348,13.377691268920898,92.8777084350586,125.61875915527344,74.58000183105469,134.02999877929688,28.494140625,13.84000015258789
2023-06-12,335.29998779296875,33.924659729003906,90.30512237548828,123.90857696533203,30.09748649597168,32.24557876586914,123.26322174072266,122.55329132080078,,85.66999816894531,268.6904602050781,39.634498596191406,42.39699935913086,18.792884826660156,18.556114196777344,85.81453704833984,15.653008460998535,13.360915184020996,94.99842071533203,125.06411743164062,75.4800033569336,136.0,28.606616973876953,13.970000267028809
2023-06-13,335.2699890136719,33.916324615478516,90.9935073852539,125.44561004638672,29.92473030090332,32.072265625,123.342529296875,122.74162292480469,,87.02999877929688,268.9581604003906,41.257137298583984,43.573001861572266,19.223329544067383,18.9565372467041,85.87755584716797,15.757295608520508,13.268655776977539,95.61106872558594,124.20348358154297,77.5199966430664,136.47000122070312,28.502174377441406,13.789999961853027
2023-06-14,335.25,34.04971694946289,89.63611602783203,126.01705932617188,29.934326171875,32.05301284790039,123.29296112060547,122.5830307006836,,87.08000183105469,270.9704895019531,42.3516845703125,44.08599853515625,19.066804885864258,18.810041427612305,85.20220947265625,15.785825729370117,13.285429000854492,96.23387908935547,122.45344543457031,76.80999755859375,136.6300048828125,28.70301055908203,13.670000076293945
2023-06-15,342.8500061035156,34.574974060058594,90.11119079589844,127.09100341796875,30.27983283996582,32.41888427734375,124.69063568115234,123.99054718017578,,90.33999633789062,279.37664794921875,41.57398223876953,44.527000427246094,19.330942153930664,19.054201126098633,86.08466339111328,15.719260215759277,13.444787979125977,97.59273529052734,126.95758056640625,77.2699966430664,137.1999969482422,29.273372650146484,13.130000114440918
2023-06-16,341.239990234375,34.34986877441406,88.54051208496094,126.76587677001953,30.231849670410156,32.3900032043457,122.97575378417969,122.44425964355469,,90.18000030517578,278.5538635253906,40.565834045410156,43.19599914550781,19.370071411132812,19.11280059814453,85.6794662475586,15.481523513793945,13.469948768615723,96.93218231201172,125.20755767822266,76.43000030517578,138.63999938964844,29.289443969726562,12.800000190734863
2023-06-20,331.8599853515625,33.88296890258789,87.01830291748047,124.54899597167969,29.838354110717773,32.014495849609375,122.76758575439453,122.0180435180664,,89.12999725341797,281.8548278808594,40.72905731201172,43.470001220703125,18.929847717285156,18.644010543823242,84.32877349853516,14.901439666748047,13.235105514526367,95.31854248046875,125.49444580078125,75.68000030517578,139.02999877929688,28.767276763916016,12.1899995803833
2023-06-21,328.7799987792969,33.86629867553711,85.94208526611328,122.73609161376953,29.78076934814453,31.956727981567383,120.20022583007812,119.4904556274414,,88.6500015258789,279.1882629394531,39.37525939941406,42.44499969482422,19.076589584350586,18.819808959960938,85.09416198730469,14.96800708770752,13.092521667480469,95.60162353515625,126.8810806274414,76.45999908447266,140.4600067138672,28.783342361450195,12.369999885559082
2023-06-22,325.9100036621094,33.83295440673828,85.79663848876953,123.60313415527344,29.5792236328125,31.677505493164062,122.78742218017578,122.0676040649414,,88.80000305175781,282.40008544921875,39.42327117919922,42.24800109863281,18.665706634521484,18.399852752685547,85.6794662475586,14.787325859069824,13.067359924316406,95.74317169189453,128.46853637695312,76.80000305175781,141.17999267578125,28.799407958984375,12.09000015258789
2023-06-23,326.2799987792969,33.42442321777344,85.41851043701172,123.40608215332031,29.396869659423828,31.45604133605957,121.9448471069336,121.26471710205078,,87.76000213623047,286.2165832519531,39.59609603881836,42.402000427246094,18.587444305419922,18.32172203063965,83.9055404663086,14.606643676757812,12.95832633972168,95.12980651855469,126.9958267211914,76.23999786376953,141.85000610351562,28.52627944946289,11.789999961853027
2023-06-26,336.8800048828125,33.816280364990234,86.00025177001953,124.80516815185547,29.819156646728516,32.00486755371094,118.04918670654297,117.29987335205078,,87.30000305175781,276.0458679199219,39.90334701538086,41.59400177001953,18.73418617248535,18.497516632080078,84.86003875732422,14.806344032287598,13.109297752380371,99.27244567871094,128.9562530517578,75.2300033569336,143.50999450683594,29.008272171020508,11.779999732971191
2023-06-27,353.8399963378906,34.58330535888672,86.34928131103516,129.44586181640625,30.855680465698242,33.083248138427734,117.96989440917969,117.28997802734375,,88.06999969482422,284.55120849609375,40.32579803466797,41.70800018310547,19.05702018737793,18.780742645263672,87.12020111083984,15.101139068603516,13.285429000854492,101.49946594238281,130.2185516357422,76.7699966430664,146.33999633789062,29.361743927001953,12.270000457763672
2023-06-28,359.3900146484375,34.74172592163086,86.12630462646484,128.73641967773438,30.798095703125,33.05436706542969,120.02180480957031,119.12371063232422,,88.72000122070312,282.8065490722656,40.27778625488281,42.98400115966797,19.321163177490234,19.073734283447266,86.8770751953125,14.96800708770752,13.235105514526367,101.94298553466797,130.31419372558594,78.25,145.97999572753906,29.578636169433594,12.449999809265137
2023-06-29,362.67999267578125,34.574974060058594,86.24263763427734,128.52952575683594,30.817289352416992,33.13139724731445,118.9611587524414,118.05319213867188,,89.68000030517578,279.0792541503906,40.2105827331543,42.82400131225586,19.311376571655273,19.073734283447266,84.76097869873047,15.205743789672852,13.402850151062012,101.79200744628906,130.8592529296875,77.37000274658203,145.47000122070312,29.715208053588867,12.420000076293945
2023-06-30,367.3699951171875,34.64167404174805,86.5625991821289,127.79055786132812,30.60614776611328,32.73662567138672,119.91275787353516,118.64791870117188,,91.11000061035156,284.4818420410156,40.18177795410156,44.04899978637695,19.29180908203125,19.044431686401367,85.6794662475586,15.129668235778809,13.377691268920898,102.35819244384766,132.8292236328125,77.22000122070312,147.16000366210938,29.875873565673828,12.539999961853027
2023-07-03,368.20001220703125,35.06147384643555,87.7454605102539,128.94334411621094,30.922861099243164,33.04473876953125,119.50634765625,118.84616088867188,,91.75,283.5301513671875,40.72905731201172,44.14400100708008,19.34072494506836,19.093265533447266,86.04864501953125,15.519558906555176,13.52027416229248,102.42424774169922,133.2404327392578,77.44999694824219,147.72999572753906,29.948171615600586,13.010000228881836
2023-07-05,367.6499938964844,34.82638168334961,87.05707550048828,127.97775268554688,30.740509033203125,32.93882369995117,121.55825805664062,120.6799087524414,,92.72000122070312,291.80743408203125,39.461673736572266,44.59000015258789,19.282026290893555,19.044431686401367,84.65292358398438,15.357898712158203,13.478336334228516,102.33931732177734,133.4604034423828,77.16999816894531,145.0399932861328,30.108837127685547,12.829999923706055
2023-07-06,371.7699890136719,34.599693298339844,86.03903198242188,128.7758331298828,30.567758560180664,32.775142669677734,119.87310791015625,119.05431365966797,,91.63999938964844,289.4481201171875,39.490482330322266,43.88399887084961,19.26246452331543,19.034666061401367,82.97806549072266,15.662199974060059,13.310589790344238,101.24467468261719,133.07789611816406,75.3499984741211,142.8800048828125,29.827669143676758,12.670000076293945
2023-07-07,371.94000244140625,34.784400939941406,85.94208526611328,127.29792022705078,30.634939193725586,32.813655853271484,119.09000396728516,118.42984771728516,,91.76000213623047,288.00091552734375,40.527427673339844,43.810001373291016,19.477684020996094,19.24952507019043,83.73445129394531,15.491031646728516,13.325958251953125,101.76367950439453,132.89617919921875,75.80000305175781,143.19000244140625,29.35584831237793,12.539999961853027
2023-07-10,372.5400085449219,35.13703155517578,85.41851043701172,128.61817932128906,30.337419509887695,32.447776794433594,115.84859466552734,115.42649841308594,,92.02999877929688,291.5398254394531,41.75640869140625,44.17100143432617,19.330942153930664,19.11280059814453,83.86051177978516,15.44348430633545,13.035706520080566,102.85833740234375,132.293701171875,75.91000366210938,143.94000244140625,28.734390258789062,12.949999809265137
2023-07-11,380.2300109863281,35.2713737487793,86.76620483398438,135.30824279785156,30.423795700073242,32.47665786743164,116.68126678466797,116.11042022705078,,92.87999725341797,295.69329833984375,43.071800231933594,44.020999908447266,19.643993377685547,19.45462417602539,86.6789779663086,16.004545211791992,13.00156021118164,104.74564361572266,133.9002685546875,82.69000244140625,150.75,28.611738204956055,13.300000190734863
2023-07-12,382.7200012207031,35.54842758178711,87.40612030029297,133.4756317138672,30.347015380859375,32.41888427734375,118.5745620727539,117.88469696044922,,91.75,306.6470947265625,44.75204086303711,44.404998779296875,19.888566970825195,19.68901252746582,85.71549224853516,15.728771209716797,12.907655715942383,103.0564956665039,134.73226928710938,84.51000213623047,149.9199981689453,28.505434036254883,13.15999984741211
2023-07-13,383.6199951171875,35.73314666748047,87.71638488769531,134.69735717773438,30.347015380859375,32.42852020263672,123.73902130126953,123.44538116455078,,93.12000274658203,310.6817626953125,45.721778869628906,45.03799819946289,20.064659118652344,19.855043411254883,86.80504608154297,15.995035171508789,12.907655715942383,101.7825698852539,134.541015625,87.01000213623047,149.2899932861328,28.325532913208008,13.100000381469727
2023-07-14,375.4700012207031,35.2713737487793,85.92269134521484,135.31809997558594,29.87674331665039,31.956727981567383,124.60142517089844,124.31764221191406,,94.45999908447266,306.1812744140625,46.15384292602539,44.191001892089844,19.95704460144043,19.73784828186035,86.70600128173828,15.177214622497559,12.378372192382812,101.94298553466797,133.5751190185547,88.0,150.0,27.81037139892578,12.399999618530273
2023-07-17,374.80999755859375,35.338531494140625,82.95581817626953,136.21470642089844,30.087886810302734,32.19743728637695,123.96700286865234,123.55442810058594,,94.29000091552734,307.916015625,46.55710220336914,45.005001068115234,20.191831588745117,19.92340660095215,88.4529037475586,14.606643676757812,11.550300598144531,101.08426666259766,131.9685516357422,90.69000244140625,152.7100067138672,25.725210189819336,12.3100004196167
2023-07-18,387.05999755859375,35.632389068603516,83.3339614868164,136.82554626464844,30.58695411682129,32.73662567138672,122.9955825805664,122.67222595214844,,97.62999725341797,309.3335876464844,46.03862380981445,47.47999954223633,20.35814094543457,20.108970642089844,88.17374420166016,14.758797645568848,11.482007026672363,100.71623992919922,132.39889526367188,88.52999877929688,153.5500030517578,26.387557983398438,12.770000457763672
2023-07-19,388.57000732421875,35.85908508300781,84.39078521728516,134.825439453125,30.404600143432617,32.46703338623047,121.70694732666016,120.95744323730469,,95.63999938964844,313.25909423828125,45.6353645324707,47.75899887084961,19.947263717651367,19.67924690246582,79.04301452636719,15.253293991088867,12.455204010009766,99.93299865722656,131.5669403076172,88.30999755859375,152.00999450683594,27.777667999267578,13.279999732971191
2023-07-20,395.45001220703125,36.27888107299805,83.58605194091797,135.1111602783203,30.452587127685547,32.524803161621094,118.48534393310547,118.15231323242188,,96.81999969482422,299.8865661621094,43.9935302734375,43.742000579833984,19.673341751098633,19.415555953979492,79.39421081542969,15.120159149169922,12.514962196350098,102.13172912597656,133.97677612304688,84.4000015258789,151.63999938964844,27.50782012939453,13.109999656677246
2023-07-21,394.4700012207031,36.01021194458008,84.52651977539062,135.04222106933594,30.155071258544922,32.26483154296875,119.25853729248047,118.96510314941406,,96.83999633789062,291.69842529296875,43.05259323120117,42.75,19.448333740234375,19.19092559814453,75.46815490722656,14.758797645568848,12.600329399108887,99.9046859741211,134.74180603027344,84.16000366210938,149.9600067138672,27.704071044921875,12.930000305175781
2023-07-24,399.42999267578125,36.34605026245117,83.96417236328125,135.73191833496094,29.88633918762207,31.966354370117188,120.81481170654297,120.46183776855469,,97.16000366210938,289.0715026855469,43.78229522705078,42.83700180053711,19.14506721496582,18.88817024230957,74.81982421875,14.720757484436035,12.762527465820312,100.42369842529297,135.19126892089844,82.06999969482422,150.27999877929688,27.785839080810547,12.609999656677246
2023-07-25,398.7099914550781,36.35443878173828,83.02369689941406,137.5152587890625,29.7327823638916,31.744903564453125,121.71685028076172,121.13585662841797,,98.47000122070312,291.90655517578125,42.399696350097656,42.77000045776367,19.105934143066406,18.83934211730957,74.37859344482422,14.359396934509277,12.634475708007812,100.03680419921875,136.24319458007812,83.2300033569336,151.02999877929688,27.998451232910156,12.529999732971191
2023-07-26,394.57000732421875,36.02700424194336,83.2467041015625,136.7861785888672,29.915132522583008,31.918212890625,128.5268096923828,128.1337890625,,97.9000015258789,295.9709167480469,43.206214904785156,42.266998291015625,19.0472354888916,18.751440048217773,74.65775299072266,14.730268478393555,12.711308479309082,99.79146575927734,134.9235076904297,84.58999633789062,150.25,28.08022117614746,12.760000228881836
2023-07-27,400.989990234375,38.07560729980469,82.76190948486328,135.48558044433594,29.78076934814453,31.870065689086914,128.7349853515625,128.26266479492188,,96.93000030517578,308.9964904785156,42.51491165161133,41.31700134277344,19.115718841552734,18.819808959960938,74.14446258544922,14.302338600158691,12.386909484863281,99.14977264404297,133.76641845703125,85.37999725341797,149.85000610351562,27.43423080444336,12.289999961853027
2023-07-28,396.79998779296875,37.97486114501953,83.50846862792969,135.820556640625,29.86714744567871,32.00486755371094,131.8475341796875,131.41470336914062,,89.33000183105469,322.64666748046875,43.78229522705078,42.577999114990234,19.233110427856445,18.927236557006836,74.33356475830078,14.57811450958252,12.335688591003418,99.94244384765625,134.713134765625,90.44999694824219,151.60000610351562,27.82672882080078,12.789999961853027
2023-07-31,405.19000244140625,38.00005340576172,86.1844711303711,134.34268188476562,30.145471572875977,32.207061767578125,131.94667053222656,131.553466796875,,87.75,315.8265380859375,44.65602111816406,43.89699935913086,19.673341751098633,19.356958389282227,76.1975326538086,15.243782997131348,12.3954439163208,99.0837173461914,131.74862670898438,91.26000213623047,152.94000244140625,27.867612838745117,13.069999694824219
2023-08-01,411.2300109863281,38.04202651977539,86.32019805908203,134.11605834960938,29.97271728515625,32.02412033081055,130.73731994628906,130.39373779296875,,87.0999984741211,319.90069580078125,44.31037521362305,43.86199951171875,19.68312644958496,19.347192764282227,74.60369873046875,15.272311210632324,12.207636833190918,98.1966781616211,131.26089477539062,90.05000305175781,151.7899932861328,27.336105346679688,12.869999885559082
2023-08-02,419.07000732421875,37.857322692871094,83.67330169677734,124.45047760009766,30.001510620117188,32.09152603149414,127.5157241821289,127.25163269042969,,85.97000122070312,311.57391357421875,43.92631912231445,42.970001220703125,19.6048641204834,19.20069694519043,74.4416275024414,14.787325859069824,12.250320434570312,99.8103256225586,129.84559631347656,86.63999938964844,147.22000122070312,27.24615478515625,12.550000190734863
2023-08-03,422.7799987792969,37.92448425292969,82.8879623413086,122.00698852539062,29.742380142211914,31.73526954650879,127.64459991455078,127.32099914550781,,86.25,310.463623046875,44.31997299194336,43.099998474121094,19.70269203186035,19.24952507019043,73.76628875732422,14.34988784790039,12.028364181518555,99.91413879394531,129.45350646972656,84.76000213623047,145.75,27.03354835510254,12.890000343322754
2023-08-04,418.8599853515625,37.64742660522461,83.67330169677734,120.78523254394531,29.82875633239746,31.83155059814453,127.41659545898438,126.9840087890625,,87.7300033569336,308.0250549316406,42.08285140991211,43.15999984741211,19.859214782714844,19.415555953979492,73.47813415527344,14.863401412963867,11.951532363891602,99.66877746582031,128.71719360351562,84.83999633789062,142.17999267578125,26.673757553100586,13.970000267028809
2023-08-07,419.42999267578125,38.15957260131836,84.18717956542969,122.22373962402344,29.88633918762207,31.85081672668457,130.7869110107422,130.37393188476562,,89.22000122070312,313.8043212890625,41.708396911621094,44.07600021362305,20.191831588745117,19.73784828186035,73.3970947265625,15.300840377807617,11.960066795349121,101.49946594238281,130.6775665283203,85.80000305175781,141.17999267578125,26.60016441345215,14.470000267028809
2023-08-08,419.7799987792969,38.117591857910156,85.44760131835938,120.80494689941406,31.546693801879883,33.6320686340332,130.68775939941406,130.2450714111328,,87.87999725341797,309.9184265136719,43.004581451416016,43.83000183105469,20.338579177856445,19.903873443603516,72.37056732177734,15.54808521270752,12.105195999145508,101.00877380371094,130.30462646484375,85.30000305175781,140.13999938964844,26.63287353515625,14.420000076293945
2023-08-09,419.95001220703125,38.016845703125,84.82707977294922,120.12510681152344,31.220378875732422,33.36247634887695,129.0125274658203,128.52040100097656,,86.30000305175781,302.55316162109375,43.897518157958984,42.88999938964844,20.328792572021484,19.864809036254883,72.32553100585938,14.85389232635498,12.182027816772461,103.14142608642578,131.69126892089844,80.93000030517578,139.39999389648438,26.74734878540039,14.109999656677246
2023-08-10,428.2900085449219,38.56257629394531,88.96711730957031,120.4699478149414,30.970848083496094,33.20842361450195,129.072021484375,128.55010986328125,,86.98999786376953,303.0784912109375,43.57107162475586,42.99800109863281,20.260313034057617,19.83551025390625,71.87528991699219,14.711250305175781,12.096656799316406,107.57659149169922,131.7103729248047,77.08999633789062,138.4600067138672,27.000843048095703,14.119999885559082
2023-08-11,427.94000244140625,38.64654541015625,86.31050872802734,120.40097045898438,31.143604278564453,33.3143310546875,129.0323486328125,128.42124938964844,,86.61000061035156,299.01416015625,43.16780471801758,42.16600036621094,21.219036102294922,20.74378204345703,71.95632934570312,14.521058082580566,12.267394065856934,105.40618896484375,132.293701171875,74.62000274658203,140.1999969482422,27.278867721557617,13.699999809265137
2023-08-14,427.2799987792969,39.09152603149414,86.10690307617188,120.96257019042969,30.481380462646484,32.58256530761719,130.67784118652344,130.1757049560547,,86.16000366210938,303.52459716796875,43.27342224121094,42.77799987792969,21.610347747802734,21.11490821838379,71.99236297607422,14.197733879089355,12.173487663269043,105.45338439941406,133.4030303955078,75.26000213623047,142.3800048828125,27.442407608032227,13.529999732971191
2023-08-15,428.0799865722656,39.48613357543945,84.4101791381836,119.63245391845703,30.615745544433594,32.74625015258789,129.13148498535156,128.63931274414062,,86.11000061035156,299.3214416503906,43.715091705322266,42.369998931884766,20.9157657623291,20.421493530273438,72.09140014648438,14.6161527633667,12.07104778289795,106.53858184814453,132.52322387695312,73.69000244140625,139.50999450683594,27.197092056274414,13.420000076293945
2023-08-16,426.7699890136719,38.90681457519531,83.72177124023438,118.90335845947266,30.193456649780273,32.34185791015625,127.98162078857422,127.56881713867188,,85.5999984741211,291.7281799316406,43.014190673828125,41.54499816894531,21.121206283569336,20.616823196411133,71.60514831542969,14.254792213439941,12.036900520324707,106.40647888183594,132.2076416015625,72.73999786376953,140.27000427246094,27.20526695251465,13.1899995803833
2023-08-17,424.8299865722656,38.82285690307617,83.30485534667969,117.01161193847656,29.684795379638672,31.725645065307617,129.31983947753906,128.77809143066406,,84.55999755859375,282.6082458496094,42.78375244140625,40.29999923706055,20.729890823364258,20.294530868530273,70.81273651123047,13.836373329162598,11.960066795349121,103.32072448730469,130.40980529785156,71.19000244140625,138.0800018310547,27.03354835510254,12.760000228881836
2023-08-18,420.4700012207031,38.41984558105469,83.3436508178711,116.61751556396484,30.03030014038086,32.207061767578125,126.99036407470703,126.3397216796875,,84.38999938964844,280.7843017578125,42.63013458251953,40.452999114990234,20.729890823364258,20.274995803833008,71.95632934570312,14.08362102508545,11.994216918945312,106.00070190429688,130.18988037109375,72.18000030517578,137.4600067138672,27.131677627563477,12.779999732971191
2023-08-21,420.0799865722656,38.50381088256836,83.26608276367188,116.85397338867188,29.742380142211914,31.966354370117188,127.8031997680664,127.2417221069336,,83.95999908447266,287.37640380859375,42.62053298950195,40.82899856567383,20.583148956298828,20.108970642089844,71.43407440185547,13.921957969665527,12.036900520324707,107.4633560180664,129.62567138671875,73.33999633789062,139.55999755859375,26.984487533569336,12.649999618530273
2023-08-22,413.3800048828125,38.26032638549805,83.1788330078125,117.77029418945312,29.358484268188477,31.638988494873047,128.55654907226562,127.94547271728516,,84.25,285.0964050292969,43.033390045166016,41.31700134277344,20.67119598388672,20.17733383178711,71.26297760009766,13.826862335205078,12.173487663269043,108.6523666381836,129.25270080566406,74.58999633789062,140.47999572753906,27.14803123474121,12.539999961853027
2023-08-23,415.2799987792969,38.167972564697266,83.21760559082031,119.53392791748047,29.406469345092773,31.716014862060547,132.04579162597656,131.20657348632812,,84.08999633789062,291.6786193847656,43.59987258911133,42.755001068115234,20.866851806640625,20.382427215576172,72.11842346191406,14.264301300048828,12.088119506835938,108.6523666381836,130.37156677246094,77.66999816894531,144.5500030517578,27.13985252380371,12.699999809265137
2023-08-24,411.989990234375,37.98325729370117,79.95987701416016,118.14470672607422,29.070560455322266,31.369394302368164,129.2801513671875,128.63931274414062,,83.69999694824219,284.2538146972656,42.84136199951172,40.69300079345703,20.651628494262695,20.157798767089844,71.40705108642578,14.00754451751709,12.079583168029785,107.35012817382812,127.49311828613281,74.51000213623047,139.66000366210938,27.295217514038086,12.699999809265137
2023-08-25,416.7799987792969,38.17636489868164,80.82278442382812,117.92794036865234,28.936195373535156,31.224966049194336,129.54782104492188,128.73846435546875,,84.79000091552734,283.0146484375,42.04445266723633,41.60300064086914,20.73967742919922,20.255462646484375,71.91131591796875,13.731766700744629,12.04543685913086,107.28406524658203,127.52180480957031,75.91000366210938,141.4199981689453,27.270687103271484,12.270000457763672
2023-08-28,432.0,38.60456466674805,81.59844970703125,118.7457046508789,29.204925537109375,31.552330017089844,130.63821411132812,129.8585205078125,,84.83999633789062,287.7332458496094,42.486114501953125,41.805999755859375,20.85706901550293,20.401958465576172,72.43359375,14.01705265045166,12.130804061889648,109.39786529541016,129.27183532714844,76.20999908447266,140.8000030517578,27.43423080444336,12.789999961853027
2023-08-29,451.1000061035156,39.2762336730957,81.83113098144531,119.36741638183594,29.543731689453125,31.9405517578125,134.30587768554688,133.38723754882812,,84.27999877929688,295.39599609375,43.004581451416016,42.999000549316406,21.170122146606445,20.72425079345703,72.67671203613281,14.226263046264648,12.608865737915039,108.84109497070312,130.76364135742188,78.80000305175781,141.38999938964844,28.366416931152344,12.949999809265137
2023-08-30,439.510009765625,39.56169509887695,81.71479034423828,118.96280670166016,29.901893615722656,32.41611862182617,135.7332763671875,134.68569946289062,,84.30000305175781,292.5311584472656,44.35837936401367,43.46699905395508,21.38534164428711,20.831682205200195,72.83879089355469,14.359396934509277,12.574718475341797,103.84916687011719,131.3852081298828,80.27999877929688,141.8300018310547,28.325532913208008,13.109999656677246
2023-08-31,438.1199951171875,39.25944900512695,81.133056640625,118.40031433105469,29.543731689453125,32.08613586425781,136.1496124267578,134.97314453125,,84.52999877929688,293.31427001953125,45.00167465209961,43.36800003051758,21.522302627563477,20.98794174194336,72.94685363769531,14.34988784790039,12.62593936920166,91.10984802246094,130.29505920410156,80.02999877929688,142.1999969482422,28.603553771972656,13.140000343322754
2023-09-01,422.32000732421875,38.39466094970703,79.15514373779297,118.95294952392578,27.83034896850586,30.06740379333496,135.60440063476562,134.4676513671875,,84.05000305175781,293.79998779296875,44.60801315307617,43.987998962402344,21.316865921020508,20.782848358154297,72.22647857666016,12.980512619018555,12.506422996520996,98.68738555908203,131.32786560058594,79.93000030517578,141.8300018310547,28.505434036254883,11.5600004196167
2023-09-05,408.989990234375,37.412330627441406,78.71884155273438,119.90029907226562,28.120752334594727,30.5041446685791,135.5152130126953,134.57667541503906,,82.86000061035156,297.53717041015625,44.14714813232422,44.86800003051758,21.228818893432617,20.6949520111084,71.74022674560547,12.980512619018555,12.361298561096191,94.43148803710938,130.90711975097656,81.41999816894531,141.17999267578125,28.047510147094727,11.640000343322754
2023-09-06,419.9800109863281,37.722984313964844,78.5152359008789,119.30819702148438,28.062671661376953,30.455615997314453,134.18690490722656,133.2781982421875,,80.69999694824219,296.5657043457031,43.455848693847656,44.57600021362305,21.287513732910156,20.714487075805664,72.19046020507812,12.742774963378906,12.47227668762207,94.36542510986328,128.26771545410156,83.47000122070312,140.97000122070312,27.949390411376953,11.489999771118164
2023-09-07,416.9800109863281,37.64742660522461,78.11770629882812,119.34766387939453,27.549623489379883,29.950937271118164,135.00965881347656,134.07115173339844,,80.9000015258789,296.0700378417969,42.706939697265625,44.31399917602539,21.072294235229492,20.509387969970703,71.65017700195312,12.381415367126465,12.47227668762207,93.80868530273438,131.280029296875,84.30999755859375,142.22999572753906,27.646833419799805,11.029999732971191
2023-09-08,422.4200134277344,37.80694580078125,79.09696197509766,120.14701843261719,27.975549697875977,30.436208724975586,136.0009307861328,135.18133544921875,,80.94000244140625,295.29681396484375,42.29408264160156,44.279998779296875,21.189685821533203,20.567989349365234,71.04685974121094,12.990023612976074,12.293002128601074,92.52531433105469,131.61476135253906,83.88999938964844,142.77000427246094,27.35245704650879,11.319999694824219
2023-09-11,435.8399963378906,38.00005340576172,80.00834655761719,120.916748046875,28.28531265258789,30.74677848815918,136.53619384765625,135.716552734375,,82.58000183105469,304.8826599121094,41.7948112487793,44.5359992980957,21.189685821533203,20.5484561920166,71.52411651611328,12.885418891906738,12.3954439163208,94.97881317138672,134.1298065185547,86.52999877929688,145.3800048828125,27.753137588500977,11.579999923706055
2023-09-12,436.6099853515625,37.941280364990234,81.133056640625,119.82134246826172,28.63379669189453,31.17382049560547,134.8807830810547,134.15045166015625,,81.6500015258789,299.0340270996094,41.57398223876953,43.46900177001953,21.091402053833008,20.430700302124023,71.199951171875,12.847380638122559,12.344225883483887,97.24359130859375,133.98634338378906,85.80000305175781,143.19000244140625,27.834909439086914,11.329999923706055
2023-09-13,439.3999938964844,37.941280364990234,80.93912506103516,120.07793426513672,28.023950576782227,30.455615997314453,136.29827880859375,135.5084228515625,,82.4800033569336,302.4044189453125,40.815467834472656,41.2239990234375,20.54102325439453,19.91061019897461,70.02933502197266,12.71424674987793,12.480815887451172,95.3091049194336,135.31561279296875,85.33000183105469,144.36000061035156,27.687721252441406,11.40999984741211
2023-09-14,449.3699951171875,38.596168518066406,81.90869903564453,121.42002868652344,28.57571792602539,31.086469650268555,137.77528381347656,136.88621520996094,,85.01000213623047,309.0064392089844,42.28447723388672,40.04899978637695,20.81621551513672,20.126495361328125,70.58763122558594,13.162872314453125,12.856433868408203,95.08261108398438,136.86477661132812,85.37000274658203,144.39999389648438,27.834909439086914,11.729999542236328
2023-09-15,447.95001220703125,38.067222595214844,82.9752197265625,118.8740005493164,28.362754821777344,30.940889358520508,137.09130859375,136.19235229492188,,83.81999969482422,297.69573974609375,42.390098571777344,39.694000244140625,20.619647979736328,19.90079689025879,69.7051773071289,13.420592308044434,13.00156021118164,94.46924591064453,135.72679138183594,83.37999725341797,142.91000366210938,27.63047981262207,11.84000015258789
2023-09-18,455.7300109863281,38.3191032409668,82.4322509765625,119.01215362548828,28.236913681030273,30.85354232788086,137.7455291748047,136.99522399902344,,83.12000274658203,299.9162902832031,41.103515625,39.439998626708984,20.275659561157227,19.547529220581055,69.73219299316406,12.981514930725098,12.882041931152344,98.26274108886719,134.65576171875,80.70999908447266,141.3300018310547,27.417875289916992,11.65999984741211
2023-09-19,449.67999267578125,38.39466094970703,79.44601440429688,119.40689086914062,28.469236373901367,31.144704818725586,137.61666870117188,136.8267364501953,,82.80000305175781,302.41436767578125,40.72905731201172,39.619998931884766,20.285490036010742,19.576969146728516,69.12886810302734,12.981514930725098,12.984485626220703,99.55554962158203,136.24319458007812,79.05999755859375,143.91000366210938,27.31157112121582,11.640000343322754
2023-09-20,448.1700134277344,38.20155715942383,80.0471420288086,118.86412811279297,27.81098747253418,30.232393264770508,133.41372680664062,132.5645294189453,,81.5,297.0613708496094,39.922542572021484,38.630001068115234,20.049610137939453,19.30220603942871,68.02021026611328,12.637886047363281,13.274736404418945,98.82893371582031,135.8607177734375,78.29000091552734,140.72000122070312,27.475116729736328,11.5
2023-09-21,446.82000732421875,38.369468688964844,80.21196746826172,117.2358627319336,28.643478393554688,31.19322967529297,130.21197509765625,129.2935333251953,,79.97000122070312,293.1556396484375,39.39445877075195,38.415000915527344,20.305145263671875,19.547529220581055,67.87479400634766,12.69515609741211,13.069854736328125,84.23042297363281,133.87156677246094,75.72000122070312,135.94000244140625,27.22162437438965,11.510000228881836
2023-09-22,445.2099914550781,38.03363037109375,78.77700805664062,117.4332275390625,27.927148818969727,30.426504135131836,130.1029052734375,129.1051788330078,,79.75,296.47650146484375,39.615299224853516,37.98099899291992,20.010295867919922,19.312015533447266,67.01148223876953,12.065171241760254,12.907655715942383,82.09453582763672,133.2595977783203,76.3499984741211,138.24000549316406,27.21344566345215,11.100000381469727
2023-09-25,440.0199890136719,37.67261505126953,78.5443115234375,118.13386535644531,27.840030670166016,30.290624618530273,131.01487731933594,129.9576416015625,,79.62000274658203,298.21124267578125,39.845733642578125,38.47999954223633,20.108577728271484,19.419960021972656,67.61125183105469,12.084261894226074,12.856433868408203,80.50730895996094,133.8907470703125,75.0999984741211,138.75,27.115320205688477,10.65999984741211
2023-09-26,428.7200012207031,37.14366149902344,77.61353302001953,116.8016586303711,27.62706756591797,30.038286209106445,128.31866455078125,127.43997192382812,,79.91999816894531,296.3575134277344,39.27444839477539,37.92499923706055,20.000469207763672,19.22369956970215,66.75703430175781,11.893357276916504,12.822285652160645,79.4197769165039,134.321044921875,74.37000274658203,137.3800048828125,26.97631072998047,10.6899995803833
2023-09-27,433.4200134277344,37.445919036865234,77.46810150146484,116.41678619384766,27.71418571472168,30.009170532226562,130.31109619140625,129.3926544189453,,81.0199966430664,295.1481018066406,38.386322021484375,37.75899887084961,20.03978157043457,19.282575607299805,66.69341278076172,12.198802947998047,12.694234848022461,79.18463134765625,133.59426879882812,75.43000030517578,137.77999877929688,26.49386215209961,11.029999732971191
2023-09-28,444.4800109863281,37.66421890258789,77.69109344482422,117.61085510253906,27.936830520629883,30.222686767578125,131.9665069580078,131.1470947265625,,83.69000244140625,301.31396484375,37.906253814697266,37.63600158691406,20.423084259033203,19.606407165527344,67.29319763183594,12.236985206604004,12.813750267028809,80.80125427246094,133.59426879882812,77.69000244140625,140.1999969482422,26.61651611328125,10.6899995803833
2023-09-29,439.82000732421875,37.22762680053711,78.58309173583984,118.81478881835938,27.956186294555664,30.280920028686523,130.69766235351562,129.70985412597656,,83.04000091552734,297.5965881347656,37.61341094970703,37.7599983215332,20.511537551879883,19.68490982055664,67.68396759033203,12.313346862792969,12.822285652160645,82.35907745361328,133.92898559570312,78.1500015258789,140.38999938964844,26.502037048339844,10.859999656677246
2023-10-02,438.5,37.35356521606445,79.18421936035156,118.56808471679688,27.656105041503906,29.94122886657715,133.98867797851562,132.9907684326172,,84.41000366210938,304.1490783691406,36.59086608886719,38.03300094604492,20.44274139404297,19.62603187561035,66.66613006591797,12.017444610595703,12.523497581481934,83.28004455566406,133.1735076904297,78.30999755859375,139.0,25.97052574157715,10.510000228881836
2023-10-03,432.1700134277344,36.7197380065918,77.11905670166016,117.97599029541016,27.133380889892578,29.310379028320312,132.135009765625,131.26602172851562,,82.93000030517578,298.3203125,36.629268646240234,37.67499923706055,19.794076919555664,19.066692352294922,65.85736083984375,11.444729804992676,12.617403984069824,82.78036499023438,130.4671630859375,76.4000015258789,137.55999755859375,26.150419235229492,10.350000381469727
2023-10-04,432.8399963378906,36.73664474487305,76.90574645996094,119.13058471679688,27.152738571166992,29.417137145996094,135.07907104492188,134.05133056640625,,84.11000061035156,302.91986083984375,36.475650787353516,37.689998626708984,20.216690063476562,19.449399948120117,66.61162567138672,11.292007446289062,12.506422996520996,81.7418212890625,132.02593994140625,79.37000274658203,139.6300048828125,25.79062843322754,10.289999961853027
2023-10-05,431.7799987792969,36.35633850097656,78.35040283203125,119.19966125488281,27.084978103637695,29.310379028320312,134.801513671875,133.88282775878906,,85.2300033569336,302.13677978515625,35.371490478515625,37.25899887084961,20.108577728271484,19.331642150878906,66.25721740722656,11.139284133911133,12.660086631774902,80.50730895996094,131.42347717285156,78.16000366210938,140.1999969482422,26.019588470458984,10.09000015258789
2023-10-06,431.1600036621094,36.73664474487305,80.41557312011719,121.34107971191406,27.230178833007812,29.48507308959961,137.51754760742188,136.37078857421875,,87.51000213623047,312.68414306640625,35.81314468383789,38.1510009765625,20.619647979736328,19.78304100036621,67.47493743896484,11.282463073730469,12.5713472366333,80.3309555053711,132.9535369873047,82.1500015258789,140.91000366210938,25.764863967895508,10.279999732971191
2023-10-09,442.4200134277344,37.26060104370117,82.12199401855469,122.94961547851562,27.694826126098633,30.06740379333496,138.28079223632812,137.203369140625,,86.98999786376953,315.5885925292969,35.92836380004883,38.595001220703125,20.698274612426758,19.851730346679688,68.06562805175781,11.416095733642578,12.814945220947266,81.24213409423828,134.01502990722656,83.95999908447266,143.1300048828125,26.265962600708008,10.529999732971191
2023-10-10,444.7200012207031,37.58174133300781,82.4031753540039,126.39366912841797,27.994909286499023,30.348861694335938,137.98345947265625,136.84654235839844,,86.55000305175781,319.038330078125,36.2644157409668,37.332000732421875,21.140546798706055,20.254064559936523,68.41095733642578,11.86472225189209,13.015043258666992,80.39952850341797,136.1858367919922,85.16000366210938,145.24000549316406,26.52486228942871,10.670000076293945
2023-10-11,449.82000732421875,37.38736343383789,82.26742553710938,127.98247528076172,27.888427734375,30.27121353149414,140.46157836914062,139.31468200683594,,87.61000061035156,324.96630859375,36.7924919128418,36.59299850463867,21.327281951904297,20.50920295715332,68.0111083984375,11.587909698486328,12.849746704101562,78.6065673828125,136.86477661132812,84.7699966430664,144.75,26.27431297302246,10.960000038146973
2023-10-12,447.67999267578125,37.100032806396484,81.78266143798828,129.83773803710938,27.49154281616211,29.844179153442383,139.0638885498047,137.74856567382812,,86.23999786376953,321.33819580078125,35.89956283569336,36.119998931884766,21.248655319213867,20.420886993408203,68.67448425292969,11.196556091308594,12.5713472366333,78.31263732910156,134.9713592529297,84.48999786376953,141.6199951171875,25.814973831176758,10.319999694824219
2023-10-13,449.2699890136719,37.02397155761719,81.78266143798828,129.5614013671875,27.66578483581543,30.038286209106445,137.3688507080078,136.1527099609375,,84.55000305175781,311.95062255859375,34.12330627441406,35.56800079345703,21.35676383972168,20.519020080566406,67.74757385253906,11.3588228225708,12.493047714233398,76.05917358398438,135.47817993164062,80.23999786376953,142.8300018310547,25.614534378051758,10.369999885559082
2023-10-16,454.45001220703125,37.39582443237305,83.10126495361328,129.4134063720703,28.246593475341797,30.688549041748047,139.26217651367188,137.87741088867188,,85.58000183105469,318.3543395996094,34.939422607421875,36.082000732421875,22.290447235107422,21.48069190979004,69.08342742919922,11.702452659606934,12.536550521850586,78.67516326904297,136.9795379638672,80.87000274658203,143.58999633789062,26.098928451538086,10.899999618530273
2023-10-17,452.67999267578125,37.4887809753418,83.57634735107422,129.30482482910156,28.469236373901367,30.97000503540039,139.75779724121094,138.49197387695312,,84.4800033569336,321.1795349121094,34.97782897949219,35.571998596191406,22.595121383666992,21.814334869384766,69.55598449707031,11.893357276916504,12.684446334838867,78.25386047363281,136.53009033203125,79.58999633789062,144.86000061035156,26.316072463989258,10.920000076293945
2023-10-18,448.32000732421875,37.201446533203125,82.10261535644531,128.54495239257812,28.091711044311523,30.630313873291016,138.06275939941406,136.74745178222656,,82.54000091552734,314.2107238769531,34.08490753173828,34.61899948120117,22.24130630493164,21.48069190979004,68.45640563964844,11.635635375976562,12.45824909210205,75.3145523071289,133.58470153808594,76.7699966430664,142.5,25.93189811706543,10.579999923706055
2023-10-19,435.8699951171875,36.398597717285156,80.71613311767578,126.54170227050781,27.598024368286133,29.94122886657715,137.76536560058594,136.5392608642578,,80.5,310.0869445800781,34.75699996948242,40.176998138427734,21.97594451904297,21.215742111206055,67.44767761230469,11.244281768798828,13.276040077209473,75.0206298828125,131.8155517578125,75.87000274658203,140.27999877929688,26.374534606933594,10.390000343322754
2023-10-20,429.6499938964844,36.221126556396484,80.1343994140625,125.76209259033203,27.394742965698242,29.718008041381836,135.5449676513672,134.40817260742188,,79.94999694824219,305.963134765625,34.10411071777344,40.09600067138672,21.582813262939453,20.81340789794922,67.19322967529297,10.977014541625977,13.380437850952148,76.39229583740234,131.0027313232422,74.05999755859375,140.5800018310547,26.36618423461914,10.329999923706055
2023-10-23,430.2699890136719,36.288734436035156,80.57069396972656,124.67657470703125,27.172100067138672,29.601543426513672,136.69480895996094,135.30027770996094,,78.81999969482422,311.2764892578125,33.90247344970703,40.683998107910156,21.514019012451172,20.705461502075195,68.68358612060547,10.681113243103027,13.006341934204102,77.24469757080078,131.71995544433594,73.63999938964844,142.1699981689453,26.21585464477539,10.140000343322754
2023-10-24,431.17999267578125,36.72819137573242,80.0471420288086,125.97921752929688,27.181777954101562,29.553016662597656,138.89537048339844,137.58993530273438,,78.5999984741211,309.8291931152344,35.40989685058594,41.37300109863281,21.877662658691406,21.058732986450195,67.69303894042969,10.64293098449707,13.51093578338623,78.87110137939453,134.90440368652344,76.5199966430664,142.69000244140625,28.646181106567383,10.079999923706055
2023-10-25,423.7300109863281,36.12815856933594,78.1370849609375,124.06473541259766,26.939777374267578,29.358905792236328,125.56295013427734,124.50597381591797,,77.69999694824219,296.9225769042969,33.54722213745117,41.125,20.953807830810547,20.165746688842773,67.60216522216797,10.442481994628906,13.215142250061035,77.04874420166016,134.827880859375,71.66999816894531,137.07000732421875,28.136730194091797,9.729999542236328
2023-10-26,411.7099914550781,33.085792541503906,77.35174560546875,122.01213836669922,26.562253952026367,28.922161102294922,122.36117553710938,121.20524597167969,,78.0999984741211,285.8398742675781,33.52802276611328,40.354000091552734,20.875181198120117,20.116683959960938,67.502197265625,10.404301643371582,13.154240608215332,79.46875762939453,136.61618041992188,66.22000122070312,133.0399932861328,28.788164138793945,9.800000190734863
2023-10-27,372.0,33.49989700317383,76.91544342041016,121.01542663574219,26.24280548095703,28.572769165039062,122.321533203125,121.0962142944336,,77.0,294.1469421386719,32.625492095947266,39.7869987487793,20.590164184570312,19.8419189453125,67.2386703491211,10.213395118713379,12.893243789672852,80.31136322021484,133.88113403320312,66.86000061035156,134.42999267578125,27.927942276000977,9.550000190734863
2023-10-30,389.79998779296875,34.18442916870117,78.224365234375,119.71282196044922,26.349288940429688,28.71834945678711,124.65098571777344,123.3660888671875,,78.5999984741211,300.0252990722656,32.683101654052734,41.007999420166016,20.993122100830078,20.23444366455078,67.72029876708984,10.499753952026367,13.276040077209473,81.23233795166016,135.38255310058594,67.94999694824219,133.35000610351562,28.913436889648438,9.850000381469727
2023-10-31,402.79998779296875,34.894309997558594,79.10665893554688,122.1601791381836,27.0172176361084,29.494781494140625,124.20492553710938,122.98943328857422,,80.0199966430664,298.6473693847656,33.22077941894531,41.16899871826172,21.071746826171875,20.293319702148438,68.07471466064453,10.385210037231445,13.39783763885498,80.32115936279297,137.57244873046875,70.95999908447266,133.75,29.339372634887695,9.9399995803833
2023-11-01,406.510009765625,35.34221267700195,78.60249328613281,122.15028381347656,27.007537841796875,29.562721252441406,126.45508575439453,125.3386001586914,,80.41000366210938,309.1352844238281,28.122447967529297,42.01900100708008,21.120887756347656,20.391448974609375,67.68396759033203,10.30884838104248,13.554436683654785,80.72286987304688,138.71044921875,70.76000213623047,133.80999755859375,29.56486701965332,10.079999923706055
2023-11-02,412.6199951171875,35.91688919067383,80.7549057006836,126.59102630615234,27.539945602416992,30.038286209106445,127.45625305175781,126.36945343017578,,82.44999694824219,308.163818359375,28.016828536987305,42.47100067138672,21.72041130065918,20.852659225463867,69.61051940917969,11.377914428710938,13.684934616088867,81.77120971679688,140.09706115722656,75.68000030517578,137.5,29.982446670532227,11.079999923706055
2023-11-03,420.1099853515625,36.49156188964844,82.4807357788086,127.8837890625,28.391794204711914,30.882658004760742,129.23060607910156,127.9653091430664,,85.36000061035156,311.86138916015625,28.26646614074707,43.236000061035156,22.27079200744629,21.519943237304688,70.56470489501953,13.134236335754395,13.81543254852295,83.21145629882812,141.04379272460938,79.08000183105469,138.91000366210938,30.082670211791992,11.770000457763672
2023-11-06,415.70001220703125,35.88308334350586,81.46269226074219,127.5680160522461,27.946508407592773,30.377975463867188,130.30117797851562,129.1051788330078,,85.38999938964844,313.0508728027344,27.315927505493164,43.4739990234375,22.07422637939453,21.254995346069336,70.02852630615234,12.112897872924805,13.7023344039917,82.89794158935547,140.900390625,77.47000122070312,134.3699951171875,29.76530647277832,11.449999809265137
2023-11-07,412.9800109863281,35.52814483642578,82.01535034179688,128.02191162109375,27.578662872314453,30.028579711914062,131.2428436279297,129.81886291503906,,86.12999725341797,316.04461669921875,28.79454231262207,43.46099853515625,21.848176956176758,21.029294967651367,69.66503143310547,12.256073951721191,13.780633926391602,83.92668914794922,140.6995391845703,77.69999694824219,136.36000061035156,30.015853881835938,11.609999656677246
2023-11-08,413.4800109863281,35.08868408203125,81.92808532714844,129.01864624023438,27.297943115234375,29.630657196044922,132.0953369140625,130.68121337890625,,87.30999755859375,316.99627685546875,28.650524139404297,43.665000915527344,21.916975021362305,21.009668350219727,68.76536560058594,11.282463073730469,13.615335464477539,82.88813781738281,140.23094177246094,78.83999633789062,143.47000122070312,29.87387466430664,9.399999618530273
2023-11-09,404.4599914550781,34.54781723022461,87.59033966064453,129.57127380371094,26.813934326171875,28.805696487426758,130.53907775878906,129.0952911376953,,86.13999938964844,317.759521484375,27.73838996887207,43.51499938964844,21.740066528320312,20.891910552978516,68.13833618164062,11.578364372253418,13.597935676574707,83.18207550048828,140.4700469970703,76.80999755859375,146.32000732421875,29.74860191345215,9.640000343322754
2023-11-10,409.80999755859375,35.418277740478516,85.58334350585938,131.0318145751953,27.181777954101562,29.24243927001953,132.8883819580078,131.4246368408203,,87.5199966430664,325.9080505371094,28.516103744506836,44.7239990234375,21.405908584594727,20.52882957458496,68.82897186279297,11.549728393554688,13.606634140014648,77.65620422363281,141.15853881835938,64.01000213623047,147.8800048828125,29.823768615722656,10.130000114440918
2023-11-13,406.4100036621094,35.06332778930664,86.71773529052734,130.93312072753906,26.688093185424805,28.71834945678711,132.47201538085938,130.9290313720703,,87.63999938964844,326.3244323730469,27.9592227935791,44.46200180053711,20.93415069580078,20.067617416381836,68.80171966552734,11.454276084899902,13.554436683654785,78.35182189941406,140.77606201171875,63.459999084472656,150.08999633789062,29.915634155273438,9.890000343322754
2023-11-14,414.8399963378906,35.38447570800781,88.2981185913086,132.66993713378906,27.220500946044922,29.20362091064453,134.2463836669922,132.44558715820312,,89.0,333.3824462890625,29.54344940185547,44.8650016784668,21.494361877441406,20.568084716796875,71.09178924560547,11.950630187988281,13.597935676574707,78.28325653076172,140.58477783203125,67.62999725341797,153.39999389648438,29.965747833251953,10.4399995803833
2023-11-15,417.6000061035156,35.94223403930664,91.07106018066406,132.66004943847656,27.549623489379883,29.572425842285156,135.18807983398438,133.43679809570312,,89.19000244140625,329.813720703125,30.705215454101562,46.194000244140625,21.514019012451172,20.489578247070312,71.0372543334961,12.571066856384277,13.711034774780273,76.4706802368164,140.76649475097656,68.05000305175781,153.94000244140625,30.065961837768555,10.5600004196167
2023-11-16,412.8500061035156,35.84083557128906,91.63341522216797,131.6436309814453,27.23986053466797,29.193912506103516,137.48782348632812,135.72645568847656,,89.0999984741211,331.2807922363281,30.321163177490234,46.69499969482422,21.592641830444336,20.676025390625,69.94676208496094,12.179715156555176,13.81543254852295,76.53926849365234,141.04379272460938,66.30000305175781,154.85000610351562,30.21629524230957,10.319999694824219
2023-11-17,407.70001220703125,35.849281311035156,91.28437805175781,131.93966674804688,27.520584106445312,29.465665817260742,135.74319458007812,134.12069702148438,,89.5999984741211,332.1234436035156,31.13728141784668,46.590999603271484,21.543502807617188,20.63677406311035,71.84603118896484,12.590158462524414,13.832830429077148,76.73522186279297,141.2541961669922,66.47000122070312,154.38999938964844,30.258054733276367,10.710000038146973
2023-11-20,413.05999755859375,36.288734436035156,92.13758850097656,133.6666259765625,27.723865509033203,29.737417221069336,136.71461486816406,135.0524444580078,,89.81999969482422,337.01055908203125,31.29090118408203,47.446998596191406,21.79903793334961,20.882099151611328,71.94600677490234,13.296506881713867,14.006832122802734,76.2845230102539,142.00967407226562,67.29000091552734,155.8800048828125,30.675636291503906,10.739999771118164
2023-11-21,402.4599914550781,36.00139617919922,91.57523345947266,134.26858520507812,27.385061264038086,29.417137145996094,137.4084930419922,135.76614379882812,,87.04000091552734,334.04656982421875,30.570796966552734,47.494998931884766,21.985774993896484,21.048921585083008,71.49163055419922,13.420592308044434,14.08513069152832,76.72541809082031,142.1148681640625,65.8499984741211,155.74000549316406,31.10992431640625,10.579999923706055
2023-11-22,405.2799987792969,35.89998245239258,92.1763687133789,134.3278350830078,27.44314193725586,29.465665817260742,138.79627990722656,137.27276611328125,,87.79000091552734,338.5173034667969,30.791629791259766,47.79999923706055,22.44769859313965,21.539569854736328,72.11866760253906,13.516045570373535,14.067728996276855,76.87238311767578,142.4017333984375,66.83000183105469,155.8800048828125,31.193435668945312,10.65999984741211
2023-11-24,405.9200134277344,35.98448944091797,93.13623809814453,134.80149841308594,27.530263900756836,29.572425842285156,137.0120086669922,135.4885711669922,,87.62999725341797,335.28564453125,30.753223419189453,47.95600128173828,22.545984268188477,21.59844970703125,72.78205871582031,13.563773155212402,14.102529525756836,76.91157531738281,142.4686737060547,67.2699966430664,156.32000732421875,31.243549346923828,10.850000381469727
2023-11-27,396.8399963378906,35.57039260864258,92.27333068847656,135.3146514892578,27.33666229248047,29.329790115356445,136.84349060058594,135.21102905273438,,85.95999908447266,331.78643798828125,30.388370513916016,47.91699981689453,23.066879272460938,21.971342086791992,71.9732666015625,13.506500244140625,14.102529525756836,77.62680053710938,142.29653930664062,69.19000244140625,156.27000427246094,31.193435668945312,10.779999732971191
2023-11-28,401.2900085449219,35.38447570800781,89.68460083007812,134.77113342285156,26.988176345825195,28.98039436340332,137.4084930419922,135.99411010742188,,84.54000091552734,336.0390319824219,31.214088439941406,47.900001525878906,22.880146026611328,21.912466049194336,71.91874694824219,13.27741527557373,14.076428413391113,76.59805297851562,141.89491271972656,69.02999877929688,156.67999267578125,31.293663024902344,10.619999885559082
2023-11-29,398.8999938964844,35.18165588378906,89.68460083007812,135.69012451171875,26.804256439208984,28.708642959594727,135.20790100097656,133.8035430908203,,83.5999984741211,329.3081359863281,31.185283660888672,47.71900177001953,22.99808120727539,21.922277450561523,72.50943756103516,13.754676818847656,14.180828094482422,76.10816955566406,143.01376342773438,70.37000274658203,157.00999450683594,31.535856246948242,10.779999732971191
2023-11-30,400.1300048828125,35.4013671875,89.86881256103516,136.38189697265625,26.77521514892578,28.66982078552246,132.74957275390625,131.3651580810547,,84.22000122070312,324.3021545410156,31.089275360107422,47.39699935913086,22.64426612854004,21.62788963317871,73.27278137207031,13.716495513916016,14.415724754333496,75.76524353027344,144.50247192382812,70.45999908447266,158.1999969482422,32.011905670166016,10.449999809265137
2023-12-01,401.8699951171875,35.671810150146484,89.76215362548828,136.1348419189453,27.356021881103516,29.310379028320312,132.15484619140625,130.70103454589844,,84.25,321.992431640625,32.06861877441406,46.57400131225586,22.752378463745117,21.73583221435547,74.3451156616211,15.062374114990234,14.581024169921875,76.6568374633789,146.23133850097656,71.5999984741211,157.83999633789062,32.220699310302734,11.329999923706055
2023-12-04,399.1400146484375,36.40705108642578,89.20950317382812,136.1941680908203,27.268901824951172,29.358905792236328,129.4883270263672,128.1337890625,,84.12999725341797,317.23419189453125,31.540536880493164,45.38999938964844,22.683578491210938,21.64751434326172,74.87217712402344,15.224641799926758,14.494024276733398,73.97228240966797,146.75958251953125,68.76000213623047,157.55999755859375,31.76970863342285,11.390000343322754
2023-12-05,364.3999938964844,35.16474151611328,88.02664184570312,135.7988739013672,26.58161163330078,28.611587524414062,131.23294067382812,129.8386688232422,,81.41000366210938,315.519287109375,31.031660079956055,45.51499938964844,22.329761505126953,21.362937927246094,73.97252655029297,14.804652214050293,14.981218338012695,72.45364379882812,147.91217041015625,68.33000183105469,156.75999450683594,32.087066650390625,10.869999885559082
2023-12-06,361.9800109863281,35.23235321044922,88.71501922607422,135.52215576171875,26.417049407958984,28.34954071044922,130.2813262939453,128.87721252441406,,82.54000091552734,314.6865539550781,31.540536880493164,44.67300033569336,22.44769859313965,21.3825626373291,74.47234344482422,14.527840614318848,14.737622261047363,71.68942260742188,149.3528594970703,68.30999755859375,157.32000732421875,32.15388107299805,10.920000076293945
2023-12-07,368.6600036621094,35.637996673583984,89.5391616821289,133.95094299316406,26.455772399902344,28.466007232666016,137.239990234375,135.72645568847656,,84.27999877929688,323.7469787597656,30.95485496520996,45.20000076293945,22.545984268188477,21.539569854736328,74.60865020751953,14.346481323242188,14.868119239807129,71.32691192626953,150.17884826660156,68.77999877929688,154.2100067138672,32.27915954589844,10.819999694824219
2023-12-08,367.54998779296875,35.57884979248047,90.28816223144531,135.52215576171875,27.114017486572266,29.058040618896484,135.44580078125,133.8035430908203,,85.19000244140625,329.8533630371094,30.820430755615234,45.375999450683594,22.545984268188477,21.52975845336914,74.4632568359375,16.08371353149414,14.720220565795898,72.27727508544922,150.21726989746094,70.62999725341797,155.32000732421875,31.945087432861328,11.470000267028809
2023-12-11,374.6300048828125,36.05210494995117,89.68506622314453,136.92539978027344,26.736494064331055,28.81540298461914,133.52276611328125,132.11849975585938,,87.08999633789062,322.44842529296875,30.993255615234375,45.98899841308594,22.703235626220703,21.65732765197754,76.38072204589844,15.501455307006836,14.459226608276367,71.81680297851562,152.57046508789062,71.62999725341797,152.55999755859375,31.460693359375,11.430000305175781
2023-12-12,367.05999755859375,36.06056213378906,88.58589172363281,138.67454528808594,26.28152847290039,28.242782592773438,132.47201538085938,131.35525512695312,,90.05999755859375,331.3106384277344,30.743619918823242,46.29999923706055,22.64426612854004,21.588634490966797,76.29893493652344,14.575566291809082,14.27652645111084,72.3262710571289,154.0975799560547,71.3499984741211,157.1999969482422,31.151681900024414,11.229999542236328
2023-12-13,379.3500061035156,36.90565872192383,90.29788970947266,140.6707000732422,26.72681427001953,28.679523468017578,132.79913330078125,131.4048309326172,,88.05999755859375,331.8260498046875,32.116615295410156,47.99800109863281,23.371557235717773,22.25592041015625,76.27168273925781,15.014646530151367,14.31132984161377,72.14012145996094,153.24278259277344,74.01000213623047,163.1199951171875,30.89278221130371,11.880000114440918
2023-12-14,383.9100036621094,37.725406646728516,91.37760162353516,139.18844604492188,27.104339599609375,29.184206008911133,132.035888671875,130.7803497314453,,93.06999969482422,330.2697448730469,33.153568267822266,46.983001708984375,24.00056266784668,22.86432647705078,78.5435562133789,16.00093650817871,14.485325813293457,73.6097640991211,150.668701171875,76.08000183105469,163.88999938964844,31.627721786499023,12.489999771118164
2023-12-15,379.92999267578125,37.59019088745117,90.91069793701172,137.19224548339844,26.765531539916992,28.902751922607422,132.6702880859375,131.4345245361328,,93.0,332.00445556640625,32.9327392578125,47.20600128173828,24.108675003051758,22.96245765686035,78.87979888916016,15.57961368560791,14.37222671508789,74.4523696899414,149.97715759277344,74.88999938964844,160.1999969482422,31.210142135620117,12.260000228881836
2023-12-18,383.8900146484375,37.77611541748047,90.32706451416016,136.4609375,26.746171951293945,28.776580810546875,135.99099731445312,134.60641479492188,,93.2699966430664,341.6199951171875,32.66389465332031,48.61199951171875,24.030048370361328,22.913393020629883,78.44359588623047,14.851861000061035,14.320027351379395,75.1382064819336,150.0828399658203,75.62999725341797,158.57000732421875,31.460693359375,11.970000267028809
2023-12-19,386.3599853515625,37.77611541748047,91.36788177490234,136.91554260253906,27.007537841796875,29.0677433013916,136.89305114746094,135.4489288330078,,94.91000366210938,347.31011962890625,33.297584533691406,49.50199890136719,24.42317771911621,23.296098709106445,78.7707290649414,15.148706436157227,14.45052433013916,77.43084716796875,149.708251953125,77.6500015258789,159.39999389648438,31.377174377441406,12.359999656677246
2023-12-20,381.2200012207031,37.35356903076172,88.78043365478516,134.97866821289062,26.58161163330078,28.572769165039062,138.43939208984375,137.12408447265625,,90.63999938964844,346.23944091796875,32.81752014160156,48.926998138427734,24.04970359802246,22.982084274291992,77.90743255615234,14.842286109924316,14.267824172973633,76.08857727050781,148.4307861328125,75.47000122070312,157.9600067138672,31.151681900024414,11.65999984741211
2023-12-21,383.510009765625,37.201446533203125,89.50997924804688,136.25343322753906,26.99785804748535,29.087154388427734,140.56072998046875,139.185791015625,,91.4000015258789,351.007568359375,33.73925018310547,49.1609992980957,24.383865356445312,23.256851196289062,79.19015502929688,14.43053150177002,14.3461275100708,77.42105102539062,148.8053741455078,76.37999725341797,160.38999938964844,31.26025390625,11.489999771118164
2023-12-22,382.0899963378906,37.184539794921875,88.5372543334961,136.04591369628906,26.862335205078125,28.931867599487305,141.47265625,140.24642944335938,,91.43000030517578,350.313720703125,33.7968635559082,48.67599868774414,24.511629104614258,23.354978561401367,78.86947631835938,14.363502502441406,14.398324012756348,77.24469757080078,149.55455017089844,73.43000030517578,161.9499969482422,31.310361862182617,11.270000457763672
2023-12-26,389.5,37.12538528442383,88.46916198730469,135.67041015625,26.959135055541992,28.99980354309082,141.57180786132812,140.27613830566406,,92.3499984741211,351.7412109375,33.969688415527344,49.11899948120117,24.865446090698242,23.67880630493164,79.43753051757812,14.38265323638916,14.415724754333496,78.10688018798828,150.6302947998047,73.58999633789062,161.6199951171875,31.302005767822266,11.5
2023-12-27,391.5400085449219,37.17608642578125,87.91471099853516,135.0972137451172,26.75585174560547,28.82510757446289,140.203857421875,139.13624572753906,,92.9800033569336,354.71502685546875,34.38254928588867,49.17900085449219,25.170122146606445,23.96338653564453,79.38255310058594,14.353927612304688,14.42442512512207,79.35118103027344,151.6964111328125,74.08000183105469,160.99000549316406,31.160036087036133,11.489999771118164
2023-12-28,392.3900146484375,37.285953521728516,87.93417358398438,135.1466522216797,26.813934326171875,28.863929748535156,140.04525756835938,138.9974822998047,,94.05000305175781,355.2007751464844,35.26587677001953,49.05099868774414,25.376514434814453,24.169458389282227,79.46503448486328,14.507135391235352,14.563621520996094,79.7920913696289,152.66648864746094,73.4000015258789,161.47000122070312,31.310361862182617,11.6899995803833
2023-12-29,388.67999267578125,37.05778121948242,87.8271713256836,135.196044921875,26.765531539916992,28.795988082885742,139.6983184814453,138.4622344970703,,93.5999984741211,350.8787536621094,35.045040130615234,48.6879997253418,25.27823257446289,24.09095573425293,79.26345825195312,14.162413597106934,14.598424911499023,79.92925262451172,153.991943359375,71.95999908447266,160.9499969482422,31.485750198364258,11.380000114440918
2024-01-02,391.510009765625,37.1513557434082,88.2357177734375,134.17819213867188,27.23986053466797,29.349199295043945,138.34030151367188,136.95558166503906,,91.80999755859375,343.2754821777344,34.95863342285156,46.849998474121094,25.170122146606445,23.96338653564453,79.94146728515625,13.788962364196777,15.007315635681152,78.71434020996094,155.50946044921875,70.58999633789062,159.25999450683594,32.471248626708984,11.65999984741211
2024-01-03,386.6700134277344,36.845096588134766,89.15007019042969,134.1090545654297,27.07529640197754,29.116270065307617,139.13331604003906,137.69900512695312,,89.36000061035156,341.4713439941406,34.43055725097656,47.0260009765625,25.0423526763916,23.845630645751953,77.87078094482422,13.587872505187988,14.989914894104004,77.77377319335938,155.6727294921875,69.31999969482422,158.39999389648438,32.70509719848633,11.300000190734863
2024-01-04,375.75,36.2666015625,88.08979034423828,134.36598205566406,27.09465980529785,29.174501419067383,136.8335723876953,135.19122314453125,,89.04000091552734,344.0982666015625,34.91542434692383,47.46699905395508,24.944074630737305,23.78675079345703,77.96240234375,13.875143051147461,14.920318603515625,77.27408599853516,155.88404846191406,68.4000015258789,158.86000061035156,32.88047790527344,11.350000381469727
2024-01-05,372.20001220703125,36.61539840698242,88.42052459716797,134.0102081298828,27.201141357421875,29.25214385986328,136.18927001953125,134.53701782226562,,89.20999908447266,348.8862609863281,35.21786117553711,47.40599822998047,25.140640258789062,23.97319793701172,78.68623352050781,14.028352737426758,15.198714256286621,77.0389404296875,156.91172790527344,67.63999938964844,158.2100067138672,33.573665618896484,11.199999809265137
2024-01-08,378.8699951171875,37.20240020751953,89.05280303955078,134.85020446777344,27.568984985351562,29.650066375732422,139.30181884765625,137.61968994140625,,90.22000122070312,355.5378112792969,36.37963104248047,48.50299835205078,25.34703254699707,24.179269790649414,80.8302230834961,14.066656112670898,15.068220138549805,78.45960235595703,156.95018005371094,68.98999786376953,158.5399932861328,33.49014663696289,11.399999618530273
2024-01-09,368.6099853515625,36.81957244873047,87.22407531738281,136.09532165527344,27.268901824951172,29.368610382080078,141.31405639648438,139.71116638183594,,91.44999694824219,354.3185729980469,37.48379135131836,48.20899963378906,24.934246063232422,23.796566009521484,80.98597717285156,13.626176834106445,14.986872673034668,78.62615966796875,156.7484588623047,68.44999694824219,159.22000122070312,33.15469741821289,11.029999732971191
2024-01-10,367.0,36.989723205566406,86.85443878173828,136.0063934326172,27.58834457397461,29.76653289794922,142.54322814941406,141.0294952392578,,89.5,367.2449951171875,37.234153747558594,47.83300018310547,24.88510513305664,23.737686157226562,80.83938598632812,13.520843505859375,14.916139602661133,78.89069366455078,156.8349151611328,68.4800033569336,159.2100067138672,33.18865966796875,10.970000267028809
2024-01-11,367.6199951171875,36.81106185913086,87.01007843017578,136.11509704589844,27.70450782775879,29.989755630493164,142.4143829345703,140.8312225341797,,91.27999877929688,366.4519958496094,36.139591217041016,49.222999572753906,24.934246063232422,23.767126083374023,81.68231964111328,12.783517837524414,14.350262641906738,79.94883728027344,155.75917053222656,68.08000183105469,161.5399932861328,32.186546325683594,10.539999961853027
2024-01-12,364.8999938964844,36.57286071777344,87.88553619384766,136.29295349121094,27.83034896850586,30.222686767578125,142.97940063476562,141.39617919921875,,90.66000366210938,371.23004150390625,35.40989685058594,49.215999603271484,24.904760360717773,23.78675079345703,81.32498168945312,12.764366149902344,14.571308135986328,75.55950164794922,156.11456298828125,66.95999908447266,161.67999267578125,32.74705123901367,10.649999618530273
2024-01-16,368.3399963378906,36.657936096191406,90.51187896728516,135.53204345703125,27.539945602416992,29.844179153442383,142.82080078125,141.2376251220703,,90.5999984741211,364.26116943359375,35.2082633972168,48.124000549316406,24.374034881591797,23.3059139251709,81.03178405761719,12.668608665466309,14.535943031311035,75.37334442138672,156.63323974609375,63.7599983215332,161.8800048828125,33.36700439453125,10.350000381469727
2024-01-17,359.239990234375,36.02839660644531,87.87580108642578,135.00830078125,27.472183227539062,29.737417221069336,141.6411895751953,140.2265625,,90.30999755859375,365.1632995605469,34.40174865722656,48.03300094604492,24.089017868041992,23.04096031188965,80.30797576904297,12.448368072509766,14.509414672851562,74.77568817138672,157.77618408203125,64.5,160.3800048828125,33.010318756103516,10.15999984741211
2024-01-18,364.54998779296875,36.190032958984375,89.69479370117188,136.40167236328125,27.66578483581543,29.960641860961914,143.72283935546875,142.2189178466797,,90.6500015258789,372.85577392578125,34.92021942138672,48.53099822998047,24.16764259338379,23.13909149169922,80.57367706298828,12.55370044708252,14.500572204589844,74.30538940429688,158.3716583251953,65.05000305175781,159.86000061035156,33.06976318359375,10.279999732971191
2024-01-19,371.1000061035156,36.87912368774414,90.52161407470703,136.09532165527344,27.81098747253418,30.115928649902344,146.67677307128906,145.09341430664062,,91.18000030517578,380.112060546875,34.62257766723633,48.29499816894531,24.58043098449707,23.580678939819336,80.51869201660156,12.83139419555664,14.739304542541504,75.98079681396484,158.6309814453125,66.8499984741211,163.10000610351562,33.400978088378906,10.350000381469727
2024-01-22,373.1499938964844,37.10881805419922,92.48651885986328,135.9470977783203,28.014270782470703,30.348861694335938,146.41905212402344,144.7068634033203,,89.02999877929688,378.4565734863281,34.77620315551758,48.57099914550781,24.767166137695312,23.796566009521484,81.34330749511719,13.166543960571289,14.85424518585205,75.84363555908203,157.8818359375,69.38999938964844,164.42999267578125,33.613285064697266,10.470000267028809
2024-01-23,378.6400146484375,37.38956069946289,91.21224212646484,137.5282440185547,28.246593475341797,30.591495513916016,147.38058471679688,145.74761962890625,,90.0199966430664,381.84674072265625,35.09304428100586,49.21900177001953,24.855619430541992,23.85544204711914,81.99384307861328,13.09951400756836,15.199076652526855,87.81636810302734,157.26715087890625,70.18000030517578,165.14999389648438,35.863800048828125,10.539999961853027
2024-01-24,371.3900146484375,37.26195526123047,90.94960021972656,136.23367309570312,28.13043212890625,30.48473358154297,149.03602600097656,147.39303588867188,,89.3499984741211,387.2989196777344,35.46750259399414,54.48699951171875,25.189777374267578,24.169458389282227,81.68231964111328,12.793091773986816,14.748146057128906,86.13117218017578,155.59591674804688,69.6500015258789,165.89999389648438,35.0570068359375,10.40999984741211
2024-01-25,369.07000732421875,38.51251983642578,92.27250671386719,137.30093383789062,28.759639739990234,31.18352699279785,152.29722595214844,150.53517150878906,,89.77999877929688,389.75732421875,36.53325653076172,56.20000076293945,25.238922119140625,24.2381534576416,83.35903930664062,13.367633819580078,15.190235137939453,85.73926544189453,156.13375854492188,69.12000274658203,168.5,35.91475296020508,10.579999923706055
2024-01-26,377.07000732421875,39.35474395751953,92.75887298583984,137.77528381347656,28.788679122924805,31.2708740234375,152.4459228515625,150.8523712158203,,89.29000091552734,390.7090148925781,36.44683837890625,57.04199981689453,25.307720184326172,24.277400970458984,83.27656555175781,13.214422225952148,15.287495613098145,84.78889465332031,155.7495574951172,68.01000213623047,167.38999938964844,36.0081672668457,10.619999885559082
2024-01-29,380.8299865722656,39.227134704589844,94.83076477050781,136.94517517089844,28.962923049926758,31.397043228149414,153.48675537109375,152.1607666015625,,89.11000061035156,397.529052734375,36.850101470947266,57.57899856567383,25.700847625732422,24.620859146118164,83.68885803222656,13.166543960571289,15.252128601074219,81.05598449707031,156.642822265625,71.51000213623047,168.02000427246094,35.7109260559082,10.489999771118164
2024-01-30,376.9800109863281,39.686527252197266,94.2957763671875,135.92735290527344,28.846759796142578,31.348514556884766,151.71241760253906,150.1287841796875,,88.83000183105469,396.5774230957031,36.226009368896484,56.28499984741211,25.34703254699707,24.336280822753906,83.72551727294922,13.09951400756836,15.4996976852417,83.28004455566406,155.30776977539062,69.27999877929688,166.94000244140625,36.06761169433594,10.100000381469727
2024-01-31,370.7099914550781,39.59294891357422,93.4300537109375,135.95700073242188,29.0500431060791,31.348514556884766,140.56072998046875,138.86862182617188,,88.8499984741211,386.7438049316406,36.850101470947266,56.4109992980957,25.130809783935547,24.179269790649414,82.80928039550781,13.970901489257812,15.641166687011719,81.99656677246094,154.85633850097656,68.43000030517578,164.92999267578125,35.96570587158203,10.020000457763672
2024-02-01,382.3399963378906,39.75458526611328,94.4124984741211,136.29295349121094,29.156524658203125,31.455276489257812,141.46278381347656,139.9193115234375,,89.38999938964844,391.3434143066406,36.725276947021484,56.750999450683594,25.25857925415039,24.306842803955078,82.28703308105469,14.05708122253418,15.950632095336914,83.82872009277344,156.07615661621094,67.20999908447266,166.3300018310547,36.08460235595703,10.460000038146973
2024-02-02,319.2099914550781,38.359397888183594,94.48059844970703,135.028076171875,28.614437103271484,30.86324691772461,142.28549194335938,141.12857055664062,,88.19999694824219,470.85516357421875,35.92836380004883,56.4640007019043,25.25857925415039,24.2381534576416,82.4244613647461,13.817688941955566,15.7649507522583,83.36822509765625,155.38458251953125,70.0,167.0,35.778873443603516,10.25
2024-02-05,303.6499938964844,38.1722297668457,94.01367950439453,133.34814453125,28.246593475341797,30.48473358154297,143.66334533691406,142.4171600341797,,87.41000366210938,455.4107360839844,34.0464973449707,56.20600128173828,24.747509002685547,23.698434829711914,81.36163330078125,13.425087928771973,15.676535606384277,83.81892395019531,155.6055145263672,67.5,164.00999450683594,35.14193344116211,10.069999694824219
2024-02-06,290.2799987792969,37.78941345214844,96.58167266845703,133.66433715820312,28.401473999023438,30.688549041748047,144.13916015625,142.83348083496094,,88.83999633789062,450.7615966796875,34.6033821105957,55.5880012512207,25.25857925415039,24.218524932861328,81.54489135742188,13.39635944366455,15.570432662963867,85.40614318847656,154.63543701171875,68.5999984741211,166.6699981689453,34.90414810180664,10.069999694824219
2024-02-07,283.6700134277344,36.4622688293457,96.4357681274414,135.13677978515625,26.562253952026367,28.601882934570312,145.39804077148438,144.26080322265625,,87.66000366210938,465.5021667480469,33.432003021240234,55.93000030517578,24.865446090698242,23.816190719604492,79.08937072753906,12.30473518371582,15.322863578796387,85.53350830078125,155.38458251953125,69.5999984741211,169.57000732421875,34.32666015625,9.75
2024-02-08,282.6000061035156,35.092594146728516,107.52481079101562,137.21202087402344,25.768482208251953,27.932209014892578,145.933349609375,144.6275634765625,,88.0,465.9085693359375,33.633644104003906,55.85300064086914,26.54607582092285,25.356836318969727,79.37339782714844,12.4579439163208,14.871931076049805,84.19122314453125,154.56820678710938,70.16999816894531,169.60000610351562,33.89353942871094,9.829999923706055
2024-02-09,291.1499938964844,35.79018783569336,105.4334487915039,138.9512176513672,26.571935653686523,28.89304542541504,148.90713500976562,147.6903839111328,,89.52999877929688,464.0350341796875,34.008087158203125,56.13199996948242,26.742639541625977,25.5530948638916,77.50428009033203,12.35261058807373,14.889610290527344,84.38717651367188,155.7783966064453,71.30999755859375,154.91000366210938,33.732181549072266,9.640000343322754
2024-02-12,297.9100036621094,36.24958801269531,106.30890655517578,135.92735290527344,27.114017486572266,29.54330825805664,147.43014526367188,146.2333221435547,,89.5,464.81817626953125,35.51551055908203,55.78499984741211,26.78195571899414,25.582534790039062,79.2084732055664,12.840970993041992,15.048766136169434,85.31796264648438,155.3654022216797,73.91000366210938,155.27000427246094,34.05489730834961,9.960000038146973
2024-02-13,292.6499938964844,35.60302734375,107.44699096679688,137.3602294921875,26.48480987548828,28.81540298461914,145.0907745361328,143.8643341064453,,87.75,456.1146240234375,34.20012283325195,55.45199966430664,26.48710823059082,25.278331756591797,78.00821685791016,12.448368072509766,14.942663192749023,85.72946166992188,155.09645080566406,72.94000244140625,153.49000549316406,34.08037567138672,9.539999961853027
2024-02-14,287.2799987792969,35.747650146484375,108.5169906616211,141.39208984375,26.8526554107666,29.358905792236328,145.8540496826172,144.6572723388672,,89.4000015258789,469.1600341796875,34.901023864746094,57.93299865722656,26.742639541625977,25.523656845092773,78.603759765625,12.630304336547852,14.951505661010742,85.78824615478516,155.03884887695312,74.30999755859375,155.72000122070312,34.09737014770508,9.729999542236328
2024-02-15,294.1400146484375,35.560489654541016,109.3827133178711,142.35064697265625,27.23986053466797,29.659772872924805,142.6820068359375,141.51515197753906,,93.83000183105469,479.81646728515625,36.149200439453125,59.34600067138672,27.19474220275879,26.004493713378906,79.73990631103516,12.055766105651855,15.110657691955566,85.23957824707031,155.1829071044922,75.70999908447266,156.9600067138672,34.471031188964844,10.140000343322754
2024-02-16,293.0,35.084083557128906,108.55590057373047,140.60153198242188,27.055938720703125,29.54330825805664,140.52105712890625,139.28492736816406,,93.25,469.1996765136719,36.091590881347656,58.39500045776367,26.939207077026367,25.74935531616211,80.17970275878906,11.490803718566895,15.004556655883789,83.89730072021484,154.0687713623047,88.93000030517578,153.3800048828125,34.386104583740234,9.829999923706055
2024-02-20,295.1300048828125,35.44138717651367,106.45481872558594,139.37615966796875,26.746171951293945,29.20362091064453,140.95721435546875,139.879638671875,,92.05000305175781,467.64337158203125,34.70899200439453,57.51300048828125,26.929378509521484,25.759170532226562,80.95850372314453,11.44292163848877,14.951505661010742,84.02467346191406,155.6439208984375,82.55999755859375,151.94000244140625,34.39459991455078,9.890000343322754
2024-02-21,287.29998779296875,35.60302734375,104.73308563232422,139.504638671875,26.58161163330078,29.0677433013916,142.5828857421875,141.2970733642578,,91.19999694824219,464.44805908203125,34.766597747802734,57.334999084472656,26.762298583984375,25.59234619140625,81.19670867919922,11.299288749694824,15.031083106994629,83.83851623535156,157.56488037109375,82.08000183105469,151.11000061035156,34.90414810180664,9.569999694824219
2024-02-22,297.0,35.65407180786133,104.70391082763672,141.826904296875,26.53321075439453,28.97068977355957,144.04994201660156,142.82354736328125,,93.48999786376953,482.40948486328125,34.68019104003906,58.84700012207031,27.155427932739258,26.014307022094727,80.91267395019531,11.213109016418457,14.66856861114502,84.40679168701172,157.08462524414062,83.5,152.44000244140625,34.58992385864258,9.5600004196167
2024-02-23,299.4200134277344,35.64556121826172,104.80118560791016,140.90785217285156,26.79457664489746,29.339494705200195,144.0202178955078,142.69473266601562,,95.31999969482422,480.3255310058594,35.390689849853516,58.35599899291992,27.106285095214844,25.935802459716797,81.17839050292969,10.73432445526123,14.85424518585205,84.07366180419922,157.8433837890625,81.44000244140625,151.00999450683594,34.53047561645508,8.609999656677246
2024-02-26,292.6400146484375,35.892276763916016,104.7428207397461,140.8979949951172,26.349288940429688,28.757169723510742,137.5373992919922,136.36087036132812,,92.16999816894531,478.05303955078125,35.16025161743164,58.76499938964844,27.047319412231445,25.86711311340332,81.62734985351562,10.619416236877441,14.677409172058105,82.7509765625,157.43038940429688,82.19000244140625,149.7100067138672,33.70670700073242,8.550000190734863
2024-02-27,290.0,35.96033477783203,106.43535614013672,138.03826904296875,26.24280548095703,28.698936462402344,138.87559509277344,137.65933227539062,,93.54000091552734,483.3224182128906,35.83235549926758,60.16699981689453,27.09645652770996,25.935802459716797,81.69148254394531,10.772626876831055,14.88077163696289,84.55374145507812,158.11233520507812,85.5999984741211,147.94000244140625,33.910526275634766,8.699999809265137
2024-02-28,288.3399963378906,35.858245849609375,107.77771759033203,138.61219787597656,26.097604751586914,28.572769165039062,136.22891235351562,135.18133544921875,,94.27999877929688,480.31561279296875,34.478553771972656,59.64799880981445,27.00800323486328,25.837671279907227,80.72028350830078,10.59068775177002,14.99571418762207,81.25194549560547,157.32476806640625,84.9000015258789,147.47999572753906,34.05489730834961,8.710000038146973
2024-02-29,293.92999267578125,36.45376205444336,108.53643798828125,138.0184783935547,26.50417137145996,28.912456512451172,138.55838012695312,137.24302673339844,,96.9800033569336,486.37884521484375,34.6033821105957,60.29199981689453,27.50924301147461,26.37738609313965,80.98597717285156,10.571537017822266,14.96919059753418,82.0357437133789,157.46939086914062,85.43000030517578,146.92999267578125,33.9869499206543,8.789999961853027
2024-03-01,293.1600036621094,36.41122055053711,108.89634704589844,139.31478881835938,26.126646041870117,28.553354263305664,136.8732147216797,135.9346466064453,,97.1500015258789,498.4557189941406,34.478553771972656,61.933998107910156,26.929378509521484,25.837671279907227,81.03178405761719,10.485355377197266,15.013398170471191,80.64447784423828,157.536865234375,83.88999938964844,150.33999633789062,34.139827728271484,8.670000076293945
2024-03-04,279.05999755859375,35.60302734375,110.58889770507812,137.35549926757812,25.720081329345703,28.184551239013672,133.0271453857422,132.1779327392578,,98.69999694824219,494.377197265625,33.66244125366211,61.58300018310547,26.5755615234375,25.44515037536621,81.7281265258789,9.862937927246094,14.85424518585205,80.0174331665039,157.50796508789062,83.44999694824219,146.3300018310547,34.233245849609375,8.109999656677246
2024-03-05,280.8500061035156,35.78168487548828,109.79125213623047,134.8520050048828,25.73963165283203,28.22372055053711,132.61080932617188,131.50392150878906,,98.19999694824219,486.4681701660156,33.201576232910156,59.849998474121094,26.457624435424805,25.386274337768555,81.599853515625,9.776758193969727,15.18139362335205,78.94950103759766,159.9765625,81.44999694824219,143.94000244140625,34.267215728759766,8.140000343322754
2024-03-06,276.3299865722656,35.858245849609375,107.05789947509766,134.0999755859375,25.319272994995117,27.83199691772461,131.40147399902344,130.2450714111328,,99.19000244140625,492.29327392578125,32.49106979370117,59.76900100708008,26.62470245361328,25.54327964782715,83.01084899902344,10.054452896118164,15.190235137939453,77.68559265136719,161.44229125976562,82.18000030517578,143.89999389648438,33.910526275634766,8.40999984741211
2024-03-07,282.0,35.50944900512695,107.17462158203125,133.9812469482422,25.524566650390625,28.067031860351562,134.0580596923828,133.19888305664062,,100.51000213623047,508.2699890136719,32.75031280517578,60.85100173950195,26.742639541625977,25.65122413635254,84.97160339355469,10.341720581054688,15.075289726257324,78.9788818359375,158.5204620361328,81.83000183105469,145.00999450683594,33.57082748413086,8.739999771118164
2024-03-08,283.7799987792969,36.22406005859375,107.31082153320312,133.73385620117188,25.729854583740234,28.262893676757812,135.09884643554688,134.21983337402344,,99.73999786376953,502.0777893066406,32.54867935180664,60.481998443603516,26.88023567199707,25.847484588623047,84.64848327636719,10.466205596923828,15.207917213439941,79.74309539794922,158.13475036621094,81.58999633789062,143.72999572753906,33.55384063720703,8.729999542236328
2024-03-11,298.25,37.0407600402832,109.24652862548828,135.29730224609375,26.61945343017578,29.31075668334961,137.72572326660156,136.45997619628906,,100.05999755859375,479.8888854980469,32.74070358276367,60.09299850463867,26.939207077026367,25.984865188598633,87.15959167480469,11.12692642211914,15.322863578796387,79.65492248535156,158.87722778320312,81.44999694824219,145.8699951171875,34.08037567138672,9.069999694824219
2024-03-12,294.70001220703125,36.74300765991211,109.39244079589844,134.5947265625,26.22842025756836,28.850479125976562,138.39974975585938,137.28268432617188,,101.9000015258789,495.9252624511719,32.20302963256836,61.108001708984375,26.899749755859375,25.935617446899414,87.56578826904297,11.098198890686035,15.207917213439941,79.63532257080078,157.83580017089844,80.43000030517578,144.52999877929688,34.08037567138672,8.859999656677246
2024-03-13,298.3999938964844,36.81957244873047,109.43135833740234,135.52490234375,26.482589721679688,29.16385841369629,139.5397186279297,138.5613250732422,,104.27999877929688,491.7772521972656,31.963001251220703,60.94499969482422,26.92934226989746,25.955318450927734,88.32282257080078,11.184380531311035,15.199076652526855,79.1356430053711,158.231201171875,80.16000366210938,144.88999938964844,34.19077682495117,8.850000381469727
2024-03-14,297.0,36.42824172973633,109.00334930419922,133.61509704589844,26.111112594604492,28.713375091552734,143.07850646972656,141.84225463867188,,103.41000366210938,488.0658264160156,31.99180030822754,61.30099868774414,26.663007736206055,25.69921112060547,85.51629638671875,10.828557968139648,15.039924621582031,78.0872802734375,157.04510498046875,77.52999877929688,143.77000427246094,33.77464294433594,8.529999732971191
2024-03-15,290.6499938964844,36.38569641113281,108.89634704589844,132.8630828857422,26.28707504272461,28.938617706298828,140.927490234375,139.9391326904297,,103.7699966430664,480.3949890136719,32.2126350402832,60.5880012512207,26.081018447875977,25.127899169921875,85.17471313476562,10.780473709106445,15.075289726257324,78.17546844482422,156.03256225585938,76.72000122070312,143.91000366210938,33.5368537902832,8.539999961853027
2024-03-18,296.17999267578125,36.6834602355957,110.74452209472656,131.09181213378906,26.394607543945312,29.095308303833008,147.1823272705078,146.38198852539062,,104.37999725341797,493.1764221191406,33.729652404785156,61.8390007019043,26.002103805541992,25.068798065185547,85.62705993652344,10.770855903625488,15.296335220336914,79.17483520507812,155.3961639404297,78.3499984741211,144.6199951171875,33.910526275634766,8.479999542236328
2024-03-19,298.5799865722656,36.57286071777344,111.38652038574219,131.5668182373047,26.492366790771484,29.1932373046875,146.62722778320312,145.7377166748047,,104.0199966430664,492.4421081542969,34.28653335571289,62.07400131225586,26.278303146362305,25.35445213317871,86.18099212646484,10.761240005493164,15.18139362335205,79.38058471679688,155.00079345703125,79.76000213623047,145.1999969482422,33.94449996948242,8.5
2024-03-20,295.29998779296875,36.66644287109375,113.2833251953125,130.93350219726562,26.961606979370117,29.59475326538086,148.371826171875,147.4326934814453,,104.41999816894531,501.65106201171875,34.5745735168457,62.76900100708008,26.445993423461914,25.52190589904785,87.0211181640625,12.03066349029541,15.216761589050293,85.60210418701172,155.4058074951172,83.47000122070312,148.42999267578125,34.07188034057617,8.739999771118164
2024-03-21,294.6099853515625,36.487789154052734,113.51677703857422,131.09181213378906,27.166898727416992,29.878755569458008,147.44007873535156,146.30270385742188,,106.66000366210938,503.8739318847656,34.267330169677734,62.270999908447266,26.850427627563477,25.817411422729492,87.06726837158203,11.36709976196289,15.172550201416016,84.67131805419922,155.1840057373047,85.05999755859375,152.1699981689453,34.42856216430664,8.720000267028809
2024-03-22,290.6000061035156,36.36017608642578,112.70943450927734,130.3199920654297,26.707435607910156,29.41848373413086,150.44358825683594,149.44483947753906,,105.98999786376953,505.6799621582031,34.3249397277832,62.80099868774414,26.436128616333008,25.512054443359375,86.75337982177734,10.818940162658691,15.013398170471191,84.87706756591797,154.8754119873047,85.05999755859375,152.4600067138672,34.2841911315918,8.4399995803833
2024-03-25,290.6000061035156,36.27510070800781,116.1042251586914,129.15237426757812,26.922502517700195,29.59475326538086,149.82899475097656,148.7510223388672,,106.0999984741211,499.1701965332031,33.93128204345703,62.74599838256836,26.534772872924805,25.64011001586914,86.199462890625,11.011276245117188,15.13718318939209,84.07366180419922,155.36721801757812,87.55000305175781,146.13999938964844,34.70881652832031,8.460000038146973
2024-03-26,287.8900146484375,36.13898849487305,116.65867614746094,129.52838134765625,27.32331085205078,29.947307586669922,150.3742218017578,149.34571838378906,,104.37999725341797,492.09478759765625,34.24812698364258,62.92399978637695,26.5249080657959,25.67951202392578,85.6547622680664,10.934341430664062,15.190235137939453,84.48516845703125,155.3479461669922,87.05000305175781,146.6699981689453,34.691829681396484,8.380000114440918
2024-03-27,293.510009765625,36.64091873168945,117.68004608154297,130.48822021484375,27.958736419677734,30.525100708007812,150.61212158203125,149.54397583007812,,106.80999755859375,490.080322265625,34.44976043701172,61.35300064086914,26.761648178100586,25.896217346191406,87.85199737548828,11.25169849395752,15.517380714416504,84.64191436767578,156.2254638671875,87.20999908447266,146.9199981689453,35.2778205871582,8.640000343322754
2024-03-28,290.6300048828125,36.87912368774414,119.02239227294922,131.27984619140625,27.978286743164062,30.623031616210938,150.92929077148438,149.6033935546875,,105.7699966430664,481.8636474609375,34.83380889892578,60.733001708984375,26.692598342895508,25.787864685058594,89.32911682128906,11.319015502929688,15.561593055725098,84.6615219116211,157.39224243164062,87.41999816894531,148.49000549316406,35.63449478149414,8.729999542236328
2024-04-01,284.1499938964844,35.96883773803711,118.21503448486328,131.94281005859375,27.948959350585938,30.701377868652344,155.13226318359375,154.12338256835938,,104.22000122070312,487.5895080566406,34.478553771972656,61.430999755859375,26.317760467529297,25.423404693603516,89.1629409790039,11.299782752990723,15.473173141479492,84.43616485595703,156.86187744140625,87.30999755859375,150.0,35.90625762939453,8.789999961853027
2024-04-02,278.0199890136719,35.83172607421875,119.46985626220703,130.76528930664062,27.782772064208984,30.387998580932617,154.50775146484375,153.2015380859375,,104.87999725341797,493.5634460449219,33.81606674194336,61.42100143432617,25.972511291503906,25.127899169921875,87.99047088623047,11.309398651123047,15.490859031677246,88.79612731933594,156.29293823242188,87.08999633789062,149.57000732421875,36.1270637512207,8.479999542236328
2024-04-03,275.69000244140625,35.59175109863281,115.73458862304688,131.1314239501953,28.066265106201172,30.760135650634766,155.00340270996094,153.55836486816406,,104.19999694824219,502.86175537109375,34.344139099121094,63.007999420166016,26.169795989990234,25.364301681518555,87.52886962890625,13.001962661743164,15.570432662963867,90.74586486816406,157.43081665039062,86.94000244140625,151.72999572753906,36.3818359375,8.729999542236328
2024-04-04,271.2300109863281,35.23180389404297,113.89613342285156,128.20242309570312,27.782772064208984,30.4957218170166,150.61212158203125,149.20692443847656,,102.41000366210938,507.009765625,32.375858306884766,61.7140007019043,26.021831512451172,25.167299270629883,85.98712921142578,11.896026611328125,15.535063743591309,89.93266296386719,155.8397216796875,84.55999755859375,149.58999633789062,36.05063247680664,8.4399995803833
2024-04-05,267.489990234375,35.05183792114258,115.15096282958984,128.92477416992188,27.812097549438477,30.378204345703125,152.59463500976562,151.1596221923828,,103.5199966430664,523.3040771484375,32.36625289916992,63.61800003051758,26.100746154785156,25.275650024414062,85.50706481933594,11.511353492736816,15.402438163757324,90.63809204101562,155.3575897216797,85.83000183105469,151.0399932861328,35.7703742980957,8.319999694824219
2024-04-08,273.04998779296875,34.889007568359375,114.14905548095703,128.63783264160156,27.98806381225586,30.564271926879883,154.77540588378906,153.48899841308594,,102.80000305175781,515.2760620117188,32.69270324707031,62.840999603271484,26.159931182861328,25.35445213317871,85.93172454833984,10.63621997833252,15.252128601074219,93.93010711669922,155.15505981445312,86.68000030517578,153.64999389648438,35.439170837402344,8.520000457763672
2024-04-09,271.4599914550781,34.40907287597656,114.75214385986328,129.32061767578125,28.154251098632812,30.701377868652344,156.75790405273438,155.22360229492188,,102.7300033569336,512.9440307617188,33.710445404052734,61.81999969482422,25.982376098632812,25.127899169921875,86.72570037841797,10.54966926574707,15.187423706054688,95.52711486816406,155.2515106201172,86.83999633789062,154.6999969482422,35.2449951171875,8.6899995803833
2024-04-10,262.8500061035156,34.04056167602539,113.99342346191406,127.94515991210938,27.733890533447266,30.231307983398438,156.28211975097656,154.7676544189453,,101.41999816894531,515.8515014648438,32.13582992553711,61.858001708984375,25.282014846801758,24.458084106445312,84.71310424804688,10.097678184509277,15.034650802612305,95.57610321044922,154.65362548828125,86.44000244140625,152.1199951171875,34.968841552734375,8.319999694824219
2024-04-11,266.5299987792969,34.400508880615234,113.95451354980469,127.826416015625,27.606807708740234,30.1039981842041,159.3847198486328,158.0089111328125,,102.73999786376953,519.156005859375,32.4622688293457,62.87799835205078,25.370792388916016,24.546735763549805,85.47013092041016,10.838173866271973,14.756064414978027,95.68387603759766,154.95260620117188,87.69999694824219,151.33999633789062,34.65815734863281,8.539999961853027
2024-04-12,260.5,33.74060821533203,110.90016174316406,126.5499267578125,27.039813995361328,29.46744728088379,157.7987518310547,156.3436737060547,,101.04000091552734,507.98223876953125,31.377315521240234,62.28300094604492,24.76907730102539,23.995126724243164,83.63294982910156,10.54005241394043,14.657211303710938,96.01699829101562,154.33543395996094,86.37000274658203,147.27000427246094,34.278438568115234,8.34000015258789
2024-04-15,256.8999938964844,33.79202651977539,109.86907196044922,125.71873474121094,27.293983459472656,29.722068786621094,154.9637451171875,153.49888610839844,,99.7699966430664,496.4015808105469,30.686010360717773,60.71500015258789,24.66057014465332,23.91632080078125,83.59603118896484,10.482352256774902,14.594305992126465,95.6250991821289,154.11366271972656,80.98999786376953,145.3000030517578,34.61500549316406,8.359999656677246
2024-04-16,257.57000732421875,33.5263557434082,110.77369689941406,125.2239761352539,27.32331085205078,29.77103042602539,154.63662719726562,153.04293823242188,,92.20999908447266,495.9351806640625,30.465181350708008,61.75199890136719,24.483013153076172,23.7390193939209,83.97454833984375,10.03036117553711,14.459505081176758,95.45853424072266,154.084716796875,82.12999725341797,145.4499969482422,34.32158660888672,8.140000343322754
2024-04-17,258.0299987792969,33.41495132446289,109.85934448242188,124.9864730834961,27.36241340637207,29.829790115356445,155.50894165039062,154.10354614257812,,91.81999969482422,490.3879699707031,30.993255615234375,61.36899948120117,24.611249923706055,23.78826904296875,85.35011291503906,10.39579963684082,14.486466407775879,94.37100982666016,154.37399291992188,80.12999725341797,143.16000366210938,34.33021545410156,8.229999542236328
2024-04-18,259.9100036621094,33.954864501953125,109.3632583618164,124.3135986328125,27.65568733215332,30.133378982543945,156.0838623046875,154.6387939453125,,89.63999938964844,497.9595642089844,30.935651779174805,61.055999755859375,24.473148345947266,23.670066833496094,84.47307586669922,10.54966926574707,14.67518424987793,93.85173034667969,155.1068878173828,80.80999755859375,140.63999938964844,34.632266998291016,8.3100004196167
2024-04-19,265.2099914550781,34.486209869384766,109.53834533691406,125.9364242553711,28.222681045532227,30.74054718017578,154.3590545654297,152.7356719970703,,89.95999908447266,477.3882141113281,30.897245407104492,55.50400161743164,24.443557739257812,23.660219192504883,85.50706481933594,11.96334457397461,14.836946487426758,93.5871810913086,156.5340118408203,77.30000305175781,140.60000610351562,34.94294738769531,8.399999618530273
2024-04-22,265.0799865722656,34.769020080566406,108.93525695800781,125.78800964355469,28.3204402923584,30.750341415405273,156.569580078125,154.9064178466797,,88.44999694824219,478.0431213378906,30.686010360717773,55.459999084472656,24.847990036010742,24.064075469970703,86.56873321533203,11.905643463134766,14.657211303710938,93.56758880615234,156.56295776367188,77.83999633789062,139.9600067138672,33.31187438964844,8.470000267028809
2024-04-23,266.30999755859375,34.58905029296875,110.60834503173828,125.80778503417969,28.525732040405273,31.053924560546875,158.5223388671875,156.86898803710938,,90.08999633789062,492.3031311035156,30.426776885986328,57.775001525878906,25.084732055664062,24.241378784179688,86.98417663574219,12.251849174499512,14.827957153320312,93.72434997558594,157.421142578125,81.06999969482422,141.72000122070312,34.26118087768555,8.4399995803833
2024-04-24,264.70001220703125,34.46050262451172,110.81261444091797,126.79731750488281,28.652816772460938,31.053924560546875,159.69204711914062,157.73138427734375,,89.6500015258789,489.7231140136719,30.666812896728516,55.512001037597656,24.986087799072266,24.192129135131836,88.60902404785156,12.194147109985352,15.10654354095459,93.94969177246094,158.31797790527344,83.79000091552734,142.8300018310547,34.0799446105957,8.380000114440918
2024-04-25,259.1000061035156,32.4550895690918,109.69397735595703,125.97600555419922,28.594160079956055,31.024547576904297,156.569580078125,154.62887573242188,,88.48999786376953,438.001953125,30.426776885986328,56.47999954223633,24.601383209228516,23.847370147705078,89.282958984375,11.71330738067627,14.89985179901123,94.25341033935547,158.192626953125,83.33999633789062,143.42999267578125,33.84693908691406,8.289999961853027
2024-04-26,254.61000061035156,33.054996490478516,109.65508270263672,126.55982971191406,28.164026260375977,30.564271926879883,172.17202758789062,170.4386749267578,,89.83000183105469,439.8973388671875,30.61880111694336,56.12300109863281,24.621112823486328,23.857219696044922,88.52593994140625,11.45365047454834,15.052624702453613,94.80209350585938,158.10581970214844,84.7300033569336,144.47000122070312,34.243919372558594,8.109999656677246
2024-04-29,259.760009765625,33.29496383666992,109.0228042602539,126.55982971191406,28.496402740478516,30.916824340820312,166.43260192871094,164.6896514892578,,90.54000091552734,429.3090515136719,30.27315330505371,55.94900131225586,24.650705337524414,23.817821502685547,88.52593994140625,11.780623435974121,15.295263290405273,94.53754425048828,158.38546752929688,84.5,144.27000427246094,34.59774398803711,8.149999618530273
2024-04-30,255.94000244140625,32.6607780456543,108.06953430175781,125.49114227294922,28.036941528320312,30.368410110473633,163.20111083984375,161.34927368164062,,88.91000366210938,426.8777770996094,29.591455459594727,55.06399917602539,24.206815719604492,23.443511962890625,85.71015930175781,10.953577041625977,15.178438186645508,92.75438690185547,158.30831909179688,82.8499984741211,142.80999755859375,34.0799446105957,7.360000133514404
2024-05-01,259.70001220703125,32.73789978027344,107.4664535522461,126.83687591552734,28.222681045532227,30.68178939819336,164.12298583984375,162.41976928710938,,89.27999877929688,435.8287658691406,29.93710708618164,55.17100143432617,24.206815719604492,23.482912063598633,86.45795440673828,11.790241241455078,15.205397605895996,93.77333068847656,159.56190490722656,85.41000366210938,142.74000549316406,33.829673767089844,7.619999885559082
2024-05-02,262.0,32.875022888183594,109.54808044433594,127.15353393554688,28.594160079956055,31.004962921142578,166.98773193359375,165.15553283691406,,88.2699966430664,438.2996520996094,30.042722702026367,56.51499938964844,24.443557739257812,23.64051628112793,85.51629638671875,13.328934669494629,15.115531921386719,93.4010238647461,159.0218963623047,88.12000274658203,143.07000732421875,33.59666442871094,7.949999809265137
2024-05-03,265.92999267578125,33.1578369140625,110.55970764160156,128.20242309570312,28.91676139831543,31.44565200805664,167.5131072998047,165.77008056640625,,94.66000366210938,448.5009765625,30.657207489013672,57.933998107910156,24.917037963867188,24.103473663330078,85.62705993652344,12.396100997924805,15.14249038696289,96.33052062988281,158.72296142578125,88.58999633789062,145.8800048828125,33.5621452331543,7.96999979019165
2024-05-06,271.4700012207031,32.9864387512207,113.29306030273438,129.1919708251953,29.34689712524414,31.886341094970703,168.34576416015625,166.6225128173828,,95.87999725341797,462.115966796875,30.95485496520996,59.696998596191406,25.02554702758789,24.192129135131836,86.03327178955078,12.780776023864746,15.268301963806152,96.51668548583984,156.57260131835938,91.36000061035156,148.33999633789062,33.941864013671875,7.960000038146973
2024-05-07,268.0,32.9864387512207,102.51527404785156,128.8753204345703,29.180709838867188,31.651308059692383,171.46820068359375,169.74484252929688,,96.33999633789062,464.6563720703125,30.253952026367188,60.599998474121094,24.90717315673828,24.05422592163086,87.42731475830078,12.396100997924805,15.3491849899292,96.80081939697266,156.39901733398438,89.63999938964844,148.3300018310547,33.92460632324219,7.769999980926514
2024-05-08,272.7799987792969,33.46636962890625,102.56391906738281,123.92769622802734,29.904117584228516,32.47393035888672,169.66412353515625,167.89129638671875,,95.79000091552734,468.98309326171875,28.631317138671875,60.946998596191406,24.591520309448242,23.778419494628906,87.76890563964844,12.328783988952637,15.376145362854004,96.28152465820312,157.01617431640625,86.0199966430664,145.97000122070312,34.07131576538086,7.800000190734863
2024-05-09,263.92999267578125,33.02928924560547,102.91410827636719,125.78800964355469,30.109407424926758,32.630615234375,170.08045959472656,168.4661865234375,,97.02999877929688,471.7814636230469,29.361021041870117,61.20899963378906,25.282014846801758,24.408832550048828,88.3412857055664,12.578821182250977,15.43904972076416,96.21294403076172,158.80010986328125,88.66999816894531,145.67999267578125,34.338844299316406,8.039999961853027
2024-05-10,275.54998779296875,33.689186096191406,102.90437316894531,125.80778503417969,30.24626922607422,32.718753814697266,168.8017120361328,167.1676788330078,,97.0199966430664,472.55548095703125,29.46664047241211,61.08700180053711,25.508892059326172,24.655086517333984,88.4613037109375,12.549971580505371,15.43006420135498,97.97653198242188,158.33724975585938,87.26000213623047,145.8800048828125,34.865272521972656,8.149999618530273
2024-05-13,274.6499938964844,34.0234260559082,102.94329071044922,125.25366973876953,30.050750732421875,32.49351501464844,169.40638732910156,167.6533966064453,,95.58999633789062,464.4281311035156,29.725873947143555,61.659000396728516,25.933055877685547,25.07864761352539,88.9044418334961,12.511505126953125,15.510942459106445,97.37887573242188,157.5176239013672,87.52999877929688,143.9499969482422,34.9860954284668,8.380000114440918
2024-05-14,278.1300048828125,34.0234260559082,102.47637176513672,125.2635498046875,30.265819549560547,32.62082290649414,170.42738342285156,168.8428497314453,,95.83000183105469,468.2387390136719,30.666812896728516,61.36600112915039,26.04155921936035,25.187000274658203,89.1629409790039,11.857559204101562,15.54688835144043,100.17120361328125,156.61117553710938,86.18000030517578,144.9600067138672,34.94294738769531,8.5600004196167
2024-05-15,271.7699890136719,33.63777542114258,99.96674346923828,126.28276062011719,29.923667907714844,32.2780647277832,172.3603515625,170.99375915527344,,96.4800033569336,477.8545837402344,30.10993003845215,61.35200119018555,26.426265716552734,25.6007080078125,90.16000366210938,12.078744888305664,15.57384967803955,102.9537353515625,156.8715362548828,90.25,148.0800018310547,34.94294738769531,8.199999809265137
2024-05-16,277.5400085449219,33.74060821533203,100.5503921508789,127.80662536621094,29.591291427612305,32.00386047363281,173.8968048095703,172.64907836914062,,96.37999725341797,469.60821533203125,30.10993003845215,61.051998138427734,26.751785278320312,25.906064987182617,89.22756958007812,12.155681610107422,15.54688835144043,102.58141326904297,157.73941040039062,93.19000244140625,146.0800018310547,34.73583221435547,8.229999542236328
2024-05-17,273.0199890136719,33.654911041259766,100.43365478515625,126.4113998413086,29.845460891723633,32.17034149169922,175.74053955078125,174.51254272460938,,96.58999633789062,468.29833984375,29.96590805053711,62.11000061035156,26.712329864501953,25.896217346191406,88.74749755859375,11.55943775177002,15.63675594329834,103.21827697753906,158.14439392089844,94.77999877929688,147.83999633789062,34.57185363769531,8.050000190734863
2024-05-20,274.8399963378906,33.60348129272461,100.09320831298828,126.95563507080078,29.89434051513672,32.30744552612305,176.9003143310547,175.36500549316406,,99.43000030517578,465.25177001953125,29.168994903564453,64.08200073242188,26.860292434692383,26.024269104003906,88.82135009765625,11.55943775177002,15.744597434997559,105.42274475097656,158.04795837402344,97.5,150.89999389648438,34.62363815307617,8.09000015258789
2024-05-21,275.1099853515625,33.60348129272461,100.20021057128906,127.49987030029297,29.718374252319336,32.1899299621582,177.9708709716797,176.28684997558594,,101.9800033569336,461.0740051269531,28.832948684692383,65.06099700927734,26.722192764282227,25.896217346191406,87.67657470703125,11.636371612548828,15.519928932189941,105.35416412353516,158.49154663085938,95.6500015258789,151.4199981689453,34.192134857177734,7.889999866485596
2024-05-22,271.0899963378906,33.32924270629883,100.20993041992188,133.72396850585938,29.884563446044922,32.3270263671875,176.44432067871094,174.82972717285156,,101.4000015258789,464.1999206542969,28.429689407348633,64.0469970703125,26.367080688476562,25.561309814453125,87.94430541992188,11.732539176940918,15.726624488830566,104.80550384521484,159.59085083007812,95.31999969482422,150.61000061035156,34.338844299316406,8.0600004196167
2024-05-23,268.4100036621094,33.149269104003906,97.914306640625,132.99171447753906,29.9627685546875,32.28785705566406,173.53001403808594,172.0246124267578,,93.4800033569336,462.2152404785156,28.30487060546875,63.56700134277344,26.327625274658203,25.492355346679688,86.98417663574219,11.338249206542969,15.699663162231445,103.60037231445312,159.07977294921875,92.51000213623047,152.3300018310547,34.028167724609375,7.699999809265137
2024-05-24,271.4599914550781,33.02928924560547,98.98429870605469,133.6448211669922,30.432008743286133,32.91461944580078,174.78895568847656,173.45196533203125,,95.98999786376953,474.5600280761719,28.228059768676758,64.67500305175781,27.14635467529297,26.339473724365234,87.80583190917969,11.501736640930176,15.726624488830566,105.31497192382812,160.07298278808594,94.75,154.60000610351562,34.295692443847656,7.730000019073486
2024-05-28,271.4200134277344,33.02928924560547,99.64575958251953,130.66635131835938,30.392906188964844,32.80689239501953,176.4641571044922,174.84954833984375,,94.88999938964844,476.24700927734375,28.1800537109375,64.9000015258789,27.11676025390625,26.231122970581055,86.0517349243164,11.549820899963379,15.519928932189941,106.41230773925781,161.33621215820312,95.08999633789062,156.7899932861328,33.96775817871094,7.869999885559082
2024-05-29,271.3500061035156,32.51508331298828,98.12830352783203,130.77536010742188,30.56886863708496,33.11048126220703,175.8495635986328,174.35394287109375,,94.0,470.72955322265625,28.36248016357422,65.46199798583984,27.0378475189209,26.231122970581055,84.12226104736328,11.25169849395752,15.385129928588867,106.62786102294922,162.85015869140625,95.44999694824219,159.67999267578125,33.743370056152344,7.659999847412109
2024-05-30,276.1099853515625,33.31210708618164,98.92594146728516,130.04202270507812,30.99900245666504,33.56096267700195,172.04312133789062,170.5972900390625,,93.31999969482422,463.4754638671875,28.76573371887207,64.76599884033203,27.304182052612305,26.51677894592285,83.75298309326172,11.36709976196289,15.83446216583252,105.58931732177734,164.6051788330078,93.70999908447266,159.77999877929688,34.80487060546875,8.079999923706055
2024-05-31,287.1199951171875,34.306243896484375,101.07565307617188,131.6771240234375,31.223846435546875,33.7176513671875,172.43966674804688,170.98385620117188,,93.73999786376953,463.2571716308594,29.40903091430664,64.16200256347656,27.501466751098633,26.782733917236328,85.8209457397461,11.45365047454834,16.373659133911133,106.86300659179688,169.3579559326172,92.77999877929688,160.36000061035156,35.512535095214844,8.239999771118164
2024-06-03,286.2200012207031,33.92058181762695,99.96674346923828,131.78611755371094,31.55622100830078,34.08979034423828,172.89564514160156,171.64794921875,,94.3499984741211,473.8355407714844,29.783483505249023,63.37900161743164,27.65929412841797,26.88123893737793,83.42060852050781,12.309549331665039,16.1849422454834,105.99100494384766,167.5381622314453,93.11000061035156,163.63999938964844,35.365814208984375,8.329999923706055
2024-06-04,280.6000061035156,33.9034423828125,100.511474609375,135.2643280029297,31.448686599731445,33.805789947509766,173.59942626953125,172.2624969482422,,93.5199966430664,473.33941650390625,29.841089248657227,63.1619987487793,27.383098602294922,26.822134017944336,84.2145767211914,11.771007537841797,16.490488052368164,105.40314483642578,172.21351623535156,94.4800033569336,165.9600067138672,35.86635971069336,8.239999771118164
2024-06-05,278.1000061035156,33.54349136352539,98.73139190673828,136.7111053466797,31.53666877746582,33.91351318359375,175.52247619628906,173.8682861328125,,93.5999984741211,491.2711181640625,30.186742782592773,65.0270004272461,28.113048553466797,27.472248077392578,84.29766845703125,11.617138862609863,16.445552825927734,105.10922241210938,174.49795532226562,97.41000366210938,167.42999267578125,35.68512725830078,8.300000190734863
2024-06-06,279.3599853515625,33.4835090637207,98.44930267333984,136.15618896484375,31.262948989868164,33.639305114746094,176.791259765625,175.17665100097656,,92.25,489.9810791015625,31.396514892578125,64.85199737548828,27.925626754760742,27.294944763183594,83.97454833984375,11.511353492736816,16.427581787109375,106.10858917236328,174.0139617919922,97.19000244140625,165.6699981689453,35.66787338256836,8.34000015258789
2024-06-07,276.8299865722656,33.38923263549805,98.77030944824219,135.58145141601562,31.057659149169922,33.40427780151367,174.4122772216797,172.9266357421875,,90.52999877929688,489.18719482421875,30.743619918823242,64.14700317382812,27.412691116333008,26.782733917236328,84.09455871582031,11.549820899963379,16.26582145690918,105.58931732177734,174.06234741210938,94.16999816894531,164.77000427246094,35.331295013427734,8.270000457763672
2024-06-10,276.07000732421875,33.2435417175293,99.93756866455078,134.9769744873047,30.695953369140625,32.99296569824219,175.2855682373047,173.67088317871094,,89.75,498.75347900390625,30.580398559570312,64.44999694824219,27.452146530151367,26.80243492126465,83.69450378417969,11.52096939086914,16.050142288208008,105.73627471923828,174.90451049804688,92.6500015258789,160.5399932861328,34.873905181884766,8.119999885559082
2024-06-11,276.8299865722656,32.84074401855469,98.11857604980469,135.45265197753906,30.402681350708008,32.650203704833984,176.8336944580078,175.26856994628906,,89.77999877929688,503.5861511230469,30.44597816467285,64.8550033569336,27.511329650878906,26.940340042114258,83.4061050415039,10.616987228393555,16.050142288208008,105.49132537841797,172.6878204345703,92.19000244140625,158.50999450683594,34.88253402709961,8.039999961853027
2024-06-12,275.05999755859375,32.420806884765625,98.05048370361328,134.40220642089844,30.441783905029297,32.728546142578125,178.1932373046875,176.42959594726562,,89.87999725341797,504.9456787109375,29.812288284301758,65.00599670410156,27.767799377441406,27.13734245300293,82.95952606201172,10.693922996520996,15.825474739074707,105.75586700439453,168.22543334960938,97.45999908447266,159.6699981689453,34.32158660888672,7.809999942779541
2024-06-13,274.1700134277344,32.20655059814453,97.35984802246094,134.64004516601562,30.27559471130371,32.640411376953125,175.39471435546875,173.81971740722656,,89.05999755859375,500.2419738769531,30.34516143798828,65.32599639892578,27.4028263092041,26.782733917236328,83.1642074584961,9.953425407409668,15.879396438598633,105.25618743896484,169.503173828125,95.62000274658203,157.72000122070312,34.33021545410156,7.289999961853027
2024-06-14,276.260009765625,32.086570739746094,97.24312591552734,134.74903869628906,30.24626922607422,32.49351501464844,177.01231384277344,175.43724060058594,,88.75,500.7981872558594,30.2923583984375,66.93800354003906,27.2943172454834,26.674381256103516,82.2524642944336,9.78032112121582,15.852434158325195,103.04190826416016,170.35499572753906,95.66000366210938,158.9600067138672,34.235286712646484,7.239999771118164
2024-06-17,285.95001220703125,31.975160598754883,98.75083923339844,136.2850341796875,30.334251403808594,32.74813461303711,177.41920471191406,175.88380432128906,,90.43000030517578,503.2517395019531,29.32261848449707,67.58300018310547,27.07730484008789,26.457677841186523,83.80614471435547,9.500057220458984,15.879396438598633,101.89558410644531,171.70046997070312,97.68000030517578,157.39999389648438,34.05405807495117,7.159999847412109
2024-06-18,277.6199951171875,31.623779296875,98.73139190673828,136.8795928955078,30.51021385192871,32.86565399169922,175.10690307617188,173.75027465820312,,91.94000244140625,496.1593322753906,29.255409240722656,68.56700134277344,27.27458953857422,26.605432510375977,84.81092071533203,9.287439346313477,16.220888137817383,102.40506744384766,171.92312622070312,99.25,155.3699951171875,34.58911895751953,6.989999771118164
2024-06-20,284.0,32.43794631958008,99.06211853027344,136.60211181640625,31.19451904296875,33.639305114746094,176.35733032226562,174.9510040283203,,92.27999877929688,498.35467529296875,29.082582473754883,67.90299987792969,27.136489868164062,26.49707794189453,83.49913024902344,9.722335815429688,16.274808883666992,103.23787689208984,170.7905731201172,97.27999877929688,154.97999572753906,34.727195739746094,7.039999961853027
2024-06-21,290.3500061035156,32.97786331176758,99.48039245605469,137.8011474609375,31.341157913208008,33.747032165527344,178.88795471191406,178.2555389404297,,92.95999908447266,491.4807434082031,29.77388572692871,68.61199951171875,27.826984405517578,26.447826385498047,84.16898345947266,9.80931568145752,16.535417556762695,104.72711944580078,171.07127380371094,97.70999908447266,158.22000122070312,34.727195739746094,7.179999828338623
2024-06-24,285.8500061035156,32.97786331176758,99.19830322265625,139.95152282714844,31.350933074951172,33.747032165527344,179.41387939453125,177.84864807128906,,89.37999725341797,495.5832214355469,29.572256088256836,66.9020004272461,27.925626754760742,27.097944259643555,84.41087341308594,9.944615364074707,16.760086059570312,104.60953521728516,172.25222778320312,95.76000213623047,159.7100067138672,35.529788970947266,7.309999942779541
2024-06-25,290.79998779296875,32.909305572509766,99.41229248046875,139.35694885253906,31.487791061401367,33.90372085571289,184.16744995117188,182.6218719482422,,89.83999633789062,507.1953125,29.034576416015625,67.24099731445312,28.3201961517334,27.45254898071289,83.545654296875,9.770657539367676,16.79603385925293,104.94265747070312,171.94247436523438,97.7300033569336,159.0399932861328,35.452117919921875,7.239999771118164
2024-06-26,291.5899963378906,32.755043029785156,99.3928451538086,139.29750061035156,31.38025665283203,33.707855224609375,183.95901489257812,182.47303771972656,,90.31999969482422,509.698486328125,29.111387252807617,67.76899719238281,28.330060958862305,27.45254898071289,82.51295471191406,9.635356903076172,16.858938217163086,105.47173309326172,170.66473388671875,97.70999908447266,157.5399932861328,35.40034103393555,7.25
2024-06-27,294.1099853515625,32.80646514892578,99.38311767578125,138.25701904296875,31.057659149169922,33.37489700317383,185.4376983642578,183.99131774902344,,90.80999755859375,516.095458984375,29.236204147338867,68.43399810791016,28.241283416748047,27.275245666503906,82.79206085205078,9.91562271118164,16.849952697753906,105.84403991699219,171.73919677734375,98.22000122070312,156.97999572753906,35.22773361206055,7.349999904632568
2024-06-28,298.9599914550781,33.56063461303711,96.58167266845703,138.0687255859375,31.302051544189453,33.65888977050781,182.02386474609375,180.75625610351562,,93.73999786376953,500.8578186035156,29.168994903564453,67.48799896240234,28.00454330444336,27.157041549682617,83.45260620117188,10.041259765625,17.173471450805664,105.80485534667969,170.53890991210938,97.66999816894531,155.49000549316406,35.5901985168457,7.440000057220459
2024-07-01,296.0199890136719,32.71219253540039,95.36577606201172,136.07688903808594,31.086984634399414,33.4140625,183.0857391357422,181.58982849121094,,94.7699966430664,501.31475830078125,28.17045021057129,67.36100006103516,27.767799377441406,26.88123893737793,81.58261108398438,9.799650192260742,17.056644439697266,105.39334106445312,173.34603881835938,97.97000122070312,154.2899932861328,36.021697998046875,7.099999904632568
2024-07-02,303.5,32.70362091064453,95.31713104248047,137.62278747558594,31.575773239135742,33.76661682128906,185.1895751953125,183.82260131835938,,96.69999694824219,506.1026306152344,28.27606773376465,67.95800018310547,28.034137725830078,27.216144561767578,82.87578582763672,10.360182762145996,16.912860870361328,107.921142578125,174.21722412109375,98.33999633789062,154.64999389648438,35.46937942504883,7.199999809265137
2024-07-03,301.25,32.876434326171875,95.92022705078125,137.41468811035156,31.71263313293457,34.06040954589844,185.96365356445312,184.39816284179688,,94.79000091552734,506.5595397949219,28.343278884887695,68.2509994506836,28.122913360595703,27.24569320678711,83.01534271240234,11.075345993041992,16.787044525146484,110.2431869506836,172.7458953857422,99.47000122070312,153.5,35.486637115478516,7.230000019073486
2024-07-05,301.7900085449219,32.71226119995117,95.31713104248047,137.0084228515625,31.438913345336914,33.825374603271484,190.4988555908203,189.14161682128906,,95.33999633789062,536.309814453125,28.247262954711914,69.06500244140625,27.945356369018555,27.068389892578125,82.70832824707031,11.41359806060791,16.8679256439209,108.53839874267578,173.50091552734375,99.9000015258789,151.74000549316406,35.616085052490234,7.210000038146973
2024-07-08,290.55999755859375,32.25432205200195,95.15100860595703,138.38583374023438,31.419361114501953,33.805789947509766,189.03013610839844,187.58358764648438,,94.47000122070312,525.7904663085938,28.996173858642578,68.5739974975586,27.71847915649414,26.841835021972656,83.36888885498047,10.804744720458984,16.903871536254883,109.91007995605469,173.4331817626953,99.08000183105469,152.0,35.8404655456543,7.110000133514404
2024-07-09,293.9100036621094,32.409854888916016,94.83831024169922,139.3074188232422,32.02545928955078,34.4619255065918,188.99044799804688,187.53396606445312,,95.12000274658203,526.4659423828125,29.7066707611084,68.5739974975586,28.17223358154297,27.304792404174805,84.2061996459961,11.142995834350586,16.89488410949707,108.5090103149414,173.31698608398438,101.5199966430664,149.36000061035156,35.64198303222656,7.340000152587891
2024-07-10,293.95001220703125,32.340728759765625,94.76012420654297,142.78562927246094,32.191646575927734,34.589237213134766,191.1935577392578,189.71713256835938,,94.43000030517578,531.124755859375,29.620258331298828,67.76499938964844,28.241283416748047,27.373748779296875,84.81092071533203,11.307289123535156,17.09373664855957,107.74478912353516,174.73997497558594,99.81999969482422,148.8300018310547,36.03229904174805,7.320000171661377
2024-07-11,304.1400146484375,32.617225646972656,94.39855194091797,143.9846649169922,32.50447082519531,34.90261459350586,185.8743438720703,184.1500701904297,,95.87999725341797,509.28131103515625,30.2923583984375,65.2750015258789,28.251148223876953,27.42300033569336,85.84361267089844,11.336282730102539,17.20319366455078,107.71539306640625,173.08468627929688,98.56999969482422,151.52000427246094,36.22527313232422,7.380000114440918
2024-07-12,311.0400085449219,33.08379364013672,94.9164810180664,144.36122131347656,32.60223388671875,34.99075698852539,185.35829162597656,183.65391540527344,,97.94000244140625,495.54345703125,30.993255615234375,64.76000213623047,27.98481559753418,27.324495315551758,86.80188751220703,11.171989440917969,17.1575870513916,108.81272888183594,173.79129028320312,99.4800033569336,153.35000610351562,36.339298248291016,7.400000095367432
2024-07-15,324.5899963378906,33.64542007446289,94.66240692138672,143.68740844726562,32.79774856567383,35.2453727722168,186.757568359375,185.1027069091797,,98.37999725341797,492.8515930175781,30.743619918823242,65.6449966430664,27.95522117614746,27.285097122192383,87.22053527832031,11.191316604614258,16.947790145874023,104.38419342041016,175.9305419921875,100.08999633789062,153.30999755859375,35.77793502807617,7.420000076293945
2024-07-16,327.4200134277344,34.22431564331055,96.22593688964844,145.34228515625,33.452728271484375,35.97006607055664,184.08802795410156,182.5126953125,,97.16999816894531,486.5240783691406,33.038352966308594,65.63200378417969,28.892324447631836,28.014009475708008,88.7091064453125,11.548897743225098,17.194072723388672,104.62914276123047,177.12115478515625,100.94999694824219,154.10000610351562,36.356834411621094,7.980000019073486
2024-07-17,330.29998779296875,35.07106399536133,95.09236907958984,145.66928100585938,34.06859588623047,36.6751708984375,181.22996520996094,179.63490295410156,,96.72000122070312,458.9093933105469,34.13290786743164,64.74600219726562,28.47802734375,27.57075309753418,85.14584350585938,11.471582412719727,17.47684097290039,102.69900512695312,177.68260192871094,95.23999786376953,149.8699951171875,36.86556625366211,8.319999694824219
2024-07-18,321.6300048828125,34.6822624206543,94.584228515625,145.19361877441406,33.833980560302734,36.3324089050293,177.85585021972656,176.3303680419922,,94.7300033569336,472.677001953125,33.59523010253906,64.30400085449219,28.28074073791504,27.3638973236084,85.67615509033203,11.239640235900879,17.46771812438965,103.52200317382812,176.45326232910156,95.72000122070312,150.3000030517578,36.90065383911133,8.520000457763672
2024-07-19,320.30999755859375,34.63041687011719,93.55815124511719,138.9308319091797,33.56025695800781,36.12675476074219,178.02455139160156,176.30062866210938,,95.0999984741211,473.61077880859375,33.287986755371094,63.33399963378906,27.80725860595703,26.960039138793945,84.66207885742188,11.133332252502441,17.440353393554688,102.22870635986328,176.220947265625,96.01000213623047,150.32000732421875,36.50594711303711,8.670000076293945
2024-07-22,312.9700012207031,34.15520095825195,91.9848403930664,141.9532470703125,33.65802001953125,36.273651123046875,181.9544219970703,180.27993774414062,,95.06999969482422,484.14996337890625,33.038352966308594,64.75,28.251148223876953,27.314645767211914,85.35983276367188,11.15265941619873,16.920425415039062,103.49260711669922,171.7585906982422,100.44000244140625,150.4499969482422,34.28681945800781,8.550000190734863
2024-07-23,320.0400085449219,33.27388000488281,88.8675537109375,140.70462036132812,33.775325775146484,36.30303192138672,182.20249938964844,180.39898681640625,,95.5999984741211,485.431396484375,32.98073959350586,64.2760009765625,28.66544532775879,27.67910385131836,85.84361267089844,11.345947265625,16.610292434692383,103.44363403320312,170.90672302246094,100.9000015258789,151.7100067138672,34.11139678955078,8.619999885559082
2024-07-24,312.6600036621094,32.91098403930664,87.75352478027344,139.9019775390625,33.69711685180664,36.32261657714844,173.04275512695312,171.30909729003906,,92.66999816894531,458.1942138671875,31.674955368041992,63.5989990234375,27.826984405517578,26.900936126708984,84.42948150634766,11.258967399597168,17.47684097290039,104.88388061523438,171.2261505126953,89.31999969482422,152.88999938964844,34.795555114746094,8.470000267028809
2024-07-25,315.2300109863281,33.040592193603516,87.17697143554688,140.516357421875,33.687339782714844,36.30303192138672,167.8724365234375,166.0000457763672,,92.22000122070312,450.3865966796875,31.924591064453125,63.409000396728516,27.629701614379883,26.743331909179688,86.84839630126953,11.075345993041992,17.50420570373535,105.52072143554688,169.53221130371094,90.87999725341797,150.3000030517578,35.04114532470703,7.989999771118164
2024-07-26,367.6199951171875,34.2934455871582,87.88056182861328,143.8657684326172,34.13703155517578,36.733924865722656,167.3960723876953,165.72218322753906,,93.63999938964844,462.5947265625,31.924591064453125,63.137001037597656,27.974950790405273,27.07823944091797,88.78353118896484,10.814408302307129,17.340017318725586,105.47173309326172,169.9097137451172,92.43000030517578,150.75,35.163944244384766,8.3100004196167
2024-07-29,377.3599853515625,35.148834228515625,90.04019927978516,146.5115966796875,34.400970458984375,37.00813293457031,169.8274383544922,168.23281860351562,,95.47000122070312,462.6046142578125,31.876585006713867,62.69599914550781,28.17223358154297,27.275245666503906,88.83004760742188,10.688772201538086,17.239681243896484,106.08898162841797,171.20680236816406,92.20999908447266,150.6999969482422,35.11132049560547,8.420000076293945
2024-07-30,383.07000732421875,35.26116180419922,91.652587890625,147.7700653076172,34.99729537963867,37.625099182128906,170.55186462402344,168.98699951171875,,94.62000274658203,460.1014709472656,32.3470458984375,62.257999420166016,27.974950790405273,27.009288787841797,91.10010528564453,10.862730026245117,17.312650680541992,107.51943969726562,169.7451629638672,89.83999633789062,150.0,35.120094299316406,8.779999732971191
2024-07-31,379.7200012207031,35.65861511230469,91.55487823486328,149.57363891601562,34.63559341430664,37.25296401977539,171.83204650878906,170.22743225097656,,96.19000244140625,471.66375732421875,36.619667053222656,62.834999084472656,28.103185653686523,27.166893005371094,91.21175384521484,11.036688804626465,17.558935165405273,107.13734436035156,176.44357299804688,89.87999725341797,150.52999877929688,35.541114807128906,8.649999618530273
2024-08-01,376.9700012207031,34.785945892333984,90.92945098876953,147.0565948486328,34.41075134277344,36.988548278808594,171.13735961914062,169.45338439941406,,92.9800033569336,494.4210205078125,36.0723876953125,62.48500061035156,27.609973907470703,26.76303482055664,88.2439193725586,10.737092018127441,17.759607315063477,107.19612121582031,181.08021545410156,87.75,145.9600067138672,35.83056640625,8.380000114440918
2024-08-02,373.1600036621094,34.474891662597656,87.52876281738281,147.48272705078125,34.09792709350586,36.53806686401367,167.11819458007812,165.384765625,,91.20999908447266,484.8850402832031,35.2082633972168,61.36399841308594,26.771514892578125,25.906064987182617,85.59242248535156,10.63078498840332,17.668392181396484,105.66767883300781,182.71607971191406,83.08000183105469,143.67999267578125,35.93581771850586,8.270000457763672
2024-08-05,363.5,33.852787017822266,85.77955627441406,144.18287658691406,33.27676010131836,35.60771942138672,159.41726684570312,158.03147888183594,,88.05999755859375,472.5577697753906,34.238521575927734,59.85499954223633,25.972511291503906,25.029394149780273,83.6293716430664,10.176560401916504,17.24880027770996,105.32478332519531,180.88661193847656,83.22000122070312,139.49000549316406,34.909584045410156,7.880000114440918
2024-08-06,356.7799987792969,33.62813949584961,87.91964721679688,144.41078186035156,35.3785514831543,38.00703430175781,159.31800842285156,157.07882690429688,,90.0,490.79541015625,34.257728576660156,60.957000732421875,26.54463768005371,25.669660568237305,85.00630950927734,10.099245071411133,17.50420570373535,106.83360290527344,183.78089904785156,84.79000091552734,140.11000061035156,35.31305694580078,7.570000171661377
2024-08-07,353.94000244140625,33.27388000488281,84.00102996826172,143.10275268554688,35.74026107788086,38.41834259033203,159.5264434814453,157.7238311767578,,90.08999633789062,485.6598815917969,33.55682373046875,61.14799880981445,26.613685607910156,25.649961471557617,84.31783294677734,10.108909606933594,17.558935165405273,107.28429412841797,184.48748779296875,84.91000366210938,135.6699981689453,35.33060073852539,7.710000038146973
2024-08-08,363.94000244140625,33.99966812133789,84.00102996826172,145.68910217285156,35.867340087890625,38.48689651489258,162.5928955078125,160.7902069091797,,91.72000122070312,506.2317810058594,33.48001480102539,63.03499984741211,27.383098602294922,26.378875732421875,87.0530776977539,9.867301940917969,17.695756912231445,114.55415344238281,187.41079711914062,88.2699966430664,138.77999877929688,35.541114807128906,7.019999980926514
2024-08-09,364.4100036621094,33.766380310058594,84.2453384399414,145.27291870117188,35.77935791015625,38.516273498535156,164.131103515625,162.41763305664062,,92.18000030517578,514.3174438476562,33.460811614990234,63.39400100708008,28.35965347290039,27.324495315551758,86.82048797607422,9.954280853271484,17.777849197387695,115.28899383544922,187.98191833496094,99.30000305175781,144.82000732421875,35.742855072021484,7.03000020980835
2024-08-12,350.760009765625,33.29116439819336,83.99126434326172,144.5891571044922,35.43721008300781,38.0266227722168,162.7020721435547,161.04820251464844,,91.5999984741211,512.5096435546875,32.423866271972656,63.31399917602539,27.71847915649414,26.703933715820312,87.52754974365234,9.973609924316406,17.723121643066406,117.57183837890625,188.70790100097656,97.04000091552734,147.2899932861328,35.54987716674805,6.710000038146973
2024-08-13,357.0,33.80094528198242,83.64923858642578,145.57017517089844,35.446983337402344,38.17351150512695,164.6669921875,162.90390014648438,,91.87000274658203,525.015625,33.182373046875,64.802001953125,28.13277816772461,27.12749481201172,87.83457946777344,9.944615364074707,17.805213928222656,116.29814910888672,189.0757598876953,98.31999969482422,144.8800048828125,35.769161224365234,7.059999942779541
2024-08-14,351.2200012207031,33.705902099609375,84.33329010009766,145.13418579101562,35.51541519165039,38.25185775756836,160.7966766357422,159.14288330078125,,93.48999786376953,523.24755859375,32.80791473388672,66.16799926757812,27.945356369018555,26.91078758239746,87.87178039550781,9.886630058288574,17.905550003051758,116.3275375366211,190.19859313964844,98.69000244140625,144.91000366210938,35.874420166015625,6.960000038146973
2024-08-15,352.010009765625,34.14655303955078,86.76653289794922,145.70892333984375,35.486087799072266,38.18330383300781,161.92800903320312,160.0657958984375,,94.43000030517578,533.7470092773438,34.219322204589844,66.3219985961914,28.13277816772461,27.166893005371094,89.4999008178711,10.592126846313477,17.412988662719727,114.74031066894531,188.39816284179688,100.5,146.3800048828125,35.120094299316406,7.239999771118164
2024-08-16,353.30999755859375,34.23295593261719,87.26492309570312,147.0169677734375,35.93577194213867,38.721927642822266,163.48606872558594,161.71310424804688,,95.18000030517578,523.9031982421875,33.787254333496094,67.40699768066406,28.063730239868164,26.989587783813477,89.85343933105469,10.63078498840332,17.641027450561523,114.42679595947266,190.26637268066406,101.43000030517578,149.94000244140625,35.620052337646484,7.409999847412109
2024-08-19,355.05999755859375,34.785945892333984,88.75028228759766,148.31512451171875,36.05308151245117,38.87862014770508,167.11819458007812,165.3946990966797,,96.52999877929688,525.750732421875,35.121856689453125,68.85299682617188,28.507617950439453,27.403297424316406,90.16046142578125,10.698434829711914,17.777849197387695,115.59271240234375,191.25369262695312,102.63999938964844,150.5,35.73408126831055,7.630000114440918
2024-08-20,347.32000732421875,34.58721160888672,87.69489288330078,147.70071411132812,36.31703186035156,39.24095916748047,167.6739501953125,165.90077209472656,,96.83999633789062,523.2176513671875,35.07384490966797,69.85399627685547,28.122913360595703,26.979738235473633,89.56503295898438,10.572798728942871,17.777849197387695,116.46471405029297,189.937255859375,102.13999938964844,154.80999755859375,35.83056640625,7.769999980926514
2024-08-21,345.19000244140625,34.50944900512695,88.6525650024414,148.39439392089844,36.72760772705078,39.57392883300781,166.3540496826172,164.5809783935547,,96.47000122070312,531.5914916992188,35.65953063964844,69.71199798583984,28.448434829711914,27.354047775268555,90.51399230957031,10.717764854431152,17.82345962524414,117.35629272460938,189.20159912109375,104.36000061035156,160.07000732421875,36.0059814453125,7.679999828338623
2024-08-22,340.32000732421875,34.051517486572266,87.87078857421875,145.79811096191406,37.07954025268555,39.926475524902344,164.23036193847656,162.5466766357422,,95.95999908447266,528.383056640625,34.968231201171875,68.89600372314453,28.507617950439453,27.42300033569336,90.5325927734375,10.804744720458984,17.79609489440918,115.37715911865234,190.1501922607422,103.16999816894531,158.6999969482422,35.84809875488281,7.5
2024-08-23,348.7300109863281,34.405765533447266,88.4961929321289,146.2836456298828,37.28483200073242,40.16151428222656,166.1555633544922,164.3527374267578,,96.77999877929688,524.4791870117188,35.83235549926758,68.6729965209961,28.803544998168945,27.718505859375,91.60248565673828,10.9787015914917,17.99676513671875,115.64168548583984,192.2216796875,105.0,159.38999938964844,36.146324157714844,8.050000190734863
2024-08-26,355.3699951171875,34.77730178833008,89.68839263916016,147.2151641845703,37.34348678588867,40.23006820678711,166.65174865722656,164.88861083984375,,96.13999938964844,517.6451416015625,35.88036346435547,68.84400177001953,28.70490264892578,27.60030174255371,91.97464752197266,10.949707984924316,18.02412986755371,114.86767578125,194.01243591308594,103.97000122070312,160.3800048828125,36.39192199707031,8.229999542236328
2024-08-27,360.7699890136719,34.76866149902344,88.82845306396484,147.8592987060547,37.2555046081543,40.190895080566406,165.1136016845703,163.419921875,,96.58999633789062,515.6385498046875,35.61152267456055,69.5719985961914,28.64571762084961,27.56089973449707,92.20722198486328,10.166897773742676,17.923795700073242,115.60250091552734,197.49717712402344,103.91999816894531,160.77999877929688,36.356834411621094,8.109999656677246
2024-08-28,355.79998779296875,34.50080871582031,87.4505844116211,148.15696716308594,37.41191864013672,40.3769645690918,163.24789428710938,161.6039276123047,,96.94999694824219,513.3341064453125,35.27547073364258,68.38400268554688,28.764087677001953,27.659404754638672,91.87230682373047,10.34085464477539,18.078861236572266,115.22039794921875,194.9610595703125,102.18000030517578,159.0,36.39192199707031,7.96999979019165
2024-08-29,351.5299987792969,34.0947151184082,87.76329803466797,149.0797119140625,37.3728141784668,40.220272064208984,162.15625,160.5421142578125,,96.7300033569336,514.7644653320312,35.70753479003906,69.24800109863281,28.547075271606445,27.432849884033203,91.76065826416016,10.108909606933594,18.02412986755371,114.35820770263672,193.6736602783203,103.51000213623047,160.5,36.18141174316406,7.730000019073486
2024-08-30,347.5400085449219,34.18975830078125,88.32030487060547,150.63748168945312,37.568328857421875,40.51406478881836,163.8532257080078,162.12986755371094,,97.66999816894531,517.8338623046875,35.72673797607422,70.13500213623047,29.03042221069336,27.90566062927246,93.435302734375,10.118574142456055,18.151832580566406,115.83765411376953,192.984130859375,104.52999877929688,161.7100067138672,36.64628982543945,7.840000152587891
2024-09-03,346.4200134277344,34.1292724609375,87.09879302978516,145.09100341796875,37.17729568481445,40.18109893798828,157.4027099609375,156.15594482421875,,95.33999633789062,508.3475036621094,35.371490478515625,67.53199768066406,27.600109100341797,26.566030502319336,92.41190338134766,10.0702543258667,18.635272979736328,115.65149688720703,194.74191284179688,100.97000122070312,155.89999389648438,37.65498733520508,7.360000133514404
2024-09-04,331.6400146484375,33.412132263183594,87.21605682373047,145.9344024658203,37.60065841674805,40.595130920410156,156.6088104248047,155.25289916992188,,95.26000213623047,509.3210754394531,34.997032165527344,67.96800231933594,27.84671401977539,26.733482360839844,91.87230682373047,10.108909606933594,18.76297378540039,115.5731201171875,193.06182861328125,101.3499984741211,158.0399932861328,36.38315200805664,7.320000171661377
2024-09-05,330.7799987792969,34.388484954833984,86.62973022460938,144.77349853515625,36.79331588745117,39.845924377441406,157.39279174804688,156.036865234375,,94.19999694824219,513.4135131835938,35.05463409423828,68.36199951171875,27.669157028198242,26.526630401611328,92.9515151977539,10.031595230102539,18.83594512939453,113.83892822265625,191.48858642578125,103.54000091552734,157.05999755859375,36.234039306640625,7.420000076293945
2024-09-06,327.42999267578125,34.22431564331055,85.9359130859375,142.88829040527344,36.783470153808594,39.737491607666016,150.9720458984375,149.7652130126953,,92.77999877929688,496.93414306640625,34.39215087890625,66.5770034790039,27.27458953857422,26.172021865844727,91.86299896240234,9.75132942199707,19.12783432006836,113.10409545898438,187.42922973632812,100.30999755859375,156.61000061035156,36.09370422363281,7.21999979019165
2024-09-09,324.8399963378906,34.31936264038086,86.32678985595703,143.1760711669922,36.51763916015625,39.49104309082031,148.5970916748047,147.76792907714844,,94.80000305175781,501.4240417480469,34.593772888183594,67.54199981689453,27.264724731445312,26.20157241821289,92.0118637084961,9.963946342468262,19.611278533935547,112.62400817871094,189.662841796875,99.31999969482422,156.32000732421875,37.479557037353516,7.300000190734863
2024-09-10,323.3900146484375,33.81821823120117,86.38542175292969,142.679931640625,36.28133773803711,39.32345199584961,149.06414794921875,147.71824645996094,,96.05999755859375,501.4240417480469,34.81460189819336,67.36199951171875,27.097030639648438,25.984865188598633,92.59796905517578,9.75132942199707,19.802825927734375,111.49728393554688,190.82821655273438,99.70999908447266,154.85000610351562,38.2865104675293,7.019999980926514
2024-09-11,327.4200134277344,33.42076873779297,86.3072509765625,142.58071899414062,35.86782455444336,38.840415954589844,151.19065856933594,150.20242309570312,,97.33000183105469,508.41705322265625,33.93128204345703,68.14700317382812,26.780223846435547,25.658573150634766,91.4443359375,9.645021438598633,19.56566619873047,111.38951873779297,192.80935668945312,101.61000061035156,152.33999633789062,38.4180793762207,6.940000057220459
2024-09-12,339.0299987792969,33.96510696411133,87.26492309570312,143.62254333496094,35.48384094238281,38.35737609863281,154.5592803955078,153.71006774902344,,97.2699966430664,522.09521484375,33.59523010253906,68.68000030517578,26.899028778076172,25.668458938598633,91.68624877929688,9.91562271118164,19.693370819091797,112.66321563720703,196.56761169433594,104.5,153.61000061035156,38.47071075439453,7.659999847412109
2024-09-13,340.1700134277344,34.1724739074707,88.48643493652344,144.6941375732422,36.21242141723633,39.09672164916992,157.37142944335938,156.4625244140625,,98.8499984741211,521.1217651367188,33.6240348815918,69.70600128173828,27.10693359375,25.846437454223633,93.00733184814453,10.215216636657715,19.738975524902344,113.0061264038086,196.97547912597656,106.05999755859375,152.17999267578125,38.97066879272461,8.489999771118164
2024-09-16,343.3699951171875,34.00831604003906,89.75680541992188,145.37876892089844,36.202579498291016,39.14601135253906,157.987548828125,157.0587158203125,,101.5199966430664,530.2294921875,33.77766036987305,69.6500015258789,27.077232360839844,25.7970027923584,94.04932403564453,10.11811637878418,20.31363296508789,114.88728332519531,199.90835571289062,105.37000274658203,152.4499969482422,39.47062683105469,8.5600004196167
2024-09-17,339.3500061035156,33.9391975402832,90.74378967285156,141.47935485839844,36.86223602294922,39.95436477661133,159.26939392089844,158.3107147216797,,102.91999816894531,533.2520751953125,34.507362365722656,70.69100189208984,27.37424087524414,26.044193267822266,94.6447525024414,10.137534141540527,19.866680145263672,118.58099365234375,196.8492431640625,105.83999633789062,152.7100067138672,38.66368103027344,8.449999809265137
2024-09-18,339.6400146484375,34.405765533447266,91.44738006591797,139.35601806640625,36.980384826660156,40.02336883544922,159.7960662841797,158.79762268066406,,102.80000305175781,534.8727416992188,34.81460189819336,69.0469970703125,27.502944946289062,26.152957916259766,95.46346282958984,10.254059791564941,19.821067810058594,119.97225952148438,191.0030059814453,108.0199966430664,153.3300018310547,38.488250732421875,8.420000076293945
2024-09-19,331.3399963378906,34.794578552246094,91.32034301757812,139.64378356933594,36.950843811035156,39.90507507324219,162.21072387695312,161.1128387451172,,104.31999969482422,555.9017333984375,35.371490478515625,70.43199920654297,27.601947784423828,26.2419490814209,96.66361999511719,10.156956672668457,19.48357582092285,121.98077392578125,193.87757873535156,110.13999938964844,153.66000366210938,38.54087448120117,8.399999618530273
2024-09-20,330.3999938964844,34.656333923339844,91.6135025024414,138.46304321289062,36.704708099365234,39.638912200927734,163.6018829345703,162.55368041992188,,103.63999938964844,558.1387939453125,34.85301208496094,70.10299682617188,27.403942108154297,26.044193267822266,95.82061767578125,10.069563865661621,19.64776039123535,119.47257995605469,193.683349609375,109.51000213623047,148.77999877929688,38.882957458496094,8.239999771118164
2024-09-23,331.6199951171875,35.19204330444336,90.85128021240234,139.97122192382812,37.23637390136719,40.52613067626953,162.0417938232422,160.82470703125,,104.66000366210938,561.1812744140625,35.30427551269531,70.53700256347656,27.552446365356445,26.192508697509766,95.8299789428711,10.07927417755127,19.60215187072754,119.53136444091797,196.61619567871094,108.52999877929688,149.72999572753906,38.82155990600586,8.15999984741211
2024-09-24,323.3599853515625,35.72772979736328,91.55487823486328,140.53677368164062,38.26032257080078,41.71894454956055,162.60821533203125,161.2619171142578,,107.43000030517578,560.1074829101562,35.83235549926758,72.22599792480469,27.819753646850586,26.410036087036133,95.2867202758789,10.244348526000977,19.693370819091797,119.42359161376953,195.62562561035156,110.79000091552734,150.89999389648438,39.17240524291992,8.319999694824219
2024-09-25,314.489990234375,35.07106399536133,91.77962493896484,140.3780059814453,37.846805572509766,41.38377380371094,161.96231079101562,160.4669952392578,,106.94999694824219,565.0589599609375,35.52511215209961,72.15599822998047,27.35443878173828,25.955204010009766,94.27513122558594,10.244348526000977,19.666006088256836,118.65937042236328,197.44161987304688,110.72000122070312,150.77000427246094,39.07592010498047,8.1899995803833
2024-09-26,317.010009765625,35.442604064941406,93.03046417236328,142.49143981933594,38.07325744628906,41.69922637939453,162.7969970703125,161.69911193847656,,108.1500015258789,564.5916748046875,35.688323974609375,71.14299774169922,27.47324562072754,26.083744049072266,96.46691131591797,10.351162910461426,19.74810028076172,121.19696044921875,197.3833770751953,109.36000061035156,151.69000244140625,39.1373176574707,8.300000190734863
2024-09-27,326.2200012207031,35.97830581665039,93.8219985961914,143.52333068847656,38.24063491821289,41.66965103149414,164.24778747558594,162.91139221191406,,108.73999786376953,564.114501953125,36.30282211303711,70.73500061035156,27.59204864501953,26.202396392822266,96.16718292236328,10.477395057678223,19.976133346557617,122.47066497802734,199.25765991210938,109.44999694824219,153.0500030517578,39.374141693115234,8.380000114440918
2024-09-30,324.0799865722656,36.09062957763672,93.9979019165039,142.32273864746094,38.20125198364258,41.72880172729492,166.13580322265625,164.79934692382812,,109.48999786376953,569.1654052734375,36.331626892089844,70.927001953125,27.67125129699707,26.330934524536133,96.84159088134766,10.3123197555542,20.067352294921875,121.20675659179688,200.4036102294922,109.6500015258789,153.7100067138672,39.39168930053711,8.25
2024-10-01,328.95001220703125,36.03014373779297,91.90667724609375,141.1420135498047,38.39816665649414,41.71894454956055,167.35806274414062,165.93214416503906,,110.61000061035156,573.1723022460938,36.03397750854492,70.61299896240234,27.4930477142334,26.113407135009766,96.18592071533203,10.292901039123535,20.185932159423828,119.78611755371094,200.151123046875,108.72000122070312,150.47999572753906,39.654823303222656,8.15999984741211
2024-10-02,329.239990234375,35.95180130004883,92.00439453125,142.08462524414062,38.07325744628906,41.39363098144531,166.2550506591797,164.80931091308594,,111.52999877929688,569.5332641601562,35.957176208496094,71.10900115966797,27.275238037109375,25.895877838134766,95.57707977294922,10.127823829650879,20.240659713745117,121.56927490234375,202.07395935058594,108.70999908447266,151.3699951171875,39.51448440551758,7.96999979019165
2024-10-03,322.3900146484375,35.52526092529297,91.49623107910156,139.59417724609375,37.89603805541992,41.304908752441406,166.15570068359375,164.80931091308594,,109.05999755859375,579.4363403320312,35.803550720214844,70.68000030517578,27.087133407592773,25.727787017822266,94.62168884277344,10.147245407104492,20.112958908081055,123.83252716064453,202.02540588378906,111.45999908447266,147.66000366210938,39.04961013793945,7.739999771118164
2024-10-04,326.32000732421875,35.85604476928711,92.98159790039062,141.58848571777344,37.94525909423828,41.2161865234375,167.49717712402344,166.00167846679688,,110.87000274658203,592.5309448242188,36.101192474365234,71.97000122070312,27.235637664794922,25.846437454223633,95.11812591552734,10.215218544006348,19.985260009765625,124.56735229492188,202.26820373535156,113.0,151.69000244140625,38.75138854980469,7.78000020980835
2024-10-07,324.57000732421875,35.30763244628906,90.28449249267578,141.7869415283203,37.74835205078125,41.02888107299805,163.35348510742188,161.9475555419922,,110.81999969482422,581.4347534179688,36.03397750854492,70.19200134277344,27.116832733154297,25.698123931884766,94.4718246459961,10.215218544006348,19.866680145263672,123.57779693603516,202.31675720214844,111.80000305175781,152.2100067138672,38.453163146972656,7.71999979019165
2024-10-08,327.29998779296875,35.647125244140625,90.40177154541016,142.213623046875,37.925567626953125,40.98945236206055,164.65521240234375,163.33868408203125,,111.58999633789062,589.4983520507812,36.21641159057617,72.1760025024414,26.928730010986328,25.619020462036133,95.05255889892578,10.195796966552734,19.93964958190918,124.43019104003906,205.07476806640625,114.52999877929688,152.94000244140625,38.60227966308594,7.71999979019165
2024-10-09,334.0199890136719,36.038856506347656,91.46692657470703,142.6204071044922,37.89603805541992,41.14718246459961,162.03184509277344,160.83462524414062,,112.55999755859375,587.1320190429688,35.390689849853516,72.74299621582031,27.403942108154297,25.984867095947266,96.27021789550781,10.244348526000977,20.003501892089844,124.7927017211914,205.9682159423828,115.56999969482422,153.86000061035156,38.68999099731445,7.730000019073486
2024-10-10,328.7799987792969,35.777706146240234,90.87081909179688,140.8642120361328,37.46282196044922,40.76271438598633,162.15109252929688,161.0532684326172,,112.69000244140625,580.490234375,35.09304428100586,73.02899932861328,26.760425567626953,25.391605377197266,95.27735137939453,10.040432929992676,19.604393005371094,124.32241821289062,205.3466796875,115.70999908447266,153.49000549316406,38.2606201171875,7.539999961853027
2024-10-11,326.04998779296875,35.9169807434082,91.9848403930664,142.1243133544922,37.413597106933594,40.80215072631836,163.482666015625,162.2058868408203,,114.80999755859375,586.5751953125,36.21641159057617,72.27899932861328,27.126733779907227,25.6387996673584,96.34515380859375,10.05014419555664,19.74297523498535,124.93966674804688,206.8907928466797,117.9000015258789,155.08999633789062,38.30516052246094,7.519999980926514
2024-10-14,331.79998779296875,36.535037994384766,92.80570220947266,143.04705810546875,37.6203498840332,40.95988082885742,165.30111694335938,163.91500854492188,,115.83999633789062,587.0424194335938,36.28361892700195,71.30000305175781,27.205936431884766,25.747562408447266,96.71981811523438,10.069563865661621,19.641347885131836,123.75415802001953,209.677978515625,117.97000122070312,155.42999267578125,38.47441101074219,7.539999961853027
2024-10-15,331.94000244140625,36.65690994262695,92.07279205322266,145.279541015625,37.86649703979492,41.235904693603516,165.84764099121094,164.41183471679688,,115.3499984741211,582.9163208007812,37.080535888671875,70.5979995727539,27.641550064086914,26.172731399536133,97.43167877197266,10.195796966552734,19.872314453125,122.82337951660156,210.76565551757812,117.68000030517578,156.0500030517578,38.96437072753906,7.599999904632568
2024-10-16,330.2200012207031,36.778778076171875,94.54513549804688,143.91029357910156,38.15201950073242,41.48235321044922,165.68865966796875,164.11375427246094,,114.41000366210938,573.490478515625,36.31721878051758,70.19999694824219,27.59204864501953,26.0738582611084,98.8085708618164,10.215218544006348,20.05708885192871,125.07683563232422,213.41683959960938,117.94000244140625,154.91000366210938,39.11579895019531,8.0
2024-10-17,327.5299987792969,36.761375427246094,94.33992004394531,143.0768280029297,38.467079162597656,41.96539306640625,163.47268676757812,161.89785766601562,,115.20999908447266,573.6296997070312,36.5140495300293,68.76499938964844,27.66135025024414,26.1430721282959,98.55567932128906,10.030721664428711,20.075565338134766,125.4393539428711,215.54359436035156,117.62999725341797,154.7899932861328,39.062355041503906,7.78000020980835
2024-10-18,325.6099853515625,36.50021743774414,95.06305694580078,143.22564697265625,38.368629455566406,41.86681365966797,164.00930786132812,162.384765625,,114.94000244140625,573.1723022460938,36.89810562133789,76.38899993896484,27.621747970581055,26.034305572509766,97.86253356933594,10.147245407104492,20.18642807006836,127.30089569091797,216.7672576904297,118.76000213623047,155.27000427246094,39.18706512451172,7.820000171661377
2024-10-21,315.4100036621094,35.28151321411133,94.41810607910156,144.57505798339844,37.925567626953125,41.45277404785156,164.75457763671875,163.0306396484375,,114.95999908447266,571.869873046875,36.341224670410156,77.20700073242188,27.65144920349121,26.034305572509766,97.04765319824219,10.01130199432373,20.010892868041992,126.2623519897461,216.3399658203125,118.20999908447266,156.8800048828125,38.92873001098633,7.550000190734863
2024-10-22,329.82000732421875,36.169429779052734,94.53536987304688,144.58499145507812,38.10279083251953,41.63022232055664,165.76815795898438,164.09384155273438,,115.68000030517578,578.6806030273438,36.25480651855469,76.42400360107422,27.572246551513672,25.816776275634766,94.63105773925781,9.972461700439453,19.86307716369629,125.89985656738281,212.6884765625,118.94000244140625,160.02000427246094,36.96892547607422,7.53000020980835
2024-10-23,332.2200012207031,36.169429779052734,94.04676055908203,143.731689453125,37.817264556884766,41.26547622680664,163.44290161132812,161.74880981445312,,114.7300033569336,560.4654541015625,36.11079406738281,74.92900085449219,27.37424087524414,25.589357376098633,94.34069061279297,10.01130199432373,20.777698516845703,123.45042419433594,214.57249450683594,117.16999816894531,161.00999450683594,38.180442810058594,7.329999923706055
2024-10-24,332.0199890136719,36.256473541259766,93.22589874267578,143.9003448486328,37.74835205078125,41.11760330200195,163.4925994873047,161.68919372558594,,116.44999694824219,564.5320434570312,35.918766021728516,75.45500183105469,27.423744201660156,25.658573150634766,94.09716796875,10.001592636108398,20.50977897644043,112.67300415039062,226.81851196289062,118.20999908447266,161.25999450683594,37.28962707519531,7.519999980926514
2024-10-25,336.0,36.26518630981445,92.86432647705078,144.06903076171875,37.7581901550293,41.11760330200195,165.9370880126953,164.22303771972656,,116.31999969482422,569.9707641601562,35.72673797607422,75.46800231933594,27.47324562072754,25.698123931884766,94.15335083007812,9.972461700439453,20.167951583862305,112.9179458618164,219.8263397216797,119.47000122070312,161.7899932861328,36.86203384399414,7.599999904632568
2024-10-28,329.6700134277344,36.421878814697266,94.0076675415039,143.05699157714844,38.08310317993164,41.41334533691406,167.278564453125,165.66384887695312,,118.43000030517578,574.8526000976562,35.5443115234375,74.91200256347656,27.958356857299805,26.212284088134766,96.00794982910156,10.127823829650879,20.4266300201416,113.89772033691406,221.23448181152344,118.9800033569336,160.75,37.075828552246094,7.610000133514404
2024-10-29,327.2699890136719,36.62208938598633,93.93927001953125,144.48577880859375,38.171714782714844,41.40349197387695,170.06089782714844,168.6051025390625,,118.80999755859375,589.8861694335938,35.46750259399414,75.94400024414062,28.85927963256836,27.023075103759766,95.25862121582031,10.166666984558105,20.491302490234375,113.5254135131836,219.52528381347656,121.62000274658203,162.27999877929688,36.81749725341797,7.550000190734863
2024-10-30,331.29998779296875,36.77007293701172,92.91320037841797,147.9783477783203,38.34893798828125,41.43305587768555,175.02938842773438,173.35479736328125,,117.19999694824219,588.4146118164062,35.419490814208984,75.3740005493164,28.85927963256836,26.973636627197266,95.85809326171875,10.351162910461426,20.343486785888672,114.35820770263672,216.3399658203125,121.9800033569336,162.88999938964844,36.772953033447266,7.769999980926514
2024-10-31,327.6099853515625,38.014896392822266,94.0076675415039,149.67503356933594,38.35877990722656,41.40349197387695,171.60113525390625,170.02603149414062,,117.13999938964844,564.3331909179688,34.593772888183594,75.60299682617188,28.75037956237793,26.943973541259766,94.60295867919922,10.623048782348633,20.823894500732422,114.40718841552734,216.7187042236328,120.20999908447266,161.72000122070312,37.53014373779297,8.130000114440918
2024-11-01,366.489990234375,37.91913986206055,93.6265640258789,150.08180236816406,38.289859771728516,41.285194396972656,171.56138610839844,170.20489501953125,,117.1500015258789,563.91552734375,34.267330169677734,75.61000061035156,28.789979934692383,27.013187408447266,94.67789459228516,10.661890029907227,20.435871124267578,116.66065216064453,216.83523559570312,119.19000244140625,163.77999877929688,36.84421920776367,8.229999542236328
2024-11-04,375.8299865722656,37.02252197265625,93.60701751708984,151.69912719726562,39.34334945678711,42.389286041259766,169.60382080078125,168.1678924560547,,117.20999908447266,557.4727783203125,34.785804748535156,75.5510025024414,28.997886657714844,27.112064361572266,95.4834213256836,10.55507755279541,20.2510986328125,115.77886199951172,217.77725219726562,118.2699966430664,162.92999267578125,36.57697677612305,8.170000076293945
2024-11-05,382.3800048828125,37.04863357543945,94.42786407470703,154.28880310058594,40.03254699707031,42.98076248168945,170.32920837402344,168.6647186279297,,117.62000274658203,569.1553955078125,35.46750259399414,76.39099884033203,29.49289894104004,27.537235260009766,96.64488220214844,10.768704414367676,20.371200561523438,116.48429870605469,220.5546875,119.94000244140625,164.02999877929688,36.75513458251953,8.210000038146973
2024-11-06,408.0199890136719,39.29453659057617,96.63636779785156,156.7296600341797,41.72600555419922,44.83406448364258,177.20556640625,175.3917999267578,,125.98999786376953,568.777587890625,36.370025634765625,78.02100372314453,30.671031951904297,28.6248836517334,98.40580749511719,11.050302505493164,20.620641708374023,117.78738403320312,225.48806762695312,124.80999755859375,166.6199951171875,36.666053771972656,8.380000114440918
2024-11-07,393.0400085449219,38.46755599975586,96.67545318603516,158.75376892089844,40.928504943847656,44.03556442260742,181.13067626953125,179.60496520996094,,124.5999984741211,588.315185546875,29.869895935058594,79.65399932861328,31.007638931274414,28.832521438598633,98.12480926513672,11.19595718383789,20.361961364746094,115.49473571777344,224.8082733154297,132.52999877929688,179.1699981689453,36.140472412109375,9.369999885559082
2024-11-08,393.7099914550781,38.223819732666016,96.7634048461914,156.68003845214844,40.918663024902344,43.9665641784668,178.72592163085938,177.22018432617188,,123.0,585.9686889648438,29.34181785583496,79.50399780273438,31.898664474487305,29.1884822845459,97.84381866455078,10.749282836914062,20.63912010192871,117.74819946289062,228.5180206298828,125.12999725341797,177.89999389648438,36.06029510498047,9.180000305175781
2024-11-11,396.0400085449219,38.47626495361328,98.56147766113281,158.1485137939453,41.844154357910156,45.1396598815918,180.82261657714844,179.20750427246094,,123.80000305175781,579.8339233398438,30.666812896728516,80.54399871826172,31.502653121948242,28.901737213134766,97.78760528564453,11.215376853942871,20.61140251159668,116.63126373291016,231.4411163330078,129.33999633789062,179.38999938964844,36.024662017822266,9.329999923706055
2024-11-12,392.0,38.336978912353516,98.68850708007812,161.6013946533203,42.97640609741211,46.23389434814453,182.1641387939453,180.4694366455078,,129.6699981689453,581.474609375,29.649063110351562,81.94999694824219,31.898664474487305,29.000614166259766,97.25372314453125,11.118273735046387,20.46358299255371,114.09365844726562,232.10147094726562,131.1999969482422,180.5500030517578,35.9890251159668,9.220000267028809
2024-11-13,406.2200012207031,38.223819732666016,100.37908172607422,161.45257568359375,42.78441619873047,46.06631088256836,179.35195922851562,177.74681091308594,,127.0199966430664,576.68212890625,29.514646530151367,83.0469970703125,31.373950958251953,28.5260066986084,96.79475402832031,10.836676597595215,20.60216522216797,115.41634368896484,233.92721557617188,127.25,181.8699951171875,36.64823532104492,9.720000267028809
2024-11-14,394.25,37.84950637817383,106.63324737548828,162.8416748046875,43.53761291503906,46.80565643310547,176.2317657470703,174.4677276611328,,129.19000244140625,573.8584594726562,30.013916015625,83.72599792480469,31.51255226135254,28.783084869384766,98.38706970214844,11.021171569824219,20.555971145629883,115.386962890625,230.88755798339844,125.87999725341797,181.47999572753906,36.40771484375,9.859999656677246
2024-11-15,389.57000732421875,37.32720184326172,112.45741271972656,160.10316467285156,42.20844268798828,44.99178695678711,172.7935791015625,171.3972930908203,,129.0,550.9104614257812,29.485841751098633,82.39600372314453,31.373950958251953,28.2985897064209,90.72517395019531,10.525947570800781,20.953235626220703,116.82721710205078,228.80934143066406,118.1500015258789,177.6199951171875,37.10255432128906,9.220000267028809
2024-11-18,385.0199890136719,37.43165969848633,110.95250701904297,162.7325439453125,42.09029769897461,44.7354850769043,175.68521118164062,174.1894989013672,,132.60000610351562,551.2286376953125,29.293813705444336,84.70500183105469,31.136343002319336,28.288700103759766,92.10206604003906,10.302608489990234,21.23963165283203,122.48046112060547,230.1883544921875,117.26000213623047,182.92999267578125,37.63703918457031,9.470000267028809
2024-11-19,384.8399963378906,36.83971405029297,109.8580322265625,164.8360137939453,42.54319763183594,45.110084533691406,178.4476776123047,176.9916229248047,,134.44000244140625,557.8803100585938,29.082582473754883,87.13200378417969,31.46305274963379,28.476566314697266,91.83043670654297,10.030721664428711,20.999425888061523,128.24147033691406,226.46888732910156,119.41999816894531,186.00999450683594,37.35198211669922,9.5
2024-11-20,389.1199951171875,37.42295455932617,111.65609741210938,165.4114990234375,42.70072555541992,45.05093765258789,176.21188354492188,174.86517333984375,,136.50999450683594,562.284912109375,29.197799682617188,88.38500213623047,31.373950958251953,28.822635650634766,92.80455780029297,10.273478507995605,21.091812133789062,130.10304260253906,228.67337036132812,123.9000015258789,185.5,37.610321044921875,9.949999809265137
2024-11-21,383.8399963378906,37.866905212402344,112.1056137084961,166.66168212890625,43.439151763916016,45.97758865356445,168.17286682128906,166.56808471679688,,138.57000732421875,559.8688354492188,30.244348526000977,89.74800109863281,31.789762496948242,29.208255767822266,95.4834213256836,10.768704414367676,21.230392456054688,134.12005615234375,229.75135803222656,127.3499984741211,186.5800018310547,37.859745025634766,10.229999542236328
2024-11-22,388.2699890136719,37.84079360961914,113.01441955566406,165.371826171875,43.68529510498047,46.184600830078125,165.5197296142578,163.7162628173828,,140.2899932861328,555.9414672851562,30.268354415893555,89.77899932861328,31.740259170532227,29.158817291259766,95.89556121826172,10.564787864685059,21.4151668548584,133.02273559570312,231.40225219726562,129.6999969482422,188.14999389648438,38.438785552978516,10.109999656677246
2024-11-25,384.4700012207031,37.60576248168945,113.35643768310547,162.8614959716797,43.03548049926758,45.425540924072266,168.36166381835938,166.58795166015625,,140.5399932861328,561.8773193359375,31.271697998046875,86.55899810791016,31.799659729003906,29.129154205322266,97.97494506835938,10.797834396362305,21.34125518798828,134.0220947265625,233.01437377929688,129.35000610351562,187.6199951171875,39.178157806396484,10.399999618530273
2024-11-26,390.2900085449219,37.11827850341797,112.81897735595703,163.73464965820312,43.133934020996094,45.49454879760742,169.54417419433594,168.0486297607422,,138.8699951171875,570.259033203125,31.358110427856445,87.26000213623047,31.69075584411621,28.951175689697266,98.00304412841797,10.331742286682129,21.33201789855957,134.502197265625,237.8506317138672,128.97999572753906,187.85000610351562,39.525577545166016,10.109999656677246
2024-11-27,389.80999755859375,37.04863357543945,114.91999053955078,162.01617431640625,43.67544937133789,46.046592712402344,169.742919921875,168.15794372558594,,139.72999572753906,565.9439086914062,31.214088439941406,87.73400115966797,31.403650283813477,28.723758697509766,97.74077606201172,10.457975387573242,21.498315811157227,135.41334533691406,239.95584106445312,128.14999389648438,185.55999755859375,39.534488677978516,10.380000114440918
2024-11-29,396.9700012207031,37.59705352783203,114.7929458618164,162.58238220214844,44.03974151611328,46.450767517089844,169.41500854492188,167.8797149658203,,138.25,571.0346069335938,31.43492317199707,88.68099975585938,31.769962310791016,29.020389556884766,98.18101501464844,10.53565788269043,21.396686553955078,135.1684112548828,240.6770782470703,128.5500030517578,188.3800048828125,39.49885177612305,10.479999542236328
2024-12-02,394.42999267578125,37.684104919433594,114.49000549316406,164.85714721679688,43.72467803955078,46.105743408203125,171.8892822265625,170.40365600585938,,137.75999450683594,589.4387817382812,31.876585006713867,89.77400207519531,31.91846466064453,29.1192684173584,98.3589859008789,10.661890029907227,20.971712112426758,132.2193145751953,238.61085510253906,135.16000366210938,187.9499969482422,39.062355041503906,10.5600004196167
2024-12-03,397.6099853515625,37.309791564941406,113.79618072509766,166.58558654785156,43.370235443115234,45.750850677490234,171.9290771484375,170.25457763671875,,137.35000610351562,610.1397094726562,31.540536880493164,90.21700286865234,32.46297836303711,29.524662017822266,97.22561645507812,10.603629112243652,21.93252944946289,134.2670135498047,238.6400909423828,139.16000366210938,188.05999755859375,39.04453659057617,10.550000190734863
2024-12-04,402.1199951171875,37.03993225097656,114.32388305664062,166.30746459960938,43.340694427490234,45.642417907714844,174.9796905517578,173.265380859375,,136.72999572753906,610.2688598632812,31.550138473510742,91.10600280761719,32.15607452392578,29.317020416259766,96.72918701171875,10.700732231140137,21.7385196685791,135.28599548339844,236.9149627685547,139.50999450683594,188.1999969482422,37.877567291259766,10.649999618530273
2024-12-05,404.1400146484375,37.24885177612305,113.84504699707031,164.51939392089844,43.5671501159668,45.98744583129883,173.21092224121094,171.54635620117188,,134.6699981689453,605.4466552734375,31.29090118408203,91.78700256347656,32.086769104003906,29.1884822845459,96.60741424560547,10.496816635131836,22.015682220458984,141.24295043945312,237.75315856933594,136.36000061035156,190.02999877929688,37.9042854309082,10.680000305175781
2024-12-06,403.05999755859375,37.562232971191406,114.06981658935547,165.9001922607422,43.95112609863281,46.33247375488281,175.37718200683594,173.60325622558594,,136.75999450683594,620.2018432617188,31.61734962463379,93.4739990234375,31.977863311767578,29.020389556884766,96.86968994140625,10.671602249145508,22.061870574951172,141.17437744140625,237.5972137451172,139.11000061035156,189.7100067138672,37.74393844604492,10.65999984741211
2024-12-09,365.9599914550781,33.993167877197266,111.99812316894531,164.5094757080078,43.07486343383789,45.57341003417969,176.18299865722656,174.45875549316406,,133.99000549316406,610.0601196289062,32.05901336669922,91.36900329589844,32.04716873168945,29.050050735473633,86.94104766845703,10.846386909484863,21.590700149536133,136.892822265625,223.05563354492188,134.77000427246094,187.89999389648438,37.73503875732422,10.5600004196167
2024-12-10,377.9599914550781,34.411014556884766,112.11538696289062,164.2015380859375,43.2520866394043,45.71141815185547,185.56414794921875,184.2078399658203,,134.36000061035156,615.7771606445312,31.73256492614746,91.33499908447266,31.86896324157715,28.733646392822266,86.6038589477539,10.875516891479492,21.720041275024414,138.14691162109375,227.57794189453125,132.66000366210938,185.36000061035156,37.68157958984375,10.890000343322754
2024-12-11,378.489990234375,34.56770324707031,111.99812316894531,162.83070373535156,43.08470916748047,45.415679931640625,195.69143676757812,194.38467407226562,,134.67999267578125,629.0608520507812,30.225147247314453,93.65599822998047,31.819461822509766,28.743534088134766,86.26665496826172,10.86580753326416,21.692325592041016,138.47023010253906,228.3966522216797,134.10000610351562,190.4600067138672,37.40543746948242,10.819999694824219
2024-12-12,388.45001220703125,35.02906799316406,112.2815170288086,161.5095672607422,44.26618957519531,46.66764450073242,192.6273956298828,190.96255493164062,,135.83999633789062,627.1815185546875,29.361021041870117,92.55500030517578,31.5323543548584,28.654544830322266,84.44954681396484,11.293060302734375,21.581462860107422,140.5277099609375,227.35379028320312,133.57000732421875,189.63999938964844,37.4856071472168,12.489999771118164
2024-12-13,379.7799987792969,34.7504997253418,110.75707244873047,156.5725555419922,44.0298957824707,46.41134262084961,190.3890380859375,188.8336639404297,,135.9499969482422,616.8013916015625,30.19634437561035,91.88700103759766,31.11654281616211,28.288700103759766,84.59940338134766,10.894937515258789,21.83090591430664,139.04830932617188,226.05751037597656,132.4199981689453,185.47999572753906,37.66376876831055,12.069999694824219
2024-12-16,378.9800109863281,33.8277702331543,110.04054260253906,155.36068725585938,43.96097183227539,46.391624450683594,197.1339569091797,195.6381378173828,,137.8300018310547,621.1696166992188,31.070068359375,92.10800170898438,31.03734016418457,28.328248977661133,85.13329315185547,10.709616661071777,21.101051330566406,144.074462890625,223.650146484375,132.64999389648438,187.17999267578125,36.416622161865234,11.600000381469727
2024-12-17,371.0299987792969,33.775543212890625,110.93373107910156,153.76136779785156,45.752891540527344,48.37307357788086,196.09930419921875,194.4045867919922,,137.86000061035156,616.393310546875,30.321163177490234,91.91300201416016,30.799734115600586,27.932743072509766,83.33489990234375,10.543804168701172,21.091812133789062,144.2704315185547,215.11233520507812,135.02000427246094,185.92999267578125,36.327537536621094,11.350000381469727
2024-12-18,358.260009765625,32.95726776123047,109.29456329345703,148.9237518310547,45.81195831298828,48.727962493896484,189.1654052734375,187.4210662841797,,132.58999633789062,594.2527465820312,29.841089248657227,88.95500183105469,30.30472183227539,27.369144439697266,82.19216918945312,10.417004585266113,20.76845932006836,139.2638397216797,215.09283447265625,127.93000030517578,181.89999389648438,35.84649658203125,10.630000114440918
2024-12-19,352.7699890136719,32.55683517456055,109.314208984375,146.9072265625,45.2606086730957,48.14634323120117,188.71775817871094,187.53048706054688,,132.19000244140625,592.6407470703125,30.37877082824707,90.2040023803711,30.15621566772461,27.299930572509766,82.32330322265625,10.319465637207031,20.851608276367188,140.88046264648438,212.47103881835938,126.2300033569336,181.3800048828125,35.605979919433594,10.489999771118164
2024-12-20,351.5,33.270652770996094,109.9620132446289,146.81784057617188,45.93011474609375,48.8265380859375,191.96087646484375,190.4154052734375,,133.27999877929688,582.3714599609375,32.41426467895508,90.90499877929688,30.393823623657227,27.547122955322266,83.90008544921875,10.39749813079834,21.017906188964844,140.63551330566406,214.7224578857422,125.01000213623047,181.97000122070312,35.57034683227539,10.6899995803833
2024-12-23,349.4700012207031,33.06172561645508,109.34364318847656,146.32115173339844,45.89073181152344,48.747676849365234,194.97518920898438,193.6186981201172,,132.5,596.899658203125,31.550138473510742,91.1449966430664,30.710634231567383,27.734987258911133,81.86064910888672,10.095130920410156,21.101051330566406,138.88174438476562,216.03822326660156,121.66999816894531,183.22000122070312,35.579254150390625,10.4399995803833
2024-12-24,352.19000244140625,33.42734146118164,110.48223114013672,148.18865966796875,46.42239761352539,49.28001022338867,196.54701232910156,195.0910186767578,,133.32000732421875,604.7608642578125,31.895788192749023,93.21199798583984,30.987838745117188,27.932743072509766,81.56795501708984,10.163405418395996,21.20267677307129,141.92880249023438,217.35397338867188,123.95999908447266,185.38999938964844,35.45454406738281,10.550000190734863
2024-12-26,351.7799987792969,33.29676055908203,110.47241973876953,148.0793914794922,46.19594192504883,49.122283935546875,196.07943725585938,194.5836639404297,,133.35000610351562,600.3823852539062,32.09741973876953,92.41400146484375,30.78983497619629,27.833866119384766,82.54991149902344,10.182914733886719,21.211915969848633,141.8112335205078,218.00698852539062,123.45999908447266,187.16000366210938,35.59707260131836,10.619999885559082
2024-12-27,348.6499938964844,33.01820755004883,109.49088287353516,147.1356964111328,45.910423278808594,48.767391204833984,193.0352783203125,191.75839233398438,,131.85000610351562,596.85986328125,31.847782135009766,90.75499725341797,30.473026275634766,27.477909088134766,81.6623764038086,10.143898010253906,21.119531631469727,141.10580444335938,217.3637237548828,121.38999938964844,186.42999267578125,35.56143569946289,10.609999656677246
2024-12-30,343.17999267578125,32.54813766479492,108.75472259521484,145.56619262695312,45.36891174316406,48.14634323120117,191.6922607421875,190.24630737304688,,131.00999450683594,588.3319702148438,31.49252700805664,90.04299926757812,30.02751350402832,27.171390533447266,81.02977752685547,10.08537769317627,20.88856315612793,140.46896362304688,215.06358337402344,120.16999816894531,184.5399932861328,35.27637481689453,10.510000228881836
2024-12-31,342.7699890136719,32.66999816894531,109.29456329345703,145.32781982421875,45.034156799316406,47.89003372192383,189.4539031982422,188.31637573242188,,129.5,582.6301879882812,31.406116485595703,89.13200378417969,30.126516342163086,27.230716705322266,81.23749542236328,10.202422142028809,21.0363826751709,139.2344512939453,215.13180541992188,117.52999877929688,184.0800018310547,35.62379837036133,10.569999694824219
2025-01-02,349.3500061035156,32.57424545288086,108.77434539794922,144.930419921875,45.52643966674805,48.294212341308594,189.6429443359375,188.44570922851562,,129.22999572753906,596.292724609375,31.310104370117188,88.6729965209961,30.067115783691406,27.151613235473633,81.61516571044922,10.319465637207031,21.091812133789062,139.84190368652344,213.96224975585938,117.7300033569336,183.07000732421875,35.81977462768555,10.65999984741211
2025-01-03,358.3500061035156,32.79187774658203,109.10807800292969,145.31785583496094,45.99903106689453,48.61952209472656,192.12997436523438,190.79344177246094,,129.49000549316406,601.6561279296875,31.377315521240234,88.1050033569336,30.195817947387695,27.240604400634766,81.09587097167969,10.40725040435791,20.943994522094727,139.51856994628906,213.5529022216797,121.83999633789062,188.75,35.86431884765625,10.569999694824219
2025-01-06,349.54998779296875,32.63518524169922,109.00010681152344,144.2847900390625,46.3436279296875,48.92512130737305,196.93496704101562,195.8470458984375,,129.27000427246094,627.100341796875,32.23683166503906,88.17900085449219,29.968111038208008,27.131839752197266,80.34996032714844,10.660848617553711,20.87932586669922,138.76417541503906,206.99359130859375,126.58000183105469,188.97999572753906,35.28528594970703,10.829999923706055
2025-01-07,347.6300048828125,32.36532211303711,109.33383178710938,143.70860290527344,46.087642669677734,48.530799865722656,195.69143676757812,194.47421264648438,,129.63999938964844,614.8509521484375,31.29039764404297,87.91899871826172,30.15621566772461,27.290042877197266,79.90618896484375,10.621832847595215,20.50977897644043,138.94053649902344,206.95458984375,121.41000366210938,181.75,34.67061996459961,10.510000228881836
2025-01-08,349.32000732421875,32.62867736816406,107.73392486572266,143.24172973632812,45.89073181152344,48.274497985839844,194.37828063964844,192.9422149658203,,130.30999755859375,607.7161865234375,30.768888473510742,87.5,30.116615295410156,27.161502838134766,79.44354248046875,10.377988815307617,20.491302490234375,139.4597930908203,210.05393981933594,121.5199966430664,183.74000549316406,34.68843460083008,10.0600004196167
2025-01-10,334.8900146484375,31.91763687133789,106.6444091796875,139.91403198242188,45.15230178833008,47.50557327270508,192.16978454589844,191.04212951660156,,128.50999450683594,612.8308715820312,29.754846572875977,83.76899719238281,29.591901779174805,26.677005767822266,77.48908996582031,10.221928596496582,20.292957305908203,137.343505859375,205.94097900390625,118.80000305175781,178.61000061035156,34.27865219116211,9.699999809265137
2025-01-13,337.8399963378906,31.996641159057617,106.08493041992188,141.0166473388672,45.2310676574707,47.50557327270508,191.29432678222656,190.0175018310547,,130.61000061035156,605.3380126953125,30.10251808166504,84.02899932861328,29.94831085205078,27.131839752197266,78.51824188232422,10.456019401550293,20.171329498291016,139.49899291992188,208.04620361328125,117.88999938964844,178.75999450683594,34.559696197509766,9.84000015258789
2025-01-14,346.2900085449219,31.935195922851562,106.12419891357422,140.80804443359375,45.821807861328125,48.126625061035156,190.0607452392578,188.67453002929688,,131.27999877929688,591.3272094726562,30.604713439941406,82.83999633789062,30.10671615600586,27.240604400634766,80.02894592285156,10.40725040435791,20.3958683013916,140.21420288085938,208.74790954589844,116.76000213623047,180.02999877929688,34.70475769042969,9.729999542236328
2025-01-15,348.0,32.040531158447266,106.18309020996094,141.1855010986328,45.46736145019531,47.85060501098633,195.9600372314453,194.53390502929688,,133.3699951171875,614.084716796875,30.971694946289062,84.82599639892578,30.185916900634766,27.250492095947266,80.72763061523438,10.182914733886719,20.4987850189209,140.99801635742188,208.76742553710938,119.68000030517578,181.32000732421875,34.61409378051758,9.789999961853027
2025-01-16,346.67999267578125,31.87374496459961,104.49483489990234,140.46035766601562,45.2310676574707,47.63372802734375,193.40335083007812,191.9076385498047,,133.55999755859375,608.2933349609375,31.59943962097168,84.23699951171875,30.09681510925293,27.191164016723633,81.04865264892578,9.909809112548828,20.601701736450195,138.9307098388672,210.27810668945312,120.83999633789062,183.3699951171875,34.7591552734375,9.470000267028809
2025-01-17,351.3699951171875,32.110755920410156,105.04449462890625,141.05638122558594,44.955387115478516,47.318275451660156,196.52711486816406,194.9815673828125,,135.61000061035156,609.756103515625,31.61875343322754,85.80999755859375,30.09681510925293,27.1219539642334,80.61433410644531,10.01710033416748,20.854310989379883,139.3226318359375,213.41644287109375,124.41999816894531,186.41000366210938,35.15805435180664,9.520000457763672
2025-01-21,350.55999755859375,32.45310974121094,106.6934814453125,142.32785034179688,44.935699462890625,47.21969223022461,198.59634399414062,197.0209197998047,,138.91000366210938,613.427978515625,31.61875343322754,86.96800231933594,30.63142967224121,27.547122955322266,81.75679016113281,10.221928596496582,21.04142951965332,141.60546875,213.9232635498047,124.5,185.13999938964844,35.375640869140625,9.770000457763672
2025-01-22,352.79998779296875,32.57600402832031,106.80146026611328,141.40408325195312,45.07353591918945,47.45627975463867,198.99424743652344,197.33926391601562,,138.5399932861328,620.4334106445312,31.464229583740234,95.39900207519531,30.809635162353516,27.507570266723633,81.32247161865234,10.251190185546875,20.88237953186035,140.03782653808594,212.64646911621094,120.69000244140625,187.99000549316406,35.31218338012695,10.050000190734863
2025-01-23,359.9599914550781,32.89201736450195,108.99029541015625,117.79199981689453,45.31967544555664,47.87031936645508,198.54660034179688,196.95127868652344,,139.17999267578125,633.3197021484375,32.12093734741211,98.48600006103516,31.017539978027344,27.5570125579834,81.34136199951172,10.602324485778809,21.07884979248047,148.89492797851562,210.5607452392578,119.13999938964844,183.82000732421875,35.52069854736328,10.279999732971191
2025-01-24,367.5799865722656,33.02368927001953,110.0896224975586,115.7854232788086,45.83164978027344,48.37307357788086,200.8545684814453,199.16970825195312,,140.74000549316406,644.3053588867188,32.89354705810547,97.75900268554688,31.265047073364258,27.764652252197266,81.72846984863281,10.797399520874023,21.25661277770996,149.98248291015625,213.026611328125,119.95999908447266,185.49000549316406,35.84708023071289,10.25
2025-01-27,367.489990234375,33.559165954589844,111.24784088134766,117.12645721435547,46.963905334472656,49.43773651123047,192.7666778564453,190.81333923339844,,140.1300048828125,656.6343383789062,33.79169845581055,97.18900299072266,31.46305274963379,28.120609283447266,83.40910339355469,10.885184288024902,22.585153579711914,150.344970703125,215.8140411376953,119.0999984741211,187.8699951171875,36.84434127807617,10.489999771118164
2025-01-28,365.3800048828125,32.96224594116211,110.06999206542969,115.75562286376953,46.845760345458984,49.32929992675781,196.04957580566406,194.28521728515625,,142.42999267578125,671.0133666992188,34.206966400146484,97.18299865722656,31.334348678588867,27.833866119384766,82.34220123291016,10.787646293640137,22.828407287597656,155.2340087890625,215.5314178466797,120.55999755859375,187.13999938964844,36.62675094604492,10.25
2025-01-29,359.3299865722656,32.79545593261719,111.1006088256836,116.32183837890625,47.11159133911133,49.7137565612793,196.15899658203125,194.39463806152344,,142.47000122070312,673.1627197265625,33.975189208984375,97.81500244140625,31.373950958251953,27.883304595947266,81.96450805664062,10.81690788269043,22.669357299804688,153.74476623535156,229.1860809326172,122.58999633789062,190.08999633789062,36.51796340942383,10.430000305175781
2025-01-30,336.6199951171875,29.187610626220703,111.33617401123047,117.89134216308594,47.62356948852539,50.295379638671875,201.58079528808594,199.8262481689453,,144.05999755859375,683.6210327148438,34.00415802001953,97.3239974975586,31.284847259521484,27.764652252197266,81.6906967163086,10.709616661071777,22.472883224487305,154.2836456298828,228.42587280273438,118.94000244140625,191.22999572753906,35.78361129760742,10.619999885559082
2025-01-31,345.489990234375,29.547515869140625,110.9729995727539,122.0932388305664,47.850013732910156,50.45310592651367,204.53541564941406,202.95989990234375,,144.67999267578125,685.790283203125,34.477378845214844,97.6760025024414,31.334348678588867,27.804203033447266,81.94562530517578,10.612079620361328,22.201560974121094,152.06939697265625,227.06138610839844,118.68000030517578,185.50999450683594,35.71108627319336,10.4399995803833
2025-02-03,341.5,29.134937286376953,111.89566040039062,122.0932388305664,48.43091583251953,51.21217346191406,201.5907440185547,200.18438720703125,,145.83999633789062,694.029541015625,34.187660217285156,97.89399719238281,31.631357192993164,27.764652252197266,82.86149597167969,10.46577262878418,22.688066482543945,153.87213134765625,232.061279296875,117.94000244140625,186.07000732421875,36.24597930908203,10.15999984741211
2025-02-04,340.260009765625,29.450952529907227,111.20858001708984,120.44425964355469,50.75449752807617,53.86396026611328,206.6344757080078,205.30763244628906,,148.05999755859375,700.7265014648438,35.221012115478516,99.48699951171875,32.532283782958984,28.199710845947266,82.04948425292969,10.651093482971191,22.688066482543945,154.5481719970703,231.2328338623047,113.54000091552734,183.5399932861328,36.091854095458984,10.0600004196167
2025-02-05,345.04998779296875,29.793306350708008,108.49951934814453,129.60301208496094,50.47881317138672,53.75552749633789,192.2991180419922,190.33584594726562,,149.50999450683594,701.4031982421875,32.42998504638672,101.11100006103516,32.90849304199219,28.456790924072266,80.18944549560547,10.573063850402832,22.893896102905273,157.76181030273438,236.28143310546875,114.33999633789062,184.9199981689453,36.38197326660156,10.1899995803833
2025-02-06,353.30999755859375,30.258554458618164,110.02090454101562,131.12281799316406,49.681312561035156,52.48385238647461,192.3090362548828,190.6044464111328,,149.99000549316406,708.4881591796875,33.405391693115234,101.56800079345703,32.631282806396484,28.179935455322266,79.52852630615234,10.573063850402832,22.875186920166016,157.94796752929688,240.9012451171875,114.6500015258789,183.0800018310547,36.209712982177734,10.199999809265137
2025-02-07,347.8399963378906,30.17076873779297,108.81360626220703,127.74542999267578,49.326866149902344,52.040245056152344,186.17098999023438,184.376953125,,148.30999755859375,711.0056762695312,32.64244842529297,101.39299774169922,33.58170700073242,28.713871002197266,79.12252807617188,10.36823558807373,22.959388732910156,163.00355529785156,239.9948272705078,117.29000091552734,208.77000427246094,36.15531921386719,10.15999984741211
2025-02-10,343.7300109863281,30.258554458618164,107.26277923583984,131.2122344970703,49.57301330566406,52.49370574951172,187.2255096435547,185.50108337402344,,147.3000030517578,713.87158203125,32.478271484375,102.76000213623047,33.740116119384766,28.8523006439209,77.97063446044922,10.290205955505371,23.258779525756836,169.60716247558594,249.34161376953125,122.54000091552734,212.50999450683594,36.21878433227539,9.979999542236328
2025-02-11,350.9200134277344,30.92569923400879,107.00757598876953,132.46388244628906,49.769927978515625,52.631717681884766,186.1013641357422,184.3570556640625,,146.7899932861328,716.2597045898438,32.76799774169922,100.80799865722656,33.82921600341797,29.1192684173584,77.81011199951172,10.309713363647461,23.530099868774414,172.95797729492188,252.1388397216797,120.20999908447266,209.94000244140625,36.70835494995117,9.850000381469727
2025-02-12,354.55999755859375,30.636018753051758,107.21370697021484,130.29833984375,50.656036376953125,53.92311096191406,184.4698486328125,182.65594482421875,,149.69000244140625,721.812255859375,32.83559799194336,102.73100280761719,33.69061279296875,29.030277252197266,76.69598388671875,10.377988815307617,23.726573944091797,173.06573486328125,248.8055419921875,122.2300033569336,209.17999267578125,36.74461364746094,9.819999694824219
2025-02-13,360.7699890136719,31.057369232177734,107.56705474853516,128.9573211669922,51.364925384521484,54.6624641418457,186.90716552734375,185.1728057861328,,152.5800018310547,724.9766235351562,32.84526062011719,104.36900329589844,33.95792007446289,29.178592681884766,77.36634826660156,10.543804168701172,23.97917938232422,170.95924377441406,258.35699462890625,81.91999816894531,210.08999633789062,37.20697784423828,10.210000038146973
2025-02-14,360.2699890136719,31.06614875793457,108.34247589111328,128.5401153564453,51.5815315246582,54.83990478515625,185.90240478515625,184.26754760742188,,153.75999450683594,733.0466918945312,33.50197219848633,105.86000061035156,34.51233673095703,29.870729446411133,77.58351135253906,11.021737098693848,24.203723907470703,171.94882202148438,263.9514465332031,80.16000366210938,208.75999450683594,37.161651611328125,10.34000015258789
2025-02-18,361.739990234375,31.908859252929688,107.53761291503906,127.49708557128906,51.935977935791016,55.490535736083984,184.8379364013672,182.81512451171875,,154.66000366210938,712.8465576171875,34.02347946166992,103.58499908447266,34.65093994140625,29.870729446411133,78.82982635498047,11.03149127960205,24.390840530395508,168.5882110595703,256.534423828125,80.02999877929688,216.3800048828125,37.35203170776367,10.619999885559082
2025-02-19,361.5799865722656,32.022972106933594,109.29456329345703,128.48048400878906,52.78270721435547,56.64391326904297,186.16104125976562,184.30731201171875,,153.6699981689453,700.30859375,33.28950881958008,104.33300018310547,34.61133575439453,30.147586822509766,79.00922393798828,11.158288955688477,24.54989242553711,163.19952392578125,256.6708679199219,76.75,215.17999267578125,38.08638000488281,10.890000343322754
2025-02-20,363.010009765625,31.961530685424805,108.50933074951172,129.12619018554688,52.546409606933594,56.5650520324707,185.67359924316406,183.6010284423828,,152.32000732421875,691.4224853515625,32.710052490234375,102.4540023803711,32.61148452758789,28.5260066986084,78.9336929321289,11.187551498413086,24.465688705444336,160.49534606933594,258.6688537597656,75.7300033569336,215.24000549316406,38.52155685424805,11.039999961853027
2025-02-21,361.0,31.812297821044922,106.65422821044922,130.07980346679688,52.191959381103516,56.14115905761719,180.63978576660156,178.7264862060547,,149.39999389648438,680.1880493164062,31.64772605895996,100.31500244140625,31.977863311767578,28.209598541259766,77.70624542236328,11.20705795288086,24.90541648864746,155.6063232421875,258.44476318359375,72.05999755859375,211.64999389648438,38.766334533691406,10.779999732971191
2025-02-24,365.79998779296875,31.864967346191406,109.14733123779297,133.15919494628906,53.39313888549805,57.176246643066406,180.2518310546875,178.31858825683594,,154.6199951171875,664.8438720703125,31.7249813079834,98.84700012207031,31.997665405273438,28.140384674072266,79.05644989013672,11.382625579833984,25.017688751220703,157.50706481933594,261.3296203613281,74.19999694824219,212.02000427246094,39.2740364074707,11.09000015258789
2025-02-25,358.7300109863281,31.469942092895508,108.48970031738281,130.85462951660156,52.45779800415039,56.10172653198242,176.4515838623047,174.50848388671875,,144.4600067138672,654.26611328125,31.367656707763672,97.7239990234375,31.750160217285156,28.041507720947266,79.1886215209961,11.216812133789062,24.933483123779297,152.86297607421875,263.67852783203125,74.9800033569336,207.91000366210938,39.62760543823242,10.6899995803833
2025-02-26,353.4800109863281,30.811582565307617,109.76571655273438,130.50645446777344,52.487335205078125,56.032718658447266,173.79541015625,171.83245849609375,,142.16000366210938,670.386474609375,31.483545303344727,99.00599670410156,31.46305274963379,27.764652252197266,79.08476257324219,10.943707466125488,24.858638763427734,156.32156372070312,256.89508056640625,72.43000030517578,209.11000061035156,39.14710998535156,10.5
2025-02-27,359.0400085449219,31.06614875793457,109.25530242919922,129.78024291992188,52.08366394042969,55.60882568359375,169.3286590576172,167.62445068359375,,140.9600067138672,655.00244140625,30.7882022857666,96.30699920654297,31.57195472717285,27.744876861572266,77.19638061523438,10.963212966918945,25.167383193969727,147.19012451171875,257.4700927734375,71.48999786376953,208.2100067138672,39.228702545166016,11.0
2025-02-28,363.57000732421875,31.49628257751465,111.6993408203125,128.4472198486328,53.2356071472168,56.781925201416016,171.32826232910156,169.39520263671875,,143.36000061035156,664.9135131835938,30.624027252197266,98.05599975585938,31.95806121826172,28.2985897064209,78.14056396484375,11.0802583694458,25.644533157348633,147.59185791015625,263.72857666015625,70.31999969482422,211.97999572753906,39.0745849609375,11.460000038146973
2025-03-03,370.6600036621094,31.584062576293945,110.7079849243164,128.55667114257812,52.62517547607422,56.22002029418945,167.7866973876953,166.14218139648438,,142.25999450683594,651.8281860351562,29.156084060668945,97.37000274658203,31.720458984375,28.150272369384766,76.20500183105469,11.03149127960205,25.9345645904541,144.79949951171875,266.7991638183594,67.16999816894531,208.0500030517578,39.77266311645508,11.020000457763672
2025-03-04,368.3599853515625,31.162708282470703,106.99776458740234,131.13316345214844,51.79813766479492,55.42152404785156,171.71624755859375,170.03189086914062,,138.14999389648438,636.8521118164062,29.66792869567871,97.25800323486328,31.373950958251953,27.744876861572266,76.31830596923828,11.197303771972656,24.531179428100586,143.7315673828125,258.8000183105469,67.5999984741211,208.5500030517578,38.866065979003906,11.319999694824219
2025-03-05,378.4200134277344,31.21537971496582,107.29222106933594,133.35153198242188,52.0257568359375,55.80784606933594,174.0839385986328,172.1209716796875,,136.83999633789062,653.2412109375,30.43570327758789,99.09200286865234,31.542255401611328,27.823978424072266,77.62127685546875,11.22656536102295,24.493757247924805,149.21827697753906,256.9322204589844,66.54000091552734,214.80999755859375,38.838863372802734,11.430000305175781
2025-03-06,382.94000244140625,31.838634490966797,103.48384094238281,136.0772705078125,50.96683120727539,54.84700393676758,173.30795288085938,171.45448303222656,,131.11000061035156,624.841552734375,30.257036209106445,90.63600158691406,31.562053680419922,27.9426326751709,78.00839233398438,11.47040843963623,25.008331298828125,144.01571655273438,257.1376037597656,64.9800033569336,207.8699951171875,40.099037170410156,10.699999809265137
2025-03-07,379.5199890136719,32.99736022949219,103.56237030029297,139.31033325195312,51.0657958984375,55.144168853759766,174.83998107910156,172.95660400390625,,127.51000213623047,622.5827026367188,31.50286102294922,89.11100006103516,31.502653121948242,27.645999908447266,80.25554656982422,11.841052055358887,25.373214721679688,140.82167053222656,259.3769836425781,64.91000366210938,204.3300018310547,41.75812530517578,11.069999694824219
2025-03-10,373.5199890136719,31.698179244995117,101.17723083496094,139.6982879638672,49.48236083984375,53.60881042480469,167.1312713623047,165.1981658935547,,122.79000091552734,595.0487670898438,30.933067321777344,86.66799926757812,30.78983497619629,27.042850494384766,80.73709106445312,11.704498291015625,25.522907257080078,139.24424743652344,260.7362365722656,60.310001373291016,201.92999267578125,42.14796447753906,10.59000015258789
2025-03-11,355.8699951171875,31.557729721069336,96.09284973144531,137.16159057617188,48.482818603515625,52.22203826904297,165.3086700439453,163.37557983398438,,121.63999938964844,602.7308349609375,30.286014556884766,89.51000213623047,30.453224182128906,26.637454986572266,78.54753875732422,11.187551498413086,24.33470916748047,142.2129364013672,250.99644470214844,58.84000015258789,203.8000030517578,39.373756408691406,10.369999885559082
2025-03-12,349.75,30.89058494567871,96.93697357177734,135.41075134277344,47.91871643066406,51.81591033935547,168.31646728515625,166.43313598632812,,122.91999816894531,616.5126953125,29.68724250793457,91.96800231933594,30.502887725830078,26.567983627319336,76.16759490966797,11.294840812683105,24.063385009765625,144.29002380371094,249.9598388671875,60.20000076293945,205.3300018310547,38.61221694946289,10.420000076293945
2025-03-13,345.3999938964844,30.460451126098633,95.08186340332031,137.00242614746094,46.63217544555664,50.55790710449219,164.063720703125,162.1007537841797,,115.79000091552734,587.7349853515625,29.049848556518555,89.01699829101562,29.897001266479492,26.09160614013672,75.66304779052734,11.353365898132324,24.409555435180664,137.99993896484375,253.37269592285156,53.880001068115234,203.6300048828125,39.62760543823242,9.890000343322754
2025-03-14,351.5,31.10126304626465,96.8191909790039,137.9872589111328,47.96820068359375,51.786190032958984,166.9420623779297,164.81971740722656,,119.26000213623047,605.1494750976562,29.88039779663086,91.80000305175781,30.771066665649414,26.776397705078125,76.94821166992188,11.402132034301758,24.86799430847168,137.1648712158203,250.3216552734375,53.939998626708984,204.57000732421875,39.50068664550781,10.1899995803833
2025-03-17,354.0799865722656,31.38216209411621,97.52589416503906,142.1554412841797,48.16613006591797,51.96449279785156,165.89630126953125,163.6245574951172,,121.91000366210938,602.4603881835938,30.286014556884766,95.00199890136719,30.820728302001953,26.94511604309082,76.44367218017578,11.441315650939941,25.101892471313477,143.0692138671875,254.4190673828125,56.5,206.5,39.57321548461914,10.479999542236328
2025-03-18,354.45001220703125,31.61040496826172,97.51607513427734,141.1307830810547,47.94841003417969,51.885250091552734,162.01206970214844,160.01922607421875,,119.20999908447266,580.01123046875,29.92868423461914,92.99800109863281,30.5128173828125,26.597755432128906,77.53843688964844,11.421724319458008,24.896060943603516,142.91201782226562,254.9666748046875,53.59000015258789,204.32000732421875,40.099037170410156,10.390000343322754
2025-03-19,353.0199890136719,31.680627822875977,98.438720703125,141.2302703857422,48.5718879699707,52.43995666503906,165.60745239257812,163.22618103027344,,122.6500015258789,581.7044067382812,30.3632755279541,95.9489974975586,31.03924560546875,26.955039978027344,77.57650756835938,11.50008773803711,25.111248016357422,147.2150115966797,253.51937866210938,55.31999969482422,208.86000061035156,39.836124420166016,10.920000076293945
2025-03-20,362.5799865722656,32.040531158447266,97.03512573242188,142.50360107421875,48.88857650756836,52.7074089050293,164.38243103027344,162.140625,,122.13999938964844,583.6365356445312,30.14114761352539,95.08399963378906,30.840593338012695,26.955039978027344,76.81494140625,11.686206817626953,25.06446647644043,147.7553253173828,251.3484344482422,55.849998474121094,209.6300048828125,39.66387176513672,10.649999618530273
2025-03-21,363.80999755859375,32.25999069213867,97.62405395507812,143.54812622070312,49.18547058105469,52.89561462402344,165.5775909423828,163.32579040527344,,123.05999755859375,593.8452758789062,29.4458065032959,96.02899932861328,30.562482833862305,26.835947036743164,77.24332427978516,11.617636680603027,25.279653549194336,147.24447631835938,250.1847686767578,56.310001373291016,213.47000122070312,39.8814582824707,10.739999771118164
2025-03-24,367.5,32.12831497192383,98.33076477050781,143.79684448242188,49.19536590576172,52.885704040527344,169.24269104003906,167.00083923339844,,127.0199966430664,616.3540649414062,30.575735092163086,97.1989974975586,30.542617797851562,27.093982696533203,75.61544799804688,11.402132987976074,25.223514556884766,150.22119140625,253.2357940673828,59.34000015258789,213.50999450683594,39.49162292480469,10.970000267028809
2025-03-25,375.010009765625,32.42677688598633,99.73435974121094,143.74708557128906,50.333457946777344,54.440879821777344,172.0911407470703,169.86915588378906,,127.0199966430664,623.7839965820312,30.199094772338867,99.72799682617188,30.67173957824707,27.25277328491211,76.52935028076172,11.372745513916016,25.550975799560547,151.8814697265625,253.03045654296875,62.0,217.9499969482422,39.42816162109375,10.979999542236328
2025-03-26,384.7699890136719,32.804237365722656,98.919677734375,144.43350219726562,50.63035202026367,54.688514709472656,166.4639892578125,164.39144897460938,,126.75,608.5158081054688,30.73991584777832,97.06500244140625,30.562482833862305,27.2627010345459,77.24332427978516,11.617636680603027,25.86907386779785,151.89129638671875,256.70733642578125,58.79999923706055,215.88999938964844,40.0537109375,11.029999732971191
2025-03-27,382.0199890136719,32.804237365722656,98.59577941894531,144.5429229736328,50.204803466796875,54.40125274658203,163.41636657714844,161.5828857421875,,128.0800018310547,600.1497192382812,30.74957275390625,97.6719970703125,30.05592155456543,26.7367000579834,76.75782012939453,11.441315650939941,26.383649826049805,149.2093048095703,262.3497619628906,57.2599983215332,214.2899932861328,40.760860443115234,11.010000228881836
2025-03-28,369.0199890136719,32.145870208740234,96.25970458984375,143.49839782714844,49.996978759765625,54.21304702758789,155.42880249023438,153.70492553710938,,125.02999877929688,574.4139404296875,29.581010818481445,93.38500213623047,29.45996856689453,26.389341354370117,76.38654327392578,11.323768615722656,26.364940643310547,147.067626953125,259.07379150390625,55.849998474121094,210.47000122070312,40.73366165161133,10.369999885559082
2025-03-31,368.5299987792969,32.391658782958984,96.8780746459961,143.7670135498047,52.164306640625,56.06538772583008,155.59811401367188,154.01365661621094,,130.5800018310547,574.0355224609375,30.131494522094727,93.25299835205078,30.16518211364746,27.014585494995117,78.9283218383789,11.715593338012695,26.458499908447266,150.12295532226562,260.8144836425781,54.720001220703125,207.25,41.123504638671875,10.729999542236328
2025-04-01,370.9100036621094,32.23365020751953,95.87690734863281,144.9110107421875,51.234039306640625,55.292755126953125,158.23741149902344,156.43382263183594,,132.00999450683594,583.6365356445312,30.334299087524414,92.83799743652344,30.075788497924805,26.796247482299805,75.9391098022461,11.490293502807617,26.645612716674805,150.29978942871094,262.6040344238281,57.099998474121094,210.1300048828125,41.14163589477539,10.210000038146973
2025-04-02,379.2699890136719,32.428524017333984,96.07320404052734,144.1151580810547,52.45130157470703,56.5012321472168,158.21746826171875,156.40390014648438,,134.64999389648438,581.5748901367188,30.392242431640625,93.552001953125,30.343965530395508,26.855792999267578,75.60591888427734,11.656818389892578,26.3275146484375,155.79148864746094,258.7120056152344,56.29999923706055,211.10000610351562,40.5614128112793,10.5600004196167
2025-04-03,368.3999938964844,31.640178680419922,87.20008850097656,144.09527587890625,47.40410614013672,51.3404426574707,152.0126953125,150.10952758789062,,126.05999755859375,529.4758911132812,29.32346534729004,91.70500183105469,29.23151969909668,25.87326431274414,71.75993347167969,11.245403289794922,26.757884979248047,147.79461669921875,261.9683837890625,49.08000183105469,208.92999267578125,41.359222412109375,9.15999984741211
2025-04-04,338.2900085449219,29.56744384765625,81.98809814453125,134.63482666015625,45.256568908691406,49.260276794433594,147.1424560546875,145.01028442382812,,120.83999633789062,502.6943664550781,27.924333572387695,85.58599853515625,27.513187408447266,24.394508361816406,69.10391998291016,10.843779563903809,24.924129486083984,137.12557983398438,242.62562561035156,46.2400016784668,194.5800018310547,39.01111602783203,8.069999694824219
2025-04-07,332.8900146484375,29.64716339111328,81.76234436035156,133.91856384277344,44.06898880004883,48.0914192199707,148.6363983154297,146.15560913085938,,119.2300033569336,514.1679077148438,27.05959129333496,86.78299713134766,27.225143432617188,23.898283004760742,68.11387634277344,10.63807201385498,25.101892471313477,138.69744873046875,241.2174530029297,46.34000015258789,197.52999877929688,38.6031494140625,8.09000015258789
2025-04-08,321.67999267578125,29.089122772216797,80.21151733398438,131.83944702148438,43.3564453125,47.00181579589844,145.98716735839844,144.11390686035156,,118.80999755859375,508.39129638671875,26.26286506652832,87.04000091552734,27.354267120361328,23.789112091064453,66.99054718017578,10.43236255645752,24.69023323059082,136.51649475097656,240.85565185546875,45.27000045776367,196.25,38.23143768310547,7.690000057220459
2025-04-09,346.9800109863281,31.161853790283203,89.7520980834961,135.86837768554688,47.216068267822266,51.02346420288086,160.40858459472656,158.0671844482422,,131.75,583.407470703125,28.361560821533203,94.5469970703125,29.996326446533203,25.98243522644043,72.84519958496094,10.912351608276367,24.765077590942383,145.9280242919922,249.2655029296875,54.119998931884766,208.1300048828125,38.88419723510742,9.260000228881836
2025-04-10,335.4700012207031,29.833179473876953,83.65673065185547,138.66372680664062,45.53366470336914,49.05226135253906,154.7415771484375,152.20101928710938,,129.22999572753906,544.0867309570312,27.283063888549805,92.11699676513672,29.380508422851562,25.396886825561523,70.42718505859375,10.696846008300781,24.952293395996094,142.5386962890625,250.4585723876953,49.27000045776367,204.41000366210938,39.536380767822266,8.100000381469727
2025-04-11,334.3800048828125,29.86861228942871,83.322998046875,142.18528747558594,45.177398681640625,48.4282112121582,158.7552947998047,156.50352478027344,,129.60000610351562,541.377685546875,27.671710968017578,91.8290023803711,30.036056518554688,25.992359161376953,71.9693832397461,10.471546173095703,25.33049964904785,141.8117218017578,252.95223999023438,49.779998779296875,212.07000732421875,40.28252029418945,7.96999979019165
2025-04-14,340.3999938964844,30.24949836730957,83.09725189208984,144.74188232421875,45.563358306884766,49.062164306640625,160.81690979003906,158.4257049560547,,128.39999389648438,529.3364868164062,27.836885452270508,93.12799835205078,30.224775314331055,26.081680297851562,72.86424255371094,10.471546173095703,25.718162536621094,145.52523803710938,256.83441162109375,48.63999938964844,212.9499969482422,40.80758285522461,8.020000457763672
2025-04-15,343.17999267578125,30.470945358276367,83.44078826904297,144.85128784179688,45.860252380371094,49.587162017822266,158.03822326660156,155.67689514160156,,128.97999572753906,519.4166870117188,28.254682540893555,97.62799835205078,30.31416893005371,26.180925369262695,73.14031982421875,10.63807201385498,26.001819610595703,147.01849365234375,260.8144836425781,49.2400016784668,214.60000610351562,40.973392486572266,8.25
2025-04-16,332.5,29.718027114868164,81.24213409423828,142.22506713867188,44.23723220825195,47.804161071777344,154.8710479736328,152.70895385742188,,125.45999908447266,500.2840881347656,27.836885452270508,96.16300201416016,29.549362182617188,25.47628402709961,67.81876373291016,10.491138458251953,25.547969818115234,145.3582305908203,253.90077209472656,48.45000076293945,211.39999389648438,40.17198181152344,7.920000076293945
2025-04-17,338.9599914550781,30.12548828125,83.24446868896484,144.85128784179688,44.108577728271484,47.516902923583984,152.73971557617188,150.54776000976562,,127.22000122070312,499.45751953125,28.196386337280273,97.3030014038086,29.79767417907715,25.66485023498535,69.72271728515625,10.716437339782715,25.670888900756836,146.59608459472656,256.2477111816406,50.2599983215332,212.77000427246094,40.568084716796875,8.109999656677246
2025-04-21,322.42999267578125,29.762313842773438,82.44942474365234,141.1904754638672,43.4949951171875,46.76408004760742,149.2538604736328,147.07188415527344,,123.4800033569336,482.705322265625,28.254682540893555,98.79100036621094,29.251386642456055,25.15869903564453,68.62794494628906,10.540116310119629,24.895559310913086,140.5738525390625,247.8769073486328,47.560001373291016,205.16000366210938,39.545589447021484,7.940000057220459
2025-04-22,331.3399963378906,30.293785095214844,84.50084686279297,145.1099395751953,44.316402435302734,47.744728088378906,153.2775421142578,150.8564910888672,,128.5,498.2622985839844,28.866802215576172,104.03399658203125,30.085721969604492,25.98243522644043,69.75126647949219,10.755620002746582,25.49123764038086,145.52523803710938,252.59036254882812,48.65999984741211,209.97000122070312,39.78509521484375,7.949999809265137
2025-04-23,337.510009765625,30.532949447631836,85.6786880493164,142.98110961914062,44.58361053466797,48.200382232666016,157.08209228515625,154.7207794189453,,131.27999877929688,518.1716918945312,28.79878807067871,104.95899963378906,30.47308921813965,26.329795837402344,69.73223876953125,10.971123695373535,25.708709716796875,148.3349609375,253.61717224121094,50.08000183105469,213.3000030517578,39.33372116088867,8.329999923706055
2025-04-24,335.3299865722656,29.39914321899414,88.3484878540039,145.4282989501953,45.2664680480957,48.556983947753906,160.81690979003906,158.63487243652344,,132.72000122070312,530.9996948242188,29.333181381225586,109.68699645996094,30.790931701660156,26.637454986572266,72.70240020751953,11.196425437927246,26.030183792114258,152.54949951171875,256.3846130371094,53.27000045776367,222.69000244140625,39.43505096435547,8.5
2025-04-25,373.6499938964844,30.02804946899414,88.6135025024414,145.83616638183594,45.315948486328125,48.88386535644531,163.1873016357422,161.3040008544922,,132.75999450683594,545.062744140625,29.216585159301758,110.15299987792969,31.019378662109375,26.925264358520508,71.32203674316406,11.490293502807617,25.349409103393555,154.3375244140625,227.6247100830078,53.970001220703125,225.3800048828125,38.60600280761719,8.59000015258789
2025-04-28,376.8699951171875,29.912900924682617,88.4957275390625,145.95553588867188,45.44459915161133,49.042354583740234,161.76307678222656,159.95945739746094,,133.27000427246094,547.5228271484375,29.31374740600586,111.03800201416016,31.00944709777832,26.71685218811035,71.82657623291016,11.451109886169434,25.77489471435547,157.60894775390625,231.53631591796875,54.400001525878906,225.5500030517578,39.04816436767578,8.699999809265137
2025-04-29,386.3299865722656,30.063480377197266,89.48707580566406,145.2094268798828,45.55345916748047,49.161224365234375,161.404541015625,159.5113067626953,,132.3000030517578,552.203857421875,28.886234283447266,112.56400299072266,31.108774185180664,26.915342330932617,72.2168960571289,11.509885787963867,25.812715530395508,160.09446716308594,236.24977111816406,54.66999816894531,230.7100067138672,39.56401824951172,8.770000457763672
2025-04-30,391.8599853515625,30.293785095214844,89.27113342285156,144.33399963378906,45.76129150390625,49.3197135925293,160.23927307128906,158.15682983398438,,132.4499969482422,546.7858276367188,28.818222045898438,113.1719970703125,31.208099365234375,26.915342330932617,72.50248718261719,11.50008773803711,26.19092559814453,160.04534912109375,241.49127197265625,53.630001068115234,233.32000732421875,40.58650588989258,8.670000076293945
2025-05-01,383.0,29.957189559936523,89.13371276855469,144.34397888183594,45.395118713378906,48.755096435546875,162.13157653808594,160.6466827392578,,131.33999633789062,569.9022827148438,29.546934127807617,113.34700012207031,31.059110641479492,26.855792999267578,72.11217498779297,11.4119291305542,26.13418960571289,160.29095458984375,241.5401611328125,53.060001373291016,235.1699981689453,39.88642120361328,8.430000305175781
2025-05-02,385.0,30.524089813232422,90.78271484375,150.31271362304688,45.69200897216797,49.00273513793945,165.13937377929688,163.36561584472656,,133.77000427246094,594.6121215820312,29.81899070739746,115.64900207519531,31.68486213684082,27.371870040893555,73.36878204345703,11.196425437927246,26.10582733154297,163.50343322753906,243.37860107421875,54.09000015258789,219.5,40.29174041748047,8.539999961853027
2025-05-05,394.239990234375,30.515233993530273,90.40972137451172,153.93374633789062,45.345638275146484,48.794715881347656,165.37841796875,163.54489135742188,,136.1199951171875,596.8530883789062,29.4400577545166,113.40599822998047,31.863649368286133,27.510812759399414,73.35926055908203,11.020101547241211,26.011276245117188,163.8964080810547,242.81143188476562,55.5,225.32000732421875,40.10750198364258,8.369999885559082
2025-05-06,402.010009765625,30.550661087036133,90.46862030029297,153.7347869873047,45.494083404541016,49.07207107543945,164.53182983398438,162.56886291503906,,134.14999389648438,584.9413452148438,29.109704971313477,113.76899719238281,31.82391929626465,27.520736694335938,72.32160186767578,11.264993667602539,26.62586212158203,164.98690795898438,248.1898651123047,55.630001068115234,231.83999633789062,40.66941833496094,8.430000305175781
2025-05-07,404.1400146484375,30.46208381652832,100.20549774169922,154.6897735595703,46.830108642578125,50.330078125,152.18199157714844,150.76686096191406,,134.1300048828125,594.4029541015625,29.517789840698242,115.54100036621094,32.439735412597656,27.967344284057617,72.23593139648438,11.333562850952148,26.569133758544922,166.69630432128906,245.7059783935547,56.459999084472656,226.33999633789062,40.429908752441406,8.5600004196167
2025-05-08,404.4100036621094,30.311504364013672,103.1795654296875,154.84893798828125,46.47383117675781,49.943756103515625,155.1200714111328,153.65512084960938,,134.69000244140625,595.59814453125,26.69037437438965,114.44300079345703,32.28081512451172,28.265077590942383,72.78807067871094,11.441315650939941,25.973451614379883,165.98895263671875,242.01931762695312,59.900001525878906,225.4499969482422,40.17198181152344,9.010000228881836
2025-05-09,401.7300109863281,30.338075637817383,103.98443603515625,152.50125122070312,46.23632049560547,49.765464782714844,153.75559997558594,152.13131713867188,,136.52000427246094,590.1004638671875,26.408605575561523,114.02200317382812,32.350341796875,27.848247528076172,72.30257415771484,11.696002006530762,26.32329750061035,156.85250854492188,238.42066955566406,71.04000091552734,226.5500030517578,40.17198181152344,9.069999694824219
2025-05-12,402.5199890136719,30.754390716552734,108.450439453125,148.49224853515625,48.215614318847656,51.924869537353516,158.93455505371094,157.81817626953125,,140.8300018310547,636.8510131835938,27.59398078918457,111.0,32.727779388427734,28.066587448120117,73.87333679199219,11.70579719543457,25.538515090942383,157.77598571777344,235.00784301757812,79.4000015258789,226.25,39.610076904296875,9.229999542236328
2025-05-13,411.1300048828125,30.81639862060547,109.32401275634766,148.28334045410156,50.55118179321289,54.71823501586914,160.23927307128906,158.88385009765625,,143.0,653.3842163085938,27.982627868652344,113.84400177001953,32.62845230102539,28.00704002380371,73.71149444580078,11.744980812072754,25.009023666381836,161.58773803710938,232.09368896484375,78.13999938964844,226.16000366210938,39.28766632080078,9.180000305175781
2025-05-14,413.8599853515625,30.612668991088867,110.85521697998047,146.46286010742188,50.01676940917969,54.123897552490234,166.13531494140625,164.7001953125,,142.22000122070312,656.70068359375,28.575315475463867,115.0989990234375,32.67811965942383,28.056663513183594,72.36921691894531,11.568659782409668,24.99956703186035,159.357666015625,230.08900451660156,79.13999938964844,229.5,39.01131057739258,9.210000038146973
2025-05-15,419.57000732421875,31.294719696044922,110.14851379394531,148.7906951904297,50.77880096435547,54.9361572265625,164.73101806640625,163.29591369628906,,145.4199981689453,641.2831420898438,28.15266227722168,117.7979965209961,32.55892562866211,27.93756866455078,72.6262435913086,11.656818389892578,25.841083526611328,158.620849609375,234.8513641357422,77.5,232.33999633789062,40.05223083496094,9.140000343322754
2025-05-16,427.25,31.42759132385254,111.32636260986328,150.7504119873047,51.313209533691406,55.55030059814453,166.75279235839844,165.51686096191406,,147.67999267578125,637.7574462890625,28.419858932495117,119.15299987792969,32.70791244506836,28.106285095214844,73.2735824584961,11.460906982421875,26.20983123779297,160.60533142089844,237.2960968017578,76.30999755859375,226.74000549316406,40.52202606201172,9.15999984741211
2025-05-19,418.6300048828125,31.392154693603516,110.58039093017578,149.69593811035156,51.13507080078125,55.28285217285156,167.1910400390625,165.86544799804688,,148.3000030517578,637.8471069335938,29.080556869506836,119.16400146484375,32.50926208496094,28.116209030151367,73.26407623291016,11.539271354675293,26.49349021911621,161.10635375976562,238.85093688964844,76.31999969482422,234.66000366210938,40.81679916381836,9.050000190734863
2025-05-20,423.489990234375,31.525022506713867,110.28591918945312,151.12843322753906,51.619998931884766,55.966331481933594,164.65135192871094,163.31582641601562,,146.2899932861328,634.5304565429688,28.585033416748047,119.2020034790039,32.55892562866211,28.116209030151367,72.43584442138672,11.627432823181152,26.26656723022461,159.8783416748047,235.87814331054688,77.05999755859375,237.5,40.7338981628418,9.229999542236328
2025-05-21,415.44000244140625,31.09099006652832,108.4209976196289,149.71585083007812,50.32355880737305,54.61917495727539,169.37217712402344,167.8772735595703,,144.1699981689453,632.9369506835938,28.507301330566406,119.46299743652344,32.1318244934082,27.729154586791992,69.99878692626953,11.647024154663086,25.973451614379883,157.02932739257812,235.43809509277344,74.47000122070312,226.75999450683594,40.30094528198242,8.949999809265137
2025-05-22,409.92999267578125,30.639245986938477,109.07862091064453,145.86599731445312,49.98707962036133,54.460689544677734,171.28440856933594,170.17791748046875,,144.42999267578125,634.0025634765625,28.614179611206055,118.7969970703125,31.76432228088379,27.441341400146484,69.61799621582031,11.617636680603027,25.746530532836914,153.48281860351562,235.4967803955078,74.33000183105469,226.00999450683594,39.72982406616211,9.020000457763672
2025-05-23,406.3599853515625,30.57723617553711,107.69466400146484,146.1246337890625,49.90791320800781,54.52012634277344,168.90406799316406,167.78762817382812,,145.00999450683594,624.5308837890625,28.380990982055664,118.53900146484375,32.25101852416992,27.689453125,69.61799621582031,11.725390434265137,25.926177978515625,154.94659423828125,237.51124572753906,73.88999938964844,224.99000549316406,39.90484619140625,9.0
2025-05-27,411.1300048828125,30.9581241607666,110.28591918945312,146.14454650878906,50.620460510253906,55.272945404052734,173.27630615234375,172.19969177246094,,143.02000427246094,639.7294311523438,29.459491729736328,121.15699768066406,32.34041213989258,28.036813735961914,70.68421173095703,11.784163475036621,25.897809982299805,156.15496826171875,237.9806365966797,76.05999755859375,226.27000427246094,40.070655822753906,9.550000190734863
2025-05-28,407.3800048828125,30.674671173095703,109.46143341064453,146.3039093017578,50.96683120727539,55.6196403503418,172.67874145507812,171.66189575195312,,140.22000122070312,640.984375,29.673246383666992,120.8550033569336,32.67811965942383,28.126134872436523,70.50332641601562,11.842936515808105,26.001819610595703,156.0174560546875,236.17152404785156,76.94000244140625,228.3300018310547,39.72982406616211,10.020000457763672
2025-05-29,395.80999755859375,30.364648818969727,109.95219421386719,142.27975463867188,49.65060043334961,54.23286056518555,172.2604522705078,171.16390991210938,,136.14999389648438,642.4484252929688,29.32346534729004,118.48600006103516,32.67811965942383,28.18568229675293,70.55093383789062,11.931097984313965,25.888355255126953,153.9838409423828,234.01036071777344,74.87999725341797,225.38999938964844,39.91405487060547,10.039999961853027
2025-05-30,396.2699890136719,30.621524810791016,110.95337677001953,143.21607971191406,49.759464263916016,54.42106628417969,172.15089416503906,171.04440307617188,,137.19000244140625,644.8786010742188,29.090274810791016,120.7229995727539,32.499332427978516,28.02688980102539,69.91311645507812,11.852733612060547,26.28547477722168,155.03501892089844,237.720458984375,75.22000122070312,226.27999877929688,40.494388580322266,9.970000267028809
2025-06-02,394.7799987792969,30.408937454223633,110.86503601074219,145.30783081054688,50.056358337402344,54.61917495727539,169.68092346191406,168.3453826904297,,138.5500030517578,668.1941528320312,29.459491729736328,121.89800262451172,32.26095199584961,27.86809730529785,67.10477447509766,11.696002006530762,26.40839385986328,156.74444580078125,238.56454467773438,74.7699966430664,227.60000610351562,40.623355865478516,10.0
2025-06-03,390.79998779296875,30.701248168945312,111.5030288696289,145.6664276123047,50.194908142089844,54.74795150756836,167.03167724609375,165.5069122314453,,136.63999938964844,664.1604614257812,29.580942153930664,121.79399871826172,32.12189483642578,27.729154586791992,68.02819061279297,11.764571189880371,26.43675994873047,160.2418212890625,239.36940002441406,74.4000015258789,229.64999389648438,40.374637603759766,9.9399995803833
2025-06-04,388.7699890136719,30.506372451782227,111.39505767822266,147.8777313232422,49.03702163696289,53.50975799560547,168.70489501953125,167.36935424804688,,140.1699981689453,685.1754760742188,30.1590576171875,123.96600341796875,31.94310760498047,27.639833450317383,67.79020690917969,11.686206817626953,25.86944580078125,162.98277282714844,237.48489379882812,76.05000305175781,229.17999267578125,39.831153869628906,9.789999961853027
2025-06-05,391.2699890136719,30.311504364013672,110.45278930664062,147.29998779296875,48.789608001708984,53.33145523071289,169.12319946289062,167.52870178222656,,144.02999877929688,681.8587646484375,30.606000900268555,125.052001953125,31.972904205322266,27.649757385253906,66.84774780273438,11.656818389892578,26.24765396118164,165.9496612548828,240.37049865722656,71.11000061035156,231.02999877929688,39.88642120361328,9.649999618530273
2025-06-06,396.45001220703125,30.73668098449707,111.79749298095703,148.98336791992188,49.2745361328125,53.856449127197266,174.21250915527344,172.97653198242188,,144.14999389648438,694.8960571289062,30.936349868774414,124.14700317382812,31.63519859313965,27.600133895874023,67.99964141845703,11.676410675048828,26.550222396850586,163.02207946777344,241.31275939941406,71.45999908447266,232.72000122070312,40.347007751464844,9.819999694824219
2025-06-09,394.55999755859375,30.648099899291992,113.52501678466797,146.34375,49.04692077636719,53.5890007019043,177.1242218017578,175.5890655517578,,143.47999572753906,691.2606811523438,31.0237979888916,122.44599914550781,31.60540199279785,27.550512313842773,68.11387634277344,11.754776954650879,26.342206954956055,160.4579620361328,233.54905700683594,71.48999786376953,233.5,40.208831787109375,9.529999732971191
2025-06-10,406.7699890136719,31.551597595214844,116.53834533691406,146.58282470703125,49.789154052734375,54.21304702758789,179.49742126464844,178.0919647216797,,143.7100067138672,699.567138671875,30.800323486328125,120.36199951171875,31.804052352905273,27.74900245666504,70.38273620605469,11.92130184173584,26.8716983795166,161.70562744140625,232.59698486328125,72.37000274658203,234.91000366210938,40.65098571777344,10.010000228881836
2025-06-11,399.7900085449219,31.161853790283203,117.31375122070312,147.1007537841797,49.60111999511719,54.14371109008789,178.28089904785156,176.8455047607422,,143.58999633789062,691.3403930664062,30.644868850708008,121.98799896240234,31.615333557128906,27.669605255126953,70.46926879882812,11.98987102508545,26.796056747436523,162.02000427246094,226.66871643066406,72.37000274658203,234.74000549316406,40.29174041748047,10.510000228881836
2025-06-12,396.8999938964844,31.241573333740234,116.4205551147461,149.46148681640625,48.96774673461914,53.3116455078125,176.46609497070312,175.20018005371094,,141.30999755859375,690.5635986328125,29.78984260559082,121.50299835205078,31.45641326904297,27.461191177368164,68.44075012207031,11.696002006530762,26.72987174987793,161.0474090576172,224.47012329101562,70.56999969482422,234.4600067138672,39.75746154785156,10.15999984741211
2025-06-13,388.7200012207031,31.011274337768555,115.76292419433594,147.8976287841797,48.789608001708984,53.1828727722168,175.37921142578125,174.17312622070312,,138.1699981689453,680.115966796875,29.342897415161133,121.21499633789062,31.13857078552246,27.213077545166016,66.79679107666016,11.647024154663086,26.65422821044922,160.58460998535156,223.7830810546875,67.95999908447266,230.22999572753906,39.61928176879883,10.029999732971191
2025-06-16,375.2300109863281,31.099849700927734,117.27449798583984,150.50735473632812,50.2542839050293,54.79747772216797,177.43333435058594,176.26715087890625,,142.32000732421875,699.8262939453125,29.916154861450195,122.53500366210938,32.06229782104492,28.02688980102539,67.93122100830078,11.79457950592041,26.446212768554688,165.8330535888672,226.71778869628906,70.25,238.60000610351562,39.14948654174805,10.760000228881836
2025-06-17,373.6199951171875,30.58609390258789,115.94940948486328,149.74037170410156,49.11619567871094,53.569190979003906,176.725341796875,175.44947814941406,,145.58999633789062,694.9522094726562,29.410907745361328,122.06700134277344,31.625267028808594,27.550512313842773,66.54682159423828,11.774906158447266,26.143646240234375,165.3899383544922,217.33457946777344,67.63999938964844,237.52000427246094,38.55073165893555,10.579999923706055
2025-06-18,377.42999267578125,30.34693145751953,115.68439483642578,150.4077606201172,49.7000846862793,54.1932373046875,173.48458862304688,172.8269805908203,,148.25999450683594,693.4970703125,29.4400577545166,122.22899627685547,32.09209442138672,27.848247528076172,66.73909759521484,11.843764305114746,26.153104782104492,173.25767517089844,216.90272521972656,68.66000366210938,238.5,38.384925842285156,10.569999694824219
2025-06-20,386.3699951171875,30.58609390258789,115.4586410522461,149.96946716308594,50.21470260620117,54.7281379699707,167.2523956298828,166.1659698486328,,148.8699951171875,680.1209106445312,29.72182846069336,123.14099884033203,32.3801383972168,28.13606071472168,67.5658950805664,12.148712158203125,26.257112503051758,172.28282165527344,217.42294311523438,68.2300033569336,238.3699951171875,38.41255569458008,10.520000457763672
2025-06-23,392.5799865722656,30.639245986938477,115.57643127441406,153.8043670654297,50.86786651611328,55.55030059814453,165.53729248046875,164.7200927734375,,150.69000244140625,696.248046875,30.071611404418945,125.35399627685547,32.95623016357422,28.6422119140625,68.9310531616211,12.119200706481934,26.66368293762207,172.84410095214844,222.7819366455078,68.87000274658203,241.58999633789062,39.020530700683594,10.680000305175781
2025-06-24,403.5,31.188426971435547,116.95645141601562,157.3304901123047,50.77880096435547,55.37200164794922,167.26235961914062,166.2956085205078,,147.77999877929688,709.8733520507812,30.674013137817383,127.91100311279297,33.37339401245117,29.029268264770508,69.6809310913086,12.010993957519531,26.739328384399414,174.1833038330078,225.56942749023438,71.83999633789062,243.0500030517578,39.26924133300781,10.899999618530273
2025-06-25,398.8500061035156,30.860687255859375,117.71546173095703,157.2010040283203,50.84807586669922,55.461151123046875,171.00167846679688,170.1944580078125,,146.19000244140625,706.3648681640625,29.98416519165039,127.5250015258789,33.492591857910156,29.17813491821289,67.96005249023438,12.020830154418945,26.39893913269043,172.26312255859375,226.6294403076172,69.80000305175781,241.63999938964844,38.79944610595703,10.869999885559082
2025-06-26,394.010009765625,31.188426971435547,119.72633361816406,157.11134338378906,51.66947937011719,56.14463424682617,173.93333435058594,173.0463409423828,,147.1999969482422,723.718017578125,29.55665397644043,130.66700744628906,33.73096466064453,29.317079544067383,68.46958923339844,12.119200706481934,26.474580764770508,173.4644775390625,227.13983154296875,68.0199966430664,239.3300018310547,38.78102111816406,11.149999618530273
2025-06-27,400.9700012207031,31.28586769104004,120.5937728881836,157.12132263183594,51.80802917480469,56.253597259521484,177.7623748779297,178.02215576171875,,149.99000549316406,731.2333984375,29.974449157714844,132.31199645996094,33.64157485961914,29.207908630371094,68.60418701171875,12.325778007507324,26.550222396850586,176.6056671142578,230.89898681640625,69.33000183105469,241.44000244140625,38.97447204589844,11.300000190734863
2025-06-30,408.80999755859375,31.613601684570312,122.23994445800781,159.07362365722656,51.095489501953125,55.510677337646484,176.8848876953125,175.72866821289062,,151.27999877929688,735.6788330078125,30.013315200805664,133.91299438476562,34.078609466552734,29.4957218170166,69.16178894042969,12.68974781036377,27.363372802734375,179.16586303710938,233.8533172607422,71.98999786376953,242.85000610351562,39.85878372192383,11.460000038146973
2025-07-01,418.2200012207031,32.180503845214844,121.72736358642578,158.43612670898438,51.05590057373047,55.44133758544922,176.40626525878906,175.3397979736328,,149.8800048828125,716.8704223632812,31.58733367919922,129.36000061035156,34.17793273925781,29.505645751953125,70.97879791259766,12.94550895690918,27.306636810302734,172.92286682128906,237.043212890625,73.48999786376953,240.10000610351562,40.23646545410156,10.9399995803833
2025-07-02,412.260009765625,32.028541564941406,121.22464752197266,156.41409301757812,50.244388580322266,54.60927200317383,179.24813842773438,178.13182067871094,,149.11000061035156,711.2388916015625,31.51932144165039,128.48599243164062,34.12826919555664,29.386552810668945,72.12283325195312,12.630724906921387,26.767688751220703,174.7445831298828,233.0288543701172,73.58000183105469,239.50999450683594,40.153560638427734,11.119999885559082
2025-07-03,416.9700012207031,32.17156219482422,122.23008728027344,154.7606201171875,51.234039306640625,55.718692779541016,180.035888671875,179.019287109375,,149.27000427246094,716.6611328125,31.802753448486328,129.71800231933594,34.15806579589844,29.51556968688965,71.82481384277344,12.68974781036377,26.814970016479492,174.42945861816406,236.29725646972656,74.41000366210938,240.11000061035156,40.11671447753906,11.220000267028809
2025-07-07,408.32000732421875,31.679914474487305,121.4020767211914,152.92782592773438,49.84852981567383,54.33191680908203,177.0543975830078,176.28707885742188,,147.38999938964844,716.0032348632812,31.108840942382812,128.96200561523438,33.69123840332031,29.14836311340332,70.9884033203125,12.325778007507324,26.862241744995117,173.6417236328125,233.2349853515625,73.55999755859375,242.52999877929688,39.425838470458984,11.020000457763672
2025-07-08,411.6600036621094,32.18050003051758,120.08120727539062,152.0413055419922,50.00687026977539,54.56964874267578,174.66123962402344,173.86399841308594,,144.42999267578125,718.315673828125,31.705015182495117,127.53099822998047,33.790565490722656,29.24760627746582,71.77674102783203,12.424149513244629,26.748783111572266,170.32327270507812,231.6056671142578,74.02999877929688,240.55999755859375,39.66534423828125,11.40999984741211
2025-07-09,403.55999755859375,31.8408203125,118.88847351074219,152.08116149902344,50.08604431152344,54.688514709472656,177.1541290283203,176.11756896972656,,143.55999755859375,730.3861694335938,32.125274658203125,128.8280029296875,33.84022521972656,29.168210983276367,69.70015716552734,12.404473304748535,26.569133758544922,169.17117309570312,228.01336669921875,75.62999725341797,242.22999572753906,39.250816345214844,11.489999771118164
2025-07-10,401.5799865722656,31.66204261779785,119.82491302490234,150.70657348632812,51.362693786621094,56.19416046142578,178.191162109375,177.11473083496094,,144.4600067138672,724.8642578125,32.8485107421875,125.05899810791016,34.2176628112793,29.436172485351562,70.59423828125,12.561866760253906,26.376230239868164,170.24449157714844,223.9302978515625,76.8499984741211,235.3300018310547,39.34254837036133,11.649999618530273
2025-07-11,392.20001220703125,31.27766227722168,118.1590347290039,148.1068115234375,50.066253662109375,54.58945846557617,180.79373168945312,179.6774444580078,,143.94000244140625,715.1660766601562,31.753887176513672,124.51100158691406,34.058746337890625,29.317079544067383,69.94049835205078,12.542192459106445,25.755496978759766,169.36810302734375,223.54751586914062,75.37999725341797,233.9199981689453,38.958763122558594,11.729999542236328
2025-07-14,399.6099853515625,31.85869789123535,118.25760650634766,148.2462615966797,50.788692474365234,55.43143081665039,182.28944396972656,181.04351806640625,,148.4600067138672,718.5648193359375,31.519325256347656,126.19499969482422,34.31698989868164,29.505645751953125,69.8443603515625,12.788117408752441,25.936941146850586,171.81016540527344,223.9302978515625,75.43000030517578,238.4600067138672,38.921329498291016,12.010000228881836
2025-07-15,383.3299865722656,31.036304473876953,117.28173828125,148.15663146972656,50.49180221557617,55.104549407958984,182.57862854003906,181.48226928710938,,146.07000732421875,708.0693359375,31.147933959960938,126.0270004272461,33.9693489074707,29.44609832763672,68.04657745361328,12.748770713806152,25.803247451782227,166.2072296142578,221.83970642089844,80.4000015258789,237.6999969482422,38.62178421020508,12.029999732971191
2025-07-16,379.6199951171875,30.750261306762695,118.10974884033203,148.7642364501953,50.56107711791992,55.154075622558594,183.24671936035156,182.44952392578125,,148.58999633789062,700.6136474609375,31.490005493164062,125.03099822998047,34.20772933959961,29.654512405395508,71.1903076171875,12.758606910705566,25.736400604248047,166.5420379638672,224.5093994140625,81.12999725341797,238.72999572753906,38.612422943115234,12.579999923706055
2025-07-17,383.55999755859375,31.0184326171875,120.46563720703125,149.24234008789062,51.22414016723633,55.85736846923828,184.174072265625,183.05776977539062,,150.72000122070312,699.1185913085938,31.617053985595703,127.41699981689453,34.585166931152344,29.942325592041016,68.12349700927734,12.729094505310059,25.774599075317383,166.7586669921875,222.83103942871094,81.44000244140625,233.9199981689453,38.331607818603516,12.84000015258789
2025-07-18,382.0799865722656,30.875408172607422,119.68690490722656,149.52125549316406,51.14496994018555,55.718692779541016,185.41055297851562,184.5335693359375,,150.49000549316406,701.979248046875,31.714794158935547,120.92400360107422,34.227596282958984,29.63466453552246,68.31575775146484,12.778280258178711,25.726852416992188,168.17662048339844,223.00770568847656,80.20999908447266,231.17999267578125,38.228641510009766,12.75
2025-07-21,388.8900146484375,31.295543670654297,119.11518096923828,152.78839111328125,50.54128646850586,54.94606399536133,190.60569763183594,189.5592498779297,,149.44000244140625,710.6408081054688,31.9298038482666,123.3270034790039,33.32373046875,28.939945220947266,67.69087219238281,12.817628860473633,26.14703369140625,166.1186065673828,228.317626953125,80.02999877929688,231.6300048828125,39.77313995361328,12.800000190734863
2025-07-22,395.8500061035156,31.527952194213867,119.33204650878906,156.40415954589844,50.83817672729492,55.38190460205078,191.56297302246094,190.7957000732422,,150.97000122070312,702.5074462890625,33.05375289916992,119.00800323486328,33.44292449951172,29.207908630371094,72.30549621582031,12.896324157714844,26.18523406982422,163.9424285888672,228.9359893798828,81.66999816894531,231.07000732421875,40.21308517456055,12.850000381469727
2025-07-23,398.1099853515625,31.992782592773438,121.18521881103516,153.12704467773438,51.372589111328125,55.936614990234375,190.9646759033203,189.68887329101562,,153.6699981689453,711.2488403320312,33.10261917114258,117.6780014038086,33.52238464355469,29.19798469543457,74.87238311767578,12.984857559204102,26.50037384033203,165.14376831054688,229.6033935546875,84.62999725341797,228.72999572753906,40.10076141357422,13.3100004196167
2025-07-24,380.0,31.617347717285156,120.20934295654297,152.0413055419922,51.15486526489258,55.73850631713867,192.6498565673828,191.6233367919922,,152.88999938964844,712.4649047851562,33.312744140625,118.07599639892578,33.32373046875,29.12851333618164,74.08405303955078,13.043879508972168,26.662717819213867,165.4293212890625,242.92242431640625,85.0,225.75,40.325416564941406,13.5
2025-07-25,309.75,30.10664939880371,119.73619842529297,151.0850830078125,51.58041000366211,56.13472366333008,193.52737426757812,192.6304473876953,,153.05999755859375,710.3517456054688,33.77698516845703,118.04900360107422,33.46278762817383,29.30715560913086,73.5264663696289,12.837302207946777,26.739116668701172,167.44796752929688,239.0454864501953,86.13999938964844,224.75,40.325416564941406,13.489999771118164
2025-07-28,298.2699890136719,29.972564697265625,118.65190124511719,151.3938751220703,51.382484436035156,55.86727523803711,192.86924743652344,192.0321807861328,,153.0800018310547,715.28564453125,33.386051177978516,117.45999908447266,33.492591857910156,29.14836311340332,71.7479019165039,12.827466011047363,26.357128143310547,168.1273956298828,233.7846221923828,88.45999908447266,226.10000610351562,39.65145492553711,13.699999809265137
2025-07-29,280.67999267578125,29.346834182739258,118.1984634399414,147.21034240722656,50.77880096435547,55.39181137084961,195.87066650390625,195.1931610107422,,150.49000549316406,697.7131958007812,33.28342819213867,116.8740005493164,33.343597412109375,28.999492645263672,71.44987487792969,13.034043312072754,26.17568588256836,165.5770263671875,234.82501220703125,84.52999877929688,223.97999572753906,39.97907257080078,13.119999885559082
2025-07-30,279.8900146484375,29.051843643188477,117.83374786376953,155.64712524414062,50.44232177734375,54.9361572265625,196.8778076171875,195.97093200683594,,152.19000244140625,692.9389038085938,33.52287292480469,118.41999816894531,33.29393768310547,29.078889846801758,69.8443603515625,13.083229064941406,26.261632919311523,165.24221801757812,237.11192321777344,86.41999816894531,223.80999755859375,39.876102447509766,13.260000228881836
2025-07-31,269.3599853515625,29.704391479492188,117.4098892211914,151.8919219970703,50.61056137084961,55.23331832885742,192.3108367919922,191.35409545898438,,147.6999969482422,770.913330078125,33.49355697631836,115.94000244140625,33.19460678100586,29.098737716674805,69.26753997802734,12.36512565612793,26.17568588256836,165.43914794921875,234.0005645751953,86.95999908447266,222.72999572753906,40.025875091552734,13.170000076293945
2025-08-01,264.69000244140625,29.069721221923828,114.92584991455078,156.46389770507812,50.204803466796875,55.01539993286133,189.40911865234375,188.59197998046875,,146.13999938964844,747.5599365234375,32.8387336730957,115.86000061035156,33.0257568359375,28.87047576904297,68.36383056640625,12.797955513000488,26.50037384033203,163.07591247558594,232.81292724609375,86.08000183105469,220.5800018310547,40.138206481933594,12.869999885559082
2025-08-04,261.75,29.105480194091797,117.64645385742188,159.1433563232422,51.48145294189453,56.441795349121094,195.19261169433594,194.4851837158203,,151.2899932861328,773.833740234375,33.112396240234375,117.0989990234375,33.37339401245117,29.28730583190918,69.26753997802734,12.109365463256836,26.43352699279785,163.22360229492188,236.55245971679688,89.76000213623047,225.99000549316406,40.20372772216797,12.800000190734863
2025-08-05,265.9800109863281,29.06078338623047,116.63115692138672,160.3585662841797,49.5516357421875,54.37154006958008,194.7638397216797,194.11622619628906,,150.4199981689453,760.9658813476562,32.965789794921875,114.78700256347656,33.32373046875,29.068967819213867,69.805908203125,11.558491706848145,26.519474029541016,160.94894409179688,234.51092529296875,87.69999694824219,225.9199981689453,39.941627502441406,12.720000267028809
2025-08-06,262.0400085449219,28.74791717529297,113.526123046875,162.36068725585938,48.9875373840332,53.68806076049805,196.35928344726562,195.53219604492188,,149.2899932861328,769.4680786132812,36.42558670043945,117.8479995727539,33.68130874633789,29.207908630371094,70.13278198242188,10.860063552856445,26.2520809173584,153.22891235351562,234.79556274414062,89.58000183105469,227.2100067138672,39.642093658447266,12.789999961853027
2025-08-07,258.7799987792969,28.309907913208008,111.26880645751953,162.11167907714844,48.552093505859375,53.36117172241211,196.71824645996094,195.9609832763672,,148.27000427246094,759.3412475585938,35.526432037353516,118.03700256347656,33.31380081176758,28.751380920410156,69.87320709228516,11.548652648925781,26.796415328979492,158.28041076660156,238.43695068359375,88.33000183105469,226.49000549316406,40.20372772216797,11.859999656677246
2025-08-08,256.57000732421875,28.309907913208008,110.82523345947266,166.9824981689453,48.68074417114258,53.50975799560547,201.51455688476562,200.84701538085938,,153.1300048828125,766.786865234375,35.27232360839844,121.16400146484375,32.727779388427734,28.304777145385742,70.12316131591797,10.338701248168945,26.815513610839844,160.7913818359375,240.4490203857422,54.22999954223633,217.3699951171875,40.39094161987305,10.90999984741211
2025-08-11,258.7699890136719,28.077491760253906,110.94351959228516,175.4192657470703,49.11619567871094,53.98522186279297,201.05587768554688,200.42822265625,,154.47000122070312,763.3680419921875,34.89115905761719,121.83100128173828,32.65825653076172,28.16583251953125,70.12316131591797,9.955058097839355,26.87281036376953,177.24569702148438,244.26708984375,53.17499923706055,222.6699981689453,40.41902160644531,10.779999732971191
2025-08-12,263.1000061035156,28.694284439086914,112.09681701660156,177.21221923828125,50.620460510253906,55.59982681274414,203.5786590576172,202.76156616210938,,158.42999267578125,787.419189453125,35.59484100341797,122.52799987792969,33.0555534362793,28.60251235961914,70.83458709716797,10.791204452514648,27.197500228881836,183.17359924316406,247.61402893066406,53.27000045776367,232.55999755859375,40.48454666137695,11.220000267028809
2025-08-13,269.0,29.44516372680664,114.97513580322266,177.7002716064453,53.22322463989258,58.56158447265625,202.45187377929688,201.38548278808594,,158.8699951171875,777.5316772460938,37.86227798461914,120.44400024414062,33.810428619384766,29.39647674560547,73.51683807373047,14.755520820617676,27.121103286743164,188.3531036376953,246.20065307617188,54.36000061035156,236.13999938964844,40.915130615234375,12.050000190734863
2025-08-14,263.20001220703125,29.409404754638672,114.64984130859375,178.30787658691406,54.01494598388672,59.324310302734375,203.23965454101562,202.36270141601562,,161.60000610351562,779.5748901367188,37.78409194946289,123.05599975585938,34.16800308227539,29.575117111206055,72.4977798461914,14.145626068115234,27.45534324645996,188.07737731933594,245.68045043945312,50.7599983215332,233.16000366210938,40.71855545043945,11.779999732971191
2025-08-15,267.79998779296875,29.90105438232422,113.74298095703125,173.9849090576172,52.83726501464844,57.80876541137695,204.32652282714844,203.31997680664062,,160.92999267578125,782.664794921875,37.41270065307617,123.8949966430664,33.80049514770508,29.24760627746582,73.3630142211914,13.496382713317871,27.5699405670166,185.9602813720703,249.92056274414062,52.119998931884766,232.17999267578125,41.4112434387207,11.850000381469727
2025-08-18,266.80999755859375,29.8831729888916,114.88642883300781,168.4965362548828,52.20389175415039,57.02622604370117,203.7082977294922,202.9210968017578,,162.1199951171875,764.8631591796875,36.98267364501953,124.50900268554688,33.9991455078125,29.30715560913086,73.21881866455078,13.27996826171875,27.617687225341797,182.72064208984375,250.4603729248047,54.95000076293945,232.5500030517578,41.55165100097656,11.819999694824219
2025-08-19,267.010009765625,30.294368743896484,114.61041259765625,170.01055908203125,52.66902542114258,57.600746154785156,201.91343688964844,200.99661254882812,,162.89999389648438,749.0250244140625,36.99244689941406,121.41500091552734,34.33685302734375,29.624740600585938,74.67049407958984,13.260293960571289,27.674985885620117,182.07070922851562,253.44415283203125,52.529998779296875,228.36000061035156,42.06648254394531,11.5600004196167
2025-08-20,266.6199951171875,29.758028030395508,115.36943054199219,170.65802001953125,53.45084762573242,58.41300582885742,199.61997985839844,198.7530059814453,,161.89999389648438,745.27734375,36.17147445678711,121.38600158691406,33.98921585083008,29.386552810668945,74.70895385742188,13.752144813537598,27.961477279663086,179.81576538085938,254.21957397460938,52.529998779296875,228.6699981689453,42.17881393432617,11.539999961853027
2025-08-21,267.9800109863281,30.03513526916504,114.55127716064453,170.8771514892578,53.42115783691406,58.47243118286133,200.04873657226562,199.18179321289062,,162.47000122070312,736.6854858398438,35.95646667480469,120.62100219726562,34.23752975463867,29.51556968688965,74.48783874511719,15.768733978271484,28.11427116394043,181.4208221435547,253.38525390625,52.29999923706055,227.8699951171875,42.15072250366211,11.59000015258789
2025-08-22,277.5799865722656,30.526784896850586,117.1634521484375,170.72772216796875,53.86649703979492,58.85874938964844,206.1313934326172,205.5037384033203,,165.72000122070312,752.32421875,36.45490646362305,120.46499633789062,34.93280792236328,30.269834518432617,76.6028823852539,15.739221572875977,27.474441528320312,183.3212890625,247.2901153564453,53.20000076293945,229.02999877929688,41.598453521728516,12.050000190734863
2025-08-25,273.44000244140625,30.40163803100586,116.02986145019531,172.0823974609375,54.07432556152344,59.205448150634766,208.56442260742188,207.89691162109375,,165.83999633789062,750.839111328125,36.33762741088867,121.80699920654297,34.47591018676758,29.91254997253418,76.09334564208984,15.699873924255371,27.44579315185547,180.90879821777344,247.08401489257812,52.369998931884766,231.8300018310547,41.401878356933594,12.039999961853027
2025-08-26,266.6700134277344,30.10664939880371,115.9707260131836,171.55447387695312,53.3914680480957,58.512054443359375,207.3578643798828,206.55075073242188,,166.6199951171875,751.636474609375,36.45490646362305,122.60900115966797,34.058746337890625,29.505645751953125,74.90123748779297,15.581830024719238,27.27389907836914,182.32676696777344,246.5540008544922,52.220001220703125,230.82000732421875,41.14914321899414,11.800000190734863
2025-08-27,269.1499938964844,30.222858428955078,116.40443420410156,172.1129150390625,53.83681106567383,58.95780563354492,207.6171417236328,206.88978576660156,,165.57000732421875,744.9384155273438,36.591732025146484,122.3499984741211,33.87995910644531,29.436172485351562,75.42999267578125,14.56861686706543,27.751380920410156,182.8092498779297,246.71102905273438,52.650001525878906,232.02999877929688,41.43932342529297,12.149999618530273
2025-08-28,263.6300048828125,30.008319854736328,115.96086883544922,170.5074462890625,53.73784637451172,58.898372650146484,211.76527404785156,211.03794860839844,,166.6199951171875,748.65625,36.200801849365234,123.1449966430664,33.82036209106445,29.257532119750977,74.72818756103516,14.450572967529297,27.63678741455078,187.2305450439453,245.9258270263672,55.36000061035156,234.89999389648438,41.12105941772461,12.0600004196167
2025-08-29,265.5799865722656,30.365882873535156,116.69029998779297,171.46473693847656,53.98525619506836,59.1361083984375,212.92198181152344,212.3043670654297,,166.49000549316406,736.286865234375,36.49400329589844,120.82499694824219,33.64157485961914,29.188060760498047,75.30501556396484,14.460409164428711,27.971025466918945,186.65940856933594,248.2011260986328,54.65999984741211,233.27000427246094,41.401878356933594,11.640000343322754
2025-09-02,264.4200134277344,30.508907318115234,116.58187103271484,170.96615600585938,55.0441780090332,60.47335433959961,211.38638305664062,210.74879455566406,,165.47000122070312,732.70849609375,36.14215850830078,121.41100311279297,32.986026763916016,28.632287979125977,74.6259765625,14.224322319030762,27.770483016967773,182.5138397216797,252.04246520996094,54.18000030517578,240.9499969482422,40.99937438964844,11.619999885559082
2025-09-03,261.2200012207031,30.294368743896484,115.70457458496094,167.3862762451172,54.576690673828125,59.78672409057617,230.4419708251953,230.0038604736328,,161.97000122070312,734.6422119140625,36.738338470458984,122.61799621582031,32.66818618774414,28.721607208251953,75.20800018310547,14.814541816711426,27.732282638549805,183.75454711914062,248.8610382080078,53.77000045776367,238.86000061035156,40.943214416503906,11.920000076293945
2025-09-04,259.510009765625,30.348005294799805,117.11416625976562,167.55580139160156,55.02428436279297,60.513160705566406,231.9975128173828,231.63919067382812,,162.97999572753906,746.204345703125,36.54286575317383,125.74800109863281,32.946292877197266,29.078889846801758,76.18775177001953,14.499756813049316,28.247966766357422,187.17147827148438,248.3291473388672,51.91999816894531,240.64999389648438,41.355079650878906,11.770000457763672
2025-09-05,261.5,30.312246322631836,116.22702026367188,168.14413452148438,55.67081069946289,61.199790954589844,234.5003662109375,234.33151245117188,,163.4199981689453,749.9918823242188,37.30519485473633,124.38200378417969,33.174747467041016,29.217832565307617,77.05110168457031,14.755520820617676,28.257516860961914,191.03147888183594,248.95953369140625,52.06999969482422,239.67999267578125,41.542293548583984,12.109999656677246
2025-09-08,263.8800048828125,30.392698287963867,117.14373779296875,167.58570861816406,56.50632095336914,62.17500686645508,233.70193481445312,233.5829620361328,,169.39999389648438,749.84228515625,37.8916015625,124.47599792480469,33.740901947021484,29.714061737060547,76.57577514648438,14.942422866821289,27.598588943481445,197.40248107910156,239.24777221679688,52.029998779296875,248.77999877929688,40.550071716308594,12.350000381469727
2025-09-09,263.3500061035156,30.09770965576172,115.6947250366211,165.5714111328125,52.73657989501953,58.35375213623047,239.4706268310547,239.16204833984375,,170.3000030517578,763.1986083984375,37.34429168701172,126.32499694824219,32.23115539550781,29.19798469543457,75.40201568603516,14.952260971069336,28.095170974731445,193.42428588867188,239.07049560546875,52.400001525878906,247.86000061035156,40.784080505371094,12.260000228881836
2025-09-10,263.0,29.927867889404297,114.13727569580078,169.78948974609375,51.523101806640625,56.91082763671875,239.09136962890625,238.7029571533203,,170.89999389648438,749.5234375,37.04131317138672,124.77100372314453,31.444053649902344,28.6502742767334,73.72383117675781,14.863727569580078,27.885080337524414,192.14419555664062,236.7656707763672,46.13999938964844,244.0399932861328,40.70920181274414,12.539999961853027
2025-09-11,263.9200134277344,29.856355667114258,115.40885925292969,169.41053771972656,52.55754089355469,58.44331359863281,240.30897521972656,239.90060424804688,,174.05999755859375,748.4469604492188,37.15859603881836,120.3499984741211,32.15144729614258,29.397153854370117,75.50871276855469,17.175424575805664,28.162019729614258,199.1453857421875,237.76048278808594,45.2400016784668,246.5399932861328,41.31763458251953,16.170000076293945
2025-09-12,263.3999938964844,29.55242919921875,114.30484008789062,171.89352416992188,52.5078125,57.96565628051758,240.90782165527344,240.32977294921875,,173.72999572753906,753.12158203125,36.894710540771484,118.84400177001953,32.15144729614258,29.108360290527344,74.88788604736328,18.48375129699707,28.238418579101562,199.34231567382812,238.0855255126953,45.150001525878906,246.25999450683594,41.158504486083984,18.8700008392334
2025-09-15,260.7200012207031,29.15911102294922,113.96969604492188,171.28524780273438,52.796260833740234,58.48311996459961,251.2675018310547,251.11865234375,,172.3800048828125,762.2018432617188,36.62105941772461,120.22599792480469,32.729312896728516,29.765613555908203,74.5483627319336,18.325937271118164,28.286165237426758,202.11978149414062,236.1352996826172,45.540000915527344,247.25,41.06489562988281,19.459999084472656
2025-09-16,261.0799865722656,28.864126205444336,113.58526611328125,171.59437561035156,51.73197937011719,57.1894645690918,250.9281768798828,250.66954040527344,,170.4199981689453,776.455078125,36.591732025146484,120.0510025024414,32.679500579833984,29.606279373168945,74.59687805175781,17.290294647216797,28.00922393798828,197.96844482421875,234.0471649169922,44.89500045776367,247.72999572753906,40.943214416503906,18.25
2025-09-17,268.0199890136719,28.989273071289062,114.4428482055664,173.10009765625,53.28364181518555,58.93092346191406,249.3612518310547,249.04270935058594,,169.3699951171875,773.1858520507812,36.738338470458984,122.8499984741211,33.02821350097656,30.104198455810547,74.30585479736328,17.67496109008789,28.209766387939453,199.0458221435547,235.8496551513672,45.369998931884766,250.52000427246094,41.38315963745117,17.989999771118164
2025-09-18,262.1700134277344,28.28308868408203,113.22055053710938,172.68128967285156,53.73123550415039,59.54789352416992,251.83639526367188,251.537841796875,,164.67999267578125,777.7011108398438,37.69613265991211,120.77799987792969,33.436710357666016,30.323284149169922,73.76263427734375,17.63550567626953,27.885080337524414,200.4493408203125,235.2389678955078,43.93000030517578,249.74000549316406,40.877685546875,18.700000762939453
2025-09-19,262.54998779296875,28.23839569091797,112.13624572753906,172.6015167236328,54.258399963378906,60.3240852355957,254.74070739746094,254.22259521484375,,163.72000122070312,775.837158203125,37.637489318847656,122.6969985961914,33.79538345336914,30.492576599121094,72.76347351074219,18.661287307739258,27.70363426208496,198.77894592285156,234.58889770507812,44.470001220703125,250.85000610351562,40.6998405456543,19.329999923706055
2025-09-22,266.1300048828125,28.149002075195312,110.953369140625,172.9305877685547,55.720542907714844,62.115299224853516,252.38531494140625,252.036865234375,,165.14999389648438,763.175048828125,35.60462188720703,122.73699951171875,34.024539947509766,30.68178367614746,72.2978515625,18.355525970458984,27.617687225341797,197.3556365966797,233.869873046875,46.150001525878906,251.63999938964844,40.400299072265625,19.610000610351562
2025-09-23,267.0400085449219,28.26521110534668,110.64779663085938,173.57875061035156,55.133697509765625,61.30925369262695,251.8463592529297,251.16856384277344,,164.1300048828125,753.4404296875,36.10306167602539,121.84700012207031,33.63597106933594,30.452741622924805,73.99543762207031,19.4602108001709,27.493541717529297,199.94525146484375,235.88905334472656,46.86000061035156,251.27999877929688,40.57815170288086,19.559999465942383
2025-09-24,263.3900146484375,28.256269454956055,111.81095886230469,166.8777313232422,54.00973892211914,59.8663330078125,247.34518432617188,246.6573944091797,,162.0800018310547,758.686767578125,35.2820930480957,120.3949966430664,33.46659851074219,30.104198455810547,74.76177978515625,18.85855484008789,27.044706344604492,193.5205841064453,234.8154296875,46.869998931884766,244.1199951171875,40.41902160644531,19.81999969482422
2025-09-25,270.57000732421875,28.26521110534668,111.37723541259766,167.84498596191406,54.168880462646484,59.93598937988281,246.08766174316406,245.3100128173828,,161.99000549316406,746.96728515625,35.07685470581055,120.8239974975586,33.28725814819336,30.054407119750977,73.607421875,18.67115020751953,27.025604248046875,193.5205841064453,234.3623504638672,46.7599983215332,245.11000061035156,40.57815170288086,19.780000686645508
2025-09-26,273.3999938964844,28.35460090637207,111.85038757324219,192.80435180664062,54.99444580078125,60.85150146484375,246.6964569091797,246.05853271484375,,161.7899932861328,741.8206787109375,35.41893005371094,121.06099700927734,33.50645065307617,30.323284149169922,74.74237823486328,18.661287307739258,27.03515625,196.73292541503906,233.89942932128906,47.13999938964844,256.1199951171875,40.82152557373047,19.510000228881836
2025-09-29,276.1199951171875,28.149002075195312,113.14168548583984,201.47979736328125,56.69530487060547,62.573055267333984,243.88197326660156,243.57342529296875,,164.36000061035156,741.4715576171875,35.673038482666016,120.64099884033203,34.33340072631836,30.900869369506836,76.76008605957031,19.233356475830078,26.805965423583984,202.95004272460938,234.38204956054688,49.63999938964844,259.9599914550781,40.48454666137695,18.860000610351562
2025-09-30,275.1099853515625,28.0864315032959,112.86568450927734,201.1307830810547,56.98375701904297,62.75217819213867,243.07357788085938,242.6252899169922,,163.39999389648438,732.4749755859375,34.5197639465332,119.89199829101562,34.42306900024414,30.58220100402832,79.08820343017578,18.661287307739258,26.968307495117188,199.61907958984375,235.78070068359375,49.0099983215332,258.3599853515625,41.13978958129883,19.530000686645508
2025-10-01,275.1000061035156,27.95092010498047,111.33780670166016,201.06097412109375,55.650917053222656,61.587886810302734,245.05966186523438,244.42176818847656,,158.8800048828125,715.4791870117188,33.845401763916016,117.08999633789062,32.34074783325195,28.829526901245117,75.1303939819336,18.631694793701172,26.30937957763672,196.4561767578125,229.75271606445312,49.31999969482422,255.39999389648438,41.02745819091797,19.350000381469727
2025-10-02,269.6099853515625,27.463090896606445,110.53937530517578,200.43275451660156,55.581295013427734,61.75706100463867,245.9479217529297,245.21022033691406,,156.6699981689453,725.1640014648438,33.972450256347656,116.25299835205078,32.161407470703125,28.431188583374023,74.5483627319336,18.365388870239258,25.793699264526367,195.70498657226562,226.67962646484375,50.880001068115234,256.94000244140625,40.62495040893555,19.239999771118164
2025-10-03,280.010009765625,27.914785385131836,110.86466217041016,200.12362670898438,55.451988220214844,61.65754318237305,245.9678955078125,244.87088012695312,,156.32000732421875,708.7167358398438,33.726776123046875,115.33200073242188,31.972108840942383,28.26189613342285,75.28560638427734,18.828962326049805,25.84144401550293,195.06253051757812,226.80767822265625,51.54999923706055,257.67999267578125,40.877685546875,18.989999771118164
2025-10-06,282.739990234375,28.0864315032959,111.14066314697266,199.894287109375,54.7756233215332,61.080379486083984,251.0179901123047,249.94094848632812,,155.94000244140625,713.8035278320312,33.41230773925781,116.33100128173828,31.69313621520996,27.943227767944336,76.1489486694336,18.86841583251953,24.705036163330078,195.85325622558594,221.57752990722656,53.13999938964844,256.9800109863281,38.79027557373047,19.079999923706055
2025-10-07,276.4800109863281,27.643766403198242,110.9238052368164,199.4555206298828,54.7756233215332,61.209739685058594,246.64657592773438,245.2800750732422,,155.3300018310547,711.230224609375,32.527862548828125,119.10600280761719,30.77651596069336,27.26605796813965,77.3712158203125,18.256893157958984,24.981975555419922,195.6654510498047,224.25662231445312,53.4900016784668,260.5,38.752838134765625,18.600000381469727
2025-10-08,274.3699951171875,27.797344207763672,110.29293823242188,199.44554138183594,53.47262191772461,59.8663330078125,244.97984313964844,244.14230346679688,,149.9499969482422,715.9779663085938,32.635963439941406,121.42500305175781,30.387948989868164,26.907556533813477,77.24510192871094,18.24703025817871,25.067920684814453,191.8996124267578,223.17315673828125,54.06999969482422,258.07000732421875,38.677947998046875,17.889999389648438
2025-10-09,265.0,27.17400550842285,109.4057846069336,199.48544311523438,52.37850570678711,58.5826301574707,241.7362060546875,241.05833435058594,,152.75,731.607177734375,31.918581008911133,123.10700225830078,29.60085105895996,26.349885940551758,75.27590942382812,17.724275588989258,24.9246768951416,184.30862426757812,222.80873107910156,54.09000015258789,256.69000244140625,38.21928405761719,17.670000076293945
2025-10-10,259.489990234375,26.613903045654297,107.63147735595703,199.4555206298828,51.125240325927734,56.990440368652344,237.02542114257812,236.10801696777344,,152.9600067138672,703.4703979492188,30.90638542175293,122.00800323486328,29.17243194580078,25.672718048095703,74.20884704589844,16.767541885375977,24.971010208129883,184.8819122314453,225.34991455078125,52.36000061035156,251.97000122070312,37.94315719604492,17.100000381469727
2025-10-13,258.7300109863281,26.56873321533203,108.69605255126953,199.72474670410156,51.67230224609375,57.81638717651367,244.1614227294922,243.6732177734375,,153.86000061035156,713.8433837890625,31.564802169799805,121.90299987792969,29.441438674926758,25.981428146362305,74.21855163574219,16.866174697875977,24.70073699951172,186.41395568847656,221.67601013183594,51.275001525878906,256.67999267578125,37.84794235229492,17.780000686645508
2025-10-14,266.25,27.09269905090332,109.58321380615234,199.635009765625,51.831443786621094,57.82633972167969,245.70840454101562,244.97068786621094,,152.8300018310547,706.8117065429688,31.879268646240234,121.53500366210938,29.8399715423584,26.529138565063477,76.19746398925781,17.05357551574707,25.221973419189453,187.76808166503906,225.970458984375,50.72999954223633,257.7200012207031,38.60966110229492,17.979999542236328
2025-10-15,264.55999755859375,26.848783493041992,110.1155014038086,200.18345642089844,51.32416915893555,57.269073486328125,251.2176055908203,250.539794921875,,155.22999572753906,715.6886596679688,32.30183792114258,120.3290023803711,29.81007957458496,26.459428787231445,76.93468475341797,17.191661834716797,25.164058685302734,188.9936981201172,223.2421112060547,51.099998474121094,261.5,38.44779968261719,18.450000762939453
2025-10-16,255.33999633789062,26.433223724365234,108.3116226196289,199.7845916748047,50.99593734741211,56.72175598144531,251.3872833251953,250.9689483642578,,151.7100067138672,710.2228393554688,31.79082489013672,118.35900115966797,29.37169647216797,25.802175521850586,74.89759063720703,16.668907165527344,25.289541244506836,185.65286254882812,223.0451202392578,49.900001525878906,259.2300109863281,38.42875671386719,18.290000915527344
2025-10-17,253.16000366210938,26.686174392700195,109.0903549194336,199.7347412109375,51.61262130737305,57.78653335571289,253.2935333251953,252.80535888671875,,155.19000244140625,715.0602416992188,31.86944580078125,119.93599700927734,29.4215145111084,25.911718368530273,75.19829559326172,16.540687561035156,25.4246768951416,187.0860595703125,225.88182067871094,49.97999954223633,261.3500061035156,38.60966110229492,18.190000534057617
2025-10-20,251.50999450683594,26.713275909423828,110.3619384765625,200.02391052246094,51.831443786621094,57.895999908447266,256.5172119140625,256.04901123046875,,156.77000427246094,730.2706298828125,32.40993881225586,123.85600280761719,29.830007553100586,26.329971313476562,75.84823608398438,16.757678985595703,25.193017959594727,184.6545867919922,226.63038635253906,52.494998931884766,262.2900085449219,38.84770202636719,18.31999969482422
2025-10-21,252.52000427246094,27.074628829956055,112.66854095458984,199.98402404785156,52.18952178955078,58.44331359863281,250.84832763671875,249.9709014892578,,157.24000549316406,731.367919921875,32.48855972290039,124.13500213623047,29.889785766601562,26.270219802856445,76.3526611328125,16.284242630004883,25.14475440979004,184.00222778320312,225.63555908203125,53.91999816894531,260.2799987792969,38.37162399291992,20.329999923706055
2025-10-22,244.94000244140625,26.5596981048584,111.46595764160156,200.18345642089844,52.209415435791016,58.29404830932617,252.03599548339844,251.19850158691406,,156.14999389648438,731.5075073242188,32.596649169921875,111.63700103759766,29.750301361083984,26.14076042175293,78.79719543457031,16.343420028686523,24.662128448486328,184.80284118652344,223.98081970214844,53.88999938964844,255.55999755859375,37.89555358886719,20.530000686645508
2025-10-23,243.9199981689453,26.469358444213867,111.41667175292969,200.05381774902344,52.5475959777832,58.52292251586914,253.233642578125,252.58578491210938,,153.3300018310547,732.095947265625,32.18391418457031,111.35900115966797,30.029272079467773,26.290136337280273,77.92414093017578,16.244787216186523,23.764448165893555,184.68423461914062,216.6822509765625,54.130001068115234,254.52999877929688,36.56254577636719,21.25
2025-10-24,244.1999969482422,26.451290130615234,110.0859375,200.27320861816406,52.61722183227539,59.09014129638672,260.0003967285156,259.4124450683594,,152.86000061035156,736.4446411132812,32.056156158447266,109.46900177001953,30.039234161376953,26.21047019958496,76.63397979736328,16.491371154785156,24.266376495361328,184.68423461914062,214.49563598632812,52.0,255.1199951171875,36.96244430541992,21.149999618530273
2025-10-27,245.44000244140625,26.57776641845703,110.73651123046875,199.9341583251953,54.51701354980469,60.97091293334961,269.4019470214844,268.744140625,,153.1699981689453,748.872314453125,32.25270462036133,109.45600128173828,30.84625816345215,26.638681411743164,76.82798767089844,16.343420028686523,24.642824172973633,185.33657836914062,217.3618621826172,53.61000061035156,254.27000427246094,37.35282516479492,21.040000915527344
2025-10-28,248.8800048828125,26.451290130615234,110.05636596679688,199.7347412109375,54.23850631713867,60.81169509887695,267.9049072265625,266.94769287109375,,151.07000732421875,749.4906616210938,32.1151237487793,110.25,31.05548858642578,26.568971633911133,74.61626434326172,15.98834228515625,24.806915283203125,185.27728271484375,216.6822509765625,51.66999816894531,251.57000732421875,37.43852233886719,20.989999771118164
2025-10-29,241.55999755859375,25.77374839782715,108.6664810180664,199.635009765625,54.059471130371094,60.513160705566406,274.6317138671875,274.0338439941406,,149.19000244140625,749.7200927734375,31.476356506347656,110.04100036621094,30.158794403076172,25.941593170166016,72.98658752441406,15.662856101989746,24.266376495361328,184.43711853027344,211.77713012695312,49.959999084472656,251.72999572753906,38.28593063354492,21.34000015258789
2025-10-30,230.9199981689453,24.680644989013672,110.24365234375,199.35580444335938,58.515525817871094,65.19021606445312,281.3485412597656,280.93035888671875,,148.02000427246094,664.7410888671875,31.741689682006836,108.9000015258789,30.397912979125977,26.36980438232422,72.80228424072266,15.2485990524292,23.82236099243164,185.60345458984375,207.48268127441406,48.970001220703125,252.77999877929688,37.09574508666992,21.6200008392334
2025-10-31,233.83999633789062,25.150407791137695,111.01251983642578,199.49539184570312,58.0977668762207,64.33441925048828,281.2687072753906,280.640869140625,,149.52999877929688,646.6681518554688,31.781002044677734,111.88600158691406,30.35805892944336,26.389720916748047,72.7731704711914,15.179556846618652,23.88992691040039,186.2162628173828,206.89170837402344,50.279998779296875,256.3699951171875,37.83842468261719,22.450000762939453
2025-11-03,222.1999969482422,24.373493194580078,110.51966094970703,199.3258819580078,57.01359558105469,63.30944061279297,283.564208984375,283.16595458984375,,149.83999633789062,636.0557861328125,31.938232421875,110.00900268554688,29.949565887451172,25.88184356689453,70.8427734375,15.209146499633789,23.67757225036621,185.53427124023438,200.26290893554688,49.119998931884766,255.64999389648438,37.58134460449219,22.290000915527344
2025-11-04,220.91000366210938,24.789052963256836,109.8789291381836,200.21336364746094,57.83916091918945,64.21499633789062,277.51605224609375,276.9980163574219,,150.75,625.6926879882812,31.004655838012695,109.2959976196289,28.96320343017578,25.6926326751709,71.3375015258789,14.637077331542969,23.590702056884766,185.17843627929688,203.18824768066406,47.2400016784668,252.42999267578125,37.43852233886719,22.600000381469727
2025-11-05,225.14999389648438,25.24074935913086,109.77050018310547,200.17349243164062,58.04803466796875,64.46377563476562,284.1929626464844,283.7547912597656,,134.7899932861328,634.30029296875,32.616310119628906,109.84600067138672,29.09272575378418,25.53329849243164,71.20169830322266,14.883659362792969,23.706533432006836,185.0697021484375,201.6615447998047,47.70000076293945,254.75999450683594,37.79081344604492,22.760000228881836
2025-11-06,217.86000061035156,24.671611785888672,108.91291809082031,199.81451416015625,59.022796630859375,65.38923645019531,284.7818298339844,284.1939392089844,,137.77000427246094,617.3344116210938,32.08564376831055,109.7020034790039,28.375370025634766,24.975629806518555,70.8039779663086,14.597624778747559,23.88027572631836,178.90203857421875,197.9876251220703,45.900001525878906,252.39999389648438,37.91459274291992,22.420000076293945
2025-11-07,219.86000061035156,24.707746505737305,109.15934753417969,200.0338897705078,59.16204833984375,65.6479721069336,279.1528625488281,278.28546142578125,,140.50999450683594,620.0972900390625,32.30183792114258,110.36599731445312,30.178722381591797,26.60880470275879,72.05534362792969,14.893523216247559,23.967147827148438,180.44393920898438,203.8875732421875,43.0,232.0,38.11454772949219,22.670000076293945
2025-11-10,210.4499969482422,24.499967575073242,110.637939453125,200.83160400390625,59.729000091552734,66.20523834228516,290.02154541015625,289.5334777832031,,143.35000610351562,630.1211547851562,32.73423385620117,112.00700378417969,30.20861053466797,26.6884708404541,70.56145477294922,15.041470527648926,23.967147827148438,177.09324645996094,202.7745361328125,43.2599983215332,234.05999755859375,37.94315719604492,22.979999542236328
2025-11-11,209.22000122070312,24.798084259033203,113.210693359375,201.36012268066406,59.6693229675293,66.11567687988281,291.1692810058594,290.7411193847656,,141.85000610351562,625.4533081054688,32.370628356933594,113.64399719238281,30.108978271484375,26.718347549438477,71.69642639160156,16.511096954345703,24.30498695373535,177.59732055664062,208.7926788330078,44.20000076293945,240.6999969482422,38.75248718261719,23.049999237060547
2025-11-12,213.07000732421875,25.19557762145996,114.98499298095703,201.429931640625,59.94782638549805,66.38436126708984,286.86773681640625,286.15008544921875,,140.49000549316406,607.43017578125,32.41976547241211,115.75,30.21857452392578,26.708389282226562,71.87103271484375,15.357094764709473,24.75865364074707,179.5741424560547,209.48216247558594,43.790000915527344,240.33999633789062,38.84770202636719,22.190000534057617
2025-11-13,204.8000030517578,25.267847061157227,106.07403564453125,200.77178955078125,58.634883880615234,65.12055969238281,278.573974609375,278.0260314941406,,136.82000732421875,608.3079223632812,31.9775447845459,115.4229965209961,29.57096290588379,26.16067886352539,70.87187957763672,15.159830093383789,24.855178833007812,180.52304077148438,211.34375,42.869998931884766,237.5500030517578,39.14286804199219,22.139999389648438
2025-11-14,203.10000610351562,24.8522891998291,104.28987121582031,200.49256896972656,58.147499084472656,64.52348327636719,276.43817138671875,275.8702087402344,,135.86000061035156,607.8790283203125,31.72203826904297,111.21700286865234,29.45140266418457,26.04117774963379,70.06673431396484,15.465591430664062,24.70073699951172,181.9562225341797,212.83103942871094,41.93000030517578,235.02999877929688,39.09526062011719,23.030000686645508
2025-11-17,201.83999633789062,24.59030532836914,104.18143463134766,200.20339965820312,57.74964141845703,64.23490905761719,285.04132080078125,284.46337890625,,132.4199981689453,600.4483032226562,31.034137725830078,110.29000091552734,28.813753128051758,25.373964309692383,70.8427734375,15.514906883239746,24.584909439086914,182.6085662841797,212.5946502685547,40.209999084472656,233.5800018310547,39.04764938354492,22.739999771118164
2025-11-18,200.69000244140625,24.716779708862305,104.76300811767578,201.24046325683594,58.20718002319336,64.64289855957031,284.4025573730469,283.724853515625,,131.3300018310547,596.1395874023438,30.945693969726562,114.08999633789062,28.684232711791992,25.20467185974121,71.3375015258789,15.869985580444336,24.710390090942383,184.3975830078125,209.87615966796875,40.470001220703125,239.08999633789062,39.49515914916992,23.690000534057617
2025-11-19,194.22000122070312,24.274118423461914,103.17599487304688,201.0111083984375,57.94856643676758,64.46377563476562,292.4168395996094,292.2381896972656,,130.0,588.7886962890625,30.965347290039062,110.0,28.25581169128418,24.866086959838867,69.84362030029297,15.258462905883789,24.39185905456543,186.1865997314453,208.09336853027344,40.189998626708984,240.4600067138672,39.21903991699219,23.09000015258789
2025-11-20,194.7100067138672,24.05730438232422,101.2341079711914,200.5524139404297,58.33648681640625,64.822021484375,289.41278076171875,288.884765625,,129.00999450683594,587.6217041015625,30.709842681884766,105.66999816894531,27.877206802368164,24.696794509887695,69.3683090209961,15.465591430664062,24.63317108154297,174.44432067871094,207.3447723388672,38.349998474121094,235.3699951171875,38.80961227416992,22.8799991607666
2025-11-21,203.0,24.707746505737305,102.79155731201172,200.12362670898438,58.8238639831543,65.36933898925781,299.0638122558594,299.0747985839844,,130.6300048828125,592.70849609375,31.712209701538086,104.30999755859375,28.89345932006836,25.583091735839844,72.62767028808594,15.672719955444336,25.02892303466797,176.10482788085938,206.3302764892578,39.650001525878906,235.47000122070312,39.25712203979492,23.170000076293945
2025-11-24,199.0800018310547,23.90372657775879,100.4849624633789,200.4826202392578,57.40150833129883,63.98612594604492,317.8470153808594,317.9578552246094,,125.61000061035156,611.459716796875,31.98737144470215,106.97000122070312,28.75397491455078,25.1250057220459,72.58887481689453,14.854068756103516,24.729698181152344,179.5445098876953,204.22244262695312,39.060001373291016,239.07000732421875,38.28593063354492,22.860000610351562
2025-11-25,200.75999450683594,24.102476119995117,101.83539581298828,201.0908966064453,57.66012191772461,64.41402435302734,323.00689697265625,322.8083801269531,,129.55999755859375,634.5695190429688,32.81285095214844,104.4000015258789,28.95323944091797,25.304256439208984,70.66816711425781,15.426138877868652,24.96135711669922,185.2476043701172,203.78907775878906,39.09000015258789,241.83999633789062,38.64774703979492,22.959999084472656
2025-11-26,199.80999755859375,24.003101348876953,101.95369720458984,201.35015869140625,57.80931854248047,64.73246765136719,319.6534423828125,319.3252258300781,,131.0500030517578,631.96630859375,32.64579391479492,106.13999938964844,29.212284088134766,25.473548889160156,69.35860443115234,15.574087142944336,24.922746658325195,191.12864685058594,204.63043212890625,39.11000061035156,243.6300048828125,38.92387390136719,23.8799991607666
2025-11-28,200.1199951171875,24.11150550842285,102.97884368896484,201.4598388671875,57.94856643676758,65.18026733398438,319.4937744140625,319.55474853515625,,131.4499969482422,646.2691650390625,32.73423385620117,107.58000183105469,29.321880340576172,25.57313346862793,69.47500610351562,15.800942420959473,25.11579704284668,191.64260864257812,206.88726806640625,39.560001373291016,246.07000732421875,39.14286804199219,24.0
2025-12-01,196.94000244140625,24.012136459350586,105.24601745605469,202.04818725585938,59.022796630859375,66.06591796875,314.5035400390625,314.2751159667969,,131.10000610351562,639.2074584960938,33.166629791259766,109.12999725341797,28.873533248901367,25.413799285888672,69.85333251953125,15.4951810836792,24.893789291381836,191.7315673828125,204.53146362304688,39.58000183105469,249.33999633789062,38.79057312011719,23.8700008392334
2025-12-02,197.72000122070312,24.40962791442871,103.33370971679688,202.6664276123047,58.903438568115234,65.92660522460938,315.40179443359375,315.1932678222656,,128.5399932861328,645.4213256835938,33.11749267578125,109.3499984741211,28.863569259643555,25.29429817199707,70.29955291748047,15.603676795959473,24.63317108154297,192.38392639160156,207.99591064453125,39.95000076293945,246.8300018310547,38.66679382324219,24.530000686645508
2025-12-03,199.9600067138672,24.78001594543457,104.230712890625,202.8261260986328,59.01285171508789,66.12562561035156,319.9927978515625,319.0058288574219,,136.00999450683594,637.9407958984375,33.048702239990234,103.95999908447266,28.903423309326172,25.453632354736328,68.87358093261719,14.469402313232422,24.440120697021484,192.6409149169922,206.39234924316406,38.61000061035156,244.9499969482422,38.72392272949219,24.56999969482422
2025-12-04,199.97999572753906,24.57223892211914,103.9645767211914,203.05569458007812,59.86825180053711,67.45909118652344,317.7671813964844,316.999755859375,,139.67999267578125,659.81396484375,33.29438400268555,103.22000122070312,29.022981643676758,25.523340225219727,68.06843566894531,14.617350578308105,24.507686614990234,198.54171752929688,205.89743041992188,39.349998474121094,247.50999450683594,39.28568649291992,24.540000915527344
2025-12-05,205.10000610351562,24.671611785888672,103.79700469970703,203.53477478027344,60.564510345458984,68.06610870361328,321.4599304199219,320.6426086425781,,139.3300018310547,671.673095703125,33.92332077026367,100.23999786376953,29.481292724609375,25.931636810302734,71.2405014038086,13.187177658081055,24.401512145996094,199.87608337402344,207.50099182128906,40.04999923706055,247.8800048828125,39.69511032104492,26.079999923706055
2025-12-08,204.64999389648438,24.07537269592285,106.09374237060547,203.1455078125,60.932533264160156,68.87215423583984,314.0396423339844,313.3121643066406,,138.0800018310547,665.0702514648438,33.540061950683594,96.79000091552734,29.212284088134766,25.6229248046875,70.95918273925781,14.370768547058105,23.976802825927734,201.45755004882812,202.3636932373047,39.349998474121094,247.27999877929688,39.32377243041992,27.229999542236328
2025-12-09,205.1300048828125,24.20184898376465,105.49244689941406,203.4349822998047,61.86750793457031,69.95684051513672,317.3353271484375,316.66778564453125,,139.07000732421875,655.2557983398438,33.43196105957031,96.70999908447266,29.331844329833984,25.842010498046875,71.0464859008789,14.439812660217285,23.658267974853516,194.8253173828125,199.30508422851562,39.400001525878906,248.72999572753906,38.21928024291992,28.260000228881836
2025-12-10,213.2899932861328,24.91552734375,107.27661895751953,203.1255645751953,63.09093475341797,71.38980102539062,320.5810852050781,319.7937316894531,,138.82000732421875,648.4435424804688,33.22559356689453,92.70999908447266,29.411550521850586,26.011302947998047,75.1012954711914,14.518718719482422,23.542438507080078,194.6572723388672,193.33633422851562,39.220001220703125,246.02000427246094,38.00980758666992,29.530000686645508
2025-12-11,212.05999755859375,24.933595657348633,109.86907196044922,203.2752685546875,63.10087966918945,71.46941375732422,313.2906188964844,312.02386474609375,,141.8699951171875,651.016845703125,32.60647964477539,94.08999633789062,29.45140266418457,25.99138641357422,77.67192840576172,13.926922798156738,23.45556640625,201.9319610595703,193.34620666503906,37.02000045776367,242.41000366210938,38.29545593261719,29.489999771118164
2025-12-12,206.60000610351562,24.599340438842773,110.007080078125,203.3451385498047,62.74280548095703,70.7529296875,310.11474609375,308.887939453125,,143.13999938964844,642.5587768554688,32.616310119628906,95.19000244140625,29.551034927368164,26.110885620117188,77.84654235839844,13.552118301391602,23.72583770751953,206.00421142578125,193.17794799804688,36.650001525878906,241.47000122070312,38.93339538574219,29.979999542236328
2025-12-15,209.52000427246094,25.484664916992188,109.64981079101562,203.8142547607422,62.872108459472656,70.8823013305664,308.91632080078125,307.8193359375,,141.66000366210938,646.3570556640625,32.056156158447266,93.7699966430664,29.16246795654297,25.941593170166016,78.06965637207031,13.798699378967285,23.465219497680664,205.81570434570312,194.16778564453125,36.189998626708984,244.55999755859375,38.84770202636719,29.709999084472656
2025-12-16,211.2899932861328,26.857818603515625,110.77122497558594,203.8142547607422,62.235530853271484,70.01654052734375,307.3283996582031,306.1714782714844,,138.10000610351562,655.9798583984375,31.663076400756836,94.56999969482422,29.37169647216797,25.782258987426758,78.224853515625,13.660614967346191,23.233558654785156,208.99049377441406,195.98910522460938,36.63999938964844,244.52999877929688,38.80009078979492,28.899999618530273
2025-12-17,209.66000366210938,27.390819549560547,109.78874969482422,203.24533081054688,62.782588958740234,70.82258605957031,297.6710205078125,296.3342590332031,,136.41000366210938,648.343505859375,31.948062896728516,94.79000091552734,29.501218795776367,25.921676635742188,80.22315979003906,12.920869827270508,23.51348304748535,209.95286560058594,197.35508728027344,37.16999816894531,240.5500030517578,38.92387390136719,28.209999084472656
2025-12-18,206.5,27.345651626586914,111.01932525634766,203.5148162841797,63.071041107177734,70.91214752197266,303.3536071777344,302.0668029785156,,138.8800048828125,663.2669067382812,32.04633712768555,94.0,29.66063117980957,26.1208438873291,79.21430969238281,12.881266593933105,23.41695785522461,209.94293212890625,198.23605346679688,37.290000915527344,246.64999389648438,38.47636413574219,27.610000610351562
2025-12-19,205.0,26.713275909423828,110.39411163330078,203.53477478027344,63.26002502441406,71.4196548461914,308.2072448730469,306.7607116699219,,141.10000610351562,657.5969848632812,32.44924545288086,94.38999938964844,29.680559158325195,25.971467971801758,78.59713745117188,12.920869827270508,23.310779571533203,211.75851440429688,194.73199462890625,37.2599983215332,247.39999389648438,37.91459274291992,27.770000457763672
2025-12-22,206.02000427246094,26.433223724365234,111.52543640136719,203.40501403808594,64.20494842529297,73.26062774658203,310.9236755371094,309.3773193359375,,141.75,660.3220825195312,32.20356750488281,93.2300033569336,29.780189514160156,26.16067886352539,78.0191421508789,13.475329399108887,23.45556640625,213.79237365722656,193.77183532714844,37.290000915527344,248.5800018310547,38.06694030761719,28.75
2025-12-23,205.27999877929688,26.541629791259766,112.35905456542969,203.88414001464844,64.15521240234375,73.35018920898438,315.2680358886719,313.94134521484375,,144.10000610351562,663.7559814453125,32.19374084472656,93.5,29.889785766601562,26.290136337280273,77.09827423095703,13.396120071411133,23.610004425048828,214.00071716308594,195.66244506835938,37.439998626708984,249.22999572753906,38.00980758666992,29.149999618530273
2025-12-24,208.4600067138672,26.902986526489258,113.6094741821289,204.39315795898438,64.59286499023438,73.5492172241211,315.258056640625,313.6816711425781,,145.30999755859375,666.3613891601562,32.321495056152344,93.63999938964844,29.899749755859375,26.329971313476562,78.32283020019531,13.604042053222656,23.803056716918945,216.26275634765625,196.99874877929688,38.119998931884766,251.60000610351562,38.39066696166992,29.229999542236328
2025-12-26,207.16000366210938,26.794580459594727,112.69646453857422,204.4031219482422,65.07029724121094,73.93730926513672,314.5489501953125,313.10247802734375,,145.80999755859375,662.10888671875,31.9775447845459,94.47000122070312,29.760265350341797,26.110885620117188,78.40120697021484,13.455526351928711,23.79340362548828,215.72702026367188,198.95863342285156,38.310001373291016,256.0899963378906,38.54301452636719,28.799999237060547
2025-12-29,209.0399932861328,26.98429298400879,113.3216781616211,203.88414001464844,64.77190399169922,73.45964813232422,313.979736328125,313.15240478515625,,144.57000732421875,657.5171508789062,31.830137252807617,94.1500015258789,29.690519332885742,26.14076042175293,78.8322525024414,13.366416931152344,23.90923500061035,214.40750122070312,201.08677673339844,38.38999938964844,255.6999969482422,38.54301452636719,28.790000915527344
2025-12-30,209.60000610351562,27.074628829956055,113.9171142578125,203.9639892578125,65.04045867919922,73.3402328491211,314.1394958496094,313.4420166015625,,144.08999633789062,664.7642211914062,31.60411262512207,93.77999877929688,29.81007957458496,26.28017807006836,79.08696746826172,13.37631893157959,23.947843551635742,212.48275756835938,201.73019409179688,38.119998931884766,257.9100036621094,38.75248718261719,28.940000534057617
2025-12-31,208.75,27.00235939025879,112.90486907958984,203.9440155029297,64.58291625976562,72.71331024169922,313.3904724121094,312.5931091308594,,142.5,658.9146728515625,31.731868743896484,93.76000213623047,29.52114486694336,26.011302947998047,79.10655212402344,13.267406463623047,23.976802825927734,207.35350036621094,200.9779052734375,37.959999084472656,256.0299987792969,38.78104782104492,28.81999969482422
2026-01-02,209.27999877929688,26.686174392700195,110.99947357177734,204.02386474609375,65.60740661621094,73.39994812011719,314.90850830078125,314.74029541015625,,145.30999755859375,649.2518920898438,31.19137191772461,90.98999786376953,29.66063117980957,26.081010818481445,79.66495513916016,13.04958438873291,23.706533432006836,205.30972290039062,197.5530548095703,37.68000030517578,251.60000610351562,38.58109664916992,28.510000228881836
2026-01-05,210.00999450683594,27.115020751953125,113.20259094238281,203.9739532470703,67.39778900146484,75.30062103271484,316.9058837890625,316.1285095214844,,145.30999755859375,657.616943359375,31.898927688598633,91.45999908447266,29.79015350341797,26.081010818481445,76.7553939819336,12.8515625,23.851318359375,202.04563903808594,198.82005310058594,40.11000061035156,257.30999755859375,38.30497741699219,28.530000686645508
2026-01-06,210.6199951171875,26.430641174316406,113.69879150390625,203.89410400390625,67.36795043945312,75.73847198486328,314.1394958496094,313.9313659667969,,145.52000427246094,659.4437255859375,32.353633880615234,90.6500015258789,29.98941993713379,26.349885940551758,78.00934600830078,12.376312255859375,23.494176864624023,201.21226501464844,196.58302307128906,39.7400016784668,254.35000610351562,38.37162399291992,28.469999313354492
2026-01-07,206.36000061035156,26.893321990966797,112.0514144897461,204.11367797851562,66.71147918701172,74.66374206542969,322.00921630859375,321.56146240234375,,143.9600067138672,647.5349731445312,32.21524429321289,90.7300033569336,30.039234161376953,26.300094604492188,76.00106811523438,12.247598648071289,23.137035369873047,201.3114776611328,195.2863006591797,38.650001525878906,256.6700134277344,38.20975875854492,28.59000015258789
2026-01-08,209.7100067138672,27.192134857177734,113.30182647705078,203.834228515625,67.18891143798828,75.32052612304688,325.58453369140625,325.0169372558594,,147.27000427246094,644.9096069335938,32.274559020996094,90.52999877929688,30.14883041381836,26.339929580688477,77.18643951416016,12.148588180541992,23.3300838470459,200.49794006347656,195.9000244140625,37.29999923706055,252.3800048828125,38.62870407104492,28.31999969482422
2026-01-09,210.58999633789062,27.346363067626953,114.99882507324219,203.71444702148438,66.06494903564453,73.3203353881836,328.7104797363281,328.14288330078125,,146.07000732421875,651.8970947265625,31.84950065612793,89.45999908447266,30.089052200317383,26.359844207763672,77.47054290771484,11.940666198730469,23.156339645385742,198.05731201171875,198.52308654785156,37.290000915527344,250.7100067138672,38.52396774291992,28.889999389648438
2026-01-12,206.6699981689453,28.011465072631836,111.96209716796875,203.86416625976562,66.3931884765625,73.59896850585938,332.2957763671875,331.4285888671875,,148.85000610351562,640.826904296875,31.70122528076172,89.41000366210938,30.387948989868164,26.429555892944336,76.56926727294922,12.029775619506836,23.183683395385742,197.52157592773438,195.5040740966797,36.900001525878906,248.9199981689453,38.59177780151367,28.399999618530273
2026-01-13,197.88999938964844,27.452394485473633,112.12088012695312,203.9440155029297,66.16441345214844,72.8725357055664,335.9909362792969,335.5332336425781,,146.02000427246094,629.96630859375,31.315711975097656,90.31999969482422,30.49754524230957,26.51917839050293,75.9324951171875,12.019875526428223,22.753992080688477,207.24436950683594,187.7436981201172,37.13999938964844,247.49000549316406,37.78778076171875,28.860000610351562
2026-01-14,202.33999633789062,27.715702056884766,112.66669464111328,203.8142547607422,65.85607147216797,72.73321533203125,335.87109375,335.4034118652344,,146.77999877929688,614.4240112304688,31.622146606445312,88.55000305175781,30.577251434326172,26.67851448059082,78.54814910888672,11.960468292236328,23.056730270385742,206.34152221679688,190.06983947753906,37.130001068115234,245.49000549316406,38.58209228515625,28.6299991607666
2026-01-15,194.61000061035156,27.647438049316406,112.54761505126953,203.76434326171875,65.26922607421875,72.19585418701172,332.7252197265625,332.347412109375,,145.72999572753906,619.694580078125,31.236629486083984,88.05000305175781,30.587215423583984,26.588890075683594,79.19471740722656,11.712942123413086,23.17391586303711,207.2344512939453,188.72364807128906,36.22999954223633,244.33999633789062,38.12681579589844,28.489999771118164
2026-01-16,189.75999450683594,27.130571365356445,110.35440826416016,203.86416625976562,65.07029724121094,71.63858032226562,329.9089050292969,329.5710144042969,,144.42999267578125,619.1455688476562,30.97467613220215,88.0,30.178722381591797,26.14076042175293,78.16609191894531,11.683238983154297,22.93954086303711,201.6686553955078,184.427734375,35.47999954223633,240.13999938964844,37.690914154052734,28.579999923706055
2026-01-20,184.1999969482422,27.46214485168457,109.5009536743164,203.6146240234375,64.79179382324219,71.60873413085938,321.73956298828125,321.5814208984375,,140.64999389648438,603.0443115234375,30.495254516601562,87.26000213623047,29.979455947875977,25.762344360351562,76.44190979003906,11.435712814331055,22.900480270385742,201.8075408935547,181.7848358154297,34.150001525878906,240.61000061035156,37.8555908203125,28.239999771118164
2026-01-21,187.3699951171875,28.174055099487305,112.32928466796875,203.76434326171875,65.12003326416016,72.3451156616211,327.95147705078125,327.953125,,139.7100067138672,611.8685913085938,30.658357620239258,85.36000061035156,30.13886833190918,26.021259307861328,76.98072052001953,11.485218048095703,22.949308395385742,202.80958557128906,181.7353515625,35.33000183105469,238.22999572753906,38.01057815551758,28.530000686645508
2026-01-22,192.6699981689453,28.50562858581543,112.34912872314453,203.99392700195312,64.68238067626953,71.9769287109375,330.4082336425781,330.11029052734375,,138.13999938964844,646.476806640625,31.157550811767578,83.54000091552734,30.83629608154297,26.618762969970703,77.62728118896484,11.663435935974121,23.02743148803711,198.5533905029297,183.5071563720703,36.81999969482422,241.10000610351562,38.24305725097656,28.360000610351562
2026-01-23,191.69000244140625,28.573894500732422,110.13609313964844,203.6146240234375,65.1797103881836,72.52423858642578,328.00140380859375,327.5036926269531,,146.97000122070312,657.5870361328125,30.722610473632812,86.12000274658203,30.985746383666992,26.718347549438477,78.16609191894531,11.584228515625,23.03719711303711,203.2957305908203,184.14065551757812,36.54999923706055,245.72999572753906,38.28180694580078,28.579999923706055
2026-01-26,193.7899932861328,28.700674057006836,110.46357727050781,204.01388549804688,64.99072265625,72.36502075195312,333.1546630859375,332.8267822265625,,147.8000030517578,671.1627807617188,31.71111297607422,85.69999694824219,30.896076202392578,26.788055419921875,78.72449493408203,11.772348403930664,22.900480270385742,201.89683532714844,186.0510711669922,33.810001373291016,245.6300048828125,38.37866973876953,28.239999771118164
2026-01-27,182.99000549316406,27.9887638092041,109.76890563964844,203.98391723632812,64.5530776977539,71.61868286132812,334.56280517578125,334.1150817871094,,146.8000030517578,671.7716674804688,31.355249404907227,85.58000183105469,30.726699829101562,26.53909683227539,76.44190979003906,11.435712814331055,22.461023330688477,197.62078857421875,182.61631774902344,32.189998626708984,245.52000427246094,38.088069915771484,28.06999969482422
2026-01-28,182.80999755859375,27.705949783325195,108.72688293457031,203.55474853515625,63.94633865356445,70.79273223876953,335.8411560058594,335.57318115234375,,147.52999877929688,667.5392456054688,31.00433349609375,84.63999938964844,30.49754524230957,26.479347229003906,74.98223876953125,11.227790832519531,23.505949020385742,193.34475708007812,184.35842895507812,31.8700008392334,243.17999267578125,38.17525100708008,27.979999542236328
2026-01-29,191.52000427246094,28.515382766723633,110.73152923583984,203.56471252441406,64.35414123535156,71.48931121826172,338.2180480957031,337.810302734375,,147.77999877929688,736.995361328125,30.663301467895508,83.16000366210938,30.49754524230957,26.658597946166992,74.22789764404297,11.148582458496094,24.541109085083008,199.5157470703125,187.357666015625,31.25,239.27000427246094,38.56271743774414,27.600000381469727
2026-01-30,206.1199951171875,29.01274299621582,111.94225311279297,203.53477478027344,65.21949005126953,72.42472839355469,338.0882263183594,337.56060791015625,,145.4499969482422,715.2241821289062,30.791805267333984,83.48999786376953,30.985746383666992,26.917516708374023,75.47206115722656,11.099077224731445,25.595802307128906,200.98406982421875,195.20712280273438,30.329999923706055,220.3000030517578,43.125152587890625,27.540000915527344
2026-02-02,213.61000061035156,28.856706619262695,103.6557388305664,203.21539306640625,64.93104553222656,72.02667999267578,344.44989013671875,343.2431945800781,,143.94000244140625,705.152099609375,31.17732048034668,82.76000213623047,30.766551971435547,26.658597946166992,74.96263885498047,11.069374084472656,25.683691024780273,198.94032287597656,193.00967407226562,29.75,221.80999755859375,43.21232986450195,27.520000457763672
2026-02-03,212.74000549316406,29.02249526977539,103.427490234375,201.0095672607422,62.84226989746094,69.9269790649414,340.2554016113281,339.26837158203125,,141.33999633789062,690.4683227539062,28.567676544189453,79.94000244140625,28.73404884338379,24.905921936035156,66.60624694824219,10.703035354614258,26.20127296447754,201.5198211669922,195.67233276367188,27.18000030517578,212.1699981689453,44.80094528198242,27.190000534057617
2026-02-04,224.17999267578125,29.744155883789062,106.23597717285156,196.46815490722656,60.47499084472656,67.39938354492188,332.90496826171875,332.6070861816406,,142.4600067138672,667.7987670898438,30.258014678955078,80.16000366210938,27.98680305480957,24.58725357055664,67.73284149169922,10.643628120422363,26.58213233947754,204.90296936035156,199.74058532714844,27.270000457763672,200.75999450683594,45.537132263183594,27.030000686645508
2026-02-05,223.52999877929688,30.08548355102539,104.17179107666016,197.55609130859375,58.83381271362305,65.59821319580078,330.8975830078125,330.81939697265625,,138.27999877929688,669.0166015625,30.495254516601562,80.87000274658203,27.28937339782715,24.109249114990234,67.71324920654297,10.415904998779297,26.67002296447754,206.52012634277344,199.80990600585938,26.239999771118164,193.24000549316406,45.62431335449219,26.760000228881836
2026-02-06,231.13999938964844,30.59259796142578,107.87342071533203,199.6221923828125,58.0380859375,64.46377563476562,322.6783752441406,322.4402770996094,,140.83999633789062,660.2822265625,31.266284942626953,82.19999694824219,25.555767059326172,22.4063663482666,68.44799041748047,10.455509185791016,26.49424171447754,210.2306365966797,195.38528442382812,27.040000915527344,195.58999633789062,44.859066009521484,27.360000610351562
2026-02-09,238.25,30.826648712158203,106.31536102294922,200.49053955078125,56.44664001464844,62.5432014465332,323.9766540527344,323.8984069824219,,147.91000366210938,676.0140991210938,32.21524429321289,81.47000122070312,26.173490524291992,22.645368576049805,69.31007385253906,10.574321746826172,26.474712371826172,207.74041748046875,195.65255737304688,27.040000915527344,205.02999877929688,45.54682159423828,27.209999084472656
2026-02-10,248.19000244140625,31.50930404663086,109.12384033203125,202.1973114013672,57.17273712158203,63.06066131591797,318.2142028808594,318.16583251953125,,149.32000732421875,669.5256958007812,32.11640167236328,82.20999908447266,27.100072860717773,23.48187255859375,71.57305908203125,10.732738494873047,26.767681121826172,212.42324829101562,197.40457153320312,28.1299991607666,210.7100067138672,45.90522766113281,27.799999237060547
2026-02-11,241.07000732421875,31.67508888244629,107.29783630371094,201.8579559326172,55.15359115600586,60.81169509887695,310.9236755371094,310.55572509765625,,151.11000061035156,667.4993286132812,31.038928985595703,79.62000274658203,26.66168975830078,23.123369216918945,67.9091796875,10.901056289672852,27.802841186523438,208.72262573242188,207.41188049316406,27.229999542236328,203.88999938964844,47.43572998046875,27.989999771118164
2026-02-12,238.0800018310547,31.031444549560547,101.60147857666016,200.08132934570312,51.115291595458984,56.154541015625,308.96624755859375,308.59832763671875,,154.8699951171875,648.6529541015625,29.57594871520996,75.86000061035156,25.565731048583984,22.306781768798828,65.90089416503906,10.148575782775879,28.12510871887207,198.41448974609375,212.49969482421875,26.139999389648438,190.36000061035156,47.910369873046875,28.110000610351562
2026-02-13,239.08999633789062,30.787639617919922,104.64813232421875,200.2410125732422,51.284385681152344,56.074928283691406,305.6206359863281,305.32257080078125,,158.27000427246094,638.630859375,30.14927864074707,76.87000274658203,25.904481887817383,22.625450134277344,67.59569549560547,10.217883110046387,28.01768684387207,205.12123107910156,217.27073669433594,25.809999465942383,193.6699981689453,47.47446823120117,27.989999771118164
2026-02-17,237.00999450683594,30.76813507080078,104.63821411132812,199.153076171875,51.32416915893555,56.154541015625,302.4248046875,301.6273498535156,,157.52999877929688,638.151611328125,29.83296012878418,77.0,26.223304748535156,23.093496322631836,66.5964584350586,10.722837448120117,28.00792121887207,208.48451232910156,217.37962341308594,25.260000228881836,193.8699951171875,47.39698028564453,28.75
2026-02-18,239.13999938964844,30.816898345947266,106.28559112548828,199.85174560546875,51.98064041137695,56.890926361083984,303.5433654785156,302.9356689453125,,155.77999877929688,642.0746459960938,29.93181037902832,77.98999786376953,26.183452606201172,23.252830505371094,68.73208618164062,11.009966850280762,27.226667404174805,211.5997772216797,211.08421325683594,25.5,199.1300048828125,46.544551849365234,28.790000915527344
2026-02-19,231.5399932861328,30.602346420288086,105.19395446777344,199.50242614746094,51.19486618041992,55.88585662841797,303.163818359375,302.456298828125,,157.4600067138672,643.6318969726562,30.33709716796875,77.0,26.09378433227539,23.262788772583008,79.29268646240234,10.831748008728027,27.226667404174805,207.0360107421875,213.11338806152344,25.239999771118164,201.3699951171875,47.116065979003906,28.530000686645508
2026-02-20,230.16000366210938,30.563339233398438,104.77715301513672,200.02142333984375,51.97069549560547,56.741661071777344,314.4890441894531,314.570556640625,,162.6699981689453,654.4924926757812,31.463985443115234,78.66999816894531,26.45245933532715,23.55158042907715,81.56546783447266,10.604024887084961,27.324323654174805,209.456787109375,213.27178955078125,25.100000381469727,199.72000122070312,47.70695114135742,28.75
2026-02-23,227.52000427246094,30.846153259277344,103.61605072021484,200.1012725830078,50.57817840576172,55.069862365722656,311.2832336425781,311.0850524902344,,158.27999877929688,636.1152954101562,30.52490997314453,76.0199966430664,25.74506950378418,22.904285430908203,79.10655212402344,10.455509185791016,27.851669311523438,204.3275146484375,217.71617126464844,24.170000076293945,195.58999633789062,48.12348175048828,28.920000076293945
2026-02-24,231.85000610351562,30.826648712158203,105.24357604980469,200.62030029296875,51.18491744995117,55.70673751831055,310.5142517089844,310.495849609375,,157.97999572753906,638.16162109375,30.930194854736328,78.04000091552734,25.9443359375,23.083538055419922,80.78174591064453,10.287191390991211,27.685653686523438,207.74041748046875,219.72555541992188,24.940000534057617,204.19000244140625,48.29784393310547,29.149999618530273
2026-02-25,225.75,30.0269718170166,104.25118255615234,201.7891845703125,49.35475540161133,53.85581588745117,312.6214904785156,312.4932556152344,,155.22000122070312,652.5260620117188,31.0191593170166,82.69999694824219,26.16352653503418,23.48187255859375,81.02665710449219,10.059467315673828,27.216901779174805,205.57760620117188,216.43927001953125,25.15999984741211,207.30999755859375,47.68758010864258,28.899999618530273
2026-02-26,228.3800048828125,30.08548355102539,104.74738311767578,200.88006591796875,51.75187301635742,56.54263687133789,306.7491760253906,306.98040771484375,,157.91000366210938,655.8401489257812,31.84950065612793,84.58999633789062,26.841028213500977,24.218791961669922,82.9859619140625,11.069374084472656,26.81650733947754,222.04681396484375,210.9852294921875,23.950000762939453,213.2899932861328,47.35823440551758,28.799999237060547
2026-02-27,234.6300048828125,30.1927547454834,105.23365020751953,200.3805389404297,51.45347595214844,56.064979553222656,311.0235595703125,311.354736328125,,162.13999938964844,647.02587890625,31.236629486083984,96.23999786376953,26.681615829467773,24.188919067382812,83.55415344238281,13.37631893157959,27.353620529174805,222.10635375976562,215.91845703125,23.81999969482422,211.47999572753906,48.569068908691406,28.170000076293945
2026-03-02,232.8000030517578,30.05622673034668,103.53665924072266,200.87005615234375,51.71208953857422,56.51278305053711,305.9601745605469,306.12152099609375,,161.80999755859375,652.396240234375,30.930194854736328,97.08999633789062,26.31297492980957,23.870248794555664,83.62272644042969,13.208001136779785,27.353620529174805,223.18777465820312,214.94375610351562,24.31999969482422,213.8800048828125,48.41408157348633,28.5
2026-03-03,229.41000366210938,30.241518020629883,102.51448822021484,201.0299072265625,52.10000228881836,57.08000183105469,303.163818359375,303.1853332519531,,162.07000732421875,653.91357421875,30.445829391479492,97.69999694824219,26.123672485351562,23.710914611816406,82.89778900146484,12.32680606842041,27.998153686523438,218.2073211669922,217.35069274902344,25.0,217.0500030517578,49.27619552612305,28.200000762939453
2026-03-04,232.0,31.294754028320312,102.2564697265625,201.5394287109375,53.2400016784668,58.41999816894531,303.05401611328125,302.7359619140625,,158.63999938964844,666.541015625,30.445829391479492,98.66000366210938,26.591947555541992,23.93000030517578,84.05377197265625,11.930765151977539,28.30088996887207,214.5265350341797,218.5243377685547,25.170000076293945,215.77000427246094,49.59585952758789,27.950000762939453
2026-03-05,229.94000244140625,30.816898345947266,101.63125610351562,200.57034301757812,53.5,58.689998626708984,300.5173034667969,300.4888916015625,,159.77999877929688,659.393798828125,30.94996452331543,99.16999816894531,26.841028213500977,24.1789608001709,83.04473114013672,11.623831748962402,28.29112434387207,210.08184814453125,219.34983825683594,29.790000915527344,212.52999877929688,49.57648468017578,28.0
2026-03-06,232.24000549316406,31.119213104248047,100.76787567138672,197.81295776367188,54.310001373291016,59.779998779296875,297.91070556640625,298.1319274902344,,156.1300048828125,643.7117309570312,30.1196231842041,99.0199966430664,27.598236083984375,24.517545700073242,83.20148468017578,11.871358871459961,27.968856811523438,201.08328247070312,220.37429809570312,29.280000686645508,211.5,49.51836395263672,27.950000762939453
2026-03-09,222.80999755859375,30.270774841308594,100.886962890625,199.08175659179688,54.040000915527344,59.2599983215332,305.8259582519531,306.1770935058594,,165.8000030517578,646.2373046875,30.75226593017578,98.31999969482422,27.608198165893555,24.437877655029297,82.28060913085938,11.07927417755127,26.884868621826172,202.46234130859375,216.3262481689453,28.559999465942383,214.6300048828125,48.86935806274414,27.75
2026-03-10,219.3300018310547,30.300029754638672,100.54954528808594,199.88101196289062,53.08000183105469,58.15999984741211,306.7453918457031,306.8567199707031,,165.52999877929688,652.9053344726562,30.485370635986328,96.94000244140625,27.119998931884766,23.93000030517578,79.33187103271484,10.227785110473633,27.060649871826172,203.96043395996094,217.59934997558594,27.65999984741211,209.0800018310547,49.12120819091797,27.760000228881836
2026-03-11,224.36000061035156,29.812421798706055,100.12281036376953,199.73114013671875,52.77000045776367,57.709999084472656,308.2344970703125,308.5157470703125,,165.8300018310547,653.6939086914062,30.248130798339844,94.88999938964844,27.43000030517578,24.239999771118164,79.21314239501953,9.841642379760742,26.52353858947754,200.4384002685547,212.2881622314453,27.280000686645508,211.08999633789062,49.09214782714844,27.809999465942383
2026-03-12,215.0800018310547,29.412580490112305,98.67391967773438,198.89193725585938,52.47999954223633,57.7400016784668,303.0276184082031,303.3687744140625,,160.32000732421875,637.0436401367188,29.75387954711914,94.30999755859375,26.65999984741211,23.579999923706055,77.08588409423828,9.703028678894043,26.74814796447754,199.6844024658203,213.213134765625,26.524999618530273,209.1999969482422,49.04372024536133,27.43000030517578
2026-03-13,218.19000244140625,29.412580490112305,98.53498077392578,199.05178833007812,52.029998779296875,57.38999938964844,301.2786865234375,302.09954833984375,,153.97000122070312,612.6171875,30.435945510864258,95.30999755859375,26.760000228881836,23.700000762939453,76.97705078125,9.623820304870605,27.070415496826172,193.0371856689453,216.2168426513672,27.34000015258789,208.5800018310547,49.77021789550781,27.139999389648438
2026-03-16,217.64999389648438,29.588123321533203,97.90977478027344,200.0208740234375,52.150001525878906,57.5099983215332,304.2369079589844,305.3775939941406,,157.05999755859375,626.8690185546875,29.941696166992188,95.19999694824219,27.360000610351562,24.200000762939453,77.88731384277344,9.454632759094238,27.080183029174805,198.99395751953125,213.6607208251953,27.079999923706055,207.69000244140625,49.37306594848633,27.510000228881836
2026-03-17,222.52000427246094,29.334566116333008,99.53730010986328,199.94094848632812,52.709999084472656,58.29999923706055,309.2239074707031,310.7344055175781,,155.82000732421875,622.0834350585938,30.712724685668945,94.36000061035156,27.3700008392334,24.34000015258789,77.56080627441406,9.185921669006348,27.197370529174805,199.61154174804688,212.1986541748047,25.06999969482422,206.72000122070312,48.937164306640625,27.639999389648438
2026-03-18,209.0,27.861984252929688,98.66399383544922,200.4204864501953,52.13999938964844,57.650001525878906,306.1157531738281,307.5063171386719,,156.47000122070312,615.1099243164062,30.416175842285156,94.69999694824219,27.299999237060547,24.100000381469727,75.2752456665039,8.957019805908203,26.767681121826172,200.24905395507812,205.5049591064453,23.549999237060547,204.22000122070312,48.03630447387695,27.350000381469727
2026-03-19,211.6300048828125,28.261823654174805,98.44566345214844,200.5004119873047,52.02000045776367,57.68000030517578,305.5461120605469,306.9466552734375,,154.19000244140625,606.1382446289062,31.108123779296875,91.73999786376953,27.239999771118164,23.93000030517578,75.03777313232422,8.917211532592773,27.089948654174805,196.5435028076172,205.47512817382812,23.510000228881836,201.75,47.92974853515625,27.6299991607666
2026-03-20,213.00999450683594,28.300832748413086,98.75331115722656,200.32057189941406,52.18000030517578,57.81999969482422,298.61029052734375,300.8203125,,148.85000610351562,593.1102905273438,30.70284080505371,91.81999969482422,27.389999389648438,24.049999237060547,74.26602935791016,9.106303215026855,27.646589279174805,187.648193359375,207.34498596191406,24.110000610351562,200.6300048828125,48.41408157348633,27.420000076293945
2026-03-23,216.61000061035156,28.29108238220215,97.20516967773438,200.94000244140625,51.630001068115234,57.279998779296875,298.84014892578125,301.87969970703125,,151.8300018310547,603.5006713867188,30.841230392456055,93.37999725341797,27.459999084472656,24.260000228881836,74.83989715576172,9.096351623535156,28.08604621887207,193.5252685546875,207.63340759277344,23.950000762939453,200.83999633789062,48.99528503417969,27.399999618530273
2026-03-24,217.60000610351562,28.49587631225586,95.65703582763672,201.42953491210938,52.52000045776367,58.7599983215332,289.02606201171875,290.2666320800781,,152.6999969482422,592.3709716796875,30.040544509887695,90.91999816894531,27.170000076293945,23.969999313354492,74.59253692626953,9.126208305358887,28.193470001220703,192.72837829589844,210.1199188232422,22.34000015258789,191.3699951171875,49.314945220947266,27.280000686645508
2026-03-25,218.91000366210938,28.018020629882812,95.22037506103516,202.1488494873047,52.349998474121094,58.4900016784668,289.4158020019531,290.7563171386719,,154.9199981689453,594.3391723632812,29.991119384765625,92.27999877929688,27.59000015258789,24.270000457763672,74.93883514404297,9.185921669006348,28.134872436523438,193.1865997314453,210.21939086914062,21.969999313354492,193.0500030517578,48.79186248779297,27.219999313354492
2026-03-26,218.50999450683594,28.00826644897461,94.02950286865234,201.71926879882812,52.54999923706055,58.63999938964844,280.5711364746094,280.7523193359375,,150.0500030517578,547.032958984375,30.455713272094727,93.31999969482422,27.549999237060547,24.260000228881836,74.51338195800781,8.837593078613281,28.24229621887207,191.8916473388672,210.44813537597656,21.739999771118164,194.72000122070312,49.150272369384766,27.06999969482422
2026-03-27,219.13999938964844,27.627933502197266,91.71721649169922,201.8191680908203,53.380001068115234,59.11000061035156,273.5953369140625,274.1762390136719,,145.7100067138672,525.233154296875,29.39801788330078,93.43000030517578,27.790000915527344,24.239999771118164,73.03914642333984,8.74802303314209,28.41807746887207,188.4650115966797,209.68231201171875,21.280000686645508,189.69000244140625,48.73374557495117,27.06999969482422
2026-03-30,220.94000244140625,28.183807373046875,93.60277557373047,202.37864685058594,53.779998779296875,59.130001068115234,272.9757385253906,273.33673095703125,,148.69000244140625,535.8833618164062,29.80330467224121,92.97000122070312,28.31999969482422,24.780000686645508,74.52327728271484,8.877402305603027,28.10557746887207,194.65089416503906,212.78546142578125,22.010000228881836,193.0800018310547,48.724056243896484,27.09000015258789
2026-03-31,215.8800048828125,27.998516082763672,95.64710998535156,203.67739868164062,53.099998474121094,58.400001525878906,286.68743896484375,287.3883361816406,,152.50999450683594,571.6002197265625,30.35686492919922,96.1500015258789,28.510000228881836,24.93000030517578,74.51338195800781,8.976924896240234,28.31065559387207,200.86663818359375,208.8965606689453,22.690000534057617,197.5,48.62718963623047,27.459999084472656
2026-04-01,216.27000427246094,27.67295265197754,95.82573699951172,203.38768005371094,52.880001068115234,58.459999084472656,294.7226257324219,297.2124938964844,,152.6300048828125,578.6936645507812,30.781919479370117,95.55000305175781,28.149999618530273,24.709999084472656,74.41444396972656,9.205826759338379,27.646589279174805,200.28890991210938,203.1477508544922,21.979999542236328,198.1999969482422,47.84256362915039,27.489999771118164
2026-04-02,219.7899932861328,27.5545654296875,95.87535858154297,203.4076690673828,52.869998931884766,58.619998931884766,294.2828674316406,295.59344482421875,,155.75,573.9281005859375,31.078472137451172,98.66000366210938,28.110000610351562,24.399999618530273,74.01866912841797,9.47453784942627,27.666120529174805,202.96844482421875,200.31312561035156,22.049999237060547,199.8699951171875,47.852256774902344,27.31999969482422
2026-04-06,219.97999572753906,27.28819465637207,95.54786682128906,203.96713256835938,53.47999954223633,59.29999923706055,297.48095703125,299.8109130859375,,160.1199951171875,572.4894409179688,31.77042007446289,98.93000030517578,28.139999389648438,24.469999313354492,75.15650939941406,9.802961349487305,27.656356811523438,196.254638671875,197.53819274902344,22.209999084472656,196.69000244140625,47.61008834838867,27.40999984741211
2026-04-07,223.8000030517578,27.41644859313965,95.05167388916016,203.75732421875,53.75,59.650001525878906,303.7471923828125,305.27764892578125,,158.2899932861328,574.5175170898438,31.75052833557129,98.81999969482422,28.100000381469727,24.43000030517578,74.84979248046875,10.847946166992188,27.382917404174805,192.2104034423828,199.457763671875,20.700000762939453,198.3300018310547,47.0966911315918,27.3700008392334
2026-04-08,221.6300048828125,27.58416175842285,98.42581939697266,203.79730224609375,54.47999954223633,60.220001220703125,314.5506896972656,317.1305847167969,,163.55999755859375,611.8529052734375,32.52638626098633,99.38999938964844,28.700000762939453,24.889999389648438,76.056884765625,10.768328666687012,26.709087371826172,196.28451538085938,196.56349182128906,20.25,202.1300048828125,46.53486251831055,27.549999237060547
2026-04-09,223.22999572753906,27.92945671081543,99.03118133544922,202.0089874267578,55.970001220703125,62.7599983215332,316.1797180175781,318.29986572265625,,163.66000366210938,627.8081665039062,32.3175048828125,102.05000305175781,28.399999618530273,24.59000015258789,74.08792877197266,10.798186302185059,26.21103858947754,196.304443359375,196.4739532470703,20.610000610351562,198.0500030517578,46.28300857543945,27.530000686645508
2026-04-10,218.82000732421875,27.5545654296875,98.4158935546875,202.54847717285156,54.92499923706055,61.02000045776367,315.53009033203125,317.0506286621094,,160.58999633789062,629.2767333984375,31.531696319580078,103.01000213623047,28.260000228881836,24.479999542236328,73.97909545898438,10.569283485412598,26.11038589477539,196.603271484375,194.6538543701172,20.09000015258789,197.07000732421875,45.268306732177734,27.440000534057617
2026-04-13,226.3000030517578,27.67295265197754,100.41060638427734,202.36863708496094,56.25,62.45000076293945,319.01800537109375,321.1181945800781,,165.72000122070312,633.9425048828125,33.02373123168945,103.16000366210938,28.829999923706055,24.940000534057617,75.19609069824219,10.67875862121582,25.271617889404297,194.7106475830078,191.39154052734375,21.219999313354492,201.36000061035156,44.658695220947266,27.389999389648438
2026-04-14,215.57000732421875,27.761741638183594,101.80988311767578,202.65838623046875,56.81999969482422,63.40999984741211,330.38116455078125,332.7112731933594,,166.27999877929688,661.8765258789062,33.41166305541992,106.27999877929688,28.829999923706055,25.030000686645508,75.67101287841797,11.027087211608887,25.28148651123047,194.6110382080078,188.9746551513672,21.020000457763672,205.10000610351562,44.71769332885742,27.3700008392334
2026-04-15,220.2899932861328,27.919591903686523,102.2564697265625,203.04800415039062,57.04999923706055,63.65999984741211,334.2688293457031,336.91876220703125,,155.82000732421875,670.9581909179688,34.33672332763672,107.70999908447266,29.149999618530273,25.329999923706055,76.67032623291016,11.614269256591797,25.123598098754883,192.34986877441406,189.16363525390625,22.3799991607666,214.14999389648438,44.27523422241211,27.200000762939453
2026-04-16,235.97000122070312,28.95547866821289,103.10992431640625,203.17787170410156,57.900001525878906,64.5199966430664,332.56982421875,335.81939697265625,,160.58999633789062,676.2432250976562,34.56550216674805,107.79000091552734,29.649999618530273,25.790000915527344,77.92689514160156,11.673982620239258,26.051177978515625,183.72349548339844,196.0562286376953,22.760000228881836,213.92999267578125,45.99590301513672,27.389999389648438
2026-04-17,236.6199951171875,29.231714248657227,105.48175048828125,203.637451171875,58.529998779296875,65.06999969482422,339.19586181640625,341.4760437011719,,156.55999755859375,687.9124145507812,35.32146453857422,97.30999755859375,29.959999084472656,26.010000228881836,77.83784484863281,11.683935165405273,26.159725189208984,185.5862274169922,196.60325622558594,22.469999313354492,212.0399932861328,45.76975631713867,27.469999313354492
2026-04-20,244.69000244140625,29.33036994934082,105.4916763305664,203.1678924560547,57.9900016784668,64.75,335.1982727050781,337.2185974121094,,156.08999633789062,670.2887573242188,35.91828155517578,94.83000183105469,29.979999542236328,25.969999313354492,77.66963958740234,11.76355266571045,25.83408546447754,183.98248291015625,197.28953552246094,24.049999237060547,216.85000610351562,45.66160202026367,27.420000076293945
2026-04-21,241.9499969482422,28.659509658813477,103.49696350097656,203.3577117919922,57.630001068115234,64.30999755859375,330.271240234375,332.0916442871094,,153.3699951171875,668.220703125,35.73923873901367,92.58000183105469,30.420000076293945,26.420000076293945,77.24419403076172,11.554555892944336,25.538049697875977,182.3887176513672,194.3355712890625,23.200000762939453,217.64999389648438,45.49445343017578,27.309999465942383
2026-04-22,242.49000549316406,28.975210189819336,104.0229263305664,202.58843994140625,58.56999969482422,65.55999755859375,337.5268859863281,339.1174621582031,,154.6300048828125,674.09521484375,36.33605194091797,93.23999786376953,30.739999771118164,26.649999618530273,77.28376770019531,11.743648529052734,25.636728286743164,185.5364227294922,187.90048217773438,23.559999465942383,218.19000244140625,45.209312438964844,27.329999923706055
2026-04-23,241.77999877929688,31.21469497680664,102.86183166503906,202.31869506835938,57.7400016784668,64.52999877929688,337.5468444824219,338.6877136230469,,153.2100067138672,658.5396728515625,35.470672607421875,92.81999969482422,30.399999618530273,26.309999465942383,76.00741577148438,11.216179847717285,26.258405685424805,185.5364227294922,193.022705078125,22.6200008392334,209.89999389648438,46.42852783203125,26.899999618530273
2026-04-24,180.1300048828125,27.189538955688477,101.81980895996094,202.47854614257812,56.16999816894531,62.849998474121094,342.1141052246094,344.19439697265625,,156.63999938964844,674.4049682617188,36.55488204956055,92.44000244140625,30.239999771118164,26.200000762939453,74.93883514404297,10.91761302947998,25.853822708129883,185.77549743652344,188.77574157714844,23.969999313354492,210.75,45.60260772705078,27.06999969482422
2026-04-27,174.61000061035156,27.14021110534668,101.57170867919922,202.2587432861328,57.119998931884766,63.86000061035156,348.31036376953125,350.130859375,,156.49000549316406,677.9916381835938,36.72397994995117,91.37000274658203,30.549999237060547,26.40999984741211,75.20598602294922,10.539427757263184,25.18280601501465,185.47665405273438,181.76377868652344,23.139999389648438,213.77000427246094,46.31053924560547,26.81999969482422
2026-04-28,173.11000061035156,27.268463134765625,100.69840240478516,202.3386688232422,56.58000183105469,63.150001525878906,347.2909851074219,349.5711975097656,,154.75,670.7183837890625,36.818477630615234,92.2699966430664,30.139999389648438,26.15999984741211,76.0667724609375,10.469761848449707,25.71567153930664,183.8629608154297,185.7123565673828,23.229999542236328,213.00999450683594,46.44819641113281,26.950000762939453
2026-04-29,158.64999389648438,26.400293350219727,100.52970123291016,202.47854614257812,56.619998931884766,62.939998626708984,347.1011047363281,349.7311096191406,,153.1300048828125,668.5004272460938,36.77371597290039,92.12000274658203,30.25,26.239999771118164,75.38407897949219,10.290620803833008,25.409767150878906,182.996337890625,197.10057067871094,24.3700008392334,215.33999633789062,45.82875442504883,27.049999237060547
2026-04-30,165.1699981689453,26.676528930664062,102.96106719970703,202.17881774902344,57.02000045776367,63.4900016784668,381.71026611328125,384.5702819824219,,157.94000244140625,611.3433837890625,37.2213249206543,93.61000061035156,30.479999542236328,26.31999969482422,75.9084701538086,10.1910982131958,25.784746170043945,185.36708068847656,194.44497680664062,23.59000015258789,213.75999450683594,47.22494888305664,27.049999237060547
2026-05-01,171.74000549316406,26.824512481689453,102.2961654663086,201.8990936279297,56.93000030517578,63.349998474121094,382.989501953125,385.45977783203125,,158.25,608.1863403320312,38.46468734741211,92.05999755859375,30.40999984741211,26.239999771118164,76.10635375976562,11.037039756774902,25.774879455566406,185.22763061523438,195.001953125,24.239999771118164,216.02999877929688,47.303611755371094,26.969999313354492
2026-05-04,165.33999633789062,26.706125259399414,100.53961944580078,201.6293487548828,56.06999969482422,62.36000061035156,379.41168212890625,383.0212097167969,,157.5800018310547,609.8447875976562,37.967342376708984,91.0199966430664,29.81999969482422,25.799999237060547,75.46322631835938,11.076848983764648,25.755144119262695,185.27743530273438,193.3708038330078,24.100000381469727,225.17999267578125,46.77266311645508,26.959999084472656
2026-05-05,158.22999572753906,26.104324340820312,99.71593475341797,201.3795928955078,55.90999984741211,62.22999954223633,384.0388488769531,388.1981201171875,,157.25999450683594,604.3998413085938,37.45010757446289,87.88999938964844,29.3799991607666,25.440000534057617,76.81874084472656,10.609092712402344,25.557785034179688,186.2137908935547,193.2613983154297,24.610000610351562,223.11000061035156,46.54651641845703,27.219999313354492
2026-05-06,156.52000427246094,26.0845947265625,107.23828887939453,200.60031127929688,56.220001220703125,62.209999084472656,394.90234375,397.8023986816406,,167.82000732421875,612.3125,37.798248291015625,88.2699966430664,30.229999542236328,26.200000762939453,76.09646606445312,10.857898712158203,25.232145309448242,189.73007202148438,192.1175994873047,24.010000228881836,222.0,46.644840240478516,27.200000762939453
2026-05-07,160.24000549316406,25.88728141784668,107.83373260498047,200.66026306152344,56.5,62.689998626708984,395.0622253417969,397.7524108886719,,165.75,616.2388305664062,35.6397705078125,88.25,30.850000381469727,27.040000915527344,76.10635375976562,10.70861530303955,24.92624282836914,186.7815704345703,193.15199279785156,23.489999771118164,223.5,46.30070877075195,27.1200008392334
2026-05-08,154.86000061035156,25.05857276916504,107.19859313964844,200.2506561279297,56.599998474121094,62.939998626708984,396.8111877441406,400.56072998046875,,163.27999877929688,609.0654907226562,36.76376724243164,87.48999786376953,31.309999465942383,27.020000457763672,76.244873046875,11.037039756774902,24.82756233215332,186.06436157226562,192.58506774902344,23.079999923706055,220.4499969482422,46.42852783203125,27.110000610351562
2026-05-11,147.7899932861328,24.69354820251465,103.92369079589844,200.03085327148438,61.18000030517578,67.72000122070312,386.537353515625,388.40802001953125,,163.0,598.3054809570312,35.58008575439453,85.44999694824219,31.170000076293945,27.010000228881836,74.3550796508789,10.847946166992188,24.54139518737793,183.78326416015625,189.820068359375,21.520000457763672,221.47000122070312,46.43836212158203,27.239999771118164
2026-05-12,147.9199981689453,24.56529426574707,105.35274505615234,200.00088500976562,59.470001220703125,66.16000366210938,383.5891418457031,387.1187744140625,,165.6699981689453,602.441650390625,35.172264099121094,87.66000366210938,30.40999984741211,26.540000915527344,75.23566436767578,10.638949394226074,24.896636962890625,182.61781311035156,192.25685119628906,21.139999389648438,225.99000549316406,47.12662887573242,27.200000762939453
2026-05-13,143.05999755859375,24.60475730895996,104.10232543945312,199.9908905029297,59.470001220703125,66.47000122070312,398.79998779296875,402.3796691894531,,168.4600067138672,616.0590209960938,35.87849426269531,87.55999755859375,30.68000030517578,26.65999984741211,73.45470428466797,10.420000076293945,24.41311264038086,182.9863739013672,189.25314331054688,20.489999771118164,226.99000549316406,46.41869354248047,27.25
2026-05-14,148.0,24.8316650390625,104.61836242675781,200.59033203125,58.599998474121094,65.31999969482422,396.9311218261719,400.8305969238281,,169.99000549316406,617.8573608398438,35.54029846191406,86.94000244140625,30.079999923706055,26.25,70.82284545898438,10.061718940734863,24.32430076599121,191.75218200683594,187.17442321777344,20.40999984741211,242.41000366210938,46.27121353149414,27.1200008392334
2026-05-15,140.3300018310547,24.42717742919922,101.93889617919922,200.45045471191406,57.869998931884766,64.8499984741211,393.08343505859375,396.54315185546875,,168.8699951171875,613.6612548828125,35.21205139160156,87.0199966430664,29.739999771118164,25.920000076293945,70.08078002929688,9.84277057647705,23.712493896484375,189.33163452148438,184.220458984375,21.149999618530273,242.44000244140625,45.5927734375,26.979999542236328
2026-05-18,141.2100067138672,24.594892501831055,103.1198501586914,200.86007690429688,58.9900016784668,65.87000274658203,392.87353515625,396.70306396484375,,167.49000549316406,610.64404296875,35.68950271606445,89.6500015258789,30.229999542236328,26.270000457763672,72.36634063720703,9.773103713989258,24.107208251953125,193.31610107421875,189.6211395263672,22.270000457763672,242.16000366210938,45.97623825073242,27.100000381469727
2026-05-19,142.5,24.466638565063477,101.51216888427734,201.50946044921875,58.09000015258789,64.55000305175781,384.6684875488281,387.4285888671875,,163.00999450683594,602.052001953125,35.162315368652344,89.33000183105469,30.110000610351562,26.239999771118164,71.07019805908203,9.85272216796875,24.649940490722656,192.31997680664062,192.37620544433594,21.15999984741211,238.13999938964844,46.939815521240234,27.09000015258789
2026-05-20,144.61000061035156,24.545562744140625,103.28855895996094,201.39956665039062,57.380001068115234,64.12999725341797,384.6684875488281,388.6778564453125,,164.44000244140625,604.499755859375,35.798919677734375,88.08999633789062,29.700000762939453,25.770000457763672,71.11966705322266,10.081624031066895,24.600603103637695,193.5252685546875,189.1337890625,21.020000457763672,236.6199951171875,47.018470764160156,27.420000076293945
2026-05-21,148.89999389648438,24.742874145507812,102.7923583984375,201.67929077148438,57.630001068115234,64.26000213623047,383.2393493652344,387.4285888671875,,165.97999572753906,606.8175659179688,35.470672607421875,89.30000305175781,30.079999923706055,26.260000228881836,72.98966979980469,10.230907440185547,25.005184173583984,190.8855743408203,189.8697967529297,21.280000686645508,238.0800018310547,47.46092987060547,27.100000381469727
2026-05-22,145.14999389648438,24.871126174926758,102.21676635742188,200.7801513671875,57.2400016784668,63.97999954223633,379.1518249511719,382.74139404296875,,165.5500030517578,609.6949462890625,35.609928131103516,88.5999984741211,29.68000030517578,25.889999389648438,74.13740539550781,10.410048484802246,24.92624282836914,190.75607299804688,190.4367218017578,22.3799991607666,227.5500030517578,47.53958511352539,27.030000686645508
2026-05-26,144.0,24.811933517456055,102.49463653564453,200.94000244140625,58.08000183105469,64.95999908447266,384.6085205078125,388.6478576660156,,166.52000427246094,611.7730102539062,35.759132385253906,87.68000030517578,29.950000762939453,26.200000762939453,73.62290954589844,10.320477485656738,24.68941307067871,187.35931396484375,190.07867431640625,22.18000030517578,220.6699981689453,47.677242279052734,27.0
2026-05-27,147.17999267578125,24.880992889404297,103.3877944946289,200.67999267578125,58.619998931884766,65.4800033569336,384.5985107421875,388.5978698730469,,166.55999755859375,634.6718139648438,35.90833282470703,87.3499984741211,30.469999313354492,26.610000610351562,74.0582504272461,10.569283485412598,24.56113052368164,186.91107177734375,189.78028869628906,22.290000915527344,218.4600067138672,47.431434631347656,27.139999389648438
2026-05-28,147.25999450683594,24.821800231933594,102.94122314453125,201.14999389648438,59.22999954223633,65.83000183105469,385.88775634765625,389.8971252441406,,167.02999877929688,634.7017211914062,36.166954040527344,86.36000061035156,30.34000015258789,26.520000457763672,73.30628967285156,10.758377075195312,24.55126190185547,199.76095581054688,187.989990234375,21.149999618530273,217.8699951171875,47.205284118652344,27.040000915527344
2026-05-29,144.0500030517578,24.53569793701172,101.05567169189453,201.72000122070312,57.38999938964844,63.91999816894531,376.2035827636719,380.1129455566406,,168.41000366210938,631.92431640625,35.938175201416016,86.0199966430664,29.81999969482422,26.100000381469727,71.94088745117188,10.559330940246582,24.472318649291992,204.38291931152344,187.52999877929688,21.559999465942383,224.16000366210938,47.00864028930664,27.010000228881836
2026-06-01,142.60000610351562,24.71327781677246,102.06790924072266,202.0,59.84000015258789,66.80999755859375,372.35589599609375,376.14532470703125,,170.4499969482422,599.9139404296875,36.5648307800293,85.8499984741211,30.68000030517578,26.799999237060547,75.1664047241211,10.92756462097168,24.225622177124023,207.66015625,186.74000549316406,23.219999313354492,226.97999572753906,46.92998123168945,27.25
2026-06-02,140.27000427246094,24.515966415405273,100.63886260986328,202.00999450683594,58.650001525878906,65.69000244140625,358.1744384765625,361.6340026855469,,167.63999938964844,597.0765991210938,35.132476806640625,83.33000183105469,30.18000030517578,26.40999984741211,74.4243392944336,10.728519439697266,24.31443214416504,203.7952117919922,188.8300018310547,21.100000381469727,222.3800048828125,47.067630767822266,27.18000030517578
2026-06-03,129.00999450683594,23.203845977783203,98.63421630859375,202.6300048828125,57.439998626708984,64.27999877929688,355.466064453125,358.77569580078125,,164.25,622.4031372070312,34.137786865234375,81.5199966430664,29.81999969482422,26.049999237060547,72.95999145507812,10.40009593963623,23.238834381103516,197.79861450195312,181.4499969482422,20.559999465942383,215.8000030517578,45.86808395385742,27.0
2026-06-04,129.0500030517578,23.016399383544922,98.5845947265625,203.39999389648438,58.72999954223633,65.54000091552734,369.0478820800781,371.96783447265625,,161.00999450683594,626.9888916015625,34.57544708251953,81.55999755859375,30.780000686645508,26.84000015258789,74.83000183105469,10.628997802734375,22.46914291381836,201.70338439941406,177.02000427246094,21.030000686645508,216.64999389648438,44.117916107177734,27.0
2026-06-05,132.1199951171875,23.49981117248535,98.95178985595703,203.0,59.880001068115234,66.88999938964844,365.5400085449219,368.30999755859375,,160.07000732421875,592.450927734375,34.23725128173828,82.18000030517578,31.190000534057617,27.260000228881836,74.51338195800781,10.171194076538086,22.449405670166016,202.6995086669922,178.10000610351562,19.950000762939453,214.38999938964844,44.609535217285156,26.239999771118164
2026-06-08,132.1999969482422,23.44061851501465,98.11817932128906,203.1999969482422,60.34000015258789,67.44000244140625,361.1700134277344,363.30999755859375,,159.50999450683594,584.8479614257812,34.00847244262695,82.63999938964844,31.030000686645508,27.059999465942383,74.27592468261719,10.34038257598877,22.202709197998047,201.8229217529297,178.42999267578125,19.43000030517578,212.5500030517578,44.67836380004883,26.469999313354492
2026-06-09,135.3699951171875,23.529409408569336,98.57467651367188,202.47999572753906,60.900001525878906,68.31999969482422,362.2900085449219,364.260009765625,,162.66000366210938,584.0487060546875,34.53566360473633,81.41000366210938,31.059999465942383,27.200000762939453,74.83000183105469,10.1910982131958,22.40993309020996,203.64581298828125,179.4600067138672,19.889999389648438,212.0500030517578,45.012664794921875,26.559999465942383
2026-06-10,137.7899932861328,23.647794723510742,97.86015319824219,203.1999969482422,61.029998779296875,68.0,353.32000732421875,356.3800048828125,,167.5,570.4512939453125,34.167625427246094,82.0,30.899999618530273,26.969999313354492,73.9800033569336,10.260765075683594,22.90332794189453,205.62806701660156,185.5500030517578,19.290000915527344,210.4600067138672,46.163055419921875,26.229999542236328
2026-06-11,139.13999938964844,23.647794723510742,99.57699584960938,203.0500030517578,61.36000061035156,68.30000305175781,356.55999755859375,357.7699890136719,,172.3300018310547,567.9036254882812,34.38645935058594,81.2699966430664,30.1299991607666,26.299999237060547,75.58999633789062,10.43990421295166,22.696102142333984,212.8698272705078,185.82000732421875,18.899999618530273,212.0800018310547,46.153221130371094,26.860000610351562
2026-06-12,145.82000732421875,24.170671463012695,99.27928161621094,203.27000427246094,58.91999816894531,65.8499984741211,358.1600036621094,359.67999267578125,,172.50999450683594,566.4549560546875,34.70475769042969,80.33999633789062,29.260000228881836,25.68000030517578,76.68000030517578,10.420000076293945,23.2684383392334,202.57000732421875,189.10000610351562,19.280000686645508,211.75,47.303611755371094,26.979999542236328
2026-06-15,143.7100067138672,23.647794723510742,100.91673278808594,203.1199951171875,49.95500183105469,54.7599983215332,367.1099853515625,369.3500061035156,,175.85000610351562,593.47998046875,35.749183654785156,81.66999816894531,29.25,25.700000762939453,76.51000213623047,10.489999771118164,22.982271194458008,201.19000244140625,188.86000061035156,19.270000457763672,216.22999572753906,46.281044006347656,26.829999923706055
2026-06-16,141.77999877929688,23.341962814331055,100.50984954833984,203.02000427246094,47.95000076293945,52.34000015258789,371.1000061035156,373.25,,174.10000610351562,600.2100219726562,36.326107025146484,78.72000122070312,29.549999237060547,25.93000030517578,77.37000274658203,10.300000190734863,22.853988647460938,200.02999877929688,184.36000061035156,18.959999084472656,229.97000122070312,45.946739196777344,26.600000381469727
2026-06-17,132.0,22.38500213623047,100.0930404663086,203.02000427246094,46.72999954223633,51.31999969482422,362.1000061035156,363.7900085449219,,171.52000427246094,567.5800170898438,35.12253189086914,76.95999908447266,29.600000381469727,25.979999542236328,76.30999755859375,9.979999542236328,22.143503189086914,194.52999877929688,181.30999755859375,18.15999984741211,228.02999877929688,45.071659088134766,26.239999771118164
2026-06-18,126.2300033569336,22.128496170043945,103.0999984741211,202.14999389648438,46.95000076293945,52.22999954223633,367.4599914550781,368.0299987792969,,171.24000549316406,577.219970703125,35.26178741455078,77.37999725341797,28.75,25.280000686645508,71.3499984741211,9.9399995803833,21.71918296813965,198.77999877929688,181.6699981689453,18.510000228881836,239.27999877929688,44.609535217285156,26.200000762939453
2026-06-22,125.54000091552734,22.019973754882812,101.67095184326172,202.97000122070312,44.93000030517578,49.38999938964844,348.7799987792969,349.67999267578125,,170.55999755859375,563.8499755859375,35.05290222167969,72.87999725341797,27.920000076293945,24.610000610351562,72.55000305175781,9.890000343322754,21.807994842529297,197.25999450683594,180.05999755859375,18.020000457763672,239.57000732421875,44.59970474243164,26.950000762939453
2026-06-23,131.75,22.49352264404297,102.74273681640625,203.52000427246094,44.54999923706055,48.790000915527344,346.0799865722656,346.1300048828125,,168.60000610351562,562.2000122070312,35.12253189086914,72.81999969482422,28.299999237060547,24.979999542236328,72.95999908447266,9.720000267028809,22.50861358642578,202.6999969482422,184.57000732421875,17.93000030517578,242.63999938964844,45.946739196777344,26.8799991607666
2026-06-24,131.4199981689453,22.33567237854004,100.35106658935547,204.52000427246094,45.369998931884766,49.79999923706055,345.0400085449219,345.2900085449219,,171.47000122070312,557.6699829101562,35.15237045288086,71.83999633789062,28.530000686645508,25.229999542236328,73.66000366210938,9.75,22.07442855834961,203.50999450683594,180.7899932861328,17.700000762939453,235.77000427246094,44.91434097290039,27.200000762939453
2026-06-25,129.64999389648438,22.38500213623047,97.30441284179688,204.72999572753906,44.38999938964844,48.86000061035156,342.19000244140625,343.7099914550781,,175.11000061035156,542.8699951171875,34.754493713378906,70.9000015258789,28.34000015258789,25.030000686645508,73.43000030517578,9.430000305175781,22.12376594543457,203.8000030517578,181.57000732421875,17.329999923706055,238.72000122070312,45.29780197143555,26.979999542236328
2026-06-26,133.63999938964844,22.858549118041992,98.03878021240234,205.25,45.90999984741211,50.099998474121094,334.69000244140625,337.3900146484375,,179.4600067138672,550.25,36.972652435302734,73.80999755859375,28.729999542236328,25.40999984741211,73.08999633789062,9.640000343322754,22.419801712036133,215.8800048828125,182.67999267578125,18.3700008392334,238.52999877929688,45.759925842285156,26.739999771118164
2026-06-29,146.1699981689453,23.894433975219727,97.87999725341797,205.0500030517578,45.709999084472656,50.38999938964844,351.2799987792969,353.6499938964844,,182.55999755859375,562.5999755859375,38.52437210083008,73.77999877929688,28.559999465942383,25.260000228881836,73.93000030517578,9.819999694824219,21.531694412231445,211.6199951171875,173.97000122070312,18.649999618530273,247.14999389648438,43.36082077026367,27.1299991607666
2026-06-30,142.2100067138672,24.219999313354492,96.25,205.0399932861328,46.84000015258789,52.15999984741211,353.3299865722656,357.3699951171875,,183.11000061035156,563.2899780273438,37.84798049926758,71.4000015258789,28.059999465942383,24.829999923706055,72.83000183105469,9.859999656677246,20.42649269104004,201.30999755859375,167.72999572753906,18.079999923706055,249.97999572753906,41.63032531738281,26.65999984741211
2026-07-01,139.83999633789062,23.729999542236328,95.70999908447266,205.4499969482422,48.41999816894531,54.130001068115234,357.8900146484375,361.2099914550781,,183.97999572753906,612.9099731445312,38.04692077636719,74.19000244140625,29.25,25.780000686645508,76.11000061035156,10.170000076293945,20.20939826965332,202.42999267578125,173.05999755859375,19.149999618530273,250.32000732421875,41.28619384765625,26.809999465942383
2026-07-02,137.1999969482422,23.790000915527344,99.5,205.2100067138672,50.560001373291016,56.47999954223633,356.17999267578125,359.9100036621094,,186.58999633789062,582.9000244140625,37.69878005981445,77.6500015258789,30.170000076293945,26.639999389648438,78.62000274658203,10.390000343322754,20.30807876586914,194.4199981689453,177.52000427246094,19.100000381469727,254.99000549316406,41.84663772583008,26.479999542236328
2026-07-06,135.44000244140625,23.3799991607666,97.41000366210938,205.2100067138672,49.900001525878906,55.869998931884766,364.8999938964844,366.4599914550781,,183.2899932861328,600.2899780273438,37.46999740600586,76.0199966430664,30.020000457763672,26.639999389648438,79.9000015258789,10.09000015258789,20.30807876586914,192.3000030517578,181.7899932861328,19.309999465942383,258.4100036621094,41.36484909057617,26.1200008392334
2026-07-07,138.02000427246094,23.40999984741211,97.4800033569336,205.44000244140625,49.20000076293945,54.91999816894531,363.6199951171875,367.0299987792969,,183.9199981689453,615.5800170898438,39.18000030517578,76.18000030517578,30.469999313354492,26.920000076293945,80.83999633789062,9.9399995803833,20.81134033203125,193.5800018310547,184.72999572753906,19.18000030517578,257.7900085449219,41.87613296508789,26.1200008392334
2026-07-08,133.5399932861328,23.190000534057617,96.69999694824219,204.88999938964844,47.95000076293945,53.38999938964844,358.7099914550781,361.9200134277344,,182.13999938964844,603.1199951171875,38.36000061035156,75.58999633789062,30.100000381469727,26.719999313354492,78.5999984741211,9.75,20.840944290161133,192.91000366210938,180.13999938964844,19.06999969482422,251.3800048828125,41.73847961425781,26.149999618530273
2026-07-09,134.35000610351562,23.350000381469727,96.16999816894531,206.55999755859375,48.439998626708984,53.7400016784668,356.239990234375,358.8900146484375,,182.5800018310547,631.47998046875,39.31999969482422,75.47000122070312,31.1299991607666,27.489999771118164,80.83000183105469,9.329999923706055,20.762001037597656,188.17999267578125,181.47999572753906,19.75,246.10000610351562,41.53200149536133,26.6299991607666
2026-07-10,130.72999572753906,23.56999969482422,95.62000274658203,206.41000366210938,48.75,54.119998931884766,355.0299987792969,357.17999267578125,,179.7899932861328,669.2100219726562,38.849998474121094,73.37000274658203,30.93000030517578,27.3700008392334,81.93000030517578,9.40999984741211,21.1299991607666,184.39999389648438,187.61000061035156,19.530000686645508,243.1999969482422,42.119998931884766,26.59000015258789
2026-07-13,131.3699951171875,23.969999313354492,96.0,206.35000610351562,50.220001220703125,55.900001525878906,350.6700134277344,352.510009765625,,183.25,656.72998046875,38.540000915527344,73.83000183105469,31.40999984741211,27.729999542236328,82.55000305175781,9.550000190734863,21.549999237060547,180.9600067138672,188.41000366210938,19.790000915527344,244.10000610351562,42.68000030517578,27.09000015258789
2026-07-14,127.91000366210938,23.190000534057617,95.87000274658203,206.64999389648438,49.5,54.869998931884766,357.3299865722656,359.510009765625,,181.55999755859375,661.0399780273438,38.34000015258789,73.52999877929688,31.149999618530273,27.600000381469727,80.75,9.119999885559082,21.280000686645508,184.55999755859375,187.1300048828125,18.940000534057617,237.0399932861328,42.470001220703125,27.479999542236328
2026-07-15,131.24000549316406,23.489999771118164,97.1500015258789,207.27000427246094,50.38999938964844,55.9900016784668,370.2099914550781,370.9200134277344,,178.44000244140625,681.3099975585938,40.11000061035156,73.68000030517578,31.65999984741211,27.979999542236328,80.93000030517578,9.25,21.43000030517578,185.6999969482422,187.6199951171875,19.3700008392334,243.8000030517578,42.83000183105469,27.270000457763672
2026-07-16,133.3300018310547,24.100000381469727,99.70999908447266,207.83999633789062,51.08000183105469,56.810001373291016,353.80999755859375,354.4599914550781,,179.85000610351562,664.5399780273438,40.290000915527344,74.3499984741211,32.540000915527344,28.690000534057617,84.16999816894531,9.140000343322754,21.979999542236328,184.77999877929688,192.85000610351562,19.1200008392334,239.57000732421875,43.880001068115234,27.290000915527344
2026-07-17,131.3699951171875,23.790000915527344,97.66999816894531,208.89999389648438,51.630001068115234,57.619998931884766,346.1199951171875,346.7699890136719,,180.22000122070312,646.010009765625,39.150001525878906,68.94999694824219,32.41999816894531,28.43000030517578,81.7300033569336,8.75,21.809999465942383,185.1300048828125,192.42999267578125,18.59000015258789,236.67999267578125,43.59000015258789,26.8700008392334
2026-07-20,129.16000366210938,23.780000686645508,96.41000366210938,209.2899932861328,51.54999923706055,57.47999954223633,351.3699951171875,351.989990234375,,180.86000061035156,645.8499755859375,39.040000915527344,67.5999984741211,32.209999084472656,28.290000915527344,82.37000274658203,8.569999694824219,21.950000762939453,182.7899932861328,195.63999938964844,18.639999389648438,238.97999572753906,43.5,25.860000610351562
2026-07-21,127.79000091552734,23.809999465942383,96.13999938964844,209.0399932861328,51.470001220703125,57.56999969482422,346.19000244140625,347.1499938964844,,177.8300018310547,643.8099975585938,38.75,68.66999816894531,31.209999084472656,27.530000686645508,79.20999908447266,8.529999732971191,22.260000228881836,181.6999969482422,190.77000427246094,18.25,235.92999267578125,43.779998779296875,25.829999923706055
2026-07-22,129.22000122070312,23.520000457763672,95.87000274658203,208.9499969482422,50.630001068115234,56.45000076293945,341.9100036621094,342.0899963378906,,177.9199981689453,627.1699829101562,38.029998779296875,68.52999877929688,30.950000762939453,27.34000015258789,79.37999725341797,8.779999732971191,23.040000915527344,181.64999389648438,190.94000244140625,17.579999923706055,233.5800018310547,44.290000915527344,25.850000381469727
2026-07-23,126.5,21.920000076293945,92.83000183105469,209.0,49.18000030517578,55.09000015258789,318.3399963378906,317.69000244140625,,176.05999755859375,606.0999755859375,37.400001525878906,68.88999938964844,29.75,26.329999923706055,77.9000015258789,8.489999771118164,22.959999084472656,179.42999267578125,170.4199981689453,16.790000915527344,230.25,43.81999969482422,25.950000762939453
2026-07-24,123.30999755859375,22.299999237060547,94.8499984741211,209.05999755859375,49.40999984741211,55.310001373291016,319.0899963378906,319.739990234375,,177.24000549316406,595.1900024414062,37.90999984741211,70.08999633789062,30.190000534057617,26.760000228881836,79.66000366210938,8.210000038146973,24.1299991607666,180.6199951171875,180.08999633789062,17.290000915527344,231.64999389648438,46.380001068115234,25.770000457763672
