Date,APA,BKR,COP,CTRA,CVX,DVN,EOG,EQT,EXE,FANG,HAL,KMI,MPC,OKE,OXY,PSX,SLB,TPL,TRGP,VLO,WMB,XOM
2021-07-26,16.19304656982422,18.53431510925293,47.946434020996094,,82.22578430175781,20.806013107299805,58.5708122253418,19.49385643005371,43.678245544433594,64.91902160644531,18.81123161315918,13.524824142456055,48.54521179199219,40.84756851196289,25.33490753173828,61.53148651123047,26.39910888671875,156.55584716796875,39.22724914550781,55.55923080444336,20.348283767700195,48.659297943115234
2021-07-27,15.952385902404785,18.339120864868164,47.49116516113281,,81.94886779785156,20.251708984375,57.43368148803711,18.980117797851562,43.50410461425781,63.543792724609375,18.765769958496094,13.464140892028809,48.261016845703125,40.15703201293945,24.531509399414062,61.71364974975586,26.148197174072266,150.9912567138672,37.95545196533203,55.59313201904297,20.093828201293945,48.11845779418945
2021-07-28,16.364946365356445,18.631916046142578,47.81996536254883,,82.41314697265625,20.657676696777344,57.883792877197266,19.381763458251953,43.8840446472168,64.37701416015625,19.17490577697754,13.4793119430542,49.09585952758789,40.47574996948242,25.12938690185547,62.27663040161133,26.27365493774414,155.1819610595703,38.658992767333984,57.05120086669922,20.1176815032959,48.44296646118164
2021-07-29,16.399324417114258,18.791610717773438,48.12348937988281,,83.54532623291016,20.790401458740234,58.20756530761719,17.457599639892578,43.80488967895508,64.34465789794922,19.320375442504883,13.577919006347656,49.673152923583984,40.82480239868164,25.017284393310547,61.91233825683594,26.56040382385254,153.0808563232422,38.812686920166016,57.33940887451172,20.23695945739746,49.03373336791992
2021-07-30,16.11568832397461,18.8448429107666,47.26353073120117,,82.9262924194336,20.17363739013672,57.53633117675781,17.177379608154297,42.783775329589844,62.39506530761719,18.80213737487793,13.385379791259766,49.042579650878906,40.13364028930664,24.38204574584961,60.79465103149414,25.83456039428711,156.1739044189453,38.071327209472656,56.771453857421875,19.91889190673828,47.90212631225586
2021-08-02,15.711726188659668,18.507701873779297,46.690223693847656,,82.77967834472656,19.900388717651367,56.55713653564453,16.364749908447266,42.19011306762695,62.0876579284668,18.32935333251953,13.33917236328125,48.367591857910156,39.65484619140625,24.092451095581055,60.83603286743164,25.538848876953125,154.7404022216797,37.54695510864258,56.28825759887695,19.831418991088867,47.910438537597656
2021-08-03,16.141475677490234,18.906946182250977,47.75252151489258,,83.56977081298828,20.46249771118164,58.183876037597656,16.710350036621094,43.19539260864258,65.14553833007812,18.520286560058594,13.462398529052734,49.68202209472656,39.71662521362305,24.690324783325195,62.98036193847656,25.897287368774414,155.38388061523438,38.08037185668945,58.500797271728516,19.974546432495117,48.42632293701172
2021-08-04,15.256189346313477,18.303632736206055,46.31084442138672,,81.69636535644531,19.744245529174805,55.86219787597656,16.999914169311523,43.124149322509766,61.82072067260742,17.456531524658203,13.200542449951172,48.29654312133789,39.94057846069336,23.9990291595459,59.312660217285156,24.759241104125977,151.31671142578125,37.43846130371094,55.1900749206543,19.791662216186523,47.29470443725586
2021-08-05,15.522632598876953,18.507701873779297,47.17078399658203,,82.45387268066406,20.790401458740234,55.86219787597656,16.915842056274414,42.910430908203125,64.57926940917969,17.71110725402832,13.108122825622559,50.170501708984375,40.3189811706543,24.46611976623535,60.744964599609375,25.01911163330078,153.74322509765625,38.333518981933594,56.505767822265625,19.9427433013916,47.59425354003906
2021-08-06,15.754697799682617,18.800485610961914,47.63449478149414,,83.04032135009766,21.087072372436523,56.01225662231445,17.326824188232422,43.567420959472656,64.75723266601562,18.183887481689453,13.185139656066895,50.98757553100586,40.58926773071289,24.652950286865234,61.23345947265625,25.4671630859375,154.84083557128906,38.76749038696289,57.185096740722656,19.92683982849121,48.1434211730957
2021-08-09,15.393706321716309,18.872066497802734,46.749244689941406,,81.6556396484375,20.7982120513916,54.78822326660156,17.8779296875,42.79169464111328,62.4759635925293,17.902036666870117,13.123526573181152,50.8188362121582,39.9637451171875,23.924297332763672,60.44690704345703,25.08184051513672,155.50942993164062,38.550498962402344,56.7551383972168,19.688297271728516,47.59425354003906
2021-08-10,16.382139205932617,19.113676071166992,47.61762237548828,,83.14620971679688,21.586727142333984,54.27495574951172,18.0927677154541,43.931549072265625,63.19594955444336,18.374814987182617,13.239053726196289,51.9378776550293,40.69738006591797,24.531509399414062,61.45698928833008,25.4671630859375,157.47549438476562,40.141700744628906,57.529075622558594,19.863229751586914,48.40967559814453
2021-08-11,16.52825164794922,19.24789810180664,48.216224670410156,,83.77339172363281,21.859975814819336,54.85140609741211,17.905954360961914,45.071388244628906,64.2862319946289,18.75667381286621,13.277560234069824,52.5240478515625,40.79777526855469,25.073331832885742,61.60601043701172,25.968978881835938,156.05148315429688,39.95184326171875,57.477474212646484,19.863229751586914,48.55113220214844
2021-08-12,16.261808395385742,19.104721069335938,48.08975601196289,,83.60232543945312,22.22690773010254,55.11200714111328,17.50430679321289,46.551597595214844,64.57913208007812,18.583932876586914,13.323768615722656,52.879302978515625,41.214786529541016,25.101364135742188,61.630855560302734,25.583660125732422,157.84805297851562,40.069374084472656,57.83005142211914,19.879133224487305,48.441322326660156
2021-08-13,15.367918968200684,19.38212776184082,47.187652587890625,,83.04845428466797,21.86779022216797,53.69846725463867,16.757057189941406,44.95265579223633,61.544246673583984,18.302082061767578,13.2544527053833,52.532920837402344,40.50431442260742,24.092451095581055,61.17548751831055,25.404438018798828,155.2154541015625,39.72581100463867,56.970123291015625,19.743953704833984,47.951419830322266
2021-08-16,14.723295211791992,19.04208755493164,46.20966720581055,,82.20135498046875,21.21198844909668,52.055931091308594,16.21529769897461,44.192745208740234,59.02192306518555,17.865665435791016,13.092720031738281,51.84906005859375,39.9637451171875,23.158267974853516,59.48651885986328,24.893661499023438,151.6337890625,38.89405059814453,55.49964904785156,19.569019317626953,47.2503547668457
2021-08-17,14.499820709228516,19.140518188476562,45.96517562866211,,82.04662322998047,21.009002685546875,52.095428466796875,15.907058715820312,43.353702545166016,58.484920501708984,17.429250717163086,12.900181770324707,51.22113800048828,39.600799560546875,22.495004653930664,58.664859771728516,24.364961624145508,149.11935424804688,39.083919525146484,54.61392593383789,19.465646743774414,46.929386138916016
2021-08-18,14.267760276794434,18.952604293823242,45.130516052246094,,79.82600402832031,20.407854080200195,51.61370849609375,15.337281227111816,41.49353790283203,56.80067443847656,17.183773040771484,12.545906066894531,50.485557556152344,39.04476547241211,21.906471252441406,57.13892364501953,24.024436950683594,143.29847717285156,38.387760162353516,53.52181625366211,19.115772247314453,45.94112777709961
2021-08-19,13.752053260803223,18.06671714782715,44.21155548095703,,77.83654022216797,19.783279418945312,50.745059967041016,15.178491592407227,41.13733673095703,55.23033142089844,16.501874923706055,12.23784351348877,48.6466178894043,38.04857635498047,20.635988235473633,55.56268310546875,23.69288444519043,138.56370544433594,37.1762809753418,51.80196762084961,18.996501922607422,44.538997650146484
2021-08-20,13.81221866607666,18.28147315979004,44.489768981933594,,77.84481048583984,20.0643367767334,50.910888671875,15.122447967529297,41.69142150878906,55.474430084228516,16.556428909301758,12.276351928710938,49.13102340698242,38.94438171386719,20.505205154418945,55.294376373291016,23.710805892944336,139.4416046142578,37.836265563964844,51.76757049560547,19.115772247314453,44.54743957519531
2021-08-23,14.860815048217773,19.256847381591797,46.19281005859375,,79.85076904296875,21.282249450683594,53.414188385009766,15.468050956726074,41.63087844848633,58.74529266357422,17.465620040893555,12.538206100463867,50.969970703125,40.141361236572266,21.92514991760254,57.683902740478516,24.6337890625,142.7229766845703,38.93925476074219,54.269954681396484,19.481548309326172,46.3803596496582
2021-08-24,15.385111808776855,19.856388092041016,46.71552658081055,,80.7670669555664,22.273757934570312,54.05382537841797,15.49606990814209,41.98941421508789,60.37258529663086,18.229341506958008,12.692235946655273,51.99258041381836,40.89815902709961,22.77525520324707,59.46974563598633,25.287940979003906,145.69775390625,39.698699951171875,56.09300231933594,19.592872619628906,46.76045608520508
2021-08-25,15.582797050476074,20.00851058959961,47.22980499267578,,81.3201675415039,22.828062057495117,54.27495574951172,16.308704376220703,42.252342224121094,61.031646728515625,18.338443756103516,12.684535026550293,52.59361267089844,41.2842903137207,23.00879669189453,60.517784118652344,25.494047164916992,148.26028442382812,40.10554504394531,57.04751968383789,19.553115844726562,46.844913482666016
2021-08-26,15.204618453979492,19.954818725585938,46.479461669921875,,80.2552719116211,22.71095848083496,53.248348236083984,16.205961227416992,42.31608963012695,59.461299896240234,17.97477149963379,12.43038272857666,52.10921096801758,40.58154296875,22.42026710510254,59.260135650634766,25.207292556762695,144.50389099121094,39.39130401611328,56.290775299072266,19.2032413482666,46.21141052246094
2021-08-27,16.107093811035156,20.643842697143555,47.836830139160156,,81.42747497558594,23.70246124267578,54.985660552978516,17.392221450805664,44.12474060058594,62.36603927612305,18.683942794799805,12.776955604553223,53.84049987792969,41.5777473449707,23.971004486083984,60.87831497192383,26.0585880279541,148.05943298339844,40.81977462768555,57.709659576416016,19.569019317626953,47.10675811767578
2021-08-30,16.038330078125,20.402238845825195,47.381561279296875,,81.22110748291016,23.249650955200195,53.216758728027344,16.915842056274414,43.6546516418457,62.064964294433594,18.32935333251953,12.584413528442383,52.86271667480469,40.959957122802734,23.58799171447754,60.00635528564453,25.34171485900879,148.10231018066406,39.94280242919922,56.772335052490234,19.52926254272461,46.591522216796875
2021-08-31,16.743127822875977,20.384340286254883,46.81668472290039,,79.8837890625,23.07008171081543,53.31941223144531,17.121337890625,44.467350006103516,62.76469421386719,18.206342697143555,12.530505180358887,53.1677131652832,40.558380126953125,23.9990291595459,59.60391616821289,25.238201141357422,142.27723693847656,39.70773696899414,57.0217170715332,19.632633209228516,46.050933837890625
2021-09-01,16.3735408782959,20.1337890625,46.07477569580078,,79.00875091552734,22.04734992980957,52.403404235839844,17.513641357421875,45.104759216308594,60.34003448486328,17.942087173461914,12.445788383483887,51.3557014465332,40.218589782714844,23.42918586730957,58.02764892578125,25.184194564819336,141.76559448242188,39.5901985168457,54.99229431152344,19.600826263427734,45.417442321777344
2021-09-02,17.061145782470703,20.894397735595703,47.718788146972656,,80.6597671508789,22.890520095825195,53.98274230957031,18.522428512573242,46.44332504272461,62.300926208496094,18.643726348876953,12.646027565002441,51.93876266479492,41.15300750732422,24.830446243286133,58.6229362487793,25.75124168395996,138.94143676757812,40.7293586730957,56.06720733642578,19.966602325439453,46.52394104003906
2021-09-03,16.90643310546875,20.724376678466797,47.41529083251953,,80.47815704345703,22.773414611816406,53.69058609008789,19.1762752532959,47.032920837402344,61.4791374206543,18.37946891784668,12.584413528442383,52.24376678466797,41.060333251953125,24.213890075683594,58.37141418457031,25.283205032348633,135.59523010253906,40.7293586730957,55.637237548828125,19.85527801513672,46.3465690612793
2021-09-07,16.78609848022461,20.599105834960938,47.196083068847656,,80.12318420410156,22.687532424926758,53.437870025634766,18.980117797851562,47.67033386230469,60.966548919677734,18.14255714416504,12.445788383483887,52.539794921875,40.51976013183594,23.971004486083984,57.63359832763672,25.04918670654297,127.79898834228516,40.15977478027344,56.342376708984375,19.57697105407715,46.07627487182617
2021-09-08,16.364946365356445,20.321701049804688,46.605918884277344,,79.57011413574219,22.039539337158203,53.05093002319336,19.120229721069336,48.50693893432617,60.779415130615234,17.632265090942383,12.391875267028809,51.23011016845703,40.434814453125,23.270368576049805,56.16634750366211,23.9960880279541,128.45960998535156,40.05128860473633,54.77732467651367,19.680341720581055,45.65394592285156
2021-09-09,16.270397186279297,21.037569046020508,46.85885238647461,,79.2481460571289,22.211299896240234,53.1851692199707,18.559789657592773,48.25994110107422,61.560516357421875,17.604928970336914,12.307157516479492,51.3557014465332,40.46571350097656,23.429241180419922,55.95673751831055,23.96009063720703,128.6357421875,39.743900299072266,54.63972091674805,19.51862335205078,45.68772888183594
2021-09-10,16.06412124633789,21.350759506225586,46.98530960083008,,79.30593872070312,22.29868507385254,53.019344329833984,18.120784759521484,47.439273834228516,61.056053161621094,17.796289443969727,12.299455642700195,51.01481246948242,40.53521728515625,23.34513282775879,55.65489959716797,24.10409927368164,128.03280639648438,39.31898880004883,54.52793502807617,19.6318302154541,45.59480667114258
2021-09-13,17.31899642944336,21.825021743774414,48.55345153808594,,80.87439727783203,22.97391700744629,55.348899841308594,18.653196334838867,49.92517852783203,63.301719665527344,18.62550926208496,12.43038272857666,52.57566833496094,41.24567794799805,24.905839920043945,56.39271545410156,25.301206588745117,130.2830810546875,40.4490966796875,56.909934997558594,20.060367584228516,46.76889419555664
2021-09-14,16.631391525268555,21.78028106689453,48.00544738769531,,79.41326141357422,22.457561492919922,54.89878845214844,18.242212295532227,49.152313232421875,61.576778411865234,18.28835105895996,12.330262184143066,51.63378143310547,40.9676628112793,24.5600528717041,54.699092864990234,24.90517234802246,127.41209411621094,39.96088409423828,55.637237548828125,20.011850357055664,46.101619720458984
2021-09-15,17.722965240478516,22.487205505371094,50.01199722290039,,81.09728240966797,24.094017028808594,59.4710578918457,19.222976684570312,50.180145263671875,66.3772964477539,18.95354652404785,12.615220069885254,53.436832427978516,43.02184295654297,26.055334091186523,55.3614501953125,26.318294525146484,131.34739685058594,42.23015594482422,57.1937141418457,20.860837936401367,47.655784606933594
2021-09-16,17.611221313476562,21.825021743774414,49.93611145019531,,80.33781433105469,24.078126907348633,58.412879943847656,18.083423614501953,48.753929138183594,65.1487045288086,18.762187957763672,12.445788383483887,53.01521682739258,42.91372299194336,25.54132652282715,55.13508224487305,25.976266860961914,130.29568481445312,41.78715133666992,56.290775299072266,20.545499801635742,47.14899444580078
2021-09-17,17.31039810180664,21.42234992980957,49.674766540527344,,79.87554168701172,23.6650390625,58.63398361206055,17.588367462158203,48.658329010009766,67.22349548339844,18.470592498779297,12.291753768920898,52.7999382019043,42.60482406616211,25.176856994628906,55.353057861328125,25.481220245361328,136.3575439453125,40.72032165527344,56.41116714477539,20.44038963317871,46.591522216796875
2021-09-20,16.25320816040039,20.47382354736328,48.115047454833984,,78.24104309082031,22.386064529418945,56.48604965209961,17.522985458374023,47.582706451416016,64.36759185791016,17.860074996948242,12.076108932495117,51.248046875,40.92133331298828,23.812414169311523,53.885807037353516,24.527137756347656,130.344970703125,39.8885498046875,54.14957046508789,20.189735412597656,45.3498649597168
2021-09-21,16.13288116455078,20.79596519470215,50.02043151855469,,78.29883575439453,22.6323299407959,57.02304458618164,17.177379608154297,46.41941833496094,65.12430572509766,17.750730514526367,12.153125762939453,51.884944915771484,41.168453216552734,23.76568031311035,53.94451141357422,24.239110946655273,131.16493225097656,40.4490966796875,54.45054244995117,19.979507446289062,45.30763244628906
2021-09-22,17.293209075927734,20.974929809570312,52.49067306518555,,80.60198211669922,24.181398391723633,58.91038131713867,17.663095474243164,46.658451080322266,68.65550231933594,17.99675178527832,12.422680854797363,53.7418212890625,42.35771560668945,24.99929428100586,56.18312072753906,24.4371280670166,132.8856658935547,41.606327056884766,56.1703987121582,20.238252639770508,46.63374328613281
2021-09-23,18.513700485229492,21.51183319091797,53.71315383911133,,82.59967803955078,26.05617332458496,60.70296096801758,18.18616485595703,48.180274963378906,71.48698425292969,18.962657928466797,12.699939727783203,55.43723678588867,44.37327194213867,26.130096435546875,57.52459716796875,25.994264602661133,137.0537872314453,42.8901481628418,57.76126480102539,20.594018936157227,48.21327209472656
2021-09-24,18.83171844482422,21.67290496826172,54.81760025024414,,83.04547119140625,26.286548614501953,61.67427062988281,18.6718807220459,46.68235397338867,72.18673706054688,19.135791778564453,12.730744361877441,55.517967224121094,44.38100051879883,26.260936737060547,57.04669952392578,26.11127471923828,136.47500610351562,42.87205123901367,58.15681457519531,20.53741455078125,48.64404296875
2021-09-27,19.992053985595703,22.29928970336914,56.24242401123047,,85.00189971923828,27.803848266601562,64.60398864746094,20.866926193237305,49.781761169433594,77.6869888305664,20.174589157104492,13.07731819152832,56.59442138671875,45.485313415527344,28.214155197143555,59.63744354248047,27.17336654663086,143.34104919433594,44.71641540527344,60.865596771240234,21.054895401000977,50.08840560913086
2021-09-28,18.64263153076172,22.29928970336914,57.16139602661133,,85.3238525390625,27.90711212158203,64.54081726074219,20.624065399169922,49.47898864746094,77.28016662597656,20.402400970458984,13.008001327514648,56.074127197265625,45.00651550292969,27.943132400512695,59.45298385620117,27.821422576904297,140.13243103027344,44.589839935302734,61.200950622558594,21.087236404418945,50.61209487915039
2021-09-29,18.281639099121094,22.415613174438477,57.363731384277344,,85.29907989501953,28.399642944335938,65.20414733886719,19.372421264648438,48.49100875854492,78.15076446533203,20.192813873291016,13.031108856201172,55.553863525390625,45.415809631347656,28.06462860107422,58.65647888183594,27.29937744140625,130.08700561523438,44.7525749206543,60.46142578125,21.240863800048828,50.57832717895508
2021-09-30,18.419158935546875,22.129274368286133,57.13608932495117,,83.74714660644531,28.208982467651367,63.38787078857422,19.110889434814453,49.0726432800293,77.02792358398438,19.700754165649414,12.884777069091797,55.44621276855469,44.78256607055664,27.644075393676758,58.71516418457031,26.678327560424805,126.8112564086914,44.490386962890625,60.68500518798828,20.974037170410156,49.682979583740234
2021-10-01,18.737173080444336,22.531944274902344,59.10048294067383,,86.12458801269531,29.241703033447266,66.26232147216797,19.26034164428711,49.46306610107422,80.43711853027344,20.302167892456055,13.023406982421875,57.016029357910156,45.9100456237793,29.1113224029541,60.84477996826172,27.32638168334961,122.9996337890625,45.90077209472656,63.307777404785156,21.345975875854492,51.465206146240234
2021-10-04,18.960647583007812,22.77354621887207,60.272396087646484,,86.44652557373047,30.7907657623291,68.2286376953125,20.063631057739258,51.50276565551758,84.11479187011719,20.976472854614258,13.04651165008545,56.5316276550293,46.381107330322266,29.728126525878906,63.477439880371094,27.794416427612305,120.77454376220703,47.07609176635742,64.51168060302734,22.106021881103516,52.13249588012695
2021-10-05,19.08957290649414,22.675121307373047,60.474727630615234,,87.38760375976562,31.8393611907959,68.78141784667969,20.194400787353516,53.31938552856445,84.74944305419922,21.33185386657715,13.031108856201172,56.73794937133789,46.50468063354492,30.625303268432617,64.8524398803711,27.533397674560547,124.25688934326172,47.21170425415039,63.892547607421875,22.05750846862793,52.04802703857422
2021-10-06,18.995027542114258,22.17401123046875,60.54216003417969,,86.61988830566406,30.727222442626953,68.36289978027344,19.605941772460938,50.96893310546875,84.70875549316406,20.949138641357422,12.89247989654541,56.38810348510742,46.4119987487793,29.905696868896484,65.72443389892578,26.948347091674805,121.87977600097656,46.90431594848633,64.8126449584961,21.879621505737305,51.09355926513672
2021-10-07,19.596677780151367,22.182960510253906,60.289249420166016,,87.23900604248047,30.504783630371094,67.74694061279297,19.895498275756836,51.59041213989258,85.53054809570312,21.304515838623047,13.04651165008545,56.96220397949219,46.913963317871094,30.354284286499023,66.48741149902344,27.920434951782227,124.3491439819336,47.2930793762207,65.26842498779297,22.348587036132812,51.237152099609375
2021-10-08,20.93750762939453,22.585634231567383,63.1641845703125,,89.19544982910156,31.664600372314453,71.49002838134766,19.50319480895996,52.41107940673828,89.4197769165039,21.814802169799805,13.454696655273438,58.451290130615234,47.59354019165039,31.429019927978516,68.86016845703125,28.49648094177246,127.23904418945312,47.65470504760742,67.5902099609375,22.898406982421875,52.52103805541992
2021-10-11,20.989076614379883,22.77354621887207,62.36324691772461,,88.43598937988281,31.33890724182129,71.19786071777344,18.587812423706055,49.980953216552734,90.09510803222656,22.48911476135254,13.662640571594238,57.91307067871094,47.80204772949219,31.204721450805664,68.7846908569336,29.21654510498047,125.62109375,47.93498992919922,66.90228271484375,23.149063110351562,51.997352600097656
2021-10-12,21.264114379882812,23.042001724243164,61.89112854003906,,88.4524917602539,31.180023193359375,71.16627502441406,18.522428512573242,49.47898864746094,89.50113677978516,22.315975189208984,13.816670417785645,58.07453918457031,48.612911224365234,30.84958839416504,69.27937316894531,29.594581604003906,123.71269989013672,48.61304473876953,67.8653793334961,23.391633987426758,51.727054595947266
2021-10-13,21.152381896972656,23.489416122436523,61.73934555053711,,88.98080444335938,30.973482131958008,71.3952865600586,18.541109085083008,49.43914794921875,88.02845001220703,22.315975189208984,13.839775085449219,58.54100036621094,48.86001968383789,30.167367935180664,68.64215850830078,29.486572265625,125.2886962890625,49.0289306640625,67.19464111328125,23.391633987426758,51.58346939086914
2021-10-14,22.53618049621582,24.0084228515625,62.2620735168457,,89.82283020019531,31.601051330566406,71.8498306274414,19.082870483398438,51.00081253051758,88.54916381835938,22.59846305847168,14.155542373657227,59.81480407714844,49.84850311279297,29.896350860595703,68.88532257080078,30.170635223388672,127.38270568847656,49.91493225097656,68.08036804199219,23.747398376464844,52.36901092529297
2021-10-15,22.665109634399414,24.062110900878906,62.50657653808594,,90.48322296142578,31.855257034301758,71.09619903564453,18.50374984741211,49.99688720703125,88.10167694091797,23.701047897338867,14.217156410217285,59.92245101928711,50.28867721557617,29.58794593811035,68.09716796875,30.60266876220703,128.1743621826172,50.366981506347656,67.64181518554688,23.89293670654297,52.86735916137695
2021-10-18,23.14643096923828,24.1247501373291,62.81010437011719,,90.44194793701172,32.188907623291016,70.85028839111328,18.73726463317871,50.34746170043945,88.8990478515625,23.701047897338867,14.22485637664795,59.56364059448242,50.34275436401367,30.77483558654785,67.80374145507812,30.746681213378906,128.45123291015625,50.95465087890625,67.18605041503906,23.682714462280273,52.84202194213867
2021-10-19,23.086261749267578,24.04421615600586,63.501407623291016,,92.20852661132812,32.014137268066406,71.52459716796875,18.91473960876465,49.25590133666992,90.26596069335938,23.783061981201172,14.209455490112305,59.94935989379883,50.30413055419922,30.78417205810547,69.4051284790039,31.088714599609375,131.32119750976562,50.80999755859375,68.923095703125,23.448232650756836,53.635990142822266
2021-10-20,23.59337043762207,22.684062957763672,64.09156799316406,,93.41375732421875,32.498722076416016,73.85691833496094,19.96088218688965,49.64630889892578,90.43684387207031,24.111101150512695,14.363486289978027,60.29022979736328,50.29640579223633,31.176685333251953,69.8578872680664,31.268726348876953,133.26629638671875,51.3253288269043,69.68843078613281,23.577604293823242,53.931617736816406
2021-10-21,23.26858901977539,21.7176456451416,62.885948181152344,,92.24153900146484,31.537500381469727,72.11164093017578,19.353744506835938,48.945167541503906,88.63052368164062,23.099634170532227,13.500907897949219,60.1287727355957,49.663169860839844,30.653337478637695,69.36321258544922,30.872684478759766,130.1321258544922,50.357940673828125,70.51394653320312,23.06011962890625,52.95180892944336
2021-10-22,23.845779418945312,22.048730850219727,63.83866882324219,,93.1165771484375,32.1253547668457,72.98429107666016,19.988910675048828,49.4550895690918,88.95600891113281,23.591699600219727,13.608728408813477,60.56830978393555,50.049285888671875,31.709383010864258,69.49737548828125,30.521656036376953,132.7483367919922,50.81903839111328,69.64543151855469,23.16522979736328,53.31501388549805
2021-10-25,24.31097984313965,22.514047622680664,64.51313781738281,,93.98334503173828,32.30011749267578,74.60263061523438,21.025714874267578,53.9807014465332,89.02108001708984,23.892404556274414,13.747355461120605,61.17830276489258,50.86786651611328,32.91496276855469,70.20166015625,30.926694869995117,135.6623077392578,51.34341049194336,71.10733032226562,23.28652000427246,54.35396194458008
2021-10-26,24.250682830810547,22.988313674926758,64.9430923461914,,94.18974304199219,32.97535705566406,75.36418151855469,21.04439353942871,53.84525680541992,90.87620544433594,23.83773422241211,13.570223808288574,61.420509338378906,50.8524169921875,33.04579162597656,68.93563079833984,30.83668327331543,136.47178649902344,50.80095291137695,70.41077423095703,23.116722106933594,55.61249923706055
2021-10-27,23.17383575439453,22.37982177734375,63.12802505493164,,92.51397705078125,31.466005325317383,73.80931854248047,20.63341522216797,52.753692626953125,87.53211212158203,22.890052795410156,13.323768615722656,59.33937454223633,50.358184814453125,31.120609283447266,64.8524398803711,29.28854751586914,130.32818603515625,49.562339782714844,67.65040588378906,22.882238388061523,54.16812515258789
2021-10-28,23.328893661499023,22.701963424682617,63.738712310791016,,93.3807373046875,32.17302322387695,74.420166015625,19.297698974609375,52.80945587158203,88.69562530517578,23.336557388305664,13.362275123596191,59.80583190917969,50.58212661743164,31.615924835205078,64.34940338134766,29.972614288330078,132.39283752441406,50.033329010009766,67.46981811523438,22.979265213012695,54.32016372680664
2021-10-29,22.579404830932617,22.44245719909668,63.17892074584961,,94.51168060302734,31.8393611907959,73.34918975830078,18.59715461730957,50.785682678222656,87.21481323242188,22.771591186523438,13.104105949401855,59.14202117919922,49.841796875,31.3355655670166,62.697689056396484,29.036529541015625,133.5546875,49.51706314086914,66.49811553955078,22.712440490722656,54.4553108215332
2021-11-01,23.40642738342285,23.262645721435547,63.263736724853516,,94.54469299316406,33.35666275024414,74.14249420166016,19.26034164428711,52.41904830932617,90.81111145019531,23.309219360351562,13.33880615234375,60.3350830078125,50.24917984008789,32.53178787231445,65.51482391357422,29.972614288330078,137.710205078125,50.585838317871094,67.0914535522461,23.076292037963867,55.43511962890625
2021-11-02,23.509807586669922,23.343769073486328,61.94062805175781,,93.96685791015625,33.348724365234375,73.63479614257812,19.036165237426758,52.084415435791016,93.1218490600586,23.126972198486328,13.268394470214844,57.98484420776367,50.194339752197266,32.11124801635742,65.02015686035156,29.88260841369629,134.96710205078125,50.35940170288086,65.23402404785156,22.95501136779785,54.750946044921875
2021-11-03,23.80270767211914,22.830026626586914,61.694664001464844,,93.28992462158203,33.34077453613281,72.15131378173828,19.082870483398438,53.82135772705078,90.97382354736328,22.525562286376953,13.182340621948242,57.1236686706543,50.076820373535156,31.634618759155273,66.18556213378906,29.684587478637695,133.58929443359375,49.79783630371094,65.25121307373047,22.882238388061523,53.99919128417969
2021-11-04,25.05185317993164,22.478515625,62.17811965942383,,93.70267486572266,33.650596618652344,72.11164093017578,19.026824951171875,52.26765823364258,91.7468032836914,22.343318939208984,13.104105949401855,57.02499771118164,49.70076370239258,31.541154861450195,64.4583969116211,29.837600708007812,130.0062713623047,50.70358657836914,65.6553726196289,22.86606788635254,54.40463638305664
2021-11-05,25.758270263671875,22.352331161499023,63.99314880371094,,94.71804809570312,34.6197624206543,75.45939636230469,19.222976684570312,52.44294738769531,92.58485412597656,22.498226165771484,13.260575294494629,59.034366607666016,50.703575134277344,31.232757568359375,65.20459747314453,30.16162872314453,143.40084838867188,51.33760070800781,67.0054702758789,23.09246253967285,54.91986846923828
2021-11-08,26.412996292114258,22.442462921142578,64.4002685546875,,95.0565185546875,35.04873275756836,76.94286346435547,19.335063934326172,52.761661529541016,94.14704895019531,22.890052795410156,13.174516677856445,58.90878677368164,50.828914642333984,32.04582214355469,65.38906860351562,30.872684478759766,145.27256774902344,52.37920379638672,66.88507080078125,23.02777862548828,55.51114273071289
2021-11-09,25.85303497314453,22.784954071044922,64.24761199951172,,95.7582015991211,34.94545364379883,77.03807830810547,18.980117797851562,53.67793273925781,92.33292388916016,22.85360336303711,13.158867835998535,60.21847152709961,50.664398193359375,31.53182601928711,66.3783950805664,30.728675842285156,149.06324768066406,51.84482192993164,67.28923034667969,23.068206787109375,56.051727294921875
2021-11-10,24.750335693359375,21.703393936157227,61.91518020629883,,94.23101806640625,33.626766204833984,74.80094146728516,18.344955444335938,50.275753021240234,87.56879425048828,21.714569091796875,13.06499195098877,58.77423858642578,49.24639129638672,29.73747444152832,65.00337219238281,29.45956802368164,140.49942016601562,49.66197204589844,66.09394073486328,22.760953903198242,54.94746780395508
2021-11-11,25.336143493652344,21.93773078918457,61.1857795715332,,94.23926544189453,33.93657684326172,75.30073547363281,19.802095413208008,51.343421936035156,88.88442993164062,21.614336013793945,13.135400772094727,59.204803466796875,49.6302604675293,30.01784324645996,65.28844451904297,29.50457191467285,140.51095581054688,50.042388916015625,66.40351867675781,23.35928726196289,55.05018997192383
2021-11-12,25.370607376098633,21.95575714111328,61.37240219116211,,94.29707336425781,33.82536315917969,75.23726654052734,19.95154571533203,50.1323356628418,89.84870910644531,21.477649688720703,13.04934310913086,59.025413513183594,49.42657470703125,29.9804630279541,64.95307922363281,29.486572265625,135.9517364501953,49.109474182128906,65.8531723022461,23.157148361206055,54.6307373046875
2021-11-15,25.508441925048828,22.28924560546875,61.677696228027344,,96.43511199951172,34.302001953125,73.93624877929688,20.4185733795166,49.72599792480469,90.84566497802734,21.32274055480957,13.190164566040039,59.312461853027344,49.638099670410156,29.887004852294922,66.16041564941406,29.450563430786133,135.80491638183594,49.9427604675293,66.51531219482422,23.132890701293945,55.1015510559082
2021-11-16,25.51705551147461,22.730878829956055,61.60984420776367,,96.81482696533203,34.500606536865234,72.90495300292969,20.54934310913086,49.630374908447266,90.03665161132812,21.51409912109375,13.03369426727295,58.6789665222168,49.481422424316406,29.75616455078125,65.31208038330078,29.603578567504883,135.9318084716797,49.526119232177734,67.02266693115234,22.817550659179688,55.657958984375
2021-11-17,23.82855224609375,21.93773078918457,61.04159927368164,,96.38059997558594,33.59498977661133,71.46114349365234,19.979562759399414,50.793643951416016,87.6341552734375,20.93091583251953,12.916345596313477,57.5386962890625,49.74778366088867,28.74684715270996,63.352481842041016,28.856517791748047,131.91363525390625,49.471771240234375,63.96590042114258,22.809467315673828,55.05018997192383
2021-11-18,23.759634017944336,21.568201065063477,61.677696228027344,,95.57060241699219,34.41321563720703,71.09619903564453,19.70868682861328,51.176109313964844,88.22252655029297,20.73955535888672,12.736410140991211,56.742313385009766,49.786956787109375,28.634702682495117,62.529598236083984,28.676496505737305,134.2635040283203,49.41742706298828,63.539154052734375,22.61541175842285,54.45098114013672
2021-11-19,22.39849281311035,20.32439422607422,59.03996276855469,,93.4496078491211,32.25245666503906,67.97056579589844,19.44715118408203,49.19215774536133,83.49105834960938,20.083471298217773,12.642529487609863,54.55226516723633,48.0869026184082,27.21417808532715,59.076934814453125,27.047353744506836,130.64381408691406,48.50261688232422,60.15145492553711,22.170705795288086,51.934303283691406
2021-11-22,22.855077743530273,20.41452980041504,60.97374725341797,,95.11969757080078,32.68143081665039,68.78768920898438,19.512531280517578,48.7778434753418,86.187744140625,20.311279296875,12.603411674499512,55.828277587890625,48.525634765625,28.045936584472656,61.24015426635742,27.308382034301758,131.47113037109375,48.73811340332031,61.52742385864258,22.316246032714844,52.653358459472656
2021-11-23,24.526355743408203,21.41497039794922,62.57673263549805,,97.11544036865234,34.50853729248047,72.79388427734375,19.73670768737793,51.31215286254883,90.04484558105469,20.93091583251953,12.77552604675293,57.78303527832031,50.147335052490234,29.8309326171875,62.631404876708984,28.064443588256836,136.09957885742188,50.33222579956055,63.18211364746094,22.704349517822266,54.04009246826172
2021-11-24,24.646961212158203,21.739442825317383,63.46729278564453,,97.85863494873047,35.81928634643555,73.81723022460938,19.895498275756836,51.906005859375,93.32170867919922,21.158720016479492,12.924169540405273,58.41653060913086,50.774078369140625,29.915040969848633,62.66532897949219,28.27146339416504,137.0999298095703,51.328548431396484,63.53044128417969,23.084375381469727,54.339691162109375
2021-11-26,22.60525131225586,20.784059524536133,60.62599563598633,,95.62071990966797,33.920692443847656,69.35093688964844,19.605941772460938,51.29609680175781,87.83026885986328,19.728090286254883,12.7207612991333,55.520591735839844,48.94084930419922,27.7562255859375,58.746097564697266,26.732330322265625,130.3376007080078,49.335906982421875,59.228328704833984,22.833723068237305,52.430789947509766
2021-11-29,23.113523483276367,21.207677841186523,61.19422912597656,,95.90463256835938,34.889854431152344,70.12041473388672,19.344402313232422,49.24971008300781,89.83235168457031,20.27483367919922,12.525178909301758,55.90972900390625,48.933013916015625,28.092662811279297,59.26357650756836,26.687320709228516,132.43687438964844,48.87397766113281,59.3676643371582,22.64775276184082,52.72182846069336
2021-11-30,22.20035171508789,21.036428451538086,59.48098373413086,,94.2512435913086,33.41228485107422,69.01773834228516,18.148805618286133,47.781124114990234,87.2173843383789,19.67341423034668,12.094894409179688,55.06809616088867,46.88043212890625,27.709497451782227,58.6782341003418,25.92353630065918,126.7493667602539,46.76359939575195,58.296485900878906,21.661319732666016,51.223812103271484
2021-12-01,21.752384185791016,21.108535766601562,58.69218826293945,,93.60826110839844,32.443111419677734,67.70877075195312,17.149362564086914,45.742767333984375,84.16932678222656,19.272472381591797,11.94625186920166,55.122398376464844,45.94815444946289,27.05530548095703,58.25408172607422,25.65237045288086,123.78398895263672,46.05710983276367,58.61870193481445,21.540027618408203,51.1810188293457
2021-12-02,22.553560256958008,21.631288528442383,60.43940353393555,,96.14679718017578,33.03891372680664,68.66866302490234,17.326824188232422,48.856483459472656,86.97222900390625,20.065248489379883,12.306123733520508,57.31245803833008,47.54634475708008,27.709497451782227,60.553016662597656,26.502031326293945,127.87136840820312,47.49724197387695,61.98028564453125,22.033248901367188,52.45647430419922
2021-12-03,22.036672592163086,21.57720947265625,60.31218719482422,,95.53722381591797,33.18190383911133,68.21649169921875,18.279571533203125,48.41511535644531,86.62086486816406,20.047021865844727,12.196598052978516,55.8101806640625,47.013607025146484,27.25156021118164,59.38234329223633,26.429718017578125,126.42326354980469,46.41035842895508,60.70880126953125,21.920053482055664,52.122623443603516
2021-12-06,22.26927375793457,22.009838104248047,61.75404357910156,,97.03194427490234,33.650596618652344,69.46992492675781,18.429019927978516,47.981746673583984,88.44316864013672,20.575532913208008,12.345243453979492,56.88711929321289,47.703033447265625,27.88706398010254,60.2900505065918,27.125713348388672,132.49981689453125,47.32514572143555,61.31843185424805,22.089847564697266,52.71327590942383
2021-12-07,23.16521453857422,22.424434661865234,63.24679183959961,,98.46822357177734,35.84312438964844,71.84191131591797,19.194950103759766,50.702247619628906,94.45758056640625,21.32274055480957,12.697290420532227,58.1269416809082,49.10537338256836,29.08328628540039,61.486175537109375,27.803627014160156,139.20645141601562,48.348655700683594,62.38088607788086,22.445615768432617,53.30392074584961
2021-12-08,22.941225051879883,22.487529754638672,62.856632232666016,,98.9107894897461,35.676307678222656,71.46114349365234,19.587257385253906,51.72945022583008,92.85590362548828,21.719890594482422,12.705113410949707,57.973087310791016,48.854671478271484,28.756202697753906,60.95173263549805,28.07479476928711,135.36866760253906,48.104095458984375,61.588401794433594,22.348587036132812,53.458003997802734
2021-12-09,22.42434310913086,22.41542625427246,61.53352737426758,,98.65191650390625,34.259620666503906,70.50914001464844,19.344402313232422,50.81459426879883,90.15924072265625,21.445995330810547,12.525178909301758,57.32149124145508,48.36111068725586,28.270069122314453,61.33346939086914,27.677085876464844,133.07566833496094,47.26175308227539,61.23133850097656,21.84794044494629,53.59496307373047
2021-12-10,22.975683212280273,22.929166793823242,62.330780029296875,,98.81893920898438,35.15009689331055,71.1437759399414,19.484516143798828,51.19980239868164,90.85382843017578,21.847705841064453,12.642529487609863,57.63824462890625,48.57263946533203,28.765544891357422,61.52010726928711,28.011524200439453,133.24588012695312,47.28892135620117,61.701602935791016,21.864355087280273,53.93737030029297
2021-12-13,21.778230667114258,22.13602066040039,60.23584747314453,,96.76472473144531,33.239593505859375,69.83483123779297,18.79330825805664,49.683067321777344,87.11933898925781,20.733867645263672,12.462594032287598,55.9368782043457,47.16246795654297,27.325862884521484,59.076934814453125,26.963010787963867,130.88356018066406,45.912193298339844,59.41121292114258,21.536060333251953,52.756080627441406
2021-12-14,21.493940353393555,21.703393936157227,59.94746017456055,,97.04864501953125,32.65673065185547,69.24226379394531,19.86747932434082,49.53861999511719,85.043701171875,20.52387809753418,12.376534461975098,56.516075134277344,46.5122184753418,26.867788314819336,60.001625061035156,26.81838607788086,129.37030029296875,45.64952850341797,59.38508605957031,21.240598678588867,52.67903137207031
2021-12-15,21.62316131591797,21.478071212768555,59.9729118347168,,96.49750518798828,32.365299224853516,68.84449768066406,19.587257385253906,48.90462875366211,84.7822036743164,20.332157135009766,12.41565227508545,56.543212890625,46.661067962646484,26.6621150970459,59.82347106933594,26.49298858642578,129.92306518554688,46.120521545410156,59.42862319946289,21.32267189025879,52.44791030883789
2021-12-16,21.35610580444336,21.87464141845703,60.812557220458984,,97.39936065673828,32.67291259765625,69.9647216796875,19.988910675048828,49.2416877746582,86.048828125,20.59691619873047,12.407828330993652,56.805660247802734,45.681785583496094,26.531234741210938,60.19673538208008,26.84550666809082,129.7296905517578,45.64046859741211,59.87276840209961,21.4539852142334,52.533512115478516
2021-12-17,21.002897262573242,21.34287452697754,58.19179153442383,,94.86083221435547,31.733858108520508,68.1869888305664,19.858139038085938,48.76018524169922,83.7035140991211,20.18607521057129,12.204421043395996,56.516075134277344,45.3214111328125,26.2133846282959,60.90931701660156,26.185665130615234,126.81141662597656,45.08796310424805,59.820518493652344,21.16673469543457,51.386451721191406
2021-12-20,20.62384605407715,20.79307746887207,58.18331527709961,,94.90257263183594,30.972888946533203,67.84603881835938,19.848796844482422,48.23052978515625,80.99867248535156,19.903043746948242,11.92278003692627,55.122398376464844,44.28728103637695,25.22243881225586,58.8987922668457,25.733720779418945,127.14878845214844,44.363365173339844,59.820518493652344,20.805604934692383,50.641727447509766
2021-12-21,21.82992172241211,21.442014694213867,59.94746017456055,,96.42235565185547,33.441978454589844,70.09461212158203,19.79275131225586,49.458370208740234,85.72195434570312,20.688217163085938,12.251362800598145,57.393898010253906,45.368408203125,26.73690414428711,61.197757720947266,26.619531631469727,132.55337524414062,45.785396575927734,62.11092758178711,21.060035705566406,51.78877639770508
2021-12-22,22.252044677734375,21.55918312072754,60.286746978759766,,96.97347259521484,34.23532485961914,70.80082702636719,20.717479705810547,50.08432388305664,86.36752319335938,20.752126693725586,12.180951118469238,57.10430908203125,45.26656723022461,27.036056518554688,60.75663757324219,26.66472816467285,129.23582458496094,46.08428192138672,62.09349060058594,21.076448440551758,52.20823287963867
2021-12-23,22.45879554748535,21.829578399658203,60.380008697509766,,97.20730590820312,34.041038513183594,70.76837158203125,20.6707706451416,50.702247619628906,86.57183837890625,20.733867645263672,12.235716819763184,57.050010681152344,45.454593658447266,26.970619201660156,60.99414825439453,26.727998733520508,130.2624969482422,46.02088928222656,62.46799087524414,21.215978622436523,52.23390579223633
2021-12-27,24.095609664916992,22.190099716186523,62.09328079223633,,99.19469451904297,36.11344528198242,73.6906509399414,21.315269470214844,52.84493637084961,90.82115173339844,21.153841018676758,12.376534461975098,57.99118423461914,46.54356002807617,27.709152221679688,61.74916076660156,26.97205352783203,134.88734436035156,47.58781433105469,63.68720245361328,21.55247688293457,52.9786376953125
2021-12-28,24.061153411865234,22.15404510498047,62.016963958740234,,99.00263977050781,36.0244026184082,73.23607635498047,21.361980438232422,52.933204650878906,90.02030944824219,21.044282913208008,12.407828330993652,58.25363540649414,46.53572082519531,27.559579849243164,62.71623229980469,27.216102600097656,132.74671936035156,47.40666961669922,64.88029479980469,21.47040557861328,52.807437896728516
2021-12-29,24.04391860961914,21.87464141845703,61.84733581542969,,98.49325561523438,35.78154373168945,72.93572998046875,21.29659080505371,52.620235443115234,88.83541870117188,20.943851470947266,12.384358406066895,57.873538970947266,46.04216384887695,27.353910446166992,61.800045013427734,26.80030632019043,131.54246520996094,47.044368743896484,65.01094055175781,21.371915817260742,52.34519577026367
2021-12-30,23.311664581298828,21.58622169494629,61.30451202392578,,98.05905151367188,35.35248565673828,72.391845703125,20.586708068847656,51.641170501708984,87.69136047363281,20.779518127441406,12.36088752746582,57.402950286865234,45.814971923828125,27.082805633544922,61.460716247558594,26.953975677490234,130.93605041503906,46.64584732055664,64.68871307373047,21.273426055908203,52.037025451660156
2021-12-31,23.16521453857422,21.68536376953125,61.38957214355469,,97.99223327636719,35.66011047363281,72.10773468017578,20.371870040893555,51.77760696411133,88.13263702392578,20.87994384765625,12.407828330993652,57.90974426269531,46.034324645996094,27.10149383544922,61.46921920776367,27.071481704711914,131.23980712890625,47.31610107421875,65.41153717041016,21.371915817260742,52.37942886352539
2022-01-03,24.173141479492188,22.568645477294922,62.74186325073242,,99.58718872070312,36.890602111816406,73.99913787841797,20.381208419799805,53.40668869018555,91.39315795898438,21.902481079101562,12.791172981262207,59.42106246948242,46.99794387817383,29.036649703979492,64.251708984375,28.67136573791504,133.8953399658203,48.22184371948242,67.17941284179688,21.749448776245117,54.39105987548828
2022-01-04,25.37921905517578,23.064361572265625,65.46350860595703,,101.39921569824219,38.58254623413086,77.40033721923828,20.93230628967285,53.59126281738281,97.4075927734375,23.217180252075195,12.971107482910156,61.36676788330078,48.102577209472656,31.20551872253418,66.65242767333984,30.06334686279297,135.8741455078125,49.245330810546875,68.37252044677734,21.946430206298828,56.43693161010742
2022-01-05,24.466053009033203,23.145475387573242,64.34082794189453,,102.05889892578125,37.7325325012207,75.97977447509766,20.259782791137695,52.31528854370117,96.51688385009766,22.988935470581055,13.041520118713379,61.75589370727539,47.50717544555664,29.73779296875,66.44038391113281,30.06334686279297,132.10365295410156,48.96455383300781,68.10254669189453,21.99567222595215,57.13885498046875
2022-01-06,25.51705551147461,23.388832092285156,66.75625610351562,,102.92735290527344,39.15730285644531,77.5383529663086,20.343847274780273,53.559165954589844,101.04402923583984,23.381519317626953,13.315336227416992,63.48442459106445,48.29843521118164,30.62590789794922,68.27272033691406,30.77742576599121,132.1897735595703,50.32318115234375,69.80947875976562,22.52094268798828,58.48279571533203
2022-01-07,25.560131072998047,23.542055130004883,68.5848159790039,,104.4053726196289,39.57827377319336,79.68136596679688,21.305931091308594,55.61357498168945,99.3034439086914,23.755842208862305,13.5109224319458,64.1903076171875,48.933013916015625,31.046594619750977,69.52825927734375,31.663232803344727,132.41989135742188,50.64018630981445,70.54100799560547,22.988759994506836,58.962181091308594
2022-01-10,25.344758987426758,23.496986389160156,68.91655731201172,,104.47216796875,39.26255798339844,79.60018157958984,21.483400344848633,56.335819244384766,99.16454315185547,23.600635528564453,13.636093139648438,63.75592041015625,47.616859436035156,30.270662307739258,71.14004516601562,31.74458885192871,127.47769165039062,49.42648696899414,70.567138671875,22.93951988220215,58.6111946105957
2022-01-11,27.567380905151367,24.29914665222168,71.0938491821289,,106.86038970947266,40.3149528503418,82.9608383178711,21.978452682495117,56.08705139160156,101.62423706054688,24.86968231201172,13.776915550231934,65.7830810546875,48.94868087768555,32.43952178955078,73.08270263671875,32.973876953125,128.3740997314453,51.08399963378906,73.02299499511719,23.694591522216797,61.07653045654297
2022-01-12,28.127344131469727,24.09185028076172,71.78275299072266,,106.32595825195312,40.39590072631836,83.42353057861328,23.033946990966797,58.671119689941406,101.79586791992188,25.05228042602539,13.808206558227539,66.13601684570312,48.964351654052734,32.486270904541016,73.20995330810547,32.94675827026367,128.6231231689453,51.600257873535156,73.47587585449219,23.965436935424805,60.89675521850586
2022-01-13,27.64491081237793,23.677248001098633,71.1193618774414,,105.88339233398438,40.185428619384766,83.40717315673828,21.959775924682617,56.25556945800781,101.39542388916016,25.499643325805664,13.745619773864746,66.1722183227539,48.29843521118164,31.925357818603516,73.61713409423828,32.69367218017578,118.52534484863281,51.72706985473633,72.59627532958984,23.74383544921875,60.46018600463867
2022-01-14,28.678691864013672,24.749797821044922,73.77294921875,,107.68709564208984,40.792572021484375,86.3755111694336,22.221311569213867,57.395137786865234,105.58756256103516,26.239154815673828,13.995965003967285,67.6382827758789,49.05052947998047,33.1967658996582,75.14411163330078,34.176048278808594,116.8323745727539,52.333919525146484,74.19869995117188,24.0393009185791,61.52165222167969
2022-01-18,28.403018951416016,24.154937744140625,74.42782592773438,,108.03780364990234,40.76829528808594,86.408203125,21.175167083740234,55.750003814697266,102.91539001464844,26.111343383789062,13.84732437133789,67.46634674072266,48.11824035644531,33.68289566040039,75.21199035644531,33.93199920654297,112.1697006225586,52.016910552978516,74.58187866210938,24.285518646240234,62.55742263793945
2022-01-19,27.894742965698242,23.695276260375977,74.23220825195312,,107.64533233642578,39.61064529418945,85.96663665771484,20.736160278320312,54.193138122558594,102.72743225097656,25.91048812866211,13.636093139648438,66.38035583496094,47.17029571533203,33.49591827392578,74.00736999511719,33.53428649902344,111.33531188964844,51.00247573852539,73.3365249633789,23.825912475585938,62.58310317993164
2022-01-20,27.025596618652344,24.08283042907715,72.8288803100586,,107.26122283935547,39.367794036865234,84.6337661743164,19.727367401123047,51.99428176879883,99.62215423583984,25.69136619567871,13.636093139648438,65.14958953857422,46.52788162231445,32.673248291015625,72.53130340576172,33.48908615112305,106.21757507324219,50.32318115234375,70.8980712890625,23.612516403198242,62.72007369995117
2022-01-21,26.031057357788086,24.551513671875,70.3539047241211,,105.97525024414062,37.335853576660156,82.28689575195312,19.20429801940918,50.58989334106445,96.41881561279297,25.143579483032227,13.589158058166504,63.982147216796875,45.85413360595703,31.55140495300293,70.78374481201172,32.865413665771484,105.43887329101562,50.223533630371094,69.05181121826172,23.604310989379883,61.778446197509766
2022-01-24,26.411577224731445,24.398292541503906,70.60906219482422,,106.20071411132812,39.12493133544922,83.66064453125,19.288358688354492,51.16770553588867,97.58736419677734,26.102210998535156,13.55003833770752,63.70161056518555,45.932472229003906,31.794477462768555,70.26628112792969,33.082332611083984,109.21359252929688,50.32318115234375,68.44219970703125,23.20215606689453,62.30917739868164
2022-01-25,28.599571228027344,25.17341423034668,74.08761596679688,,110.71829986572266,41.49686813354492,87.44670867919922,18.77463150024414,53.87213134765625,103.76526641845703,27.928178787231445,13.69085693359375,64.70613861083984,46.684574127197266,34.37468338012695,72.92151641845703,35.061859130859375,109.75794219970703,51.50969696044922,70.68034362792969,23.776668548583984,64.14104461669922
2022-01-26,28.634164810180664,24.803882598876953,74.04508972167969,,110.80180358886719,41.92593002319336,87.92913818359375,18.4383602142334,54.91539001464844,104.10844421386719,28.119909286499023,13.706501007080078,64.23556518554688,46.88825607299805,34.645790100097656,72.14955139160156,35.97478103637695,107.60050964355469,51.95351028442383,70.8022689819336,23.973644256591797,63.490482330322266
2022-01-27,28.49579620361328,24.605588912963867,76.25641632080078,,113.03968811035156,41.88545608520508,89.7444839477539,18.942760467529297,55.469120025634766,105.12175750732422,28.147294998168945,13.675211906433105,65.06814575195312,47.13895797729492,34.832759857177734,72.802734375,35.1251220703125,105.90126037597656,52.297698974609375,71.39446258544922,24.10495948791504,64.30368041992188
2022-01-28,28.68604850769043,24.479408264160156,75.88220977783203,,109.06489562988281,41.73163986206055,89.70361328125,19.746047973632812,54.8832893371582,105.18712615966797,28.631179809570312,13.667264938354492,64.9776382446289,47.182735443115234,35.1225700378418,71.47088623046875,35.86632537841797,108.7480697631836,52.808006286621094,70.8980712890625,24.326560974121094,64.44066619873047
2022-01-31,28.720640182495117,24.731773376464844,75.37188720703125,,109.66613006591797,40.93830108642578,91.15914916992188,19.848796844482422,54.70674133300781,103.09516906738281,28.06513023376465,13.794401168823242,64.93236541748047,48.288883209228516,35.21604919433594,71.92900085449219,35.3149528503418,112.96834564208984,53.83774185180664,72.25663757324219,24.572778701782227,65.02272033691406
2022-02-01,30.017873764038086,24.785852432250977,77.85538482666016,,112.55538177490234,42.54927444458008,92.54925537109375,20.353193283081055,54.9474983215332,106.40473175048828,28.64030647277832,13.834131240844727,66.9866943359375,49.23588943481445,36.73051452636719,74.36365509033203,35.72169876098633,117.93476104736328,55.341331481933594,75.37435913085938,25.048803329467773,69.19151306152344
2022-02-02,30.069759368896484,24.218029022216797,78.42520904541016,,113.07310485839844,43.09975814819336,92.33665466308594,20.689453125,55.774070739746094,107.02577209472656,28.67682647705078,13.834131240844727,71.0410385131836,50.0475959777832,37.039024353027344,74.39759063720703,35.47765350341797,117.1087646484375,55.82429504394531,76.29045104980469,25.18012237548828,69.01174926757812
2022-02-03,29.8708553314209,23.758363723754883,77.2855224609375,,112.06270599365234,42.91356658935547,91.40444946289062,19.942201614379883,54.32154846191406,105.7346420288086,28.50335693359375,13.722887992858887,69.6563949584961,49.39503860473633,37.3942756652832,73.99039459228516,34.87204360961914,114.57723999023438,54.967708587646484,74.95155334472656,24.876447677612305,68.20709991455078
2022-02-04,29.82761573791504,24.130447387695312,78.13603973388672,,113.46558380126953,42.80022430419922,92.97447204589844,20.138357162475586,53.751766204833984,107.91651153564453,29.16071319580078,13.786456108093262,70.76046752929688,50.0475959777832,38.142154693603516,75.36468505859375,34.80876922607422,114.842041015625,55.64204406738281,76.36972045898438,25.098051071166992,69.68802642822266
2022-02-07,29.481687545776367,24.983495712280273,79.04608917236328,,115.69512939453125,42.57355499267578,93.78401947021484,19.774070739746094,53.599281311035156,106.38021087646484,29.681102752685547,13.873862266540527,72.24464416503906,50.34203338623047,38.32913589477539,76.59473419189453,36.39960861206055,113.10916137695312,56.052120208740234,78.95062255859375,25.204744338989258,70.52690124511719
2022-02-08,28.42660140991211,24.82921600341797,77.67677307128906,,113.93321228027344,41.44020462036133,91.20003509521484,19.78341293334961,52.74061584472656,101.63240814208984,28.996376037597656,13.73878002166748,71.75595092773438,49.920265197753906,36.78661346435547,75.34770202636719,35.2707633972168,111.75668334960938,55.9974479675293,77.94647216796875,24.95852279663086,68.70358276367188
2022-02-09,28.910900115966797,25.09238624572754,79.0545883178711,,115.06050872802734,42.193077087402344,92.65555572509766,20.082311630249023,52.70850372314453,105.31790924072266,29.80892562866211,13.802346229553223,72.20845031738281,50.64444351196289,37.67472457885742,75.88214111328125,35.724124908447266,112.11924743652344,56.86315155029297,78.25474548339844,25.007762908935547,68.37470245361328
2022-02-10,28.93684959411621,24.90181541442871,78.1700668334961,,113.59918212890625,42.27402114868164,92.12405395507812,20.241100311279297,52.66035842895508,106.57633209228516,29.58980941772461,13.667264938354492,72.1631851196289,50.15105438232422,38.029972076416016,75.89063262939453,35.51558303833008,113.09339904785156,56.617103576660156,79.17963409423828,24.73692512512207,67.71691131591797
2022-02-11,29.524921417236328,26.444564819335938,79.93944549560547,,115.91226196289062,43.80405044555664,95.468505859375,21.54228401184082,55.49320602416992,110.78480529785156,30.60321807861328,13.937432289123535,73.47543334960938,51.33678436279297,40.18013381958008,79.06334686279297,36.830291748046875,116.16825866699219,58.375850677490234,81.0382308959961,25.204744338989258,69.42195892333984
2022-02-14,27.795289993286133,25.900066375732422,78.25555419921875,,114.125244140625,42.3064079284668,92.73734283447266,21.391965866088867,54.38573455810547,106.6172103881836,29.54416275024414,13.659319877624512,71.63829803466797,50.07147216796875,38.54414749145508,76.78985595703125,35.633445739746094,111.39311218261719,56.990726470947266,79.02989959716797,24.687681198120117,68.3573989868164
2022-02-15,27.87312126159668,26.12694549560547,76.65708923339844,,113.28988647460938,41.62639617919922,90.68485260009766,21.701993942260742,54.7869987487793,104.50069427490234,29.69023895263672,13.516288757324219,71.48332977294922,49.6815299987793,37.25404739379883,75.00838470458984,36.3497428894043,108.67555236816406,56.899593353271484,77.981689453125,24.50712013244629,67.50054931640625
2022-02-16,28.020143508911133,26.961843490600586,77.11012268066406,,113.3236312866211,43.59357833862305,91.39627075195312,22.002628326416016,53.42273712158203,106.08604431152344,30.64887046813965,13.611640930175781,71.16423797607422,49.85660171508789,37.06707000732422,74.90658569335938,37.80046081542969,107.228515625,57.391685485839844,77.5500717163086,24.630229949951172,67.8121337890625
2022-02-17,28.011493682861328,26.707746505737305,77.92217254638672,,112.74142456054688,44.7269172668457,92.07498168945312,21.805334091186523,53.623374938964844,105.97979736328125,30.1010799407959,13.317638397216797,70.16140747070312,49.81681442260742,37.26340103149414,73.83769989013672,37.27458953857422,105.58914947509766,56.91781997680664,76.66922760009766,24.36759376525879,67.708251953125
2022-02-18,27.812583923339844,26.417343139648438,76.61436462402344,,112.58110046386719,44.34644317626953,91.27363586425781,20.969200134277344,52.78875732421875,107.43437957763672,29.452857971191406,13.190499305725098,70.21611022949219,49.188140869140625,36.982940673828125,72.93744659423828,36.458553314208984,105.68372344970703,56.580657958984375,76.38733673095703,24.310144424438477,66.95526885986328
2022-02-22,26.8439884185791,25.954517364501953,75.07572937011719,,111.72040557861328,42.63832092285156,89.5645751953125,20.311565399169922,53.246185302734375,104.62328338623047,28.72247314453125,13.142824172973633,68.94890594482422,47.87507247924805,35.823707580566406,72.10578155517578,35.860130310058594,105.0069580078125,55.39601135253906,75.61221313476562,24.219860076904297,66.17633056640625
2022-02-23,26.66237449645996,26.36288833618164,75.41765594482422,,114.37841033935547,43.350711822509766,90.21876525878906,20.499462127685547,54.97157669067383,105.87356567382812,28.923330307006836,13.325581550598145,69.03096771240234,48.36846923828125,36.169612884521484,72.00292205810547,36.03239822387695,106.3583984375,55.71494674682617,76.06143188476562,24.720508575439453,66.44463348388672
2022-02-24,27.94230842590332,26.063417434692383,74.99026489257812,,113.78775787353516,42.70308303833008,90.03067779541016,20.884645462036133,56.90560531616211,104.50887298583984,28.73160743713379,13.246122360229492,67.88227081298828,48.965309143066406,36.38462448120117,71.57420349121094,34.744876861572266,115.41686248779297,56.58976364135742,73.8504867553711,24.589191436767578,65.60511016845703
2022-02-25,29.11846160888672,26.771270751953125,78.01620483398438,,118.4540023803711,44.68645477294922,87.7247314453125,21.382572174072266,60.252052307128906,108.90531158447266,29.69936752319336,13.563966751098633,69.77851867675781,50.93092346191406,36.21635437011719,72.61165618896484,35.769447326660156,112.01205444335938,58.08425521850586,74.75777435302734,25.188331604003906,67.37071990966797
2022-02-28,30.813507080078125,26.662364959716797,81.08486938476562,,121.50858306884766,48.20793533325195,93.97207641601562,21.739574432373047,61.993492126464844,112.8522720336914,30.612346649169922,13.826187133789062,70.99102783203125,51.9654655456543,40.88128662109375,72.22582244873047,35.579044342041016,124.91988372802734,59.569618225097656,73.55982971191406,25.672565460205078,67.87271118164062
2022-03-01,32.249107360839844,25.71856689453125,82.87991333007812,,126.33519744873047,47.96507263183594,95.19051361083984,22.942106246948242,63.614532470703125,111.81446838378906,29.421213150024414,13.977160453796387,68.38367462158203,50.78768539428711,43.741943359375,70.45104217529297,34.155513763427734,126.70215606689453,59.733638763427734,71.02297973632812,25.99264907836914,68.52183532714844
2022-03-02,32.75070571899414,27.578941345214844,83.80308532714844,,130.0648193359375,47.47935104370117,95.46033477783203,23.3742733001709,63.694793701171875,111.6836929321289,30.172550201416016,14.414199829101562,70.18875885009766,53.38993835449219,45.219032287597656,72.28583526611328,35.579044342041016,130.59666442871094,61.59261703491211,73.65670013427734,26.82979393005371,69.69890594482422
2022-03-03,33.10527420043945,28.323091506958008,83.26457214355469,,131.8199462890625,47.641258239746094,95.09235382080078,23.34609031677246,64.42506408691406,110.08316802978516,30.5573787689209,14.612849235534668,70.53520965576172,53.883331298828125,44.639404296875,71.16268157958984,34.92621994018555,128.9678497314453,61.97537612915039,74.15879821777344,26.920080184936523,70.14034271240234
2022-03-04,34.14305877685547,30.14716911315918,85.70926666259766,,133.87039184570312,48.22412872314453,97.10393524169922,24.764699935913086,69.74897003173828,113.10365295410156,31.272066116333008,14.970425605773926,70.86338806152344,54.44834518432617,52.49220275878906,72.27727508544922,35.307029724121094,136.52354431152344,63.36049270629883,75.73552703857422,27.469968795776367,72.78010559082031
2022-03-07,32.793941497802734,31.56287384033203,86.56404113769531,,136.73092651367188,48.483184814453125,98.2487564086914,24.91501808166504,70.47928619384766,110.3458251953125,33.20537185668945,14.875068664550781,67.95519256591797,54.51997756958008,51.77236557006836,70.8197250366211,38.172210693359375,135.53558349609375,62.53124237060547,74.00025177001953,27.412517547607422,75.40258026123047
2022-03-08,33.4079704284668,31.581018447875977,84.45272827148438,,143.89486694335938,48.15127182006836,96.33529663085938,24.060089111328125,67.66471099853516,110.3458251953125,33.68183135986328,14.835338592529297,69.48677825927734,53.11140823364258,51.04317855834961,72.28583526611328,40.874202728271484,135.39337158203125,61.064109802246094,79.75220489501953,26.969322204589844,75.97383880615234
2022-03-09,33.46849060058594,30.682594299316406,82.23883056640625,,140.3002471923828,47.714107513427734,93.0317153930664,24.548616409301758,66.3681869506836,106.74258422851562,31.922611236572266,14.56517219543457,68.7665786743164,53.00795364379883,53.88255310058594,68.03324890136719,38.589298248291016,135.45132446289062,62.25786590576172,76.7573013305664,26.673858642578125,71.65494537353516
2022-03-10,34.627357482910156,33.341575622558594,85.23912048339844,,144.1395721435547,49.033668518066406,98.02796936035156,25.347179412841797,66.35177612304688,110.0421371459961,34.77218246459961,14.739984512329102,71.04573822021484,53.72417068481445,54.47292709350586,69.62796020507812,39.35093307495117,136.21389770507812,63.49718475341797,78.90658569335938,27.018978118896484,73.8792953491211
2022-03-11,33.771183013916016,34.1583251953125,84.11937713623047,,144.2070770263672,48.268165588378906,95.41126251220703,25.365970611572266,66.09742736816406,106.43069458007812,34.277408599853516,14.382413864135742,71.57449340820312,52.57025909423828,54.30425262451172,69.2507095336914,38.897586822509766,138.6269989013672,62.43099594116211,80.74755859375,26.5283260345459,73.49848175048828
2022-03-14,32.49990463256836,33.55937194824219,82.52945709228516,,140.67994689941406,43.37054443359375,95.54322814941406,23.881587982177734,62.5771369934082,103.57437133789062,33.31532669067383,13.937432289123535,69.88790893554688,51.34474182128906,52.09271240234375,67.10726165771484,37.67353439331055,135.2532958984375,59.77920150756836,79.76102447509766,25.83808708190918,70.86734771728516
2022-03-15,31.738866806030273,31.64454460144043,81.24730682373047,,133.5581817626953,43.63395309448242,93.8771743774414,24.088274002075195,61.92067337036133,102.23649597167969,31.88595199584961,13.762616157531738,67.82756042480469,51.13784408569336,51.099403381347656,64.59512329101562,35.5971794128418,130.94528198242188,59.17777633666992,74.35258483886719,25.813140869140625,66.83409881591797
2022-03-16,31.86857795715332,30.537399291992188,81.05069732666016,,133.07723999023438,43.18124008178711,93.20085144042969,24.492250442504883,63.19256591796875,103.11473846435547,31.1529483795166,13.706993103027344,68.2469253540039,51.45615005493164,49.65629577636719,65.58969116210938,34.3459358215332,134.2610626220703,59.84300231933594,74.8194351196289,25.996097564697266,66.58312225341797
2022-03-17,34.099822998046875,31.744373321533203,84.4783706665039,,135.38082885742188,47.346248626708984,97.2175521850586,25.41294288635254,64.83372497558594,109.88618469238281,32.88467788696289,13.953326225280762,70.33464813232422,53.2069091796875,54.360469818115234,66.48994445800781,35.82386016845703,142.77490234375,61.629066467285156,78.4749526977539,26.220630645751953,68.3573989868164
2022-03-18,33.823081970214844,32.02569580078125,85.13655853271484,,136.46934509277344,47.963600158691406,95.51025390625,25.47870445251465,64.42342376708984,107.89167785644531,33.02212905883789,13.794401168823242,71.40127563476562,53.318321228027344,52.70182418823242,67.52737426757812,36.02333068847656,142.03233337402344,63.11445999145508,79.65531158447266,26.162418365478516,68.08907318115234
2022-03-21,35.35380172729492,32.86967468261719,87.8376693725586,,138.92481994628906,50.57291793823242,101.00332641601562,26.700029373168945,66.51589965820312,114.81085205078125,34.43317413330078,14.358574867248535,72.91463470458984,54.52791976928711,57.12488555908203,69.13067626953125,37.34711456298828,147.01341247558594,65.27413940429688,83.02896881103516,27.027292251586914,71.14430236816406
2022-03-22,35.04247283935547,33.16006851196289,86.99141693115234,,138.46070861816406,49.906185150146484,99.65894317626953,26.493343353271484,66.06458282470703,112.73432159423828,33.98420333862305,14.247328758239746,72.24909973144531,54.352848052978516,55.8879280090332,68.41046905517578,37.35618591308594,146.3613739013672,64.81851959228516,82.43878173828125,26.711278915405273,70.83272552490234
2022-03-23,35.206790924072266,34.112953186035156,89.21389770507812,,139.9542694091797,50.76223373413086,101.90234375,26.963083267211914,68.97762298583984,117.07621765136719,34.882137298583984,14.398303985595703,73.35222625732422,54.88602828979492,56.07534408569336,68.82202911376953,38.453304290771484,149.56976318359375,65.8209228515625,84.13883209228516,27.201923370361328,71.94922637939453
2022-03-24,35.2673225402832,34.748199462890625,89.35918426513672,,140.32557678222656,50.65522384643555,99.80738067626953,28.879623413085938,71.39012145996094,117.52767181396484,34.52479553222656,14.541332244873047,74.2000732421875,56.04789733886719,54.11683654785156,69.55081939697266,38.661834716796875,148.71656799316406,66.41324615478516,84.94921875,27.384883880615234,72.16561126708984
2022-03-25,35.91593551635742,35.13842010498047,91.88934326171875,,142.86541748046875,51.44542694091797,102.69413757324219,32.25236129760742,73.29385375976562,120.25264739990234,35.64263916015625,15.153183937072754,74.96587371826172,57.51215744018555,55.01643371582031,71.89143371582031,39.604801177978516,153.2025604248047,68.93745422363281,85.66270446777344,28.174909591674805,73.74081420898438
2022-03-28,34.463043212890625,33.577518463134766,88.47020721435547,,140.36773681640625,49.75802993774414,99.68367767333984,32.78786087036133,72.1696548461914,115.48391723632812,34.194942474365234,14.898909568786621,74.72884368896484,56.533321380615234,53.07665252685547,70.55393981933594,37.83674621582031,147.6621856689453,68.07174682617188,84.8875732421875,27.69257164001465,71.67227935791016
2022-03-29,35.422996520996094,33.27804183959961,86.06825256347656,,138.65481567382812,49.807403564453125,99.49394989013672,31.951725006103516,71.23421478271484,113.86699676513672,34.68056106567383,15.010152816772461,75.79545593261719,56.69248580932617,53.217227935791016,71.56564331054688,38.65277099609375,150.7241668701172,68.19931030273438,85.16059875488281,27.80900001525879,71.29145812988281
2022-03-30,35.630558013916016,33.8951416015625,86.6769790649414,,139.63363647460938,49.84856414794922,99.87335968017578,32.10204315185547,72.30096435546875,114.21170043945312,35.294456481933594,15.169074058532715,77.81023406982422,57.06652069091797,53.86382293701172,74.96944427490234,38.27195739746094,152.7654571533203,69.48422241210938,88.52545928955078,27.983644485473633,72.5118179321289
2022-03-31,35.74298095703125,33.04209899902344,85.73387908935547,,137.3975067138672,48.67149353027344,98.33927917480469,32.3275146484375,71.39012145996094,112.5126953125,34.69888687133789,15.026046752929688,77.94700622558594,56.2070426940918,53.17037582397461,74.06920623779297,37.45592498779297,142.41786193847656,68.77342987060547,89.44156646728516,27.78404998779297,71.48184967041016
2022-04-01,36.51266860961914,33.05116653442383,86.23115539550781,,138.5704345703125,49.675697326660156,99.24652862548828,33.8494758605957,73.85184478759766,113.62895965576172,35.34944152832031,15.272372245788574,77.31795501708984,56.843685150146484,54.45417404174805,73.70052337646484,37.80046081542969,149.71192932128906,70.47750091552734,89.20372009277344,28.133331298828125,71.9405746459961
2022-04-04,37.169918060302734,33.06024932861328,86.2054443359375,,138.69700622558594,50.08726501464844,99.65894317626953,34.15950012207031,73.01487731933594,114.57283782958984,35.52352523803711,15.33594036102295,77.55497741699219,56.63677978515625,54.15431594848633,74.30926513671875,37.67353439331055,155.8147735595703,70.1585464477539,88.73688507080078,28.050174713134766,71.97518157958984
2022-04-05,36.0543098449707,32.23442077636719,84.06209564208984,,137.84474182128906,48.12822723388672,97.18456268310547,34.03736114501953,72.76049041748047,111.1994400024414,34.387359619140625,15.033991813659668,77.2267837524414,55.57837677001953,52.21453857421875,73.65766143798828,36.68523025512695,149.32960510253906,68.99212646484375,89.37108612060547,27.42646026611328,71.60303497314453
2022-04-06,35.293270111083984,32.41592025756836,83.6248550415039,,139.0682830810547,48.02122116088867,97.69593048095703,35.061405181884766,73.87648010253906,110.8547134399414,34.22243118286133,15.105504035949707,78.01079559326172,56.342342376708984,52.570640563964844,73.46046447753906,36.975364685058594,148.91038513183594,69.63002014160156,90.99185180664062,27.77574348449707,72.39928436279297
2022-04-07,35.457584381103516,32.77892303466797,85.69959259033203,,141.0006103515625,49.576927185058594,99.48571014404297,34.14072036743164,74.35240936279297,112.4059829711914,34.58893966674805,15.31210708618164,78.2660903930664,56.41395568847656,54.051231384277344,71.23126983642578,37.147640228271484,150.70204162597656,69.16527557373047,91.01827239990234,27.983644485473633,73.61099243164062
2022-04-08,37.20452117919922,34.04941940307617,88.34880065917969,,143.38856506347656,51.33842086791992,104.64888000488281,35.991493225097656,75.63251495361328,116.542724609375,36.595550537109375,15.478970527648926,79.22332763671875,56.9869384765625,57.91202163696289,72.23438262939453,38.58022689819336,150.2322998046875,70.41371154785156,90.92137908935547,28.62397575378418,75.16024017333984
2022-04-11,35.518123626708984,33.0965461730957,84.00209045410156,,139.70111083984375,49.41230392456055,100.0795669555664,36.79944610595703,75.16477966308594,110.89575958251953,35.789241790771484,15.304156303405762,77.38175201416016,55.91261672973633,54.27613067626953,70.72539520263672,37.47406005859375,146.49623107910156,69.03767395019531,88.87781524658203,28.60735321044922,72.5723876953125
2022-04-12,36.47807312011719,32.960411071777344,85.73387908935547,,142.61228942871094,51.247867584228516,102.7436294555664,37.673160552978516,74.83654022216797,114.23631286621094,36.21987533569336,15.20880126953125,78.22048950195312,56.35029602050781,55.419376373291016,70.2795639038086,37.655399322509766,148.1540985107422,70.12211608886719,88.78091430664062,28.931676864624023,74.08702087402344
2022-04-13,37.71476745605469,33.77717590332031,85.93110656738281,,144.85678100585938,52.47433853149414,102.52787017822266,39.289066314697266,76.80593872070312,115.1884536743164,36.824607849121094,15.328001022338867,79.85235595703125,56.74024200439453,55.869178771972656,71.28269958496094,38.59836196899414,153.629150390625,71.06983184814453,91.55558776855469,29.147890090942383,75.13427734375
2022-04-14,37.775306701660156,33.8406982421875,86.90846252441406,,144.78932189941406,51.49481201171875,102.013427734375,39.796390533447266,77.42957305908203,113.62895965576172,37.34688949584961,15.391565322875977,79.496826171875,56.74024200439453,55.6068000793457,71.03406524658203,39.214927673339844,154.0188751220703,71.66213989257812,92.3659896850586,29.538747787475586,76.01709747314453
2022-04-18,38.03474807739258,33.96775436401367,88.70887756347656,,146.73008728027344,52.301475524902344,102.32872772216797,42.74635314941406,77.88906860351562,114.90934753417969,38.153202056884766,15.534592628479004,82.1497573852539,57.69520568847656,57.50908279418945,74.7293930053711,39.604801177978516,156.8164520263672,71.8079605102539,97.20184326171875,29.36411476135254,76.64025115966797
2022-04-19,38.38932418823242,33.341575622558594,87.07135009765625,,144.99180603027344,51.85699462890625,101.03426361083984,41.308956146240234,75.205810546875,113.20213317871094,37.850830078125,15.574325561523438,82.45059967041016,57.43258285522461,56.58136749267578,76.77852630615234,39.378135681152344,155.73048400878906,72.0357666015625,94.90283966064453,29.44727325439453,75.95650482177734
2022-04-20,38.337440490722656,32.06199645996094,88.02299499511719,,145.5824737548828,53.18222427368164,101.80596160888672,41.947792053222656,76.21511840820312,116.46883392333984,36.284019470214844,15.7094087600708,82.94290924072266,58.58648681640625,57.6027946472168,76.19551849365234,38.6981086730957,158.65762329101562,73.47554779052734,95.19348907470703,29.87139129638672,76.12960052490234
2022-04-21,36.58989334106445,29.8658447265625,84.5936508178711,,138.8742218017578,50.33420181274414,99.1506576538086,39.495758056640625,74.78732299804688,112.73432159423828,35.68844985961914,15.725300788879395,80.90076446533203,56.875518798828125,55.475608825683594,73.69194030761719,36.85749816894531,150.91268920898438,71.65303039550781,92.41002655029297,29.67180633544922,75.32469177246094
2022-04-22,35.30634689331055,29.221521377563477,82.3131332397461,,135.8111572265625,47.798973083496094,96.35427856445312,37.3349494934082,71.00446319580078,106.78363037109375,34.533966064453125,15.216752052307129,79.38742065429688,55.13272476196289,53.05791473388672,71.69426727294922,37.76420211791992,145.17958068847656,69.41130065917969,90.77163696289062,29.189470291137695,73.68023681640625
2022-04-25,33.892704010009766,27.89656639099121,78.58370208740234,,132.8916015625,46.243263244628906,92.74474334716797,37.297367095947266,69.00224304199219,103.27069091796875,32.371578216552734,14.787662506103516,76.81653594970703,52.76126480102539,51.46487045288086,69.46504974365234,35.080360412597656,144.4665069580078,66.58638000488281,88.86019897460938,28.191543579101562,71.19624328613281
2022-04-26,33.4937629699707,28.45014190673828,78.29219818115234,,132.08154296875,46.424346923828125,92.59539794921875,36.5833625793457,68.18988037109375,102.91773986816406,32.179161071777344,14.652579307556152,77.91963958740234,51.94158935546875,51.37116622924805,70.20240020751953,35.85105514526367,140.5271759033203,67.03292083740234,92.61260986328125,28.532503128051758,71.22220611572266
2022-04-27,34.66456604003906,28.386619567871094,79.78397369384766,,131.83682250976562,47.798973083496094,93.60772705078125,37.17523956298828,68.92839050292969,103.9437255859375,32.93049621582031,14.620794296264648,79.54241180419922,52.1246223449707,52.09271240234375,71.17124938964844,36.22280502319336,140.3660125732422,68.49093627929688,96.46192932128906,28.54081916809082,73.2561264038086
2022-04-28,35.948116302490234,29.01279067993164,83.63343048095703,,136.5199737548828,49.29706954956055,97.72343444824219,38.13349914550781,69.30585479736328,106.26653289794922,33.64519500732422,14.94658374786377,81.7668685913086,53.2546501159668,53.4421272277832,74.77225494384766,36.367881774902344,144.93206787109375,69.81846618652344,101.76464080810547,28.964941024780273,75.4718246459961
2022-04-29,35.49715042114258,28.15066909790039,81.89303588867188,,132.19964599609375,47.881282806396484,96.88536071777344,37.3443489074707,67.30365753173828,103.60721588134766,32.63729476928711,14.6384916305542,79.551513671875,51.111881256103516,51.624176025390625,74.38643646240234,35.37050247192383,143.9440460205078,67.20919799804688,98.19719696044922,28.515872955322266,73.78408813476562
2022-05-02,35.21961975097656,28.05084228515625,82.2359619140625,,134.79861450195312,48.029441833496094,96.51193237304688,37.0625,67.910888671875,104.64959716796875,32.948822021484375,14.662687301635742,81.24720764160156,51.547691345214844,54.63222122192383,76.4613037109375,35.461181640625,142.98764038085938,67.98739624023438,102.70714569091797,28.60735321044922,74.78809356689453
2022-05-03,36.87609100341797,28.586271286010742,84.8165512084961,,137.11065673828125,52.91059494018555,100.2044906616211,39.51454162597656,72.69482421875,111.7165298461914,33.5993766784668,15.065951347351074,84.46537780761719,52.55653381347656,55.51308059692383,77.8416748046875,36.404144287109375,145.37022399902344,69.91000366210938,106.93522644042969,29.36411476135254,76.32869720458984
2022-05-04,39.20036697387695,29.802322387695312,89.04322814941406,,141.41403198242188,55.75861740112305,103.53191375732422,40.350677490234375,77.9383316040039,116.95310974121094,34.89130783081055,15.549871444702148,87.83851623535156,54.3563117980957,57.69650650024414,82.45438385009766,38.62556838989258,150.08587646484375,71.42979431152344,112.9514389038086,30.678054809570312,79.36658477783203
2022-05-05,35.818023681640625,29.058170318603516,88.18590545654297,,140.2917938232422,55.272972106933594,102.41170501708984,39.38301086425781,78.4224624633789,113.75206756591797,33.61769104003906,15.2030611038208,85.78728485107422,51.69296646118164,58.37120819091797,81.03971862792969,38.154083251953125,147.89920043945312,68.39022827148438,110.83740234375,29.86307716369629,78.16354370117188
2022-05-06,38.25505065917969,29.15799331665039,92.32685089111328,,144.02987670898438,57.363704681396484,109.71378326416016,38.5656623840332,76.43666076660156,117.31425476074219,34.22243118286133,15.565996170043945,87.44647979736328,52.94392776489258,60.8544921875,82.61730194091797,39.01545715332031,149.97312927246094,69.09518432617188,113.78825378417969,30.495101928710938,79.35794067382812
2022-05-09,32.548439025878906,27.270389556884766,83.33335876464844,,134.37667846679688,51.05031967163086,97.86449432373047,34.338008880615234,69.50279998779297,106.28294372558594,30.566547393798828,15.00143051147461,82.83349609375,49.80442428588867,54.20116424560547,76.71852111816406,34.49100112915039,136.612060546875,61.88078308105469,104.33673095703125,28.890092849731445,73.10034942626953
2022-05-10,32.41835403442383,27.969167709350586,84.01922607421875,,135.66770935058594,52.482566833496094,99.2087631225586,34.50296401977539,68.7642822265625,106.5702133178711,31.427833557128906,14.936907768249512,83.61753845214844,50.425872802734375,55.67239761352539,76.79566955566406,34.355003356933594,138.60487365722656,62.274471282958984,106.55647277832031,28.424396514892578,73.58505249023438
2022-05-11,33.21623229980469,29.484697341918945,84.9108657836914,,137.6759490966797,53.23984146118164,100.644287109375,35.64365005493164,70.7582778930664,105.29264068603516,31.785171508789062,14.936907768249512,83.8363265991211,49.860923767089844,56.3189811706543,78.19319152832031,34.79021072387695,134.3663787841797,62.97943878173828,106.9383316040039,28.657243728637695,75.1169662475586
2022-05-12,32.9820671081543,28.95833969116211,85.39095306396484,,138.98391723632812,53.18222427368164,99.9970474243164,35.549381256103516,69.33047485351562,106.78035736083984,31.666059494018555,14.864317893981934,84.54742431640625,50.67605209350586,55.49435043334961,78.18463134765625,35.38864517211914,136.47511291503906,62.558292388916016,106.92945098876953,28.790300369262695,75.45797729492188
2022-05-13,35.68794250488281,30.954833984375,88.2287826538086,,141.65036010742188,56.5488166809082,103.12531280517578,36.011295318603516,70.47928619384766,112.15130615234375,33.07708740234375,15.114340782165527,87.41004180908203,52.177207946777344,60.04859924316406,81.10829162597656,36.93910217285156,142.3988800048828,65.25910949707031,110.7391586303711,28.931676864624023,77.69635772705078
2022-05-16,36.78070068359375,31.698997497558594,90.85539245605469,,145.9875030517578,58.433773040771484,104.85128021240234,37.4819221496582,73.05590057373047,110.36099243164062,34.42401123046875,15.638583183288574,87.94792175292969,52.613037109375,63.45958709716797,83.23462677001953,38.2084846496582,144.23057556152344,66.04646301269531,113.47434997558594,29.472219467163086,79.52379608154297
2022-05-17,37.41379928588867,31.907716751098633,92.16437530517578,,146.84820556640625,59.742549896240234,105.7308349609375,40.036659240722656,74.2457275390625,110.4870834350586,34.70804977416992,15.920870780944824,89.47042846679688,53.72678756713867,63.665767669677734,83.78333282470703,38.94291305541992,147.34727478027344,66.79721069335938,113.72299194335938,29.854759216308594,80.53804779052734
2022-05-18,35.08086013793945,31.435821533203125,89.97695922851562,,142.977294921875,57.553016662597656,101.71469116210938,38.122955322265625,72.9737548828125,107.88985443115234,32.98548126220703,15.565996170043945,88.24141693115234,52.29020309448242,60.2547607421875,81.89708709716797,37.292724609375,142.6422119140625,63.876651763916016,110.72138977050781,29.29758071899414,79.261474609375
2022-05-19,35.4017448425293,31.735294342041016,90.08893585205078,,141.95639038085938,57.21554183959961,100.98446655273438,38.198387145996094,73.38652038574219,109.11703491210938,33.04044723510742,15.340169906616211,87.82869720458984,51.079593658447266,59.93614196777344,81.73419189453125,37.03883361816406,142.87815856933594,63.089298248291016,110.34842681884766,29.122940063476562,79.68991088867188
2022-05-20,36.13024139404297,31.35413932800293,90.4420166015625,,142.77308654785156,57.553016662597656,101.2749252319336,38.50947189331055,76.76438903808594,109.50365447998047,33.62686538696289,15.348236083984375,88.56243896484375,51.28135681152344,59.28018569946289,81.24046325683594,37.28364944458008,144.5444793701172,63.57452392578125,109.21172332763672,29.422321319580078,80.3194351196289
2022-05-23,38.289737701416016,32.40684509277344,93.88677978515625,,146.09100341796875,58.49138641357422,106.27018737792969,41.931488037109375,80.7571792602539,114.40392303466797,35.12036895751953,15.45308780670166,88.8834457397461,51.297508239746094,61.30428695678711,82.35784912109375,39.722686767578125,148.1488494873047,63.40974807739258,110.08200073242188,29.954551696777344,82.09442901611328
2022-05-24,37.830081939697266,32.92412567138672,94.28291320800781,,146.87371826171875,57.93991470336914,107.24932861328125,42.53480911254883,82.44189453125,114.12653350830078,35.2578010559082,15.43695068359375,89.24112701416016,51.43470001220703,60.976314544677734,83.82171630859375,39.80428695678711,150.271240234375,63.14422607421875,110.30402374267578,30.11256217956543,82.54035949707031
2022-05-25,39.503910064697266,32.41592025756836,95.76416015625,,149.23033142089844,59.215755462646484,110.41912078857422,44.16569519042969,83.60436248779297,119.14449310302734,35.532684326171875,15.638583183288574,90.81867218017578,52.57267761230469,62.21327209472656,85.82262420654297,40.84699249267578,156.60891723632812,64.53583526611328,113.08360290527344,30.511730194091797,84.20165252685547
2022-05-26,39.755409240722656,33.66827392578125,97.44348907470703,,150.23414611816406,60.75499725341797,110.95846557617188,44.68418502807617,84.40460968017578,123.07814025878906,36.79713821411133,15.824091911315918,91.2405776977539,53.12148666381836,64.34046936035156,85.47615051269531,42.33399200439453,160.833740234375,65.04853820800781,113.77627563476562,30.703001022338867,84.49893951416016
2022-05-27,41.29914855957031,33.905372619628906,98.69219207763672,,151.67196655273438,62.393009185791016,113.55567932128906,45.655174255371094,86.88957977294922,128.31460571289062,37.89665603637695,16.082176208496094,93.64358520507812,54.11418914794922,66.40205383300781,88.1180419921875,43.71217346191406,165.79165649414062,66.66902160644531,117.05316925048828,31.152067184448242,85.32958984375
2022-05-31,40.77010726928711,32.811058044433594,96.76314544677734,,148.59222412109375,61.652198791503906,113.64698028564453,44.985843658447266,82.02915954589844,127.77668762207031,37.216644287109375,15.88054370880127,93.3592529296875,53.14569854736328,64.94955444335938,87.32115936279297,41.82390594482422,164.9458465576172,65.93659210205078,115.090576171875,30.819427490234375,83.9393539428711
2022-06-01,41.29914855957031,34.115108489990234,99.68257904052734,,150.00450134277344,62.95272445678711,116.11137390136719,46.946678161621094,84.23613739013672,128.50796508789062,38.04368209838867,16.146699905395508,95.30366516113281,53.952762603759766,65.98973846435547,89.3740234375,42.47911834716797,168.30055236816406,68.72897338867188,117.7103271484375,31.127119064331055,85.5481948852539
2022-06-02,41.16905975341797,33.659156799316406,99.00224304199219,,149.73223876953125,62.81280517578125,115.70482635498047,46.06996536254883,82.58511352539062,129.3568878173828,37.71286392211914,16.098308563232422,95.63385009765625,54.404727935791016,64.94020080566406,89.2181167602539,42.1333122253418,171.96925354003906,70.20296478271484,118.66050720214844,31.384923934936523,85.39952850341797
2022-06-03,41.888877868652344,34.48900604248047,101.72357940673828,,151.0934600830078,63.39723587036133,118.22734069824219,45.24038314819336,83.21687316894531,129.99566650390625,38.54909133911133,16.074111938476562,96.87202453613281,54.2917366027832,65.867919921875,90.48275756835938,43.198020935058594,176.72909545898438,70.81637573242188,120.25897979736328,31.193653106689453,86.64112854003906
2022-06-06,42.10569763183594,34.36133575439453,101.0863037109375,,150.43836975097656,63.42191696166992,117.0905532836914,46.21137237548828,84.02555084228516,130.96224975585938,37.97016143798828,15.961195945739746,100.32978820800781,54.18682098388672,65.23069763183594,91.83402252197266,42.970523834228516,177.1409149169922,69.9191665649414,123.16292572021484,31.110488891601562,86.42254638671875
2022-06-07,44.5687255859375,34.34309387207031,105.67645263671875,,153.30540466308594,64.23680877685547,121.0901107788086,46.92781448364258,86.39257049560547,134.8202667236328,39.08206558227539,16.243484497070312,104.23695373535156,55.80095672607422,66.111572265625,95.2121810913086,44.52662658691406,186.4808349609375,73.59043884277344,128.83750915527344,31.451446533203125,90.38343811035156
2022-06-08,44.377925872802734,34.188079833984375,104.9444351196289,,154.09661865234375,64.14627838134766,120.93246459960938,46.16422653198242,83.84864807128906,134.74461364746094,39.486392974853516,16.017656326293945,103.52155303955078,55.276371002197266,64.68717193603516,95.498046875,45.109039306640625,183.66476440429688,71.1917495727539,127.67420196533203,31.17701530456543,91.45018005371094
2022-06-09,43.39792251586914,32.902252197265625,102.1025161743164,,151.025390625,64.0804214477539,118.23567199707031,45.3157958984375,82.53458404541016,132.66017150878906,38.78800964355469,15.557937622070312,102.1366195678711,53.42010498046875,61.194644927978516,93.78294372558594,43.807735443115234,183.62098693847656,68.73812103271484,127.3544921875,29.936328887939453,89.47409057617188
2022-06-10,42.3311882019043,32.12710952758789,100.6126708984375,,149.22178649902344,61.97174072265625,119.48863983154297,45.212100982666016,82.69462585449219,130.6932830810547,37.20744705200195,15.348236083984375,99.36674499511719,52.249847412109375,59.9647331237793,92.08521270751953,42.96141815185547,182.9236297607422,66.31196594238281,124.77913665771484,29.347530364990234,87.83901977539062
2022-06-13,39.5212516784668,30.367101669311523,96.2464370727539,,142.3562469482422,57.9384765625,110.136962890625,42.48767852783203,78.65127563476562,124.22965240478516,34.487422943115234,14.622360229492188,93.70777893066406,49.312110900878906,56.171756744384766,87.86685180664062,40.33150100708008,171.23866271972656,61.84416580200195,116.87552642822266,27.858701705932617,83.80818939208984
2022-06-14,39.8941764831543,30.02968978881836,96.013916015625,,142.54339599609375,59.0681266784668,110.41456604003906,38.490623474121094,73.83296203613281,125.76781463623047,33.69713592529297,14.428794860839844,94.16636657714844,48.73908233642578,58.293575286865234,90.1968994140625,39.33049392700195,174.74349975585938,60.699764251708984,118.7759780883789,27.202611923217773,84.02678680419922
2022-06-15,39.57328796386719,28.94449806213379,94.15373992919922,,139.7444610595703,57.285770416259766,107.21804809570312,38.87712478637695,74.33838653564453,123.35552978515625,32.72306823730469,14.194899559020996,90.70863342285156,48.174129486083984,56.59423828125,88.68106079101562,37.78348159790039,173.42784118652344,61.093441009521484,113.93611907958984,26.706335067749023,82.96880340576172
2022-06-16,36.21697235107422,27.2574405670166,88.20292663574219,,132.2748260498047,52.94291687011719,100.5726547241211,36.37895202636719,71.05317687988281,112.36141204833984,30.756563186645508,13.469025611877441,84.36177062988281,44.97813034057617,53.33641815185547,83.58784484863281,35.01705551147461,165.7453155517578,56.991851806640625,105.44641876220703,25.61284828186035,79.90852355957031
2022-06-17,34.01411819458008,27.330394744873047,80.72782135009766,,126.23450469970703,48.549835205078125,93.93566131591797,33.88079071044922,67.62478637695312,102.78785705566406,29.120868682861328,12.944780349731445,80.06019592285156,43.08957290649414,52.27550506591797,78.39933776855469,33.342647552490234,155.50628662109375,55.527000427246094,99.85173034667969,25.015636444091797,75.30060577392578
2022-06-21,34.9941291809082,27.795475006103516,85.4988021850586,,131.51768493652344,50.67525100708008,98.96598052978516,34.69152069091797,70.37928771972656,111.1847152709961,30.830076217651367,13.428699493408203,83.79310607910156,44.824790954589844,54.33159637451172,83.13742065429688,35.32646560668945,164.7307891845703,58.10881042480469,103.43054962158203,26.01659393310547,79.9872055053711
2022-06-22,32.522430419921875,26.92002296447754,80.14220428466797,,125.80059051513672,48.15654373168945,93.1785888671875,33.070068359375,69.73909759521484,105.99026489257812,29.48844337463379,13.17867374420166,81.6836166381836,43.43661880493164,52.36000442504883,78.39933776855469,34.143455505371094,155.59596252441406,54.95022201538086,100.46448516845703,25.713783264160156,76.82197570800781
2022-06-23,31.40364646911621,26.135770797729492,75.6898422241211,,121.17253112792969,45.805206298828125,90.15030670166016,31.241220474243164,64.30584716796875,100.22425842285156,27.60464096069336,13.098020553588867,77.62052917480469,43.0250129699707,52.660438537597656,73.09822082519531,31.83203887939453,155.71347045898438,53.23817443847656,92.82730865478516,25.57919692993164,74.5049057006836
2022-06-24,31.61180305480957,25.962505340576172,78.29066467285156,,123.16329956054688,44.9935188293457,93.02716827392578,33.07949447631836,70.58988952636719,100.61089324951172,28.44086456298828,13.291587829589844,78.58356475830078,44.041927337646484,54.002994537353516,72.93363189697266,31.904834747314453,162.3173370361328,53.22901916503906,92.29447937011719,25.27639389038086,75.98258972167969
2022-06-27,32.49639892578125,26.84707260131836,80.04374694824219,,125.54539489746094,48.35736846923828,95.69374084472656,34.55011749267578,71.76918029785156,104.55294036865234,29.61709213256836,13.573872566223145,80.65637969970703,45.73677444458008,55.29862594604492,75.5322265625,32.66013717651367,164.3122100830078,55.618553161621094,99.67411804199219,25.730606079101562,77.8449935913086
2022-06-28,33.62385177612305,27.421586990356445,82.63867950439453,,127.56166076660156,49.754798889160156,99.52115631103516,36.04901123046875,74.66692352294922,109.10022735595703,30.499263763427734,13.872289657592773,81.3442611694336,45.98697280883789,57.936805725097656,76.96144104003906,33.642948150634766,174.36119079589844,57.21159362792969,103.23519897460938,26.697921752929688,80.00468444824219
2022-06-29,31.308256149291992,27.020341873168945,79.37548065185547,,125.04344177246094,46.708919525146484,95.23951721191406,35.370269775390625,73.29386138916016,102.8046875,29.571147918701172,13.64646053314209,77.48294067382812,45.30095672607422,55.48639678955078,73.26280975341797,32.92404556274414,160.80409240722656,55.517845153808594,96.66365051269531,26.504459381103516,77.04932403564453
2022-06-30,30.267541885375977,26.327274322509766,77.94349670410156,,123.17178344726562,46.11481475830078,92.90100860595703,32.42903137207031,68.31552124023438,101.82965850830078,28.817626953125,13.517416954040527,75.40096282958984,44.79249572753906,55.279842376708984,71.01934051513672,32.54184341430664,158.90643310546875,54.629783630371094,94.38137817382812,26.252117156982422,74.88088989257812
2022-07-01,30.657804489135742,26.527896881103516,78.95890808105469,,124.64359283447266,46.11481475830078,93.89360809326172,32.306480407714844,69.83177185058594,101.88008880615234,28.8819522857666,13.694851875305176,77.48294067382812,45.801334381103516,56.74446487426758,73.08088684082031,32.441741943359375,163.06591796875,55.84743881225586,95.89105987548828,26.31941032409668,76.55093383789062
2022-07-05,28.38557243347168,25.716285705566406,73.45660400390625,,121.36820220947266,43.420387268066406,88.17351531982422,30.37393569946289,64.61753845214844,95.93757629394531,26.547866821289062,13.37224006652832,74.96989440917969,44.469669342041016,55.495784759521484,69.63343048095703,30.330528259277344,156.8058624267578,53.9797477722168,91.9925537109375,25.36891746520996,74.1551742553711
2022-07-06,27.761140823364258,25.077938079833984,72.328369140625,,119.76879119873047,42.675655364990234,84.88445281982422,29.836591720581055,62.62114715576172,92.69315338134766,26.106781005859375,13.194807052612305,72.74114990234375,43.76751708984375,55.495784759521484,68.88851165771484,29.784523010253906,154.3678741455078,51.526119232177734,90.322998046875,24.998809814453125,72.8173828125
2022-07-07,29.929302215576172,25.962505340576172,74.9406509399414,,122.09984588623047,44.909847259521484,88.38381958007812,32.561004638671875,66.12538146972656,97.75312042236328,27.466796875,13.622265815734863,76.5199203491211,45.60764694213867,57.711483001708984,71.49576568603516,31.286039352416992,163.6287384033203,54.76710891723633,94.43464660644531,26.226882934570312,75.14320373535156
2022-07-08,30.22417640686035,25.962505340576172,75.03612518310547,,121.46179962158203,45.58763122558594,88.7623291015625,32.24048614501953,66.08324432373047,97.77833557128906,27.420852661132812,13.686785697937012,76.37316131591797,45.85783767700195,56.96038818359375,71.03668212890625,31.231430053710938,164.70840454101562,54.67555236816406,95.04740142822266,26.34464454650879,75.26561737060547
2022-07-11,29.66912269592285,25.716285705566406,74.24636840820312,,120.38983154296875,44.61697769165039,87.23136138916016,32.57986068725586,66.73188018798828,96.14769744873047,26.979759216308594,13.59807014465332,76.70333862304688,45.01847839355469,55.88071823120117,70.82013702392578,30.366918563842773,165.20498657226562,53.952293395996094,95.72232818603516,26.714750289916992,74.88088989257812
2022-07-12,28.12539291381836,25.068819046020508,72.42383575439453,,118.1864013671875,43.45386505126953,83.68997955322266,32.41959762573242,66.29383850097656,92.80241394042969,26.281381607055664,13.428699493408203,75.89623260498047,44.38896942138672,53.8621711730957,69.73738098144531,29.784523010253906,165.36404418945312,54.062156677246094,93.12035369873047,26.03342056274414,73.88412475585938
2022-07-13,28.53301239013672,24.40311622619629,72.12875366210938,,117.39520263671875,44.006126403808594,83.60585021972656,34.559539794921875,69.56220245361328,92.95370483398438,26.005699157714844,13.388370513916016,75.1533432006836,44.413177490234375,54.463035583496094,68.99246215820312,29.384119033813477,170.79757690429688,53.76003646850586,90.92688751220703,26.1932373046875,74.181396484375
2022-07-14,27.388214111328125,24.020105361938477,70.82696533203125,,115.65115356445312,43.027103424072266,80.62235260009766,34.050479888916016,66.54654693603516,89.6924819946289,25.123525619506836,13.37224006652832,73.99767303466797,44.26790237426758,53.73072814941406,68.03964233398438,28.510517120361328,176.20437622070312,52.91773986816406,89.49713897705078,26.20164680480957,72.69497680664062
2022-07-15,27.743793487548828,24.33016014099121,71.93782806396484,,117.10591888427734,44.106536865234375,82.45314025878906,34.52183151245117,70.06761932373047,91.73495483398438,25.60137176513672,13.517416954040527,77.42791748046875,44.953914642333984,55.12024688720703,70.71617889404297,29.39321517944336,177.98458862304688,53.88821029663086,92.88057708740234,26.395112991333008,73.91907501220703
2022-07-18,28.44628143310547,24.76788330078125,73.82978057861328,,118.74789428710938,45.70478820800781,84.3602066040039,35.69078826904297,73.04957580566406,94.575927734375,26.51111602783203,13.654524803161621,78.17084503173828,45.970821380615234,56.37830352783203,71.67766571044922,30.148530960083008,180.75045776367188,55.398826599121094,94.40802001953125,26.84091567993164,75.2831039428711
2022-07-19,29.78187370300293,25.734525680541992,76.78923797607422,,123.02717590332031,47.87204360961914,87.82682800292969,36.89745330810547,74.6584701538086,97.95484924316406,27.071659088134766,13.961008071899414,80.57382202148438,47.10072708129883,58.97892761230469,73.98173522949219,31.140426635742188,185.30294799804688,57.34891128540039,96.56596374511719,27.211015701293945,77.18047332763672
2022-07-20,30.354265213012695,23.609737396240234,78.7245864868164,,124.65208435058594,48.26533126831055,89.47962951660156,38.848846435546875,77.37931060791016,99.82919311523438,26.887874603271484,13.969071388244629,81.43598937988281,47.157222747802734,59.664302825927734,75.22904205322266,31.067630767822266,193.49801635742188,57.843292236328125,97.04550170898438,27.337196350097656,78.02861022949219
2022-07-21,28.974727630615234,22.725173950195312,77.17977905273438,,123.69926452636719,47.02689743041992,87.77596282958984,40.00836944580078,76.70542907714844,97.4757308959961,25.858667373657227,14.243292808532715,79.28977966308594,47.13300323486328,58.20908737182617,73.8084945678711,30.603530883789062,187.346923828125,57.403839111328125,92.48985290527344,27.26148796081543,76.72581481933594
2022-07-22,28.208791732788086,21.95915412902832,76.48548126220703,,122.66983795166016,46.1817512512207,85.60614776611328,39.810401916503906,75.60192108154297,95.34080505371094,25.23379898071289,14.235227584838867,78.55604553222656,46.8021125793457,57.3265495300293,73.21949768066406,31.913936614990234,183.67971801757812,56.49747085571289,92.37439727783203,27.202611923217773,76.13997650146484
2022-07-25,29.966947555541992,22.250967025756836,79.88754272460938,,126.31954193115234,48.50799560546875,89.40332794189453,42.40283966064453,77.75838470458984,100.85464477539062,26.1159725189209,14.533642768859863,81.44515991210938,47.73023986816406,60.47172164916992,75.56687927246094,32.91494369506836,189.01177978515625,58.731361389160156,97.08104705810547,28.13628387451172,78.67564392089844
2022-07-26,29.453428268432617,22.159780502319336,79.05436706542969,,125.33271026611328,47.4954948425293,87.93701934814453,42.95903015136719,77.65728759765625,99.4173583984375,25.76677894592285,14.517513275146484,80.67472076416016,48.45660400390625,58.27479553222656,74.4494857788086,32.396240234375,189.37803649902344,59.88494110107422,95.58023071289062,28.211986541748047,78.36962890625
2022-07-27,30.628429412841797,22.852840423583984,80.94634246826172,,126.98316192626953,49.85520935058594,91.70030212402344,42.836490631103516,77.82575988769531,103.62838745117188,26.547866821289062,14.565903663635254,82.52741241455078,48.65837860107422,58.941383361816406,76.51969146728516,33.060546875,195.3113555908203,60.99272918701172,99.01697540283203,28.422277450561523,80.06591033935547
2022-07-28,31.002689361572266,22.77988624572754,81.6319351196289,,127.94450378417969,50.51625442504883,91.02222442626953,40.30060958862305,78.24695587158203,103.8973617553711,26.31813621520996,14.549775123596191,82.1697006225586,48.72294235229492,58.80994415283203,76.23385620117188,32.496341705322266,195.47898864746094,61.98671340942383,97.24974822998047,28.41385841369629,81.00146484375
2022-07-29,32.35177230834961,23.42735481262207,84.55667877197266,,139.3360595703125,52.59146499633789,94.26846313476562,41.50726318359375,79.32516479492188,107.60408782958984,26.92462921142578,14.73653793334961,84.0682601928711,48.97297668457031,61.729801177978516,77.09136962890625,33.69754409790039,195.8378143310547,63.606563568115234,98.3686752319336,28.67461395263672,84.75251770019531
2022-08-01,31.342140197753906,22.488069534301758,82.53451538085938,,136.5540771484375,51.52039337158203,91.18327331542969,39.885826110839844,76.16632843017578,105.8389663696289,25.904619216918945,14.662817001342773,82.83926391601562,48.464717864990234,61.2415885925293,75.78343200683594,33.12425231933594,194.56594848632812,62.97150421142578,98.26213073730469,28.598913192749023,82.61029815673828
2022-08-02,31.272504806518555,23.181133270263672,82.19608306884766,,135.3885498046875,50.73382568359375,90.85271453857422,39.4804573059082,76.02310943603516,107.20062255859375,26.281381607055664,14.605474472045898,85.8659439086914,48.21059036254883,61.08197021484375,75.82673645019531,33.38814926147461,194.60121154785156,62.548152923583984,100.34015655517578,27.64000701904297,82.25181579589844
2022-08-03,29.966947555541992,23.007871627807617,79.25397491455078,,132.17271423339844,47.44529342651367,87.81835174560547,40.338314056396484,77.10134887695312,102.02298736572266,26.125164031982422,14.589091300964355,85.00377655029297,48.349952697753906,57.26082992553711,74.06837463378906,32.34164047241211,188.9562530517578,62.216819763183594,96.5777359008789,27.446544647216797,79.58497619628906
2022-08-04,26.70305061340332,21.621746063232422,78.00423431396484,,128.58253479003906,45.596004486083984,84.60601043701172,38.886558532714844,74.1446304321289,97.87918090820312,25.059206008911133,14.171320915222168,82.70169067382812,47.23506546020508,53.94667053222656,71.5910415649414,30.894731521606445,175.30197143554688,58.8482780456543,93.46029663085938,26.84091567993164,76.23617553710938
2022-08-05,27.634347915649414,21.940914154052734,80.58181762695312,,130.70944213867188,47.4034538269043,90.70016479492188,39.85753631591797,77.49724578857422,102.01457977294922,25.537046432495117,14.31058120727539,82.74754333496094,47.99745178222656,55.40189743041992,72.55252075195312,31.540834426879883,176.93270874023438,58.645790100097656,94.0515365600586,27.101673126220703,77.33786010742188
2022-08-08,28.034719467163086,22.29924774169922,81.25877380371094,,130.5137939453125,48.131439208984375,90.85271453857422,39.11015701293945,78.1795654296875,103.50228881835938,25.730024337768555,14.482600212097168,82.90345001220703,48.53849411010742,56.368919372558594,72.58717346191406,31.531734466552734,182.71221923828125,59.82386016845703,95.3056869506836,27.29513931274414,77.77503204345703
2022-08-09,28.44379425048828,21.913352966308594,82.89036560058594,,132.2152862548828,49.403343200683594,91.74268341064453,40.5954704284668,79.71263885498047,104.67904663085938,26.014894485473633,14.777497291564941,85.6183090209961,50.317386627197266,58.59400939941406,74.08568572998047,31.841140747070312,182.71861267089844,61.664581298828125,99.1397705078125,27.614774703979492,79.2090072631836
2022-08-10,28.913795471191406,22.372751235961914,83.29826354980469,,132.56410217285156,50.24849319458008,92.37835693359375,41.16309356689453,79.1819839477539,105.93983459472656,26.106781005859375,14.859413146972656,87.29672241210938,51.038787841796875,59.0164909362793,74.17230987548828,31.777437210083008,184.77435302734375,62.16158676147461,100.11619567871094,27.77458953857422,79.9609603881836
2022-08-11,30.323802947998047,23.227231979370117,87.09954071044922,,135.7969512939453,53.93867492675781,96.2348861694336,43.32958221435547,81.97016143798828,111.60497283935547,27.172740936279297,15.228031158447266,88.70001983642578,53.252166748046875,61.6734619140625,76.51103210449219,33.57015609741211,186.30677795410156,64.7846450805664,102.20344543457031,28.548439025878906,82.27408599853516
2022-08-12,30.201946258544922,23.8979549407959,89.17374420166016,,135.9925994873047,54.850772857666016,97.04008483886719,43.69854736328125,82.72830963134766,111.89916229248047,27.154359817504883,15.309946060180664,89.39704895019531,52.752105712890625,61.711021423339844,77.95757293701172,33.79764175415039,179.0279541015625,63.99311447143555,103.18885803222656,28.733488082885742,82.98918914794922
2022-08-15,29.218427658081055,23.2456111907959,87.84864807128906,,133.40634155273438,53.19394302368164,95.16690826416016,42.80924606323242,80.7824478149414,110.04966735839844,26.161916732788086,15.211648941040039,87.856201171875,52.03890609741211,60.40599060058594,77.22996520996094,32.54184341430664,180.18768310546875,62.741432189941406,100.2863998413086,28.28768539428711,81.5059814453125
2022-08-16,28.913795471191406,23.025100708007812,87.26457977294922,,133.06602478027344,53.20231628417969,95.277099609375,44.64461135864258,83.73474884033203,108.03669738769531,25.92300033569336,15.277175903320312,89.18498229980469,51.89134979248047,59.626747131347656,77.40321350097656,32.378047943115234,177.14947509765625,62.796661376953125,101.50471496582031,28.868080139160156,80.74671936035156
2022-08-17,29.270647048950195,22.740272521972656,88.36300659179688,,134.16351318359375,53.67090606689453,96.36203002929688,44.56892013549805,84.88286590576172,108.19156646728516,25.913806915283203,15.211648941040039,91.00284576416016,51.61262893676758,59.11976623535156,78.6992416381836,32.21424865722656,184.21371459960938,62.069557189941406,105.48212432861328,28.851253509521484,81.4000244140625
2022-08-18,31.76862335205078,22.960784912109375,91.43164825439453,,136.51573181152344,56.833927154541016,100.85421752929688,45.637969970703125,88.26678466796875,111.89054107666016,27.411663055419922,15.506543159484863,93.00520324707031,52.71112060546875,60.91298294067383,77.6659164428711,33.78854751586914,191.20204162597656,64.50852966308594,106.41378784179688,29.641925811767578,83.3246841430664
2022-08-19,31.463991165161133,23.116979598999023,91.6583023071289,,135.3739471435547,57.32763671875,100.65079498291016,45.12710189819336,83.15638732910156,112.16584014892578,27.007335662841797,15.334516525268555,92.69148254394531,52.42420196533203,66.93106079101562,77.4469985961914,33.779457092285156,183.750244140625,63.40408706665039,106.19879913330078,29.381175994873047,83.05982208251953
2022-08-22,32.021034240722656,23.218050003051758,91.74549102783203,,134.69570922851562,57.2523193359375,100.7779541015625,46.47050476074219,86.46260833740234,112.84539794921875,26.823545455932617,15.203455924987793,92.66378784179688,52.055301666259766,64.8092269897461,77.2630844116211,33.59745407104492,185.7621612548828,62.47452163696289,106.7183609008789,29.179296493530273,82.99801635742188
2022-08-23,33.761775970458984,23.980648040771484,94.54388427734375,,139.06544494628906,59.310791015625,103.21897888183594,45.259544372558594,86.64389038085938,116.2347412109375,28.688974380493164,15.473774909973145,95.4966812133789,53.12101364135742,69.27818298339844,80.04783630371094,35.81787109375,189.2659454345703,64.15879821777344,109.38787078857422,29.540996551513672,86.52066040039062
2022-08-24,35.084739685058594,24.320602416992188,96.34842681884766,,140.09561157226562,60.624534606933594,105.015869140625,47.009765625,89.56166076660156,117.5508804321289,29.093305587768555,15.727714538574219,96.68704223632812,54.19490432739258,70.32970428466797,80.88849639892578,36.318363189697266,193.75221252441406,65.58536529541016,109.39683532714844,29.927921295166016,87.0326919555664
2022-08-25,35.1630744934082,24.48598861694336,97.70841979980469,,141.32322692871094,61.68724060058594,106.13468170166016,46.81108856201172,89.60482788085938,117.23258209228516,29.286285400390625,15.776861190795898,97.7851333618164,54.637577056884766,69.92601776123047,82.1495132446289,36.554969787597656,190.78236389160156,66.45051574707031,110.50763702392578,29.94474220275879,87.48296356201172
2022-08-26,34.971588134765625,24.008214950561523,97.7432861328125,,140.2844696044922,60.892295837402344,105.58375549316406,46.990840911865234,89.48397064208984,115.21105194091797,28.578706741333008,15.55569076538086,96.28102111816406,53.15378189086914,69.05286407470703,80.72212219238281,35.872467041015625,195.8837432861328,64.61898040771484,109.18183135986328,29.465288162231445,86.4058837890625
2022-08-29,35.998634338378906,24.10009765625,98.87660217285156,,141.3318328857422,62.03868865966797,107.27891540527344,47.312496185302734,89.57892608642578,119.79611206054688,29.313846588134766,15.51473331451416,96.89004516601562,52.87507247924805,70.6583251953125,81.6153335571289,36.746070861816406,197.80703735351562,65.44729614257812,110.56139373779297,29.641925811767578,88.39232635498047
2022-08-30,34.22307205200195,23.015905380249023,96.33100891113281,,137.8892822265625,59.4781494140625,103.28678131103516,44.34186935424805,84.50303649902344,115.33148956298828,27.88950538635254,15.137923240661621,93.66038513183594,51.67000961303711,67.60704803466797,78.94444274902344,35.199066162109375,183.3380126953125,62.67699432373047,105.73295593261719,28.868080139160156,85.02861785888672
2022-08-31,34.04029846191406,23.208858489990234,95.4156494140625,,135.69158935546875,59.09323501586914,102.8121566772461,45.22170639038086,86.74746704101562,114.65190124511719,27.687341690063477,15.006858825683594,92.96831512451172,50.19443130493164,66.65877532958984,78.34021759033203,34.71676254272461,196.54371643066406,62.796661376953125,104.91777038574219,28.624141693115234,84.3929443359375
2022-09-01,33.00455093383789,22.602449417114258,93.74183654785156,,133.52822875976562,57.03476333618164,100.61691284179688,43.812068939208984,84.61524963378906,112.08841705322266,26.59381866455078,14.883989334106445,89.2864761352539,48.79262161254883,64.21776580810547,75.5992660522461,33.533748626708984,191.12728881835938,62.253623962402344,99.11288452148438,28.24562644958496,82.87442016601562
2022-09-02,33.77048110961914,23.227231979370117,96.12179565429688,,135.51129150390625,58.858924865722656,102.99861145019531,44.72975158691406,86.10005187988281,115.15943908691406,27.577068328857422,14.924945831298828,91.47343444824219,49.63698959350586,64.56513214111328,77.46450805664062,34.64395523071289,201.62161254882812,64.07595825195312,101.9615707397461,28.363393783569336,84.3929443359375
2022-09-06,32.91750717163086,22.868900299072266,94.7007827758789,,134.88461303710938,58.189517974853516,101.97303009033203,42.97953796386719,83.32902526855469,115.27987670898438,27.235698699951172,14.556326866149902,90.85517883300781,48.82541275024414,62.790679931640625,75.97583770751953,34.15485763549805,198.54388427734375,62.63098907470703,101.02993774414062,27.900754928588867,83.82791137695312
2022-09-07,31.916574478149414,22.372751235961914,93.0705795288086,,133.1590576171875,57.20210647583008,99.3200912475586,43.5187873840332,84.3735580444336,113.18091583251953,26.4606990814209,14.621859550476074,90.74443817138672,49.49761962890625,61.429351806640625,75.59050750732422,33.88058853149414,196.22279357910156,62.750633239746094,100.88660430908203,28.001697540283203,83.11278533935547
2022-09-08,32.14288330078125,21.950105667114258,94.4305419921875,,133.88018798828125,57.662353515625,100.2778549194336,44.55946350097656,86.66978454589844,113.7142562866211,26.211589813232422,14.769305229187012,90.84593963623047,50.260013580322266,60.65949630737305,75.24897766113281,34.89536666870117,193.32408142089844,64.55455017089844,100.26849365234375,27.264699935913086,83.79261016845703
2022-09-09,33.15251922607422,23.199670791625977,97.6125259399414,,137.331298828125,58.646785736083984,104.55816650390625,45.742034912109375,88.72431182861328,116.1487045288086,27.3648681640625,14.99866771697998,92.28545379638672,51.22734069824219,61.72254180908203,77.08794403076172,36.24839782714844,194.97238159179688,66.13758850097656,101.51368713378906,27.92075538635254,85.19634246826172
2022-09-12,34.81492614746094,23.392616271972656,99.72222900390625,,139.5032501220703,60.940948486328125,107.14332580566406,47.586856842041016,89.63072204589844,118.17025756835938,27.9368953704834,15.350902557373047,92.22086334228516,52.35860824584961,62.84203338623047,78.42778778076172,36.70549774169922,195.4387664794922,66.9291000366211,102.3467788696289,28.857980728149414,86.17633056640625
2022-09-13,34.04029846191406,22.547327041625977,97.92637634277344,,136.85052490234375,59.126163482666016,104.17675018310547,45.325767517089844,87.5589370727539,115.88204193115234,26.894329071044922,14.883989334106445,90.10774993896484,50.563323974609375,61.468536376953125,75.45039367675781,35.16962432861328,187.32559204101562,63.560543060302734,99.73100280761719,27.937795639038086,84.16338348388672
2022-09-14,36.329376220703125,23.328298568725586,102.61651611328125,,140.16429138183594,61.779842376708984,108.74160766601562,47.87067413330078,90.2608871459961,120.57889556884766,28.047603607177734,15.178882598876953,90.72600555419922,52.00611114501953,63.21833419799805,75.310302734375,36.78778076171875,198.7706756591797,66.68058013916016,98.17227935791016,28.500131607055664,86.22929382324219
2022-09-15,36.111785888671875,22.3543758392334,100.74219512939453,,137.8892822265625,59.477134704589844,105.16352081298828,45.496070861816406,89.42354583740234,115.8132095336914,27.124984741210938,15.015049934387207,88.71436309814453,51.2027473449707,61.23335266113281,71.69364929199219,36.2301139831543,189.01882934570312,66.40447998046875,94.20381927490234,27.971879959106445,83.72197723388672
2022-09-16,35.21529769897461,21.86741065979004,98.623779296875,,134.30943298339844,57.2000732421875,104.21107482910156,43.5755615234375,86.8251724243164,114.08415222167969,26.00861930847168,14.621859550476074,88.26222229003906,49.3664665222168,60.5936393737793,70.69535064697266,35.07820510864258,189.6563262939453,63.266029357910156,93.57675170898438,27.000572204589844,82.2917251586914
2022-09-19,35.206600189208984,22.2165584564209,98.3971176147461,,134.69570922851562,56.412532806396484,103.33586120605469,44.78651809692383,88.27542114257812,112.6303482055664,26.1746883392334,14.785684585571289,88.86201477050781,49.92390060424805,60.8476448059082,71.74618530273438,35.62673568725586,194.2856903076172,63.83666229248047,93.76487731933594,27.315820693969727,82.28289031982422
2022-09-20,34.46677780151367,21.132373809814453,97.69970703125,,134.1634979248047,55.744834899902344,102.64940643310547,44.048587799072266,88.57756042480469,112.50991821289062,25.48272705078125,14.662817001342773,89.6925048828125,48.940185546875,60.471343994140625,72.87583923339844,35.197052001953125,194.51246643066406,63.06355285644531,96.22836303710938,27.119855880737305,81.6119384765625
2022-09-21,33.44844436645508,21.150745391845703,96.84537506103516,,133.0732421875,55.196964263916016,101.45673370361328,42.94169616699219,88.12004852294922,110.79804992675781,24.984506607055664,14.35153865814209,87.35790252685547,47.899078369140625,58.96614074707031,71.16822052001953,34.35598373413086,189.73016357421875,61.563350677490234,94.5352783203125,26.813125610351562,80.29646301269531
2022-09-22,32.29955291748047,21.10480499267578,95.94744110107422,,132.9701690673828,54.03275680541992,101.55110931396484,42.22269058227539,85.05550384521484,108.85393524169922,24.83689308166504,14.187707901000977,88.5667495727539,47.23506546020508,58.21354293823242,72.04393005371094,34.950218200683594,190.3590545654297,60.23801803588867,96.38065338134766,26.548999786376953,79.9609603881836
2022-09-23,28.609161376953125,19.965497970581055,87.69173431396484,,124.28238677978516,49.38450622558594,93.6312484741211,39.03446578979492,80.22135162353516,99.098876953125,22.677963256835938,13.540575981140137,84.3866195678711,43.2509880065918,55.25017166137695,66.54452514648438,31.99732208251953,175.43983459472656,54.9919319152832,90.09204864501953,24.836435317993164,75.70555877685547
2022-09-26,27.712678909301758,18.78943634033203,86.47998046875,,121.01155090332031,47.23585891723633,90.25048828125,37.2558708190918,78.63296508789062,95.66654968261719,21.506242752075195,13.18014907836914,82.6241455078125,41.463890075683594,54.4505500793457,64.94197845458984,30.955120086669922,174.01296997070312,52.7186279296875,87.69126892089844,24.214460372924805,74.14290618896484
2022-09-27,28.44379425048828,19.074262619018555,86.09639739990234,,121.0630874633789,48.08333969116211,90.48216247558594,37.17072677612305,79.32357025146484,97.62789154052734,21.921417236328125,13.376747131347656,85.67848205566406,41.791805267333984,55.06203079223633,66.74591827392578,31.06482696533203,180.3237762451172,53.56536865234375,90.62953186035156,24.31670379638672,75.69673919677734
2022-09-28,30.17583465576172,19.552040100097656,91.08390808105469,,125.14942169189453,51.40475082397461,95.87075805664062,38.608734130859375,82.43126678466797,102.71186828613281,22.825584411621094,13.794515609741211,92.35929107666016,43.39854431152344,57.77138900756836,71.28205108642578,32.399566650390625,188.95252990722656,56.234432220458984,97.464599609375,25.05796241760254,78.45126342773438
2022-09-29,30.419540405273438,19.405033111572266,91.66754913330078,,124.28238677978516,52.19229507446289,96.93475341796875,37.39778137207031,81.00689697265625,104.01081085205078,22.733320236206055,13.696215629577637,91.07665252685547,42.611572265625,58.42991256713867,70.60777282714844,32.88410186767578,190.1483612060547,55.95831298828125,96.06712341308594,24.674549102783203,78.2923583984375
2022-09-30,29.758054733276367,19.258020401000977,90.50025939941406,,123.3380355834961,51.47322082519531,95.87075805664062,38.55196762084961,81.32630920410156,103.62371063232422,22.714868545532227,13.630683898925781,91.6579818725586,42.00494384765625,57.80902099609375,70.68659210205078,32.82012176513672,190.09808349609375,55.534942626953125,95.7177505493164,24.39338493347168,77.08283996582031
2022-10-03,32.46491622924805,20.470840454101562,97.24752807617188,,130.25741577148438,55.924598693847656,102.90682983398438,39.49803924560547,85.40081024169922,111.41743469238281,24.33867645263672,14.007494926452637,94.85074615478516,43.898597717285156,60.264373779296875,74.06680297851562,35.01421356201172,199.5932159423828,57.964717864990234,100.60890197753906,25.07500457763672,81.15283203125
2022-10-04,34.08381652832031,21.30694580078125,102.243896484375,,135.3224639892578,59.126163482666016,107.4030532836914,42.48758316040039,88.25814819335938,117.24982452392578,25.944034576416016,14.474409103393555,99.39996337890625,46.169368743896484,62.24935531616211,79.12833404541016,35.76386260986328,210.71627807617188,60.164390563964844,105.32984161376953,26.165590286254883,84.11043548583984
2022-10-05,35.26751708984375,21.78472137451172,102.51802062988281,,136.09506225585938,60.67557907104492,108.18389129638672,42.89439392089844,88.43082427978516,119.8907241821289,26.977371215820312,14.498987197875977,99.27075958251953,46.33331298828125,63.726318359375,81.09866333007812,38.0036735534668,215.36813354492188,60.863868713378906,105.78670501708984,25.952587127685547,87.50946807861328
2022-10-06,36.72974395751953,21.812284469604492,104.03903198242188,,138.5760955810547,61.83978271484375,109.4280776977539,41.56991195678711,87.74885559082031,122.43700408935547,27.503259658813477,14.245050430297852,99.5291519165039,45.60372543334961,66.32279968261719,81.75543975830078,38.84475326538086,216.5511474609375,59.7042121887207,106.79896545410156,25.654376983642578,90.10507202148438
2022-10-07,37.00826644897461,21.022117614746094,104.7995376586914,,137.38279724121094,61.668575286865234,109.35942077636719,40.8414421081543,86.7215805053711,122.52304077148438,28.056833267211914,14.122175216674805,98.58792114257812,44.70198059082031,65.6642837524414,81.0023422241211,38.93617630004883,211.93568420410156,58.69180679321289,101.92572784423828,25.381729125976562,89.19573974609375
2022-10-10,35.83325958251953,20.553529739379883,103.28738403320312,,134.90179443359375,60.22187805175781,106.1417236328125,40.46302032470703,84.27860260009766,120.6993408203125,27.263378143310547,13.982919692993164,97.86817932128906,43.68546676635742,61.74135208129883,79.78509521484375,38.5156364440918,214.0738983154297,58.31446075439453,99.30996704101562,25.0068416595459,87.26225280761719
2022-10-11,35.232704162597656,20.443275451660156,102.20851135253906,,134.9275665283203,58.69814682006836,105.28364562988281,41.20094299316406,83.38945007324219,119.8907241821289,27.27260398864746,14.056644439697266,95.44131469726562,43.931396484375,60.23615264892578,79.1108169555664,38.17737579345703,219.99639892578125,60.606170654296875,98.2618637084961,25.34764862060547,86.52066040039062
2022-10-12,35.46769714355469,20.80160903930664,102.84520721435547,,135.33099365234375,59.408653259277344,105.93577575683594,41.20094299316406,85.90149688720703,121.43914794921875,27.494035720825195,13.966534614562988,96.85311889648438,43.82482147216797,61.25217056274414,81.38764190673828,38.415069580078125,219.84886169433594,59.67659378051758,103.19779205322266,25.015361785888672,86.90028381347656
2022-10-13,36.433815002441406,21.940914154052734,108.54017639160156,,141.88986206054688,61.84833908081055,109.26502990722656,41.97671890258789,88.01644897460938,124.97473907470703,28.70266342163086,14.449835777282715,100.64569091796875,45.644718170166016,63.970924377441406,84.85542297363281,40.398902893066406,224.4033203125,62.9347038269043,108.26811218261719,25.909982681274414,89.93733215332031
2022-10-14,34.754005432128906,21.049684524536133,104.31316375732422,,137.4772186279297,58.22731018066406,104.06892395019531,38.91148376464844,82.28450012207031,119.88211059570312,27.13420867919922,14.081218719482422,96.05956268310547,44.32488250732422,62.72914505004883,82.40345001220703,38.54305648803711,214.4332733154297,59.78704071044922,102.23033142089844,25.05796241760254,87.5712661743164
2022-10-17,34.90196990966797,21.986852645874023,104.66690063476562,,138.48162841796875,59.75107192993164,104.35377502441406,39.55479431152344,83.90739440917969,119.96813201904297,27.669334411621094,14.335156440734863,97.2314682006836,44.92331314086914,63.36884307861328,83.59442138671875,39.183006286621094,218.8070068359375,60.8178596496582,103.466552734375,25.526575088500977,88.8337631225586
2022-10-18,34.65825271606445,22.2165584564209,104.25125885009766,,139.69210815429688,59.725379943847656,107.0208740234375,39.55479431152344,85.0209732055664,122.02410888671875,28.10296058654785,14.556326866149902,99.80596923828125,45.636512756347656,63.76396942138672,84.16362762451172,39.640113830566406,219.2765655517578,61.79344177246094,105.43734741210938,25.93553924560547,88.99269104003906
2022-10-19,36.47733688354492,23.56718635559082,107.09873962402344,,144.22488403320312,61.58297348022461,112.2687759399414,39.933223724365234,85.91876220703125,125.619873046875,29.486888885498047,14.73653793334961,100.46114349365234,45.2020378112793,64.40367889404297,85.77490997314453,41.56908416748047,223.85568237304688,61.775047302246094,111.04513549804688,26.310434341430664,91.63243865966797
2022-10-20,36.346004486083984,23.842832565307617,107.7177505493164,,145.04904174804688,61.360389709472656,113.58072662353516,38.54252243041992,85.3231201171875,126.10162353515625,29.21010398864746,14.023876190185547,100.89483642578125,45.144657135009766,64.77056121826172,85.59102630615234,41.77021789550781,219.27978515625,60.53253936767578,111.47512817382812,26.327472686767578,91.75603485107422
2022-10-21,37.81700134277344,24.50436019897461,110.08770751953125,,148.68038940429688,63.59464645385742,116.52405548095703,35.83678436279297,83.75202178955078,131.03076171875,31.25831413269043,14.35153865814209,102.77727508544922,46.398902893066406,67.03775787353516,87.95541381835938,46.08528137207031,228.68292236328125,62.39168930053711,114.43131256103516,26.855730056762695,93.45994567871094
2022-10-24,38.31609344482422,24.008214950561523,110.66249084472656,,148.62892150878906,64.40787506103516,116.2306137084961,36.262508392333984,83.48441314697266,131.83938598632812,31.90414810180664,14.15494155883789,102.85108184814453,46.161170959472656,66.63323974609375,87.92037963867188,47.67601776123047,232.14849853515625,60.99272155761719,115.75711059570312,26.497879028320312,94.11326599121094
2022-10-25,39.57695007324219,23.980648040771484,109.6013412475586,,150.17416381835938,64.63899230957031,113.93463897705078,37.46400451660156,85.36627960205078,131.9254150390625,32.273189544677734,14.343347549438477,102.8326416015625,47.21048355102539,66.87784576416016,87.76275634765625,47.96855545043945,221.08421325683594,61.40689468383789,113.58926391601562,27.13689422607422,93.47760009765625
2022-10-26,40.34747314453125,24.28385353088379,111.92707824707031,,152.02850341796875,65.84601593017578,115.91984558105469,36.90583038330078,85.2885971069336,133.6630859375,33.657127380371094,14.523560523986816,104.38288879394531,47.90727615356445,68.22311401367188,89.5491943359375,47.70343780517578,230.15257263183594,61.949913024902344,113.53549194335938,27.39250373840332,94.59001922607422
2022-10-27,40.041015625,24.83513069152832,111.98899841308594,,152.72386169433594,65.53783416748047,115.98026275634766,36.99097442626953,84.62388610839844,131.9167938232422,33.463375091552734,14.73653793334961,104.87193298339844,48.28437042236328,67.61162567138672,90.68759155273438,47.246334075927734,238.42193603515625,62.492919921875,114.90608978271484,27.690710067749023,94.95201110839844
2022-10-28,39.7870979309082,25.02808380126953,112.45765686035156,,154.50949096679688,65.0670166015625,115.39334869384766,36.59363555908203,84.47714233398438,132.32110595703125,33.16814422607422,14.784796714782715,104.7981185913086,48.956581115722656,67.58338928222656,91.24803924560547,46.12185287475586,248.06033325195312,62.132118225097656,112.85467529296875,27.835552215576172,97.73301696777344
2022-10-31,39.80461120605469,25.413976669311523,111.50260162353516,,155.29931640625,66.21409606933594,117.83604431152344,39.58318328857422,88.28404998779297,135.15127563476562,33.60176467895508,15.075997352600098,104.84427642822266,49.40212631225586,68.29837036132812,91.32686614990234,47.56630325317383,246.42913818359375,63.251548767089844,112.4695053100586,27.886674880981445,97.83013153076172
2022-11-01,40.09354782104492,26.185762405395508,112.9970932006836,,156.4324951171875,66.17130279541016,117.65477752685547,38.55196762084961,88.62935638427734,136.4588165283203,33.675567626953125,15.175838470458984,109.9932632446289,50.01840591430664,69.4272689819336,94.03276062011719,47.12747573852539,250.53118896484375,63.37180709838867,116.45585632324219,28.491607666015625,98.8012924194336
2022-11-02,38.73637771606445,25.349660873413086,111.87401580810547,,153.23895263671875,57.7308349609375,117.03327941894531,38.28707504272461,89.57892608642578,133.18991088867188,33.02051544189453,14.892958641052246,105.86852264404297,49.18559646606445,66.88725280761719,90.4073715209961,46.75265121459961,249.1214141845703,61.984100341796875,112.72029876708984,28.150802612304688,96.77069854736328
2022-11-03,41.40694808959961,25.992820739746094,118.33832550048828,,155.4967803955078,60.547176361083984,119.44146728515625,37.22749328613281,85.56483459472656,136.372802734375,34.00772476196289,15.009440422058105,109.07051086425781,49.385475158691406,67.88444519042969,90.30229187011719,47.35603332519531,256.202392578125,64.47270965576172,116.19607543945312,28.24452781677246,98.08617401123047
2022-11-04,42.89545822143555,26.927078247070312,117.01187133789062,,157.46266174316406,61.1891975402832,122.7645492553711,38.864173889160156,87.07551574707031,138.81585693359375,35.50236892700195,15.117602348327637,108.56299591064453,50.584716796875,68.92868041992188,90.6175537109375,48.54450607299805,274.4674377441406,65.101806640625,115.30921173095703,28.57681655883789,99.15442657470703
2022-11-07,43.34201431274414,28.3238468170166,119.32874298095703,,159.3427734375,61.668575286865234,125.96680450439453,41.79696273803711,89.97601318359375,140.63958740234375,36.4803352355957,15.184159278869629,110.27009582519531,51.51746368408203,71.46870422363281,92.32516479492188,50.10780715942383,290.4113464355469,65.99917602539062,118.0503921508789,28.832416534423828,100.32862854003906
2022-11-08,42.939239501953125,28.619848251342773,118.8865966796875,,159.11094665527344,61.62577819824219,127.96928405761719,41.71152877807617,90.4249038696289,140.69117736816406,36.32349395751953,15.234079360961914,109.9010009765625,52.1837043762207,70.396240234375,92.04493713378906,49.99810028076172,288.00897216796875,66.78556060791016,118.47142028808594,28.934661865234375,100.64646911621094
2022-11-09,39.8834114074707,27.29708480834961,110.76863098144531,,152.7496337890625,57.14872360229492,120.5117416381836,38.76874923706055,85.21089935302734,135.52975463867188,33.96159362792969,14.626712799072266,106.91124725341797,50.68465042114258,63.90508270263672,91.1517105102539,48.51708221435547,279.3501892089844,63.19602584838867,114.66423797607422,27.835552215576172,96.14386749267578
2022-11-10,41.153018951416016,28.28684425354004,114.48272705078125,,155.64271545410156,59.04912567138672,122.83358764648438,40.724273681640625,87.88695526123047,137.87820434570312,34.88420867919922,15.142559051513672,109.97481536865234,52.79998016357422,66.30398559570312,93.03446197509766,48.54450607299805,287.2869873046875,66.23047637939453,118.65060424804688,28.64497184753418,97.55644226074219
2022-11-11,42.69407653808594,28.6938533782959,118.46212005615234,,160.0724639892578,61.46311569213867,126.97667694091797,40.45848083496094,88.42216491699219,141.37936401367188,35.742244720458984,15.550244331359863,111.86649322509766,53.84098815917969,69.9258804321289,97.46552276611328,50.116943359375,286.2312316894531,67.20186614990234,120.0032958984375,29.036907196044922,100.6023178100586
2022-11-14,41.33689880371094,27.981590270996094,118.08930206298828,,160.14976501464844,61.20631790161133,126.17399597167969,40.221153259277344,88.35091400146484,140.70838928222656,35.10563659667969,15.417122840881348,111.22055053710938,53.61613464355469,68.93807220458984,96.5547866821289,49.431297302246094,282.36553955078125,66.52651977539062,122.54739379882812,28.772775650024414,100.89601135253906
2022-11-15,42.939239501953125,28.573598861694336,119.0302505493164,,161.43748474121094,63.021114349365234,127.14068603515625,41.54065704345703,91.1032485961914,143.68479919433594,35.89908981323242,15.52528190612793,111.42483520507812,54.340675354003906,70.01994323730469,97.29914093017578,49.97981262207031,288.7897644042969,68.63583374023438,126.05004119873047,28.883541107177734,101.57239532470703
2022-11-16,41.5295295715332,27.963090896606445,114.7249526977539,,158.81048583984375,61.069339752197266,123.81758880615234,39.385780334472656,88.68937683105469,138.63571166992188,34.921112060546875,15.317280769348145,111.29483795166016,53.89097213745117,67.66806030273438,95.12593841552734,48.443946838378906,280.8916931152344,66.7485580444336,122.26119995117188,28.772775650024414,100.48664093017578
2022-11-17,41.100494384765625,27.593088150024414,116.45594787597656,,159.26036071777344,60.76972961425781,124.71528625488281,39.57563400268555,88.96549987792969,141.077392578125,34.570518493652344,15.225760459899902,111.79623413085938,52.96654510498047,67.22592163085938,96.93694305419922,48.29767608642578,283.0865173339844,65.65689086914062,124.4082260131836,28.201921463012695,100.6201171875
2022-11-18,40.575130462646484,26.945579528808594,114.14796447753906,,158.30874633789062,59.59697723388672,121.72016906738281,38.94910430908203,88.05697631835938,136.22889709472656,33.869327545166016,15.325599670410156,112.52051544189453,53.69108963012695,67.02836608886719,96.283203125,48.85533142089844,289.216552734375,66.91506958007812,124.14659881591797,28.45753288269043,99.74796295166016
2022-11-21,39.638240814208984,26.56632423400879,111.3961181640625,,156.7947540283203,57.51681137084961,120.71892547607422,39.23390579223633,87.3622055053711,130.796142578125,33.33420944213867,15.20911693572998,111.71268463134766,52.633426666259766,65.46670532226562,96.31855010986328,47.78571701049805,270.3321838378906,65.34233093261719,122.6491470336914,28.24452781677246,98.76008605957031
2022-11-22,41.83599090576172,27.27858543395996,115.3818359375,,160.8175811767578,58.69814682006836,124.56854248046875,41.55965042114258,91.01417541503906,132.06057739257812,34.55207443237305,15.575202941894531,117.55319213867188,54.482261657714844,68.45829772949219,99.19847106933594,49.03818130493164,282.0414733886719,68.48780059814453,128.0797576904297,29.147663116455078,101.61688232421875
2022-11-23,40.96038818359375,26.66807746887207,112.50572967529297,,159.39010620117188,58.038997650146484,123.1270751953125,41.35080337524414,92.15430450439453,130.796142578125,33.73093795776367,15.516959190368652,116.6246566772461,54.648826599121094,66.90607452392578,97.80269622802734,47.00864791870117,275.6214904785156,67.89572143554688,125.58094787597656,28.82390022277832,101.109619140625
2022-11-25,40.65393829345703,26.362823486328125,112.56787872314453,,158.9229278564453,58.50981140136719,123.11845397949219,40.847679138183594,91.69112396240234,130.21188354492188,33.546409606933594,15.50031852722168,116.25322723388672,54.482261657714844,66.1158218383789,97.86453247070312,46.46925735473633,278.44964599609375,67.82170867919922,124.85022735595703,28.883541107177734,100.75360870361328
2022-11-28,39.36680603027344,26.07607078552246,109.93142700195312,,154.30322265625,56.951839447021484,117.94823455810547,39.41426467895508,87.50472259521484,125.33721923828125,33.10356140136719,15.358880996704102,113.2076187133789,53.06647872924805,64.18729400634766,95.2496109008789,45.60075378417969,267.8592834472656,66.87806701660156,121.63878631591797,28.52569007873535,97.72770690917969
2022-11-29,40.794029235839844,26.501575469970703,110.29541015625,,156.6130828857422,57.782188415527344,121.95321655273438,40.49644470214844,88.44890594482422,127.96207427978516,34.28450012207031,15.708325386047363,114.64685821533203,54.057525634765625,65.01516723632812,96.26554107666016,46.67037582397461,268.09027099609375,68.2010269165039,121.96353149414062,29.241392135620117,98.37740325927734
2022-11-30,41.02168273925781,26.843828201293945,109.63849639892578,,158.58558654785156,58.655330657958984,122.50564575195312,40.259124755859375,92.18994140625,129.0782470703125,34.95801544189453,15.908007621765137,113.10548400878906,55.73147201538086,65.37265014648438,95.7973403930664,47.12747573852539,277.30621337890625,68.82085418701172,120.53821563720703,29.565162658691406,99.08936309814453
2022-12-01,40.90785598754883,27.065832138061523,109.23904418945312,,157.87620544433594,58.44988250732422,121.30585479736328,39.41426467895508,91.01417541503906,126.18306732177734,34.95801544189453,15.932968139648438,111.6384048461914,55.96464920043945,64.7235336303711,95.44397735595703,47.3194694519043,273.6438293457031,69.33891296386719,119.10387420654297,29.75259780883789,98.60880279541016
2022-12-02,41.24933624267578,27.29708480834961,108.45785522460938,,156.6130828857422,58.60395812988281,119.95072174072266,37.90489959716797,90.63117980957031,126.84584045410156,35.862186431884766,15.808164596557617,109.78131103515625,55.96464920043945,64.1684799194336,94.22486114501953,48.261104583740234,278.1693115234375,69.56095123291016,114.62947845458984,29.78668785095215,97.77220916748047
2022-12-05,40.02350616455078,26.56632423400879,105.96345520019531,,152.74600219726562,56.96895980834961,115.78174591064453,35.18994903564453,85.34916687011719,123.82859802246094,33.97080993652344,15.442083358764648,104.41433715820312,54.39064407348633,62.42809295654297,92.00749969482422,46.97207260131836,271.4725036621094,66.60977172851562,109.11766815185547,29.113584518432617,95.09339904785156
2022-12-06,38.41240310668945,26.251821517944336,102.62576293945312,,148.8096923828125,54.89735412597656,110.30081939697266,35.038063049316406,83.47865295410156,120.52361297607422,33.39879608154297,15.05936050415039,101.48017120361328,52.96654510498047,60.339637756347656,91.0622329711914,46.67393493652344,264.4909362792969,64.43569946289062,107.22325897216797,28.51717185974121,92.45018005371094
2022-12-07,38.22853088378906,25.789316177368164,101.97774505615234,,149.2509002685547,55.00008773803711,108.8938980102539,34.8671875,85.39371490478516,119.0847396850586,32.44533920288086,15.009440422058105,101.21090698242188,53.17475128173828,60.16089630126953,91.00040435791016,45.68321228027344,261.072509765625,63.436553955078125,108.42305755615234,28.789823532104492,92.2455062866211
2022-12-08,37.44925308227539,25.974319458007812,99.95379638671875,,150.13331604003906,54.358055114746094,107.52149963378906,33.879940032958984,83.82603454589844,115.87567138671875,32.278717041015625,14.784796714782715,101.07161712646484,53.39961242675781,59.93511199951172,89.13640594482422,45.79329299926758,258.3802490234375,63.15902328491211,105.45516204833984,28.397207260131836,92.93077087402344
2022-12-09,36.65245819091797,25.077056884765625,97.66357421875,,145.3405303955078,52.14524841308594,105.01837158203125,33.86094665527344,84.36937713623047,113.01539611816406,30.55693244934082,14.51855182647705,99.19595336914062,52.924903869628906,59.011295318603516,86.57450866699219,43.087158203125,254.89007568359375,63.48282241821289,103.42544555664062,28.121091842651367,92.14759063720703
2022-12-12,38.44742965698242,26.03907012939453,99.22590637207031,,146.85447692871094,53.42220687866211,107.0812759399414,35.038063049316406,88.15496063232422,117.03546905517578,31.751075744628906,14.826397895812988,103.2629623413086,54.92363739013672,60.359317779541016,90.16999053955078,45.04107666015625,269.5125427246094,65.14806365966797,108.84703826904297,28.63881492614746,94.4170150756836
2022-12-13,40.128570556640625,27.065832138061523,100.67282104492188,,150.1246795654297,54.2093620300293,110.0159683227539,35.2279167175293,89.02787017822266,118.87545776367188,34.25042724609375,15.15087890625,103.17938995361328,55.764774322509766,60.59498596191406,90.22298431396484,46.829872131347656,275.5708312988281,67.29438018798828,108.72974395751953,29.156543731689453,95.44940185546875
2022-12-14,39.43685531616211,26.806825637817383,100.1934814453125,,149.08653259277344,54.156898498535156,109.98977661132812,35.89242172241211,88.32420349121094,119.32891845703125,33.8338623046875,15.067680358886719,103.01226806640625,55.45663070678711,60.02937316894531,89.47208404541016,46.26113510131836,277.5916748046875,67.78470611572266,108.00808715820312,29.096141815185547,94.74630737304688
2022-12-15,39.44560623168945,26.862329483032227,99.909423828125,,147.9705352783203,53.859519958496094,110.60115814208984,36.29112243652344,88.11042022705078,119.79981231689453,33.963462829589844,14.942875862121582,102.94725036621094,53.86597442626953,59.53919219970703,89.63994598388672,45.967586517333984,283.51605224609375,65.78640747070312,108.17945861816406,28.906307220458984,93.83854675292969
2022-12-16,38.34236526489258,26.24257469177246,98.0363998413086,,145.9634246826172,52.54758834838867,109.85002136230469,35.35133361816406,86.97919464111328,117.13140106201172,33.18588638305664,14.718235969543457,101.90729522705078,53.707740783691406,58.9453125,88.90670776367188,45.297935485839844,269.55224609375,64.85202026367188,107.68331909179688,27.913999557495117,93.17996215820312
2022-12-19,38.386138916015625,26.140819549560547,98.0363998413086,,146.9669647216797,51.83039093017578,109.6404037475586,34.27863693237305,85.45606231689453,116.48609161376953,33.380287170410156,14.568474769592285,103.1329574584961,52.77500534057617,58.83218765258789,88.8802261352539,45.71073532104492,265.0414733886719,63.871368408203125,107.99003601074219,27.672395706176758,93.59823608398438
2022-12-20,38.64006042480469,26.751327514648438,99.99818420410156,,149.3806915283203,51.917850494384766,110.47888946533203,34.30711364746094,85.22447967529297,117.67205047607422,34.63921356201172,14.65167236328125,104.93433380126953,52.88327407836914,58.79448318481445,90.67353057861328,47.4811897277832,270.3200378417969,64.55596923828125,109.94760131835938,27.913999557495117,94.95101928710938
2022-12-21,40.864070892333984,27.149080276489258,103.22049713134766,,151.13685607910156,54.01694869995117,113.5533218383789,34.78175354003906,87.736328125,119.46844482421875,35.75929641723633,14.87631607055664,106.3642807006836,54.14081573486328,60.076515197753906,91.30075073242188,48.90304946899414,278.4408874511719,66.68379211425781,110.66926574707031,28.448984146118164,96.1702651977539
2022-12-22,39.13039016723633,26.233322143554688,100.22012329101562,,148.8702392578125,52.573822021484375,110.31294250488281,33.22492218017578,83.62116241455078,115.87567138671875,34.75029754638672,14.759835243225098,103.67153930664062,53.39128112792969,58.25715255737305,88.80953979492188,47.141780853271484,263.44683837890625,65.41635131835938,107.90885925292969,28.103832244873047,94.23011016845703
2022-12-23,41.371925354003906,26.917831420898438,104.55227661132812,,153.47267150878906,54.67292022705078,114.07737731933594,34.373558044433594,86.72982025146484,119.49461364746094,36.18511199951172,15.092641830444336,106.8935546875,54.598846435546875,60.283905029296875,91.82199096679688,48.6095085144043,268.6900329589844,67.86796569824219,112.19380950927734,28.750991821289062,96.72205352783203
2022-12-27,41.71339797973633,27.167583465576172,105.82064819335938,,155.4019317626953,55.311405181884766,115.36129760742188,34.496978759765625,87.9233627319336,119.9742202758789,36.35173034667969,15.192480087280273,108.4720687866211,55.04023361206055,60.64212417602539,92.38736724853516,49.07734680175781,265.6304931640625,68.35828399658203,114.03409576416016,28.828649520874023,98.06591033935547
2022-12-28,39.5594367980957,26.409072875976562,102.99803924560547,,153.1093292236328,53.25602722167969,111.27369689941406,31.801008224487305,83.39849853515625,117.26217651367188,35.250160217285156,14.917916297912598,106.33643341064453,53.72439956665039,58.52111053466797,90.24067687988281,48.25174331665039,250.8162078857422,66.56352233886719,113.077880859375,28.233266830444336,96.4550552368164
2022-12-29,40.19862747192383,26.9918270111084,103.9627456665039,,154.26861572265625,53.387210845947266,112.34801483154297,32.15223693847656,84.24468231201172,118.840576171875,35.98146057128906,15.100959777832031,107.87779998779297,54.92363739013672,58.70964431762695,91.97216796875,48.53612518310547,249.67247009277344,68.12699127197266,113.95291137695312,28.448984146118164,97.18482971191406
2022-12-30,40.87282943725586,27.31558609008789,105.40082550048828,,155.28077697753906,53.79828643798828,113.12533569335938,32.1142692565918,84.05763244628906,119.27662658691406,36.4257926940918,15.042715072631836,108.07279205322266,54.71543884277344,59.37894058227539,91.94563293457031,49.0406494140625,251.05079650878906,67.99748229980469,114.44003295898438,28.388582229614258,98.16382598876953
2023-01-03,38.19350814819336,26.594074249267578,101.0418930053711,,150.5226287841797,50.833309173583984,108.69711303710938,30.20621109008789,76.71805572509766,114.5676040649414,34.86138153076172,14.984476089477539,102.99369049072266,53.24970245361328,57.55015563964844,89.25125122070312,47.24267578125,225.17498779296875,65.36083984375,108.2877426147461,27.741424560546875,94.79083251953125
2023-01-04,36.90638732910156,25.79856300354004,101.23837280273438,,148.9221649169922,51.51552200317383,108.61849975585938,31.525711059570312,79.52384185791016,113.90486145019531,35.57415771484375,15.167521476745605,102.67798614501953,53.66610336303711,57.60671615600586,88.94204711914062,47.4261474609375,220.30223083496094,65.71239471435547,107.90885925292969,27.913999557495117,95.06670379638672
2023-01-05,36.56489562988281,26.64032745361328,104.30217742919922,,151.60403442382812,52.62628936767578,108.63595581054688,30.453025817871094,75.61355590820312,116.88721466064453,36.05550765991211,15.15087890625,107.45995330810547,53.990901947021484,58.6530876159668,91.00923919677734,48.315956115722656,216.35049438476562,65.619873046875,114.19644927978516,27.629255294799805,97.1937255859375
2023-01-06,37.5543212890625,27.713336944580078,105.60629272460938,,152.74600219726562,53.55339431762695,111.33483123779297,31.649120330810547,78.1966552734375,120.46255493164062,37.22188186645508,15.458724021911621,108.4720687866211,55.43997573852539,60.095367431640625,93.37678527832031,49.99467468261719,221.44815063476562,67.62742614746094,115.07149505615234,28.095205307006836,98.36849212646484
2023-01-09,37.974605560302734,28.24984359741211,104.82917785644531,,151.5521240234375,54.40178298950195,111.57938385009766,32.911659240722656,79.44368743896484,123.38387298583984,37.434783935546875,15.566884994506836,107.48782348632812,56.37273025512695,60.40645217895508,90.11698913574219,51.040443420410156,221.06153869628906,69.31117248535156,115.99164581298828,28.155607223510742,96.53515625
2023-01-10,37.86077880859375,28.555099487304688,105.47230529785156,,152.296142578125,55.21519088745117,111.45712280273438,32.31361770629883,78.71328735351562,123.78501892089844,37.897640228271484,15.591845512390137,108.17495727539062,57.72188186645508,60.472434997558594,89.72827911376953,51.333988189697266,224.18968200683594,68.82085418701172,119.08582305908203,27.732797622680664,97.97691345214844
2023-01-11,38.368621826171875,28.518096923828125,105.61519622802734,,151.5694122314453,54.97028732299805,110.79331970214844,31.70607566833496,79.78215789794922,124.03789520263672,37.94391632080078,15.625123023986816,109.19632720947266,58.37146759033203,60.41587829589844,89.59577941894531,51.66423034667969,221.37100219726562,69.06139373779297,120.52018737792969,27.9830322265625,99.11608123779297
2023-01-12,39.70828628540039,29.137859344482422,107.33021545410156,,153.1958465576172,56.00235366821289,113.9376449584961,33.18695831298828,81.49234771728516,126.73249053955078,39.03622055053711,15.716643333435059,112.3626480102539,59.07101821899414,61.971282958984375,90.86788177490234,53.205352783203125,224.29249572753906,69.76448059082031,122.07178497314453,28.440349578857422,100.76251983642578
2023-01-13,39.69952392578125,29.258106231689453,108.50032806396484,,153.6111297607422,55.617523193359375,113.79259490966797,33.0445671081543,81.24293518066406,126.65400695800781,39.48982238769531,15.683366775512695,113.21690368652344,58.98774719238281,61.56593704223633,91.01807403564453,53.46220016479492,225.80467224121094,69.75524139404297,122.80247497558594,28.310922622680664,100.70022583007812
2023-01-17,39.5244140625,29.119354248046875,107.40167236328125,,156.1459197998047,55.530059814453125,114.31998443603516,33.40528869628906,80.59272003173828,127.08126831054688,39.369476318359375,15.658405303955078,113.06832885742188,58.39645004272461,61.009765625,90.55868530273438,53.627315521240234,225.8111114501953,69.51470184326172,124.13755798339844,28.2850341796875,100.50442504882812
2023-01-18,38.578773498535156,28.388599395751953,105.89209747314453,,153.32562255859375,54.769134521484375,113.20368194580078,31.94339942932129,79.11410522460938,125.65987396240234,37.5828971862793,15.275679588317871,112.64122009277344,57.17221450805664,60.726959228515625,90.73538970947266,52.40726852416992,221.12579345703125,67.92347717285156,122.2521743774414,27.335878372192383,98.439697265625
2023-01-19,39.54191970825195,28.20359230041504,106.86571502685547,,154.85687255859375,56.04608917236328,115.401123046875,32.20920181274414,80.96680450439453,127.69170379638672,37.20336151123047,15.600166320800781,114.42402648925781,57.96338653564453,61.90530776977539,92.2106704711914,52.63660430908203,223.9048309326172,69.2649154663086,124.91338348388672,27.551597595214844,99.07156372070312
2023-01-20,39.70041275024414,28.74009895324707,108.79508972167969,,156.50062561035156,56.63208770751953,116.6844482421875,32.22819137573242,80.9445571899414,128.66836547851562,37.66620635986328,15.508639335632324,116.73609161376953,58.05500030517578,63.07422637939453,94.4898681640625,52.609073638916016,224.30535888671875,69.99578857421875,128.75633239746094,27.146041870117188,100.87820434570312
2023-01-23,39.938140869140625,28.296096801757812,107.30339813232422,,156.29299926757812,57.515464782714844,117.94137573242188,33.4527587890625,82.1514892578125,130.23805236816406,37.55512237548828,15.60848617553711,117.81317901611328,58.07166290283203,62.68771743774414,94.47222900390625,51.24225616455078,220.82699584960938,69.94026947021484,129.0720672607422,27.335878372192383,100.35311889648438
2023-01-24,38.79352951049805,27.88909339904785,106.12434387207031,,156.44003295898438,55.94987869262695,116.69322967529297,32.47499465942383,81.8040771484375,128.3980712890625,36.8793830871582,15.45040512084961,120.90524291992188,57.8884391784668,60.736385345458984,94.5340576171875,50.884498596191406,221.73406982421875,69.46844482421875,130.83116149902344,27.1287841796875,101.28759002685547
2023-01-25,38.819942474365234,28.675350189208984,107.51778411865234,,154.9261016845703,56.12479782104492,116.46469116210938,31.535207748413086,81.23401641845703,128.25852966308594,37.05525207519531,15.35055923461914,120.53382873535156,57.49702072143555,60.821231842041016,96.15953826904297,51.60001754760742,223.2248077392578,69.67198181152344,129.31564331054688,27.094268798828125,100.75360870361328
2023-01-26,39.938140869140625,29.415361404418945,111.34078979492188,,162.46128845214844,57.480472564697266,119.47962188720703,31.421297073364258,78.25899505615234,130.7089385986328,37.95317840576172,15.483681678771973,125.67793273925781,57.91342544555664,63.243892669677734,98.49173736572266,52.71916198730469,224.04620361328125,70.35658264160156,135.2784881591797,27.120153427124023,104.80298614501953
2023-01-27,40.263912200927734,28.952850341796875,110.41183471679688,,155.2461700439453,57.08688735961914,118.36329650878906,31.259912490844727,78.06304931640625,131.64198303222656,37.50883483886719,15.52528190612793,123.35657501220703,57.622100830078125,62.72543716430664,96.05352783203125,52.260494232177734,219.17881774902344,69.708984375,129.18934631347656,27.18918800354004,102.88954162597656
2023-01-30,38.881568908691406,28.6938533782959,107.66069030761719,,150.70431518554688,54.52423858642578,116.11311340332031,30.51947593688965,76.81604766845703,126.74114990234375,37.342220306396484,15.236434936523438,119.91168975830078,56.811466217041016,60.45357894897461,94.0128402709961,51.68257141113281,212.87852478027344,68.63082122802734,126.4649887084961,26.775005340576172,101.06509399414062
2023-01-31,39.03125762939453,29.3598575592041,108.85761260986328,,150.54859924316406,55.311405181884766,116.24494934082031,31.013099670410156,77.24358367919922,127.4213638305664,38.156822204589844,15.456026077270508,119.33599853515625,57.82476806640625,61.07575225830078,88.579833984375,52.2696647644043,213.74171447753906,69.72756958007812,126.32066345214844,27.81908416748047,103.24554443359375
2023-02-01,38.2124137878418,29.59111213684082,105.13286590576172,,148.24737548828125,54.130653381347656,111.8852310180664,30.025842666625977,74.62483978271484,125.00582885742188,37.80506896972656,15.515148162841797,114.18260192871094,57.622100830078125,59.85969924926758,86.565673828125,51.09547805786133,208.90321350097656,69.3186264038086,122.89268493652344,27.491191864013672,102.11528778076172
2023-02-02,37.29672622680664,29.036102294921875,99.41620635986328,,146.2143096923828,53.308509826660156,109.65261840820312,30.225194931030273,76.13909149169922,119.96549987792969,35.694496154785156,15.58271312713623,111.33197784423828,58.01896667480469,58.88874816894531,87.44024658203125,47.967369079589844,207.1051483154297,69.49520111083984,120.0240249633789,27.793195724487305,98.92028045654297
2023-02-03,37.014976501464844,29.194316864013672,96.56681060791016,,146.594970703125,53.221038818359375,109.5383529663086,29.67461395263672,75.3552474975586,120.68927764892578,35.70375061035156,15.439131736755371,109.75344848632812,57.892303466796875,57.72926330566406,87.2900619506836,48.2884407043457,215.1863555908203,68.23114776611328,118.83323669433594,27.6810245513916,99.60556030273438
2023-02-06,36.99736785888672,29.464202880859375,96.01300811767578,,146.75933837890625,52.60005569458008,108.84394073486328,28.45952606201172,73.80538940429688,119.57307434082031,35.463077545166016,15.346232414245605,108.09137725830078,57.58831787109375,58.021488189697266,86.64518737792969,48.70124435424805,205.0157470703125,67.41322326660156,115.54961395263672,27.353130340576172,99.43647003173828
2023-02-07,38.46774673461914,30.264558792114258,100.05933380126953,,150.609130859375,54.41053771972656,112.31591033935547,29.105043411254883,75.79170989990234,125.18895721435547,36.12956619262695,15.439131736755371,113.49547576904297,58.3398323059082,60.896636962890625,90.35549926757812,49.669002532958984,213.06271362304688,69.33720397949219,121.35011291503906,27.706911087036133,102.27546691894531
2023-02-08,37.08541488647461,30.31109046936035,98.96066284179688,,147.0707550048828,53.64086151123047,113.07183074951172,28.29814910888672,73.02156829833984,125.82554626464844,36.360992431640625,15.388460159301758,112.87335205078125,58.05274200439453,60.26505661010742,90.76187896728516,50.42477035522461,203.32907104492188,69.86698150634766,120.9892578125,27.448047637939453,101.38550567626953
2023-02-09,36.143310546875,29.948137283325195,98.19248962402344,,145.72120666503906,52.7400016784668,111.77095794677734,28.953155517578125,73.1996841430664,123.36639404296875,34.86138153076172,15.19420337677002,112.11194610595703,57.39411544799805,59.5768928527832,90.20531463623047,49.622920989990234,200.96978759765625,69.13272094726562,119.6360855102539,27.02524185180664,101.76817321777344
2023-02-10,38.35328674316406,30.636810302734375,102.77474975585938,,148.77508544921875,55.573787689208984,117.90624237060547,30.06381607055664,74.67829895019531,130.18569946289062,36.12031173706055,15.506701469421387,117.72960662841797,58.643829345703125,61.867591857910156,94.86091613769531,51.945533752441406,206.02349853515625,71.33551788330078,126.95213317871094,27.456676483154297,106.0578384399414
2023-02-13,37.428794860839844,30.506519317626953,100.76502227783203,,147.94454956054688,55.591278076171875,117.15031433105469,29.294897079467773,74.34873962402344,129.26133728027344,36.35173034667969,15.5320405960083,118.67671966552734,59.02381134033203,61.04747009277344,95.63832092285156,52.821128845214844,203.43505859375,71.23328399658203,127.03392791748047,27.448047637939453,105.64531707763672
2023-02-14,37.393585205078125,30.208717346191406,101.8775405883789,,149.07786560058594,55.92363357543945,117.01846313476562,29.503738403320312,74.70502471923828,130.69149780273438,36.06476974487305,15.464471817016602,119.44741821289062,58.91403579711914,62.53688430786133,95.36447143554688,52.36949920654297,206.53538513183594,71.7723617553711,126.93397521972656,27.542964935302734,104.40770721435547
2023-02-15,36.37223434448242,29.92021942138672,100.17285919189453,,147.5068817138672,50.054893493652344,112.97514343261719,29.067068099975586,74.07261657714844,127.0028076171875,35.12982940673828,15.363121032714844,118.71891784667969,58.82959747314453,59.294097900390625,94.21602630615234,51.604515075683594,203.25296020507812,71.10315704345703,123.91712188720703,27.698280334472656,104.09381103515625
2023-02-16,35.342079162597656,30.022586822509766,97.22106170654297,,145.3773193359375,48.73420715332031,109.99542236328125,30.215700149536133,74.74065399169922,123.61930084228516,35.713008880615234,15.278665542602539,118.15851593017578,58.424285888671875,58.917030334472656,92.6877212524414,51.41095733642578,200.74810791015625,70.7127914428711,121.73628234863281,27.689651489257812,103.78887939453125
2023-02-17,33.5371208190918,28.468412399291992,93.41691589355469,,142.130615234375,46.64384841918945,104.08866119384766,29.80557632446289,71.33808898925781,117.4453125,33.78757858276367,14.974610328674316,114.4132308959961,56.794586181640625,57.248497009277344,88.8238754272461,49.16208267211914,192.20529174804688,68.72377014160156,117.7744140625,26.973464965820312,99.79804992675781
2023-02-21,33.51070785522461,28.04031753540039,94.48458099365234,,140.5159912109375,46.99369812011719,104.80064392089844,29.033016204833984,69.51210021972656,117.03546905517578,33.69501495361328,14.653664588928223,114.94561004638672,55.840415954589844,56.39067077636719,88.92202758789062,49.217376708984375,192.76646423339844,68.11962890625,120.1279067993164,26.567914962768555,99.69937896728516
2023-02-22,33.33460998535156,27.965864181518555,93.38102722167969,,139.94869995117188,46.87125015258789,103.3415298461914,30.50183868408203,70.9906997680664,119.72132110595703,33.05628967285156,14.628326416015625,114.67475128173828,56.05150604248047,55.070919036865234,88.76141357421875,48.304927825927734,191.5734405517578,70.2294692993164,118.75579833984375,26.671463012695312,98.40797424316406
2023-02-23,34.44399642944336,28.356735229492188,94.59224700927734,,141.32766723632812,48.10447692871094,105.06433868408203,30.988265991210938,72.077392578125,123.47981262207031,33.53764724731445,14.763463973999023,117.2338638305664,57.40256118774414,55.8250617980957,89.54667663574219,49.143646240234375,189.47439575195312,71.07527923583984,120.3368911743164,26.792261123657227,99.31376647949219
2023-02-24,34.532047271728516,28.272977828979492,94.43075561523438,,141.7466278076172,48.10447692871094,100.43212127685547,33.12472152709961,76.06783294677734,124.15994262695312,34.24116516113281,14.729679107666016,116.6734848022461,57.04790496826172,55.59881591796875,91.01902770996094,49.69664001464844,189.2002410888672,70.41536712646484,120.627685546875,26.90443992614746,99.32273864746094
2023-02-27,34.54085159301758,28.8872013092041,94.97804260253906,,142.10446166992188,47.68465042114258,100.8628158569336,31.980194091796875,72.97702026367188,125.88658905029297,34.417049407958984,14.662110328674316,118.2238998413086,57.36878204345703,55.5799674987793,92.49140930175781,50.13905715942383,190.57745361328125,69.95063781738281,122.7176742553711,26.490259170532227,99.14336395263672
2023-02-28,33.79246139526367,28.477720260620117,92.72605895996094,,140.31527709960938,47.15987777709961,99.34217834472656,31.6463680267334,71.97940826416016,122.59032440185547,33.682594299316406,14.408733367919922,115.44060516357422,55.266212463378906,55.20289611816406,91.51875305175781,49.04226303100586,190.64599609375,68.87247467041016,119.7008285522461,25.972530364990234,98.56940460205078
2023-03-01,34.89304733276367,28.933738708496094,95.32795715332031,,141.43240356445312,47.8770751953125,103.72828674316406,31.760820388793945,72.45149230957031,126.11332702636719,34.87259292602539,14.577651023864746,120.66160583496094,55.86574172973633,56.28696060180664,95.69491577148438,50.590675354003906,192.26739501953125,70.90797424316406,126.57048034667969,25.834470748901367,99.44827270507812
2023-03-02,35.456546783447266,29.51073455810547,97.19415283203125,,141.8775177001953,48.71671676635742,106.18063354492188,31.81804847717285,73.11063385009766,128.32989501953125,35.69072723388672,14.746567726135254,121.07254791259766,56.29638671875,56.81487274169922,94.41886138916016,50.96855926513672,194.1565399169922,71.80025482177734,126.5159683227539,26.24864959716797,99.90567016601562
2023-03-03,36.231361389160156,30.041200637817383,97.47225952148438,,143.97218322753906,49.56509780883789,107.03325653076172,32.762290954589844,74.97224426269531,130.64437866210938,36.15555953979492,14.907042503356934,124.68707275390625,57.29278564453125,57.73868942260742,94.60625457763672,51.604515075683594,194.57952880859375,73.64984130859375,128.27880859375,26.723234176635742,101.170166015625
2023-03-06,35.35088348388672,30.031896591186523,98.2977066040039,,145.02821350097656,49.40766906738281,106.27733612060547,31.427000045776367,71.89663696289062,127.78690338134766,36.1276741027832,14.881704330444336,123.21138000488281,57.96830368041992,58.14403533935547,92.785888671875,51.01464080810547,195.1267852783203,72.93417358398438,126.93397521972656,26.490259170532227,102.0669937133789
2023-03-07,34.452816009521484,29.54796028137207,96.58403015136719,,143.16049194335938,48.13071060180664,103.94805145263672,31.427000045776367,71.6162109375,127.06582641601562,35.188690185546875,14.653664588928223,121.6142807006836,57.014137268066406,57.36161422729492,90.83164978027344,49.807247161865234,190.7957000732422,71.59575653076172,124.45325469970703,26.20551109313965,100.093994140625
2023-03-08,33.88930892944336,29.250152587890625,96.20719909667969,,142.25283813476562,47.66716766357422,103.57007598876953,30.673513412475586,70.94682312011719,126.8432846069336,34.54719924926758,14.628326416015625,119.42874145507812,56.651023864746094,58.58709716796875,88.6186294555664,49.346412658691406,190.41273498535156,71.05667877197266,120.64588165283203,26.20551109313965,98.63218688964844
2023-03-09,32.586212158203125,27.97517204284668,94.93316650390625,,140.08831787109375,46.33772277832031,101.08256530761719,29.89141845703125,69.22810363769531,124.57329559326172,33.06900405883789,14.476302146911621,119.90507507324219,55.42665481567383,57.25406265258789,90.25162506103516,48.102149963378906,187.6468963623047,69.89486694335938,120.20061492919922,25.79132652282715,97.86988067626953
2023-03-10,31.652915954589844,27.053834915161133,93.50662231445312,,139.355224609375,45.270687103271484,98.60383605957031,29.004405975341797,68.00691223144531,120.9858169555664,32.10212707519531,14.163801193237305,120.0638656616211,54.37958908081055,56.5922737121582,90.32300567626953,47.00536346435547,182.81373596191406,68.36127471923828,120.09156036376953,25.31653594970703,96.6591796875
2023-03-13,30.393835067749023,26.188337326049805,90.33052062988281,,138.51736450195312,43.71385192871094,95.89659881591797,28.880413055419922,67.1747055053711,117.095703125,31.03298568725586,14.231369972229004,115.60875701904297,53.737850189208984,55.92103576660156,85.23664093017578,45.014549255371094,180.01466369628906,67.11581420898438,116.4113998413086,25.412893295288086,95.547119140625
2023-03-14,30.66678237915039,26.393077850341797,90.94062042236328,,140.30650329589844,43.82960891723633,95.98448944091797,29.27145767211914,67.59080505371094,118.07491302490234,31.070171356201172,14.307381629943848,119.34467315673828,54.362701416015625,56.90426254272461,87.40503692626953,45.49382019042969,176.9806671142578,67.26451873779297,119.60086822509766,25.623136520385742,95.90585327148438
2023-03-15,28.21907615661621,24.98780059814453,85.44973754882812,,134.2320556640625,40.17862319946289,90.02316284179688,27.4974308013916,64.82276153564453,109.26200866699219,28.271812438964844,14.003328323364258,114.59069061279297,51.407291412353516,53.69931411743164,83.5679702758789,41.77025604248047,170.9931182861328,63.34223175048828,112.9765853881836,25.211414337158203,91.13478088378906
2023-03-16,28.888235092163086,25.406593322753906,86.49049377441406,,134.65969848632812,41.20269012451172,92.6844711303711,28.727807998657227,66.26107025146484,111.74563598632812,28.82032585144043,13.97799015045166,116.89762878417969,51.525508880615234,55.81703567504883,84.8172607421875,42.562896728515625,178.0234832763672,63.82553482055664,115.5572280883789,25.2464542388916,90.60564422607422
2023-03-17,27.946128845214844,25.052946090698242,84.68711853027344,,132.95779418945312,41.09583282470703,91.14977264404297,28.012475967407227,65.19364929199219,109.60028839111328,27.84415626525879,13.74995231628418,115.49665069580078,50.23356628417969,55.2876091003418,84.52277374267578,41.18038558959961,175.22764587402344,62.710201263427734,114.8302993774414,24.790931701660156,89.5384292602539
2023-03-20,28.949872970581055,25.080867767333984,86.275146484375,,134.9127960205078,41.85273361206055,93.54496765136719,28.765958786010742,66.70429229736328,111.81686401367188,28.532121658325195,13.961099624633789,117.91566467285156,51.305965423583984,55.76031494140625,85.263427734375,42.599769592285156,180.2678985595703,63.779075622558594,117.13834381103516,25.30777359008789,91.8791275024414
2023-03-21,30.8516845703125,26.095272064208984,89.46024322509766,,139.041015625,43.6871337890625,96.35708618164062,29.567134857177734,67.78980255126953,116.27670288085938,29.694232940673828,14.206034660339355,119.82101440429688,52.24325180053711,56.951534271240234,85.263427734375,44.4984130859375,183.08090209960938,65.9446792602539,120.11884307861328,25.56181526184082,95.99554443359375
2023-03-22,30.244159698486328,25.16462516784668,88.25798797607422,,136.2132568359375,42.52950668334961,93.7933578491211,28.1460018157959,66.7405014038086,113.9088134765625,28.31829261779785,14.037113189697266,118.59748840332031,50.8499870300293,55.4766845703125,84.49601745605469,43.68734359741211,176.5977020263672,63.38869857788086,119.7371826171875,25.088775634765625,93.79833221435547
2023-03-23,29.944799423217773,24.87612533569336,86.50843048095703,,134.86045837402344,41.60340118408203,92.95061492919922,28.16507911682129,66.17060089111328,112.72484588623047,27.35141944885254,13.842857360839844,117.82227325439453,49.51582717895508,55.2876091003418,83.46981048583984,41.917720794677734,175.93145751953125,62.133934020996094,118.47410583496094,24.790931701660156,92.74007415771484
2023-03-24,30.385032653808594,25.146013259887695,85.62020111083984,,136.2045135498047,41.469825744628906,93.58045196533203,29.14746856689453,67.21086883544922,111.64772033691406,27.51876449584961,14.180693626403809,116.4679946899414,50.22512435913086,55.00397872924805,83.63936614990234,41.079002380371094,177.1619873046875,62.756656646728516,117.45638275146484,25.176372528076172,92.84769439697266
2023-03-27,31.151044845581055,25.369365692138672,87.45948028564453,,137.59219360351562,42.81446838378906,96.1441650390625,29.033016204833984,68.18783569335938,114.44293212890625,28.42985725402832,14.265152931213379,120.40010833740234,51.221519470214844,56.393741607666016,85.87022399902344,43.10668182373047,179.59629821777344,64.91299438476562,119.83715057373047,25.342817306518555,94.88348388671875
2023-03-28,31.60888671875,25.667177200317383,88.4073715209961,,139.19808959960938,43.250797271728516,97.94498443603516,29.471757888793945,68.5587158203125,116.35684204101562,29.089937210083008,14.408733367919922,122.88449096679688,51.49173355102539,58.813987731933594,88.14569854736328,43.908538818359375,182.15182495117188,65.30338287353516,123.59907531738281,25.290252685546875,96.0672836303711
2023-03-29,31.617692947387695,26.21625518798828,90.0503921508789,,140.39382934570312,44.33718490600586,99.95870208740234,29.996334075927734,67.943603515625,118.20841979980469,29.145719528198242,14.569204330444336,125.22875213623047,52.36145782470703,58.70054244995117,89.48421478271484,44.8855094909668,181.53062438964844,66.13988494873047,124.44413757324219,25.640661239624023,97.71742248535156
2023-03-30,31.151044845581055,26.756027221679688,89.59902954101562,,141.72915649414062,44.3906135559082,100.72162628173828,29.843730926513672,67.82601165771484,118.66242980957031,28.876108169555664,14.611433029174805,125.0980224609375,52.80055618286133,58.91798782348633,89.22543334960938,44.92238235473633,181.82992553710938,66.55813598632812,124.50777435302734,25.7632999420166,98.19273376464844
2023-03-31,31.7497615814209,26.858396530151367,89.56289672851562,,142.4011688232422,45.067378997802734,101.68854522705078,30.43507194519043,68.78487396240234,120.32707214355469,29.415325164794922,14.788800239562988,125.92924499511719,53.653404235839844,59.02198791503906,90.46578216552734,45.25417709350586,182.49298095703125,67.80359649658203,126.85218811035156,26.157501220703125,98.34520721435547
2023-04-03,34.51444625854492,27.8355770111084,97.87733459472656,,148.3272705078125,47.47169494628906,107.70310974121094,30.33015251159668,69.5356674194336,128.57025146484375,31.70235252380371,14.915488243103027,126.68579864501953,54.93689727783203,61.62186050415039,91.8310775756836,48.23119354248047,192.58518981933594,70.09004974365234,125.8798599243164,26.14873695373535,104.14762115478516
2023-04-04,33.54592514038086,27.22134780883789,95.96348571777344,,147.53305053710938,46.964111328125,106.1152114868164,30.97872543334961,69.02909088134766,126.09552764892578,30.89352798461914,14.763463973999023,117.51404571533203,54.92001724243164,61.29097366333008,87.69951629638672,46.50765609741211,186.27365112304688,69.41155242919922,115.79350280761719,25.991056442260742,103.15214538574219
2023-04-05,33.449073791503906,27.02591323852539,97.2724838256836,,148.2661895751953,47.667598724365234,106.78052520751953,31.093177795410156,69.39997100830078,127.27947235107422,30.73548698425293,14.957714080810547,123.94923400878906,55.72218704223633,61.04515838623047,93.18743133544922,46.72886657714844,189.35487365722656,69.96923065185547,122.7540054321289,26.22757911682129,104.91887664794922
2023-04-06,33.51951217651367,26.532672882080078,95.9273681640625,,146.3199462890625,47.11550521850586,105.89342498779297,30.63536262512207,68.09737396240234,125.1163101196289,30.410091400146484,14.957714080810547,120.18525695800781,55.468875885009766,59.59868621826172,91.76860809326172,45.73344802856445,185.87457275390625,69.64392852783203,120.4822998046875,25.973539352416992,103.1790542602539
2023-04-10,34.4175910949707,26.83047866821289,95.64749145507812,,146.87852478027344,47.54292678833008,106.78052520751953,31.846662521362305,70.14173126220703,127.4664306640625,30.76337242126465,14.991501808166504,122.57628631591797,55.78974151611328,60.59136199951172,93.66036987304688,46.12055587768555,189.0233917236328,70.08076477050781,122.76309204101562,26.139982223510742,102.72168731689453
2023-04-11,35.148380279541016,27.128284454345703,96.36970520019531,,147.69017028808594,48.353275299072266,107.94263458251953,31.875276565551758,71.3448486328125,129.22900390625,31.358373641967773,15.109745979309082,123.46353149414062,56.09373092651367,60.856075286865234,94.99888610839844,47.1343994140625,193.5604248046875,70.93585968017578,124.22607421875,26.429059982299805,103.4480972290039
2023-04-12,34.90184783935547,27.22134780883789,97.0738525390625,,148.21383666992188,48.566986083984375,108.50149536132812,31.140869140625,71.5076675415039,129.08657836914062,31.228225708007812,15.05062484741211,121.62361145019531,55.941734313964844,61.30042266845703,94.61518096923828,47.90861129760742,186.23504638671875,70.7499771118164,121.50909423828125,26.569217681884766,103.34049224853516
2023-04-13,35.632633209228516,27.407474517822266,98.43704986572266,,150.19497680664062,49.172515869140625,108.32735443115234,31.35069465637207,72.8464584350586,129.7364044189453,31.432748794555664,15.008394241333008,121.8664321899414,56.38081359863281,61.23424530029297,94.82933807373047,47.825653076171875,185.36068725585938,71.2146987915039,120.97300720214844,26.718137741088867,103.82476043701172
2023-04-14,35.905582427978516,27.128284454345703,97.9495620727539,,150.50050354003906,49.59994888305664,108.61315155029297,31.608217239379883,73.2535171508789,130.62661743164062,31.265405654907227,15.042176246643066,122.14663696289062,56.600372314453125,60.960079193115234,94.8204345703125,48.369441986083984,183.94345092773438,72.41368103027344,119.8189697265625,26.621782302856445,104.07586669921875
2023-04-17,34.769775390625,27.128284454345703,95.340576171875,,149.1738739013672,49.24375534057617,107.87185668945312,31.274398803710938,73.8053207397461,128.72157287597656,31.08876609802246,15.016839027404785,120.76435089111328,56.07684326171875,59.50413131713867,92.73233795166016,47.982337951660156,177.58790588378906,71.10315704345703,116.58404541015625,26.560462951660156,102.86517333984375
2023-04-18,34.70814514160156,27.454011917114258,94.74473571777344,,148.82476806640625,49.172515869140625,106.28208923339844,31.770360946655273,73.5972671508789,128.79278564453125,31.497825622558594,14.949274063110352,120.54017639160156,56.355499267578125,59.56086730957031,93.08035278320312,48.08372116088867,173.4091796875,71.43778228759766,115.5027084350586,26.420303344726562,104.87405395507812
2023-04-19,34.15345001220703,28.44049072265625,95.02461242675781,,148.96441650390625,48.84303665161133,106.10346221923828,31.68452262878418,73.20829772949219,127.89369201660156,31.711660385131836,14.864813804626465,118.04642486572266,56.026180267333984,59.059791564941406,91.96492004394531,48.507694244384766,169.24761962890625,70.85220336914062,113.04019927978516,26.3502197265625,104.54222106933594
2023-04-20,33.4090576171875,28.00309181213379,93.6884994506836,,148.24000549316406,48.10393524169922,105.62118530273438,31.217174530029297,73.2625732421875,126.35366821289062,31.488529205322266,14.653664588928223,117.39264678955078,55.77286911010742,58.64381408691406,90.34980010986328,47.89938735961914,167.33580017089844,70.2294692993164,111.72259521484375,26.131216049194336,103.70817565917969
2023-04-21,32.992549896240234,27.602914810180664,92.31632995605469,,147.60292053222656,47.75665283203125,104.772705078125,31.083641052246094,73.13591766357422,125.59700775146484,31.05158233642578,14.67055606842041,115.37525177001953,55.98396301269531,58.49254608154297,89.36820220947266,45.89935302734375,167.04293823242188,70.27594757080078,108.70575714111328,26.218820571899414,104.03999328613281
2023-04-24,33.54197311401367,28.09615707397461,93.5711669921875,,149.66262817382812,48.5046501159668,106.44286346435547,31.226703643798828,74.60137176513672,127.73345184326172,32.046348571777344,14.881704330444336,118.15851593017578,56.56660079956055,59.333961486816406,89.8500747680664,46.28645706176758,168.7594757080078,71.55858612060547,109.04197692871094,26.569217681884766,106.00403594970703
2023-04-25,32.15068054199219,27.258575439453125,92.16285705566406,,147.48944091796875,47.38264083862305,104.20110321044922,30.244312286376953,72.2042007446289,124.03026580810547,30.91212272644043,14.704340934753418,115.02032470703125,55.35065460205078,57.982032775878906,88.62757110595703,45.12514877319336,162.32456970214844,70.18302154541016,107.08831024169922,26.218820571899414,104.49736022949219
2023-04-26,31.344240188598633,26.76533317565918,90.70040130615234,,144.86241149902344,46.483253479003906,103.29904174804688,29.910491943359375,71.76095581054688,121.8938217163086,29.489700317382812,14.535423278808594,114.44125366210938,54.64979934692383,56.970436096191406,88.58293914794922,44.03757095336914,158.1157989501953,69.13272094726562,105.98881530761719,25.789579391479492,103.53778839111328
2023-04-27,31.60123634338379,26.839784622192383,91.38650512695312,,145.708984375,46.527774810791016,103.45980834960938,31.98973274230957,72.69268035888672,122.89974975585938,29.750017166137695,14.628326416015625,113.41386413574219,55.139556884765625,57.27297592163086,87.21765899658203,44.203468322753906,156.25653076171875,69.50701141357422,104.17143249511719,26.11369514465332,104.77538299560547
2023-04-28,32.655792236328125,27.21204376220703,92.88506317138672,,147.13160705566406,47.57855224609375,106.70185852050781,33.22963333129883,74.79132843017578,126.58512115478516,30.44727897644043,14.725350379943848,113.94623565673828,56.05220031738281,58.171112060546875,88.34201049804688,45.48460388183594,158.52883911132812,70.67668914794922,104.19869232177734,26.50790023803711,106.12957763671875
2023-05-01,32.700111389160156,26.877012252807617,92.56006622314453,,145.9621124267578,47.40935516357422,105.96055603027344,32.68598937988281,74.39329528808594,126.34476470947266,30.261341094970703,14.682419776916504,114.37586975097656,56.035057067871094,57.83076477050781,87.80660247802734,45.300270080566406,158.47415161132812,70.5550537109375,104.8711166381836,26.595502853393555,102.8382568359375
2023-05-02,30.44920539855957,25.453125,89.04832458496094,,139.67813110351562,45.15643310546875,99.68187713623047,31.312545776367188,72.46653747558594,120.22027587890625,27.760480880737305,14.321798324584961,109.248291015625,53.76417922973633,56.762454986572266,84.53170776367188,42.562896728515625,154.05828857421875,67.61681365966797,100.66390991210938,25.66693687438965,98.73980712890625
2023-05-03,30.28083038330078,25.555492401123047,86.74627685546875,,136.87652587890625,43.642608642578125,99.15492248535156,30.044021606445312,69.68040466308594,114.63876342773438,27.10040283203125,14.218765258789062,102.80378723144531,53.832725524902344,55.7508659362793,85.62035369873047,41.72417068481445,153.7546844482422,66.80271911621094,97.28361511230469,25.369091033935547,96.793701171875
2023-05-04,28.58822250366211,25.33213996887207,87.89280700683594,,136.34414672851562,42.956932067871094,99.4139404296875,29.605283737182617,69.62612915039062,112.15512084960938,26.979543685913086,14.287455558776855,98.12451934814453,53.6699104309082,55.495601654052734,82.37223052978516,41.539833068847656,148.18121337890625,64.893798828125,94.78473663330078,25.491735458374023,95.09871673583984
2023-05-05,29.4389591217041,26.262784957885742,90.610107421875,,139.82650756835938,44.844757080078125,101.96827697753906,30.854734420776367,71.13679504394531,118.21733093261719,27.77907371520996,14.630902290344238,99.84305572509766,55.280948638916016,57.376956939697266,83.38058471679688,42.16657638549805,151.50169372558594,67.26123809814453,97.26544952392578,26.437822341918945,97.46632385253906
2023-05-08,29.314897537231445,26.160417556762695,91.08857727050781,,139.2766876220703,45.414676666259766,102.13797760009766,30.797508239746094,70.84732055664062,118.0303955078125,27.84415626525879,14.510697364807129,101.53357696533203,54.43258285522461,55.74140548706055,83.84458923339844,42.95921325683594,150.16390991210938,66.67170715332031,97.57439422607422,25.894699096679688,97.85194396972656
2023-05-09,29.385786056518555,26.234865188598633,91.65731048583984,,138.87518310546875,43.78508377075195,101.61103820800781,30.96999168395996,70.6392593383789,118.31526947021484,27.983604431152344,14.467766761779785,103.61637115478516,54.72393798828125,55.74140548706055,83.86245727539062,43.4753532409668,149.5126495361328,66.606201171875,98.50126647949219,25.79833984375,97.87886047363281
2023-05-10,29.06676483154297,25.955673217773438,90.70040130615234,,137.1034698486328,42.84116744995117,100.17310333251953,30.854999542236328,70.28646850585938,116.8909683227539,27.48157501220703,14.416248321533203,104.34486389160156,54.166934967041016,53.746585845947266,84.08553314208984,42.26795959472656,148.71661376953125,66.25064086914062,100.87291717529297,25.544296264648438,96.62329864501953
2023-05-11,29.314897537231445,25.462434768676758,90.17678833007812,,136.34414672851562,42.084266662597656,98.71730041503906,30.56753158569336,69.88845825195312,114.35587310791016,26.48680877685547,14.338972091674805,102.83181762695312,53.84129333496094,54.76763153076172,83.34488677978516,40.682674407958984,146.36492919921875,65.21195983886719,100.55489349365234,25.40413475036621,94.87451171875
2023-05-12,29.226276397705078,25.74162483215332,89.76152038574219,,136.6932830810547,42.31578826904297,98.61905670166016,32.05278396606445,72.16800689697266,114.66045379638672,26.598373413085938,14.424832344055176,102.62632751464844,54.60396957397461,54.91889190673828,83.18426513671875,40.618167877197266,146.52908325195312,65.39910888671875,100.42765808105469,25.649415969848633,94.86554718017578
2023-05-15,29.190824508666992,25.955673217773438,91.00466918945312,,137.199462890625,42.4849739074707,99.44073486328125,33.67219543457031,74.18525695800781,115.52040100097656,27.05392074584961,14.338972091674805,103.32682800292969,49.65945053100586,55.32542419433594,84.07660675048828,41.10665512084961,147.0418701171875,66.2319107055664,102.59942626953125,25.491735458374023,95.04645538330078
2023-05-16,28.02992820739746,25.536884307861328,88.99020385742188,,133.9789276123047,41.07801818847656,96.12723541259766,33.35598373413086,72.34893035888672,111.84768676757812,25.91969871520996,13.995523452758789,100.38349914550781,48.48544692993164,54.966163635253906,81.99745178222656,39.86238479614258,142.33212280273438,64.1077880859375,99.6280288696289,25.097532272338867,92.7397232055664
2023-05-17,28.854084014892578,25.574106216430664,91.3857650756836,,135.8990478515625,42.4849739074707,98.95845031738281,33.35598373413086,71.8531494140625,114.28421783447266,26.905166625976562,14.124317169189453,104.03209686279297,49.01675033569336,55.70358657836914,84.58525085449219,41.014488220214844,144.42311096191406,64.98737335205078,101.86338806152344,25.360334396362305,94.82027435302734
2023-05-18,28.987003326416016,26.225561141967773,91.41300201416016,,135.73158264160156,42.992557525634766,100.04805755615234,35.30118942260742,75.4981460571289,115.3233413696289,27.7697811126709,14.184422492980957,104.3612289428711,50.02792739868164,55.07015609741211,85.91483306884766,41.337066650390625,145.03030395507812,65.17452239990234,101.36360168457031,25.588096618652344,95.6796875
2023-05-19,29.607330322265625,26.21625518798828,93.10079956054688,,136.80679321289062,43.811798095703125,102.3433837890625,34.716670989990234,74.57083129882812,116.64909362792969,28.04868507385254,14.184422492980957,103.73117065429688,50.14790344238281,55.902130126953125,85.65320587158203,41.72417068481445,144.40696716308594,65.7079086303711,101.10916900634766,25.6143741607666,96.12294006347656
2023-05-22,29.660505294799805,26.40238380432129,94.12617492675781,,134.34793090820312,43.91865539550781,101.41455841064453,34.79332733154297,75.12169647216797,118.64669799804688,28.095170974731445,14.19300651550293,104.03209686279297,49.779422760009766,55.81703567504883,86.21253204345703,42.396995544433594,146.4883270263672,66.662353515625,103.43859100341797,25.605615615844727,94.95599365234375
2023-05-23,30.050424575805664,26.430301666259766,94.72505950927734,,138.23452758789062,43.731658935546875,101.33417510986328,34.352535247802734,74.16685485839844,119.07667541503906,28.42985725402832,14.201590538024902,103.36442565917969,50.165035247802734,56.422096252441406,86.28472900390625,42.452293395996094,145.2845916748047,66.40034484863281,103.1726303100586,25.737014770507812,96.24959564208984
2023-05-24,30.466938018798828,26.72810935974121,94.35303497314453,,138.60467529296875,44.23032760620117,101.18232727050781,35.01371765136719,73.42315673828125,120.37556457519531,28.65298080444336,14.167248725891113,103.94745635986328,50.165035247802734,56.14793014526367,87.11473083496094,42.608978271484375,144.40380859375,66.2880630493164,105.27277374267578,25.640661239624023,97.32605743408203
2023-05-25,29.509857177734375,26.05804443359375,92.27505493164062,,136.21630859375,42.62746047973633,98.6011962890625,34.96580505371094,72.49584197998047,117.34780883789062,28.188138961791992,13.926831245422363,102.98828887939453,49.333824157714844,55.59959411621094,85.83362579345703,41.62279510498047,139.958984375,64.949951171875,103.79624938964844,25.47421646118164,95.58016967773438
2023-05-26,29.607330322265625,26.13300323486328,92.42024230957031,,135.79330444335938,42.80555725097656,98.35114288330078,34.582515716552734,71.27471923828125,117.3388442993164,28.07657814025879,13.91824722290039,102.32064819335938,49.1024284362793,55.722496032714844,85.62614440917969,40.99604797363281,141.08009338378906,64.74409484863281,104.38319396972656,25.185134887695312,94.95599365234375
2023-05-30,28.570505142211914,26.04867172241211,91.8304214477539,,134.9472198486328,41.81712341308594,97.1811294555664,33.60512161254883,69.33744049072266,115.99517059326172,27.639623641967773,13.866731643676758,101.36148071289062,49.16242599487305,55.391597747802734,84.43524932861328,40.8393669128418,140.19178771972656,64.08907318115234,102.40227508544922,25.018693923950195,94.11471557617188
2023-05-31,28.162857055664062,25.533321380615234,90.10631561279297,,132.74392700195312,41.051300048828125,95.82356262207031,33.31764602661133,69.08956909179688,113.89903259277344,26.63556480407715,13.832385063171387,98.65325164794922,48.55400085449219,54.512367248535156,82.64893341064453,39.475284576416016,139.86671447753906,63.67734909057617,98.16532135009766,25.106292724609375,92.43215942382812
2023-06-01,28.393268585205078,26.80764389038086,90.31505584716797,,134.10113525390625,41.65682601928711,96.59165954589844,33.63386917114258,69.9158935546875,114.75003814697266,27.890642166137695,13.96117877960205,99.55597686767578,48.76824188232422,54.947261810302734,83.94806671142578,41.456886291503906,142.61317443847656,64.37913513183594,97.14735412597656,25.500497817993164,93.49959564208984
2023-06-02,29.846607208251953,27.71653938293457,92.87394714355469,,137.71450805664062,43.21518325805664,99.95875549316406,35.023292541503906,73.1109848022461,117.66133117675781,29.415325164794922,14.381903648376465,102.41468048095703,50.336429595947266,56.431556701660156,87.53874969482422,43.10668182373047,147.19422912597656,66.89627838134766,100.21043395996094,26.48162269592285,95.67063903808594
2023-06-05,29.306032180786133,27.800867080688477,92.61988067626953,,137.05355834960938,43.07270050048828,99.71760559082031,34.53460693359375,71.3298110961914,116.73867797851562,28.96907615661621,14.390490531921387,102.20780181884766,50.31929016113281,56.15738296508789,86.6275634765625,42.599769592285156,144.32440185546875,66.34420013427734,98.4863052368164,26.402780532836914,95.2454605102539
2023-06-06,29.545299530029297,28.66291046142578,92.50191497802734,,137.30032348632812,43.58917999267578,100.75363159179688,35.799468994140625,72.64274597167969,117.31198120117188,29.18400764465332,14.467766761779785,102.52751159667969,50.82489013671875,56.1952018737793,87.34930419921875,43.50791549682617,147.60299682617188,66.49391174316406,100.21043395996094,26.58674430847168,96.02342987060547
2023-06-07,30.484657287597656,28.709760665893555,95.10619354248047,,140.86085510253906,44.5687141418457,103.82599639892578,37.18890380859375,74.58917236328125,120.19639587402344,30.41752815246582,14.794039726257324,107.31395721435547,51.78464889526367,56.762454986572266,91.16552734375,44.601402282714844,153.56173706054688,68.10340881347656,104.10806274414062,27.506547927856445,98.17637634277344
2023-06-08,30.130178451538086,28.381811141967773,94.86119842529297,,140.34085083007812,44.54199981689453,103.73667907714844,37.34221267700195,74.71772766113281,119.44393920898438,30.04373550415039,14.871317863464355,105.72474670410156,52.024593353271484,56.620208740234375,89.44236755371094,43.97126007080078,151.6593780517578,67.62616729736328,103.11761474609375,27.769350051879883,97.86881256103516
2023-06-09,29.607330322265625,28.11945343017578,94.27136993408203,,140.0059814453125,44.408424377441406,103.82599639892578,36.939762115478516,73.35887908935547,118.49441528320312,30.22128677368164,14.62231731414795,106.2701644897461,51.279052734375,56.25038528442383,89.09954833984375,44.04539108276367,149.7946319580078,66.25999450683594,103.98884582519531,27.003408432006836,97.1451416015625
2023-06-12,29.29717445373535,27.913311004638672,93.30042266845703,,138.65757751464844,43.989898681640625,101.7449951171875,36.70978546142578,72.47748565673828,116.2191162109375,29.651248931884766,14.502105712890625,105.66832733154297,51.24477767944336,56.12711715698242,87.31322479248047,43.572784423828125,145.08447265625,65.63304138183594,103.70453643798828,27.15446662902832,96.26766204833984
2023-06-13,29.873188018798828,28.269371032714844,93.83580780029297,,139.69749450683594,44.87147521972656,100.67326354980469,37.3134651184082,73.96485137939453,116.5057601928711,30.557701110839844,14.62231731414795,105.79057312011719,51.65610885620117,55.72885513305664,87.40342712402344,44.443870544433594,143.9757537841797,66.36293029785156,103.70453643798828,27.0833797454834,96.28575897216797
2023-06-14,29.82002067565918,28.05385971069336,93.16433715820312,,138.446044921875,44.221031188964844,98.84234619140625,36.84394454956055,73.23033905029297,113.56759643554688,29.950286865234375,14.510697364807129,104.98187255859375,51.78464889526367,55.44437026977539,86.33885955810547,43.80445861816406,143.06597900390625,66.40969848632812,102.55818176269531,26.83458137512207,95.12787628173828
2023-06-15,30.723922729492188,28.3349609375,94.50729370117188,,139.49481201171875,44.80824279785156,99.76225280761719,37.32305145263672,74.8554458618164,113.4601058959961,30.567052841186523,14.605145454406738,107.04126739501953,52.367366790771484,55.39696502685547,87.52973937988281,44.38827133178711,146.47813415527344,67.28932189941406,104.57577514648438,27.163347244262695,95.7882308959961
2023-06-16,30.466938018798828,28.64417266845703,95.20600128173828,,138.59585571289062,44.988914489746094,101.28951263427734,37.98423767089844,75.61749267578125,115.3233413696289,30.445566177368164,14.630902290344238,106.53346252441406,52.230255126953125,55.140933990478516,87.62898254394531,44.277061462402344,146.10174560546875,67.1770248413086,104.7408447265625,27.1278076171875,95.10073852539062
2023-06-20,29.687091827392578,27.92268180847168,92.58356475830078,,135.44073486328125,43.60672378540039,98.53868103027344,37.65842819213867,74.37801361083984,113.73779296875,29.417631149291992,14.304625511169434,104.32362365722656,50.83345031738281,54.2685432434082,84.33602142333984,43.79519271850586,142.67881774902344,66.38162994384766,101.76031494140625,27.225547790527344,92.9206314086914
2023-06-21,30.316280364990234,28.569210052490234,94.09894561767578,,136.49835205078125,44.211997985839844,99.02095794677734,38.118377685546875,75.15843200683594,114.3648452758789,29.82880401611328,14.287455558776855,105.32039642333984,50.627784729003906,54.496124267578125,84.15557098388672,44.25852966308594,143.13368225097656,67.32672882080078,102.36558532714844,27.385488510131836,93.9609375
2023-06-22,29.430097579956055,28.250629425048828,92.03910827636719,,134.52418518066406,43.0827522277832,96.68098449707031,37.81174850463867,74.4422836303711,112.73451232910156,29.22138786315918,14.158661842346191,104.77497863769531,49.865108489990234,53.59528350830078,81.92716217041016,43.40597915649414,139.54946899414062,66.606201171875,101.2375717163086,27.163347244262695,93.44532012939453
2023-06-23,28.871809005737305,27.89456558227539,91.15892028808594,,133.38726806640625,42.594932556152344,95.40380859375,37.54344177246094,73.99237823486328,112.33140563964844,28.866283416748047,14.012696266174316,104.98187255859375,49.43663787841797,53.1685676574707,81.9722900390625,43.17430877685547,137.93528747558594,65.42717742919922,102.07211303710938,27.181119918823242,92.63117218017578
2023-06-26,29.270580291748047,28.606691360473633,92.48258972167969,,135.73158264160156,43.1279296875,98.24393463134766,38.530418395996094,74.7911605834961,113.96173858642578,29.59518051147461,14.201590538024902,106.29837799072266,50.21645736694336,54.28750991821289,82.56774139404297,43.88785934448242,139.58706665039062,66.9337158203125,103.62199401855469,27.607629776000977,94.34087371826172
2023-06-27,29.031312942504883,29.018972396850586,92.00789642333984,,135.30856323242188,42.74850082397461,97.33296203613281,38.654991149902344,75.12169647216797,114.05132293701172,30.29604148864746,14.424832344055176,107.18231201171875,50.98769760131836,54.17371368408203,83.51502227783203,44.61067199707031,138.3794403076172,68.01919555664062,105.78633117675781,27.874197006225586,94.5760726928711
2023-06-28,29.421239852905273,29.168895721435547,93.57801818847656,,136.53358459472656,43.0827522277832,99.30677032470703,38.08964157104492,74.65345764160156,115.20690155029297,30.42687225341797,14.605145454406738,108.23550415039062,51.861778259277344,54.48664093017578,84.26384735107422,45.027679443359375,139.77313232421875,69.34793853759766,106.09814453125,28.451766967773438,95.34497833251953
2023-06-29,30.059288024902344,29.384403228759766,94.0801010131836,,137.69692993164062,43.72417449951172,100.92333221435547,39.32575607299805,77.12322998046875,116.46096801757812,31.015600204467773,14.768281936645508,109.40155029296875,52.69300079345703,55.491783142089844,85.28328704833984,44.91648483276367,141.9196014404297,70.37725830078125,106.9418716430664,28.90492820739746,96.52095031738281
2023-06-30,30.28083038330078,29.61865234375,94.5821762084961,,138.6752166748047,43.66996383666992,102.20943450927734,39.4119987487793,76.82943725585938,117.67029571533203,30.828704833984375,14.785453796386719,109.64604187011719,52.89010238647461,55.757293701171875,86.0501480102539,45.51882553100586,141.5743865966797,71.2100830078125,107.57464599609375,28.993785858154297,97.01849365234375
2023-07-03,30.183361053466797,29.609285354614258,95.14816284179688,,138.55181884765625,44.11262893676758,102.441650390625,38.98079299926758,76.93042755126953,118.19879150390625,31.426776885986328,14.811213493347168,110.52998352050781,53.472816467285156,56.14608383178711,86.30279541015625,45.843170166015625,145.10487365722656,72.06159973144531,107.69388580322266,29.073759078979492,97.20845794677734
2023-07-05,30.440345764160156,29.553062438964844,94.95645904541016,,137.75860595703125,43.81450271606445,102.07545471191406,38.712486267089844,76.48973083496094,116.98949432373047,31.024944305419922,14.665247917175293,109.27930450439453,52.77870178222656,55.84263610839844,86.72679138183594,45.68562316894531,144.04132080078125,71.5375747680664,107.07025146484375,28.842727661132812,96.71092987060547
2023-07-06,29.82002067565918,29.609285354614258,91.59709167480469,,134.7357177734375,42.95629119873047,100.25347137451172,37.6392707824707,74.64427185058594,113.91694641113281,30.847396850585938,14.476350784301758,106.5804672241211,52.2216796875,54.628875732421875,86.06820678710938,45.51882553100586,140.1409149169922,71.12586212158203,104.05303192138672,28.76275634765625,93.1015625
2023-07-07,30.936607360839844,31.024158477783203,94.23530578613281,,135.9166717529297,44.13069152832031,103.7813491821289,38.05130386352539,75.42467498779297,118.60189819335938,33.2490234375,14.52786922454834,110.98136901855469,53.275718688964844,55.577125549316406,89.71302032470703,49.43870544433594,145.0478973388672,72.33295440673828,105.35530090332031,29.082643508911133,93.31867980957031
2023-07-10,31.087257385253906,31.136598587036133,95.25769805908203,,136.8244171142578,44.437843322753906,103.39729309082031,38.607078552246094,76.05818939208984,120.11579132080078,33.641510009765625,14.55362606048584,110.81208801269531,53.472816467285156,55.662479400634766,90.5159683227539,49.68891143798828,144.80809020996094,72.0709457397461,103.27350616455078,29.242582321166992,94.70270538330078
2023-07-11,33.03685760498047,31.886198043823242,98.0784683227539,,139.3538055419922,45.67549514770508,106.81796264648438,38.86580276489258,77.33441925048828,122.8479232788086,35.061927795410156,14.811213493347168,112.8526840209961,54.2783317565918,57.416748046875,91.58956909179688,51.940765380859375,151.78622436523438,73.45584869384766,106.33658599853516,29.811260223388672,95.86060333251953
2023-07-12,33.24067687988281,32.270362854003906,99.7855224609375,,140.6934051513672,46.15428924560547,108.70246124267578,38.118377685546875,77.22422790527344,124.97093963623047,35.43571472167969,15.060213088989258,112.8056640625,55.16098403930664,58.14690017700195,91.98651123046875,52.52457046508789,153.67787170410156,73.94243621826172,105.50204467773438,30.308860778808594,96.33099365234375
2023-07-13,34.20661926269531,32.49525451660156,100.91748809814453,,138.81619262695312,46.17236328125,109.4705581665039,37.763832092285156,76.57235717773438,124.88136291503906,35.276859283447266,15.111727714538574,112.76803588867188,55.97506332397461,58.26068878173828,92.5458755493164,53.210323333740234,154.4435577392578,74.4664535522461,105.93306732177734,30.442142486572266,94.56702423095703
2023-07-14,32.469703674316406,32.186038970947266,97.75895690917969,,135.3526153564453,44.17586898803711,106.93936157226562,36.61396026611328,74.47901153564453,121.52217102050781,34.47319793701172,14.776867866516113,111.34810638427734,54.61253356933594,56.30729293823242,90.63324737548828,52.94157791137695,147.2201690673828,73.01605987548828,104.07136535644531,29.660207748413086,91.3104476928711
2023-07-17,32.19498825073242,32.46713638305664,97.16559600830078,,135.22923278808594,44.193931579589844,106.71456909179688,36.853515625,74.2311019897461,121.35196685791016,34.91241455078125,14.70817756652832,111.08479309082031,54.33831787109375,56.221946716308594,89.3521499633789,52.367042541503906,150.68936157226562,72.7072525024414,104.28230285644531,29.331438064575195,91.70848083496094
2023-07-18,33.568565368652344,32.83256912231445,99.27433013916016,,135.50244140625,45.63032531738281,110.3922119140625,37.98423767089844,74.83708190917969,124.3438949584961,35.613277435302734,14.836971282958984,112.30726623535156,55.118133544921875,56.9710693359375,91.26477813720703,52.802574157714844,153.71548461914062,73.42777252197266,105.85053253173828,29.624664306640625,91.2923583984375
2023-07-19,33.70148468017578,32.982486724853516,99.94070434570312,,136.3308868408203,45.72969436645508,110.0954818725586,38.20462417602539,75.4155044555664,124.42449951171875,34.58533477783203,14.845559120178223,114.82742309570312,55.503746032714844,57.04692077636719,92.43760681152344,53.15471649169922,155.1887664794922,73.68042755126953,108.23495483398438,29.60689926147461,91.92559814453125
2023-07-20,33.8709831237793,32.47651672363281,101.9581527709961,,137.8379364013672,46.43434524536133,111.03961181640625,39.11494064331055,76.6366195678711,125.42778778076172,34.0620231628418,15.146075248718262,116.8398208618164,56.497798919677734,57.33139419555664,93.87207794189453,53.062049865722656,155.42855834960938,74.47579956054688,110.72028350830078,29.855688095092773,93.54481506347656
2023-07-21,34.468650817871094,33.19800567626953,103.05357360839844,,139.85617065429688,47.21126174926758,112.04669952392578,38.233375549316406,76.28773498535156,126.52066802978516,34.51992416381836,15.283452987670898,118.316162109375,56.97767639160156,57.5969123840332,95.38774871826172,51.903690338134766,158.00193786621094,75.47705841064453,112.79289245605469,30.077829360961914,93.97903442382812
2023-07-24,35.03955841064453,33.58217239379883,104.72413635253906,,142.61468505859375,47.9610710144043,113.43142700195312,38.04172897338867,76.59071350097656,129.39610290527344,35.75344467163086,15.549629211425781,120.73291015625,57.62895202636719,59.09515380859375,96.39818572998047,52.83964538574219,160.3645782470703,76.15080261230469,115.28738403320312,30.175569534301758,95.45352172851562
2023-07-25,35.29825973510742,33.48847961425781,106.05691528320312,,143.266845703125,48.24113464355469,115.54450225830078,37.98423767089844,76.09492492675781,130.82041931152344,35.9029655456543,15.506695747375488,120.93978881835938,57.87747573852539,60.128746032714844,97.174072265625,53.63658905029297,162.60357666015625,76.42215728759766,114.21438598632812,30.19334602355957,95.5982666015625
2023-07-26,35.67292022705078,33.29170227050781,106.65029907226562,,142.191650390625,48.01527786254883,116.28184509277344,39.78569793701172,76.4989013671875,129.87982177734375,35.706722259521484,15.412248611450195,122.57600402832031,57.92888641357422,59.597721099853516,98.87015533447266,53.44198989868164,162.19383239746094,76.15080261230469,115.71842193603516,30.2733154296875,95.0645523071289
2023-07-27,35.21797561645508,32.47651672363281,105.6917724609375,,140.71104431152344,47.17512512207031,115.77828979492188,39.689876556396484,75.43387603759766,129.3065185546875,35.4450569152832,15.283452987670898,121.85193634033203,57.36330795288086,58.64946746826172,98.2386474609375,52.83964538574219,161.51097106933594,75.38348388671875,115.06727600097656,30.255542755126953,95.3630599975586
2023-07-28,35.81564712524414,33.188629150390625,105.82869720458984,,140.01478576660156,47.8797721862793,117.522705078125,40.513954162597656,77.5639419555664,130.4621124267578,35.65999984741211,15.329697608947754,123.96774291992188,57.6032600402832,58.86757278442383,99.55583190917969,52.960113525390625,161.68515014648438,75.9201889038086,118.36880493164062,30.264432907104492,94.2232666015625
2023-07-31,36.11894607543945,33.53533172607422,107.4627456665039,,144.2362823486328,48.78316116333008,119.16820526123047,40.41814041137695,77.4354019165039,131.96701049804688,36.51972198486328,15.4518461227417,125.0867691040039,58.27695083618164,59.86323928833008,100.63845825195312,54.062870025634766,161.9851837158203,77.20074462890625,118.22207641601562,30.610973358154297,97.00944519042969
2023-08-01,35.89592742919922,33.516578674316406,107.15237426757812,,143.03768920898438,48.494075775146484,118.46682739257812,39.9294319152832,77.5363998413086,132.46865844726562,36.69728088378906,15.320969581604004,126.89227294921875,57.89445495605469,59.39859390258789,101.14368438720703,53.38639450073242,159.75485229492188,76.84294891357422,118.09369659423828,30.29996681213379,96.44860076904297
2023-08-02,34.798709869384766,33.31980895996094,105.51834106445312,,140.772705078125,44.93471908569336,116.92923736572266,39.15326690673828,75.73685455322266,131.49221801757812,36.472999572753906,15.146472930908203,127.76677703857422,56.955623626708984,58.28913879394531,98.32886505126953,53.25665283203125,157.5760955810547,76.42865753173828,116.76253509521484,29.92677879333496,95.2454605102539
2023-08-03,37.16263198852539,33.40414810180664,104.97061157226562,,140.7198486328125,45.919410705566406,118.41290283203125,39.9869270324707,77.1416015625,132.9434051513672,37.089759826660156,15.233722686767578,128.09593200683594,57.33811950683594,58.9908447265625,99.60997009277344,53.72926330566406,173.2692108154297,77.03126525878906,116.10619354248047,30.60208511352539,96.90089416503906
2023-08-04,37.3499641418457,33.28233337402344,103.80215454101562,,140.40257263183594,45.892311096191406,116.71343994140625,40.05400085449219,78.3810806274414,133.08676147460938,36.95893478393555,15.146472930908203,129.72271728515625,56.720924377441406,60.233055114746094,99.67311096191406,53.44198989868164,184.1316375732422,77.6527099609375,117.29869079589844,30.5310001373291,97.17227172851562
2023-08-07,37.61757278442383,33.5367546081543,104.50505065917969,,140.9137420654297,45.90135192871094,114.7622299194336,40.3893928527832,79.78582763671875,133.10464477539062,36.99631118774414,15.163923263549805,131.6504669189453,56.67744827270508,60.5933952331543,100.53922271728516,53.71999740600586,187.76429748535156,77.2948989868164,119.51728057861328,30.628740310668945,96.97323608398438
2023-08-08,38.6523551940918,33.593299865722656,105.51834106445312,,140.70220947265625,45.86521530151367,115.45458221435547,41.26448440551758,80.06126403808594,133.6510772705078,37.173866271972656,15.25117301940918,133.3243408203125,55.764705657958984,60.45115661621094,101.65792083740234,54.22040557861328,189.83334350585938,77.99169921875,121.41232299804688,30.94862937927246,97.45269012451172
2023-08-09,39.44626998901367,34.026756286621094,106.29426574707031,,140.8872833251953,46.24462890625,117.6216049194336,42.360774993896484,80.59378051757812,135.51583862304688,37.80931854248047,15.312246322631836,135.45895385742188,55.93855667114258,60.50804901123047,103.22770690917969,55.1470947265625,191.45823669433594,79.35698699951172,123.8250503540039,31.330707550048828,99.10812377929688
2023-08-10,39.383827209472656,33.2917594909668,105.7374267578125,,141.74215698242188,45.856170654296875,117.83743286132812,41.14908981323242,78.4269790649414,134.8582305908203,37.71586227416992,15.303522109985352,136.6156005859375,56.633995056152344,60.43217849731445,103.45323944091797,54.600337982177734,195.5156707763672,79.29106903076172,124.6662368774414,31.15299415588379,99.61469268798828
2023-08-11,40.0350227355957,33.43309783935547,107.54488372802734,,144.66812133789062,45.53998947143555,118.98834991455078,41.39911651611328,77.9954605102539,134.82220458984375,38.03359603881836,15.512919425964355,140.81898498535156,57.581504821777344,62.4329948425293,105.23056030273438,55.27682876586914,202.7111053466797,79.97843933105469,128.54881286621094,31.437334060668945,101.16156768798828
2023-08-14,39.83877182006836,33.2917594909668,107.43536376953125,,144.5623779296875,45.43157958984375,118.22404479980469,41.25487518310547,77.42621612548828,134.173583984375,37.669151306152344,15.416945457458496,139.68116760253906,57.32941818237305,61.740779876708984,103.45323944091797,55.1563606262207,201.75399780273438,79.64887237548828,126.18229675292969,31.12633514404297,101.24297332763672
2023-08-15,39.1251335144043,33.08445358276367,105.90423583984375,,140.34085083007812,44.437843322753906,116.11998748779297,40.58171844482422,76.08573913574219,132.79525756835938,36.902862548828125,15.146472930908203,134.79483032226562,56.87739562988281,60.26149368286133,102.33455657958984,54.05360794067383,198.82142639160156,79.15926361083984,121.2274398803711,30.886423110961914,98.64372253417969
2023-08-16,38.92888259887695,32.9525260925293,105.1065902709961,,139.80325317382812,43.832576751708984,115.63442993164062,40.37015151977539,76.3492431640625,132.35385131835938,36.715965270996094,15.01559829711914,133.6417694091797,56.712223052978516,59.313255310058594,102.19020080566406,53.53466033935547,199.84732055664062,78.34007263183594,121.04254913330078,30.628740310668945,96.98384857177734
2023-08-17,39.294620513916016,32.858299255371094,107.02278900146484,,142.14341735839844,44.32041549682617,116.6504898071289,41.26448440551758,79.74234008789062,132.88536071777344,36.69728088378906,15.129022598266602,134.67196655273438,56.79915237426758,59.89168930053711,103.43775939941406,53.6458625793457,205.23501586914062,78.89561462402344,122.04093170166016,30.753141403198242,98.86261749267578
2023-08-18,39.44626998901367,33.22580337524414,107.53620147705078,,143.16665649414062,45.16056442260742,117.45973205566406,41.80302047729492,79.44648742675781,133.36279296875,36.81875991821289,15.207550048828125,136.6851043701172,57.02516555786133,60.75459671020508,104.02967071533203,53.77560043334961,205.1543426513672,79.7995376586914,123.48301696777344,30.895309448242188,100.35831451416016
2023-08-21,39.16082000732422,33.02790832519531,107.46286010742188,,142.6862030029297,45.32316970825195,117.22595977783203,42.8608283996582,80.23233032226562,133.73214721679688,36.44496536254883,15.146472930908203,135.01222229003906,56.72962188720703,60.43217849731445,103.20099639892578,53.22885513305664,201.78948974609375,79.59239196777344,121.24593353271484,30.94862937927246,99.14534759521484
2023-08-22,38.010074615478516,33.15040588378906,106.49102020263672,,141.5116424560547,44.93471908569336,116.20990753173828,41.73570251464844,79.575927734375,133.59703063964844,36.052486419677734,15.050498962402344,135.10670471191406,56.38190460205078,59.65462112426758,102.8458480834961,52.27436447143555,202.40243530273438,78.81087493896484,120.99635314941406,30.770917892456055,98.5890121459961
2023-08-23,37.9476318359375,33.41425704956055,106.17928314208984,,141.69850158691406,44.57335662841797,115.89517974853516,40.14897155761719,78.49419403076172,133.52499389648438,36.183311462402344,15.059224128723145,135.39027404785156,56.24281311035156,58.62101745605469,102.22663116455078,53.6458625793457,201.77549743652344,78.74494934082031,119.59121704101562,30.833114624023438,97.72258758544922
2023-08-24,37.67109680175781,33.19752502441406,105.25325775146484,,140.53289794921875,44.12166213989258,113.00881958007812,40.10089111328125,78.14285278320312,134.2366485595703,35.73475646972656,15.033048629760742,135.72108459472656,55.96464538574219,58.17534255981445,102.34500122070312,52.62651062011719,202.94659423828125,79.1780776977539,119.6744384765625,30.67317008972168,96.99297332763672
2023-08-25,38.117122650146484,33.348289489746094,106.83025360107422,,141.58282470703125,45.55805587768555,114.26766967773438,40.4278564453125,78.70683288574219,134.72308349609375,35.65065383911133,15.129022598266602,136.0802001953125,56.46012496948242,58.639991760253906,103.7109375,52.320701599121094,204.5553741455078,79.54530334472656,123.05777740478516,30.806453704833984,98.72581481933594
2023-08-28,38.26877212524414,33.9231071472168,107.74707794189453,,142.552734375,45.684532165527344,114.5733871459961,40.725955963134766,79.02118682861328,135.7410888671875,36.17396926879883,15.146472930908203,135.18234252929688,56.833927154541016,59.01929473876953,103.01887512207031,53.59026336669922,206.39315795898438,80.3079833984375,121.65267181396484,30.98416519165039,99.55574035644531
2023-08-29,38.8664436340332,34.0173225402832,107.87544250488281,,142.33029174804688,45.829071044921875,114.96005249023438,41.10100555419922,79.84402465820312,136.20050048828125,36.21133804321289,15.224996566772461,135.40919494628906,56.720924377441406,59.17101287841797,102.61820220947266,53.95166778564453,207.9708251953125,80.69403076171875,121.45854187011719,30.9930477142334,100.14854431152344
2023-08-30,39.00025177001953,33.97021484375,108.8289566040039,,142.5260009765625,45.76582717895508,114.88810729980469,41.3414192199707,81.17538452148438,136.30862426757812,36.36085891723633,15.216273307800293,135.2863006591797,56.87739562988281,59.38911437988281,103.49241638183594,54.67448806762695,208.90423583984375,81.16483306884766,121.51400756835938,31.099679946899414,101.1244125366211
2023-08-31,39.1072883605957,34.10213851928711,109.13151550292969,,143.34461975097656,46.15428924560547,115.65240478515625,41.56260681152344,81.55445098876953,136.73199462890625,36.08985900878906,15.024321556091309,134.93661499023438,56.67744827270508,59.54084014892578,103.95682525634766,54.637420654296875,203.0227813720703,81.2119140625,120.08116149902344,30.682048797607422,101.40713500976562
2023-09-01,40.21342468261719,34.68637466430664,111.9828872680664,,146.1919403076172,47.80750274658203,117.77447509765625,42.524261474609375,83.44977569580078,139.32650756835938,37.201900482177734,14.954523086547852,137.95159912109375,56.98170852661133,61.228721618652344,106.69779205322266,55.712371826171875,205.5627899169922,82.41714477539062,123.48301696777344,30.8242244720459,103.53213500976562
2023-09-05,40.42752456665039,34.93137741088867,112.61552429199219,,148.11390686035156,48.33147048950195,119.94148254394531,41.55298614501953,82.06295013427734,138.903076171875,38.18707275390625,14.893450736999512,138.95343017578125,57.077327728271484,62.75541305541992,106.30621337890625,56.02876281738281,194.75540161132812,81.77686309814453,123.05777740478516,30.60208511352539,103.54125213623047
2023-09-06,39.82985305786133,35.072715759277344,112.8355484008789,,148.26513671875,48.32243347167969,119.69872283935547,40.70673370361328,81.73011779785156,140.6237335205078,38.35595703125,14.509552001953125,139.77569580078125,55.3300666809082,62.17697525024414,106.21516418457031,56.7639045715332,197.22970581054688,80.06317138671875,123.89896392822266,30.068944931030273,104.4350357055664
2023-09-07,39.580074310302734,35.053871154785156,111.5886459350586,,148.27403259277344,47.428077697753906,118.2870101928711,40.158592224121094,81.0274429321289,139.51565551757812,38.543609619140625,14.474653244018555,142.611083984375,55.90379333496094,61.39726638793945,108.1365737915039,56.605709075927734,197.81349182128906,80.51513671875,125.95120239257812,30.379940032958984,103.9242935180664
2023-09-08,39.48194885253906,34.818294525146484,112.5146484375,,148.78121948242188,47.57261657714844,119.3480224609375,40.85097885131836,81.81332397460938,140.56065368652344,38.73126220703125,14.657877922058105,146.78857421875,56.30365753173828,62.07238006591797,111.30555725097656,55.99154281616211,199.224609375,80.34564971923828,131.32200622558594,30.450176239013672,105.43826293945312
2023-09-11,38.259849548339844,34.62041091918945,110.42425537109375,,145.7114715576172,45.87424087524414,117.04612731933594,40.59133529663086,80.82405090332031,137.43467712402344,38.7687873840332,14.544456481933594,145.6166229248047,56.09503936767578,60.7031364440918,111.40570831298828,56.549869537353516,187.7655029296875,78.93327331542969,132.8750457763672,30.3331241607666,104.11583709716797
2023-09-12,39.42842483520508,34.95964050292969,112.8447265625,,148.42530822753906,46.42531204223633,120.57091522216797,42.09150695800781,81.54520416259766,140.81288146972656,39.74457550048828,14.945799827575684,147.28005981445312,57.65106201171875,63.1658821105957,113.17233276367188,57.787513732910156,195.0850067138672,80.21383666992188,135.20455932617188,30.756290435791016,107.15284729003906
2023-09-13,37.55513000488281,34.149253845214844,112.13874053955078,,147.88250732421875,45.75680160522461,119.50990295410156,41.302955627441406,80.66688537597656,140.34445190429688,39.31298065185547,14.971976280212402,146.94921875,58.2421760559082,63.061275482177734,112.1615219116211,56.41029357910156,190.97657775878906,79.81835174560547,134.48350524902344,30.846330642700195,106.19523620605469
2023-09-14,38.34012985229492,34.56386947631836,114.1466293334961,,148.79901123046875,46.45920944213867,121.08345794677734,40.95676040649414,80.92574310302734,142.26329040527344,39.60383987426758,15.102848052978516,147.6203155517578,59.572174072265625,63.99313735961914,111.97941589355469,57.32223129272461,193.2386932373047,80.7317123413086,134.91799926757812,31.260496139526367,108.09221649169922
2023-09-15,37.87626647949219,34.07387161254883,113.2939682006836,,148.1494903564453,45.31893539428711,118.85348510742188,39.937408447265625,79.00270080566406,140.30841064453125,39.510005950927734,14.893450736999512,145.3708953857422,58.71159362792969,62.89964294433594,110.21281433105469,56.373069763183594,190.78271484375,79.71479034423828,132.81956481933594,30.918357849121094,106.4323501586914
2023-09-18,38.099281311035156,34.3565673828125,114.12830352783203,,148.79010009765625,45.15474319458008,118.58373260498047,39.610450744628906,78.84551239013672,140.76783752441406,40.00728225708008,14.849828720092773,147.76206970214844,59.276615142822266,63.061275482177734,111.5058822631836,56.959320068359375,196.00384521484375,80.65637969970703,135.22305297851562,30.9993896484375,107.28965759277344
2023-09-19,37.61757278442383,34.09272003173828,112.91806030273438,,148.77230834960938,44.68950271606445,115.99408721923828,39.418121337890625,78.28153991699219,139.9840850830078,38.87200164794922,14.77130126953125,143.80197143554688,58.920223236083984,62.57633972167969,109.47518920898438,56.233482360839844,197.72840881347656,80.17615509033203,131.87667846679688,30.87334442138672,107.00691223144531
2023-09-20,36.823646545410156,33.73463439941406,111.09354400634766,,148.3185272216797,43.67695236206055,112.84696960449219,38.46607971191406,77.48643493652344,137.73199462890625,38.74064636230469,14.710229873657227,144.29344177246094,58.25086975097656,61.092987060546875,109.3386001586914,55.6379280090332,201.35098266601562,80.43981170654297,132.16326904296875,30.87334442138672,106.15874481201172
2023-09-21,35.80672073364258,33.037330627441406,109.16819763183594,,146.98385620117188,42.33598709106445,110.23035430908203,37.25440216064453,76.46017456054688,136.3536376953125,38.24335861206055,14.448481559753418,146.27821350097656,57.36418533325195,59.48602294921875,109.22022247314453,54.73529052734375,201.4845428466797,78.21768188476562,135.2415313720703,30.117040634155273,104.66303253173828
2023-09-22,35.87808609008789,33.357723236083984,109.25070190429688,,147.95370483398438,42.50019073486328,110.25733184814453,36.97552490234375,75.8777084350586,135.6419677734375,38.12138748168945,14.483378410339355,145.04006958007812,57.538055419921875,59.7998046875,107.98176574707031,54.94001770019531,198.27670288085938,79.50763702392578,134.2893829345703,30.270097732543945,104.82718658447266
2023-09-25,36.59172058105469,33.82887649536133,111.00186157226562,,150.11590576171875,43.33942794799805,112.98184967041016,37.4275016784668,76.82075500488281,137.5067596435547,38.44977951049805,14.614255905151367,145.7394561767578,57.84230041503906,60.056556701660156,109.51162719726562,55.68446350097656,200.3491973876953,80.33623504638672,135.46337890625,30.576215744018555,106.00370025634766
2023-09-26,36.61848449707031,33.64983367919922,110.1491928100586,,149.3061981201172,42.82857894897461,114.08784484863281,37.46595764160156,76.8115234375,137.88511657714844,38.27151107788086,14.369956970214844,142.7339630126953,56.05157470703125,60.04704284667969,108.74669647216797,55.02375793457031,199.02532958984375,79.42289733886719,130.87831115722656,30.234086990356445,106.1678695678711
2023-09-27,37.804901123046875,34.15867614746094,113.42032623291016,,152.18911743164062,44.55267333984375,116.72245025634766,38.09103775024414,79.15986633300781,141.6416778564453,39.43495178222656,14.535730361938477,144.0665740966797,56.07765197753906,62.376651763916016,110.00337219238281,56.577789306640625,201.47703552246094,81.53205108642578,133.0691375732422,30.702266693115234,109.6244125366211
2023-09-28,37.67109680175781,34.47906494140625,113.07938385009766,,151.78868103027344,44.525306701660156,116.41671752929688,38.88920211791992,80.17686462402344,141.5606231689453,39.20977020263672,14.544456481933594,145.95684814453125,56.407981872558594,62.64289474487305,112.3527603149414,56.70806884765625,203.74557495117188,82.33241271972656,136.05502319335938,30.981386184692383,108.95863342285156
2023-09-29,36.663082122802734,33.28232955932617,110.38877868652344,,150.03582763671875,43.512752532958984,113.97993469238281,39.02384567260742,79.72384643554688,139.52467346191406,37.999412536621094,14.46592903137207,143.03639221191406,55.13882064819336,61.69203567504883,109.41146087646484,54.25139617919922,196.4314727783203,80.71288299560547,130.99847412109375,30.3331241607666,107.23492431640625
2023-10-02,35.262569427490234,32.56618118286133,107.90087890625,,148.18505859375,41.6427001953125,111.1924819946289,37.59098434448242,77.32926177978516,135.30868530273438,37.31448745727539,14.099482536315918,141.788818359375,53.765350341796875,59.23880386352539,108.3824462890625,53.91640090942383,188.3924560546875,78.55663299560547,127.6521224975586,29.648855209350586,105.45648956298828
2023-10-03,35.378536224365234,32.53791046142578,108.3615951538086,,148.5320587158203,41.733924865722656,111.71400451660156,38.10065841674805,76.70983123779297,135.93026733398438,37.58658981323242,14.04713249206543,139.18971252441406,53.878353118896484,59.39094924926758,105.2954330444336,54.53987121582031,192.06564331054688,77.27608489990234,123.48301696777344,29.68486976623535,105.6388931274414
2023-10-04,33.90666198730469,31.228097915649414,104.42704772949219,,145.07080078125,39.54460144042969,107.32601165771484,38.1295051574707,75.98865509033203,131.08363342285156,35.907108306884766,13.986059188842773,134.10488891601562,53.330711364746094,57.08985900878906,100.61481475830078,51.95292663574219,189.22616577148438,74.60197448730469,118.94414520263672,29.648855209350586,101.68984985351562
2023-10-05,33.656890869140625,31.425981521606445,104.50996398925781,,145.8360137939453,39.0885009765625,106.5167465209961,39.514286041259766,77.64362335205078,130.73231506347656,35.7100715637207,14.099482536315918,134.47349548339844,54.278228759765625,56.50031661987305,99.69509887695312,51.552791595458984,190.47787475585938,75.46823120117188,117.84408569335938,30.036006927490234,99.40069580078125
2023-10-06,33.53200149536133,31.784067153930664,106.26993560791016,,144.3500518798828,39.8638801574707,108.5129165649414,41.14908981323242,80.69461822509766,136.236572265625,36.30116653442383,14.186732292175293,135.32411193847656,55.199668884277344,58.38302993774414,99.43101501464844,51.83195495605469,190.39491271972656,76.5416488647461,116.96588897705078,30.324121475219727,97.74082946777344
2023-10-09,34.94143295288086,32.79233169555664,112.25009155273438,,148.34523010253906,42.053199768066406,114.41155242919922,42.649269104003906,82.3772964477539,140.95704650878906,38.7594108581543,14.622980117797852,138.52810668945312,57.32941818237305,61.02642822265625,101.27047729492188,54.19557189941406,194.8738555908203,78.2835693359375,117.35413360595703,30.93636703491211,101.16089630126953
2023-10-10,34.69165802001953,32.886558532714844,110.93243408203125,,148.18505859375,42.02582931518555,113.93497467041016,42.39924240112305,82.04447174072266,140.87594604492188,38.60928726196289,14.675328254699707,140.73971557617188,58.1204719543457,60.83625793457031,102.34500122070312,54.54917907714844,197.69500732421875,78.34007263183594,120.36773681640625,30.990386962890625,100.73223114013672
2023-10-11,34.72734069824219,32.886558532714844,110.60993957519531,,143.34461975097656,42.646141052246094,114.52845001220703,41.879947662353516,81.54520416259766,143.10108947753906,39.06903076171875,14.70150375366211,140.37112426757812,58.64204025268555,60.23720932006836,102.1082534790039,54.6794548034668,199.01565551757812,80.50572967529297,119.8038330078125,31.233484268188477,97.12065124511719
2023-10-12,34.98604202270508,32.76406478881836,111.59585571289062,,143.4602813720703,42.59141159057617,115.95814514160156,41.74531555175781,82.21086883544922,146.26309204101562,39.153480529785156,14.753853797912598,139.49212646484375,59.198387145996094,60.11359786987305,100.8515853881836,54.31653594970703,200.6766815185547,80.52456665039062,116.68859100341797,31.332521438598633,97.1024169921875
2023-10-13,36.796897888183594,32.83944320678711,115.05127716064453,,145.97836303710938,44.142181396484375,120.34613800048828,41.70684814453125,82.21086883544922,150.05569458007812,39.81026077270508,14.928350448608398,140.06866455078125,60.08506774902344,61.207096099853516,100.71498107910156,54.86557388305664,201.9488525390625,82.125244140625,116.5221939086914,31.683664321899414,100.20327758789062
2023-10-16,37.635414123535156,33.14098358154297,115.46591186523438,,147.17071533203125,45.06351852416992,121.26445770263672,41.83186721801758,82.28482818603516,150.8123779296875,39.74457550048828,15.076674461364746,142.47879028320312,60.91087341308594,62.157962799072266,101.7895278930664,55.3215446472168,205.74595642089844,82.79378509521484,119.43407440185547,32.16985321044922,100.27623748779297
2023-10-17,37.84950637817383,33.55560302734375,115.60414123535156,,149.11929321289062,45.54698944091797,121.50874328613281,42.562721252441406,82.83031463623047,151.76730346679688,40.382591247558594,15.120298385620117,143.03639221191406,60.42408752441406,62.31010055541992,103.72916412353516,56.05669021606445,208.78358459472656,82.71846008300781,120.83918762207031,32.32292556762695,101.58953094482422
2023-10-18,38.34904861450195,33.65925979614258,116.6453628540039,,150.30276489257812,45.68383026123047,122.82965087890625,42.00495910644531,82.62693786621094,153.07354736328125,40.46703338623047,14.954523086547852,145.54100036621094,59.667808532714844,63.23243713378906,105.8600082397461,56.38236999511719,213.10203552246094,82.3983154296875,123.89896392822266,32.09783172607422,103.01227569580078
2023-10-19,38.62558364868164,33.52733612060547,116.45185852050781,,150.46292114257812,44.92668151855469,123.25493621826172,41.43758773803711,82.07218933105469,152.1727294921875,40.58900451660156,14.841102600097656,144.45407104492188,60.16329574584961,63.19439697265625,104.89476776123047,55.80542755126953,211.6693878173828,82.58663177490234,122.41069030761719,32.02580261230469,103.07613372802734
2023-10-20,37.827056884765625,32.83002853393555,114.31411743164062,,148.44308471679688,44.078330993652344,120.54063415527344,40.725955963134766,81.37877655029297,149.97463989257812,39.510005950927734,14.823650360107422,142.58273315429688,58.74635696411133,61.97728729248047,103.39222717285156,54.16764831542969,206.1466064453125,81.62621307373047,121.26441192626953,31.440563201904297,101.30682373046875
2023-10-23,36.95674514770508,32.66983413696289,111.80779266357422,,142.97091674804688,43.52186965942383,119.10208129882812,40.649024963378906,80.29705047607422,148.9296417236328,39.07841110229492,14.814925193786621,141.25009155273438,58.01615905761719,59.73325729370117,102.94603729248047,54.75390625,199.9625244140625,81.3531494140625,120.84842681884766,31.368539810180664,99.82022094726562
2023-10-24,36.78627014160156,32.49079132080078,110.52699279785156,,139.38507080078125,43.30294418334961,117.5639877319336,40.89906311035156,80.37103271484375,147.07382202148438,37.74608612060547,14.70150375366211,140.47508239746094,57.89445495605469,59.4575080871582,101.9261245727539,53.041683197021484,195.20242309570312,80.49629974365234,119.06431579589844,31.026399612426758,98.8534927368164
2023-10-25,36.80421829223633,32.057334899902344,110.95085906982422,,138.69102478027344,43.64958190917969,117.37398529052734,40.40861129760742,80.11215209960938,148.35305786132812,37.8868293762207,14.649155616760254,139.2653045654297,57.60758972167969,60.1611442565918,100.84248352050781,52.68806457519531,200.2501220703125,80.3644790649414,117.27095794677734,31.026399612426758,99.035888671875
2023-10-26,36.2658805847168,32.999637603759766,109.01583099365234,,137.69448852539062,43.029273986816406,115.75447845458984,41.168331146240234,80.50970458984375,145.68653869628906,37.014251708984375,14.570629119873047,139.93638610839844,57.65106201171875,60.1611442565918,100.25968170166016,51.990150451660156,199.95065307617188,80.70346069335938,115.88433837890625,31.13444709777832,98.13299560546875
2023-10-27,36.00568771362305,32.8017578125,108.54589080810547,,128.44068908691406,42.66438674926758,113.9902114868164,40.34130859375,79.31704711914062,144.18211364746094,37.15498352050781,14.282706260681152,137.98939514160156,56.886085510253906,59.172245025634766,101.01549530029297,51.95292663574219,196.00167846679688,79.46055603027344,114.22039794921875,30.65725326538086,96.26336669921875
2023-10-30,35.60193634033203,32.94309997558594,108.85917663574219,,129.98892211914062,42.1170539855957,113.50164031982422,39.600830078125,79.141357421875,142.72271728515625,36.98610305786133,14.320881843566895,138.8022003173828,57.033870697021484,58.639766693115234,102.39053344726562,52.48334884643555,197.810302734375,79.18586730957031,114.84898376464844,30.819316864013672,96.56431579589844
2023-10-31,35.63782501220703,32.43424987792969,109.46734619140625,,129.66859436035156,42.4819450378418,114.2254638671875,40.75481414794922,79.58515930175781,144.42532348632812,36.911041259765625,14.383033752441406,142.95132446289062,57.514617919921875,58.77288818359375,103.87486267089844,51.794734954833984,198.8433074951172,79.1953353881836,117.400390625,30.97238540649414,96.5369644165039
2023-11-01,35.53913116455078,32.83002853393555,107.50465393066406,,128.11146545410156,42.15353775024414,112.38877868652344,41.081783294677734,80.35252380371094,143.6055450439453,36.98610305786133,14.516209602355957,146.69407653808594,56.93242263793945,58.34499740600586,105.71430969238281,51.98085021972656,198.49754333496094,79.70683288574219,118.07520294189453,31.260496139526367,96.34545135498047
2023-11-02,35.61090850830078,33.461368560791016,112.43437194824219,,132.36463928222656,43.12049102783203,116.39685821533203,42.649269104003906,82.00747680664062,147.0558319091797,38.0838623046875,15.004522323608398,147.2233123779297,58.7937126159668,60.1611442565918,107.5628890991211,53.376678466796875,193.65664672851562,85.48474884033203,119.21222686767578,32.22388458251953,99.51014709472656
2023-11-03,35.85315704345703,33.34764862060547,110.34269714355469,,131.34140014648438,43.18434524536133,115.95353698730469,43.00508499145508,82.61766815185547,146.0288848876953,37.80238723754883,14.977886199951172,142.5071258544922,58.9613151550293,59.91391372680664,106.35174560546875,52.92070388793945,194.86415100097656,83.46723175048828,116.87345123291016,32.484989166259766,98.29715728759766
2023-11-06,35.26099395751953,33.11074447631836,109.16326141357422,,130.79861450195312,42.618778228759766,114.37925720214844,40.87982940673828,78.79004669189453,144.26318359375,37.079925537109375,14.800320625305176,141.69427490234375,58.467323303222656,58.71582794189453,106.40641021728516,52.55778884887695,189.5288848876953,82.91783905029297,116.30956268310547,32.1878662109375,96.55521392822266
2023-11-07,34.16637420654297,32.0872802734375,106.19620513916016,,128.49407958984375,41.31431198120117,110.95926666259766,39.343170166015625,76.35848236083984,143.04701232910156,35.60686111450195,14.693774223327637,138.140625,57.07355499267578,57.24199295043945,103.6836166381836,49.62653732299805,182.7781219482422,81.00450897216797,113.74895477294922,31.782705307006836,95.04126739501953
2023-11-08,32.937171936035156,31.97357177734375,105.45906066894531,,126.70560455322266,40.30174255371094,109.66546630859375,38.50340270996094,75.2582778930664,140.506591796875,35.45674514770508,14.507330894470215,135.6265411376953,56.12968063354492,58.14531707763672,101.81684875488281,49.25431442260742,177.79507446289062,78.97749328613281,112.39006805419922,31.62063980102539,93.87388610839844
2023-11-09,32.623146057128906,32.14414596557617,105.18263244628906,,126.2962875366211,40.2652587890625,109.74691772460938,38.04009246826172,74.41693115234375,140.1552734375,35.466121673583984,14.3919095993042,134.0198516845703,56.30611038208008,57.60332107543945,100.7423095703125,49.0775146484375,178.64602661132812,79.27113342285156,110.85552978515625,31.368539810180664,93.9012451171875
2023-11-10,33.12559127807617,32.54214859008789,106.52793884277344,,127.19498443603516,41.615333557128906,111.01355743408203,37.76982879638672,73.12255096435547,142.07411193847656,35.92586898803711,14.596114158630371,137.16714477539062,56.77363967895508,57.98365783691406,103.3011703491211,49.5986213684082,176.76637268066406,80.09517669677734,113.39767456054688,31.404550552368164,94.6217269897461
2023-11-13,32.883338928222656,32.66535568237305,106.83354187011719,,128.1292724609375,41.43288803100586,111.33926391601562,38.416542053222656,73.97314453125,142.49749755859375,36.27302169799805,14.667142868041992,138.7076873779297,57.03828048706055,58.58271026611328,103.94770812988281,50.25000762939453,178.96058654785156,80.42669677734375,114.8767318725586,31.449573516845703,95.6158218383789
2023-11-14,33.70878601074219,32.883304595947266,107.000244140625,,129.06353759765625,41.72480392456055,113.20307159423828,38.5130615234375,75.3877182006836,143.38034057617188,36.76092529296875,14.91573715209961,142.4031524658203,57.98215866088867,58.69681167602539,104.73994445800781,50.575706481933594,183.54725646972656,81.86644744873047,116.54991149902344,31.773706436157227,95.98397827148438
2023-11-15,33.47551345825195,32.84540557861328,106.5279312133789,,129.51734924316406,41.52411651611328,111.34832763671875,39.89336013793945,77.51531219482422,143.38035583496094,36.066612243652344,15.02227783203125,142.8640899658203,58.3261833190918,58.287940979003906,105.1679458618164,49.95223617553711,181.2679443359375,81.71488952636719,117.12305450439453,31.854734420776367,95.4041519165039
2023-11-16,32.16555404663086,31.49974822998047,103.71263122558594,,127.46733856201172,40.4020881652832,109.20403289794922,38.65784454345703,75.54134368896484,140.3524169921875,34.8844108581543,14.933494567871094,137.893798828125,57.79690170288086,57.346588134765625,104.3316650390625,48.49125671386719,173.70498657226562,79.42267608642578,113.6190414428711,31.287506103515625,94.29972839355469
2023-11-17,33.080726623535156,31.94513702392578,106.12044525146484,,129.88597106933594,41.37815475463867,112.18974304199219,38.96672058105469,75.9603500366211,143.71165466308594,35.64439392089844,15.057788848876953,140.5547332763672,58.776065826416016,57.964656829833984,106.94157409667969,49.17987823486328,177.95127868652344,81.47809600830078,115.65994262695312,31.899749755859375,96.6006088256836
2023-11-20,33.19737243652344,32.09675979614258,106.86131286621094,,129.81405639648438,41.6427001953125,113.30260467529297,38.69645690917969,76.12794494628906,143.71165466308594,35.841426849365234,15.040034294128418,141.5906219482422,59.00541687011719,58.13580322265625,108.54059600830078,49.0775146484375,176.59402465820312,82.29269409179688,116.23773193359375,32.06181335449219,96.17723846435547
2023-11-21,32.85642623901367,32.13466262817383,106.65757751464844,,129.5083465576172,41.27781677246094,112.41593933105469,38.62889099121094,76.04414367675781,142.73611450195312,35.850807189941406,15.199849128723145,140.2981414794922,59.0230598449707,57.764957427978516,107.8973159790039,49.058895111083984,176.8180694580078,82.93678283691406,114.783935546875,32.36793899536133,96.14044189453125
2023-11-22,32.802589416503906,31.821943283081055,106.36123657226562,,129.76910400390625,41.195716857910156,111.43878936767578,38.918460845947266,76.17449188232422,141.88018798828125,35.550559997558594,15.35077953338623,141.7996826171875,58.80253219604492,57.251495361328125,108.44869232177734,48.8727912902832,176.87405395507812,82.6147232055664,116.82483673095703,32.62004089355469,95.72628021240234
2023-11-24,33.08970260620117,32.1157112121582,106.95392608642578,,130.28158569335938,41.36903381347656,111.73736572265625,39.43003845214844,76.49107360839844,142.31275939941406,35.7100715637207,15.404050827026367,142.07530212402344,59.38473129272461,57.203956604003906,109.01846313476562,48.94723129272461,177.73580932617188,83.20198822021484,116.45207977294922,32.701072692871094,96.24168395996094
2023-11-27,32.605194091796875,32.1915283203125,106.31492614746094,,129.7960662841797,40.98591232299805,111.28498840332031,38.83158874511719,75.94172668457031,141.7513427734375,35.362918853759766,15.368535041809082,143.07315063476562,59.287696838378906,56.92820358276367,108.7427749633789,48.90070724487305,176.337646484375,83.32513427734375,117.05783081054688,32.764095306396484,95.68024444580078
2023-11-28,32.64108657836914,32.04937744140625,106.48162841796875,,130.83004760742188,40.885562896728516,111.86402893066406,38.46479797363281,75.40167236328125,141.7237548828125,35.20341110229492,15.35077953338623,142.54095458984375,59.093631744384766,57.10886764526367,108.43950653076172,48.67737579345703,174.30174255371094,82.87995147705078,116.7129898071289,32.71006774902344,95.62503814697266
2023-11-29,32.57828140258789,31.59450912475586,105.5462875366211,,129.39146423339844,40.94029235839844,111.50214385986328,38.36827850341797,74.27037811279297,141.53965759277344,34.99699783325195,15.377413749694824,140.09857177734375,59.446475982666016,57.365604400634766,112.31759643554688,48.26792907714844,177.9587860107422,83.3630142211914,115.63199615478516,32.80911636352539,94.18929290771484
2023-11-30,32.300140380859375,31.983043670654297,107.02801513671875,,129.11273193359375,41.022396087646484,111.34832763671875,38.57097625732422,74.77781677246094,142.1102752685547,34.7436637878418,15.59937572479248,141.7806854248047,60.73438262939453,56.24358367919922,118.44717407226562,48.42612838745117,180.45521545410156,85.67418670654297,116.82483673095703,33.12424087524414,94.55743408203125
2023-12-01,32.479583740234375,32.02095031738281,106.7131576538086,,130.20065307617188,41.204833984375,111.82784271240234,38.84123992919922,75.04784393310547,141.9813995361328,35.381683349609375,15.759185791015625,143.89993286132812,61.634151458740234,55.93931198120117,119.1915512084961,48.75181198120117,188.47781372070312,85.39950561523438,117.775390625,33.56541442871094,94.78751373291016
2023-12-04,32.13863754272461,31.983043670654297,106.06489562988281,,130.25460815429688,40.75784683227539,111.28498840332031,37.615386962890625,72.92491149902344,141.6040802001953,35.06267166137695,15.847969055175781,143.87142944335938,61.93408203125,55.01697540283203,118.03363800048828,48.41681671142578,172.38308715820312,84.59436798095703,117.84993743896484,33.30431365966797,94.27210998535156
2023-12-05,31.214496612548828,31.082778930664062,104.77761840820312,,128.44740295410156,39.936859130859375,110.3349838256836,37.02659225463867,71.12786102294922,138.18959045410156,34.08689498901367,15.537226676940918,141.52407836914062,61.11369323730469,54.4654655456543,117.35360717773438,47.32281494140625,160.5797576904297,83.11674499511719,117.0950927734375,32.64704513549805,92.44062805175781
2023-12-06,30.532602310180664,30.191991806030273,102.35127258300781,,128.1506805419922,39.45338439941406,108.34453582763672,35.588382720947266,68.85594177246094,134.81195068359375,32.85233688354492,15.563864707946777,136.0691680908203,60.399166107177734,53.70478057861328,114.87236022949219,45.93894577026367,160.35093688964844,81.10868835449219,114.3739013671875,32.26889419555664,91.21653747558594
2023-12-07,30.35315704345703,30.06879997253418,102.65687561035156,,128.05177307128906,39.64495086669922,107.077880859375,35.70421600341797,69.87085723876953,135.83352661132812,32.43767547607422,15.537226676940918,134.54861450195312,59.34062576293945,53.800167083740234,114.52314758300781,45.31245803833008,163.67953491210938,80.24673461914062,113.75883483886719,31.847667694091797,90.58148193359375
2023-12-08,30.927385330200195,30.55210304260254,103.7867202758789,,129.75108337402344,40.219642639160156,107.62977600097656,35.8393440246582,69.88016510009766,136.88272094726562,32.918296813964844,15.71479320526123,135.9171142578125,60.196285247802734,53.86693572998047,115.16642761230469,45.630367279052734,166.8743133544922,81.98958587646484,114.38322448730469,32.38560485839844,91.62149810791016
2023-12-11,31.133745193481445,30.807960510253906,103.87006378173828,,129.7870635986328,40.51155471801758,107.84690856933594,35.607688903808594,69.92671203613281,137.628173828125,32.76751708984375,15.59937572479248,136.7058868408203,59.30534362792969,54.429744720458984,116.16812896728516,45.9576416015625,167.794921875,81.1371078491211,115.07284545898438,31.811187744140625,91.68590545654297
2023-12-12,30.66718864440918,30.608957290649414,102.85136413574219,,128.12371826171875,39.535484313964844,106.46263885498047,34.758277893066406,68.67902374267578,136.1004180908203,32.456520080566406,15.288627624511719,136.24972534179688,58.27324295043945,52.989349365234375,115.07453918457031,45.85478210449219,166.8300323486328,79.98152160644531,112.66848754882812,31.373554229736328,90.2409439086914
2023-12-13,31.26833152770996,30.89324951171875,103.5829849243164,,130.02085876464844,40.33823776245117,107.19548797607422,35.96482467651367,69.78705596923828,137.5545654296875,32.69211959838867,15.519469261169434,139.37635803222656,59.37590026855469,54.58237075805664,116.85736083984375,45.995033264160156,169.92767333984375,80.36988067626953,116.30296325683594,31.601491928100586,91.04166412353516
2023-12-14,32.066864013671875,31.784040451049805,106.45384979248047,,134.8041229248047,41.7679443359375,110.5127182006836,37.470603942871094,70.5505599975586,141.21751403808594,33.82300567626953,15.705915451049805,143.39625549316406,60.522682189941406,56.05137252807617,119.56834411621094,49.01525115966797,173.11593627929688,81.724365234375,120.3847427368164,31.601491928100586,93.48981475830078
2023-12-15,31.71693992614746,31.821943283081055,106.07415008544922,,134.2826385498047,41.65653610229492,110.0636978149414,37.10380554199219,70.5505599975586,140.91383361816406,33.75703811645508,15.528349876403809,141.0109100341797,59.922828674316406,55.860599517822266,119.34778594970703,48.80018615722656,172.39065551757812,80.90031433105469,119.81627655029297,31.565017700195312,92.86397552490234
2023-12-18,31.977130889892578,32.28628921508789,106.40753936767578,,134.57933044433594,42.00004196166992,111.44738006591797,37.557472229003906,71.04405212402344,143.2330780029297,34.12458801269531,15.59937572479248,144.27056884765625,60.20511245727539,56.25170135498047,120.66192626953125,48.884342193603516,172.94540405273438,81.44021606445312,122.9382095336914,31.637968063354492,93.55422973632812
2023-12-19,32.309112548828125,32.28628921508789,107.8800277709961,,136.34161376953125,42.408531188964844,112.2812728881836,37.48991394042969,71.62134552001953,144.6320037841797,34.6994514465332,15.661521911621094,146.13323974609375,60.990196228027344,57.5203857421875,122.9593734741211,49.538875579833984,175.64369201660156,81.71488952636719,124.50382995605469,31.975311279296875,94.78751373291016
2023-12-20,31.869474411010742,32.24838638305664,108.06524658203125,,135.0918426513672,42.00004196166992,111.2732925415039,36.679107666015625,70.00121307373047,143.4171600341797,34.36018371582031,15.537226676940918,146.0001678466797,60.381526947021484,57.39638900756836,123.20751953125,49.13680648803711,174.1671905517578,81.25077056884766,123.5159683227539,31.610610961914062,93.20449829101562
2023-12-21,32.24630355834961,32.25785827636719,108.19489288330078,,135.5054473876953,42.56635284423828,110.95256805419922,37.66365051269531,72.00310516357422,143.81288146972656,34.52981185913086,15.661521911621094,145.07833862304688,61.334232330322266,57.653934478759766,123.40967559814453,49.16485595703125,174.634521484375,82.51054382324219,122.9382095336914,31.884136199951172,93.62786102294922
2023-12-22,32.26424789428711,32.333675384521484,108.96354675292969,,135.81114196777344,42.529212951660156,112.04302215576172,37.63468933105469,71.95655822753906,143.93255615234375,34.482696533203125,15.732550621032715,143.3772430419922,61.88996887207031,58.00688552856445,123.19830322265625,49.63238525390625,174.39491271972656,82.13166046142578,123.1991195678711,32.03913879394531,93.79353332519531
2023-12-26,33.45756530761719,32.9591178894043,110.22301483154297,,137.03392028808594,43.31834411621094,113.90322875976562,37.847042083740234,72.58039093017578,146.3346405029297,34.916202545166016,15.847969055175781,144.5271453857422,62.75444793701172,58.60784149169922,124.72380828857422,50.19340896606445,176.8460693359375,82.92731475830078,124.12171173095703,32.02090072631836,94.00521850585938
2023-12-27,33.349891662597656,32.68430709838867,109.73219299316406,,136.58436584472656,43.07696533203125,113.87574005126953,37.81808853149414,72.7200698852539,145.49713134765625,34.54866409301758,15.776945114135742,142.43643188476562,62.613311767578125,58.226287841796875,123.78646850585938,49.585628509521484,176.6863250732422,82.46318054199219,122.84500885009766,31.9388427734375,93.56344604492188
2023-12-28,32.389869689941406,32.40948486328125,107.8892822265625,,134.66029357910156,42.48279571533203,111.18165588378906,37.66365051269531,72.18001556396484,142.95700073242188,34.12458801269531,15.705915451049805,139.58541870117188,62.20753479003906,57.205604553222656,122.07715606689453,48.84694290161133,172.4866943359375,81.79066467285156,121.23279571533203,31.847667694091797,92.21051025390625
2023-12-29,32.19247817993164,32.390525817871094,107.49105834960938,,134.11178588867188,42.055747985839844,110.83342742919922,37.316165924072266,71.63996887207031,142.72691345214844,34.06804275512695,15.661521911621094,140.9918975830078,61.94289779663086,56.95758819580078,122.35285186767578,48.65993118286133,169.7161407470703,82.28321838378906,121.14891815185547,31.75649642944336,92.01724243164062
2024-01-02,32.398834228515625,32.153621673583984,108.89871215820312,,134.39950561523438,42.55706787109375,111.4290542602539,37.567134857177734,71.68653106689453,144.50315856933594,34.03976821899414,15.830214500427246,144.79322814941406,62.648590087890625,57.28191375732422,123.40967559814453,48.603824615478516,173.1871795654297,81.85697937011719,121.76399230957031,32.38560485839844,94.20767974853516
2024-01-03,32.97306442260742,32.14414596557617,111.06575775146484,,136.96197509765625,43.457603454589844,114.52635955810547,37.38372802734375,72.57109069824219,147.41143798828125,34.46384811401367,16.025535583496094,150.04861450195312,63.28372573852539,57.816097259521484,124.75138854980469,49.230308532714844,172.2125701904297,83.11674499511719,124.63428497314453,33.105892181396484,94.99919891357422
2024-01-04,30.55055046081543,31.50922203063965,107.87075805664062,,135.4604949951172,42.36211013793945,110.89757537841797,36.872154235839844,71.6585922241211,143.40794372558594,33.71934509277344,15.936752319335938,145.78160095214844,62.51628112792969,56.3947868347168,124.31946563720703,48.33266067504883,167.34701538085938,81.69595336914062,121.43780517578125,32.65913009643555,94.1708755493164
2024-01-05,30.810749053955078,31.670310974121094,107.91706848144531,,135.22669982910156,42.64990234375,110.31111145019531,37.36442184448242,73.74427795410156,143.527587890625,33.89840316772461,15.998903274536133,144.92630004882812,63.15140151977539,56.223079681396484,124.28271484375,48.491615295410156,167.85971069335938,81.26023864746094,120.21700286865234,32.412960052490234,94.45619201660156
2024-01-08,30.263437271118164,30.741628646850586,106.03710174560547,,134.41748046875,42.26926040649414,107.9194107055664,36.88180160522461,73.3299331665039,143.35272216796875,33.18217086791992,16.07880973815918,148.4995574951172,62.86912155151367,55.58396911621094,123.00534057617188,47.0516471862793,165.8651580810547,79.89627075195312,120.46863555908203,32.50413513183594,92.88236999511719
2024-01-09,29.58155059814453,29.96455955505371,104.42572784423828,,131.00086975097656,41.56370162963867,106.36161804199219,36.746665954589844,72.95283508300781,140.59169006347656,32.52248764038086,16.025535583496094,146.64639282226562,62.092864990234375,54.81130599975586,122.41716003417969,45.40595626831055,165.34165954589844,79.18586730957031,118.51160430908203,32.29442596435547,91.73192596435547
2024-01-10,29.222658157348633,29.59497833251953,102.96250915527344,,129.92193603515625,40.79313659667969,105.37193298339844,36.3991813659668,71.86343383789062,139.30319213867188,32.107826232910156,15.936752319335938,145.24940490722656,62.507450103759766,54.18172073364258,118.92506408691406,45.3031120300293,163.22299194335938,79.38478088378906,116.2750015258789,32.12118911743164,90.8299789428711
2024-01-11,29.123958587646484,29.538116455078125,102.7957992553711,,130.6232452392578,40.46820831298828,105.36277770996094,35.76212692260742,74.13536834716797,139.330810546875,32.220916748046875,15.839092254638672,147.67276000976562,61.85468292236328,54.496517181396484,119.72457122802734,45.630367279052734,162.80526733398438,78.83541107177734,119.28509521484375,31.710905075073242,90.81156158447266
2024-01-12,29.195737838745117,29.869794845581055,103.44405364990234,,132.4124755859375,39.70693588256836,106.34327697753906,36.50536346435547,77.1614761352539,141.58567810058594,32.49421691894531,15.954508781433105,149.63998413085938,62.32220458984375,55.38364791870117,122.10472869873047,46.7056770324707,165.26612854003906,79.39425659179688,122.54679870605469,31.838544845581055,91.98963928222656
2024-01-16,28.05626106262207,29.064294815063477,100.6102294921875,,129.1936492919922,38.69499969482422,103.57247924804688,35.0381965637207,73.24148559570312,139.11915588378906,31.580081939697266,15.821335792541504,146.46583557128906,61.39596939086914,54.01002502441406,118.98019409179688,45.162841796875,159.21337890625,78.17237854003906,120.49658966064453,31.519433975219727,89.90963745117188
2024-01-17,27.643535614013672,29.17801284790039,99.61930847167969,,128.68113708496094,38.147254943847656,102.17784118652344,34.71001434326172,71.68653106689453,137.8490753173828,31.325634002685547,15.590494155883789,144.4511260986328,60.91962432861328,53.62847137451172,117.87742614746094,44.779476165771484,158.80967712402344,77.18729400634766,117.71015930175781,30.990617752075195,89.25618743896484
2024-01-18,27.526897430419922,29.253826141357422,99.02662658691406,,127.51232147216797,38.137962341308594,101.6791000366211,33.98609161376953,71.09062194824219,137.81227111816406,31.391603469848633,15.368535041809082,144.26104736328125,62.851478576660156,53.86693572998047,117.32603454589844,45.40595626831055,160.20956420898438,78.22919464111328,117.38398742675781,30.862966537475586,89.09051513671875
2024-01-19,27.47262191772461,29.09272575378418,99.89715576171875,,127.88996124267578,38.035850524902344,101.75300598144531,34.10191345214844,70.70885467529297,139.02711486816406,32.01358413696289,15.270875930786133,145.3824462890625,61.784122467041016,53.81924057006836,118.6309814453125,46.41581726074219,160.56468200683594,78.13449096679688,119.4342041015625,30.872093200683594,89.22856140136719
2024-01-22,27.780187606811523,29.358068466186523,100.0730972290039,,128.11474609375,38.23080062866211,102.18708038330078,34.15017318725586,70.12224578857422,139.83700561523438,32.44710159301758,15.235361099243164,146.7699737548828,61.201908111572266,54.1245002746582,119.1548080444336,47.38825988769531,160.7082061767578,79.38478088378906,120.32884216308594,30.97237777709961,89.10891723632812
2024-01-23,27.906827926635742,29.879270553588867,100.00827026367188,,127.75505828857422,38.34221267700195,101.93771362304688,34.03434371948242,69.7311782836914,139.40447998046875,33.26699447631836,15.164331436157227,146.32325744628906,60.849063873291016,54.11495590209961,120.48731231689453,47.145145416259766,160.91001892089844,78.83541107177734,120.31952667236328,30.954145431518555,90.11209869384766
2024-01-24,28.377222061157227,28.4672794342041,101.5641098022461,,130.29953002929688,38.63928985595703,103.52630615234375,34.420440673828125,71.17440795898438,140.9966583251953,34.70887756347656,14.995640754699707,147.39715576171875,60.743194580078125,54.668216705322266,122.83988189697266,48.31395721435547,162.4890594482422,79.5457992553711,121.2887191772461,31.02707862854004,91.6675033569336
2024-01-25,28.983299255371094,28.713665008544922,103.76819610595703,,133.58132934570312,39.446990966796875,106.075439453125,34.80654525756836,72.02173614501953,143.86813354492188,34.869083404541016,15.386292457580566,149.45941162109375,62.0046501159668,55.33594512939453,126.4974365234375,49.0620002746582,161.29428100585938,81.4496841430664,125.3052749633789,31.40090560913086,93.9959945678711
2024-01-26,29.046627044677734,28.884244918823242,103.93488311767578,,134.0937957763672,39.56767654418945,106.71272277832031,34.63279724121094,72.17073059082031,143.79449462890625,35.368553161621094,15.483955383300781,152.54800415039062,62.136962890625,55.707977294921875,128.85923767089844,49.48276901245117,160.67581176757812,82.22637176513672,128.5203857421875,31.79296112060547,94.79671478271484
2024-01-29,28.82952117919922,28.42937469482422,103.35145568847656,,134.03988647460938,39.70693588256836,106.17703247070312,34.57488250732422,72.14276885986328,142.52439880371094,35.048133850097656,15.421807289123535,152.18685913085938,62.31590270996094,55.53627395629883,127.82078552246094,49.74458312988281,164.1468963623047,81.91380310058594,128.9583740234375,31.73825454711914,94.9163589477539
2024-01-30,29.327043533325195,27.80392837524414,105.62036895751953,,134.97494506835938,40.21754455566406,107.85798645019531,34.89341354370117,73.66980743408203,144.4295196533203,34.690025329589844,15.532818794250488,161.45265197753906,62.47694778442383,56.18492889404297,130.8717803955078,46.144649505615234,162.31849670410156,82.92367553710938,132.22938537597656,32.093841552734375,96.49937438964844
2024-01-31,28.341035842895508,27.007904052734375,103.60150146484375,,132.55636596679688,39.01064682006836,105.09642028808594,34.16948699951172,71.79825592041016,141.49366760253906,33.596832275390625,15.271081924438477,157.37571716308594,61.063323974609375,54.91623306274414,132.61785888671875,45.536865234375,157.7228240966797,80.94204711914062,130.426513671875,31.601491928100586,94.62184143066406
2024-02-01,27.86159896850586,27.1310977935791,103.147705078125,,132.96994018554688,38.806396484375,103.9973373413086,33.84130096435547,71.63066864013672,140.55487060546875,33.389503479003906,15.370360374450684,159.2098846435547,61.26911163330078,54.67776107788086,133.7573699951172,45.8173828125,156.45895385742188,81.97097778320312,129.85372924804688,31.79296112060547,94.23529052734375
2024-02-02,27.355026245117188,27.472251892089844,102.45313262939453,,136.88108825683594,38.34221267700195,102.38104248046875,33.82199478149414,71.31407928466797,138.2540283203125,32.76751708984375,15.307180404663086,158.06947326660156,61.0991096496582,54.410667419433594,133.68385314941406,45.8173828125,155.21990966796875,81.91380310058594,129.4405517578125,31.729135513305664,93.8487548828125
2024-02-05,26.966045379638672,27.292194366455078,101.84192657470703,,136.96197509765625,37.775901794433594,101.27272033691406,32.99188995361328,70.15948486328125,137.70181274414062,32.54133224487305,15.045446395874023,162.62156677246094,60.920162200927734,54.35342788696289,135.31045532226562,45.396610260009766,154.23129272460938,81.52320098876953,131.84442138671875,31.391786575317383,93.46221160888672
2024-02-06,27.608312606811523,27.851308822631836,103.27735137939453,,136.97998046875,38.137962341308594,103.33233642578125,33.04015350341797,70.79266357421875,139.8830108642578,32.814632415771484,15.063496589660645,158.36404418945312,60.78596878051758,54.91623306274414,134.0881805419922,45.14741516113281,155.89877319335938,82.14247131347656,129.4217987060547,31.27325439453125,94.1064453125
2024-02-07,27.635448455810547,27.595447540283203,104.01822662353516,,136.7821807861328,38.351497650146484,103.92344665527344,33.04015350341797,70.8019790649414,139.38601684570312,32.7392463684082,15.027395248413086,161.1675567626953,61.322792053222656,54.96392822265625,134.65798950195312,44.62080383300781,160.90896606445312,82.93321228027344,132.56741333007812,31.26414680480957,94.07881927490234
2024-02-08,27.563077926635742,27.78497314453125,105.48146057128906,,138.51747131347656,39.372718811035156,104.42220306396484,33.542076110839844,71.9472427368164,141.25433349609375,33.01253890991211,15.009340286254883,161.2530975341797,61.70750427246094,55.374107360839844,134.9244842529297,44.940528869628906,159.934326171875,83.7430191040039,133.1496124267578,31.036211013793945,95.68946838378906
2024-02-09,27.020322799682617,27.538585662841797,102.9439697265625,,135.8021240234375,38.61144256591797,102.56576538085938,33.13667678833008,71.53754425048828,139.6529541015625,32.52248764038086,14.991291999816895,161.52870178222656,61.77013397216797,54.82084655761719,133.8584747314453,44.27286911010742,158.23875427246094,82.9713134765625,134.332763671875,31.02707862854004,93.66468811035156
2024-02-12,27.572126388549805,28.159038543701172,102.8884048461914,,136.73721313476562,39.21488952636719,104.2282485961914,33.7158203125,72.2172622680664,152.75863647460938,32.54133224487305,15.14472484588623,160.50233459472656,62.83483123779297,55.35503387451172,132.7465057373047,45.26966094970703,158.2646484375,84.32416534423828,133.83506774902344,31.501197814941406,94.95317840576172
2024-02-13,26.803218841552734,27.69131088256836,101.6567153930664,,135.40652465820312,38.89924240112305,102.54728698730469,32.9146728515625,71.16510009765625,152.40890502929688,32.09840774536133,14.955190658569336,161.44313049316406,62.163814544677734,54.95438766479492,133.3989715576172,44.74304962158203,153.75205993652344,84.2574691772461,132.9336395263672,31.036211013793945,94.13573455810547
2024-02-14,26.957002639770508,27.538585662841797,101.98084259033203,,135.77517700195312,38.843536376953125,102.52882385253906,31.814302444458008,70.62506866455078,156.32957458496094,32.23033905029297,14.955190658569336,161.44313049316406,61.832763671875,54.6586799621582,133.44496154785156,44.902915954589844,155.0623016357422,84.1622085571289,132.43594360351562,30.133562088012695,93.6712875366211
2024-02-15,28.26866912841797,27.872676849365234,103.52911376953125,,140.39248657226562,40.09685516357422,105.52127838134766,33.291114807128906,72.71074676513672,164.29977416992188,33.304691314697266,15.316206932067871,162.80213928222656,63.577430725097656,57.339149475097656,134.51092529296875,45.68342971801758,160.55386352539062,88.85904693603516,133.32801818847656,31.172962188720703,96.35582733154297
2024-02-16,28.558137893676758,27.824947357177734,103.12805938720703,,140.54702758789062,40.34751510620117,104.88398742675781,33.647953033447266,73.30667877197266,165.1280517578125,33.27641677856445,15.442564964294434,161.56668090820312,64.40950775146484,57.730247497558594,133.11325073242188,45.674015045166016,163.17117309570312,92.3554916381836,131.02745056152344,31.28238296508789,96.35582733154297
2024-02-20,28.02442741394043,27.729494094848633,102.16736602783203,,139.97438049316406,40.30109786987305,104.48684692382812,32.707366943359375,72.30107116699219,163.87640380859375,33.106781005859375,15.39743709564209,156.89210510253906,64.14109802246094,56.81450271606445,130.64186096191406,45.62699890136719,160.92298889160156,91.80290985107422,126.79259490966797,31.100027084350586,95.44550323486328
2024-02-21,28.440542221069336,28.006311416625977,105.27325439453125,,141.28323364257812,40.95096969604492,107.47007751464844,36.169132232666016,78.07396697998047,165.43177795410156,33.106781005859375,15.722355842590332,158.5728302001953,65.60841369628906,57.682552337646484,132.87258911132812,46.27585983276367,164.31199645996094,92.86043548583984,128.78326416015625,31.61972999572754,97.3962173461914
2024-02-22,27.336931228637695,27.872676849365234,104.66700744628906,,141.27415466308594,40.82099151611328,107.50702667236328,36.18851852416992,77.54325103759766,162.65232849121094,33.26699447631836,15.577946662902832,160.1962890625,65.95734405517578,57.73979187011719,135.71424865722656,46.322879791259766,168.74148559570312,93.70833587646484,131.25283813476562,31.820314407348633,97.31260681152344
2024-02-23,27.165056228637695,28.531309127807617,104.00479888916016,,140.57427978515625,40.7374382019043,103.31388092041016,35.88792037963867,76.28622436523438,162.31179809570312,33.18217086791992,15.568920135498047,161.90570068359375,65.28630828857422,57.253299713134766,136.1678009033203,45.909114837646484,168.5191650390625,92.44123840332031,132.9430389404297,31.856775283813477,96.45800018310547
2024-02-26,26.79417610168457,28.48358154296875,104.8535385131836,,140.38340759277344,40.6910285949707,103.48936462402344,35.62610626220703,76.3327865600586,163.00205993652344,32.899452209472656,15.460614204406738,164.67510986328125,65.23262786865234,57.682552337646484,137.27853393554688,45.66461944580078,168.39720153808594,92.94615936279297,136.2388916015625,31.656198501586914,96.8388671875
2024-02-27,27.318843841552734,28.369037628173828,104.09805297851562,,138.30197143554688,41.14592742919922,105.2349624633789,35.41278076171875,76.29554748535156,163.77516174316406,32.946571350097656,15.496719360351562,163.4241180419922,66.53889465332031,57.80656051635742,134.5294647216797,45.570579528808594,171.29730224609375,92.4888687133789,134.25759887695312,31.947969436645508,96.63450622558594
2024-02-28,27.09269142150879,28.13994789123535,104.49911499023438,,138.46559143066406,40.87669372558594,105.4473876953125,35.47096252441406,76.39797973632812,165.44097900390625,32.93715286254883,15.478667259216309,159.6328887939453,66.53889465332031,57.482234954833984,130.73439025878906,45.28846740722656,166.4587860107422,92.79374694824219,130.7176055908203,32.1485481262207,96.90389251708984
2024-02-29,26.947956085205078,28.244949340820312,104.96546936035156,,138.1656494140625,40.904544830322266,105.7152328491211,36.023681640625,77.07769012451172,167.98114013671875,33.050235748291016,15.695274353027344,161.6096649169922,67.20991516113281,57.816097259521484,131.90992736816406,45.448333740234375,170.4234161376953,93.5940170288086,132.83033752441406,32.7685432434082,97.08966064453125
2024-03-01,27.508806228637695,28.598129272460938,106.5510482788086,,138.89279174804688,41.21091079711914,107.22994995117188,35.88792037963867,77.10562133789062,170.4200439453125,33.587406158447266,15.758455276489258,165.41043090820312,67.21886444091797,58.531532287597656,133.4742431640625,46.407508850097656,169.37411499023438,94.64198303222656,134.539306640625,33.18795394897461,98.31582641601562
2024-03-04,27.165056228637695,28.092222213745117,104.12603759765625,,135.32069396972656,41.19234085083008,106.98057556152344,36.4018440246582,76.74248504638672,167.42510986328125,33.153907775878906,15.857736587524414,165.92611694335938,68.498291015625,57.882877349853516,133.52976989746094,46.47334289550781,166.4068603515625,96.21394348144531,135.87269592285156,33.16059494018555,96.9410400390625
2024-03-05,27.554033279418945,28.798582077026367,103.73429870605469,,135.96603393554688,41.85149383544922,107.32229614257812,36.83821105957031,77.20804595947266,168.5201416015625,33.31488800048828,15.993117332458496,167.2821807861328,69.35720825195312,57.7874870300293,135.23292541503906,46.69902801513672,163.963134765625,97.67158508300781,135.5065155029297,33.452354431152344,98.13005828857422
2024-03-06,27.70781898498535,29.170854568481445,104.45247650146484,,134.82080078125,42.19499969482422,107.59014892578125,36.450340270996094,76.80955505371094,169.568359375,33.47587203979492,16.0833740234375,167.29171752929688,69.41983032226562,58.27397537231445,135.8530731201172,47.04696273803711,160.68971252441406,99.35789489746094,135.62855529785156,33.30647659301758,99.17971801757812
2024-03-07,27.635448455810547,29.42858123779297,105.15199279785156,,135.76608276367188,42.60348892211914,108.84622955322266,36.13033676147461,76.44387817382812,171.09388732910156,34.27133560180664,16.128501892089844,170.9110870361328,69.2856216430664,58.44629669189453,138.11158752441406,47.75225067138672,162.4399871826172,99.77708435058594,139.93856811523438,33.1817626953125,99.73706817626953
2024-03-08,27.870643615722656,29.20903778076172,105.39450073242188,,136.22964477539062,42.85415267944336,109.64977264404297,36.3824577331543,76.89393615722656,171.5431365966797,34.290287017822266,16.09239959716797,171.46495056152344,69.03512573242188,58.20696258544922,138.23193359375,47.3949089050293,165.26341247558594,98.9196548461914,140.40805053710938,33.301856994628906,100.67526245117188
2024-03-11,28.223438262939453,29.877216339111328,107.4930648803711,,138.15652465820312,43.32762145996094,111.58932495117188,33.56068801879883,78.15033721923828,172.67559814453125,34.716426849365234,16.218753814697266,173.2412109375,69.15142822265625,58.89625549316406,138.3707733154297,48.4575309753418,168.00027465820312,99.6532211303711,141.35641479492188,33.84688186645508,101.269775390625
2024-03-12,28.440542221069336,30.058578491210938,107.27853393554688,,138.0565948486328,43.24407196044922,111.6077880859375,33.473411560058594,78.5160140991211,172.69432067871094,34.80165100097656,16.191679000854492,173.0406494140625,69.47350311279297,58.53246307373047,139.185302734375,48.49515151977539,170.4288330078125,100.55829620361328,141.53485107421875,33.930023193359375,100.61952209472656
2024-03-13,29.453693389892578,30.306760787963867,109.63827514648438,,139.8743896484375,44.01462936401367,113.20565032958984,32.9788818359375,79.659912109375,175.5394744873047,34.59331512451172,16.14655113220215,180.38436889648438,68.99932098388672,59.41322708129883,142.9803466796875,49.43552017211914,173.78233337402344,101.38716125488281,148.95291137695312,34.1240119934082,101.74352264404297
2024-03-14,29.372278213500977,30.48812484741211,111.71817016601562,,141.5195770263672,44.8486328125,114.33243560791016,32.7558479309082,79.13484954833984,177.35513305664062,35.61606216430664,15.84870719909668,180.47030639648438,68.99037170410156,59.911048889160156,142.89703369140625,50.05616760253906,177.71343994140625,100.64403533935547,149.6665496826172,34.06858444213867,103.54558563232422
2024-03-15,28.94711685180664,30.85085105895996,111.960693359375,,141.3832244873047,44.62372970581055,113.40882110595703,32.416465759277344,78.26284790039062,177.76693725585938,35.72970199584961,15.884814262390137,185.11148071289062,68.89196014404297,59.978065490722656,147.201171875,49.71763610839844,180.27505493164062,100.95844268798828,153.71360778808594,34.179443359375,103.35980987548828
2024-03-18,29.254676818847656,30.917667388916016,112.16587829589844,,141.25599670410156,44.48316955566406,114.12922668457031,32.38737106323242,78.27223205566406,177.87924194335938,35.710758209228516,15.92091178894043,184.76766967773438,69.59876251220703,60.504600524902344,145.10003662109375,50.2442512512207,180.6655731201172,102.28270721435547,156.14559936523438,34.382667541503906,104.31659698486328
2024-03-19,29.97835350036621,31.70993995666504,113.8073959350586,,142.35577392578125,45.38276672363281,115.11747741699219,32.54252243041992,79.3786392211914,180.27517700195312,36.43047332763672,16.18265151977539,187.7185516357422,70.13558959960938,61.32792282104492,145.3129119873047,51.23163986206055,182.3855743408203,103.94993591308594,157.17849731445312,34.87226867675781,105.05042266845703
2024-03-20,30.566347122192383,31.87221336364746,113.7048110961914,,140.4743194580078,45.55144500732422,116.09648895263672,32.79463577270508,80.81317901611328,180.5372314453125,36.19371795654297,16.272907257080078,188.8454132080078,70.61872863769531,61.06944274902344,146.95126342773438,51.15640640258789,183.01300048828125,103.9213638305664,159.22549438476562,34.98311233520508,104.95755004882812
2024-03-21,30.674898147583008,32.22539138793945,115.19711303710938,,140.75607299804688,45.47647476196289,116.44747161865234,33.318267822265625,80.86943054199219,181.94110107421875,36.420997619628906,16.345111846923828,190.2397003173828,71.10187530517578,61.20347213745117,147.2474365234375,51.19402313232422,183.89573669433594,105.76007843017578,160.5494842529297,35.50042724609375,105.4219741821289
2024-03-22,30.2678279876709,31.91994285583496,114.74942016601562,,140.57427978515625,45.326541900634766,115.30220031738281,33.318267822265625,80.92568969726562,182.22189331054688,36.354705810546875,16.29998207092285,191.15643310546875,70.70819091796875,61.088592529296875,147.58995056152344,50.77085494995117,182.3715362548828,105.65528106689453,159.29122924804688,35.33415222167969,105.4219741821289
2024-03-25,31.290023803710938,31.77676010131836,117.73404693603516,,142.2194366455078,45.96375274658203,117.528076171875,33.764312744140625,81.36636352539062,183.99072265625,36.76191329956055,16.218753814697266,190.83177185058594,70.96766662597656,61.79703140258789,144.8223419189453,51.07177734375,186.55686950683594,106.33171081542969,158.21142578125,35.297203063964844,106.49951934814453
2024-03-26,29.7431640625,31.337671279907227,117.51020812988281,,141.12872314453125,45.720115661621094,116.17037963867188,33.890380859375,80.38188171386719,181.80072021484375,36.27894592285156,16.164602279663086,188.49208068847656,70.38611602783203,60.619483947753906,144.95191955566406,50.84608459472656,181.64785766601562,105.4171142578125,157.0470428466797,35.186344146728516,105.70066833496094
2024-03-27,30.493972778320312,31.585853576660156,118.30298614501953,,142.11038208007812,46.347957611083984,116.7337875366211,34.976417541503906,82.25709533691406,183.9346160888672,36.77137756347656,16.381210327148438,188.11962890625,71.21817016601562,61.461952209472656,147.13638305664062,51.62659454345703,187.03610229492188,105.7981948852539,157.57289123535156,35.60204315185547,106.7967758178711
2024-03-28,31.10006332397461,31.977218627929688,118.71337890625,,143.37379455566406,47.02265930175781,118.07299041748047,35.94610595703125,83.28848266601562,185.46949768066406,37.33009719848633,16.552696228027344,192.42654418945312,71.7281494140625,62.21826934814453,151.1905975341797,51.541961669921875,187.7435760498047,106.69374084472656,160.27719116210938,35.999263763427734,107.97650146484375
2024-04-01,32.04988479614258,31.91994285583496,120.01914978027344,,144.5917205810547,47.74420166015625,119.84630584716797,35.98488235473633,84.15108489990234,186.66744995117188,37.81306457519531,16.61587142944336,195.2055206298828,71.31659698486328,63.548980712890625,151.1905975341797,51.927520751953125,185.33555603027344,106.9223861694336,162.10821533203125,35.90687942504883,108.67316436767578
2024-04-02,31.968467712402344,32.06311798095703,121.87521362304688,,145.2279815673828,48.372047424316406,122.1368408203125,35.75216293334961,83.41975402832031,187.5284881591797,37.794124603271484,16.624900817871094,201.8616943359375,71.5760726928711,64.39144897460938,156.88314819335938,51.419715881347656,186.8186798095703,107.93226623535156,166.4088134765625,36.30410385131836,110.80037689208984
2024-04-03,31.85087776184082,32.339942932128906,122.77061462402344,,145.82789611816406,49.44969177246094,123.5592041015625,36.06246566772461,84.66678619384766,190.19583129882812,38.67481994628906,16.742231369018555,205.2804718017578,71.71025848388672,64.822265625,159.8636474609375,51.5889778137207,190.46636962890625,110.51409149169922,169.36666870117188,36.35028839111328,110.81896209716797
2024-04-04,32.04988479614258,32.37812042236328,122.8825454711914,,146.05511474609375,49.234161376953125,123.79009246826172,35.645503997802734,83.74791717529297,188.16490173339844,38.4948844909668,16.633926391601562,206.5123748779297,70.87818908691406,64.74567413330078,157.984619140625,51.03416061401367,193.79603576660156,108.95166778564453,169.59202575683594,36.128597259521484,111.20911407470703
2024-04-05,32.3303108215332,32.750396728515625,124.53338623046875,,146.88223266601562,49.91823959350586,125.55416107177734,35.373992919921875,83.92606353759766,191.225341796875,39.053611755371094,16.660999298095703,209.26271057128906,71.26290130615234,66.29659271240234,158.04940795898438,51.748844146728516,193.4910125732422,110.48551940917969,172.20245361328125,36.239444732666016,112.74180603027344
2024-04-08,31.697097778320312,32.6931266784668,123.50743865966797,,146.58226013183594,50.06816482543945,125.10160064697266,35.72307586669922,84.56364440917969,193.3311309814453,38.788455963134766,16.57074546813965,207.20950317382812,71.55816650390625,65.79875183105469,156.01307678222656,50.817874908447266,187.9415283203125,110.48551940917969,169.85494995117188,35.98078536987305,111.9801025390625
2024-04-09,31.5614070892334,32.63584899902344,123.348876953125,,147.24578857421875,50.733482360839844,126.58857727050781,36.79942321777344,84.30111694335938,192.35777282714844,38.807395935058594,16.679052352905273,202.56834411621094,71.45975494384766,65.62643432617188,153.1066131591797,50.94012451171875,191.2809295654297,108.99929809570312,165.50741577148438,36.24868392944336,112.56531524658203
2024-04-10,31.70613670349121,32.59766387939453,123.8805160522461,,147.8547821044922,51.080204010009766,127.41058349609375,36.56669998168945,84.38549041748047,193.01290893554688,38.93050003051758,16.489519119262695,201.70887756347656,70.73503875732422,65.99980163574219,152.875244140625,50.96833801269531,192.8419189453125,109.25651550292969,164.98158264160156,35.91611862182617,113.5127944946289
2024-04-11,31.118154525756836,32.444942474365234,123.97379302978516,,147.14581298828125,50.50859069824219,126.78253936767578,36.35336685180664,82.49150848388672,194.91282653808594,38.7695198059082,16.561721801757812,202.7115936279297,70.98554992675781,66.30615997314453,153.1066131591797,50.78025817871094,195.21099853515625,109.87577819824219,166.23980712890625,35.657470703125,113.13194274902344
2024-04-12,30.503021240234375,31.54766273498535,122.36954498291016,,144.48265075683594,50.05879211425781,124.95381927490234,36.120643615722656,83.06346893310547,193.1158905029297,37.56684875488281,16.363161087036133,199.36920166015625,70.4129409790039,66.06682586669922,150.40380859375,48.89950942993164,196.57403564453125,109.26605224609375,162.9533233642578,35.17710876464844,111.81289672851562
2024-04-15,29.99644660949707,30.974943161010742,121.48348236083984,,143.23744201660156,49.3653564453125,123.1034164428711,35.41278076171875,82.09770202636719,192.18934631347656,37.027069091796875,16.218753814697266,197.69796752929688,69.6524429321289,65.4253921508789,148.8580322265625,48.58918762207031,189.49603271484375,108.9325942993164,160.25839233398438,34.95540237426758,111.17194366455078
2024-04-16,29.399415969848633,30.640850067138672,120.81194305419922,,142.0467529296875,48.89681625366211,123.63343811035156,35.10247802734375,81.8258056640625,190.87905883789062,36.40205383300781,15.96604061126709,194.68028259277344,68.9635238647461,63.970218658447266,146.13670349121094,48.344688415527344,190.47610473632812,108.67536926269531,158.68089294433594,34.77988815307617,110.2523193359375
2024-04-17,29.182308197021484,30.564489364624023,119.69271087646484,,142.15582275390625,48.41890335083008,123.11267852783203,34.94733428955078,81.71328735351562,188.25848388671875,36.02326583862305,16.029220581054688,193.34335327148438,69.50035095214844,63.16604232788086,145.55357360839844,47.78046417236328,189.83677673339844,106.9223861694336,157.07521057128906,34.80760955810547,110.19657897949219
2024-04-18,29.33609390258789,30.736309051513672,119.20771789550781,,143.21923828125,48.19401168823242,122.5176010131836,35.12187957763672,81.8726806640625,186.807861328125,36.600921630859375,16.435365676879883,186.23834228515625,69.6792984008789,63.22348403930664,141.90663146972656,47.9027099609375,189.00601196289062,106.4936752319336,152.5774383544922,34.71522903442383,110.09441375732422
2024-04-19,29.500185012817383,31.11812400817871,120.67205047607422,,145.42794799804688,48.56884002685547,123.82868957519531,35.53883743286133,82.05082702636719,187.87478637695312,37.00812530517578,17.00396728515625,187.53709411621094,71.24501037597656,63.788326263427734,143.20248413085938,46.87770462036133,189.07089233398438,107.57975769042969,153.8920135498047,35.57432556152344,111.35772705078125
2024-04-22,29.600465774536133,30.984485626220703,120.62540435791016,,147.173095703125,48.84996795654297,124.50748443603516,36.81882095336914,82.89469146728516,189.59686279296875,36.66721725463867,16.985919952392578,189.3229217529297,71.49554443359375,64.14254760742188,145.36843872070312,46.55796813964844,190.11265563964844,108.42765045166016,155.7794189453125,35.712890625,111.98937225341797
2024-04-23,29.226699829101562,31.499937057495117,121.10107421875,,148.0183868408203,49.26227569580078,125.34435272216797,36.828514099121094,83.00718688964844,191.2721405029297,36.544105529785156,16.931764602661133,190.65985107421875,71.88919830322266,64.51591491699219,147.0253143310547,46.59558868408203,190.76168823242188,110.52363586425781,157.3193817138672,35.82374954223633,112.42596435546875
2024-04-24,29.21758270263672,31.1849422454834,120.57878112792969,,148.67282104492188,48.821842193603516,126.08824920654297,38.23455810546875,85.0324478149414,192.0863800048828,36.66721725463867,16.976892471313477,190.17283630371094,72.426025390625,64.45846557617188,146.0533905029297,46.181827545166016,191.15113830566406,111.37154388427734,156.81227111816406,36.25791549682617,112.44454193115234
2024-04-25,29.500185012817383,31.786300659179688,121.35291290283203,,150.22708129882812,49.29975128173828,125.86508178710938,39.18484115600586,85.76378631591797,193.82717895507812,36.66721725463867,16.96786880493164,190.52618408203125,72.81074523925781,64.98501586914062,145.5443115234375,46.49214553833008,192.12794494628906,112.11463928222656,156.9343719482422,36.44267272949219,112.70465087890625
2024-04-26,29.618701934814453,31.347217559814453,121.47416687011719,,150.78150939941406,49.393463134765625,126.18121337890625,39.37877655029297,86.31697845458984,194.4448699951172,36.49675750732422,16.859561920166016,189.4565887451172,72.52442932128906,64.88927459716797,140.14794921875,46.266456604003906,193.3125,111.33342742919922,155.68551635742188,36.26715087890625,109.57422637939453
2024-04-29,29.828371047973633,31.70993995666504,121.45550537109375,,151.1814422607422,49.74018096923828,126.69265747070312,39.80543899536133,87.16083526611328,192.66665649414062,36.818729400634766,17.050235748291016,191.4811248779297,72.84652709960938,65.32009887695312,140.2682647705078,46.27585983276367,195.49658203125,112.37858581542969,157.2911834716797,36.22096633911133,111.1347885131836
2024-04-30,28.66149139404297,31.1372127532959,117.16510772705078,,146.58226013183594,47.95973587036133,122.86166381835938,38.874542236328125,84.27298736572266,188.2397918701172,35.483482360839844,16.756893157958984,173.53724670410156,71.6600570678711,63.31922149658203,132.557861328125,44.64900588989258,187.02635192871094,109.36775970458984,150.1172637939453,35.43576431274414,109.8621826171875
2024-05-01,27.804563522338867,30.440397262573242,115.97125244140625,,145.09165954589844,47.22882080078125,120.83456420898438,37.48789978027344,81.2726058959961,183.4479217529297,34.403926849365234,16.7110595703125,170.9110870361328,69.66748046875,61.7012939453125,129.78103637695312,44.34809494018555,181.3114013671875,107.78563690185547,146.16407775878906,35.001590728759766,107.78143310546875
2024-05-02,26.601219177246094,30.478580474853516,114.02192687988281,,146.0914764404297,47.17258834838867,122.55479431152344,38.28303909301758,81.37574768066406,184.96409606933594,34.754302978515625,16.921894073486328,174.71185302734375,69.69464111328125,61.902339935302734,133.16879272460938,44.74304962158203,181.2692108154297,108.34178161621094,147.74159240722656,35.60204315185547,107.97650146484375
2024-05-03,26.674150466918945,30.670753479003906,114.0032730102539,,145.65518188476562,47.360008239746094,120.899658203125,39.04908752441406,81.26322174072266,188.58607482910156,34.78271484375,17.022729873657227,174.3298797607422,69.94824981689453,61.64384841918945,132.92813110351562,44.81827926635742,182.2622833251953,107.68975830078125,147.27210998535156,35.722129821777344,107.75355529785156
2024-05-06,27.275821685791016,30.747623443603516,115.23442840576172,,147.5184783935547,47.65987777709961,121.32737731933594,39.79574203491211,83.52288818359375,191.10366821289062,34.96263885498047,17.059398651123047,174.5495147705078,70.70905303955078,62.24697494506836,134.3258056640625,45.10039138793945,185.4491424560547,108.15959167480469,148.5491180419922,36.0824089050293,108.45024108886719
2024-05-07,27.585773468017578,30.882139205932617,115.22510528564453,,147.8547821044922,47.772315979003906,121.12279510498047,39.43362045288086,83.0915756225586,190.62635803222656,35.22779083251953,17.20606803894043,172.77325439453125,70.98076629638672,62.29484558105469,134.40911865234375,45.29786682128906,184.8909454345703,108.18836212158203,147.11245727539062,36.128597259521484,107.91146850585938
2024-05-08,27.813678741455078,30.651533126831055,114.77740478515625,,147.7366180419922,47.378746032714844,120.72298431396484,38.84956741333008,82.85718536376953,190.19583129882812,35.07627487182617,17.242733001708984,172.78282165527344,71.67816162109375,60.96413040161133,136.0104217529297,45.00635528564453,182.8723907470703,107.8239974975586,147.4880828857422,36.32258605957031,107.89289855957031
2024-05-09,28.150981903076172,31.497100830078125,115.0851821899414,,150.38157653808594,47.65049743652344,121.40177917480469,38.95664978027344,82.79154205322266,190.66378784179688,35.49295425415039,17.426071166992188,174.69276428222656,72.48424530029297,61.500247955322266,136.73240661621094,45.589385986328125,199.6602783203125,108.91708374023438,149.17823791503906,36.56276321411133,110.02010345458984
2024-05-10,27.69516372680664,31.07431411743164,114.42816162109375,,150.7178955078125,46.9664306640625,120.97405242919922,37.895606994628906,81.6851577758789,189.23187255859375,35.10468292236328,17.490238189697266,171.47451782226562,72.52047729492188,60.858829498291016,134.77011108398438,45.60819625854492,202.41555786132812,108.54313659667969,146.60540771484375,36.618186950683594,109.57422637939453
2024-05-13,27.531078338623047,31.14157485961914,114.12779235839844,,149.54537963867188,46.760276794433594,120.3231430053711,38.73275375366211,82.87593841552734,187.90286254882812,35.36037063598633,17.55440902709961,169.85107421875,73.00049591064453,60.22697067260742,134.28878784179688,45.843292236328125,196.43121337890625,108.26507568359375,146.41761779785156,36.636661529541016,109.52777099609375
2024-05-14,27.503725051879883,31.35296630859375,113.6115493774414,,148.7091522216797,46.69468307495117,120.35104370117188,39.6283073425293,85.14495086669922,187.19398498535156,35.56871032714844,17.792743682861328,166.65188598632812,73.97867584228516,60.37057113647461,134.0758819580078,45.721038818359375,197.21009826660156,109.72254943847656,146.41761779785156,37.28329849243164,110.19266510009766
2024-05-15,27.841026306152344,31.641225814819336,113.29241180419922,,148.20016479492188,46.58222579956055,120.03488159179688,39.842464447021484,86.23650360107422,185.95579528808594,35.37931442260742,17.91191291809082,165.6588134765625,73.91529083251953,60.67692947387695,135.3347625732422,45.42951965332031,195.21749877929688,110.82522583007812,148.08901977539062,37.384918212890625,111.04483032226562
2024-05-16,27.813678741455078,31.727705001831055,112.47581481933594,,147.897216796875,46.14179992675781,118.94696044921875,39.43362045288086,86.10419464111328,183.92361450195312,35.49295425415039,17.966915130615234,167.69300842285156,74.48587036132812,60.179107666015625,135.00152587890625,45.53296661376953,197.4827117919922,111.35260009765625,148.830810546875,37.82832336425781,110.37994384765625
2024-05-17,28.150981903076172,32.15048599243164,114.24043273925781,,149.34779357910156,46.49789047241211,120.82525634765625,40.076087951660156,86.65233612060547,186.83480834960938,35.890682220458984,18.05858039855957,172.3945770263672,74.83910369873047,60.70565414428711,137.2220001220703,45.69282913208008,198.03440856933594,112.82925415039062,155.9296112060547,38.123931884765625,112.0374755859375
2024-05-20,28.169214248657227,31.81418228149414,113.47076416015625,,147.94309997558594,46.872718811035156,120.75086975097656,40.80615997314453,86.56727600097656,186.9860382080078,35.947505950927734,18.186914443969727,168.94992065429688,74.91156005859375,60.858829498291016,134.74026489257812,45.35429763793945,200.26718139648438,112.71418762207031,153.7887420654297,38.28097152709961,111.1291275024414
2024-05-21,28.0051212310791,31.727705001831055,113.02022552490234,,146.86891174316406,46.638450622558594,119.85821533203125,40.095558166503906,85.74506378173828,185.78562927246094,35.63499450683594,18.095243453979492,169.42967224121094,75.18326568603516,60.6482048034668,134.47901916503906,45.41071319580078,200.65011596679688,113.33744812011719,152.48355102539062,38.59505081176758,110.3612289428711
2024-05-22,27.467260360717773,30.83409881591797,110.93647003173828,,144.66546630859375,45.72948455810547,117.2081298828125,40.115020751953125,84.81891632080078,181.79698181152344,34.44179916381836,17.774410247802734,168.89234924316406,73.96055603027344,59.987632751464844,133.32215881347656,43.70863723754883,197.3204345703125,110.19237518310547,152.11732482910156,37.6158561706543,108.1418228149414
2024-05-23,26.911170959472656,30.5650577545166,110.42961120605469,,144.08705139160156,45.195350646972656,115.329833984375,38.84956741333008,84.2140884399414,181.43780517578125,34.07247543334961,17.490238189697266,169.4104766845703,72.62915802001953,59.31748580932617,132.6597442626953,43.55817794799805,197.45350646972656,109.1664047241211,152.64315795898438,37.05236053466797,106.2969970703125
2024-05-24,26.76531219482422,31.103139877319336,110.05415344238281,,144.83074951171875,45.120384216308594,114.62313079833984,39.083194732666016,84.79056549072266,182.8555908203125,34.19558334350586,17.481069564819336,170.6002960205078,73.2269287109375,59.30791473388672,133.1168975830078,43.48295211791992,198.3719024658203,109.5787124633789,152.5116729736328,37.07083511352539,106.21272277832031
2024-05-28,27.19377326965332,31.14157485961914,111.65921020507812,,146.01507568359375,45.83256149291992,117.02216339111328,40.14423370361328,85.51825714111328,186.9198760986328,34.58384704589844,17.481069564819336,171.90521240234375,73.3265609741211,59.55683135986328,133.19154357910156,43.75566101074219,200.27691650390625,110.75811004638672,153.59156799316406,37.569671630859375,107.56121826171875
2024-05-29,26.592100143432617,30.680360794067383,108.17689514160156,,144.05030822753906,44.22078323364258,113.36782836914062,39.60884094238281,84.42200469970703,184.33006286621094,33.91149139404297,17.33440399169922,165.4765167236328,72.08572387695312,58.5133171081543,128.92784118652344,42.91872024536133,199.18649291992188,109.96224212646484,146.1922607421875,37.04311752319336,106.40938568115234
2024-05-30,27.102611541748047,31.208837509155273,106.6093978881836,,145.29893493652344,44.595619201660156,113.67469787597656,40.105289459228516,84.97013854980469,186.52288818359375,34.05353546142578,17.41690444946289,165.0447235107422,72.4027328491211,58.5994758605957,129.11444091796875,42.8717041015625,199.43637084960938,111.78408813476562,142.67501831054688,37.541954040527344,106.74650573730469
2024-05-31,27.831911087036133,32.16969299316406,109.33141326904297,,149.0081024169922,45.99186706542969,115.81334686279297,39.99821853637695,85.93407440185547,188.33766174316406,34.754302978515625,17.866079330444336,169.45846557617188,73.36279296875,59.83445739746094,132.58509826660156,43.1538200378418,199.3617401123047,113.3662109375,148.57492065429688,38.34563064575195,109.80870819091797
2024-06-03,26.83824348449707,30.891754150390625,106.881591796875,,144.5644989013672,44.11771011352539,111.24776458740234,39.891136169433594,85.98607635498047,180.2563018798828,32.898216247558594,17.875244140625,167.67379760742188,72.04045104980469,57.98677444458008,129.61822509765625,41.44233322143555,193.7203826904297,111.73615264892578,145.54933166503906,37.85603713989258,107.1772689819336
2024-06-04,26.400659561157227,30.39210319519043,105.3797836303711,,143.34341430664062,43.71476364135742,111.39653778076172,39.54070281982422,83.69430541992188,178.8479766845703,32.0743408203125,18.02191162109375,168.16310119628906,71.58759307861328,57.33577346801758,127.80828857421875,40.82168960571289,190.04295349121094,111.92791748046875,146.91082763671875,38.17012023925781,105.51038360595703
2024-06-05,26.4371280670166,30.50740623474121,105.34223937988281,,142.28758239746094,43.686649322509766,111.87076568603516,39.85219955444336,83.9211196899414,178.8196258544922,31.864953994750977,18.141080856323242,166.87738037109375,71.69628143310547,57.28791046142578,128.1814727783203,40.883201599121094,192.81973266601562,113.32785034179688,145.6438751220703,38.41029739379883,105.93180084228516
2024-06-06,26.64679527282715,30.50740623474121,105.31407928466797,,143.15977478027344,43.81784439086914,112.7076416015625,39.57963562011719,83.45803833007812,180.5682373046875,32.18854904174805,18.159414291381836,168.61410522460938,71.50607299804688,57.51767349243164,129.09576416015625,41.31853103637695,192.73193359375,113.12649536132812,147.27957153320312,38.26249694824219,106.727783203125
2024-06-07,26.30038070678711,30.401710510253906,105.12635040283203,,143.29750061035156,43.845951080322266,111.75918579101562,39.462825775146484,83.43914794921875,179.86878967285156,32.436012268066406,17.985246658325195,168.0095977783203,71.23436737060547,56.943260192871094,128.81590270996094,42.16080093383789,189.2593536376953,113.15526580810547,146.01263427734375,38.033546447753906,105.58529663085938
2024-06-10,26.86558723449707,31.17040252685547,106.34657287597656,,143.9034423828125,44.15519332885742,113.06096649169922,40.03715515136719,84.05342102050781,183.33758544921875,32.84526824951172,18.15024757385254,167.28036499023438,72.47518920898438,58.11556625366211,128.86251831054688,42.5677375793457,235.1736297607422,114.97711181640625,146.16390991210938,38.74375534057617,105.89432525634766
2024-06-11,27.066146850585938,30.978233337402344,106.65631103515625,,143.67393493652344,44.31449890136719,113.47012329101562,40.076087951660156,83.8360595703125,183.05404663085938,32.81671142578125,18.141080856323242,167.3955078125,72.13101196289062,58.240482330322266,129.02114868164062,42.548805236816406,249.29483032226562,116.11814880371094,145.22784423828125,38.659645080566406,105.04216003417969
2024-06-12,26.737958908081055,30.978233337402344,105.30469512939453,,141.58982849121094,43.90217590332031,112.44727325439453,39.68671417236328,82.38066864013672,183.03514099121094,32.892860412597656,18.223581314086914,161.92633056640625,72.62915802001953,57.942596435546875,126.89393615722656,42.31222152709961,252.72842407226562,116.48250579833984,140.2923583984375,38.82785415649414,103.88095092773438
2024-06-13,26.04512596130371,30.39210319519043,104.08448791503906,,140.3228302001953,42.880760192871094,110.74564361572266,39.22920227050781,81.32221984863281,179.9160614013672,32.140960693359375,18.11358070373535,163.60545349121094,71.33399200439453,57.46214294433594,128.4427032470703,41.460487365722656,248.41371154785156,115.29352569580078,141.65391540527344,38.79983139038086,103.04751586914062
2024-06-14,25.361406326293945,29.87323760986328,102.67652130126953,,140.074951171875,43.02240753173828,109.94596862792969,38.29471206665039,80.46220397949219,175.77613830566406,31.331966400146484,17.957744598388672,163.1832733154297,70.73621368408203,57.50058364868164,127.59368896484375,40.69392013549805,243.86158752441406,114.10454559326172,141.8902587890625,38.472755432128906,102.17660522460938
2024-06-17,25.47080421447754,30.776447296142578,102.81732177734375,,140.6441650390625,43.211265563964844,110.72704315185547,37.54517364501953,79.980224609375,177.27896118164062,31.798328399658203,18.031076431274414,164.77606201171875,71.59664916992188,57.84651184082031,128.08816528320312,41.29014205932617,247.11631774902344,116.59757232666016,142.8735809326172,38.55685806274414,101.4742660522461
2024-06-18,25.525501251220703,30.882139205932617,102.6953125,,140.77273559570312,43.10739517211914,111.1175765991211,37.18500518798828,79.33758544921875,178.51718139648438,31.350997924804688,18.095243453979492,165.46688842773438,72.51142120361328,58.86506271362305,126.74468994140625,42.056697845458984,249.6232147216797,118.36188507080078,141.76734924316406,39.07082748413086,102.429443359375
2024-06-20,25.798992156982422,31.679658889770508,104.49747467041016,,143.81161499023438,43.42845916748047,113.43291473388672,36.75669479370117,79.3328628540039,182.1655731201172,31.722187042236328,18.15024757385254,166.62791442871094,73.40807342529297,59.99893569946289,128.71324157714844,43.02199935913086,252.3999481201172,121.1234130859375,144.15943908691406,39.62217330932617,104.63948059082031
2024-06-21,25.607545852661133,31.641225814819336,104.50685119628906,,142.56300354003906,43.26792526245117,113.48871612548828,35.98768615722656,77.89166259765625,180.4169921875,32.01723098754883,18.0677490234375,165.6780242919922,72.34838104248047,58.538352966308594,128.83456420898438,43.21126937866211,245.42556762695312,119.95358276367188,142.02264404296875,39.304443359375,103.72174835205078
2024-06-24,26.7470760345459,33.063297271728516,108.10179901123047,,146.26295471191406,44.98655700683594,116.51074981689453,37.49650192260742,80.12198638916016,187.17507934570312,32.6834716796875,18.434419631958008,166.944580078125,73.2631607055664,60.77727508544922,129.2637176513672,44.93366241455078,243.11375427246094,123.30960845947266,142.51429748535156,40.2856559753418,106.80269622802734
2024-06-25,26.4371280670166,33.486080169677734,107.93285369873047,,145.48257446289062,44.731590270996094,116.74320220947266,37.52570343017578,79.02571868896484,187.03329467773438,32.9499626159668,18.425251007080078,168.09596252441406,73.38089752197266,60.63313293457031,130.84046936035156,44.971519470214844,243.93313598632812,124.48900604248047,145.407470703125,40.0800666809082,107.10235595703125
2024-06-26,26.108938217163086,33.1209602355957,106.63754272460938,,143.17813110351562,44.117801666259766,115.84124755859375,36.75669479370117,78.1940689086914,186.16372680664062,32.38842010498047,18.095243453979492,167.2419891357422,72.93709564208984,60.41212844848633,130.41127014160156,43.75069808959961,241.592041015625,122.2548599243164,145.2089385986328,39.519378662109375,107.13981628417969
2024-06-27,26.50093650817871,33.07291030883789,106.9754409790039,,143.51785278320312,44.39164352416992,115.81334686279297,36.28944778442383,77.79715728759766,188.27149963378906,31.988679885864258,18.11358070373535,165.9082794189453,73.13636016845703,60.23916244506836,130.05673217773438,44.48886489868164,238.607177734375,123.2904281616211,145.6438751220703,39.47265625,107.59868621826172
2024-06-28,26.83824348449707,33.793556213378906,107.36028289794922,,143.60964965820312,44.75992965698242,117.0407485961914,35.99741744995117,77.67428588867188,189.2166748046875,32.15047836303711,18.214414596557617,166.4552001953125,73.86092376708984,60.56587600708008,131.70809936523438,44.649757385253906,238.7469940185547,123.48219299316406,148.2156219482422,39.71562194824219,107.80469512939453
2024-07-01,27.01144790649414,33.57255554199219,107.34151458740234,,143.70147705078125,45.07154083251953,117.66376495361328,35.71512985229492,77.96725463867188,192.54373168945312,31.817359924316406,18.141080856323242,167.71214294433594,74.01490020751953,60.421730041503906,131.4841766357422,44.081932067871094,238.9414825439453,125.8697738647461,149.369140625,39.61282730102539,107.65485382080078
2024-07-02,26.76531219482422,33.33234405517578,107.11625671386719,,143.91262817382812,45.10932159423828,117.76605224609375,35.97795104980469,78.45866394042969,193.66848754882812,31.998201370239258,18.07691192626953,167.0884552001953,74.5673828125,59.92206573486328,131.05503845214844,44.186031341552734,242.2840118408203,125.61087036132812,149.35023498535156,39.528717041015625,106.92442321777344
2024-07-03,26.82912254333496,33.1209602355957,107.72635650634766,,143.8759002685547,45.430381774902344,117.87762451171875,36.05582809448242,79.03517150878906,195.58718872070312,32.15047836303711,18.29691505432129,167.904052734375,74.99307250976562,59.883628845214844,130.96173095703125,44.77278518676758,246.50335693359375,128.10391235351562,149.86077880859375,39.9959602355957,107.46758270263672
2024-07-05,26.072477340698242,32.88074493408203,105.6426010131836,,141.67245483398438,44.4105339050293,116.17599487304688,35.354949951171875,77.78768920898438,192.3735809326172,31.503280639648438,18.232751846313477,163.826171875,74.49492645263672,59.374351501464844,129.12374877929688,43.66552734375,246.41766357421875,127.03958129882812,144.45254516601562,39.696929931640625,106.16590881347656
2024-07-08,26.2912654876709,32.83269119262695,105.34223937988281,,141.69082641601562,43.92893981933594,116.81758880615234,35.413360595703125,78.06175994873047,192.20347595214844,31.60797882080078,18.251083374023438,160.68856811523438,74.26850891113281,58.56718826293945,126.83797454833984,43.760169982910156,247.71975708007812,127.09711456298828,139.89529418945312,39.57544708251953,105.05152130126953
2024-07-09,26.245685577392578,32.12165832519531,104.3660659790039,,140.45138549804688,43.49456024169922,116.85478973388672,35.569114685058594,78.00505828857422,191.49456787109375,31.246309280395508,18.324417114257812,156.32281494140625,74.64889526367188,58.63445281982422,123.90843963623047,42.77593994140625,247.22857666015625,126.96288299560547,138.3257598876953,39.61282730102539,103.89031982421875
2024-07-10,26.227447509765625,32.51560592651367,105.62383270263672,,142.42530822753906,43.3529167175293,117.3662109375,35.66645050048828,78.45866394042969,191.2960662841797,31.42714500427246,18.425251007080078,155.61279296875,74.5583267211914,59.00920104980469,124.99069213867188,42.85165023803711,256.1156311035156,127.42310333251953,137.00204467773438,39.71562194824219,104.80804443359375
2024-07-11,27.15730857849121,33.15938186645508,106.99422454833984,,142.54464721679688,43.83450698852539,119.17942810058594,36.20183563232422,78.8934097290039,195.8140411376953,31.998201370239258,18.480253219604492,157.6373291015625,75.08364868164062,59.07646942138672,127.74297332763672,43.71284866333008,258.80218505859375,128.11351013183594,138.64720153808594,39.87447738647461,106.05352020263672
2024-07-12,27.321399688720703,33.1497802734375,106.19639587402344,,142.84764099121094,43.89116668701172,119.90470123291016,36.221309661865234,78.8934097290039,192.978515625,32.302757263183594,18.50775146484375,158.7599639892578,76.67771911621094,58.80742263793945,129.3477020263672,43.93050765991211,264.1258239746094,129.49427795410156,139.85745239257812,40.16416931152344,106.07225799560547
2024-07-15,28.679723739624023,34.31242370605469,107.53861999511719,,145.0970001220703,45.37371826171875,123.34516906738281,35.851402282714844,79.16747283935547,199.3679656982422,33.53053283691406,18.489418029785156,159.9593505859375,76.69581604003906,59.57613754272461,130.6818389892578,45.38792037963867,271.2163391113281,128.81346130371094,140.6422119140625,39.771690368652344,107.88898468017578
2024-07-16,28.871166229248047,34.87933349609375,108.12059020996094,,144.8490753173828,45.553138732910156,122.29444122314453,34.92665100097656,78.27912139892578,197.60044860839844,34.225318908691406,18.553586959838867,160.88047790527344,77.03998565673828,59.69144821166992,130.41127014160156,46.1071662902832,271.64483642578125,129.27374267578125,140.7178497314453,39.57544708251953,108.6662368774414
2024-07-17,29.372560501098633,34.74481201171875,108.95596313476562,,148.02572631835938,45.9403076171875,123.95173645019531,34.654083251953125,77.54198455810547,199.37741088867188,34.60603332519531,18.81942367553711,158.85592651367188,77.32076263427734,60.681182861328125,131.3069305419922,46.27751159667969,269.8153991699219,128.45867919921875,141.871337890625,39.85579299926758,110.16455841064453
2024-07-18,29.308746337890625,34.48537826538086,109.45342254638672,,148.70510864257812,45.76088333129883,123.811279296875,34.41073226928711,76.87097930908203,198.51730346679688,34.68216323852539,19.29609489440918,157.8580322265625,75.5727310180664,61.23849868774414,128.47067260742188,46.1071662902832,269.3011779785156,130.5681915283203,139.72508239746094,40.444515228271484,111.25086212158203
2024-07-19,29.18111801147461,34.5238151550293,107.3321304321289,,146.11605834960938,45.08099365234375,121.0210189819336,34.92665100097656,76.55912017822266,194.20724487304688,32.74057388305664,19.699438095092773,158.4721221923828,75.59989166259766,60.661964416503906,129.18907165527344,47.00621032714844,268.48370361328125,130.7599639892578,140.24510192871094,41.117347717285156,108.69432067871094
2024-07-22,28.73090934753418,34.26437759399414,105.42671966552734,,144.13296508789062,44.19334030151367,118.83936309814453,34.72222900390625,76.88988494873047,193.46055603027344,31.779293060302734,20.029438018798828,159.18212890625,76.4693832397461,58.817020416259766,130.71917724609375,46.788551330566406,266.146484375,132.09275817871094,140.8975067138672,41.83689880371094,107.9451675415039
2024-07-23,28.197999954223633,34.25477600097656,104.02816772460938,,141.470458984375,43.400123596191406,116.9479751586914,34.11870193481445,75.57624816894531,187.4869842529297,31.874469757080078,19.818603515625,157.33030700683594,75.38253784179688,58.04829788208008,127.88291931152344,46.419464111328125,263.6939697265625,130.3380584716797,138.8646697998047,41.192108154296875,106.20336151123047
2024-07-24,27.821292877197266,33.53413009643555,104.28158569335938,,142.3702392578125,43.041297912597656,117.13524627685547,34.1673698425293,73.3931884765625,187.9312286376953,31.398591995239258,19.29609489440918,160.76531982421875,74.41341400146484,57.72159194946289,128.90916442871094,45.45417022705078,261.55792236328125,126.20537567138672,140.70838928222656,39.70628356933594,107.70169830322266
2024-07-25,28.74009132385254,34.18751525878906,104.21588897705078,,144.63792419433594,43.702308654785156,118.95172882080078,33.46650314331055,73.14745330810547,188.84803771972656,32.51214599609375,19.314430236816406,164.55538940429688,73.72508239746094,58.163612365722656,132.95828247070312,45.6434440612793,266.2025451660156,126.55057525634766,148.4425506591797,39.080169677734375,109.96791076660156
2024-07-26,28.6757755279541,36.17649841308594,104.05632019042969,,144.91334533691406,43.75896072387695,119.05472564697266,33.39836502075195,73.51602935791016,189.7554168701172,32.74057388305664,19.589435577392578,165.6588134765625,74.28662109375,58.173213958740234,132.6783905029297,46.211265563964844,269.9241638183594,126.15743255615234,150.44699096679688,39.734317779541016,109.87425231933594
2024-07-29,28.280691146850586,36.96440505981445,102.42310333251953,,143.77491760253906,43.14516830444336,117.21014404296875,33.16474151611328,72.3630599975586,187.4019317626953,32.24565887451172,19.51609992980957,164.9967498779297,74.44964599609375,57.82728576660156,130.99905395507812,45.29328536987305,269.291259765625,127.53816223144531,148.86801147460938,40.11744689941406,108.722412109375
2024-07-30,28.510391235351562,36.743408203125,103.16461944580078,,146.50167846679688,43.59843063354492,118.11840057373047,33.885074615478516,72.05119323730469,187.2223358154297,32.64540100097656,19.91027069091797,171.07041931152344,74.9840087890625,57.91377258300781,137.30596923828125,45.05669403076172,272.389892578125,128.62168884277344,154.5693359375,40.136138916015625,110.66088104248047
2024-07-31,28.65740394592285,37.20462417602539,104.37545013427734,,147.3279571533203,44.4105339050293,118.72700500488281,33.593040466308594,72.13624572753906,191.22047424316406,33.00706100463867,19.629711151123047,169.8518829345703,75.47309875488281,58.442264556884766,135.72923278808594,45.700225830078125,278.51123046875,130.44412231445312,152.90525817871094,40.12678527832031,111.05419921875
2024-08-01,28.55632972717285,36.17649841308594,101.73790740966797,,140.120849609375,42.55025863647461,115.2719497680664,32.69749450683594,70.91712951660156,187.3546600341797,31.63652992248535,19.573972702026367,166.1673583984375,75.21644592285156,57.058570861816406,131.50282287597656,44.15763854980469,271.29547119140625,131.23483276367188,148.90774536132812,40.2856559753418,109.51839447021484
2024-08-02,26.268518447875977,34.341251373291016,99.27870178222656,,136.3842010498047,40.40668869018555,115.09403228759766,30.73116683959961,68.45053100585938,178.69674682617188,30.28502655029297,19.211666107177734,157.97317504882812,73.48406219482422,55.415409088134766,124.79476165771484,42.52042007446289,258.0373840332031,125.91215515136719,141.39810180664062,39.43527603149414,109.4528579711914
2024-08-05,25.349716186523438,33.15938186645508,98.15235137939453,,132.81277465820312,39.169654846191406,115.28130340576172,29.40730094909668,67.19359588623047,175.0294189453125,29.39037322998047,18.654264450073242,155.488037109375,72.0633316040039,53.98366928100586,122.81686401367188,41.42263412475586,249.22291564941406,123.28938293457031,140.5224609375,38.538169860839844,107.47692108154297
2024-08-06,24.90869140625,33.07238006591797,99.3068618774414,,131.49986267089844,39.64181137084961,114.48542022705078,29.991355895996094,66.83448028564453,179.3016815185547,29.437963485717773,19.193086624145508,163.97006225585938,75.45476531982422,53.93562316894531,124.16034698486328,41.07247543334961,254.7838897705078,126.91497802734375,141.6741485595703,40.02400207519531,106.90570068359375
2024-08-07,24.825998306274414,33.10138702392578,100.36750793457031,,130.74703979492188,40.76552963256836,115.28130340576172,29.56867027282715,67.58106994628906,180.8895721435547,29.257129669189453,19.323143005371094,162.49244689941406,76.133056640625,53.916404724121094,123.99240112304688,40.56143569946289,254.80694580078125,128.47705078125,141.12208557128906,40.182861328125,108.32911682128906
2024-08-08,26.13988494873047,34.02946472167969,101.62525939941406,,132.6566925048828,42.59747314453125,118.7176513671875,30.292720794677734,68.45053100585938,186.66464233398438,29.72348976135254,19.573972702026367,167.09808349609375,78.2137451171875,56.24179458618164,126.3435287475586,41.346920013427734,272.8678283691406,131.822998046875,144.30108642578125,40.98651885986328,110.39868927001953
2024-08-09,26.02044105529785,33.903778076171875,101.94440460205078,,133.11575317382812,42.418052673339844,118.47420501708984,30.429704666137695,68.53556823730469,188.81967163085938,29.50458335876465,19.52752685546875,168.71005249023438,77.91127014160156,56.12648391723633,126.33415985107422,41.21442794799805,271.1504211425781,130.8394775390625,143.79661560058594,40.42582702636719,111.29766845703125
2024-08-12,26.81979751586914,33.98112487792969,104.02432250976562,,133.14329528808594,42.80522155761719,120.57158660888672,31.5647029876709,69.33888244628906,190.25634765625,29.86625099182129,19.43462562561035,169.23777770996094,78.07625579833984,56.6742057800293,126.77266693115234,41.545658111572266,274.4929504394531,132.6715545654297,144.18687438964844,40.47255325317383,111.43814849853516
2024-08-13,26.57172203063965,33.66209411621094,102.42656707763672,,132.34451293945312,42.15365219116211,118.31502532958984,30.478628158569336,68.28041076660156,185.38865661621094,29.590242385864258,19.43462562561035,168.63330078125,78.58954620361328,55.21363067626953,125.63444519042969,41.42263412475586,270.1647644042969,131.71694946289062,140.42727661132812,40.295005798339844,110.3705825805664
2024-08-14,26.599285125732422,33.59442901611328,103.3625259399414,,132.8219451904297,42.01200485229492,118.48355865478516,30.801513671875,68.2048110961914,185.68165588378906,29.380861282348633,19.471782684326172,171.79965209960938,79.1395034790039,54.713958740234375,128.47067260742188,41.43209457397461,270.072509765625,135.14968872070312,140.6938018798828,40.54731369018555,111.39131927490234
2024-08-15,27.08625030517578,33.9134521484375,105.15882873535156,,134.7775115966797,42.90909194946289,119.96297454833984,31.095048904418945,69.60043334960938,188.04443359375,29.77107810974121,19.611133575439453,173.43081665039062,79.71697998046875,55.54994201660156,129.38499450683594,42.6245231628418,273.21063232421875,137.72425842285156,142.10243225097656,41.005210876464844,112.08043670654297
2024-08-16,26.874927520751953,33.778106689453125,105.11155700683594,,135.20901489257812,42.578582763671875,119.90679168701172,31.457077026367188,69.47659301757812,186.36085510253906,29.86625099182129,19.583263397216797,172.74000549316406,80.16610717773438,55.357765197753906,129.6089324951172,42.37846374511719,270.79437255859375,137.36746215820312,142.59738159179688,41.238834381103516,111.55179595947266
2024-08-19,26.939241409301758,33.99079132080078,105.64098358154297,,136.31378173828125,42.673011779785156,120.07532501220703,32.99324035644531,70.66740417480469,187.3365478515625,30.31358528137207,19.8433837890625,171.6557159423828,81.02771759033203,55.1463623046875,130.00076293945312,42.92736053466797,277.6541748046875,139.32492065429688,141.0745086669922,42.07052230834961,111.89163208007812
2024-08-20,26.02962875366211,33.07238006591797,103.85413360595703,,134.32705688476562,41.58707046508789,117.27569580078125,32.52358627319336,69.7147445678711,181.510986328125,29.580724716186523,19.536815643310547,164.66094970703125,79.36865234375,53.974056243896484,124.54447937011719,41.66868209838867,269.4824523925781,136.53823852539062,134.45004272460938,41.4163818359375,108.1628646850586
2024-08-21,25.781553268432617,33.30440139770508,103.63671875,,134.91192626953125,41.39820861816406,117.02288055419922,32.386592864990234,68.94309997558594,182.82150268554688,29.70445442199707,19.4810733795166,165.80343627929688,79.77196502685547,53.82992172241211,125.94619750976562,41.8295783996582,272.0700988769531,137.22283935546875,136.93418884277344,41.58458709716797,107.47373962402344
2024-08-22,25.652921676635742,33.46875,103.96759796142578,,135.29257202148438,41.237674713134766,117.24759674072266,32.19091033935547,68.2190933227539,183.405029296875,29.647350311279297,19.50894546508789,165.6202392578125,80.20277404785156,53.906795501708984,125.26886749267578,41.75386428833008,273.57659912109375,137.74351501464844,136.5154266357422,41.74345397949219,108.3044662475586
2024-08-23,26.158260345458984,34.04879379272461,105.31954956054688,,137.04718017578125,42.21030807495117,118.82064056396484,32.91495895385742,69.96245574951172,186.7434844970703,30.227924346923828,19.769062042236328,169.023681640625,80.72522735595703,55.00223159790039,127.3478775024414,42.700233459472656,283.16241455078125,138.97776794433594,138.83778381347656,42.32283401489258,109.80540466308594
2024-08-26,26.626850128173828,34.25181198120117,107.36164855957031,,137.86416625976562,42.62580490112305,121.77944946289062,32.47465515136719,70.3911361694336,188.7140350341797,30.332616806030273,19.89912223815918,166.9893341064453,81.2110366821289,55.12714767456055,127.2161865234375,43.15448760986328,284.1414489746094,140.26986694335938,136.19183349609375,42.50973129272461,112.15595245361328
2024-08-27,26.121511459350586,34.222816467285156,106.29331970214844,,136.4251708984375,42.163089752197266,120.37494659423828,32.04413986206055,69.52423095703125,186.25564575195312,30.094676971435547,19.871253967285156,163.7980194091797,81.06439208984375,54.61787033081055,126.41654968261719,42.6245231628418,282.9349365234375,139.94203186035156,134.13595581054688,42.40693664550781,111.0892333984375
2024-08-28,26.250139236450195,33.79743957519531,106.02860260009766,,135.54324340820312,42.1064338684082,120.52476501464844,31.897371292114258,68.57157897949219,186.12168884277344,29.50458335876465,19.815513610839844,163.83660888671875,80.85356903076172,54.560211181640625,126.97160339355469,41.39424133300781,287.77734375,139.13204956054688,134.25015258789062,41.986412048339844,109.99420166015625
2024-08-29,26.957618713378906,34.08746337890625,108.12743377685547,,136.8615264892578,42.49360275268555,121.70453643798828,32.78776168823242,70.48639678955078,188.24530029296875,29.86625099182129,19.89912223815918,164.83929443359375,82.63175964355469,54.97339630126953,128.41091918945312,41.81064987182617,287.0389709472656,141.06053161621094,134.9735107421875,42.50973129272461,111.51403045654297
2024-08-30,26.176639556884766,34.000457763671875,107.57909393310547,,137.35354614257812,42.285850524902344,120.618408203125,32.78776168823242,70.96272277832031,186.63827514648438,29.590242385864258,20.03847312927246,170.7687530517578,84.657470703125,54.75239181518555,131.99513244628906,41.63084030151367,286.4192810058594,141.64874267578125,139.65634155273438,42.77138900756836,111.33468627929688
2024-09-03,24.568737030029297,32.85969924926758,103.85413360595703,,134.29920959472656,40.62388229370117,115.75882720947266,32.21047592163086,68.7716293334961,179.3395538330078,28.410058975219727,20.02918243408203,167.5871124267578,84.54747009277344,53.234161376953125,126.99980926513672,40.02199935913086,269.0304870605469,144.52224731445312,134.55471801757812,42.565799713134766,109.00301361083984
2024-09-04,23.787755966186523,32.9273681640625,102.63455963134766,,131.89471435546875,39.88732147216797,114.96294403076172,31.956079483032227,67.08544921875,176.27850341796875,28.16118812561035,19.889833450317383,165.59132385253906,83.7042007446289,52.4942626953125,124.45039367675781,39.3599739074707,265.3072204589844,141.88980102539062,132.8986053466797,41.537864685058594,107.67198944091797
2024-09-05,23.86125946044922,32.975704193115234,101.58515930175781,,130.83633422851562,39.73624038696289,113.81126403808594,32.11263656616211,68.59062957763672,176.02024841308594,27.82616424560547,19.954862594604492,162.4193115234375,84.15333557128906,51.63906478881836,121.25189208984375,39.26471710205078,261.6663818359375,144.42581176757812,128.9867401123047,41.89297103881836,106.83182525634766
2024-09-06,23.190532684326172,32.81135940551758,100.23319244384766,,128.6361083984375,39.03744888305664,112.68766021728516,31.66254997253418,67.48556518554688,171.92604064941406,27.366701126098633,19.629711151123047,160.0475311279297,83.46588134765625,49.995906829833984,120.54633331298828,38.69317626953125,263.5742492675781,141.50411987304688,127.7208480834961,41.36031723022461,106.33150482177734
2024-09-09,22.89651870727539,32.569671630859375,99.83612060546875,,130.25146484375,39.0941162109375,112.82811737060547,31.222244262695312,66.98064422607422,171.42864990234375,27.452848434448242,19.620424270629883,157.3961181640625,84.36415100097656,50.14004898071289,120.38640594482422,38.49313735961914,261.2669982910156,138.784912109375,127.69232177734375,41.60327911376953,108.56877136230469
2024-09-10,21.913400650024414,32.06696319580078,98.32344818115234,,128.32974243164062,37.98927688598633,111.39552307128906,31.42772102355957,67.3712387084961,164.04385375976562,27.09868049621582,19.620424270629883,157.67568969726562,84.07083892822266,49.59001541137695,119.36100769042969,37.712032318115234,259.9895324707031,139.02598571777344,129.52926635742188,41.855587005615234,104.61344909667969
2024-09-11,21.692890167236328,31.834949493408203,96.97150421142578,,128.0048065185547,37.70598602294922,110.39364624023438,32.17134094238281,68.9240493774414,161.18368530273438,26.773229598999023,19.35101318359375,152.92251586914062,82.71426391601562,48.88557815551758,117.59241485595703,37.6929817199707,260.5176696777344,139.54669189453125,126.4930648803711,41.65934753417969,103.57504272460938
2024-09-12,21.77558135986328,32.18297576904297,97.28349304199219,,129.23953247070312,37.781532287597656,110.69327545166016,32.151771545410156,68.91452026367188,163.4412078857422,26.821090698242188,19.453205108642578,155.69923400878906,82.95257568359375,49.20402526855469,118.2697525024414,37.91207504272461,262.3133239746094,141.47520446777344,127.65424346923828,42.13594436645508,105.00048828125
2024-09-13,21.99609375,32.2893180847168,97.85075378417969,,130.53929138183594,37.666954040527344,111.77005004882812,32.47465515136719,69.75286102294922,164.93344116210938,26.677509307861328,19.639001846313477,157.7142791748047,83.75003051757812,49.26192092895508,119.1916732788086,38.064483642578125,267.03350830078125,142.8926544189453,127.78749084472656,42.52787399291992,104.92495727539062
2024-09-16,22.455493927001953,32.850032806396484,99.78884887695312,,131.91326904296875,37.848365783691406,113.9236068725586,32.826900482177734,69.60043334960938,167.2197265625,27.19440269470215,19.94556999206543,155.2364501953125,85.86737823486328,49.4935188293457,119.79374694824219,38.483612060546875,276.810546875,145.2068328857422,127.30207824707031,42.91509246826172,106.39759063720703
2024-09-17,23.199722290039062,33.57508850097656,102.37930297851562,,133.1387176513672,38.63130187988281,115.34684753417969,32.55293273925781,69.86717987060547,171.96434020996094,28.04631996154785,20.02918243408203,157.99386596679688,86.76566314697266,50.23654556274414,120.69685363769531,39.531436920166016,288.3304443359375,146.5857391357422,129.2532501220703,43.000091552734375,107.7852554321289
2024-09-18,23.071090698242188,33.517086029052734,102.69127655029297,,133.64935302734375,38.54536819458008,116.46107482910156,32.80732727050781,70.98177337646484,170.38597106933594,27.854881286621094,20.075634002685547,158.7652130126953,86.06903076171875,49.93740463256836,122.58773803710938,39.45522689819336,291.06683349609375,146.74964904785156,130.07179260253906,42.66953659057617,108.1628646850586
2024-09-19,23.300790786743164,35.15088653564453,104.51593780517578,,134.60557556152344,39.118255615234375,117.22886657714844,33.98146057128906,72.94422912597656,173.7435760498047,28.266481399536133,20.057050704956055,160.38497924804688,85.94987487792969,50.20759201049805,124.69499969482422,40.72214126586914,302.2434387207031,146.76895141601562,132.00393676757812,42.395652770996094,109.50333404541016
2024-09-20,23.03434181213379,34.841529846191406,103.87305450439453,,135.2461395263672,38.946388244628906,118.00601959228516,34.079307556152344,74.7447280883789,173.1409149169922,28.209047317504883,20.24285125732422,158.49525451660156,86.1332015991211,49.83125686645508,122.26789093017578,40.39826583862305,309.0496520996094,147.3667755126953,127.97785949707031,42.858428955078125,108.81421661376953
2024-09-23,23.37429428100586,35.237892150878906,103.702880859375,,136.9729461669922,39.261474609375,119.59779357910156,35.18495559692383,76.45951080322266,177.20635986328125,28.668508529663086,20.605159759521484,158.3313446044922,87.32477569580078,50.410240173339844,123.34033203125,40.865028381347656,314.281494140625,149.97024536132812,128.66311645507812,43.651756286621094,110.78717041015625
2024-09-24,23.28241539001465,35.13154983520508,102.9654541015625,,136.88937377929688,39.15644454956055,119.75696563720703,34.871856689453125,76.29754638671875,177.37857055664062,28.687652587890625,20.64232063293457,156.62481689453125,87.2881088256836,50.564640045166016,121.79753112792969,40.941226959228516,310.47564697265625,150.86700439453125,126.41691589355469,43.47230911254883,110.4945297241211
2024-09-25,22.57493782043457,34.85118865966797,99.95902252197266,,133.6586151123047,38.00113296508789,116.6296157836914,34.40219497680664,74.53514862060547,172.6913299560547,27.634719848632812,20.52155113220215,155.86314392089844,86.79314422607422,49.32947540283203,122.1550064086914,39.82673263549805,306.2275695800781,149.98951721191406,126.40737915039062,42.97175979614258,108.34221649169922
2024-09-26,21.270240783691406,33.61375427246094,96.7256851196289,,131.8204345703125,36.158363342285156,112.70638275146484,34.74465560913086,76.49760437011719,161.52804565429688,26.620075225830078,20.140663146972656,157.57931518554688,81.71517181396484,48.16184997558594,122.93580627441406,39.21708297729492,288.45916748046875,141.07984924316406,130.0337371826172,42.253990173339844,106.48255157470703
2024-09-27,22.53818702697754,34.976871490478516,99.00415802001953,,135.06976318359375,37.1991081237793,114.64459228515625,35.74267578125,78.6886978149414,163.22120666503906,27.42413330078125,20.24285125732422,157.78175354003906,82.71426391601562,49.242618560791016,123.28388977050781,40.28395462036133,292.80963134765625,141.55235290527344,129.41505432128906,42.65065002441406,109.33341217041016
2024-09-30,22.47386932373047,34.94786834716797,99.53358459472656,,136.72227478027344,37.351863861083984,115.10340118408203,35.85029602050781,78.35526275634766,164.91433715820312,27.807016372680664,20.52155113220215,157.06832885742188,83.53004455566406,49.73476028442383,123.66018676757812,39.96009063720703,292.03729248046875,142.7190704345703,128.52037048339844,43.11343002319336,110.65499877929688
2024-10-01,23.57642936706543,35.527915954589844,103.40035247802734,,138.9782257080078,37.96294021606445,118.87681579589844,35.468711853027344,77.60267639160156,169.81202697753906,28.64936637878418,20.98604965209961,159.87396240234375,84.5841293334961,51.38486862182617,125.10894012451172,41.09363555908203,301.8076477050781,145.1972198486328,130.8427276611328,43.78396987915039,113.21322631835938
2024-10-02,23.668310165405273,35.98229217529297,104.33631896972656,,140.13870239257812,38.669490814208984,120.15959167480469,35.97749710083008,79.29839324951172,173.41831970214844,28.59193229675293,21.31119728088379,159.4497528076172,85.61073303222656,51.56821060180664,126.50123596191406,41.855690002441406,306.9800720214844,147.76211547851562,129.1390380859375,44.99285125732422,114.71417999267578
2024-10-03,24.375789642333984,36.30131912231445,106.28386688232422,,140.41720581054688,39.90119552612305,122.46295928955078,36.85810089111328,81.17510223388672,180.1239471435547,29.41513442993164,21.692087173461914,168.57052612304688,86.81147766113281,52.87092208862305,130.6968994140625,42.7606201171875,320.33197021484375,149.9413299560547,137.0864715576172,45.53117370605469,115.71481323242188
2024-10-04,24.70655632019043,36.66868209838867,108.28815460205078,,139.9437255859375,40.50271987915039,124.64461517333984,36.14383316040039,81.57521057128906,186.1599578857422,29.75973129272461,21.942916870117188,165.81309509277344,87.2881088256836,53.806949615478516,130.40528869628906,43.303592681884766,323.9331359863281,152.3712615966797,135.55410766601562,46.87227249145508,117.83880615234375
2024-10-07,24.780059814453125,36.69767761230469,108.45832824707031,,140.29653930664062,40.68412780761719,125.69332885742188,36.496070861816406,81.39421081542969,190.837646484375,29.75973129272461,21.9057559967041,167.05682373046875,86.93063354492188,53.95170593261719,130.29238891601562,43.427425384521484,325.3194580078125,152.42909240722656,137.0388946533203,46.91949462890625,118.34856414794922
2024-10-08,24.127714157104492,36.21430587768555,104.75228881835938,,138.09628295898438,39.79616928100586,122.0697021484375,36.271034240722656,81.92769622802734,185.35646057128906,28.76422882080078,21.664216995239258,154.25302124023438,85.79405212402344,52.41738510131836,124.48804473876953,42.04620361328125,320.46392822265625,152.63160705566406,129.7672119140625,46.220611572265625,115.20504760742188
2024-10-09,24.192028045654297,36.33998489379883,104.91301727294922,,138.9318084716797,40.06350326538086,122.62214660644531,35.76223373413086,82.90892028808594,185.33731079101562,29.06096649169922,21.812854766845703,156.77908325195312,86.84814453125,52.01210021972656,126.73640441894531,42.11288070678711,323.53045654296875,157.55892944335938,132.64163208007812,46.82505416870117,115.25225830078125
2024-10-10,24.678991317749023,36.359317779541016,105.75443267822266,,139.83233642578125,40.92283630371094,123.7738265991211,35.83073043823242,82.50881958007812,185.6338348388672,29.41513442993164,22.035816192626953,158.93875122070312,86.79314422607422,52.658634185791016,128.3356475830078,42.4843864440918,330.8087463378906,156.71038818359375,135.8301239013672,46.72115707397461,116.24345397949219
2024-10-11,24.87194061279297,36.446327209472656,104.45921325683594,,140.5750274658203,41.018306732177734,124.01729583740234,36.603702545166016,83.25186920166016,186.49476623535156,29.50128173828125,22.94623374938965,158.36988830566406,88.55303192138672,52.84197235107422,128.26980590820312,42.655845642089844,349.36602783203125,159.83453369140625,135.47796630859375,47.67504119873047,116.68712615966797
2024-10-14,24.531984329223633,36.38832473754883,103.49488830566406,,140.9092559814453,40.932376861572266,123.09968566894531,35.8111572265625,82.51834106445312,182.41976928710938,29.27155113220215,23.113449096679688,156.6730194091797,89.36880493164062,52.02174758911133,127.39495086669922,42.57963562011719,351.93072509765625,160.70240783691406,134.3643798828125,48.185035705566406,117.13081359863281
2024-10-15,22.832202911376953,35.112220764160156,99.46739959716797,,137.14930725097656,39.337860107421875,119.17645263671875,35.49806213378906,81.72764587402344,171.96434020996094,27.97931671142578,23.00197410583496,151.3895263671875,87.0589599609375,49.754058837890625,123.61315155029297,40.912654876708984,342.18670654296875,156.0836181640625,128.15869140625,48.07170486450195,113.60969543457031
2024-10-16,22.786258697509766,35.518253326416016,99.42015075683594,,138.07769775390625,38.85091018676758,119.25135040283203,35.88943862915039,82.36592102050781,174.5375213623047,28.04631996154785,23.15990447998047,152.2379608154297,87.67308807373047,49.46456527709961,124.46923828125,41.608028411865234,345.9133605957031,156.81646728515625,128.9867401123047,48.515586853027344,113.90235137939453
2024-10-17,22.89651870727539,35.65359878540039,100.3561019897461,,140.37078857421875,38.74588394165039,119.8077621459961,36.26124572753906,83.42333984375,175.97239685058594,27.701725006103516,23.057714462280273,152.6332550048828,88.39720916748047,49.90845489501953,125.4476089477539,41.903324127197266,351.8746032714844,156.1318359375,130.06227111816406,48.6761474609375,113.60969543457031
2024-10-18,23.117033004760742,35.18955993652344,99.90229797363281,,139.95303344726562,38.822261810302734,119.41168212890625,35.70354080200195,82.55644226074219,176.00111389160156,27.11782455444336,23.17848777770996,152.6236114501953,89.1213150024414,49.85055923461914,124.7420425415039,39.9315071105957,349.4023132324219,156.9321746826172,130.43345642089844,49.45058059692383,113.28874969482422
2024-10-21,23.071090698242188,35.237892150878906,99.25941467285156,,140.07371520996094,38.26847839355469,118.55347442626953,35.57633972167969,81.68953704833984,174.4897003173828,27.050819396972656,22.983394622802734,151.28346252441406,88.74551391601562,50.00495147705078,123.53789520263672,40.41731643676758,354.69683837890625,155.92935180664062,128.9677276611328,49.11057662963867,113.35482788085938
2024-10-22,23.368064880371094,34.78351974487305,99.26886749267578,,140.11085510253906,38.354408264160156,117.94990539550781,35.194740295410156,80.37488555908203,176.0393524169922,27.03167724609375,23.04842185974121,152.56576538085938,89.2496566772461,50.275142669677734,123.64137268066406,39.941036224365234,360.3610534667969,159.21742248535156,129.16758728027344,49.39391326904297,113.94009399414062
2024-10-23,22.72771453857422,35.76960372924805,98.80562591552734,,139.7023468017578,37.724239349365234,117.62926483154297,35.40999984741211,79.34603118896484,173.2557373046875,26.620075225830078,23.011262893676758,148.24639892578125,88.69051361083984,49.52246856689453,121.46825408935547,40.13154983520508,357.89532470703125,159.91168212890625,126.48353576660156,49.34668731689453,113.53418731689453
2024-10-24,22.89476203918457,35.556922912597656,98.67325592041016,,139.67449951171875,37.724239349365234,117.35578155517578,36.16340255737305,81.26084899902344,173.0548095703125,26.658363342285156,23.21564483642578,147.39797973632812,89.29547119140625,49.551414489746094,120.87560272216797,39.29328918457031,359.78009033203125,162.54412841796875,125.02729797363281,49.696128845214844,112.89226531982422
2024-10-25,23.03396987915039,36.272308349609375,98.85289764404297,,140.0087432861328,37.418704986572266,116.15808868408203,36.67219543457031,80.77498626708984,176.37417602539062,27.041248321533203,23.17848777770996,146.89662170410156,88.59886169433594,49.77336502075195,120.5745620727539,39.760047912597656,362.4339599609375,160.0274200439453,126.01716613769531,49.582801818847656,112.7978744506836
2024-10-28,21.994564056396484,36.15631103515625,97.62384033203125,,139.75807189941406,36.8458251953125,115.12068939208984,36.50586700439453,81.22273254394531,170.45294189453125,26.696651458740234,23.039134979248047,145.6528778076172,88.01222229003906,48.85663604736328,121.25189208984375,39.4266471862793,359.8923645019531,158.8317413330078,125.88390350341797,49.38446807861328,112.24091339111328
2024-10-29,21.632627487182617,35.85660934448242,96.73513793945312,,137.88275146484375,36.41616439819336,113.63064575195312,36.50586700439453,81.67048645019531,168.01365661621094,26.342485427856445,22.88120460510254,140.07049560546875,87.58142852783203,48.32589340209961,115.96493530273438,38.51218795776367,366.0285339355469,158.53282165527344,121.7150650024414,48.95947265625,110.71163940429688
2024-10-30,21.78111457824707,36.24330520629883,97.35913848876953,,137.4464111328125,36.61666488647461,113.65894317626953,37.73870086669922,84.49984741210938,168.9797821044922,26.505207061767578,23.0762939453125,139.5691375732422,88.14055633544922,48.412742614746094,114.8360595703125,38.2454719543457,380.7931823730469,160.67344665527344,122.52408599853516,49.57335662841797,110.15467834472656
2024-10-31,21.90176010131836,36.81369400024414,103.5610580444336,,138.1612548828125,36.931758880615234,115.01696014404297,35.75245666503906,80.70830535888672,169.09458923339844,26.553068161010742,23.03681755065918,140.25369262695312,88.80050659179688,48.3548469543457,114.60086822509766,38.16926956176758,384.8762512207031,161.71957397460938,123.50443267822266,49.46002197265625,110.2396469116211
2024-11-01,21.428457260131836,36.59133529663086,101.953857421875,,142.10687255859375,36.58802795410156,113.96073150634766,34.85227966308594,79.69850158691406,168.17625427246094,26.495637893676758,22.726648330688477,137.99758911132812,86.45755767822266,47.833763122558594,112.89813995361328,37.87397003173828,387.0614318847656,160.08261108398438,122.03868103027344,48.69502639770508,108.51213836669922
2024-11-04,21.846078872680664,37.106571197509766,102.91818237304688,,142.94239807128906,37.380516052246094,115.9317398071289,36.00685501098633,81.7752685546875,171.9547576904297,26.926382064819336,23.018020629882812,139.7427215576172,88.5689926147461,48.78908920288086,113.85768127441406,38.407405853271484,398.60113525390625,163.88925170898438,123.68527221679688,49.2427978515625,111.9671630859375
2024-11-05,21.873918533325195,37.505149841308594,103.24908447265625,,142.42251586914062,37.561927795410156,115.1584243774414,36.73090362548828,82.56597137451172,168.0041046142578,27.309267044067383,23.22479248046875,144.19703674316406,91.31941223144531,48.63469314575195,114.61968994140625,38.62649917602539,410.3421325683594,171.83187866210938,125.69353485107422,50.102237701416016,112.29754638671875
2024-11-06,22.950443267822266,41.54925537109375,107.42781829833984,,146.423828125,38.2111930847168,119.95865631103516,39.50965118408203,87.98654174804688,175.64715576171875,29.194976806640625,24.766223907470703,149.6829833984375,94.64398956298828,49.59001541137695,120.32056427001953,41.693756103515625,438.8843688964844,180.20068359375,132.02294921875,52.255550384521484,114.22330474853516
2024-11-07,20.3519344329834,41.89921569824219,106.26496124267578,,145.5418701171875,37.132259368896484,119.26077270507812,39.98128890991211,87.7769546508789,173.70530700683594,28.285627365112305,24.82261848449707,148.477783203125,96.44056701660156,49.416316986083984,119.17286682128906,41.18889236450195,440.7625427246094,181.89573669433594,129.54830932617188,52.359432220458984,114.36490631103516
2024-11-08,20.203445434570312,41.821449279785156,106.23640441894531,,145.6903839111328,37.1131706237793,126.48469543457031,40.50205993652344,88.11036682128906,173.98272705078125,27.97931671142578,25.26436996459961,148.23678588867188,99.2372817993164,48.7601318359375,118.95648193359375,41.131736755371094,453.55322265625,186.2448272705078,130.10035705566406,53.18109893798828,114.3271484375
2024-11-11,20.574661254882812,42.881080627441406,106.6743392944336,,145.29119873046875,37.1991081237793,125.52278900146484,43.2139892578125,91.20648956298828,171.3521270751953,28.840803146362305,25.630929946899414,150.46392822265625,100.97827911376953,49.030330657958984,120.35819244384766,42.189090728759766,462.07598876953125,188.84071350097656,131.3662567138672,53.738311767578125,113.72298431396484
2024-11-12,20.29625129699707,42.453338623046875,105.33198547363281,,144.1678466796875,36.607120513916016,125.55107116699219,43.01747131347656,91.05406188964844,172.09823608398438,28.898239135742188,25.546335220336914,149.64442443847656,99.84846496582031,48.52854919433594,120.13240051269531,42.227195739746094,464.34698486328125,188.21112060546875,130.41444396972656,53.58720016479492,113.60969543457031
2024-11-13,20.435457229614258,41.87005615234375,106.45536804199219,,147.3522186279297,37.342323303222656,126.70162200927734,42.55565643310547,91.5875473022461,174.3270721435547,28.898239135742188,25.18917465209961,153.40457153320312,100.17259216308594,49.32947540283203,122.2114486694336,41.52229309082031,451.0314025878906,186.94224548339844,132.8319854736328,52.51054382324219,114.66698455810547
2024-11-14,20.973718643188477,41.976993560791016,107.50259399414062,,150.2115936279297,37.600120544433594,127.49380493164062,42.11349105834961,91.2281494140625,175.36529541015625,28.82166290283203,25.151580810546875,152.46934509277344,99.9040298461914,48.895233154296875,122.0703353881836,41.38893508911133,449.308349609375,185.55712890625,133.26980590820312,52.49165725708008,114.74311828613281
2024-11-15,20.769546508789062,41.74367904663086,106.93138885498047,,149.85882568359375,36.73124694824219,126.89964294433594,41.966102600097656,91.03646850585938,169.77040100097656,28.419633865356445,25.630929946899414,151.87159729003906,101.69135284423828,48.21975326538086,123.15218353271484,41.131736755371094,448.8924865722656,189.88682556152344,133.403076171875,53.40775680541992,113.55343627929688
2024-11-18,20.843793869018555,41.87005615234375,108.30229949951172,,150.76852416992188,37.01769256591797,128.76693725585938,43.50876235961914,92.40694427490234,174.86541748046875,29.147117614746094,26.110271453857422,154.18551635742188,104.19172668457031,49.126827239990234,124.63274383544922,41.427040100097656,461.7029724121094,192.75389099121094,137.06747436523438,54.64496612548828,114.50518035888672
2024-11-19,20.3426513671875,41.675621032714844,107.66444396972656,,149.6806182861328,36.19655990600586,127.48436737060547,43.3122444152832,91.72650146484375,173.15426635742188,29.166257858276367,26.392240524291992,153.105712890625,104.74736785888672,48.73119354248047,124.2720947265625,41.05553436279297,468.7601623535156,197.18048095703125,135.1638641357422,55.343849182128906,112.90623474121094
2024-11-20,20.537540435791016,43.07551193237305,107.98812866210938,,151.30311584472656,36.56892776489258,128.47457885742188,45.72939682006836,94.17037200927734,174.4424285888672,29.84587860107422,26.31705093383789,154.55056762695312,104.79367065429688,49.126827239990234,124.7561264038086,41.46514129638672,478.850830078125,196.47337341308594,135.41322326660156,55.43829345703125,114.51469421386719
2024-11-21,20.825233459472656,43.629634857177734,106.53153228759766,,151.58445739746094,36.95085525512695,127.78616333007812,46.073299407958984,96.76759338378906,175.6344757080078,30.50635528564453,26.824594497680664,154.4632568359375,108.11825561523438,49.73476028442383,124.7181625366211,41.970001220703125,500.2500305175781,201.17112731933594,135.326904296875,56.42050552368164,116.0470199584961
2024-11-22,21.131486892700195,43.01717758178711,106.38873291015625,,152.26910400390625,37.666954040527344,128.58775329589844,45.12019348144531,95.29168701171875,178.1243133544922,30.573362350463867,26.777599334716797,153.6778106689453,108.39607238769531,50.11109924316406,126.48343658447266,42.131935119628906,571.0428466796875,200.80308532714844,135.1351318359375,56.33551025390625,115.91377258300781
2024-11-25,21.03868293762207,42.33668518066406,101.00979614257812,,150.39341735839844,36.540287017822266,124.46651458740234,45.18898010253906,94.75498962402344,172.6063232421875,30.621225357055664,26.176067352294922,151.7578125,103.2749252319336,48.67329025268555,126.49292755126953,41.67470169067383,532.7532348632812,194.74923706054688,134.08978271484375,54.95663070678711,114.18158721923828
2024-11-26,20.899473190307617,42.317237854003906,101.65716552734375,,152.42852783203125,36.00559997558594,124.99462890625,44.76646423339844,94.77415466308594,169.16476440429688,30.448925018310547,26.40163803100586,152.37841796875,105.06224060058594,48.10395431518555,127.41352844238281,41.417503356933594,518.8138427734375,197.02548217773438,134.0706024169922,55.12662887573242,112.27809143066406
2024-11-27,20.899473190307617,42.395015716552734,102.23789978027344,,152.03460693359375,36.129722595214844,125.51335144042969,44.49134063720703,94.63997650146484,169.37625122070312,30.515928268432617,26.382841110229492,150.65235900878906,104.26581573486328,48.5574951171875,126.55937957763672,41.58897399902344,540.242919921875,195.0688934326172,132.88140869140625,54.90940856933594,111.98303985595703
2024-11-29,21.020118713378906,42.72554397583008,103.14231872558594,,151.86581420898438,36.2347526550293,125.67366027832031,44.64855194091797,94.84123229980469,170.72210693359375,30.49678611755371,26.57082176208496,151.4184112548828,105.20114135742188,48.808380126953125,127.15727233886719,41.855690002441406,528.161865234375,197.8875732421875,133.38009643554688,55.26829528808594,112.26856994628906
2024-12-02,20.7324275970459,42.47278594970703,101.04786682128906,,152.12841796875,35.91012191772461,123.76866912841797,43.7544059753418,93.7678451538086,169.03016662597656,30.20962142944336,25.790708541870117,152.64024353027344,102.27477264404297,48.653987884521484,129.48252868652344,41.56039810180664,495.735107421875,188.43386840820312,134.3966522216797,53.31330871582031,112.16387176513672
2024-12-03,20.806669235229492,42.453338623046875,100.96218872070312,,151.8564453125,35.8814811706543,124.2967758178711,44.02952575683594,93.90202331542969,168.96287536621094,30.362773895263672,25.771909713745117,150.77841186523438,102.339599609375,48.63469314575195,127.63182067871094,41.57944869995117,518.7252807617188,190.94261169433594,131.83607482910156,53.45497512817383,111.99256134033203
2024-12-04,20.602506637573242,41.374263763427734,98.54405212402344,,148.48019409179688,34.649776458740234,122.156005859375,43.911617279052734,93.42283630371094,164.37734985351562,29.448524475097656,25.74371337890625,145.84263610839844,100.7004623413086,47.187232971191406,123.94941711425781,40.97073745727539,458.5867614746094,189.31532287597656,128.575439453125,53.17164611816406,108.76612854003906
2024-12-05,20.268407821655273,41.32565689086914,99.42943572998047,,149.4274139404297,34.33469772338867,122.61811065673828,43.67579650878906,92.70406341552734,166.001953125,28.89034652709961,26.28885269165039,145.55174255371094,101.97843170166016,46.78194046020508,123.2186279296875,40.28053665161133,444.9473571777344,192.10494995117188,127.59722900390625,53.983863830566406,109.24199676513672
2024-12-06,19.878631591796875,40.15909194946289,98.2679672241211,,145.5915985107422,33.408538818359375,120.53392028808594,42.5753059387207,92.55072021484375,160.3782196044922,27.697010040283203,26.100873947143555,146.36627197265625,100.94123840332031,45.87486267089844,122.1271743774414,39.26441955566406,442.2379150390625,188.2401885986328,126.12993621826172,53.69108581542969,108.09038543701172
2024-12-09,20.64890480041504,40.2757453918457,98.21085357666016,,147.31724548339844,33.905029296875,120.57166290283203,42.51634979248047,93.08739471435547,160.65699768066406,27.985721588134766,25.471145629882812,148.344482421875,97.34809875488281,47.0135383605957,123.45588684082031,39.465721130371094,438.47119140625,181.06272888183594,129.03573608398438,51.63221740722656,107.45271301269531
2024-12-10,20.658185958862305,40.06188201904297,97.44921875,,147.2422332763672,33.16028594970703,119.4022445678711,42.3001823425293,92.98198699951172,156.8405303955078,27.976099014282227,25.273767471313477,146.48263549804688,96.62577056884766,46.577327728271484,119.22301483154297,39.178138732910156,428.2449035644531,179.52267456054688,126.89714813232422,51.51888656616211,107.23380279541016
2024-12-11,20.769546508789062,41.27705383300781,97.28738403320312,,146.5012969970703,33.18893051147461,120.29816436767578,44.7861213684082,95.45460510253906,157.5615234375,28.101207733154297,25.330162048339844,147.36508178710938,96.61650848388672,46.984458923339844,118.9477767944336,39.83958053588867,398.8084411621094,180.43316650390625,127.82738494873047,52.312217712402344,106.51998138427734
2024-12-12,21.28925323486328,41.150672912597656,96.06879425048828,,145.0945587158203,32.587406158447266,119.3645248413086,45.06123733520508,95.5121078491211,155.9561309814453,27.80286979675293,25.283164978027344,141.8474884033203,96.74616241455078,46.71303176879883,117.67601776123047,39.39862060546875,395.45806884765625,179.74546813964844,124.3653335571289,52.123321533203125,106.42481994628906
2024-12-13,21.215009689331055,40.97569274902344,96.17350769042969,,144.30674743652344,32.55857849121094,119.55313110351562,44.79594039916992,94.42913055419922,157.023193359375,27.600772857666016,25.26436996459961,141.1492919921875,96.33867645263672,46.17988967895508,116.4706802368164,38.555049896240234,396.1552734375,178.8252716064453,123.84746551513672,51.851829528808594,105.49209594726562
2024-12-16,20.3612117767334,40.635440826416016,94.79307556152344,,140.07705688476562,31.31888771057129,117.52552795410156,44.03934860229492,92.68488311767578,152.7837371826172,26.82125473022461,24.96360206604004,134.00262451171875,95.24592590332031,45.17176818847656,110.36812591552734,38.229122161865234,401.7623291015625,177.6435546875,119.94427490234375,51.41361618041992,103.2364501953125
2024-12-17,19.535255432128906,40.25630569458008,93.54592895507812,,138.90475463867188,30.91526985168457,116.13922119140625,43.43014907836914,92.72322082519531,153.94696044921875,26.16684341430664,25.010597229003906,133.80870056152344,94.25503540039062,45.132991790771484,109.93154907226562,37.318450927734375,397.704833984375,175.531982421875,119.77165222167969,51.14687728881836,102.79865264892578
2024-12-18,19.34036636352539,38.92447280883789,91.25153350830078,,135.12522888183594,29.887004852294922,112.81959533691406,41.799068450927734,90.56686401367188,150.04396057128906,25.165979385375977,24.277477264404297,130.96746826171875,90.42112731933594,44.60954284667969,106.16371154785156,35.78468704223633,368.2320251464844,166.5432586669922,116.75074768066406,49.546451568603516,101.28536224365234
2024-12-19,19.00627326965332,38.691162109375,90.61368560791016,,132.3773193359375,29.329627990722656,111.48988342285156,41.90715026855469,90.39437103271484,147.1407470703125,24.800277709960938,24.662837982177734,127.66080474853516,90.43965148925781,43.96976852416992,104.7306137084961,35.3820686340332,362.24163818359375,167.11474609375,114.05591583251953,50.079925537109375,100.41925811767578
2024-12-20,19.52597427368164,39.19667053222656,90.55656433105469,,133.9716796875,29.569875717163086,112.26319885253906,42.241233825683594,90.92147827148438,148.9480438232422,24.992748260498047,25.236169815063477,129.33839416503906,92.68071746826172,45.68552017211914,104.74958801269531,35.30538558959961,374.3975524902344,171.24102783203125,113.7298355102539,50.95635223388672,100.76189422607422
2024-12-23,20.045679092407227,39.031410217285156,91.75611114501953,,134.08421325683594,29.771686553955078,113.0270767211914,43.09607696533203,92.60821533203125,150.06320190429688,25.271839141845703,25.424148559570312,129.9202117919922,93.50492858886719,46.37376022338867,104.85398864746094,35.71757888793945,376.48907470703125,172.77142333984375,113.78738403320312,51.48982238769531,101.17115020751953
2024-12-24,20.29625129699707,39.65357971191406,92.45109558105469,,134.90013122558594,30.021543502807617,113.9512939453125,43.803531646728516,93.41326141357422,151.66859436035156,25.83001136779785,25.687318801879883,131.2487030029297,94.63472747802734,46.645179748535156,105.8979721069336,36.16812515258789,383.675537109375,175.04766845703125,113.9695816040039,52.013771057128906,101.26632690429688
2024-12-26,20.268407821655273,39.74106979370117,92.24164581298828,,135.03143310546875,29.8966121673584,113.55520629882812,43.41050338745117,92.19611358642578,151.91854858398438,25.79151725769043,25.612131118774414,131.28746032714844,93.76421356201172,46.72273254394531,106.48638916015625,36.16812515258789,385.59521484375,172.31617736816406,114.77517700195312,51.404083251953125,101.35198974609375
2024-12-27,20.500417709350586,39.663299560546875,92.27021026611328,,135.05018615722656,29.983104705810547,113.54576873779297,43.54806137084961,92.58904266357422,152.216552734375,25.78189468383789,25.546335220336914,131.55899047851562,93.37527465820312,47.071693420410156,106.8565444946289,36.235225677490234,378.3625183105469,171.7931365966797,114.67926788330078,51.385032653808594,101.34246826171875
2024-12-30,20.806669235229492,39.79939651489258,92.43204498291016,,134.17799377441406,30.72307014465332,113.71552276611328,45.778526306152344,95.68460845947266,154.75445556640625,25.94549560546875,25.715517044067383,131.49111938476562,93.32896423339844,46.97475814819336,106.28709411621094,36.24481964111328,365.90924072265625,172.18055725097656,114.68885040283203,51.5946159362793,100.6572036743164
2024-12-31,21.428457260131836,39.877174377441406,94.4122543334961,,135.8379669189453,31.453428268432617,115.6016616821289,45.306880950927734,95.40669250488281,157.49424743652344,26.16684341430664,25.75311279296875,135.27291870117188,92.97706604003906,47.8956413269043,108.1282958984375,36.75287628173828,365.4234924316406,172.89735412597656,117.5658950805664,51.55651092529297,102.37986755371094
2025-01-02,21.69759178161621,40.40212631225586,95.27861022949219,,137.59178161621094,32.09729766845703,117.61040496826172,46.52528381347656,97.00717163085938,160.33013916015625,26.6865234375,26.420438766479492,137.20265197753906,94.24577331542969,48.283382415771484,108.58386993408203,36.810394287109375,389.9136962890625,177.31423950195312,118.10295867919922,53.23314666748047,102.1324234008789
2025-01-03,21.734708786010742,41.47148132324219,96.24015045166016,,138.66090393066406,32.60662841796875,119.3645248413086,46.20103454589844,95.84754943847656,164.34852600097656,26.638404846191406,26.57082176208496,138.41476440429688,95.292236328125,48.9619255065918,110.17829895019531,36.99252700805664,400.1399841308594,180.3266143798828,119.16747283935547,53.919036865234375,102.65589141845703
2025-01-06,21.957441329956055,41.63674545288086,95.19292449951172,,138.10757446289062,32.43364334106445,119.19477081298828,46.810237884521484,97.27552795410156,163.07955932617188,26.61915397644043,26.15726661682129,136.27171325683594,94.10685729980469,49.213958740234375,109.3051528930664,37.15548324584961,405.2944641113281,180.31692504882812,117.11517333984375,53.166465759277344,102.54167175292969
2025-01-07,21.957441329956055,42.190860748291016,96.79232788085938,,140.2927703857422,33.336978912353516,120.29816436767578,47.31135559082031,98.40641784667969,165.75201416015625,26.705768585205078,26.13846778869629,137.36749267578125,94.09759521484375,49.970054626464844,109.32414245605469,37.740238189697266,415.75531005859375,181.9248504638672,118.90853118896484,52.91877365112305,103.5029296875
2025-01-08,21.976003646850586,42.2297477722168,96.74472045898438,,140.95864868164062,33.77904510498047,121.14694213867188,48.146549224853516,98.63642120361328,164.37734985351562,26.012861251831055,26.589618682861328,138.01719665527344,95.24592590332031,49.62108612060547,110.33016204833984,37.20342254638672,421.5871276855469,185.95425415039062,120.05936431884766,53.71898651123047,101.770751953125
2025-01-10,21.976003646850586,42.05476760864258,97.03032684326172,,143.62213134765625,34.586280822753906,123.92899322509766,48.146549224853516,97.8984603881836,168.0111541748047,25.95511817932129,26.46743392944336,137.95899963378906,94.22724914550781,49.72771453857422,108.1282958984375,37.02128219604492,429.8441162109375,187.2328338623047,121.93902587890625,52.89019775390625,101.39956665039062
2025-01-13,22.62563133239746,43.581024169921875,99.22950744628906,,145.6947784423828,35.33585739135742,126.83365631103516,49.20774459838867,97.95597839355469,170.7413330078125,26.75388526916504,26.80579376220703,142.30325317382812,96.29238891601562,51.0654182434082,110.07392120361328,38.20036315917969,429.72515869140625,191.27194213867188,127.88492584228516,53.37603759765625,104.01688385009766
2025-01-14,23.061811447143555,43.814334869384766,99.84832000732422,,147.14842224121094,35.72986602783203,128.040771484375,49.80711364746094,99.78649139404297,170.80862426757812,27.138835906982422,27.369731903076172,144.89234924316406,98.20008087158203,50.48381423950195,111.29821014404297,38.21954345703125,438.89080810546875,195.05921936035156,128.56582641601562,55.30988693237305,104.42613220214844
2025-01-15,23.618635177612305,44.446231842041016,100.4195327758789,,148.48956298828125,36.931114196777344,129.25732421875,51.52662658691406,100.85985565185547,172.6159210205078,27.822118759155273,27.670495986938477,147.34567260742188,98.97797393798828,51.084808349609375,112.94011688232422,38.957664489746094,454.31451416015625,199.04989624023438,132.258056640625,55.26224899291992,106.12976837158203
2025-01-16,23.34022331237793,45.03923797607422,100.54330444335938,,149.4743194580078,36.92150115966797,130.1909942626953,52.843292236328125,103.29413604736328,172.1929168701172,28.16857147216797,28.253232955932617,147.10325622558594,100.62638092041016,50.69706344604492,113.53803253173828,39.38903045654297,460.261962890625,206.2660675048828,133.658203125,56.376834869384766,105.94894409179688
2025-01-17,22.64419174194336,45.24338150024414,100.77178955078125,,151.4344024658203,36.46983337402344,129.72085571289062,52.037574768066406,101.93324279785156,173.21194458007812,28.774866104125977,28.48820686340332,148.07293701171875,100.90419006347656,50.3771858215332,114.39220428466797,41.775962829589844,466.80743408203125,208.94911193847656,135.2693634033203,56.33872604370117,106.90068817138672
2025-01-21,21.994564056396484,45.729454040527344,99.27711486816406,,148.40516662597656,35.29741668701172,129.2079620361328,52.499385833740234,102.35494232177734,170.1068572998047,28.41878890991211,29.343509674072266,146.24993896484375,101.72838592529297,49.000701904296875,114.35423278808594,41.92933654785156,468.4132385253906,210.4020538330078,133.8116455078125,57.758148193359375,106.09170532226562
2025-01-22,21.91014862060547,44.533721923828125,98.11563873291016,,146.68887329101562,35.03794479370117,127.2894287109375,52.46990966796875,102.60411834716797,170.72210693359375,27.408300399780273,28.929956436157227,143.13717651367188,98.44085693359375,48.66142654418945,112.51304626464844,39.906681060791016,467.7590637207031,204.63880920410156,129.54403686523438,56.3958854675293,104.24530792236328
2025-01-23,22.050840377807617,44.387901306152344,99.00101470947266,,146.31375122070312,35.02833938598633,127.25140380859375,52.64678192138672,101.5882339477539,169.79922485351562,26.917491912841797,28.64798927307129,149.6341552734375,97.13510131835938,48.797142028808594,116.37577819824219,40.290122985839844,464.3293151855469,204.75502014160156,134.94329833984375,56.67215347290039,104.83538818359375
2025-01-24,21.87263298034668,44.280967712402344,96.94464874267578,,145.97613525390625,34.55744552612305,125.19989776611328,52.74503707885742,101.5882339477539,166.55955505371094,26.75388526916504,28.45060920715332,147.01597595214844,96.80171966552734,47.779319763183594,115.65447998046875,40.50101852416992,449.38140869140625,202.5078582763672,133.9075469970703,56.74836349487305,103.41728210449219
2025-01-27,21.92890739440918,42.33668518066406,97.76339721679688,,147.45791625976562,33.9520263671875,125.33285522460938,47.61595153808594,97.1988525390625,164.96376037597656,26.224584579467773,25.809505462646484,147.97598266601562,93.02336120605469,48.04104232788086,116.8123550415039,40.779014587402344,414.9061279296875,192.9863739013672,135.5187225341797,51.96614074707031,104.85442352294922
2025-01-28,21.89139175415039,42.07420349121094,96.5162353515625,,146.5012969970703,33.51957321166992,123.708740234375,49.0308723449707,97.87930297851562,162.7046356201172,25.647157669067383,25.809505462646484,146.07537841796875,93.16227722167969,47.498207092285156,115.00911712646484,39.60951614379883,421.3525085449219,196.0181427001953,132.4690399169922,52.585357666015625,102.82719421386719
2025-01-29,21.74131965637207,41.87005615234375,96.6875991821289,,146.0136260986328,33.7021598815918,123.68973541259766,49.73833084106445,98.30098724365234,164.25238037109375,25.377700805664062,25.65912437438965,146.80264282226562,92.95854187011719,47.33341598510742,115.939208984375,39.245243072509766,420.2819519042969,196.4927520751953,133.76370239257812,52.70919418334961,103.42680358886719
2025-01-30,21.563112258911133,43.35742950439453,96.59239196777344,,146.6044921875,33.68293762207031,123.26233673095703,50.750396728515625,98.44474792480469,163.81979370117188,25.54129981994629,26.411039352416992,145.41600036621094,92.48625183105469,47.4206657409668,114.6864242553711,39.321937561035156,427.6832275390625,198.76901245117188,130.93084716796875,53.909507751464844,104.28337860107422
2025-01-31,20.568904876708984,44.893409729003906,94.08856964111328,,139.91761779785156,32.76999282836914,119.47272491455078,50.22962188720703,97.37134552001953,158.00375366210938,25.04087257385254,25.82830238342285,141.29473876953125,89.98587799072266,45.22023391723633,111.86766815185547,38.6125602722168,428.6017761230469,191.32220458984375,128.59104919433594,52.80445861816406,101.67558288574219
2025-02-03,20.137453079223633,46.07942581176758,93.75537109375,,140.05828857421875,32.43364334106445,120.05208587646484,51.27116012573242,98.58850860595703,158.11911010742188,24.550060272216797,26.19684600830078,142.54566955566406,91.38047790527344,44.94881820678711,111.8581771850586,38.497535705566406,440.3743896484375,196.11497497558594,131.66561889648438,53.537986755371094,101.92302703857422
2025-02-04,21.000349044799805,46.62382125854492,95.75460815429688,,143.6971435546875,33.0775146484375,121.68570709228516,51.24168395996094,99.62354278564453,159.86871337890625,25.34882926940918,26.12085723876953,152.1553955078125,90.80953216552734,46.13142395019531,117.31536102294922,39.51365661621094,448.456298828125,194.24842834472656,138.24989318847656,53.080718994140625,104.65455627441406
2025-02-05,20.81276512145996,47.48902130126953,95.40235900878906,,143.48146057128906,32.808433532714844,121.28679656982422,52.02775573730469,100.71610260009766,158.38827514648438,25.300710678100586,26.253835678100586,152.54327392578125,91.642578125,45.90847396850586,117.04013061523438,39.39299774169922,460.701416015625,198.7495574951172,135.881103515625,54.15719223022461,104.57841491699219
2025-02-06,20.296899795532227,45.67112350463867,95.14531707763672,,142.4591827392578,32.11651611328125,120.31802368164062,50.53422927856445,99.54688262939453,153.84120178222656,24.521188735961914,25.436967849731445,147.32626342773438,89.68634796142578,45.54011917114258,114.66744232177734,38.659385681152344,442.2841491699219,193.44154357910156,129.83828735351562,53.35697937011719,103.19837951660156
2025-02-07,20.32503890991211,44.9128532409668,93.64111328125,,143.1344451904297,31.8570499420166,120.14706420898438,50.21979904174805,98.71308898925781,152.01467895507812,24.242101669311523,25.683927536010742,145.57115173339844,89.67699432373047,45.346248626708984,114.1739273071289,38.76556396484375,444.4880065917969,195.81361389160156,128.6684112548828,53.29030227661133,103.63619232177734
2025-02-10,21.563112258911133,46.08914566040039,94.70738983154297,,146.0886688232422,32.92375183105469,124.003173828125,52.568172454833984,100.74486541748047,155.40817260742188,25.00237274169922,25.712421417236328,149.12022399902344,92.37264251708984,46.89720916748047,117.41027069091797,39.77910614013672,456.36309814453125,200.23696899414062,132.27476501464844,53.50940704345703,105.61582946777344
2025-02-11,21.863250732421875,46.02075958251953,96.83040618896484,,147.6548614501953,33.75020980834961,125.64628601074219,52.82364273071289,101.38218688964844,155.74461364746094,25.493183135986328,25.44646453857422,150.5941619873047,92.59728240966797,47.12016296386719,122.95288848876953,40.329315185546875,450.72296142578125,197.514892578125,132.35211181640625,52.62345886230469,106.28204345703125
2025-02-12,20.98159408569336,45.336944580078125,93.67920684814453,,145.27272033691406,32.64506530761719,122.36954498291016,51.45785140991211,99.6810531616211,149.44793701171875,24.992748260498047,24.9620418548584,144.68870544433594,91.37113189697266,46.36406707763672,118.67254638671875,40.010772705078125,443.7974548339844,195.00669860839844,126.57034301757812,52.22335433959961,103.08436584472656
2025-02-13,21.094146728515625,45.08295822143555,92.25116729736328,,146.19183349609375,32.88531494140625,122.54051208496094,51.94914627075195,100.65860748291016,150.13047790527344,25.291086196899414,25.22800064086914,149.42083740234375,92.63471984863281,46.412532806396484,119.14707946777344,40.61890411376953,447.1082458496094,198.7301025390625,126.647705078125,54.73830032348633,103.8333740234375
2025-02-14,21.70380401611328,45.32717514038086,92.38553619384766,,147.30130004882812,33.2889289855957,122.81593322753906,52.499385833740234,100.94611358642578,150.9187774658203,25.175600051879883,25.218502044677734,151.3311309814453,91.58641052246094,46.58701705932617,121.51976776123047,40.300357818603516,453.458740234375,199.64395141601562,130.82447814941406,54.28104019165039,103.93900299072266
2025-02-18,22.107114791870117,45.893768310546875,93.52763366699219,,148.078857421875,33.51957321166992,124.36408996582031,53.000022888183594,101.96200561523438,150.6976318359375,25.724151611328125,25.408472061157227,154.21115112304688,92.32583618164062,47.34311294555664,123.64571380615234,41.16910934448242,466.1598205566406,203.62010192871094,133.6090087890625,55.062198638916016,105.76351165771484
2025-02-19,22.12587547302246,45.805843353271484,95.56230926513672,,149.09347534179688,36.10465621948242,127.77381134033203,53.45335388183594,102.9778823852539,154.0623016357422,25.733776092529297,25.54145050048828,152.7677459716797,92.84999084472656,49.42721939086914,123.34201049804688,40.71542739868164,464.1872863769531,204.43670654296875,132.60348510742188,55.50993347167969,105.91716003417969
2025-02-20,22.15401268005371,45.825382232666016,97.8945083618164,,150.57272338867188,37.04642868041992,128.85655212402344,51.79772186279297,101.73198699951172,155.82151794433594,25.974367141723633,25.25649642944336,154.35743713378906,92.31647491455078,50.49350357055664,124.85103607177734,41.12084197998047,472.8242492675781,199.00230407714844,134.52752685546875,55.68141174316406,107.54959869384766
2025-02-21,21.375526428222656,44.565208435058594,93.99791717529297,,148.79953002929688,36.027774810791016,126.39659881591797,49.51136779785156,99.8056411743164,150.0823974609375,25.271839141845703,25.08552360534668,149.93943786621094,91.82040405273438,48.87468719482422,122.22208404541016,40.290706634521484,444.5904846191406,194.78311157226562,130.2733917236328,54.7192497253418,106.29166412353516
2025-02-24,21.4505615234375,43.58833312988281,94.84249114990234,,149.71932983398438,35.85479736328125,126.91899108886719,49.35368728637695,99.57563781738281,149.22682189941406,25.733776092529297,25.142513275146484,148.9251251220703,91.83914184570312,48.33184814453125,121.69539642333984,40.08799362182617,427.5279541015625,192.94573974609375,130.58274841308594,54.614463806152344,106.84859466552734
2025-02-25,20.9909725189209,43.02174758911133,93.17252349853516,,148.32537841796875,34.48057556152344,124.7249984741211,48.13166809082031,98.60767364501953,146.04481506347656,25.24296760559082,24.79106903076172,146.86727905273438,89.6395492553711,47.39157485961914,120.91014099121094,39.5860481262207,425.978271484375,189.4945526123047,129.2292022705078,53.5189323425293,105.36980438232422
2025-02-26,20.643936157226562,42.503997802734375,92.2607650756836,,147.1116485595703,34.07695007324219,123.31932067871094,48.0823974609375,98.16681671142578,146.5351104736328,24.944631576538086,24.857559204101562,142.68333435058594,89.63019561767578,47.06199645996094,120.12489318847656,39.19028091430664,446.5431213378906,193.04293823242188,125.84519958496094,54.204830169677734,105.11052703857422
2025-02-27,19.152626037597656,42.5723762512207,93.45085906982422,,148.5624542236328,34.48057556152344,124.05066680908203,45.9537239074707,93.6911849975586,149.57289123535156,25.117860794067383,24.895553588867188,144.32179260253906,90.45386505126953,47.158931732177734,122.01142883300781,39.48952102661133,448.0466003417969,190.09727478027344,125.3327865600586,53.59513854980469,105.77310943603516
2025-02-28,19.41524314880371,43.559024810791016,95.15921020507812,,150.41152954101562,34.80731201171875,120.56497955322266,47.47138595581055,94.76457214355469,152.81259155273438,25.377700805664062,25.740917205810547,146.4674072265625,93.96381378173828,47.34311294555664,124.1948013305664,40.21348190307617,471.8132019042969,196.1052703857422,126.39630889892578,55.42420196533203,106.9062271118164
2025-03-03,17.717580795288086,42.591915130615234,88.90164184570312,,145.167724609375,33.06790542602539,114.48638153076172,48.00355529785156,94.25662994384766,142.27642822265625,24.068876266479492,25.778911590576172,142.2152099609375,90.56617736816406,45.0263671875,119.69393920898438,38.43737030029297,448.66827392578125,190.23336791992188,124.14354705810547,54.871673583984375,103.47807312011719
2025-03-04,17.417442321777344,41.86902618408203,86.99174499511719,,144.1341094970703,32.91414260864258,115.97753143310547,49.274845123291016,96.50881958007812,139.430908203125,23.241235733032227,25.636432647705078,139.0943145751953,87.78630828857422,45.103912353515625,117.10836029052734,37.72306823730469,452.32672119140625,184.72120666503906,123.3797378540039,54.10956573486328,103.2668228149414
2025-03-05,17.389307022094727,41.34151077270508,85.30257415771484,,143.00572204589844,32.3471565246582,115.73060607910156,49.40296173095703,97.40969848632812,137.18138122558594,23.444766998291016,25.38947296142578,131.7797088623047,85.98920440673828,44.115169525146484,114.6664047241211,38.0609130859375,452.8857727050781,181.61026000976562,117.7236557006836,53.55704116821289,101.25027465820312
2025-03-06,17.586267471313477,40.93122482299805,85.03385162353516,,145.03497314453125,32.54896545410156,116.05352020263672,45.49053955078125,92.23444366455078,135.4387969970703,23.69675636291504,24.990537643432617,134.15939331054688,83.99554443359375,44.309043884277344,117.58717346191406,38.37944793701172,431.666015625,176.91470336914062,121.82311248779297,52.02330017089844,103.3436508178711
2025-03-07,17.670686721801758,41.89833450317383,86.98213958740234,,148.24954223632812,33.356201171875,118.9693374633789,46.318355560302734,92.03319549560547,135.64210510253906,24.229814529418945,24.82906150817871,134.149658203125,83.83643341064453,45.792152404785156,120.83352661132812,39.93355178833008,454.741455078125,176.84666442871094,122.64494323730469,51.80419158935547,104.6880111694336
2025-03-10,17.839513778686523,40.20833206176758,89.16077423095703,,149.41587829589844,32.875701904296875,119.56769561767578,46.80125045776367,94.96582794189453,136.0971221923828,24.123199462890625,24.82906150817871,132.89154052734375,85.56800842285156,46.14289855957031,120.78565216064453,39.7115364074707,440.3622741699219,173.47325134277344,122.59659576416016,51.46125030517578,107.35755920410156
2025-03-11,18.008342742919922,40.88237762451172,91.56974792480469,,146.1064910888672,33.06790542602539,118.2380142211914,48.39775466918945,96.68653106689453,140.03732299804688,23.900287628173828,25.08552360534668,131.38961791992188,86.69119262695312,45.09065246582031,118.3149642944336,38.68834686279297,439.092041015625,176.14669799804688,118.95156860351562,52.34719467163086,104.82245635986328
2025-03-12,18.43041229248047,41.49781036376953,93.81555938720703,,144.7694549560547,33.39464569091797,118.029052734375,48.240074157714844,97.18779754638672,141.87673950195312,23.94874382019043,25.190004348754883,133.73028564453125,87.01878356933594,44.91527557373047,118.72675323486328,38.659385681152344,445.8731384277344,181.83384704589844,121.03028869628906,53.63324737548828,104.79364013671875
2025-03-13,17.858272552490234,40.774925231933594,92.31835174560547,,145.66082763671875,32.472084045410156,115.00875091552734,48.1513786315918,97.53480529785156,141.15065002441406,23.590145111083984,25.209003448486328,133.6327667236328,87.51486206054688,44.281986236572266,117.30946350097656,38.54355239868164,415.0804748535156,177.77023315429688,121.62974548339844,53.5189323425293,104.35192108154297
2025-03-14,18.39289665222168,41.849491119384766,94.9672622680664,,148.8943634033203,33.43995666503906,117.69664001464844,49.98440933227539,98.9036636352539,145.4103546142578,24.29765510559082,25.740917205810547,137.66064453125,90.2573013305664,45.334232330322266,121.3602294921875,39.67292404174805,436.98828125,185.00315856933594,124.8590087890625,55.04722595214844,107.45358276367188
2025-03-17,18.786828994750977,42.865440368652344,95.36076354980469,,150.5063934326172,33.981964111328125,117.37371826171875,50.910770416259766,101.76667022705078,148.15011596679688,24.443035125732422,26.39631462097168,142.54681396484375,92.13864135742188,46.045467376708984,123.71600341796875,39.99147033691406,443.1144104003906,191.12777709960938,128.54270935058594,56.12375259399414,109.23966979980469
2025-03-18,18.91813850402832,42.689605712890625,96.4836654663086,,152.48822021484375,34.233612060546875,116.41444396972656,51.79772186279297,103.1451416015625,150.05728149414062,24.229814529418945,26.139856338500977,142.3907470703125,91.73616790771484,46.425445556640625,122.96904754638672,39.70188522338867,444.48388671875,188.86264038085938,127.65321350097656,56.13336944580078,109.12442779541016
2025-03-19,19.518417358398438,43.56879425048828,97.25146484375,,155.56056213378906,34.891761779785156,118.6654052734375,52.8226318359375,104.6489486694336,152.57437133789062,24.307348251342773,26.453306198120117,145.8725128173828,93.64559173583984,46.72747802734375,123.53404235839844,39.65362548828125,458.1319580078125,193.42208862304688,129.4031982421875,57.017662048339844,110.82410430908203
2025-03-20,19.293312072753906,43.65671157836914,98.1920166015625,,156.24330139160156,34.96919631958008,118.05755615234375,52.95074462890625,105.31407928466797,153.4263153076172,24.22011947631836,26.652774810791016,148.1936798095703,94.2071762084961,46.72747802734375,123.36167907714844,39.84667205810547,453.6631164550781,193.9665069580078,130.36041259765625,57.43096923828125,111.29463958740234
2025-03-21,19.330829620361328,43.09012222290039,97.81771850585938,,156.22433471679688,34.988548278808594,118.88385772705078,52.11307907104492,103.48253631591797,153.44566345214844,23.97782325744629,26.529294967651367,146.2528533935547,92.98102569580078,46.70799255371094,120.17276763916016,39.566749572753906,421.13714599609375,191.905517578125,127.15045166015625,57.28679275512695,110.9105224609375
2025-03-24,19.546552658081055,43.56879425048828,98.07685852050781,,156.48036193847656,35.77252960205078,121.82817840576172,53.21683883666992,105.16948699951172,155.87562561035156,24.81132698059082,27.270174026489258,145.00450134277344,95.75155639648438,46.688507080078125,121.11125183105469,40.25209426879883,444.89727783203125,199.25509643554688,127.57585906982422,58.71895980834961,111.19861602783203
2025-03-25,19.59345245361328,44.13539123535156,98.42236328125,,157.35275268554688,35.78220748901367,120.98286437988281,53.46320343017578,105.8539047241211,156.4468231201172,24.898555755615234,27.384159088134766,145.40438842773438,95.82643127441406,47.750492095947266,120.17276763916016,40.811954498291016,450.6463623046875,199.8480987548828,127.62421417236328,58.54594802856445,111.95721435546875
2025-03-26,19.790414810180664,43.00220489501953,99.04619598388672,,159.2777099609375,36.26613998413086,122.69247436523438,52.152496337890625,105.9792251586914,157.88929748535156,24.908248901367188,27.051708221435547,146.1065673828125,94.77812957763672,48.47147750854492,121.2070083618164,40.94709396362305,449.4522399902344,196.4163360595703,130.06068420410156,57.623207092285156,113.5704574584961
2025-03-27,19.88421058654785,42.62122344970703,98.68148803710938,,158.0260009765625,35.695098876953125,120.36552429199219,51.561195373535156,105.69003295898438,155.1204833984375,24.559337615966797,26.814247131347656,143.7073974609375,92.36327362060547,48.23764419555664,119.43539428710938,40.63820266723633,440.573974609375,193.47068786621094,128.8134307861328,57.123390197753906,113.20555877685547
2025-03-28,19.62158966064453,42.083946228027344,98.2496109008789,,157.4949951171875,35.57895278930664,120.2325439453125,52.241188049316406,106.94319915771484,152.5162811279297,24.29765510559082,26.947227478027344,140.53775024414062,92.17608642578125,47.57511901855469,116.60081481933594,40.42584228515625,431.907470703125,192.31381225585938,127.1214370727539,56.8927001953125,113.05191802978516
2025-03-31,19.715383529663086,42.9338264465332,100.79293823242188,,158.6328887939453,36.19839096069336,121.7996826171875,52.65509796142578,107.30950927734375,154.78167724609375,24.588415145874023,27.099205017089844,142.08843994140625,92.86871337890625,48.09150314331055,118.24794006347656,40.3486213684082,438.28497314453125,194.89004516601562,127.69189453125,57.440582275390625,114.2042236328125
2025-04-01,19.818553924560547,43.7641716003418,101.14804077148438,,159.7897491455078,36.36293029785156,122.80645751953125,53.09857940673828,108.67835235595703,155.74008178710938,24.762866973876953,27.19418716430664,143.00518798828125,93.13079071044922,47.92586898803711,119.08106994628906,40.734737396240234,447.49725341796875,197.4176788330078,129.30653381347656,58.21914291381836,114.30986785888672
2025-04-02,19.921730041503906,43.88138961791992,101.82947540283203,,157.85531616210938,36.70167922973633,123.44280242919922,53.82783889770508,109.76763153076172,156.34033203125,24.908248901367188,27.469642639160156,144.2437744140625,93.94510650634766,48.06227493286133,118.80335235595703,40.725074768066406,460.26226806640625,199.99392700195312,129.1905059814453,59.20916748046875,113.95455932617188
2025-04-03,16.638957977294922,39.9152717590332,91.41618347167969,,148.04092407226562,32.0946159362793,113.86903381347656,51.33453369140625,106.56725311279297,136.7747802734375,21.700218200683594,26.329824447631836,125.41114807128906,86.76606750488281,42.771820068359375,102.63860321044922,37.84855270385742,403.88018798828125,175.68978881835938,110.50129699707031,56.738914489746094,107.9625244140625
2025-04-04,14.237844467163086,34.591278076171875,82.81682586669922,,135.86537170410156,28.368310928344727,104.99809265136719,45.441261291503906,96.406982421875,119.4359130859375,19.364465713500977,24.021690368652344,118.0770492553711,75.68397521972656,39.498165130615234,94.62324523925781,33.57236862182617,356.9154968261719,156.70339965820312,101.21953582763672,52.45201873779297,100.1939697265625
2025-04-07,14.031499862670898,34.884342193603516,82.2217788696289,,132.89736938476562,27.6908016204834,103.55442810058594,46.623863220214844,96.45516204833984,120.55892181396484,19.37415885925293,24.097679138183594,118.6524658203125,75.73078155517578,37.75416946411133,92.497314453125,31.989309310913086,381.6944885253906,160.67955017089844,103.13390350341797,52.72114181518555,98.84961700439453
2025-04-08,13.159219741821289,34.19076156616211,79.33293914794922,,129.843994140625,25.93895149230957,99.6888198852539,46.80125045776367,96.406982421875,115.44729614257812,18.666648864746094,23.945703506469727,115.61933898925781,73.6716079711914,35.18201446533203,88.93494415283203,30.840633392333984,369.64739990234375,156.1006622314453,101.69329071044922,52.221336364746094,96.76583099365234
2025-04-09,15.672883987426758,37.85405349731445,87.82672882080078,,138.4730682373047,30.07176399230957,108.32231903076172,49.442378997802734,100.06044006347656,130.6272735595703,21.390077590942383,24.933547973632812,128.17117309570312,79.42793273925781,39.19613265991211,98.76019287109375,34.7307014465332,417.9417724609375,168.81655883789062,112.05792999267578,54.2302131652832,101.59596252441406
2025-04-10,13.693843841552734,35.8123779296875,79.93758392333984,,127.99488830566406,26.858430862426758,99.35639953613281,47.7867431640625,95.96354675292969,119.23261260986328,19.645532608032227,24.49661636352539,118.52567291259766,76.03965759277344,35.53276443481445,92.88035583496094,31.41014862060547,392.5309753417969,157.90887451171875,105.39633178710938,52.93260955810547,95.95921325683594
2025-04-11,14.106534004211426,37.053016662597656,82.91279602050781,,128.61126708984375,27.323007583618164,103.08903503417969,48.92992401123047,99.6941146850586,124.89606475830078,20.42088508605957,25.142513275146484,120.37871551513672,77.275146484375,36.70191955566406,93.25384521484375,32.78084182739258,408.881591796875,159.00741577148438,107.0302963256836,54.201377868652344,99.04165649414062
2025-04-14,14.256604194641113,36.935791015625,82.97038269042969,,128.31729125976562,27.806943893432617,102.23423767089844,49.24528121948242,99.2121353149414,123.56974029541016,20.595340728759766,25.455963134765625,121.76359558105469,78.04266357421875,36.9260139465332,93.6751937866211,32.742225646972656,412.6624450683594,160.1448516845703,106.67256164550781,55.133731842041016,99.28173065185547
2025-04-15,13.965845108032227,37.2776985168457,82.26976776123047,,127.5776596069336,27.613372802734375,102.08226013183594,50.00411605834961,100.47493743896484,123.085693359375,20.595340728759766,25.854900360107422,119.20838165283203,78.77274322509766,36.82857894897461,92.13340759277344,32.58778381347656,418.1997985839844,163.36270141601562,103.98472595214844,56.2679328918457,99.00324249267578
2025-04-16,14.416051864624023,37.248390197753906,82.88401794433594,,128.355224609375,28.35862922668457,103.74520874023438,50.112510681152344,100.9761962890625,126.06746673583984,20.769794464111328,25.59844207763672,121.00289154052734,79.37176513671875,37.461875915527344,92.47816467285156,32.96424865722656,422.6025085449219,167.87356567382812,103.57864379882812,55.99879837036133,100.04994201660156
2025-04-17,15.110123634338379,38.01034927368164,85.39856719970703,,130.73533630371094,29.336181640625,105.91136932373047,50.24063491821289,102.63423919677734,133.25086975097656,21.835905075073242,25.740917205810547,124.56265258789062,80.71023559570312,38.689491271972656,94.90096282958984,33.89091110229492,429.56884765625,169.71099853515625,106.4115219116211,56.34482955932617,102.67144775390625
2025-04-21,14.537984848022461,36.92601776123047,84.02610778808594,,126.8095932006836,28.532848358154297,104.57909393310547,46.98849105834961,98.55663299560547,128.12957763671875,21.244699478149414,24.49661636352539,123.58736419677734,76.58251953125,38.01723098754883,92.8995132446289,33.41792678833008,413.1387939453125,159.9601287841797,105.23196411132812,54.24943542480469,101.1638412475586
2025-04-22,15.119503021240234,37.47307586669922,86.14716339111328,,130.19485473632812,30.197587966918945,106.69731140136719,47.8655891418457,99.29889678955078,132.18594360351562,20.062286376953125,25.265993118286133,128.1419219970703,78.6697769165039,38.94281768798828,96.62468719482422,33.408267974853516,433.4687805175781,166.1431121826172,108.7319564819336,55.94112777709961,103.99662017822266
2025-04-23,14.919307708740234,35.0601806640625,86.31031799316406,,129.60691833496094,30.081443786621094,106.93693542480469,48.04297637939453,101.2364730834961,131.2178192138672,19.97505760192871,25.265993118286133,130.97999572753906,79.24073028564453,38.80641555786133,98.4250259399414,32.848411560058594,440.17376708984375,167.55276489257812,110.70433044433594,56.21025848388672,103.10358428955078
2025-04-24,15.500826835632324,35.53885269165039,88.10505676269531,,131.8732452392578,30.458911895751953,108.74845123291016,48.11195755004883,100.6388168334961,131.8180694580078,20.55657196044922,25.5224552154541,134.139892578125,80.75701904296875,39.33253479003906,100.25410461425781,33.717159271240234,441.8574523925781,172.0733184814453,109.60212707519531,57.29640579223633,104.3134994506836
2025-04-25,15.586626052856445,35.60723114013672,88.02826690673828,,131.5508270263672,30.3427677154541,108.37464904785156,49.51136779785156,101.50639343261719,132.39892578125,20.207666397094727,25.503454208374023,134.04237365722656,80.78511047363281,39.32279586791992,99.56460571289062,33.32139587402344,441.4737548828125,172.67605590820312,110.09521484375,56.738914489746094,104.25589752197266
2025-04-28,15.7772855758667,35.37278366088867,89.18956756591797,,132.8499298095703,30.536340713500977,109.40021514892578,50.378604888916016,103.25117492675781,133.4251251220703,20.013824462890625,25.712421417236328,134.1789093017578,82.24524688720703,39.468936920166016,101.29792022705078,32.915985107421875,446.68359375,174.2606964111328,110.946044921875,57.344459533691406,104.3134994506836
2025-04-29,15.48176097869873,35.08948516845703,88.18182373046875,,132.0913543701172,30.294374465942383,108.24046325683594,50.47715377807617,103.59821319580078,132.29241943359375,19.87813949584961,25.845401763916016,134.89085388183594,82.23588562011719,39.31304931640625,101.50859832763672,32.925628662109375,440.0381164550781,173.15245056152344,111.69052124023438,57.35407257080078,104.05424499511719
2025-04-30,14.814444541931152,34.58151626586914,85.53292083740234,,129.01901245117188,29.43297004699707,105.74842834472656,48.722965240478516,100.15682220458984,127.80040740966797,19.209394454956055,25.25296401977539,134.0131072998047,76.90076446533203,38.39720916748047,99.65078735351562,32.09549331665039,426.3370361328125,167.08119201660156,112.24163055419922,56.29677200317383,101.43270874023438
2025-05-01,15.462693214416504,35.35324478149414,87.00133514404297,,129.20864868164062,30.15887451171875,107.04236602783203,49.6296272277832,99.70376586914062,130.53048706054688,19.316007614135742,25.25296401977539,134.31544494628906,75.7494888305664,39.400733947753906,99.07621765136719,32.5684814453125,432.04638671875,158.7124786376953,111.07173156738281,56.51783752441406,101.57675170898438
2025-05-02,15.691490173339844,36.24220275878906,87.73075103759766,,131.33274841308594,30.42987632751465,106.25641632080078,51.09801483154297,102.06549072265625,132.4473114013672,19.96536636352539,25.761865615844727,138.05076599121094,77.4810791015625,39.566368103027344,102.60987091064453,33.524105072021484,445.3637390136719,158.2529754638672,114.98748779296875,57.671268463134766,101.98967742919922
2025-05-05,14.776311874389648,35.90029525756836,84.08369445800781,,128.4879913330078,29.63622283935547,104.01358795166016,52.74378967285156,104.4465103149414,128.83628845214844,19.248165130615234,25.800273895263672,139.78675842285156,75.9646224975586,37.81262969970703,102.3704605102539,32.58778381347656,437.16693115234375,154.71385192871094,115.38388061523438,57.83467102050781,99.1664810180664
2025-05-06,14.995573043823242,35.78233337402344,84.10289001464844,,128.58282470703125,29.60718536376953,104.20528411865234,52.6748161315918,104.60073852539062,127.77135467529297,18.841102600097656,26.126737594604492,140.9766082763672,75.14952850341797,38.270545959472656,100.9244384765625,32.41403579711914,441.3116149902344,153.8046417236328,113.1214599609375,56.42172622680664,100.54927062988281
2025-05-07,14.757245063781738,35.6938591003418,84.17967224121094,,128.7629852294922,29.31682586669922,103.48643493652344,53.33507537841797,106.33589172363281,125.43820190429688,18.763568878173828,26.520416259765625,141.11314392089844,76.05940246582031,38.00748062133789,101.07766723632812,32.336814880371094,444.3680725097656,155.33956909179688,113.0731201171875,56.65240478515625,100.4532470703125
2025-05-08,15.424564361572266,35.63488006591797,85.24498748779297,,129.9482879638672,30.904132843017578,105.1541748046875,52.781558990478516,104.88993072509766,131.83741760253906,19.616455078125,25.9635066986084,146.2626190185547,77.95497131347656,40.375038146972656,104.56343078613281,33.12834930419922,425.8805847167969,156.4736328125,117.69466400146484,54.845375061035156,101.85523223876953
2025-05-09,15.939350128173828,35.87080764770508,85.02423858642578,,131.3232879638672,31.484853744506836,106.50563049316406,54.97584915161133,108.33131408691406,133.49288940429688,19.732759475708008,26.222753524780273,147.15988159179688,78.00234985351562,41.07653045654297,106.22012329101562,33.3503532409668,430.48175048828125,155.9945831298828,118.8548812866211,55.422088623046875,103.04595184326172
2025-05-12,16.88312530517578,36.981632232666016,88.55612182617188,,134.29127502441406,32.472084045410156,109.32353973388672,53.85894012451172,106.92391967773438,138.3625030517578,20.595340728759766,26.222753524780273,154.2306365966797,80.5992660522461,42.732845306396484,113.65132141113281,34.6052131652832,443.6205139160156,162.4764404296875,126.16427612304688,54.91265869140625,104.82245635986328
2025-05-13,17.59811019897461,37.53213119506836,90.3796615600586,,134.9835205078125,33.188316345214844,111.80599212646484,55.54913330078125,109.02538299560547,141.50885009765625,20.653491973876953,26.40519142150879,158.81443786621094,81.99250793457031,43.24922561645508,120.24937438964844,34.85618591308594,456.031494140625,165.71246337890625,130.63113403320312,55.81617736816406,105.11052703857422
2025-05-14,17.321651458740234,37.197898864746094,88.84405517578125,,134.33871459960938,32.86891174316406,110.79000091552734,55.707279205322266,109.22782135009766,140.20191955566406,20.575958251953125,26.366785049438477,159.47764587402344,82.08728790283203,42.69387435913086,119.4162368774414,34.75965881347656,465.0552978515625,164.8130340576172,129.8673095703125,55.94112777709961,104.16947937011719
2025-05-15,16.93079376220703,37.08976364135742,89.21835327148438,,134.8981475830078,32.326904296875,111.04878234863281,55.35144805908203,110.54065704345703,138.3789520263672,20.391813278198242,26.885286331176758,161.20387268066406,81.53756713867188,42.25543975830078,119.4832763671875,34.479736328125,468.75347900390625,162.7306365966797,130.8824920654297,56.48900604248047,105.2258071899414
2025-05-16,16.76873016357422,37.14874267578125,88.70968627929688,,134.74644470214844,32.191402435302734,110.70374298095703,55.213069915771484,110.47283935546875,137.57958984375,20.595340728759766,26.971702575683594,160.06280517578125,81.19636535644531,41.93391799926758,120.40260314941406,34.52799606323242,473.2024841308594,161.98760986328125,131.240234375,56.50823211669922,104.84784698486328
2025-05-19,16.511337280273438,37.2667121887207,87.50946807861328,,132.92283630371094,31.63971710205078,109.21810150146484,54.91654968261719,109.94963836669922,135.84437561035156,20.227046966552734,26.885286331176758,158.258544921875,80.30545806884766,41.22267532348633,118.13048553466797,33.89091110229492,469.7656555175781,160.9512939453125,129.87698364257812,56.2679328918457,103.18098449707031
2025-05-20,16.444604873657227,36.70637893676758,86.81256866455078,,131.7518768310547,31.13642120361328,107.90499877929688,55.48982620239258,111.34484100341797,134.86952209472656,19.849061965942383,26.866085052490234,157.53683471679688,79.3387222290039,40.823219299316406,116.89290618896484,33.36966323852539,453.4083557128906,158.31161499023438,128.91168212890625,56.48900604248047,101.70793151855469
2025-05-21,15.929816246032715,36.02809143066406,84.35405731201172,,130.110595703125,30.48794937133789,106.75482940673828,55.06480407714844,111.14137268066406,132.88084411621094,19.286930084228516,26.376386642456055,153.69207763671875,77.55689239501953,40.07300567626953,108.07518768310547,32.69396209716797,448.4300842285156,156.7864990234375,124.61168670654297,55.681610107421875,100.4577865600586
2025-05-22,15.958415985107422,35.96910858154297,83.36678314208984,,129.8514404296875,30.139514923095703,106.1893310546875,55.04503631591797,110.8313217163086,132.86134338378906,19.34507942199707,26.251562118530273,155.84005737304688,77.12091827392578,40.024288177490234,109.23541259765625,32.57813262939453,423.03912353515625,155.53509521484375,125.50874328613281,55.50859451293945,99.78910827636719
2025-05-23,16.063282012939453,36.11656188964844,82.45693969726562,,131.05120849609375,30.15887451171875,105.60466003417969,54.965965270996094,112.35248565673828,132.44215393066406,19.29662322998047,26.75086212158203,156.0558319091797,76.90291595458984,40.2288932800293,109.38043975830078,32.49126052856445,420.892333984375,156.87449645996094,125.34297943115234,56.700469970703125,99.84725189208984
2025-05-27,16.501802444458008,36.598243713378906,82.8053970336914,,132.28936767578125,30.3427677154541,106.61106872558594,55.90496063232422,113.63140869140625,134.03114318847656,19.354772567749023,27.06772232055664,159.2140350341797,77.47158813476562,40.55040740966797,110.54066467285156,32.75188446044922,411.3426208496094,157.8521270751953,127.4490966796875,57.76738357543945,100.32210540771484
2025-05-28,16.377872467041016,36.05757522583008,81.86651611328125,,130.5521240234375,29.868511199951172,105.86344146728516,54.85723876953125,111.79052734375,132.85159301757812,19.248165130615234,26.837278366088867,155.5654296875,76.38163757324219,40.063255310058594,109.03236389160156,32.41403579711914,403.4038391113281,155.7794952392578,123.76338958740234,58.26720428466797,98.9556655883789
2025-05-29,16.53040313720703,36.726043701171875,82.85379028320312,,132.3661346435547,30.110477447509766,105.3171157836914,54.72874450683594,112.0811996459961,134.3430938720703,19.46138572692871,26.8084716796875,156.85028076171875,76.4669418334961,40.3945198059082,110.87905883789062,32.51055908203125,396.387939453125,154.94850158691406,125.9377670288086,57.9307861328125,99.51776123046875
2025-05-30,16.215810775756836,36.42129898071289,82.61180877685547,,131.2047882080078,29.28778839111328,104.06151580810547,54.49152755737305,112.51719665527344,131.16510009765625,18.986482620239258,26.923694610595703,157.65455627441406,76.61859130859375,39.731998443603516,109.7188491821289,31.902437210083008,368.50286865234375,154.40101623535156,125.75250244140625,58.161468505859375,99.13980102539062
2025-06-02,16.520870208740234,36.68672180175781,83.93785095214844,,132.2989501953125,30.139514923095703,106.71647644042969,56.003807067871094,115.58858489990234,134.1286163330078,19.39354133605957,27.509410858154297,155.70274353027344,78.20138549804688,40.375038146972656,110.49231719970703,32.182373046875,367.7442626953125,158.7222442626953,125.0992202758789,58.89197540283203,99.86663055419922
2025-06-03,17.41698455810547,36.902992248535156,85.08967590332031,,133.94021606445312,30.98155975341797,108.1350326538086,55.993919372558594,114.54216766357422,138.7006378173828,19.800601959228516,27.422992706298828,158.86093139648438,78.89326477050781,41.59291076660156,112.12630462646484,32.925628662109375,373.12060546875,161.24459838867188,127.68310546875,58.73818588256836,100.59346771240234
2025-06-04,17.083322525024414,36.657230377197266,83.19255065917969,,131.8478546142578,30.546022415161133,106.17015075683594,54.847354888916016,112.58501434326172,135.84437561035156,19.556270599365234,26.914091110229492,153.93728637695312,76.31529235839844,40.83295822143555,108.75198364257812,32.3561897277832,365.2233581542969,157.08956909179688,123.38312530517578,57.7866096496582,99.13980102539062
2025-06-05,17.016592025756836,36.51960372924805,82.61180877685547,,131.396728515625,30.410520553588867,106.41935729980469,54.689208984375,111.97461700439453,133.9921417236328,19.49763298034668,27.115734100341797,155.17311096191406,76.9503173828125,40.745269775390625,108.51026916503906,32.200443267822266,362.08636474609375,160.4624786376953,123.71463775634766,58.20953369140625,98.68431854248047
2025-06-06,17.636241912841797,37.25687789916992,84.42180633544922,,134.57369995117188,31.252567291259766,109.31395721435547,55.73693084716797,113.69924926757812,137.02392578125,20.054706573486328,27.019712448120117,157.04644775390625,77.45263671875,41.44676971435547,110.50199890136719,32.96943283081055,368.7778015136719,163.36610412597656,125.14797973632812,58.20953369140625,101.04893493652344
2025-06-09,17.76017189025879,37.67958450317383,85.21550750732422,,135.1015625,31.601001739501953,109.58232879638672,54.264190673828125,111.36421203613281,138.55442810058594,20.523822784423828,26.43400001525879,157.19357299804688,76.88396453857422,42.128780364990234,112.25199890136719,33.21278762817383,366.05487060546875,159.16220092773438,125.0602035522461,57.344459533691406,101.72732543945312
2025-06-10,18.37982940673828,38.41685485839844,88.2547607421875,,137.58746337890625,32.39466094970703,112.98490905761719,53.10773468017578,109.06794738769531,141.9079132080078,21.256816864013672,26.289968490600586,159.51806640625,77.45263671875,43.02034378051758,114.76582336425781,34.5755615234375,364.2461853027344,161.44012451171875,128.63865661621094,56.671634674072266,103.9078140258789
2025-06-11,18.694419860839844,38.36770248413086,90.35514831542969,,138.9599609375,33.36252975463867,114.94019317626953,53.34496307373047,108.738525390625,145.17359924316406,21.686840057373047,26.42439842224121,161.4993133544922,78.5710220336914,43.93149948120117,116.94125366210938,34.74104309082031,364.38861083984375,165.98623657226562,130.7154998779297,57.1137809753418,105.9332504272461
2025-06-12,19.018543243408203,37.974491119384766,91.65216827392578,,139.142333984375,33.227027893066406,115.58236694335938,54.87700271606445,111.38359832763672,145.5732879638672,21.48160171508789,26.558820724487305,161.90142822265625,78.33407592773438,43.853118896484375,117.49236297607422,34.68264389038086,363.5571594238281,165.3605194091797,130.16949462890625,57.74816131591797,106.34027862548828
2025-06-13,20.029052734375,38.377532958984375,93.8493423461914,,140.04454040527344,34.2212028503418,120.07760620117188,56.18172073364258,112.83692169189453,151.01290893554688,22.664165496826172,26.53961944580078,162.960693359375,79.37663269042969,45.508880615234375,118.10147857666016,35.33482360839844,370.8713684082031,170.90382385253906,130.76426696777344,57.942012786865234,108.65644836425781
2025-06-16,19.542863845825195,38.32838439941406,91.95221710205078,,140.1597137451172,33.74360656738281,118.0648193359375,57.496315002441406,114.9200439453125,147.2305145263672,22.390512466430664,26.558820724487305,163.57859802246094,77.86018371582031,44.41157150268555,119.52275848388672,34.955196380615234,362.06646728515625,167.6677703857422,134.32321166992188,57.33138656616211,109.00532531738281
2025-06-17,19.809791564941406,38.92802810668945,92.43616485595703,,142.86636352539062,33.831329345703125,119.46420288085938,58.188209533691406,115.86955261230469,149.0827178955078,22.48824691772461,26.376386642456055,166.8152618408203,77.11144256591797,45.048404693603516,120.41226196289062,35.12067794799805,360.2776794433594,165.85911560058594,138.23318481445312,56.70137023925781,110.47836303710938
2025-06-18,19.36173439025879,38.31855010986328,90.79071807861328,,142.23289489746094,33.17829132080078,118.63990020751953,58.68241882324219,117.0128402709961,145.03712463378906,21.77480125427246,26.47240447998047,164.20631408691406,76.93135833740234,44.4311637878418,120.6829833984375,34.896785736083984,357.6739807128906,165.53651428222656,135.9418182373047,57.302303314208984,109.69339752197266
2025-06-20,19.037609100341797,38.33821487426758,91.65216827392578,,143.53822326660156,33.42196273803711,120.11595153808594,59.740028381347656,118.25302124023438,145.10536193847656,21.77480125427246,26.894887924194336,165.87367248535156,78.06869506835938,44.70549392700195,120.64430236816406,34.88705825805664,359.1546936035156,166.84657287597656,137.57989501953125,58.630184173583984,111.15674591064453
2025-06-23,17.5313777923584,37.18806457519531,88.76776885986328,,140.95635986328125,31.99892234802246,116.92423248291016,58.68241882324219,117.67168426513672,137.59906005859375,20.29903793334961,26.971702575683594,163.41188049316406,75.68029022216797,43.05953598022461,117.01860046386719,32.833152770996094,347.82232666015625,161.049072265625,133.64065551757812,58.62049102783203,108.2881851196289
2025-06-24,17.33118438720703,37.32569122314453,86.5221939086914,,137.77940368652344,31.53107261657715,115.66863250732422,59.64118576049805,118.71809387207031,135.84437561035156,20.30881118774414,27.403789520263672,162.1171875,76.35321807861328,41.61931610107422,115.50062561035156,32.609275817871094,351.11505126953125,163.98202514648438,132.4608612060547,59.240814208984375,104.99320220947266
2025-06-25,16.96892738342285,36.94231414794922,86.14471435546875,,137.47227478027344,31.3166446685791,114.84434509277344,57.55562210083008,115.37542724609375,134.5673065185547,19.800601959228516,27.182947158813477,162.509521484375,76.00253295898438,41.56053161621094,115.66500091552734,32.29778289794922,343.2774353027344,166.6803741455078,132.33409118652344,58.824031829833984,105.02229309082031
2025-06-26,17.588577270507812,37.66975402832031,87.97406768798828,,138.63363647460938,31.65778350830078,116.0999526977539,57.4765510559082,114.9781723022461,137.32611083984375,20.171987533569336,27.73985481262207,164.3043975830078,77.07351684570312,42.2855339050293,116.18710327148438,32.930503845214844,356.2528991699219,171.9108123779297,133.55291748046875,60.937007904052734,106.59223937988281
2025-06-27,17.69344139099121,37.41416931152344,87.27717590332031,,138.00978088378906,31.43360137939453,115.78365325927734,57.63469696044922,115.25914764404297,136.25379943847656,20.10357666015625,27.82627296447754,164.19651794433594,77.0071792602539,41.73688507080078,115.29759979248047,33.105712890625,349.6243591308594,170.48342895507812,131.3297882080078,60.74315643310547,106.00108337402344
2025-06-30,17.43604850769043,37.68941116333008,86.86096954345703,,137.4338836669922,31.004741668701172,114.64307403564453,57.64458084106445,113.302001953125,133.9434051513672,19.91788101196289,28.229549407958984,162.9214630126953,77.36734008789062,41.15884017944336,115.34593200683594,32.90129470825195,349.9390869140625,170.1901397705078,131.0665283203125,60.87885284423828,104.46990203857422
2025-07-01,18.055700302124023,38.03347396850586,89.03878784179688,,139.71823120117188,31.8234806060791,116.15746307373047,55.0746955871582,107.73088073730469,136.6729736328125,20.729061126708984,27.2021484375,166.687744140625,76.76074981689453,41.99161911010742,119.06834411621094,34.26407241821289,354.01025390625,168.1272735595703,134.5669708251953,56.91460037231445,105.86540985107422
2025-07-02,18.580020904541016,39.15413284301758,91.41018676757812,,142.0313262939453,32.564239501953125,117.77728271484375,55.48982620239258,106.9073257446289,138.39845275878906,21.217723846435547,27.36538314819336,171.11119079589844,77.85069274902344,43.03993606567383,122.26863098144531,34.955196380615234,355.0934753417969,169.89683532714844,138.5159454345703,57.32168960571289,107.61949920654297
2025-07-03,18.618152618408203,38.967350006103516,90.674560546875,,142.4056396484375,32.388797760009766,118.03607177734375,54.66944122314453,105.35709381103516,137.35536193847656,21.032032012939453,27.278963088989258,172.67066955566406,77.85069274902344,42.91257095336914,123.07111358642578,34.70211410522461,356.4251403808594,169.6426544189453,140.97308349609375,56.83706283569336,108.73397064208984
2025-07-07,18.50375747680664,38.42668914794922,89.58082580566406,,141.47463989257812,31.852718353271484,114.64307403564453,55.50959396362305,105.51212310791016,134.4503173828125,20.416318893432617,27.2021484375,173.06298828125,75.98358154296875,42.47168731689453,122.21061706542969,34.02071762084961,342.4957275390625,168.60635375976562,140.15402221679688,56.68198013305664,107.67764282226562
2025-07-08,19.542863845825195,39.429378509521484,92.71686553955078,,147.0798797607422,34.036006927490234,118.80284881591797,54.22465515136719,103.07052612304688,140.14340209960938,21.65751838684082,27.01011085510254,176.47618103027344,77.33889770507812,44.823062896728516,125.69129180908203,35.568443298339844,346.6529846191406,170.5030059814453,144.96102905273438,55.9162712097168,110.6624984741211
2025-07-09,19.49519920349121,38.66261672973633,91.4972915649414,,146.86874389648438,33.7143669128418,116.8283920288086,54.24441909790039,101.9272232055664,138.54466247558594,21.54024314880371,26.693248748779297,175.828857421875,76.921875,44.64670944213867,126.18439483642578,35.28615951538086,347.0107421875,166.87588500976562,145.35105895996094,56.071353912353516,110.28456115722656
2025-07-10,19.44753074645996,39.036163330078125,92.31034851074219,,147.97251892089844,33.09056854248047,116.67503356933594,53.88859176635742,101.9272232055664,139.4317626953125,21.65751838684082,26.68364906311035,178.76145935058594,76.6849365234375,44.92103576660156,129.93580627441406,35.67552185058594,348.16351318359375,166.92477416992188,150.94784545898438,56.003501892089844,111.37964630126953
2025-07-11,19.17107391357422,40.009368896484375,92.54265594482422,,149.06666564941406,33.11006164550781,117.93063354492188,54.689208984375,102.28572082519531,140.69908142089844,22.556659698486328,26.73165512084961,176.40753173828125,77.09247589111328,45.3717155456543,127.34463500976562,36.31797409057617,346.75567626953125,168.058837890625,149.23175048828125,56.42997360229492,111.86419677734375
2025-07-14,18.56095314025879,39.193450927734375,91.14884185791016,,145.55380249023438,32.359554290771484,117.50890350341797,57.60504150390625,106.17096710205078,138.3887176513672,21.52069664001465,27.192548751831055,172.25872802734375,77.31995391845703,44.156837463378906,124.73411560058594,35.2569580078125,343.7312927246094,168.60635375976562,145.1560516357422,57.22476577758789,110.40083312988281
2025-07-15,17.779237747192383,38.32838439941406,89.58082580566406,,144.6324005126953,31.355627059936523,114.7389144897461,57.56550979614258,104.16536712646484,134.41134643554688,20.90498161315918,26.82767677307129,172.24888610839844,75.76559448242188,41.82505798339844,124.01863861083984,34.13752746582031,325.5120544433594,165.5267333984375,145.08779907226562,56.57536315917969,109.42205047607422
2025-07-16,17.29305076599121,38.023643493652344,88.57418823242188,,143.89334106445312,30.946260452270508,113.86671447753906,58.49462127685547,104.94046783447266,133.0368194580078,20.758380889892578,26.798870086669922,169.061279296875,75.03580474853516,41.76627731323242,119.57109832763672,33.67029571533203,326.84039306640625,162.28091430664062,139.61773681640625,56.68198013305664,108.76304626464844
2025-07-17,17.960371017456055,38.515159606933594,89.83247375488281,,145.29466247558594,31.9501895904541,114.4513931274414,58.06959915161133,104.78545379638672,137.38461303710938,21.05158042907715,26.39558982849121,170.82675170898438,76.9977035522461,42.66763687133789,121.03105163574219,33.748165130615234,328.6821594238281,162.7599639892578,141.06082153320312,56.30397033691406,108.21065521240234
2025-07-18,17.941301345825195,39.04599380493164,88.70001220703125,,144.00852966308594,32.01841354370117,113.72657775878906,58.50450134277344,105.26020050048828,137.81353759765625,20.738834381103516,26.770063400268555,170.86599731445312,78.95014190673828,42.7362174987793,121.72718811035156,32.43406295776367,330.3020324707031,167.28651428222656,142.50389099121094,57.52523422241211,104.4408187866211
2025-07-21,17.73157501220703,39.17378616333008,88.0805435180664,,143.66297912597656,31.53107261657715,112.5765609741211,52.91993713378906,96.3173599243164,136.32203674316406,20.69974136352539,26.030719757080078,171.52313232421875,76.18260955810547,42.128780364990234,121.87222290039062,32.64821243286133,321.308349609375,159.65101623535156,142.63064575195312,55.906578063964844,104.71217346191406
2025-07-22,18.108430862426758,39.34090805053711,89.99702453613281,,144.00852966308594,31.979427337646484,113.96817016601562,53.71067428588867,96.5111312866211,138.25222778320312,20.90498161315918,25.896289825439453,171.8860321044922,76.52381134033203,42.67743682861328,121.97857666015625,33.43667221069336,310.5126037597656,158.89820861816406,141.48983764648438,55.59642028808594,105.18704223632812
2025-07-23,18.552928924560547,43.92183303833008,91.99093627929688,,146.96469116210938,32.39854431152344,114.88626098632812,51.358238220214844,95.62944030761719,140.0751953125,21.47182846069336,25.74266242980957,174.13204956054688,77.40524291992188,43.53960418701172,123.61255645751953,34.205665588378906,308.4952392578125,161.2348175048828,143.8592071533203,55.93566131591797,106.53409576416016
2025-07-24,18.64955711364746,44.94417953491211,92.55233001708984,,149.56576538085938,32.45702362060547,115.05055236816406,53.40426254272461,96.5014419555664,141.64466857910156,21.911624908447266,26.32837677001953,168.02163696289062,77.72749328613281,43.72575378417969,120.19955444335938,34.30301284790039,321.1361083984375,161.93875122070312,136.83883666992188,56.94368362426758,107.36753845214844
2025-07-25,18.456298828125,45.26858139038086,91.90381622314453,,148.6155548095703,32.106136322021484,114.41272735595703,51.5855712890625,95.11592864990234,140.97203063964844,21.940946578979492,26.299571990966797,168.2766571044922,77.28204345703125,43.804134368896484,120.82801055908203,34.526893615722656,324.39898681640625,161.89962768554688,138.4281768798828,56.042274475097656,106.98957824707031
2025-07-28,18.91045570373535,45.76009750366211,93.90740966796875,,149.99766540527344,33.227027893066406,117.5632095336914,51.308815002441406,95.0771713256836,146.7333526611328,22.322101593017578,26.126737594604492,171.44467163085938,77.53793334960938,44.62711715698242,123.4578628540039,35.04280471801758,323.49798583984375,163.58120727539062,141.1388397216797,55.74180221557617,107.99745178222656
2025-07-29,19.01675033569336,44.97367477416992,94.8462905883789,,150.71751403808594,33.353736877441406,119.0128173828125,52.48503494262695,96.27859497070312,148.66354370117188,22.556659698486328,26.770063400268555,172.06256103515625,79.11125183105469,44.538936614990234,124.15400695800781,34.68264389038086,329.1459655761719,165.77114868164062,141.1193084716797,57.079376220703125,109.39295959472656
2025-07-30,18.8234920501709,44.75740432739258,93.56864166259766,,147.38702392578125,32.90537643432617,117.16698455810547,52.74202346801758,100.96802520751953,147.20127868652344,21.89207649230957,26.894887924194336,167.50181579589844,77.8980941772461,43.51021194458008,120.27690124511719,33.26145553588867,326.65155029296875,163.63006591796875,135.89303588867188,57.418617248535156,108.44324493408203
2025-07-31,18.639894485473633,44.28554916381836,92.28130340576172,,145.54420471191406,32.379051208496094,115.98796081542969,53.127506256103516,101.5202865600586,144.92015075683594,21.89207649230957,27.22771453857422,166.92315673828125,77.82227325439453,43.04973220825195,119.48409271240234,32.90129470825195,320.7021484375,163.66941833496094,134.97882080078125,58.10678482055664,108.19127655029297
2025-08-01,17.837865829467773,42.77167892456055,89.78408813476562,,145.3138427734375,31.326387405395508,112.68284606933594,51.73383712768555,98.79772186279297,142.4635467529297,21.110218048095703,27.26652717590332,162.35260009765625,75.81623840332031,42.53047561645508,115.63599395751953,32.17123794555664,309.6612548828125,160.23687744140625,130.91893005371094,58.41694259643555,106.25305938720703
2025-08-04,17.654272079467773,43.00761032104492,89.8711929321289,,144.9683074951172,31.131450653076172,113.07908630371094,51.2692756652832,98.08074188232422,144.06228637695312,21.178632736206055,27.441190719604492,164.73594665527344,76.62250518798828,41.99161911010742,117.4343490600586,32.00576400756836,315.3721923828125,162.1055908203125,132.7473602294922,58.40725326538086,104.05318450927734
2025-08-05,17.963485717773438,43.3040771484375,90.2099609375,,146.88790893554688,31.492088317871094,113.82321166992188,51.09136199951172,97.89664459228516,142.01510620117188,21.188405990600586,27.208309173583984,165.67752075195312,72.65843963623047,42.207157135009766,118.02413177490234,32.609275817871094,317.61480712890625,160.93519592285156,134.50697326660156,57.185997009277344,103.92720031738281
2025-08-06,17.45134735107422,42.91866683959961,90.12285614013672,,146.63836669921875,31.6285400390625,112.6731948852539,51.01997756958008,98.4876708984375,140.7283172607422,20.738834381103516,25.95656967163086,159.32191467285156,72.20732116699219,41.6781005859375,115.86803436279297,31.986289978027344,314.90179443359375,160.36474609375,131.19419860839844,56.83706283569336,103.21974182128906
2025-08-07,18.80416488647461,42.4344367980957,89.62921905517578,,147.00311279296875,31.57006072998047,112.07402038574219,50.80186462402344,96.89869689941406,137.56982421875,20.406543731689453,25.96627426147461,158.40975952148438,72.44728088378906,42.706825256347656,115.34593200683594,31.918155670166016,287.3542175292969,164.14151000976562,130.33897399902344,56.11012268066406,102.67703247070312
2025-08-08,19.335628509521484,42.78031921386719,90.8971939086914,,148.7787322998047,32.43752670288086,112.37361145019531,50.85143280029297,96.05575561523438,138.45693969726562,20.42609214782715,26.092416763305664,157.7526397705078,71.46825408935547,43.42203140258789,115.18156433105469,31.996023178100586,285.5787048339844,162.3711395263672,131.02706909179688,56.11012268066406,103.50079345703125
2025-08-11,19.2486629486084,42.197265625,90.52937316894531,,147.28143310546875,32.03791046142578,112.91478729248047,51.37690353393555,94.91246032714844,133.3975067138672,20.035158157348633,26.092416763305664,155.54580688476562,70.6907958984375,42.824398040771484,114.44676971435547,31.50931739807129,283.1704406738281,163.37437438964844,129.53289794921875,56.27489471435547,102.56075286865234
2025-08-12,19.751136779785156,42.00950241088867,91.55535888671875,,148.2316436767578,32.47651672363281,114.04549407958984,50.831607818603516,92.9068603515625,135.00601196289062,20.494503021240234,25.772205352783203,156.0558319091797,71.0747299194336,43.25548553466797,116.06140899658203,32.06415939331055,283.8263244628906,165.27256774902344,131.1155548095703,55.9841194152832,102.85147857666016
2025-08-13,19.867090225219727,42.345497131347656,92.80398559570312,,149.60414123535156,32.7689208984375,115.45643615722656,51.0398063659668,93.45912170410156,136.45851135253906,20.719289779663086,26.073013305664062,158.62554931640625,72.30330657958984,43.84332275390625,118.5172348022461,32.65794372558594,292.2999572753906,163.99398803710938,133.83853149414062,56.08104705810547,104.27606964111328
2025-08-14,19.79945182800293,42.74079132080078,92.58136749267578,,148.92271423339844,32.993099212646484,115.76568603515625,51.60493469238281,93.45420837402344,138.21603393554688,20.86588478088379,26.053606033325195,159.2042236328125,71.79460144042969,43.862918853759766,118.6622543334961,32.33672332763672,302.2907409667969,162.7842254638672,133.51412963867188,55.57703399658203,104.0628662109375
2025-08-15,19.7897891998291,42.29608917236328,92.27163696289062,,150.25682067871094,32.83715057373047,114.99256134033203,52.39809036254883,93.59193420410156,137.67601013183594,20.641103744506836,25.878942489624023,159.22381591796875,70.95954895019531,43.70615768432617,119.51309204101562,32.11283493041992,292.2204284667969,160.50244140625,134.47750854492188,55.69334411621094,104.16068267822266
2025-08-18,19.722148895263672,42.36526107788086,91.7348861694336,,149.07627868652344,32.7006950378418,113.77490234375,50.06818771362305,91.52589416503906,136.98870849609375,20.84634017944336,25.451993942260742,159.5474853515625,70.10531616210938,43.31426239013672,118.76860809326172,32.414588928222656,295.4999084472656,158.39768981933594,134.48731994628906,54.78224182128906,104.38565063476562
2025-08-19,19.557878494262695,42.44432067871094,91.50067138671875,,147.51377868652344,32.72993850708008,113.378662109375,50.107845306396484,91.54557800292969,136.43887329101562,20.631330490112305,25.61695098876953,161.2246856689453,70.54683685302734,43.06932830810547,119.28609466552734,32.45353317260742,298.8555603027344,158.12229919433594,135.58831787109375,54.83070755004883,105.07034301757812
2025-08-20,19.65450668334961,42.345497131347656,92.60343170166016,,148.69778442382812,32.924869537353516,114.38372802734375,50.901004791259766,92.48020935058594,135.36865234375,20.621553421020508,25.781909942626953,163.5424041748047,70.71959686279297,43.373046875,120.6530532836914,32.47299575805664,296.4009094238281,160.18771362304688,138.12449645996094,55.46072769165039,106.15605926513672
2025-08-21,19.93473243713379,42.94831466674805,92.49608612060547,,150.95901489257812,33.032081604003906,114.52870178222656,51.60493469238281,93.9067611694336,135.49627685546875,20.797473907470703,26.024494171142578,162.6744842529297,71.04593658447266,43.65717315673828,121.51226806640625,32.911033630371094,291.60101318359375,159.43040466308594,137.90823364257812,56.02288818359375,106.84075164794922
2025-08-22,20.91069221496582,44.233009338378906,94.44789123535156,,153.5113983154297,34.26993942260742,117.04135131835938,51.5256233215332,93.12954711914062,140.6804962158203,21.76502799987793,25.90805435180664,168.53289794921875,71.8329849243164,44.90144729614258,126.87268829345703,34.663169860839844,301.98602294921875,160.5712890625,142.9019775390625,55.315338134765625,108.84590911865234
2025-08-25,21.60643196105957,43.90689468383789,95.81415557861328,,153.53079223632812,34.864498138427734,117.35060119628906,51.36698913574219,93.0901870727539,142.6343994140625,21.833438873291016,25.694578170776367,169.81503295898438,71.43946838378906,45.45989990234375,126.46260070800781,34.70211410522461,298.3454284667969,158.52554321289062,144.6124725341797,55.08271789550781,109.29584503173828
2025-08-26,21.37451934814453,43.92666244506836,94.71139526367188,,152.71559143066406,34.338165283203125,117.22496795654297,52.25929260253906,94.72335815429688,141.34815979003906,21.383867263793945,25.830427169799805,171.1267547607422,71.42987060546875,45.1071891784668,126.82386779785156,34.380882263183594,301.79052734375,160.39425659179688,144.45516967773438,55.37348937988281,109.05130767822266
2025-08-27,21.82868003845215,44.25277328491211,95.54090118408203,,154.5401153564453,34.659812927246094,118.75188446044922,50.910919189453125,93.75920104980469,144.39190673828125,21.79434585571289,26.034196853637695,175.4466094970703,72.0633544921875,45.92036437988281,129.4894256591797,35.02333068847656,301.015380859375,162.4498291015625,148.2103271484375,55.7224235534668,110.28375244140625
2025-08-28,22.205533981323242,45.03347396850586,96.07765197753906,,154.6177520751953,34.971710205078125,120.16283416748047,51.91228485107422,95.66783142089844,146.463623046875,22.11686134338379,26.208858489990234,176.83724975585938,72.8407974243164,46.54740524291992,129.6944580078125,35.510040283203125,305.38470458984375,164.21035766601562,148.59368896484375,56.216739654541016,110.8706283569336
2025-08-29,22.43744468688965,44.865478515625,96.58512115478516,,155.85997009277344,35.1861457824707,120.626708984375,51.396732330322266,95.21526336669922,146.06106567382812,22.2145938873291,26.179746627807617,177.2416229248047,73.31111145019531,46.64537811279297,130.4267578125,35.860469818115234,309.2239990234375,164.99717712402344,149.42926025390625,56.10042953491211,111.79006958007812
2025-09-02,23.03655242919922,44.82594680786133,96.6046371459961,,157.0536651611328,35.4980354309082,121.86370849609375,51.93210983276367,96.62214660644531,147.14111328125,22.17550277709961,25.946866989135742,177.67555236816406,71.62183380126953,47.07646179199219,130.6806182861328,34.94546127319336,312.6882629394531,163.97430419921875,151.6607208251953,55.61580276489258,112.18132019042969
2025-09-03,21.9156436920166,44.47018814086914,92.36922454833984,,153.39492797851562,34.19196701049805,116.52915954589844,51.10921096801758,95.51041412353516,139.70843505859375,21.259729385375977,25.937162399291992,176.54136657714844,70.90196990966797,45.361915588378906,127.44876098632812,34.34202575683594,301.7910461425781,160.8565216064453,152.74205017089844,55.955039978027344,109.4621353149414
2025-09-04,22.650033950805664,45.77464294433594,93.46222686767578,,153.03585815429688,34.67930603027344,117.51488494873047,51.35707092285156,95.09721374511719,140.15029907226562,22.126266479492188,25.917757034301758,176.52162170410156,71.39146423339844,45.6656379699707,128.4739532470703,35.333030700683594,308.2450866699219,163.79727172851562,152.7518768310547,55.809654235839844,109.94142150878906
2025-09-05,21.983285903930664,45.043357849121094,90.71018981933594,,149.12478637695312,33.88005828857422,113.96817016601562,51.15877914428711,93.96580505371094,136.1934051513672,21.76192855834961,25.80131721496582,177.80377197265625,69.71178436279297,44.979820251464844,128.44467163085938,35.1466064453125,295.0582580566406,159.67628479003906,154.1084747314453,55.44133758544922,106.84075164794922
2025-09-08,21.509801864624023,45.1026496887207,89.1975326538086,,149.4547576904297,33.636390686035156,113.69759368896484,50.32596206665039,92.99180603027344,134.78933715820312,21.43697738647461,25.694578170776367,178.70127868652344,68.4928207397461,44.4605598449707,127.13632202148438,35.10736083984375,302.8197021484375,157.87640380859375,154.6884307861328,55.10209655761719,107.44718933105469
2025-09-09,20.930021286010742,44.914886474609375,89.64645385742188,,150.27967834472656,33.44145584106445,113.36901092529297,49.82032775878906,93.19841766357422,133.8173065185547,21.417282104492188,25.849830627441406,180.6639404296875,68.95352935791016,44.22541809082031,129.16720581054688,35.10736083984375,298.6851501464844,158.6239013671875,159.08255004882812,55.79996109008789,108.22969055175781
2025-09-10,22.505088806152344,46.36758041381836,92.04717254638672,,153.1328887939453,34.62082290649414,116.21990966796875,50.73245620727539,94.91028594970703,137.1065216064453,22.25428009033203,26.56788444519043,179.19439697265625,70.4028549194336,45.61423873901367,128.31773376464844,35.480220794677734,311.13201904296875,160.71881103515625,155.80908203125,56.953372955322266,110.03922271728516
2025-09-11,22.205533981323242,46.4169921875,91.86174774169922,,153.57931518554688,34.39665222167969,115.96863555908203,50.524253845214844,94.29045867919922,135.90867614746094,21.968713760375977,26.752248764038086,179.805908203125,70.35487365722656,45.32859420776367,129.39178466796875,35.3526611328125,311.58331298828125,162.51869201660156,154.91452026367188,57.5058479309082,109.68709564208984
2025-09-12,22.070253372192383,45.94264602661133,90.20272064208984,,152.4729766845703,33.88981246948242,114.1904525756836,50.504425048828125,94.6643295288086,134.3966064453125,21.889938354492188,26.761951446533203,177.80377197265625,70.11491394042969,44.98385238647461,127.6928482055664,34.90130615234375,310.9793701171875,163.63992309570312,154.05929565429688,57.486297607421875,109.7066650390625
2025-09-15,22.13789176940918,45.73511505126953,90.1051254272461,,152.6670684814453,33.14390563964844,113.5912857055664,49.552635192871094,94.03466033935547,132.0892333984375,21.4566707611084,26.548477172851562,177.46844482421875,69.69258880615234,44.786861419677734,128.08340454101562,34.11634826660156,306.4499206542969,160.64013671875,154.89486694335938,57.08552932739258,109.89250183105469
2025-09-16,23.68397331237793,46.67393112182617,92.26187133789062,,154.83123779296875,34.3216552734375,116.7804183959961,49.522891998291016,95.94329833984375,135.90867614746094,22.0770320892334,26.40292739868164,180.4765625,69.6637954711914,47.042449951171875,129.8994903564453,34.5775146484375,310.48162841796875,160.25657653808594,159.87879943847656,56.645652770996094,112.17153930664062
2025-09-17,23.345766067504883,45.93275833129883,91.5592269897461,,155.36502075195312,34.75349807739258,115.81401062011719,49.56254959106445,98.0683822631836,137.92147827148438,21.90963363647461,26.752248764038086,182.14334106445312,69.93254089355469,46.481014251708984,129.9971466064453,34.13597106933594,302.9590759277344,163.77760314941406,160.8913116455078,57.69157028198242,112.76819610595703
2025-09-18,23.094528198242188,46.72333908081055,91.2274169921875,,154.15191650390625,34.36091232299805,114.34507751464844,48.96767807006836,97.29115295410156,138.08839416503906,22.01795196533203,26.849281311035156,182.488525390625,70.62361145019531,46.64846420288086,128.24940490722656,34.0869140625,303.0487060546875,167.3183135986328,161.06825256347656,59.020957946777344,111.43795013427734
2025-09-19,22.688682556152344,46.78263473510742,89.70500183105469,,151.5995330810547,33.330379486083984,112.10301208496094,48.76939010620117,96.90745544433594,137.13600158691406,22.16565704345703,26.60669708251953,182.9126434326172,68.67517852783203,45.40739059448242,126.65786743164062,33.78274154663086,290.3828125,161.72201538085938,159.859130859375,58.75703811645508,110.35222625732422
2025-09-22,22.81430435180664,47.10874938964844,89.79283905029297,,151.4442596435547,33.09482955932617,111.53284454345703,49.542720794677734,96.67134094238281,136.3112335205078,22.264127731323242,26.373817443847656,184.67803955078125,68.74237060546875,45.0724983215332,126.51142883300781,33.28232192993164,291.0,162.49900817871094,163.61428833007812,58.805912017822266,109.56971740722656
2025-09-23,23.181495666503906,48.35391616821289,91.2176513671875,,152.7738037109375,33.840736389160156,111.78409576416016,50.51434326171875,99.09156799316406,139.60044860839844,23.898733139038086,26.655214309692383,188.2483367919922,69.6829833984375,45.72258758544922,129.15744018554688,33.841609954833984,309.02490234375,167.33798217773438,167.49720764160156,60.00822830200195,111.4574966430664
2025-09-24,23.597003936767578,49.2828483581543,93.32559967041016,,154.48187255859375,34.55720520019531,112.77950286865234,52.626129150390625,101.4330825805664,141.98635864257812,24.066133499145508,26.99483299255371,190.44769287109375,70.70999145507812,46.185523986816406,133.36569213867188,33.959354400634766,310.25927734375,169.35423278808594,167.9297637939453,61.44514465332031,112.05416107177734
2025-09-25,23.51970100402832,49.51013946533203,94.4771728515625,,155.97640991210938,35.097007751464844,113.35934448242188,53.4688606262207,102.69239044189453,143.1449432373047,24.282766342163086,27.101572036743164,193.7418212890625,70.48925018310547,46.284027099609375,135.7969207763672,33.939735412597656,307.1301574707031,168.91163635253906,171.4587860107422,61.885013580322266,113.0616226196289
2025-09-26,23.8579044342041,49.925193786621094,96.10693359375,,155.43295288085938,36.304203033447266,113.36901092529297,53.59775161743164,104.0599136352539,145.56033325195312,24.72588348388672,27.37326431274414,195.96092224121094,70.9211654663086,46.75680923461914,136.16795349121094,34.85224533081055,316.6569519042969,171.3212890625,172.6482696533203,62.56925582885742,114.65599060058594
2025-09-29,23.51970100402832,49.95484161376953,93.54029846191406,,151.49278259277344,34.861454010009766,109.54203796386719,53.994327545166016,105.08309936523438,140.9750518798828,24.617565155029297,27.528520584106445,193.7714080810547,70.16290283203125,47.37734603881836,134.32257080078125,34.44995880126953,305.4942626953125,166.30528259277344,169.21751403808594,62.530155181884766,111.72160339355469
2025-09-30,23.46172332763672,48.14638900756836,92.3106689453125,,150.7066650390625,34.40998458862305,108.35336303710938,53.9645881652832,104.52230834960938,140.50375366210938,24.223684310913086,27.470300674438477,190.0926513671875,70.03813171386719,46.54011917114258,132.80917358398438,33.72386932373047,309.8079833984375,164.78079223632812,167.36941528320312,61.924110412597656,110.28375244140625
2025-10-01,24.215435028076172,47.79062271118164,93.15970611572266,,150.01763916015625,34.6651611328125,107.53191375732422,55.67979049682617,107.41477966308594,140.93576049804688,24.519094467163086,27.460596084594727,189.66854858398438,70.0477294921875,47.0030517578125,131.4129180908203,34.43033218383789,317.88470458984375,165.30209350585938,164.82339477539062,62.2564582824707,109.54036712646484
2025-10-02,23.0752010345459,47.83015441894531,91.12982177734375,,148.8433380126953,33.68370056152344,106.69114685058594,55.28321075439453,106.11612701416016,140.59213256835938,24.007049560546875,27.38296890258789,189.59951782226562,69.55821228027344,43.565486907958984,131.75465393066406,33.468753814697266,321.1233215332031,159.97132873535156,161.90382385253906,62.61812973022461,108.8556900024414
2025-10-03,23.712961196899414,47.92897415161133,91.89102935791016,,149.01803588867188,33.91925811767578,107.10670471191406,55.5509033203125,105.70291900634766,144.79446411132812,23.938119888305664,27.615848541259766,190.4871368408203,69.96134185791016,44.17617416381836,129.8701934814453,33.61593246459961,313.8728942871094,159.62709045410156,157.67681884765625,63.02867889404297,110.78260040283203
2025-10-06,24.273414611816406,48.50215148925781,92.62295532226562,,149.4741668701172,34.26276779174805,106.73946380615234,56.700984954833984,105.98822784423828,146.39491271972656,23.987356185913086,27.101572036743164,190.86192321777344,69.80776977539062,44.71791076660156,129.78231811523438,33.939735412597656,323.6651306152344,159.92218017578125,160.6455535888672,62.14893341064453,111.70203399658203
2025-10-07,24.23476219177246,48.00804138183594,92.93524932861328,,150.33790588378906,34.341285705566406,106.73946380615234,56.671241760253906,107.2475357055664,146.20834350585938,23.908580780029297,27.179197311401367,188.90911865234375,69.53901672363281,44.648963928222656,129.2453155517578,33.76311492919922,318.4255676269531,163.69891357421875,160.39979553222656,62.530155181884766,111.76072692871094
2025-10-08,23.770938873291016,47.28662872314453,91.49090576171875,,149.2024383544922,34.3216552734375,106.78778839111328,55.92765426635742,106.92286682128906,146.36544799804688,23.554086685180664,27.305341720581055,186.1179962158203,69.4718246459961,44.36331558227539,128.20057678222656,33.33138656616211,316.2056579589844,165.7151641845703,159.6822052001953,62.070735931396484,111.5259780883789
2025-10-09,22.86261558532715,47.32615661621094,89.73428344726562,,147.16441345214844,33.7131462097168,108.16007995605469,54.45039367675781,104.26652526855469,141.59361267089844,23.04203987121582,26.703731536865234,184.98377990722656,68.3872299194336,43.851131439208984,127.99552917480469,32.507179260253906,301.8939208984375,158.64358520507812,159.25949096679688,61.67973709106445,110.44026184082031
2025-10-10,21.200584411621094,44.50971603393555,85.52813720703125,,144.50526428222656,31.897449493408203,104.43942260742188,52.6657829284668,100.10982513427734,137.28326416015625,21.6339168548584,26.29619026184082,178.4053955078125,66.31401824951172,41.51673889160156,123.76774597167969,31.123685836791992,295.078125,149.8999786376953,155.3372344970703,61.20077133178711,108.30793762207031
2025-10-13,22.050928115844727,44.95441818237305,86.64067077636719,,147.45555114746094,32.59428787231445,106.03399658203125,53.201168060302734,101.0198745727539,139.53172302246094,22.15580940246582,26.529069900512695,180.88092041015625,66.77473449707031,41.78268051147461,126.7262191772461,31.663345336914062,296.0669860839844,149.27052307128906,158.669677734375,61.26919174194336,109.78490447998047
2025-10-14,22.13789176940918,44.302188873291016,86.04537200927734,,147.89227294921875,32.103553771972656,105.45415496826172,52.83433532714844,99.72122192382812,139.2567901611328,22.09672737121582,26.499958038330078,180.60476684570312,66.78433227539062,41.64478302001953,127.75143432617188,31.957704544067383,301.140625,147.90341186523438,159.4364471435547,60.956398010253906,109.83381652832031
2025-10-15,22.45677375793457,43.94642639160156,85.62572479248047,,147.6205291748047,32.00541305541992,104.9806137084961,54.965946197509766,101.501953125,139.36480712890625,22.0474910736084,26.79106330871582,181.30502319335938,66.15084075927734,41.25079345703125,126.51142883300781,31.957704544067383,307.5216979980469,148.57220458984375,158.24697875976562,62.34443283081055,109.16868591308594
2025-10-16,22.22486114501953,44.11442184448242,84.81573486328125,,147.2323455810547,31.436159133911133,103.64697265625,52.784759521484375,96.9959945678711,136.91017150878906,21.486209869384766,26.40292739868164,178.6618194580078,64.51915740966797,40.42341232299805,125.3299789428711,32.30112075805664,311.31451416015625,143.89060974121094,153.7349090576172,61.12256622314453,108.21990203857422
2025-10-17,21.761037826538086,44.64806365966797,84.3960952758789,,148.56192016601562,31.15153694152832,103.63721466064453,53.61758041381836,99.15059661865234,136.56649780273438,21.92932891845703,26.56788444519043,181.9362335205078,65.35420227050781,40.285518646240234,126.218505859375,32.01658248901367,311.5799865722656,146.22157287597656,155.09149169921875,61.054141998291016,109.78490447998047
2025-10-20,21.7320499420166,45.73511505126953,84.96211242675781,,149.92059326171875,31.338016510009766,103.8128433227539,55.96731185913086,105.1716537475586,138.62841796875,22.273975372314453,26.703731536865234,183.71151733398438,65.77651977539062,40.4135627746582,127.26322937011719,32.801536560058594,310.0801086425781,148.45419311523438,157.4507293701172,61.64064025878906,110.2348403930664
2025-10-21,21.819013595581055,46.199581146240234,84.32778930664062,,149.25096130371094,31.465606689453125,103.46159362792969,55.233638763427734,104.38458251953125,138.9622344970703,24.85389518737793,26.684324264526367,180.3582000732422,66.17964172363281,40.29536437988281,125.56432342529297,32.88984680175781,308.1455383300781,148.9164581298828,155.01283264160156,60.93684005737305,110.24462890625
2025-10-22,22.366199493408203,46.743106842041016,85.3036880493164,,150.97842407226562,31.809114456176758,103.62745666503906,53.032623291015625,102.70222473144531,139.69863891601562,25.90752601623535,26.74254608154297,185.95030212402344,66.7939224243164,41.103050231933594,128.2982177734375,34.24390411376953,307.22637939453125,151.9162139892578,159.12185668945312,60.760894775390625,112.20088195800781
2025-10-23,24.056612014770508,48.31438446044922,87.90933990478516,,151.93919372558594,32.82001876831055,105.45198822021484,53.10202407836914,102.7710952758789,144.49990844726562,26.803604125976562,25.471403121948242,193.26841735839844,66.95710754394531,42.23577117919922,132.60411071777344,35.333030700683594,311.1352844238281,154.21768188476562,170.19070434570312,57.603599548339844,113.44310760498047
2025-10-24,23.284690856933594,46.743106842041016,85.90874481201172,,150.96871948242188,32.35873794555664,103.79331970214844,53.24082565307617,102.09224700927734,143.21368408203125,26.14385223388672,25.09296989440918,193.52484130859375,65.85330963134766,41.93042755126953,131.79368591308594,35.15642166137695,308.1455383300781,151.23757934570312,168.14601135253906,56.18623352050781,112.86601257324219
2025-10-27,22.805904388427734,46.05134582519531,86.55284118652344,,150.6969757080078,32.31947708129883,104.18359375,53.29039764404297,102.20046997070312,141.78016662597656,26.39002799987793,25.374366760253906,193.5347137451172,66.50598907470703,41.664485931396484,132.2233123779297,35.480220794677734,308.40106201171875,151.44412231445312,171.38999938964844,56.371952056884766,113.40397644042969
2025-10-28,22.209861755371094,47.296512603759766,84.69861602783203,,149.58091735839844,31.41653060913086,103.32500457763672,51.733821868896484,99.36703491210938,138.57931518554688,26.212783813476562,25.30644416809082,189.56993103027344,66.32362365722656,40.21657180786133,130.5048828125,35.185855865478516,303.62603759765625,150.02783203125,166.4650421142578,56.293758392333984,112.51387786865234
2025-10-29,22.02420997619629,47.7510986328125,85.9575424194336,,150.5222930908203,31.45578956604004,103.42256164550781,51.35707092285156,98.78658294677734,141.02415466308594,27.059627532958984,25.13178253173828,193.06129455566406,64.49995422363281,39.97032928466797,134.74241638183594,36.13762283325195,306.7419128417969,148.88694763183594,167.76263427734375,55.697486877441406,113.90281677246094
2025-10-30,21.887413024902344,48.00804138183594,86.0160903930664,,148.9889373779297,31.41653060913086,102.89569854736328,52.00151443481445,98.8947982788086,139.5709991455078,26.54758071899414,25.30644416809082,192.9429473876953,64.03924560546875,40.08852767944336,133.83438110351562,35.63720703125,308.1024169921875,149.02462768554688,167.21214294433594,56.323081970214844,112.18132019042969
2025-10-31,22.131690979003906,47.84003829956055,86.71874237060547,,153.06497192382812,31.88763427734375,103.26644897460938,53.12185287475586,101.63969421386719,140.59213256835938,26.429420471191406,25.413183212280273,192.2328338623047,64.30799865722656,40.58100891113281,132.92633056640625,35.38209915161133,313.0400085449219,152.50965881347656,166.68130493164062,56.56745529174805,111.8585433959961
2025-11-03,21.97535514831543,48.06732940673828,86.43572998046875,,149.49356079101562,32.211517333984375,103.07131958007812,55.38235855102539,108.30023956298828,138.70697021484375,26.764217376708984,25.592761993408203,193.10073852539062,63.71336364746094,40.305213928222656,134.664306640625,36.32405090332031,306.82818603515625,154.53929138183594,168.68667602539062,57.70134735107422,111.27166748046875
2025-11-04,21.58450698852539,45.64460372924805,85.79164123535156,,148.86276245117188,31.94651985168457,102.7005615234375,55.372440338134766,108.27072143554688,136.89051818847656,26.39987564086914,25.35724639892578,181.2556915283203,62.68981170654297,39.477840423583984,132.5455322265625,35.44096755981445,303.43359375,153.03440856933594,166.23895263671875,55.23806381225586,111.64334869384766
2025-11-05,21.164348602294922,46.707027435302734,85.58668518066406,,148.15431213378906,31.74041175842285,102.63226318359375,55.67573165893555,108.27072143554688,134.79916381835938,26.685440063476562,25.43575096130371,183.6227264404297,64.60043334960938,39.152793884277344,132.7212677001953,35.862884521484375,304.96661376953125,161.07373046875,167.25146484375,56.2448844909668,111.19341278076172
2025-11-06,23.09903907775879,46.955257415771484,83.59585571289062,,148.42604064941406,31.82874298095703,102.4468765258789,55.96410369873047,108.83150482177734,138.21603393554688,26.911922454833984,25.632015228271484,190.07290649414062,66.10163879394531,39.69453430175781,134.9376983642578,35.676456451416016,335.5213623046875,168.1923065185547,173.0218048095703,56.63587951660156,111.99547576904297
2025-11-07,23.284690856933594,47.531150817871094,84.73765563964844,,150.4446563720703,33.07520294189453,102.84690856933594,57.64461898803711,110.63191223144531,141.0437774658203,27.148250579833984,26.05398178100586,191.0986328125,66.4038314819336,40.689361572265625,134.69358825683594,35.9708137512207,325.75238037109375,170.3506317138672,172.638427734375,58.23896789550781,114.65599060058594
2025-11-10,23.79279136657715,48.454566955566406,86.10393524169922,,151.05606079101562,33.29111862182617,103.97869873046875,58.60917282104492,112.97344207763672,142.10418701171875,27.286109924316406,26.554452896118164,193.66290283203125,66.18937683105469,41.1719970703125,135.37705993652344,36.21611404418945,329.7907409667969,167.7962646484375,176.1379852294922,59.23600769042969,115.63410949707031
2025-11-11,24.027297973632812,48.60350799560547,88.50464630126953,,151.62864685058594,34.50813293457031,106.68135070800781,60.34934997558594,116.72183227539062,145.46212768554688,27.630754470825195,26.436697006225586,197.38113403320312,67.3493881225586,41.22124481201172,137.525146484375,36.902957916259766,328.2410583496094,171.50901794433594,177.7894744873047,59.23600769042969,117.15998077392578
2025-11-12,23.34331703186035,47.19355773925781,86.9236831665039,,148.79483032226562,34.5670166015625,106.09593963623047,60.49850845336914,117.52857971191406,143.51805114746094,26.518041610717773,26.505386352539062,194.19549560546875,67.16417694091797,41.300045013427734,134.76194763183594,35.39190673828125,333.9518127441406,168.88534545898438,174.52581787109375,59.0698356628418,115.53629302978516
2025-11-13,24.125011444091797,47.17369842529297,87.26524353027344,,150.9881134033203,34.390357971191406,106.58377838134766,59.91181945800781,116.61412811279297,142.73704528808594,26.606664657592773,26.387630462646484,191.90736389160156,67.6905746459961,41.38869094848633,136.20701599121094,35.62739944458008,328.1680603027344,168.0240020751953,172.79571533203125,58.248741149902344,116.19163513183594
2025-11-14,24.22272300720215,48.38506317138672,89.16826629638672,,152.96791076660156,35.17552185058594,107.71558380126953,59.563785552978516,115.94188690185547,147.502197265625,26.88237953186035,26.90772819519043,197.2332000732422,68.71411895751953,42.11757278442383,138.96044921875,36.24555206298828,339.3440246582031,171.38031005859375,178.67417907714844,59.61723327636719,117.70126342773438
2025-11-17,23.822105407714844,47.541080474853516,87.38548278808594,,150.2505645751953,34.4197998046875,106.81795501708984,58.708614349365234,115.64531707763672,144.70440673828125,26.212783813476562,26.632959365844727,193.2782745361328,67.12518310546875,41.06364822387695,134.558837890625,35.126983642578125,317.7154846191406,166.64781188964844,175.37123107910156,58.56153869628906,116.11270141601562
2025-11-18,24.349746704101562,47.71980667114258,88.33103942871094,,150.75103759765625,35.2049674987793,106.90576171875,58.42023849487305,115.82325744628906,147.8778839111328,26.38018226623535,26.583892822265625,196.8682861328125,67.68082427978516,41.88117980957031,136.2919158935547,35.36247253417969,305.3216857910156,167.89527893066406,182.28187561035156,57.83819580078125,117.4447250366211
2025-11-19,23.49965476989746,48.13683319091797,86.6566162109375,,148.8668975830078,34.62590789794922,104.4860610961914,58.559452056884766,115.9320068359375,146.9980010986328,26.05522918701172,26.318937301635742,193.80538940429688,67.7003173828125,40.8272590637207,132.43190002441406,35.185855865478516,300.556640625,168.46951293945312,177.26846313476562,57.56449890136719,115.78709411621094
2025-11-20,22.844985961914062,47.729736328125,86.15428161621094,,147.50283813476562,34.50813293457031,103.49085998535156,56.03371047973633,113.193603515625,144.5857696533203,25.22808074951172,26.22080421447754,186.2224578857422,67.96351623535156,40.590858459472656,129.97015380859375,34.5284538269043,293.1900329589844,168.5091094970703,168.97879028320312,57.58404541015625,115.46148681640625
2025-11-21,23.401945114135742,48.53400421142578,86.0557861328125,,147.17901611328125,34.98904800415039,104.36897277832031,56.70989227294922,113.67801666259766,144.77362060546875,25.42502212524414,26.4759464263916,188.94834899902344,68.75311279296875,40.817405700683594,131.67369079589844,35.5096549987793,297.460693359375,168.84573364257812,171.5804443359375,58.26829147338867,115.52069091796875
2025-11-24,23.851417541503906,49.01060485839844,86.24292755126953,,146.95330810546875,35.263858795166016,103.99822235107422,57.2170295715332,115.22022247314453,145.9599609375,25.27731704711914,26.318937301635742,188.51219177246094,68.4606704711914,40.80755615234375,131.16163635253906,35.038673400878906,290.92034912109375,168.17250061035156,172.4905242919922,58.09234619140625,114.42547607421875
2025-11-25,23.52897071838379,49.080108642578125,85.31707000732422,,145.75608825683594,35.15589141845703,102.90545654296875,56.44140625,114.6863784790039,145.34701538085938,25.29701042175293,26.02454376220703,188.3337860107422,69.09429168701172,40.78785705566406,132.07742309570312,35.22510528564453,286.83551025390625,169.36058044433594,172.22344970703125,58.03369140625,112.98491668701172
2025-11-26,24.10546875,49.17940139770508,85.77999877929688,,146.71778869628906,35.72513961791992,103.6176986694336,58.6688346862793,117.41488647460938,147.61094665527344,25.39548110961914,26.446510314941406,190.05853271484375,69.70841979980469,40.797706604003906,132.89471435546875,34.98961639404297,286.3377685546875,171.41001892089844,172.58944702148438,58.86456298828125,113.241455078125
2025-11-28,24.398603439331055,49.844661712646484,87.3559341430664,,148.3075408935547,36.37290573120117,105.22758483886719,60.51839828491211,120.53883361816406,150.85362243652344,25.81890106201172,26.809595108032227,192.03106689453125,70.98542022705078,41.36899185180664,134.86410522460938,35.5587158203125,286.7957458496094,173.568359375,174.85475158691406,59.5585823059082,114.37614440917969
2025-12-01,24.70151138305664,49.8049430847168,88.9023208618164,,149.69119262695312,37.15807342529297,107.0423583984375,60.18030548095703,120.19283294677734,154.38299560546875,26.22262954711914,26.78015899658203,194.41993713378906,71.8237533569336,41.70388412475586,137.62124633789062,35.91194152832031,283.8203430175781,174.92474365234375,178.59400939941406,60.057098388671875,115.0766830444336
2025-12-02,24.86762046813965,49.12975311279297,87.94690704345703,,147.4439697265625,36.56919479370117,106.40815734863281,58.271080017089844,116.37686920166016,154.20504760742188,26.498348236083984,26.348377227783203,191.01010131835938,71.25836181640625,41.34929275512695,135.4647674560547,35.676456451416016,287.4539489746094,170.09323120117188,176.60568237304688,58.85478591918945,113.84333038330078
2025-12-03,26.333295822143555,50.132606506347656,90.42900085449219,,148.75894165039062,36.9912223815918,108.798583984375,60.826656341552734,121.48787689208984,156.57774353027344,27.15238380432129,26.662399291992188,187.76876831054688,73.00326538085938,41.81222915649414,137.7098846435547,37.135162353515625,304.0927429199219,173.97427368164062,175.14163208007812,60.16462326049805,116.2311019897461
2025-12-04,26.098783493041992,50.25175857543945,91.71929931640625,,149.4164276123047,37.01085662841797,109.43278503417969,59.73283004760742,120.69700622558594,157.6948699951172,27.57849884033203,27.319881439208984,188.4824676513672,74.25101470947266,42.02892303466797,137.2864532470703,37.6988639831543,305.76495361328125,178.2315673828125,173.06427001953125,62.227134704589844,115.57989501953125
2025-12-05,26.479862213134766,48.85173797607422,92.28073120117188,,147.19863891601562,36.77530288696289,109.44253540039062,60.33940887451172,121.45822143554688,156.7952423095703,28.192895889282227,27.251188278198242,188.859130859375,74.41673278808594,41.79253387451172,137.2273712158203,38.03510665893555,307.536865234375,178.9444122314453,172.26300048828125,61.39626693725586,114.98788452148438
2025-12-08,25.54183006286621,47.05455017089844,91.48290252685547,,145.9327392578125,36.873451232910156,107.93022918701172,58.33074188232422,117.71146392822266,155.7275390625,27.82623863220215,26.78015899658203,187.99676513671875,73.0422592163086,40.73860549926758,136.9319610595703,37.81753921508789,300.5788269042969,177.32069396972656,171.6892547607422,60.55562210083008,114.43534851074219
2025-12-09,25.786109924316406,47.352420806884766,92.0246353149414,,145.71685791015625,36.70660400390625,106.73013305664062,58.191532135009766,116.11983489990234,156.37013244628906,28.321720123291016,26.809595108032227,189.057373046875,73.07150268554688,40.92575454711914,137.7394256591797,37.87687683105469,292.82293701171875,181.86509704589844,173.4302978515625,60.16462326049805,116.67510986328125
2025-12-10,25.71771240234375,47.699951171875,95.34394836425781,,148.58230590820312,37.6978759765625,108.72053527832031,56.92865753173828,115.35862731933594,158.45611572265625,28.777563095092773,26.09323501586914,189.62237548828125,71.92123413085938,41.36166000366211,141.60926818847656,39.488868713378906,296.70587158203125,181.6571807861328,174.10296630859375,59.13825988769531,117.94792938232422
2025-12-11,25.35618019104004,47.124053955078125,95.25529479980469,,147.9051971435547,36.84400939941406,106.84722137451172,55.755279541015625,113.02555084228516,155.25299072265625,28.856840133666992,26.318937301635742,185.46913146972656,71.76526641845703,40.816776275634766,141.23507690429688,39.89434051513672,295.9744873046875,183.88482666015625,170.05703735351562,59.548805236816406,117.94792938232422
2025-12-12,25.33663558959961,46.52830123901367,94.10289764404297,,147.18882751464844,36.82437515258789,105.38369750976562,55.25809097290039,111.50312042236328,154.89707946777344,28.361358642578125,26.23061752319336,184.14088439941406,71.73601531982422,40.687984466552734,139.27554321289062,39.01417541503906,278.8004455566406,181.3700714111328,166.4859619140625,58.87861633300781,117.23751831054688
2025-12-15,24.69173812866211,46.55809020996094,92.94064331054688,,147.00238037109375,35.727943420410156,103.35426330566406,54.86033248901367,109.2787857055664,152.30690002441406,28.153257369995117,26.22080421447754,183.88314819335938,70.99516296386719,39.816165924072266,139.34446716308594,38.47024917602539,279.1296081542969,180.49880981445312,166.0902557373047,58.62236022949219,116.19164276123047
2025-12-16,23.411714553833008,44.701324462890625,89.4046401977539,,144.0093231201172,34.6611442565918,99.30517578125,53.02071762084961,105.36397552490234,147.36378479003906,26.94428062438965,25.838090896606445,175.2396240234375,69.3379898071289,38.5579833984375,129.7633819580078,37.19449996948242,272.83306884765625,174.6574249267578,161.0650177001953,57.567787170410156,113.15265655517578
2025-12-17,24.066383361816406,44.96941375732422,93.5316162109375,,146.7276153564453,36.498409271240234,102.19319915771484,54.05488204956055,108.29019927978516,152.31680297851562,27.48931121826172,26.15211296081543,172.96971130371094,71.20963287353516,40.2520751953125,129.97015380859375,38.10433578491211,293.5476379394531,180.55821228027344,161.154052734375,57.9915885925293,115.84630584716797
2025-12-18,23.26515007019043,44.15522003173828,90.84268951416016,,144.93179321289062,35.283443450927734,100.11499786376953,53.458248138427734,106.51073455810547,145.32723999023438,27.21183967590332,25.847904205322266,166.6357421875,69.8838882446289,39.36044692993164,127.1539306640625,37.70875549316406,297.6732482910156,176.82566833496094,160.1945037841797,57.81418228149414,114.98788452148438
2025-12-19,23.568056106567383,44.393516540527344,90.55705261230469,,144.9906463623047,35.401973724365234,99.45153045654297,53.567630767822266,107.49932861328125,146.4443817138672,27.469491958618164,25.995101928710938,166.8439178466797,69.86438751220703,39.251468658447266,126.91759490966797,37.65930938720703,298.8201904296875,177.15237426757812,160.95620727539062,57.41994857788086,115.1358871459961
2025-12-22,23.851417541503906,45.23750305175781,91.90643310546875,,147.00238037109375,35.984764099121094,100.9052963256836,53.19970703125,106.6095962524414,146.7706298828125,27.935245513916016,26.387630462646484,163.32504272460938,70.98542022705078,39.895423889160156,127.01606750488281,37.90654754638672,301.99169921875,180.84535217285156,161.7871551513672,58.0704345703125,116.5764389038086
2025-12-23,23.802562713623047,44.8701171875,91.33516693115234,,147.69911193847656,35.89586639404297,101.46144104003906,54.21398162841797,109.90160369873047,146.4740447998047,27.915424346923828,26.77034568786621,164.94073486328125,71.60929870605469,39.72700500488281,127.14407348632812,37.777984619140625,296.5362854003906,182.95416259765625,162.99400329589844,58.88846969604492,117.82952117919922
2025-12-24,23.802562713623047,44.97934341430664,90.41915130615234,,147.68931579589844,35.75757598876953,101.34435272216797,53.58751678466797,107.92442321777344,145.23826599121094,27.776691436767578,26.682025909423828,164.276611328125,71.39483642578125,39.62793731689453,126.4449462890625,37.55052185058594,295.2098693847656,181.90469360351562,162.69723510742188,58.6026496887207,117.63219451904297
2025-12-26,23.62668228149414,44.92969512939453,90.16307067871094,,147.21826171875,35.23405456542969,100.98335266113281,53.627296447753906,108.24076843261719,144.64508056640625,27.707321166992188,26.682025909423828,162.2545166015625,71.01466369628906,39.479331970214844,125.79503631591797,37.37251281738281,286.7724609375,181.08294677734375,162.2421875,58.66178512573242,117.5236587524414
2025-12-29,23.822105407714844,45.05877685546875,91.23666381835938,,148.17015075683594,35.73781967163086,102.09563446044922,54.23387145996094,110.504638671875,146.87937927246094,27.895605087280273,26.868473052978516,162.16529846191406,71.80426025390625,40.034122467041016,126.62217712402344,37.48129653930664,293.7437744140625,182.10272216796875,163.87440490722656,58.937744140625,118.92474365234375
2025-12-30,24.134782791137695,45.76375198364258,92.68455505371094,,149.46548461914062,36.369998931884766,103.09083557128906,54.3233642578125,110.74189758300781,149.52886962890625,28.232532501220703,27.064739227294922,162.3833770751953,71.9602279663086,41.07435607910156,127.57733917236328,38.124114990234375,291.8987121582031,183.7957305908203,163.08302307128906,59.29255676269531,119.37861633300781
2025-12-31,23.900272369384766,45.217647552490234,92.20193481445312,,149.56362915039062,36.18231964111328,102.45663452148438,53.29914474487305,109.10084533691406,148.6193389892578,28.00461196899414,26.97641944885254,161.2038116455078,71.6482925415039,40.737518310546875,127.06529235839844,37.95599365234375,286.45330810546875,182.66705322265625,161.03533935546875,59.24327850341797,118.73727416992188
2026-01-02,24.779680252075195,46.80631637573242,95.24544525146484,,152.9884490966797,37.40716552734375,104.66167449951172,53.15993118286133,108.51757049560547,150.60647583007812,29.332502365112305,27.19230842590332,163.69178771972656,72.46711730957031,41.98579788208008,128.57188415527344,39.75588607788086,297.1745910644531,184.91452026367188,163.52818298339844,59.97260665893555,121.01651000976562
2026-01-05,23.910043716430664,48.72265625,97.70783996582031,,160.7899932861328,36.10329818725586,103.6176986694336,53.0505485534668,105.60123443603516,145.31736755371094,31.631534576416016,27.378761291503906,173.40586853027344,71.79450988769531,40.84649658203125,137.837890625,43.31611633300781,296.7457580566406,181.64727783203125,178.62371826171875,60.27813720703125,123.69041442871094
2026-01-06,23.333545684814453,49.030460357666016,95.64928436279297,,153.6165008544922,35.45136260986328,102.4468765258789,53.11021423339844,104.22709655761719,142.82603454589844,30.5513858795166,26.318937301635742,168.9254913330078,69.08454895019531,41.35175323486328,134.558837890625,43.14799499511719,293.02569580078125,176.1425323486328,176.34849548339844,58.64207458496094,119.43782806396484
2026-01-07,22.854759216308594,48.49428176879883,92.52696990966797,,152.30152893066406,34.04872131347656,100.05645751953125,54.18415069580078,105.44306182861328,138.85177612304688,30.105451583862305,26.495573043823242,170.99716186523438,68.93832397460938,40.60873031616211,135.77003479003906,41.901912689208984,280.6388854980469,172.81591796875,181.87823486328125,59.51924133300781,116.91191101074219
2026-01-08,24.78944969177246,49.844661712646484,97.23506164550781,,156.27587890625,35.648921966552734,103.00301361083984,51.907005310058594,103.1099853515625,145.97972106933594,31.879274368286133,26.76053237915039,175.51718139648438,70.50776672363281,42.8278923034668,142.01300048828125,43.93915557861328,302.1413269042969,175.0039520263672,189.25782775878906,60.26828384399414,121.2730484008789
2026-01-09,24.623340606689453,49.61628723144531,96.04326629638672,,159.08248901367188,35.32295227050781,102.36882019042969,50.80323791503906,100.47044372558594,145.73257446289062,32.335121154785156,26.613332748413086,174.62506103515625,70.86843872070312,42.461334228515625,139.98452758789062,44.70064926147461,311.0375061035156,175.1029510498047,183.28292846679688,59.45024871826172,122.95040893554688
2026-01-12,24.349746704101562,47.6105842590332,94.0634994506836,,159.30816650390625,35.283443450927734,102.87619018554688,51.8572883605957,101.66664123535156,145.880859375,31.611717224121094,26.417070388793945,174.00057983398438,70.66373443603516,42.322635650634766,136.7251739501953,44.65120315551758,309.2522888183594,173.24163818359375,177.68392944335938,58.70120620727539,122.37812805175781
2026-01-13,25.131441116333008,48.62336349487305,95.0090560913086,,160.80960083007812,36.38975524902344,105.4129638671875,51.3004264831543,101.80504608154297,149.4893341064453,32.31529998779297,26.868473052978516,174.30787658691406,72.37939453125,42.90715026855469,135.5927734375,45.392913818359375,320.9709167480469,178.48898315429688,179.78109741210938,59.617801666259766,124.85469818115234
2026-01-14,26.07924461364746,49.62621307373047,98.83069610595703,,164.11668395996094,37.4565544128418,108.04730987548828,49.9778938293457,100.3023910522461,151.9806365966797,32.741416931152344,27.015674591064453,179.5019073486328,73.93907928466797,43.907752990722656,139.22630310058594,46.45109558105469,326.05731201171875,180.96414184570312,184.49966430664062,59.834625244140625,128.4659423828125
2026-01-15,25.414806365966797,51.63191604614258,97.44190216064453,,163.0568389892578,35.87610626220703,105.39344787597656,49.63979721069336,98.38451385498047,149.10377502441406,32.483760833740234,26.89791488647461,176.03260803222656,71.50205993652344,42.76845169067383,137.867431640625,46.05551528930664,330.0566101074219,180.12258911132812,182.59048461914062,59.42068099975586,127.41021728515625
2026-01-16,25.190067291259766,51.383689880371094,96.7130355834961,,163.15496826171875,35.75757598876953,103.7386703491211,50.256324768066406,98.74041748046875,149.55853271484375,32.27566146850586,27.437639236450195,174.08981323242188,72.52561950683594,42.30282211303711,136.1638946533203,46.2137451171875,336.57916259765625,183.5086212158203,181.48255920410156,60.662513732910156,128.1600799560547
2026-01-20,24.769908905029297,50.897151947021484,94.08319091796875,,162.21290588378906,35.84647750854492,104.61531066894531,51.191043853759766,103.55485534667969,147.0078887939453,31.77027130126953,27.437639236450195,173.3463897705078,72.19417572021484,41.847103118896484,136.35098266601562,45.93684005737305,326.99481201171875,183.2313995361328,182.7388458251953,60.62308883666992,128.72250366210938
2026-01-21,25.932676315307617,53.210662841796875,95.68868255615234,,163.61618041992188,37.28863525390625,106.42768096923828,54.522247314453125,108.25065612792969,151.2589569091797,33.05852127075195,28.046056747436523,175.923583984375,73.90983581542969,43.105289459228516,139.47247314453125,47.983970642089844,345.3057861328125,188.17181396484375,186.16156005859375,62.269012451171875,131.83055114746094
2026-01-22,25.202733993530273,54.07450485229492,95.42273712158203,,163.54751586914062,37.51581954956055,104.7236557006836,54.42280197143555,108.24076843261719,150.12205505371094,33.41526794433594,29.13532066345215,174.21865844726562,76.58080291748047,42.74864196777344,139.75802612304688,48.77513122558594,344.85699462890625,189.55792236328125,184.87557983398438,62.80122375488281,131.8601531982422
2026-01-23,25.449337005615234,53.538326263427734,96.8706283569336,,163.60638427734375,38.167755126953125,106.70348358154297,55.208370208740234,108.24076843261719,152.26734924316406,33.6431884765625,29.017560958862305,173.8419952392578,76.034912109375,43.68980026245117,139.37400817871094,48.60701370239258,346.013916015625,189.59750366210938,185.0734100341797,64.02334594726562,133.1724395751953
2026-01-26,25.054771423339844,55.89155197143555,96.96912384033203,,164.37181091308594,38.15787887573242,105.98443603515625,56.09337615966797,111.0780258178711,151.77305603027344,33.85129165649414,28.791858673095703,171.0269012451172,75.54751586914062,43.511474609375,138.24160766601562,49.15093231201172,340.8277587890625,190.6073760986328,181.3044891357422,63.363006591796875,133.04415893554688
2026-01-27,25.47892951965332,56.10006332397461,98.3677749633789,,165.8928680419922,38.967857360839844,106.9595718383789,54.10459899902344,107.57841491699219,157.30931091308594,33.95038986206055,29.037187576293945,170.28346252441406,75.7814712524414,44.13561248779297,137.867431640625,50.10032653808594,344.278564453125,193.1023406982422,180.9384765625,64.53585052490234,135.0076446533203
2026-01-28,25.656482696533203,56.22914505004883,99.86489868164062,,166.7564239501953,39.34321212768555,109.35308837890625,55.645896911621094,108.4088363647461,158.4462432861328,33.05852127075195,29.508220672607422,170.5015411376953,77.26317596435547,44.41300964355469,139.90574645996094,48.330101013183594,353.83294677734375,199.13185119628906,182.03651428222656,65.955078125,135.74766540527344
2026-01-29,25.90308380126953,56.328433990478516,101.25369262695312,,167.99290466308594,39.451866149902344,110.39717864990234,56.013824462890625,108.6460952758789,161.21437072753906,33.08824920654297,29.6750431060791,174.19883728027344,76.58080291748047,44.99752426147461,141.87515258789062,47.91474151611328,352.26715087890625,199.51797485351562,180.52301025390625,66.27046966552734,138.63864135742188
2026-01-30,26.05104637145996,55.6433219909668,102.66218566894531,,173.5962677001953,39.71856689453125,110.44641876220703,57.405967712402344,111.12745666503906,162.0843505859375,33.217079162597656,29.920372009277344,174.6448974609375,77.19493865966797,44.967803955078125,141.3630828857422,47.845516204833984,347.4300537109375,199.9756622314453,179.47442626953125,66.2901840209961,139.51678466796875
2026-02-02,25.53811264038086,56.050418853759766,100.25888061523438,,170.7798614501953,39.64942169189453,106.78227996826172,54.442691802978516,105.71986389160156,156.83477783203125,32.5333137512207,29.3387508392334,175.35858154296875,74.42809295654297,43.3925895690918,140.0633087158203,47.519161224365234,335.7812805175781,197.6772003173828,178.2774658203125,65.38343811035156,136.55673217773438
2026-02-03,26.100364685058594,57.589447021484375,103.33195495605469,,174.7149658203125,40.607566833496094,108.77194213867188,55.28792190551758,107.26206970214844,161.0265350341797,33.56391525268555,30.042245864868164,185.9350128173828,77.3431625366211,44.83900833129883,145.8237762451172,49.210269927978516,335.2227783203125,202.62237548828125,190.19760131835938,67.5123062133789,141.8157501220703
2026-02-04,27.00786018371582,58.75115966796875,105.97164154052734,,177.8453826904297,42.85969924926758,112.94828033447266,55.089046478271484,107.9441909790039,167.0670166015625,34.029666900634766,29.78462791442871,194.2018585205078,79.3886489868164,46.255706787109375,152.32278442382812,50.78270721435547,345.5451354980469,203.4183807373047,195.28219604492188,65.50171661376953,145.6243438720703
2026-02-05,26.120094299316406,56.9539794921875,103.4009017944336,,175.8827362060547,42.64238739013672,110.80101776123047,55.01943588256836,108.12213897705078,162.9049072265625,33.534183502197266,30.052154541015625,194.11265563964844,79.50723266601562,44.670589447021484,152.06675720214844,48.96303176879883,344.4281311035156,204.5228271484375,193.2219696044922,66.44786834716797,144.1344757080078
2026-02-06,27.086772918701172,58.502933502197266,106.00119018554688,,177.4822998046875,43.27457046508789,111.99285125732422,56.47124099731445,109.11073303222656,165.0304412841797,34.663883209228516,30.220596313476562,201.2197723388672,80.87088775634766,45.87924575805664,155.38519287109375,50.139888763427734,365.05291748046875,210.38339233398438,201.72158813476562,65.955078125,147.06491088867188
2026-02-09,27.116365432739258,59.12847137451172,107.06494140625,,179.1898193359375,42.94860076904297,112.1603012084961,55.814945220947266,102.06207275390625,164.0714874267578,34.5846061706543,30.70610809326172,202.46871948242188,82.1456069946289,46.22598648071289,155.0897674560547,49.98165512084961,373.5102844238281,216.6121063232422,200.42774963378906,66.87167358398438,149.19613647460938
2026-02-10,27.07691192626953,58.73130798339844,105.88299560546875,,178.8561553955078,42.94860076904297,111.00785827636719,55.079097747802734,101.04383087158203,163.01365661621094,33.71255874633789,30.72592544555664,202.35968017578125,82.4717025756836,45.83961868286133,154.90267944335938,49.76408767700195,400.54791259765625,215.97531127929688,198.55662536621094,67.84739685058594,149.57107543945312
2026-02-11,27.87590217590332,60.81644058227539,109.53719329833984,,182.34967041015625,44.41051483154297,116.44498443603516,56.61045455932617,102.24991607666016,167.08677673339844,34.71342849731445,31.161895751953125,206.81031799316406,83.8946533203125,46.800594329833984,159.028564453125,51.291080474853516,412.4361267089844,220.8010711669922,202.9557342529297,70.09452819824219,153.4882049560547
2026-02-12,26.554115295410156,60.955448150634766,109.16290283203125,,178.99354553222656,43.422733306884766,116.0805435180664,56.85905456542969,102.25980377197266,165.51487731933594,33.98012161254883,31.399696350097656,196.28346252441406,83.59820556640625,45.06687545776367,153.86874389648438,50.375877380371094,410.30181884765625,217.1693115234375,195.9788818359375,70.10437774658203,148.91920471191406
2026-02-13,27.5405216217041,60.76679611206055,109.75387573242188,,180.30853271484375,44.11418151855469,118.91730499267578,58.370521545410156,102.86283874511719,167.2152862548828,33.653099060058594,32.02392578125,201.4774932861328,85.09032440185547,45.641475677490234,157.32504272460938,50.12717819213867,431.156005859375,222.77117919921875,199.2234649658203,71.23780059814453,147.44918823242188
2026-02-17,26.968406677246094,59.66049575805664,107.14373779296875,,178.91131591796875,43.50175857543945,117.95201110839844,57.58772659301758,101.57766723632812,166.67153930664062,33.40536117553711,31.83566665649414,198.78134155273438,84.59624481201172,45.5126838684082,155.7396697998047,49.580047607421875,425.28173828125,223.16917419433594,196.40684509277344,70.92240905761719,145.20443725585938
2026-02-18,28.22114372253418,61.334896087646484,109.70470428466797,,182.20118713378906,43.89686584472656,120.43417358398438,58.46525573730469,98.38451385498047,172.0298614501953,34.455780029296875,31.994199752807617,198.81124877929688,85.76227569580078,46.67180252075195,154.99130249023438,51.3209228515625,439.5335693359375,226.48252868652344,198.51683044433594,71.09982299804688,149.66415405273438
2026-02-19,28.684757232666016,62.351497650146484,110.76681518554688,,183.10292053222656,44.11418151855469,122.0101547241211,59.60205078125,102.66512298583984,172.73179626464844,35.050357818603516,32.24190902709961,195.7230224609375,85.85120391845703,51.050689697265625,153.03176879882812,51.271183013916016,485.2611999511719,223.03982543945312,198.29786682128906,71.12938690185547,149.95220947265625
2026-02-20,28.665027618408203,62.002662658691406,109.71463775634766,,182.26063537597656,43.847476959228516,121.23201751708984,60.32999801635742,106.82707977294922,174.0071258544922,34.79270553588867,32.43016815185547,196.0119171142578,86.29588317871094,51.35780715942383,153.36654663085938,50.584781646728516,498.5456237792969,230.19390869140625,199.8106689453125,71.92770385742188,146.28707885742188
2026-02-23,28.329648971557617,63.457794189453125,109.06942749023438,,183.23175048828125,43.13628005981445,120.47357177734375,58.86412811279297,102.00276947021484,171.84205627441406,34.92153549194336,32.40044403076172,192.08689880371094,86.29588317871094,51.94232177734375,153.73390197753906,50.972747802734375,501.5077209472656,230.71128845214844,196.45660400390625,71.92770385742188,149.74362182617188
2026-02-24,28.231008529663086,64.5042953491211,109.7741928100586,,183.6578369140625,42.75104522705078,121.84270477294922,58.245872497558594,102.00276947021484,170.5568389892578,35.4665641784668,32.390533447265625,194.54750061035156,81.90845489501953,51.46678161621094,153.24742126464844,51.57956314086914,530.530029296875,230.5620574951172,198.38743591308594,72.4402084350586,148.25372314453125
2026-02-25,27.461610794067383,64.593994140625,109.19847869873047,,182.54800415039062,42.0991096496582,120.66072082519531,59.2131462097168,104.84001922607422,165.8608856201172,34.951263427734375,32.46980285644531,195.0256805419922,81.30567932128906,50.4661750793457,150.81507873535156,51.39055633544922,508.93780517578125,228.9899444580078,198.6959686279297,72.90343475341797,148.05508422851562
2026-02-26,28.704484939575195,64.68370056152344,109.88337707519531,,182.48855590820312,42.13862609863281,119.31129455566406,59.57213592529297,105.07727813720703,165.0798797607422,35.38728332519531,32.757144927978516,200.3055419921875,83.02507019042969,50.95161819458008,151.36111450195312,51.22144317626953,511.17181396484375,230.06454467773438,202.8263397216797,73.69189453125,147.53857421875
2026-02-27,29.957223892211914,65.0425033569336,112.6230239868164,,185.06495666503906,42.997989654541016,122.21700286865234,61.24740982055664,106.68868255615234,172.0990753173828,35.67466354370117,32.9652214050293,197.45640563964844,81.78987121582031,52.586273193359375,153.21763610839844,51.072227478027344,522.8905029296875,234.6216583251953,203.6723175048828,73.64261627197266,151.47189331054688
2026-03-02,31.2592830657959,64.61392974853516,117.36775970458984,,187.87918090820312,44.400638580322266,126.71837615966797,61.466793060302734,107.25218200683594,176.92355346679688,35.644935607910156,33.57954025268555,209.02227783203125,85.10021209716797,53.70576095581055,159.0254669189453,51.00259017944336,530.2791748046875,238.41262817382812,213.89376831054688,75.16040802001953,153.1802978515625
2026-03-03,31.4171085357666,62.331565856933594,117.64569091796875,,187.0567169189453,43.462249755859375,126.08798217773438,61.4368782043457,106.75788116455078,175.50982666015625,34.94135284423828,33.64889907836914,211.17404174804688,83.77606964111328,53.18069076538086,158.62835693359375,48.326622009277344,522.840576171875,242.8204803466797,216.68052673339844,74.785888671875,150.80641174316406
2026-03-04,30.67730140686035,60.67709732055664,114.79686737060547,,184.34158325195312,42.95848083496094,125.90084838867188,61.13772201538086,104.67195129394531,174.6991729736328,34.28414535522461,33.6092643737793,219.93063354492188,83.75631713867188,53.11134338378906,163.53274536132812,47.640220642089844,535.29150390625,241.83543395996094,224.53321838378906,74.67747497558594,148.80996704101562
2026-03-05,31.939905166625977,59.98939514160156,115.95823669433594,,188.17645263671875,43.97589111328125,129.06263732910156,61.496707916259766,106.02875518798828,178.06065368652344,34.015289306640625,33.08412170410156,216.53359985351562,84.58636474609375,52.74478530883789,165.2403564453125,47.15277862548828,522.5110473632812,237.81561279296875,226.95172119140625,73.69189453125,149.74362182617188
2026-03-06,32.23582458496094,59.61066436767578,116.20639038085938,,188.21609497070312,43.93638229370117,129.43695068359375,61.78589630126953,106.1977310180664,179.55245971679688,33.90575408935547,33.27238464355469,220.43869018554688,85.9006118774414,53.685943603515625,164.76382446289062,46.6553840637207,524.2284545898438,236.01466369628906,223.56781005859375,73.1695327758789,150.1905975341797
2026-03-09,32.14704895019531,59.89969253540039,116.16668701171875,,187.7206268310547,44.2722282409668,129.6930389404297,62.055137634277344,107.22154235839844,181.85977172851562,34.50321578979492,32.99494552612305,214.87989807128906,84.94210052490234,54.50822830200195,161.8251495361328,46.943870544433594,538.9658813476562,233.5669708251953,214.9288330078125,72.12481689453125,149.42578125
2026-03-10,31.387516021728516,59.14222717285156,113.30793762207031,,184.59921264648438,43.16591262817383,125.96978759765625,61.6562614440918,104.04077911376953,177.3943328857422,35.19029235839844,32.65806198120117,214.4116973876953,83.67726135253906,52.87576675415039,161.32875061035156,47.859073638916016,519.9649658203125,231.3083038330078,215.99378967285156,72.77529907226562,147.13136291503906
2026-03-11,32.52188491821289,58.77346420288086,116.16668701171875,,190.04930114746094,44.805625915527344,130.5204315185547,63.65064239501953,107.92727661132812,175.67379760742188,35.777793884277344,32.77696228027344,225.87794494628906,84.74446868896484,55.324459075927734,168.27828979492188,47.918758392333984,524.0287475585938,235.33807373046875,229.9574432373047,73.32723236083984,150.55809020996094
2026-03-12,33.1531867980957,55.71369552612305,119.37286376953125,,195.1822967529297,45.62548065185547,131.04246520996094,64.45836639404297,107.1817855834961,176.04176330566406,34.69240951538086,33.05439758300781,229.19528198242188,83.92430114746094,58.14144515991211,172.835205078125,44.32759094238281,528.1624145507812,236.96987915039062,234.69493103027344,72.45991516113281,152.4949493408203
2026-03-13,34.00149917602539,54.079158782958984,120.99083709716797,,195.03366088867188,45.923362731933594,131.59405517578125,64.18912506103516,106.37664794921875,181.37245178222656,33.547279357910156,33.08412170410156,225.32005310058594,84.34920501708984,57.61388397216797,171.4949493408203,44.48675537109375,530.319091796875,238.85043334960938,229.49961853027344,72.8023910522461,155.06747436523438
2026-03-16,34.0705451965332,55.00605773925781,120.42504119873047,,195.053466796875,46.32053756713867,132.49038696289062,64.12928771972656,107.0625,181.33267211914062,34.015289306640625,33.00485610961914,228.06956481933594,84.30967712402344,56.98678207397461,172.22959899902344,44.725502014160156,526.0856323242188,237.9549102783203,231.4702606201172,73.34835815429688,156.1699981689453
2026-03-17,35.382469177246094,56.810028076171875,121.96360778808594,,196.1732177734375,47.08509826660156,133.68223571777344,64.24895477294922,105.7603759765625,186.1959228515625,35.48902130126953,32.9652214050293,232.37313842773438,85.53499603271484,57.46457290649414,171.4651641845703,45.889400482177734,528.3720703125,239.636474609375,234.84422302246094,73.14982604980469,157.73934936523438
2026-03-18,36.11241149902344,57.28842544555664,122.73785400390625,,196.80740356445312,47.81987380981445,135.45521545410156,63.341514587402344,104.88566589355469,188.6424560546875,36.066566467285156,32.3112678527832,235.34182739257812,85.16938018798828,58.11158752441406,171.4949493408203,45.08362579345703,529.270751953125,232.8107452392578,237.33241271972656,72.26634979248047,156.52757263183594
2026-03-19,37.54270553588867,60.507659912109375,125.09036254882812,,199.61172485351562,48.4454231262207,136.73568725585938,64.49825286865234,107.30105590820312,189.26901245117188,36.773555755615234,33.133663177490234,234.88356018066406,87.34332275390625,59.306068420410156,177.05458068847656,47.57058334350586,531.70703125,238.33302307128906,240.9253387451172,73.5171127319336,157.09373474121094
2026-03-20,38.57843017578125,60.148860931396484,125.98372650146484,,199.89907836914062,48.316341400146484,136.64703369140625,64.48828125,106.67485046386719,191.48681640625,36.375247955322266,32.539161682128906,231.6459197998047,88.15361785888672,60.430870056152344,174.20526123046875,46.38679122924805,518.6170043945312,236.22361755371094,238.7257843017578,71.87921142578125,158.5935516357422
2026-03-23,38.49951934814453,62.32159423828125,126.25173950195312,,203.34750366210938,48.147544860839844,137.582763671875,65.04670715332031,106.992919921875,190.73097229003906,37.351097106933594,33.40119171142578,231.6459197998047,88.85520935058594,60.032711029052734,175.4859619140625,48.993125915527344,527.0640869140625,238.7210693359375,236.2674560546875,73.06048583984375,160.04371643066406
2026-03-24,40.245460510253906,63.27840042114258,128.39581298828125,,204.9131622314453,49.91497039794922,140.38998413085938,65.14643096923828,109.03060150146484,195.9821014404297,37.94855880737305,33.61917495727539,242.98265075683594,89.8631362915039,60.968387603759766,182.79290771484375,50.246551513671875,534.4428100585938,244.8701934814453,240.60684204101562,73.91417694091797,164.2650604248047
2026-03-25,40.758392333984375,62.41129684448242,127.97889709472656,,203.2880401611328,50.05398178100586,141.05978393554688,67.73912048339844,113.23516845703125,194.94778442382812,38.46635437011719,33.66871643066406,240.332763671875,91.02915954589844,61.56562805175781,179.98330688476562,51.61935806274414,529.55029296875,244.2333984375,233.43092346191406,73.2689437866211,162.1593475341797
2026-03-26,42.21828079223633,62.152164459228516,132.26702880859375,,205.90408325195312,50.987342834472656,145.2755126953125,66.67212677001953,110.38243103027344,201.08404541015625,38.62567901611328,33.75789260864258,247.3659210205078,92.46199035644531,64.06409454345703,182.68370056152344,52.037166595458984,521.482666015625,249.24819946289062,246.9666290283203,73.5171127319336,164.31471252441406
2026-03-27,43.78667068481445,63.00929641723633,132.81297302246094,,209.23358154296875,51.7022590637207,147.31442260742188,67.36019134521484,112.81769561767578,200.73594665527344,40.24877166748047,33.718257904052734,250.95223999023438,92.84736633300781,65.0196762084961,186.9229278564453,53.2209587097168,510.9687194824219,248.97955322265625,253.11741638183594,73.04063415527344,169.8372344970703
2026-03-30,43.145503997802734,60.47776412963867,131.90968322753906,,208.79759216308594,51.15614318847656,147.6394805908203,64.25892639160156,110.78001403808594,197.5634002685547,39.093685150146484,33.34174346923828,244.2279052734375,91.85920715332031,65.9354476928711,183.4779510498047,51.261234283447266,466.6564636230469,246.85023498535156,249.08656311035156,71.93876647949219,170.31399536132812
2026-03-31,41.8631706237793,60.846527099609375,131.02626037597656,,205.02215576171875,49.96461868286133,142.39935302734375,63.46117401123047,109.12005615234375,196.70809936523438,38.824832916259766,33.22283935546875,243.25161743164062,89.31964111328125,64.7011489868164,180.8668975830078,51.12196350097656,473.8354797363281,249.47705078125,245.91163635253906,72.24649810791016,168.51620483398438
2026-04-01,40.78798294067383,60.13889694213867,127.43296813964844,,195.61830139160156,48.2468376159668,138.31166076660156,60.91834259033203,105.3926010131836,189.5773162841797,37.83902359008789,32.57879638671875,237.2545166015625,86.32552337646484,61.94388198852539,174.37403869628906,49.76905822753906,438.52947998046875,243.5667266845703,240.31822204589844,71.30345916748047,159.69607543945312
2026-04-02,41.46860885620117,60.17876434326172,129.5571746826172,,197.1641387939453,49.140480041503906,140.4983367919922,59.53224563598633,103.26546478271484,192.8195037841797,38.00830078125,32.667972564697266,240.81094360351562,87.25439453125,62.68048095703125,174.93994140625,49.182132720947266,443.561767578125,243.16873168945312,242.93577575683594,71.47221374511719,159.60667419433594
2026-04-06,42.4352912902832,60.49769592285156,130.66891479492188,,197.0551300048828,49.29935073852539,140.9021759033203,60.230281829833984,102.9275131225586,193.20736694335938,37.659786224365234,32.88595199584961,240.48219299316406,87.4520263671875,62.67052459716797,176.05186462402344,49.520362854003906,448.1747131347656,244.4224395751953,244.41873168945312,72.0578842163086,162.2686004638672
2026-04-07,42.37610626220703,61.04586410522461,130.79795837402344,,199.71080017089844,49.597232818603516,142.064453125,60.51946258544922,101.31725311279297,194.43063354492188,38.555973052978516,32.99494552612305,244.48690795898438,89.55680084228516,62.65061950683594,173.44081115722656,50.08738708496094,449.1033020019531,249.72579956054688,250.30079650878906,73.49726104736328,162.8049774169922
2026-04-08,38.223323822021484,62.94949722290039,124.29627227783203,,191.13931274414062,47.57164001464844,136.9622344970703,60.01089859008789,99.58771514892578,185.4500274658203,37.639869689941406,32.65806198120117,231.09800720214844,85.74250793457031,59.49519348144531,166.7891082763672,51.60940933227539,447.5956115722656,242.7806854248047,238.50682067871094,72.47481536865234,155.16680908203125
2026-04-09,38.440338134765625,63.2086296081543,122.5591812133789,,188.6322784423828,47.54185104370117,134.52932739257812,59.302894592285156,98.90185546875,185.2908935546875,37.53033447265625,32.667972564697266,222.67018127441406,85.15950012207031,58.260894775390625,159.9090576171875,52.265968322753906,377.3929443359375,243.5269317626953,233.98829650878906,72.28620147705078,153.99476623535156
2026-04-10,38.104957580566406,62.62059783935547,121.6459732055664,,186.83871459960938,47.45248794555664,134.14517211914062,58.515113830566406,98.3949203491211,187.18051147460938,37.43075942993164,32.3806266784668,221.77359008789062,85.18914031982422,57.70347213745117,158.1021728515625,51.649200439453125,409.3440856933594,241.87522888183594,237.69070434570312,72.206787109375,151.4818115234375
2026-04-13,38.953269958496094,62.351497650146484,122.70807647705078,,190.03939819335938,46.936161041259766,134.9036102294922,57.53786849975586,97.19219207763672,188.06564331054688,38.446441650390625,31.776214599609375,224.43344116210938,84.31956481933594,57.79305648803711,159.24388122558594,51.649200439453125,416.1336975097656,239.30812072753906,240.93528747558594,71.01558685302734,151.61094665527344
2026-04-14,36.52669906616211,61.285064697265625,117.91370391845703,,185.32260131835938,44.930423736572266,131.58419799804688,56.5506477355957,95.11476135253906,185.48980712890625,37.351097106933594,31.360061645507812,223.07861328125,83.83535766601562,55.1253776550293,157.61570739746094,51.22144317626953,411.5707092285156,238.0842742919922,234.4660186767578,70.91632080078125,148.23387145996094
2026-04-15,36.10254669189453,59.86979675292969,118.04273986816406,,183.23175048828125,44.91056442260742,130.40223693847656,56.60050582885742,95.47260284423828,184.85330200195312,37.38097381591797,31.409605026245117,222.18203735351562,83.1041259765625,55.57331085205078,160.27639770507812,52.14659118652344,416.66290283203125,237.55691528320312,233.88876342773438,70.24130249023438,148.0054168701172
2026-04-16,37.38488006591797,60.39802932739258,120.6731948852539,,186.4423370361328,45.45668029785156,133.08233642578125,58.22592544555664,96.77471923828125,185.6290283203125,37.98838806152344,31.498781204223633,225.3798370361328,84.20098114013672,56.60852813720703,162.15277099609375,51.46018981933594,425.61920166015625,238.6116180419922,240.59689331054688,70.34056854248047,150.9553985595703
2026-04-17,35.25423812866211,59.58076095581055,115.18399047851562,,182.32009887695312,43.91762924194336,127.48387908935547,58.315673828125,95.24398040771484,179.283935546875,36.99262619018555,31.726673126220703,212.87754821777344,82.5211181640625,53.54269027709961,155.24293518066406,52.38534164428711,421.934814453125,234.3231658935547,222.59242248535156,70.62844848632812,145.45274353027344
2026-04-20,35.481109619140625,58.97279357910156,115.5909652709961,,181.58680725097656,44.62261199951172,128.20851135253906,56.8398323059082,94.89608764648438,182.446533203125,36.52461624145508,31.64740562438965,213.305908203125,82.78791809082031,54.229515075683594,154.6273956298828,51.92774200439453,434.1561584472656,230.35308837890625,225.20999145507812,70.39020538330078,146.6843719482422
2026-04-21,37.08895492553711,60.0491943359375,119.37286376953125,,184.2920379638672,45.277950286865234,131.45440673828125,56.819889068603516,93.693359375,188.76181030273438,37.98838806152344,31.280794143676758,219.51223754882812,83.68714141845703,56.07101058959961,158.2312469482422,52.49476623535156,437.0517272949219,231.48739624023438,232.286376953125,69.91372680664062,147.35980224609375
2026-04-22,37.79399490356445,62.331565856933594,121.69559478759766,,184.6289520263672,46.78721618652344,132.03013610839844,58.55500030517578,95.78073120117188,192.80953979492188,38.94432067871094,31.518596649169922,221.22569274902344,85.0409164428711,56.78770065307617,159.49208068847656,54.066524505615234,438.8290100097656,235.54701232910156,233.2517852783203,70.57881164550781,148.4921112060547
2026-04-23,38.389801025390625,64.27506256103516,123.45254516601562,,185.8973388671875,47.80994415283203,132.88380432128906,58.76441192626953,95.72109985351562,194.5201416015625,39.48203659057617,31.439329147338867,220.25938415527344,86.17729949951172,57.56411361694336,158.38015747070312,54.45449447631836,438.4795227050781,238.71112060546875,232.7242889404297,71.1247787475586,149.51516723632812
2026-04-24,37.46630096435547,68.71023559570312,120.8617935180664,,183.52902221679688,47.60142517089844,132.14926147460938,58.74446487426758,95.8602523803711,193.72450256347656,40.18902587890625,31.449237823486328,223.28781127929688,86.4638671875,56.85737609863281,161.67623901367188,55.857139587402344,438.2398986816406,239.4872283935547,234.7347412109375,71.65089416503906,147.90609741210938
2026-04-27,38.161407470703125,68.152099609375,120.78238677978516,,183.10292053222656,47.85959243774414,132.2386016845703,58.475223541259766,95.72109985351562,195.34559631347656,39.96000289916992,30.666475296020508,226.34616088867188,86.71090698242188,57.00668716430664,162.91722106933594,54.94193649291992,436.23297119140625,240.08421325683594,237.12339782714844,71.08507537841797,147.19094848632812
2026-04-28,38.3798713684082,67.44446563720703,123.40290832519531,,186.6504364013672,49.130550384521484,134.7797393798828,59.25303268432617,96.37712860107422,198.96568298339844,40.63711929321289,31.498781204223633,231.7056884765625,88.72675323486328,58.34052658081055,163.93980407714844,55.35974884033203,430.24212646484375,247.12884521484375,239.13385009765625,72.50459289550781,149.5449676513672
2026-04-29,40.0381965637207,68.5806655883789,127.30391693115234,,190.47540283203125,50.71925354003906,138.09512329101562,58.943904876708984,100.38289642333984,204.19692993164062,41.63288497924805,31.548320770263672,240.89064025878906,88.26231384277344,60.48064041137695,172.2395477294922,55.40948486328125,438.3597106933594,248.88999938964844,250.1116943359375,72.78253936767578,153.62725830078125
2026-04-30,40.44533157348633,69.43779754638672,124.85214233398438,,191.55551147460938,51.0072021484375,139.53445434570312,59.91118240356445,101.53592681884766,204.50521850585938,42.12080764770508,32.568885803222656,247.3459930419922,91.36512756347656,60.30147171020508,177.85873413085938,56.58333206176758,442.9926452636719,260.0799865722656,251.38563537597656,75.75061798095703,153.28955078125
2026-05-01,39.84952926635742,68.88963317871094,122.28125,,188.89984130859375,50.20292282104492,137.92637634277344,58.49516677856445,99.51813507080078,206.51416015625,41.4835205078125,32.231998443603516,245.21412658691406,89.29000091552734,58.440067291259766,174.92007446289062,56.62311935424805,432.9579772949219,254.27999877929688,245.70262145996094,74.98626708984375,151.72019958496094
2026-05-04,41.726318359375,68.77999877929688,123.98856353759766,,190.53485107421875,50.897979736328125,140.56678771972656,58.91399002075195,100.16422271728516,212.52113342285156,41.802162170410156,32.470001220703125,251.579833984375,90.62999725341797,59.992897033691406,177.1836395263672,55.33985137939453,432.169189453125,258.9800109863281,250.44012451171875,74.85722351074219,152.65386962890625
2026-05-05,41.19009017944336,67.77999877929688,122.41028594970703,,190.89158630371094,50.629886627197266,139.78262329101562,58.55500030517578,99.16029357910156,205.0522003173828,41.54326629638672,32.290000915527344,259.5195617675781,90.0199966430664,59.06717300415039,178.9607391357422,55.70792007446289,429.7828369140625,259.7200012207031,252.2515106201172,75.56201934814453,153.83584594726562
2026-05-06,38.03231430053711,66.66999816894531,118.02289581298828,,183.47947692871094,46.27088928222656,133.69776916503906,57.36000061035156,96.34730529785156,194.01292419433594,40.228858947753906,31.579999923706055,244.8455352783203,85.5999984741211,54.866573333740234,170.4822998046875,54.8723030090332,419.1091613769531,249.5,235.57077026367188,73.21931457519531,147.6875762939453
2026-05-07,35.986717224121094,63.529998779296875,114.03254699707031,,180.84361267089844,44.9900016784668,129.92576599121094,56.220001220703125,96.83435821533203,189.4082489013672,38.95427703857422,31.520000457763672,241.33892822265625,85.87000274658203,53.69199752807617,167.0968780517578,52.723567962646484,398.470703125,252.44000244140625,235.23239135742188,72.41524505615234,145.591796875
2026-05-08,35.31147003173828,63.88999938964844,113.02999877929688,,179.9716033935547,45.28788375854492,129.0720977783203,55.959999084472656,95.3632583618164,187.66781616210938,39.66127395629883,31.40999984741211,243.93899536132812,85.16000366210938,52.78618240356445,170.3234405517578,52.99216079711914,393.5981750488281,248.1199951171875,239.92010498046875,71.43250274658203,143.59535217285156
2026-05-11,36.44350051879883,64.5999984741211,115.55000305175781,,183.06329345703125,46.39997100830078,132.3279266357422,56.45000076293945,96.11868286132812,195.0770721435547,40.089447021484375,32.25,251.5200653076172,87.79000091552734,54.88648223876953,174.09605407714844,54.64350128173828,402.0152893066406,253.17999267578125,246.95668029785156,73.63623809814453,148.6708984375
2026-05-12,36.830772399902344,65.23999786376953,117.87000274658203,,184.26229858398438,46.43968963623047,133.14190673828125,55.779998779296875,95.85031127929688,197.06613159179688,41.52334976196289,32.45000076293945,251.0319366455078,88.43000030517578,56.011287689208984,174.16554260253906,55.349796295166016,400.7772216796875,255.16000366210938,245.95144653320312,74.18220520019531,149.614501953125
2026-05-13,36.711612701416016,65.41000366210938,117.4000015258789,,184.31185913085938,46.56877517700195,133.9359893798828,55.93000030517578,95.07500457763672,200.0,40.846229553222656,32.810001373291016,248.14295959472656,88.79000091552734,55.92169952392578,170.5815887451172,55.091156005859375,385.919921875,263.2900085449219,242.94573974609375,75.15501403808594,150.5481719970703
2026-05-14,36.85063552856445,64.61000061035156,118.97000122070312,,184.946044921875,46.9063720703125,134.9882049560547,56.56999969482422,96.69999694824219,200.25999450683594,41.11508560180664,33.400001525878906,247.87399291992188,91.02999877929688,56.57866668701172,170.2738037109375,55.459224700927734,387.9068603515625,267.4800109863281,243.61256408691406,77.1205062866211,151.75
2026-05-15,38.70756530761719,64.12000274658203,122.41000366210938,,189.36557006835938,49.140480041503906,139.2267303466797,56.220001220703125,96.69000244140625,203.55999755859375,41.58309555053711,33.630001068115234,254.0603790283203,92.31999969482422,59.345882415771484,174.9300079345703,55.091156005859375,384.58197021484375,271.989990234375,249.55433654785156,77.15028381347656,157.9199981689453
2026-05-18,39.869388580322266,66.20999908447266,124.54000091552734,,194.33999633789062,49.329139709472656,141.93663024902344,57.45000076293945,98.44999694824219,205.6199951171875,42.59877395629883,33.779998779296875,258.54327392578125,93.76000213623047,59.42551803588867,179.8000030517578,56.851924896240234,386.0197448730469,274.70001220703125,257.29754638671875,77.1205062866211,160.49000549316406
2026-05-19,40.62407302856445,65.47000122070312,125.11000061035156,,197.25,49.33906555175781,143.2369842529297,59.77000045776367,100.88999938964844,207.77000427246094,42.79792785644531,34.310001373291016,262.0199890136719,95.23999786376953,60.42091751098633,182.3800048828125,56.47390365600586,393.9676208496094,276.20001220703125,261.3781433105469,78.8179702758789,162.5500030517578
2026-05-20,39.045188903808594,66.79000091552734,122.36000061035156,,191.3300018310547,48.11775207519531,140.58665466308594,57.83000183105469,98.8499984741211,204.3300018310547,42.12080764770508,33.59000015258789,258.3699951171875,92.1500015258789,58.59933090209961,179.33999633789062,56.98124313354492,401.9154357910156,270.69000244140625,252.57000732421875,77.30911254882812,156.27999877929688
2026-05-21,38.07203674316406,65.80000305175781,120.55000305175781,,191.00999450683594,46.77729034423828,138.94879150390625,57.7400016784668,97.58999633789062,200.97000122070312,41.78224563598633,33.5,248.42999267578125,92.62000274658203,58.55951690673828,174.0500030517578,56.95140075683594,396.3739318847656,270.239990234375,241.08999633789062,76.95174407958984,155.2899932861328
2026-05-22,38.5288200378418,66.05999755859375,120.45999908447266,,191.42999267578125,46.886512756347656,140.17967224121094,57.91999816894531,97.94000244140625,200.7100067138672,41.29432678222656,33.790000915527344,254.64999389648438,94.02999877929688,58.539608001708984,177.69000244140625,56.98124313354492,401.4162292480469,276.75,246.9600067138672,77.89479064941406,154.9199981689453
2026-05-26,37.23790740966797,66.7300033569336,116.56999969482422,,184.7100067138672,44.82120132446289,135.19664001464844,56.209999084472656,94.55000305175781,195.1300048828125,40.90597915649414,32.869998931884766,248.0500030517578,90.44000244140625,57.1958122253418,173.8800048828125,57.67759323120117,399.47918701171875,269.8900146484375,241.4499969482422,75.7803955078125,149.80999755859375
2026-05-27,36.36405563354492,63.20000076293945,115.12999725341797,,182.39999389648438,43.95734786987305,133.31063842773438,55.16999816894531,92.63999938964844,192.83999633789062,39.43224334716797,32.220001220703125,247.0500030517578,88.20999908447266,56.62843322753906,174.6300048828125,56.2053108215332,405.4700012207031,263.6499938964844,240.33999633789062,73.82484436035156,147.89999389648438
2026-05-28,36.27468490600586,64.70999908447266,114.98999786376953,,183.02999877929688,43.79847717285156,133.5885772705078,55.349998474121094,93.58999633789062,194.13999938964844,39.16339111328125,31.90999984741211,251.3300018310547,87.0199966430664,57.05645751953125,176.7100067138672,54.8325080871582,400.7073059082031,262.1300048828125,244.85000610351562,72.59392547607422,146.9600067138672
2026-05-29,36.17538833618164,63.880001068115234,113.9800033569336,,182.4600067138672,44.1757926940918,132.39743041992188,54.93000030517578,92.9800033569336,191.47999572753906,38.685420989990234,31.079999923706055,248.77000427246094,83.94000244140625,56.369632720947266,175.8800048828125,54.26548385620117,392.3999938964844,255.07000732421875,244.82000732421875,70.86668395996094,145.25999450683594
2026-06-01,37.48616027832031,62.970001220703125,115.58000183105469,,185.8300018310547,45.982940673828125,135.61354064941406,55.2599983215332,92.08999633789062,199.02999877929688,39.18330383300781,30.850000381469727,258.6600036621094,84.94999694824219,58.64910125732422,180.24000549316406,54.464439392089844,368.2300109863281,259.0799865722656,252.52000427246094,69.52658081054688,149.3800048828125
2026-06-02,37.54574203491211,64.54000091552734,116.87000274658203,,187.5500030517578,45.89357376098633,137.55911254882812,54.68000030517578,91.54000091552734,202.39999389648438,39.96000289916992,31.440000534057617,263.05999755859375,86.72000122070312,58.818321228027344,182.55999755859375,56.26499938964844,370.82000732421875,263.29998779296875,258.260009765625,70.78726959228516,149.55999755859375
2026-06-03,38.06210708618164,64.2699966430664,119.05000305175781,,189.7100067138672,45.853858947753906,140.4575958251953,54.470001220703125,91.06999969482422,210.58999633789062,41.029998779296875,31.3700008392334,267.2099914550781,86.75,59.36579132080078,184.67999267578125,56.849998474121094,406.760009765625,262.69000244140625,261.45001220703125,71.13471221923828,152.52999877929688
2026-06-04,37.952877044677734,66.11000061035156,119.2300033569336,,188.35000610351562,45.665199279785156,139.84217834472656,55.2400016784668,93.4000015258789,202.94000244140625,41.220001220703125,31.700000762939453,267.04998779296875,88.94999694824219,58.40024948120117,184.13999938964844,58.0099983215332,406.7300109863281,267.3699951171875,258.8500061035156,71.89906311035156,152.0399932861328
2026-06-05,36.31440734863281,62.59000015258789,117.13999938964844,,187.30999755859375,43.9672737121582,136.76499938964844,53.75,92.06999969482422,192.6199951171875,39.18000030517578,31.68000030517578,262.010009765625,88.25,56.668251037597656,183.0800018310547,54.869998931884766,389.7900085449219,264.0899963378906,255.82000732421875,71.43250274658203,149.9199981689453
2026-06-08,37.39678955078125,64.83999633789062,118.88999938964844,,189.24000549316406,44.761627197265625,139.11753845214844,52.97999954223633,90.41999816894531,198.1999969482422,40.5,31.290000915527344,266.1700134277344,88.1500015258789,57.215721130371094,183.4199981689453,56.54999923706055,396.1400146484375,264.1300048828125,258.3900146484375,71.06521606445312,151.75
2026-06-09,36.354129791259766,63.54999923706055,116.79000091552734,,186.75999450683594,43.758758544921875,136.31832885742188,52.689998626708984,88.77999877929688,194.24000549316406,39.619998931884766,31.34000015258789,258.1499938964844,87.79000091552734,56.28999710083008,179.0,55.849998474121094,382.1099853515625,264.1700134277344,253.77999877929688,71.06521606445312,148.91000366210938
2026-06-10,37.734413146972656,63.02000045776367,119.91999816894531,,189.8000030517578,46.27088928222656,139.24658203125,52.61000061035156,88.55999755859375,196.5500030517578,39.72999954223633,31.84000015258789,263.2799987792969,90.56999969482422,57.099998474121094,181.72000122070312,55.5099983215332,375.17999267578125,272.5400085449219,257.989990234375,71.73030853271484,150.6199951171875
2026-06-11,36.5229377746582,63.47999954223633,115.36000061035156,,185.82000732421875,44.294944763183594,135.5242156982422,51.20000076293945,87.08000183105469,191.58999633789062,39.7599983215332,31.360000610351562,260.80999755859375,89.19999694824219,55.470001220703125,178.10000610351562,56.0,369.54998779296875,269.3699951171875,255.60000610351562,71.09500122070312,146.60000610351562
2026-06-12,36.76126480102539,63.13999938964844,116.9800033569336,,187.22000122070312,44.9900016784668,135.64332580566406,51.939998626708984,88.77999877929688,192.1300048828125,39.599998474121094,31.940000534057617,263.5799865722656,90.58999633789062,56.540000915527344,179.4499969482422,56.18000030517578,378.9100036621094,272.6000061035156,258.6700134277344,72.08000183105469,147.00999450683594
2026-06-15,34.5269889831543,62.459999084472656,112.26000213623047,,180.39999389648438,43.529998779296875,131.0077362060547,50.75,87.9000015258789,189.9600067138672,38.18000030517578,31.459999084472656,250.86000061035156,87.44999694824219,54.459999084472656,173.25999450683594,53.709999084472656,362.7799987792969,262.3299865722656,247.16000366210938,71.48999786376953,140.9199981689453
2026-06-16,34.02054977416992,61.52000045776367,111.33999633789062,,180.11000061035156,42.88999938964844,131.0772247314453,51.369998931884766,88.36000061035156,188.1199951171875,37.20000076293945,31.440000534057617,250.47000122070312,86.30999755859375,53.66999816894531,172.0,53.06999969482422,356.3500061035156,259.67999267578125,244.1300048828125,71.4800033569336,141.86000061035156
2026-06-17,33.6928596496582,60.06999969482422,111.20999908447266,,177.5800018310547,42.58000183105469,132.26837158203125,51.130001068115234,87.45999908447266,185.47999572753906,36.22999954223633,31.329999923706055,244.61000061035156,85.58000183105469,53.040000915527344,167.1699981689453,50.33000183105469,354.4800109863281,260.739990234375,239.77000427246094,71.25,140.74000549316406
2026-06-18,32.79914855957031,58.40999984741211,107.73999786376953,,173.6300048828125,42.119998931884766,129.0224609375,50.720001220703125,86.9800033569336,183.5,34.93000030517578,31.59000015258789,242.91000366210938,85.02999877929688,51.81999969482422,166.13999938964844,48.09000015258789,355.1099853515625,258.5799865722656,236.3000030517578,73.12000274658203,137.80999755859375
2026-06-22,33.96097183227539,59.150001525878906,109.69999694824219,,175.05999755859375,43.04999923706055,131.85147094726562,51.84000015258789,88.44000244140625,187.8000030517578,35.16999816894531,32.25,247.2899932861328,86.29000091552734,52.0,168.41000366210938,47.95000076293945,361.1099853515625,264.510009765625,243.77999877929688,74.94999694824219,138.47000122070312
2026-06-23,33.9808349609375,58.68000030517578,109.97000122070312,,175.97999572753906,43.38999938964844,133.90621948242188,51.65999984741211,88.7300033569336,187.91000366210938,35.11000061035156,32.540000915527344,248.52000427246094,88.05999755859375,52.22999954223633,170.33999633789062,47.790000915527344,369.8999938964844,268.7200012207031,243.67999267578125,75.79000091552734,139.72999572753906
2026-06-24,33.09705352783203,56.380001068115234,106.91999816894531,,171.4499969482422,42.7400016784668,133.45953369140625,51.47999954223633,88.5999984741211,183.47999572753906,33.900001525878906,32.59000015258789,246.50999450683594,87.30999755859375,51.09000015258789,168.63999938964844,46.61000061035156,377.55999755859375,266.32000732421875,242.42999267578125,75.87000274658203,136.89999389648438
2026-06-25,33.18642044067383,56.939998626708984,106.41000366210938,,172.24000549316406,42.599998474121094,132.60586547851562,51.650001525878906,88.44000244140625,182.5500030517578,34.66999816894531,33.0099983215332,253.55999755859375,89.5199966430664,51.209999084472656,171.75999450683594,47.41999816894531,391.0400085449219,273.45001220703125,255.05999755859375,77.52999877929688,137.5500030517578
2026-06-26,32.77928924560547,56.560001373291016,105.95999908447266,,171.05999755859375,42.209999084472656,131.6231689453125,52.70000076293945,88.47000122070312,179.91000366210938,34.209999084472656,33.189998626708984,254.05999755859375,89.22000122070312,49.9900016784668,171.64999389648438,47.0,395.7900085449219,272.6099853515625,259.3699951171875,77.91999816894531,136.5399932861328
2026-06-29,32.729637145996094,56.310001373291016,104.19999694824219,,168.47000122070312,41.9900016784668,130.95809936523438,52.0,87.54000091552734,180.5399932861328,34.09000015258789,32.27000045776367,259.2200012207031,88.7300033569336,49.09000015258789,174.0500030517578,46.380001068115234,419.9800109863281,271.3500061035156,266.32000732421875,75.05999755859375,136.05999755859375
2026-06-30,32.34236526489258,55.5,103.95999908447266,,165.75999450683594,41.31999969482422,128.77430725097656,53.16999816894531,91.19000244140625,175.77999877929688,33.95000076293945,31.969999313354492,255.6699981689453,86.94000244140625,48.56999969482422,169.0500030517578,46.4900016784668,437.6400146484375,268.1400146484375,260.44000244140625,74.33999633789062,136.72000122070312
2026-07-01,31.64725685119629,53.81999969482422,103.22000122070312,,165.69000244140625,40.25,127.6427001953125,52.47999954223633,89.56999969482422,171.9600067138672,33.0099983215332,31.719999313354492,264.8699951171875,85.7300033569336,47.939998626708984,174.5,45.09000015258789,415.0199890136719,257.80999755859375,269.44000244140625,72.7699966430664,136.27999877929688
2026-07-02,32.13383102416992,52.779998779296875,104.7300033569336,,169.1999969482422,40.470001220703125,129.8165740966797,52.61000061035156,90.72000122070312,172.0399932861328,32.959999084472656,32.060001373291016,266.3500061035156,87.83000183105469,48.90999984741211,176.4199981689453,45.130001068115234,407.20001220703125,258.8800048828125,267.760009765625,73.13999938964844,137.08999633789062
2026-07-06,32.233131408691406,53.25,103.58000183105469,,168.10000610351562,40.36000061035156,128.4368133544922,51.709999084472656,88.88999938964844,173.72999572753906,33.0,31.690000534057617,268.989990234375,87.43000030517578,48.810001373291016,177.3300018310547,45.720001220703125,402.79998779296875,263.5199890136719,270.32000732421875,72.81999969482422,136.44000244140625
2026-07-07,33.76237106323242,54.470001220703125,108.44000244140625,,174.00999450683594,42.40999984741211,133.5488739013672,51.7599983215332,89.55999755859375,180.55999755859375,33.790000915527344,32.4900016784668,266.3299865722656,90.66999816894531,51.68000030517578,178.83999633789062,46.41999816894531,402.760009765625,273.80999755859375,266.2200012207031,75.08000183105469,141.69000244140625
2026-07-08,34.814964294433594,57.58000183105469,110.72000122070312,,175.97000122070312,43.310001373291016,136.57640075683594,51.15999984741211,90.0999984741211,186.60000610351562,34.970001220703125,32.47999954223633,280.67999267578125,91.16000366210938,53.59000015258789,187.80999755859375,47.43000030517578,394.57000732421875,277.8599853515625,282.8800048828125,75.2699966430664,141.1300048828125
2026-07-09,33.057334899902344,57.20000076293945,108.0199966430664,,174.0500030517578,42.02000045776367,132.5562286376953,50.150001525878906,88.97000122070312,182.0,34.119998931884766,32.400001525878906,283.29998779296875,89.5,52.29999923706055,189.82000732421875,47.2400016784668,390.7699890136719,273.0199890136719,281.25,75.44999694824219,137.4600067138672
2026-07-10,33.20628356933594,57.560001373291016,109.04000091552734,,176.39999389648438,42.22999954223633,133.11212158203125,48.849998474121094,87.25,183.38999938964844,34.38999938964844,32.119998931884766,283.739990234375,89.91999816894531,52.88999938964844,188.36000061035156,47.7599983215332,397.82000732421875,273.3500061035156,280.69000244140625,75.0199966430664,138.8800048828125
2026-07-13,34.42768478393555,57.65999984741211,112.8499984741211,,182.1999969482422,43.72999954223633,138.58152770996094,49.720001220703125,87.0999984741211,191.60000610351562,35.209999084472656,32.2400016784668,296.8800048828125,92.19000244140625,54.810001373291016,198.2899932861328,47.36000061035156,408.9200134277344,279.3999938964844,295.7900085449219,74.45999908447266,144.50999450683594
2026-07-14,34.288665771484375,57.779998779296875,111.87000274658203,,181.75999450683594,43.400001525878906,136.99330139160156,49.810001373291016,87.80999755859375,190.69000244140625,35.41999816894531,32.540000915527344,303.3999938964844,91.9000015258789,54.56999969482422,201.4499969482422,47.540000915527344,415.92999267578125,281.6000061035156,301.42999267578125,75.9800033569336,145.08999633789062
2026-07-15,34.03048324584961,57.25,111.45999908447266,,181.60000610351562,42.93000030517578,136.45729064941406,49.25,87.62999725341797,189.75999450683594,35.25,32.20000076293945,299.17999267578125,91.02999877929688,53.77000045776367,196.16000366210938,47.54999923706055,413.44000244140625,278.1600036621094,292.6600036621094,74.37999725341797,144.50999450683594
2026-07-16,34.04041290283203,56.540000915527344,112.83999633789062,,183.86000061035156,43.029998779296875,137.44000244140625,49.400001525878906,88.18000030517578,190.1300048828125,35.040000915527344,32.540000915527344,305.8500061035156,93.0,53.650001525878906,201.32000732421875,47.08000183105469,416.04998779296875,280.2699890136719,300.260009765625,74.7300033569336,145.9499969482422
2026-07-17,34.97384262084961,55.95000076293945,114.70999908447266,,187.3800048828125,43.83000183105469,139.88999938964844,49.560001373291016,88.12999725341797,195.5399932861328,35.220001220703125,32.29999923706055,312.6000061035156,93.5199966430664,54.86000061035156,206.86000061035156,46.9900016784668,415.70001220703125,282.9100036621094,309.6499938964844,73.37999725341797,147.36000061035156
2026-07-20,34.596500396728516,55.150001525878906,115.68000030517578,,189.7100067138672,43.779998779296875,141.08999633789062,49.04999923706055,86.94999694824219,195.3800048828125,35.11000061035156,32.58000183105469,315.30999755859375,93.55999755859375,55.189998626708984,208.8000030517578,46.38999938964844,405.8699951171875,282.3500061035156,313.30999755859375,74.16000366210938,148.36000061035156
2026-07-21,35.52000045776367,56.380001068115234,117.5,,191.07000732421875,44.099998474121094,143.44000244140625,49.79999923706055,88.58000183105469,199.8000030517578,33.189998626708984,32.380001068115234,319.760009765625,91.83000183105469,56.5,212.27000427246094,46.59000015258789,418.9100036621094,280.2200012207031,314.79998779296875,73.36000061035156,151.7100067138672
2026-07-22,36.18000030517578,56.599998474121094,118.79000091552734,,192.97999572753906,44.880001068115234,144.0,54.0099983215332,93.16999816894531,203.02000427246094,33.029998779296875,32.4900016784668,315.82000732421875,91.75,57.5,211.41000366210938,47.66999816894531,433.1000061035156,284.45001220703125,310.9200134277344,74.48999786376953,154.4499969482422
2026-07-23,36.41999816894531,56.09000015258789,120.19999694824219,,194.4199981689453,45.290000915527344,145.49000549316406,53.38999938964844,91.7300033569336,205.49000549316406,32.709999084472656,32.77000045776367,312.2699890136719,93.2300033569336,57.599998474121094,206.97999572753906,47.220001220703125,425.54998779296875,285.5799865722656,305.260009765625,75.25,156.88999938964844
2026-07-24,36.150001525878906,57.25,120.26000213623047,,194.7899932861328,45.040000915527344,146.38999938964844,53.029998779296875,91.5199966430664,204.67999267578125,33.36000061035156,32.86000061035156,309.239990234375,93.16000366210938,57.29999923706055,206.77000427246094,52.41999816894531,419.44000244140625,281.3299865722656,302.5,74.0,156.94000244140625
