Date,ALB,AMCR,APD,AVY,BALL,CF,CTVA,DD,DOW,ECL,EMN,FCX,IFF,IP,LIN,LYB,MLM,MOS,NEM,NUE,PKG,PPG,SHW,STLD,SW,VMC
2021-07-26,183.5979461669922,46.34646224975586,254.93179321289062,187.96246337890625,76.01982879638672,42.89166259765625,40.11814498901367,85.11418151855469,47.20528030395508,207.29263305664062,92.76435089111328,34.20602035522461,130.10845947265625,44.31412124633789,278.9143371582031,69.86715698242188,342.0071716308594,26.943992614746094,52.237789154052734,90.75725555419922,116.12284851074219,148.69427490234375,272.9476623535156,56.63199996948242,48.45470428466797,169.10610961914062
2021-07-27,178.08551025390625,46.507808685302734,254.73782348632812,187.7335662841797,75.97299194335938,42.61278533935547,40.288639068603516,84.3730697631836,47.15961456298828,208.8628692626953,91.98432922363281,33.926029205322266,130.42318725585938,44.54161071777344,279.2694091796875,70.21454620361328,342.6181640625,26.571367263793945,53.04224395751953,91.33282470703125,119.16031646728516,148.8746337890625,275.0892639160156,56.659820556640625,45.37007522583008,169.74986267089844
2021-07-28,183.3152618408203,46.70948791503906,253.7943115234375,192.2563934326172,76.01982879638672,42.927650451660156,40.56337356567383,84.65811920166016,47.09870147705078,207.2831268310547,92.2083740234375,34.23402404785156,129.81991577148438,44.359619140625,277.4097595214844,70.15782165527344,356.3601989746094,27.05045509338379,53.52665710449219,92.27976989746094,119.893798828125,147.2609405517578,274.9171447753906,56.8174934387207,45.37007522583008,175.8226776123047
2021-07-29,191.11753845214844,46.951499938964844,255.41677856445312,191.99085998535156,75.86996459960938,42.84668731689453,40.942283630371094,85.96320343017578,47.65442657470703,208.47500610351562,93.56926727294922,35.904659271240234,130.39698791503906,44.010807037353516,279.83013916015625,71.2708969116211,356.2826232910156,27.618253707885742,54.25325012207031,96.0396728515625,120.99832916259766,146.8191680908203,276.6859130859375,59.961647033691406,45.37007522583008,175.4671173095703
2021-07-30,194.1517333984375,46.62881088256836,256.6158447265625,192.88807678222656,75.74822235107422,42.50484848022461,40.525474548339844,85.91741180419922,47.31947326660156,208.89126586914062,93.53604125976562,35.55931854248047,131.71728515625,43.798492431640625,287.2498779296875,70.42015075683594,352.3257751464844,27.70697784423828,54.33975601196289,96.5688247680664,122.10283660888672,147.41419982910156,278.2538757324219,59.776161193847656,45.37007522583008,172.94964599609375
2021-08-02,194.96212768554688,46.467464447021484,254.58795166015625,192.50357055664062,76.22588348388672,41.34438705444336,40.24129104614258,85.45948028564453,46.6038932800293,206.28048706054688,92.83901977539062,34.17801284790039,130.79920959472656,43.608917236328125,280.5497131347656,70.11530303955078,351.8699951171875,26.544754028320312,53.6131591796875,94.76780700683594,120.1785659790039,147.2158660888672,278.770263671875,58.34783935546875,45.8743782043457,172.55564880371094
2021-08-03,195.0375213623047,47.072505950927734,256.2809143066406,195.9002685546875,75.3361587524414,41.78518295288086,40.800193786621094,85.16181182861328,47.37276077270508,207.50071716308594,92.74773406982422,34.19668960571289,131.25392150878906,44.51885223388672,283.07275390625,71.03693389892578,351.57904052734375,27.804563522338867,54.192710876464844,99.02900695800781,120.98969268798828,149.31639099121094,282.9867248535156,59.961647033691406,45.8743782043457,173.77598571777344
2021-08-04,194.90562438964844,46.7901496887207,253.6532745361328,194.79244995117188,74.0156021118164,40.52578353881836,40.042354583740234,85.01299285888672,46.428802490234375,206.0250701904297,90.46575927734375,33.2726936340332,129.2252960205078,43.76816177368164,285.59588623046875,68.76829528808594,355.1382141113281,27.15691566467285,53.50935745239258,97.38579559326172,119.71260070800781,147.6756134033203,283.2256774902344,58.40348815917969,45.8743782043457,172.63253784179688
2021-08-05,206.0059051513672,47.112850189208984,254.57904052734375,194.0050811767578,75.6545639038086,40.65172576904297,39.25608825683594,84.95576477050781,46.43641662597656,206.3844757080078,91.76856994628906,33.45936584472656,129.4788818359375,43.540679931640625,284.85760498046875,68.53433227539062,351.62762451171875,27.236764907836914,52.9817008972168,94.23861694335938,119.54862976074219,146.9003143310547,282.6806945800781,57.15138626098633,45.8743782043457,170.8452911376953
2021-08-06,213.6291046142578,47.31452941894531,256.43072509765625,195.21363830566406,79.83158874511719,41.55128860473633,42.401126861572266,87.0851058959961,47.19767379760742,207.7750701904297,93.61903381347656,34.40201187133789,132.08453369140625,43.89706802368164,285.8294372558594,70.50521087646484,355.55523681640625,27.937639236450195,51.744728088378906,96.83806610107422,121.30033874511719,148.0542755126953,283.9140625,58.28291320800781,46.1517448425293,174.07388305664062
2021-08-09,218.02967834472656,47.67755889892578,243.1427764892578,196.5228729248047,81.80770111083984,42.34292221069336,42.79898452758789,86.47836303710938,47.06063461303711,206.73451232910156,93.61074829101562,34.0286979675293,134.41915893554688,44.458187103271484,283.39056396484375,70.63992309570312,358.1445617675781,28.886934280395508,50.89703369140625,100.05948638916016,123.0865707397461,148.6514434814453,284.3538513183594,59.729793548583984,46.1517448425293,176.06289672851562
2021-08-10,225.23825073242188,48.201927185058594,245.01206970214844,198.7018280029297,83.19380187988281,43.0175895690918,43.22528076171875,88.4130630493164,48.05026626586914,207.2169189453125,94.97163391113281,35.67133331298828,136.7100372314453,45.208892822265625,282.0074157714844,73.48990631103516,366.7467041015625,29.853984832763672,50.21366882324219,109.64022827148438,124.31190490722656,151.41993713378906,283.07269287109375,63.337684631347656,46.01726531982422,180.0121307373047
2021-08-11,222.3736572265625,49.12965774536133,245.77040100097656,199.1321563720703,83.85875701904297,43.45838928222656,43.3294792175293,89.63800048828125,48.90287780761719,208.70204162597656,96.88021087646484,36.147315979003906,137.0860137939453,45.542537689208984,286.23126220703125,75.10631561279297,378.6266784667969,30.27982521057129,51.26033020019531,113.92930603027344,125.6494369506836,153.98045349121094,289.057861328125,66.33345794677734,46.58879852294922,185.84471130371094
2021-08-12,222.8919219970703,48.60530090332031,244.78280639648438,197.7771759033203,83.77445220947266,44.1060791015625,43.76657485961914,89.2945556640625,48.72779846191406,207.69935607910156,96.52339172363281,35.829986572265625,136.4827117919922,45.43638229370117,286.5677185058594,74.43991088867188,377.1913146972656,30.08464813232422,50.47317886352539,116.2687759399414,125.52001953125,154.161376953125,290.3772888183594,67.65049743652344,46.58879852294922,184.83575439453125
2021-08-13,221.6481170654297,49.00865173339844,246.66091918945312,197.32852172851562,83.05331420898438,43.78929901123047,43.70005798339844,88.24134826660156,48.48418045043945,209.60072326660156,96.00890350341797,35.55931854248047,137.05978393554688,45.29335021972656,289.128173828125,74.48954010009766,373.79705810546875,29.774131774902344,50.89703369140625,117.1321792602539,126.34841918945312,153.6094512939453,292.24176025390625,67.81742095947266,49.396060943603516,182.3662872314453
2021-08-16,212.86581420898438,49.29100799560547,248.2569122314453,201.14634704589844,83.41856384277344,41.98812484741211,42.920894622802734,87.82920837402344,48.2025260925293,209.3169403076172,95.20399475097656,34.38334655761719,136.01925659179688,45.49221420288086,290.9504699707031,73.31975555419922,369.3262939453125,28.807092666625977,50.93162536621094,115.37754821777344,126.06365203857422,153.25660705566406,294.2495422363281,66.47257232666016,49.396060943603516,180.44451904296875
2021-08-17,203.96109008789062,48.80697250366211,248.13343811035156,198.4729461669922,83.71826934814453,41.24592590332031,42.82586669921875,86.19215393066406,47.43366241455078,209.3263702392578,93.7850112915039,32.39539337158203,135.38104248046875,45.079219818115234,291.1092834472656,72.15706634521484,365.98065185546875,27.68035888671875,50.914329528808594,111.00493621826172,125.70121765136719,150.72329711914062,291.5341796875,63.875640869140625,48.70685577392578,178.30714416503906
2021-08-18,205.16725158691406,48.96831512451172,239.96849060058594,197.4109344482422,84.95451354980469,41.42695236206055,41.75213623046875,84.6123275756836,47.106319427490234,207.4723358154297,92.32453155517578,31.62074089050293,132.4779815673828,44.780921936035156,289.60479736328125,71.0723876953125,363.924560546875,27.423076629638672,49.22757339477539,112.11897277832031,125.1662368774414,148.84140014648438,287.8913879394531,64.21880340576172,50.488712310791016,177.4117431640625
2021-08-19,201.04000854492188,50.01706314086914,239.2982940673828,197.2736053466797,86.63093566894531,39.22753143310547,40.43135452270508,83.47896575927734,46.0938606262207,208.57908630371094,91.06324768066406,30.258089065551758,130.63307189941406,44.48263931274414,290.78216552734375,68.95970916748047,361.66497802734375,26.23423957824707,48.89020538330078,109.01823425292969,125.20074462890625,145.79237365722656,289.8837890625,62.289634704589844,50.488712310791016,176.48745727539062
2021-08-20,207.0047149658203,51.59018325805664,235.8154296875,199.8463134765625,88.62577819824219,40.250308990478516,39.85173034667969,83.39883422851562,46.35268020629883,210.0547332763672,91.19599914550781,30.61275291442871,130.9478302001953,44.9415397644043,293.2866516113281,69.6261215209961,363.67242431640625,27.25450897216797,48.7431640625,108.08057403564453,127.97069549560547,145.77426147460938,294.11749267578125,62.122684478759766,50.488712310791016,176.56454467773438
2021-08-23,214.78814697265625,51.146480560302734,238.50479125976562,199.63571166992188,88.83184814453125,40.54899597167969,39.86122512817383,84.39481353759766,47.24334716796875,210.48989868164062,92.75604248046875,31.919397354125977,131.36756896972656,44.71208572387695,292.3335266113281,70.92350769042969,367.02789306640625,27.73358726501465,49.98012924194336,111.24633026123047,126.8316421508789,146.89614868164062,291.8760986328125,63.9590950012207,50.488712310791016,178.0568084716797
2021-08-24,215.9754180908203,50.904457092285156,238.53118896484375,200.58787536621094,88.51342010498047,40.8295783996582,40.43135452270508,85.57395935058594,48.15684509277344,210.31016540527344,93.79330444335938,32.862056732177734,132.28564453125,45.056251525878906,292.00640869140625,72.67460632324219,367.8230895996094,28.647396087646484,49.72061538696289,114.42133331298828,127.5823974609375,147.3666534423828,290.3339538574219,66.02737426757812,50.488712310791016,179.4336395263672
2021-08-25,220.65869140625,51.630523681640625,237.3408660888672,205.02828979492188,88.65388488769531,41.33644104003906,41.600093841552734,85.8945083618164,48.621212005615234,211.96556091308594,94.47374725341797,32.76872253417969,132.61790466308594,45.48456954956055,292.3521423339844,73.0078125,374.42742919921875,28.691755294799805,49.22757339477539,111.36700439453125,129.36859130859375,147.8280792236328,289.969970703125,65.38742065429688,47.84954833984375,182.52413940429688
2021-08-26,217.38888549804688,51.02546691894531,236.67950439453125,205.71493530273438,88.32609558105469,40.295562744140625,41.799644470214844,85.05879211425781,48.45374298095703,210.9628143310547,93.36180877685547,32.236724853515625,132.05828857421875,45.178619384765625,290.9223937988281,71.73880004882812,372.9629821777344,28.168315887451172,48.98535919189453,109.60311126708984,128.919921875,145.80142211914062,289.52935791015625,64.11677551269531,47.84954833984375,180.55043029785156
2021-08-27,222.99559020996094,51.54985046386719,236.7500457763672,207.04254150390625,88.38230895996094,40.93819046020508,41.980194091796875,86.03186798095703,49.77070236206055,212.82632446289062,95.6520767211914,34.13135528564453,132.7578582763672,45.989356994628906,293.9314270019531,73.7606201171875,372.7399597167969,28.966785430908203,50.33478546142578,111.26488494873047,130.63710021972656,146.4257049560547,290.10400390625,65.76768493652344,47.84954833984375,180.95477294921875
2021-08-30,223.30654907226562,51.59018325805664,238.24905395507812,207.48196411132812,89.61854553222656,40.55804443359375,41.58109664916992,84.6123275756836,49.23206329345703,213.2898406982422,94.24969482421875,34.19668960571289,132.20697021484375,45.408084869384766,294.8752136230469,73.0866928100586,371.17864990234375,28.656267166137695,49.74656677246094,112.3696517944336,130.42999267578125,146.3080596923828,292.4412536621094,65.14627075195312,47.84954833984375,179.11587524414062
2021-08-31,223.08038330078125,51.83219909667969,237.6406707763672,206.97689819335938,90.05964660644531,41.110164642333984,41.7806396484375,84.73824310302734,48.40102005004883,213.1763458251953,93.90118408203125,33.96335220336914,132.46926879882812,45.95875549316406,293.9781188964844,71.94670104980469,370.3238525390625,28.549802780151367,50.16177749633789,109.138916015625,130.90464782714844,144.3538055419922,290.8703918457031,62.5956916809082,47.72346878051758,179.0099334716797
2021-09-01,225.39842224121094,51.18681716918945,237.49073791503906,207.6656494140625,90.71659088134766,40.7119140625,42.170223236083984,84.07425689697266,48.12400436401367,212.8074493408203,93.56926727294922,33.496700286865234,131.55990600585938,45.767555236816406,293.314697265625,70.11848449707031,370.2655944824219,28.287473678588867,50.066627502441406,107.93205261230469,132.8375701904297,142.72528076171875,293.01593017578125,62.178340911865234,47.101505279541016,178.9329833984375
2021-09-02,229.9497528076172,51.4288330078125,238.07266235351562,208.7950897216797,91.7771224975586,41.59892272949219,42.6833381652832,84.6123275756836,48.1855583190918,214.65199279785156,94.0007553100586,33.85136413574219,132.40806579589844,46.1193733215332,295.8932189941406,69.75282287597656,368.5559997558594,28.83881950378418,50.78457260131836,107.02224731445312,132.2939453125,143.5214385986328,295.68829345703125,62.530784606933594,47.35365676879883,176.18905639648438
2021-09-03,227.90499877929688,51.146480560302734,236.55609130859375,207.28912353515625,91.392333984375,41.11921310424805,42.6833381652832,82.517333984375,47.800804138183594,212.96824645996094,93.40328979492188,33.73001480102539,131.95335388183594,45.8287353515625,293.8866271972656,68.63438415527344,363.7478942871094,28.589820861816406,51.614986419677734,105.88035583496094,131.5518035888672,140.83432006835938,294.4718322753906,61.92790603637695,47.35365676879883,173.59913635253906
2021-09-07,225.00271606445312,49.75402069091797,235.515625,205.59027099609375,90.96998596191406,41.78899002075195,42.122718811035156,81.76175689697266,47.60843276977539,214.86012268066406,92.9137191772461,33.93536376953125,131.21890258789062,44.89564514160156,295.9588623046875,67.8529052734375,359.299072265625,28.589820861816406,50.41262435913086,106.53949737548828,130.8183135986328,136.0753173828125,290.0753479003906,61.64968490600586,47.35365676879883,170.46046447753906
2021-09-08,225.4738311767578,50.161170959472656,236.07113647460938,206.54534912109375,90.73538208007812,40.358924865722656,41.94217300415039,80.84591674804688,46.700439453125,217.1870880126953,90.68982696533203,32.078060150146484,132.049560546875,44.7197265625,292.1613464355469,66.27558898925781,357.5021057128906,27.682775497436523,50.2641716003418,104.14431762695312,130.8873748779297,136.63624572753906,284.18450927734375,61.08392333984375,47.35365676879883,169.44955444335938
2021-09-09,229.36553955078125,49.3875846862793,235.5332489013672,206.56365966796875,89.59038543701172,41.092063903808594,41.41006088256836,80.4795913696289,46.38494110107422,215.2101287841797,90.7562255859375,32.48871612548828,131.89215087890625,44.803855895996094,293.2021484375,65.66616821289062,357.2496032714844,28.074050903320312,50.045867919921875,104.5063705444336,130.91329956054688,139.83909606933594,284.768798828125,61.167381286621094,47.35365676879883,169.44955444335938
2021-09-10,227.2548065185547,50.079742431640625,236.30917358398438,206.04019165039062,88.99913024902344,41.30928039550781,41.258033752441406,80.69709014892578,46.4849853515625,213.63040161132812,90.83920288085938,33.114044189453125,129.05039978027344,44.627960205078125,291.0830383300781,66.58387756347656,358.90087890625,28.260799407958984,49.76642608642578,104.20930480957031,131.00814819335938,138.45480346679688,287.9680480957031,61.02825927734375,47.35365676879883,171.07667541503906
2021-09-13,215.90948486328125,50.079742431640625,237.63182067871094,205.0760040283203,88.27647399902344,42.006221771240234,40.99195861816406,80.9031753540039,46.7235221862793,212.77723693847656,91.44493103027344,32.93672180175781,129.05039978027344,44.81916427612305,293.9522399902344,67.69515228271484,357.4730224609375,28.572036743164062,49.810096740722656,101.37776184082031,130.8873748779297,137.98431396484375,289.3377380371094,59.238216400146484,46.52155685424805,171.30770874023438
2021-09-14,217.1721649169922,50.161170959472656,237.06752014160156,203.69854736328125,86.95316314697266,41.743743896484375,40.15578842163086,78.38460540771484,45.90016555786133,211.92408752441406,87.26140594482422,32.470054626464844,125.69278717041016,44.16904830932617,292.48956298828125,67.27216339111328,351.314697265625,28.49200439453125,49.949806213378906,98.5926742553711,128.8026123046875,136.011962890625,286.26312255859375,57.47601318359375,46.52155685424805,169.18960571289062
2021-09-15,220.4796142578125,50.48688888549805,237.63182067871094,204.35055541992188,87.47874450683594,43.84360122680664,40.83042907714844,80.14759826660156,46.32337951660156,212.1800079345703,88.52233123779297,34.29001998901367,126.18243408203125,44.31437683105469,294.9179992675781,67.96044158935547,350.93585205078125,29.91482925415039,50.395164489746094,101.77696990966797,126.85687255859375,136.35574340820312,286.7899169921875,60.3233757019043,46.52155685424805,168.46751403808594
2021-09-16,218.2709503173828,49.3875846862793,234.91600036621094,203.34042358398438,87.04700469970703,44.368568420410156,40.45984649658203,80.86882019042969,45.76165771484375,211.93356323242188,87.64552307128906,32.01271438598633,125.14196014404297,44.253177642822266,293.5584411621094,67.30083465576172,343.94219970703125,30.012643814086914,48.40415954589844,101.95337677001953,124.83289337158203,135.5233917236328,285.45843505859375,59.08982849121094,49.23637008666992,166.10870361328125
2021-09-17,214.1179656982422,48.24755859375,230.8687744140625,197.14186096191406,86.68099975585938,44.440975189208984,39.78520584106445,78.8883056640625,44.438133239746094,206.97576904296875,86.08402252197266,30.846088409423828,118.2255859375,43.28950119018555,290.0328369140625,66.06767272949219,332.9078369140625,29.888145446777344,48.220767974853516,97.37651062011719,122.49625396728516,132.7638702392578,281.35894775390625,57.45745849609375,47.664634704589844,163.55734252929688
2021-09-20,203.3860626220703,47.96255111694336,227.65040588378906,195.07565307617188,87.04700469970703,43.508705139160156,39.42412185668945,77.76640319824219,43.23003005981445,205.79080200195312,83.21147155761719,29.09145164489746,118.01568603515625,42.73881530761719,283.3662109375,64.46885681152344,332.72320556640625,28.598718643188477,47.16413116455078,89.94026947021484,121.36703491210938,132.37484741210938,279.4718933105469,53.90520095825195,47.664634704589844,163.1144561767578
2021-09-21,204.33938598632812,47.59611511230469,226.95384216308594,193.33087158203125,86.84054565429688,44.3414192199707,39.3386116027832,77.10242462158203,42.729854583740234,206.568115234375,82.81900787353516,28.447463989257812,115.9259262084961,42.23402786254883,285.9446716308594,64.45452117919922,334.325927734375,28.829917907714844,47.60075759887695,89.3182601928711,119.89033508300781,131.78671264648438,278.12127685546875,53.562042236328125,47.664634704589844,165.17478942871094
2021-09-22,210.74827575683594,47.799686431884766,227.4387969970703,195.95724487304688,87.23469543457031,45.63572692871094,39.85173034667969,78.1556396484375,43.322364807128906,209.36459350585938,83.64571380615234,29.4554443359375,115.9521713256836,42.93002700805664,286.9761657714844,65.40804290771484,340.22198486328125,29.505765914916992,47.72303009033203,90.21878051757812,122.25303649902344,131.42489624023438,279.6826477050781,53.97012710571289,47.664634704589844,167.76466369628906
2021-09-23,216.288818359375,48.125404357910156,229.61666870117188,200.65896606445312,87.51626586914062,48.4144172668457,40.298309326171875,78.87686157226562,44.19189453125,212.2463836669922,85.02350616455078,29.96877098083496,116.89334869384766,43.67191696166992,291.01739501953125,66.92084503173828,345.7877502441406,31.097551345825195,47.19907760620117,92.27976989746094,123.94690704345703,132.5648651123047,281.8473815917969,54.87905502319336,47.954681396484375,172.0587158203125
2021-09-24,213.6931915283203,48.00327682495117,228.86720275878906,199.21722412109375,86.62467956542969,49.63631057739258,40.20330047607422,78.13274383544922,43.71480941772461,212.1231231689453,85.3407974243164,30.090099334716797,116.67342376708984,43.572479248046875,290.9142761230469,66.74876403808594,340.9408264160156,31.888994216918945,47.041893005371094,93.69087982177734,123.23458099365234,134.4286346435547,279.50067138671875,55.50048065185547,47.954681396484375,169.50733947753906
2021-09-27,209.776123046875,48.32899475097656,230.9393310546875,199.3365936279297,85.2356948852539,50.767704010009766,41.29602813720703,80.26206970214844,45.930938720703125,206.91888427734375,88.09645080566406,31.648740768432617,115.74981689453125,43.84782409667969,289.9297790527344,68.88530731201172,346.0111999511719,32.760467529296875,47.06808090209961,96.47598266601562,124.76341247558594,134.04864501953125,275.4872741699219,57.309059143066406,46.999149322509766,171.59658813476562
2021-09-28,204.30160522460938,47.63683319091797,231.2920379638672,195.1583251953125,84.19393157958984,51.2655143737793,40.896942138671875,79.04856872558594,45.75396728515625,201.7430877685547,87.32820129394531,31.331411361694336,116.92853546142578,43.61073303222656,281.2283935546875,69.08605194091797,347.1573486328125,32.511470794677734,47.66189956665039,95.54762268066406,123.37359619140625,132.17578125,267.83404541015625,57.355438232421875,43.21925354003906,170.41233825683594
2021-09-29,206.68020629882812,47.758975982666016,229.44915771484375,195.45217895507812,84.22208404541016,51.156898498535156,40.725914001464844,79.1630630493164,45.26148223876953,201.62928771972656,86.8438949584961,30.902084350585938,117.9400863647461,43.71780776977539,280.4876708984375,68.72756958007812,343.66046142578125,32.449222564697266,46.90216827392578,93.0078353881836,122.80894470214844,131.8681640625,270.3627624511719,55.46470260620117,43.21925354003906,167.29290771484375
2021-09-30,206.68020629882812,47.188968658447266,227.13446044921875,190.28213500976562,84.4379653930664,50.52332305908203,39.98474884033203,77.83509826660156,44.29193115234375,197.76165771484375,84.1216812133789,30.360759735107422,117.62345886230469,42.7694091796875,275.08685302734375,67.28649139404297,331.88787841796875,31.764495849609375,47.417388916015625,91.7961654663086,119.38652038574219,129.38916015625,267.9394226074219,54.468109130859375,43.21925354003906,162.86412048339844
2021-10-01,206.6046905517578,47.59611511230469,228.3050994873047,192.5227508544922,84.3253173828125,55.3385124206543,41.33403778076172,79.14016723632812,45.07680892944336,202.5298614501953,85.59131622314453,30.65008544921875,124.11507415771484,43.01612091064453,279.278076171875,68.70606231689453,343.8645324707031,33.61416244506836,46.771183013916016,91.01325988769531,120.87187957763672,130.29393005371094,273.025634765625,54.2911376953125,45.206443786621094,166.50344848632812
2021-10-04,203.13124084472656,47.35182189941406,227.028076171875,190.9524688720703,84.29718017578125,54.97647476196289,40.43135452270508,80.34220886230469,44.815185546875,201.31649780273438,85.26567077636719,30.528762817382812,121.38822174072266,43.476478576660156,276.2776184082031,67.8743896484375,338.84271240234375,34.03211212158203,47.740482330322266,90.20238494873047,121.08903503417969,130.29393005371094,273.2651062011719,54.49604415893555,45.62078857421875,165.107421875
2021-10-05,209.9082489013672,48.04397964477539,227.94149780273438,193.7349395751953,85.86448669433594,54.69588851928711,41.29602813720703,81.24658966064453,45.47693634033203,203.22186279296875,87.36162567138672,30.052770614624023,119.16280364990234,43.88838577270508,279.25927734375,69.351318359375,338.13360595703125,34.254432678222656,47.006961822509766,91.99190521240234,123.10432434082031,131.95864868164062,279.0600280761719,55.27842330932617,45.62078857421875,162.97967529296875
2021-10-06,209.88934326171875,47.84040069580078,231.24949645996094,193.12884521484375,86.76545715332031,54.17092514038086,39.90872573852539,79.90719604492188,43.984127044677734,205.3452911376953,86.10905456542969,29.595443725585938,120.95722198486328,43.63801193237305,277.5902404785156,68.66303253173828,347.0699768066406,34.11215591430664,47.61822509765625,89.46609497070312,122.66130828857422,132.77291870117188,281.4737854003906,53.592586517333984,45.62078857421875,168.2075958251953
2021-10-07,209.82327270507812,48.20684814453125,233.5553741455078,195.9021453857422,86.25868225097656,54.90406799316406,40.374332427978516,80.75432586669922,45.0229377746582,205.20309448242188,87.67058563232422,32.031394958496094,121.6081314086914,43.82377624511719,280.5064392089844,70.23319244384766,350.2752990722656,35.161476135253906,47.68808364868164,92.22489929199219,123.92951202392578,136.14767456054688,281.36846923828125,55.36223602294922,46.441036224365234,170.0657501220703
2021-10-08,202.98963928222656,47.677547454833984,235.4000244140625,189.87808227539062,85.78001403808594,55.266109466552734,40.6498908996582,80.61695861816406,45.17684555053711,203.86648559570312,87.86264038085938,31.85405921936035,121.42340087890625,43.92877197265625,277.7216491699219,70.22602081298828,347.5459289550781,35.92624282836914,47.426124572753906,91.31151580810547,120.85450744628906,136.38291931152344,277.7669677734375,55.036258697509766,46.441036224365234,168.910400390625
2021-10-11,202.14013671875,47.31110382080078,238.3267059326172,189.18014526367188,85.34830474853516,56.24362564086914,40.3458251953125,79.86138916015625,44.80747985839844,201.1268768310547,87.39502716064453,32.880706787109375,123.14746856689453,45.02719497680664,276.45574951171875,69.8388671875,340.4454345703125,37.27792739868164,47.33005905151367,91.9173355102539,119.95110321044922,137.39627075195312,276.1387023925781,56.554439544677734,46.441036224365234,165.48291015625
2021-10-12,204.69802856445312,47.39253234863281,241.5814666748047,188.8770751953125,84.8978271484375,55.12128829956055,39.86122512817383,79.2431869506836,44.43043518066406,201.0889892578125,86.9691390991211,32.302059173583984,126.1733627319336,45.01912307739258,277.365234375,69.44453430175781,339.1632080078125,36.8599739074707,47.836544036865234,92.83074188232422,121.20198822021484,138.24671936035156,279.5581359863281,57.41131591796875,46.441036224365234,164.471923828125
2021-10-13,211.1070098876953,47.51468276977539,246.9203643798828,188.63833618164062,85.19815826416016,54.62347412109375,40.13677978515625,79.74690246582031,43.791751861572266,202.16964721679688,86.69356536865234,33.43136978149414,126.97384643554688,44.64759063720703,282.22222900390625,69.0287094116211,338.9689636230469,36.219703674316406,49.22501754760742,93.52043151855469,119.21276092529297,139.9476318359375,277.7190856933594,56.84316635131836,46.441036224365234,164.135009765625
2021-10-14,218.3464813232422,48.49184036254883,255.389892578125,190.75961303710938,86.36188507080078,54.79544448852539,41.21052169799805,82.09376525878906,45.19992446899414,207.93321228027344,89.5995101928711,34.72673034667969,130.46595764160156,45.075653076171875,289.51715087890625,70.49846649169922,352.8494567871094,36.806617736816406,50.44755554199219,94.34994506835938,120.8371353149414,143.7476043701172,279.9029541015625,57.43926239013672,46.441036224365234,169.71913146972656
2021-10-15,215.93016052246094,48.65470886230469,259.584716796875,192.61463928222656,85.6861801147461,53.40157699584961,41.343536376953125,82.5058822631836,45.36921691894531,208.7484588623047,89.657958984375,36.13899230957031,129.81504821777344,43.03226852416992,289.020263671875,71.05052947998047,355.28741455078125,36.87775802612305,49.801353454589844,94.86258697509766,116.14646911621094,145.03236389160156,283.897216796875,57.63484573364258,46.441036224365234,170.3449249267578
2021-10-18,223.61331176757812,48.49184036254883,259.4429016113281,192.4033966064453,84.56935119628906,55.18463897705078,41.12499237060547,82.2540283203125,45.36151885986328,207.3075408935547,89.33231353759766,36.04546356201172,128.00299072265625,42.70111846923828,288.7670593261719,70.56298828125,363.1553039550781,37.23346710205078,49.233741760253906,95.56157684326172,116.50261688232422,142.4085693359375,284.8167419433594,58.13780212402344,42.5596809387207,173.82058715820312
2021-10-19,222.7071990966797,48.93971252441406,261.1722106933594,194.01962280273438,85.06675720214844,54.813560485839844,41.45756530761719,82.70050048828125,45.546199798583984,208.10385131835938,89.54940032958984,36.33539581298828,129.3136444091797,42.04692077636719,291.3080749511719,70.69921112060547,359.9402160644531,37.188995361328125,49.76642608642578,96.27926635742188,115.4081039428711,143.80189514160156,285.70745849609375,59.14371871948242,42.87255096435547,173.175537109375
2021-10-20,221.97096252441406,49.02115249633789,260.4717102050781,197.13270568847656,86.8874740600586,54.686832427978516,41.93266296386719,83.86820220947266,46.0848388671875,209.156005859375,90.39278411865234,36.41022491455078,128.22293090820312,43.23418426513672,291.81439208984375,71.30862426757812,370.858154296875,37.767024993896484,49.91486740112305,98.01284790039062,117.736083984375,145.14999389648438,289.1557922363281,60.596702575683594,42.87255096435547,178.79820251464844
2021-10-21,221.01766967773438,48.980430603027344,260.6401672363281,198.6937713623047,87.31917572021484,54.297637939453125,40.583370208740234,82.70050048828125,45.600059509277344,210.7296600341797,89.70807647705078,35.9332275390625,128.29331970214844,42.93535232543945,291.8988037109375,69.22943878173828,370.75115966796875,37.500240325927734,49.932334899902344,95.13284301757812,117.0498275756836,149.28469848632812,293.8492736816406,58.74321365356445,41.20669174194336,177.58506774902344
2021-10-22,218.516357421875,49.50973129272461,258.2810974121094,199.7314910888672,86.54022216796875,54.00800323486328,40.62138366699219,82.55167388916016,44.938297271728516,209.9239044189453,89.8249740600586,35.231773376464844,127.82707214355469,42.830352783203125,294.561767578125,69.82452392578125,370.4014892578125,37.35796356201172,50.307838439941406,95.37519073486328,116.38970947265625,146.317138671875,293.6959228515625,59.14371871948242,41.20669174194336,178.26861572265625
2021-10-25,226.00131225585938,49.184017181396484,260.6667785644531,200.2090301513672,82.10106658935547,53.51923751831055,40.402835845947266,82.34561157226562,45.17684555053711,210.0281982421875,90.84371185302734,36.793678283691406,128.72430419921875,42.78997039794922,296.9339599609375,69.98226165771484,382.50445556640625,37.731449127197266,50.56980895996094,101.98332214355469,116.32889556884766,144.82427978515625,296.6653747558594,62.48744201660156,41.88318634033203,183.76611328125
2021-10-26,222.90541076660156,48.89900207519531,261.0747375488281,194.58895874023438,83.65898132324219,52.9852294921875,40.583370208740234,82.34561157226562,45.17684555053711,218.29429626464844,90.72682189941406,36.33539581298828,130.26364135742188,42.83842849731445,297.0183410644531,70.00376892089844,379.6195983886719,37.23346710205078,50.38642883300781,103.85671997070312,118.16170501708984,146.4528350830078,302.6998291015625,62.664405822753906,41.88318634033203,182.0908966064453
2021-10-27,218.74293518066406,48.980430603027344,261.4915771484375,191.17288208007812,85.82695770263672,51.35602569580078,40.01325988769531,79.1630630493164,43.09151840209961,209.59213256835938,88.13819885253906,34.605140686035156,130.4131622314453,40.52851867675781,299.0812072753906,67.71665954589844,372.2179870605469,36.602088928222656,50.246700286865234,100.84624481201172,117.6144790649414,146.13619995117188,304.00244140625,60.13098907470703,43.743534088134766,178.14349365234375
2021-10-28,232.39134216308594,49.46900939941406,267.3359680175781,197.70201110839844,86.16480255126953,52.10727310180664,40.896942138671875,79.86138916015625,43.53013229370117,209.4973602294922,91.88752746582031,35.633934020996094,130.606689453125,40.13276290893555,298.1341552734375,69.07171630859375,382.34906005859375,37.23346710205078,47.958797454833984,101.95537567138672,120.56787872314453,147.45713806152344,307.8721923828125,60.99720001220703,43.743534088134766,181.84056091308594
2021-10-29,236.41226196289062,49.14328384399414,265.890380859375,199.93350219726562,85.85511779785156,51.41033172607422,41.001468658447266,79.67821502685547,43.06843185424805,210.65380859375,86.86894226074219,35.278541564941406,129.70068359375,40.11661148071289,299.2968444824219,66.54801940917969,381.5816955566406,36.966678619384766,47.15541458129883,104.06175994873047,119.32569122314453,145.27664184570312,303.26495361328125,61.54672622680664,43.743534088134766,183.04397583007812
2021-11-01,241.50914001464844,48.613990783691406,264.2762451171875,201.32933044433594,87.18779754638672,52.1253776550293,40.86844253540039,81.54425811767578,44.1995849609375,210.938232421875,88.07139587402344,35.849056243896484,126.736328125,39.6562385559082,302.8317565917969,67.59477996826172,379.2213439941406,36.86886215209961,47.417388916015625,101.79692077636719,117.65792083740234,143.8833465576172,297.01971435546875,59.805015563964844,43.743534088134766,181.15699768066406
2021-11-02,245.42623901367188,49.184017181396484,264.3561096191406,198.51930236816406,87.49749755859375,51.057334899902344,40.7069091796875,88.7107162475586,44.99216079711914,215.09971618652344,91.26958465576172,36.054813385009766,127.01782989501953,39.53508377075195,307.1449279785156,67.65930938720703,395.8118591308594,33.47188186645508,47.775421142578125,99.93283081054688,116.14646911621094,146.4709014892578,299.6059875488281,58.43585968017578,43.743534088134766,187.7520294189453
2021-11-03,247.2479248046875,50.079742431640625,267.947998046875,199.49270629882812,88.33277893066406,52.596031188964844,42.57881546020508,91.75588989257812,45.4384651184082,216.26568603515625,91.47835540771484,35.75551986694336,127.80069732666016,40.31044387817383,307.9326171875,67.08574676513672,396.4237976074219,35.108131408691406,48.133445739746094,102.75691223144531,117.59712219238281,147.30331420898438,301.0139465332031,59.236854553222656,45.66307067871094,187.74244689941406
2021-11-04,257.3568115234375,49.50973129272461,267.1319885253906,200.51202392578125,85.85511779785156,52.94902801513672,45.039852142333984,91.0232162475586,43.9918212890625,216.22775268554688,90.21746063232422,34.605140686035156,124.79237365722656,39.37356185913086,310.8299255371094,65.3005142211914,401.2902526855469,34.50342559814453,47.89767074584961,104.20156860351562,116.7458267211914,147.701416015625,305.1614685058594,59.87020492553711,45.66307067871094,186.76034545898438
2021-11-05,257.2152099609375,49.42829895019531,274.31561279296875,207.92274475097656,84.92597198486328,53.582603454589844,45.22989273071289,92.04208374023438,44.869049072265625,218.6734619140625,93.38224792480469,34.642547607421875,126.3141098022461,39.47047805786133,311.2892761230469,66.65557098388672,400.50347900390625,33.213993072509766,49.21627426147461,104.5743637084961,117.59712219238281,147.556640625,305.58294677734375,60.57807159423828,45.66307067871094,188.76295471191406
2021-11-08,262.8879089355469,49.672584533691406,277.2333679199219,207.9778594970703,85.42337799072266,56.60567092895508,44.222679138183594,91.03468322753906,45.06911087036133,218.84413146972656,92.78936004638672,36.87784194946289,129.77102661132812,39.85008239746094,316.48394775390625,66.87064361572266,412.8200988769531,33.54301834106445,49.06782150268555,108.33979797363281,116.71975708007812,146.99571228027344,307.27825927734375,62.273216247558594,45.66307067871094,198.1019287109375
2021-11-09,259.1596984863281,50.120460510253906,278.3330993652344,208.5747528076172,85.66738891601562,57.22114944458008,45.46744155883789,92.7518539428711,45.2384033203125,218.92942810058594,93.80809783935547,36.662750244140625,134.68814086914062,39.801612854003906,317.5059814453125,66.54083251953125,409.87689208984375,33.35626983642578,49.55683898925781,105.69281768798828,116.56342315673828,146.60520935058594,310.39129638671875,61.22072982788086,45.66307067871094,198.1212158203125
2021-11-10,250.83468627929688,50.242610931396484,278.7143859863281,204.40560913085938,85.63925170898438,56.994876861572266,45.43886184692383,91.54984283447266,45.21531295776367,221.23297119140625,93.55760192871094,35.09147644042969,132.9376983642578,40.140830993652344,315.6306457519531,66.5551986694336,401.3970642089844,32.08462142944336,50.796852111816406,102.85944366455078,117.65792083740234,145.95144653320312,310.9277648925781,60.2520751953125,43.69280242919922,192.8258819580078
2021-11-11,257.0264892578125,50.324031829833984,275.3886413574219,203.72610473632812,86.02405548095703,57.74610900878906,45.448387145996094,92.70608520507812,45.923240661621094,220.3703155517578,96.1879653930664,38.25270462036133,132.1636199951172,40.5042839050293,314.7305603027344,67.88873291015625,402.13525390625,32.73379898071289,51.390663146972656,105.66487121582031,117.35386657714844,144.84359741210938,312.2591857910156,61.705055236816406,44.34391784667969,191.84384155273438
2021-11-12,260.88690185546875,50.40546798706055,274.92755126953125,206.79322814941406,87.81658935546875,58.71916198730469,46.410911560058594,92.40843200683594,46.21565246582031,223.4037628173828,96.7474365234375,38.56134796142578,134.21315002441406,40.1724967956543,316.00567626953125,68.39060974121094,407.5262145996094,33.24956512451172,51.28586959838867,104.61165618896484,117.34518432617188,146.77774047851562,317.4315490722656,61.621238708496094,44.34391784667969,194.75148010253906
2021-11-15,256.06378173828125,50.44618225097656,269.4289245605469,206.24224853515625,89.98456573486328,59.61036682128906,46.09642028808594,90.17605590820312,46.10792541503906,223.2047119140625,96.12117004394531,38.215301513671875,134.0196533203125,40.31108856201172,313.1833801269531,68.26873016357422,406.632568359375,33.69419860839844,51.49545669555664,102.48661804199219,117.11067962646484,147.94918823242188,318.82049560546875,60.98788833618164,44.20862579345703,194.78041076660156
2021-11-16,257.1774597167969,50.120460510253906,267.38922119140625,206.82080078125,90.92306518554688,59.54670715332031,46.15361022949219,88.8251953125,45.29226303100586,221.28036499023438,95.75373840332031,37.03683853149414,134.53860473632812,40.164344787597656,312.208251953125,66.67707061767578,409.85748291015625,32.99168014526367,50.77065658569336,104.10836029052734,116.88481140136719,149.68350219726562,324.3663635253906,60.87611770629883,45.75608444213867,195.7545928955078
2021-11-17,258.0458679199219,49.46900939941406,265.6065673828125,204.7086944580078,89.21497344970703,59.36482620239258,46.077354431152344,90.77136993408203,44.89212417602539,220.2944793701172,95.07736206054688,36.354095458984375,134.43309020996094,39.88718795776367,310.8111572265625,65.95295715332031,411.4213562011719,32.36029815673828,50.604736328125,101.69440460205078,116.91087341308594,149.1931915283203,319.11737060546875,58.64076232910156,45.75608444213867,194.86720275878906
2021-11-18,259.2445983886719,48.93971252441406,262.7242736816406,201.82521057128906,88.42662811279297,61.447330474853516,46.382320404052734,91.03468322753906,44.6151123046875,218.86306762695312,94.95211791992188,36.27927780151367,131.98768615722656,39.593719482421875,310.36114501953125,65.42958068847656,408.2061462402344,32.742679595947266,49.923606872558594,104.10836029052734,115.19095611572266,147.42250061035156,317.3232116699219,59.24616622924805,45.0119514465332,191.54916381835938
2021-11-19,265.6345520019531,48.45112609863281,264.0545654296875,200.6681365966797,89.81562805175781,59.28299331665039,45.562747955322266,91.6070556640625,44.12263870239258,222.63592529296875,94.5095443725586,35.80229187011719,131.9700927734375,38.786685943603516,311.47686767578125,64.09603118896484,405.4669494628906,32.23580551147461,49.3821907043457,105.18020629882812,115.60789489746094,146.05133056640625,318.77203369140625,58.780479431152344,44.749813079833984,189.1956329345703
2021-11-22,267.87158203125,48.695430755615234,263.8594055175781,201.08139038085938,89.12113189697266,59.119285583496094,45.31496047973633,90.69123077392578,45.2384033203125,222.3325653076172,95.93744659423828,35.29723358154297,131.3103790283203,39.48774337768555,309.17962646484375,66.52652740478516,405.3309631347656,32.37809753417969,48.73599624633789,111.53670501708984,116.69371032714844,146.45989990234375,316.430908203125,62.43155288696289,43.14314270019531,191.13438415527344
2021-11-23,259.7164306640625,48.407527923583984,265.1720275878906,203.3587646484375,88.32340240478516,59.32844924926758,45.648521423339844,91.0232162475586,45.53850555419922,221.28036499023438,97.44052124023438,36.17639923095703,129.81504821777344,39.38176727294922,309.6578063964844,66.9925308227539,409.33294677734375,32.6804313659668,48.45655059814453,111.26638793945312,117.00643157958984,145.6790313720703,314.2050476074219,62.859981536865234,43.14314270019531,192.89950561523438
2021-11-24,259.0747375488281,47.955116271972656,264.14324951171875,200.97120666503906,87.863525390625,59.23751449584961,45.33403015136719,90.09593963623047,45.11528396606445,219.30857849121094,94.39264678955078,36.148345947265625,129.71829223632812,38.76222229003906,306.8449401855469,65.6446533203125,410.8384704589844,32.32472610473633,48.4390869140625,107.92040252685547,114.76531219482422,144.16256713867188,314.7135925292969,60.68052673339844,43.14314270019531,194.73216247558594
2021-11-26,251.87295532226562,47.46158981323242,260.4184875488281,196.4714813232422,88.87712097167969,57.10953903198242,44.62881851196289,88.10395812988281,44.32270050048828,214.45510864257812,92.27163696289062,34.829620361328125,127.16738891601562,38.74592208862305,300.5814208984375,64.92599487304688,403.0289306640625,31.408782958984375,48.84951400756836,106.23342895507812,116.02486419677734,141.2931365966797,310.18499755859375,59.15302658081055,44.496131896972656,190.44955444335938
2021-11-29,260.4055480957031,47.626102447509766,258.38751220703125,197.92239379882812,88.98035430908203,57.25503921508789,44.40009307861328,88.54069519042969,44.291542053222656,215.32720947265625,92.00442504882812,35.521705627441406,129.4719696044922,38.493221282958984,300.7408142089844,64.72999572753906,406.3508605957031,32.04016876220703,48.377960205078125,104.45323181152344,116.13776397705078,142.89132690429688,320.7196350097656,57.187782287597656,44.496131896972656,192.28224182128906
2021-11-30,251.5330810546875,46.5567741394043,254.91990661621094,188.91294860839844,87.88936614990234,55.099796295166016,42.884830474853516,85.00090789794922,42.78816223144531,209.94285583496094,87.0860595703125,34.67995834350586,125.0562515258789,37.107398986816406,298.3029479980469,63.249122619628906,392.51824951171875,30.43059730529785,47.958797454833984,99.03810119628906,113.43628692626953,139.99461364746094,317.80291748046875,55.69754409790039,44.496131896972656,184.8455810546875
2021-12-01,245.2657928466797,46.31000518798828,252.70269775390625,186.73890686035156,85.50051879882812,52.098819732666016,42.56080627441406,84.80553436279297,41.097816467285156,208.83375549316406,85.75834655761719,33.884979248046875,124.46694946289062,36.78947067260742,298.443603515625,61.376277923583984,390.31976318359375,29.962709426879883,47.041893005371094,97.57481384277344,112.49815368652344,139.36801147460938,317.5246887207031,55.036258697509766,44.496131896972656,182.2798614501953
2021-12-02,246.7194061279297,47.214820861816406,254.9110107421875,192.69911193847656,88.01165008544922,53.92668914794922,44.018890380859375,86.51795196533203,41.42498016357422,212.95733642578125,87.82087707519531,34.698665618896484,123.58729553222656,37.40085983276367,304.8126220703125,62.12396240234375,402.63494873046875,30.87175178527832,46.51793670654297,100.24974060058594,114.59158325195312,144.4077606201172,325.8909912109375,55.51127243041992,44.496131896972656,188.8677215576172
2021-12-03,237.3561248779297,46.515647888183594,255.9663848876953,189.4564666748047,87.6824722290039,53.84484100341797,43.875946044921875,86.7478256225586,41.339298248291016,209.33616638183594,89.983642578125,34.193626403808594,123.82479858398438,37.865516662597656,301.7081298828125,63.42335510253906,397.2458190917969,30.666770935058594,47.740482330322266,102.98992156982422,115.71212768554688,145.6427001953125,328.5102233886719,55.29703903198242,44.436927795410156,184.5851287841797
2021-12-06,234.59054565429688,47.58497619628906,259.7533264160156,194.38494873046875,87.16516876220703,53.581119537353516,44.88611602783203,87.79366302490234,41.97024917602539,217.64019775390625,91.30298614501953,34.9511833190918,125.8127670288086,38.3546257019043,305.7817077636719,64.54853057861328,404.0843505859375,30.72024917602539,48.753456115722656,102.7475814819336,118.30068969726562,149.3112030029297,327.291748046875,55.883819580078125,44.436927795410156,190.57492065429688
2021-12-07,244.96377563476562,47.667232513427734,262.4493713378906,198.25404357910156,87.88936614990234,54.58143997192383,45.50556182861328,89.11532592773438,42.73363494873047,218.7493133544922,94.835205078125,36.26055908203125,127.64234924316406,38.02855682373047,311.06884765625,65.41236114501953,411.34112548828125,31.96794891357422,49.24247360229492,106.26136779785156,117.57971954345703,150.99114990234375,327.9057312011719,57.923583984375,44.18325424194336,192.6776885986328
2021-12-08,249.7869873046875,47.79060745239258,262.2187805175781,198.53041076660156,88.3502197265625,54.65419387817383,45.84864807128906,89.94281768798828,42.772579193115234,220.2091827392578,97.69937133789062,36.213809967041016,130.32522583007812,37.82475280761719,313.4584655761719,65.69547271728516,417.6543273925781,32.10163497924805,49.7010383605957,105.14290618896484,114.86084747314453,149.66537475585938,328.3375549316406,57.048072814941406,46.08587646484375,193.41073608398438
2021-12-09,243.0193634033203,47.543846130371094,260.0104675292969,194.88241577148438,87.10874938964844,53.21736145019531,45.77239227294922,90.37955474853516,42.36751937866211,218.36065673828125,97.07310485839844,35.97999572753906,129.7270965576172,37.637264251708984,312.4517822265625,65.29621124267578,415.6504821777344,31.843177795410156,49.568756103515625,105.21747589111328,112.24624633789062,148.96620178222656,329.92059326171875,56.87110900878906,46.08587646484375,194.182373046875
2021-12-10,248.1162872314453,47.70835876464844,261.9350280761719,195.87733459472656,87.93639373779297,55.627235412597656,45.70569610595703,91.98855590820312,42.593421936035156,219.93426513671875,97.94989013671875,35.88646697998047,129.41038513183594,37.40901184082031,314.220458984375,65.2671890258789,427.4013366699219,32.74330520629883,49.47175598144531,105.51573181152344,111.33417510986328,148.34866333007812,332.405517578125,55.94902420043945,44.62297058105469,198.17559814453125
2021-12-13,234.83599853515625,47.996246337890625,263.8948974609375,194.03489685058594,88.08687591552734,55.6727180480957,44.43821334838867,89.2187728881836,41.534034729003906,219.8772430419922,95.86228942871094,35.19436264038086,128.8650360107422,37.368255615234375,314.3992614746094,63.62660598754883,423.08245849609375,31.96794891357422,50.41533660888672,107.69670867919922,113.37549591064453,147.84017944335938,331.964111328125,55.69754409790039,46.08587646484375,196.64195251464844
2021-12-14,230.14492797851562,47.996246337890625,264.4625549316406,191.90692138671875,86.82661437988281,56.60028839111328,44.13325500488281,89.23027801513672,41.97024917602539,217.44515991210938,97.40059661865234,35.50300979614258,128.170166015625,37.12370300292969,314.6908264160156,64.72274017333984,423.9676818847656,31.914480209350586,49.533477783203125,110.37164306640625,113.4710464477539,147.52235412597656,328.8556213378906,57.16916275024414,46.08587646484375,196.90237426757812
2021-12-15,226.33168029785156,49.147830963134766,270.56414794921875,194.25596618652344,86.39401245117188,57.800682067871094,43.9235954284668,90.03475952148438,42.09489059448242,217.7301788330078,99.12383270263672,34.83896255493164,127.55435943603516,37.661712646484375,321.14459228515625,63.18381118774414,428.73406982421875,32.42246627807617,47.82270050048828,100.86488342285156,114.4613037109375,150.6097412109375,331.6187744140625,54.78477096557617,46.08587646484375,198.94720458984375
2021-12-16,218.31460571289062,49.51798629760742,268.8524475097656,194.25596618652344,86.84541320800781,58.48271942138672,44.77176284790039,90.45999145507812,42.531097412109375,218.36672973632812,100.95634460449219,35.80229187011719,128.3460693359375,38.322025299072266,319.87457275390625,64.68645477294922,428.3741760253906,32.50267791748047,52.02912521362305,106.15885162353516,116.83268737792969,153.75160217285156,334.1229248046875,58.11918640136719,43.20234680175781,198.06948852539062
2021-12-17,217.32186889648438,48.48979568481445,264.5777893066406,190.5895538330078,87.2686538696289,58.937416076660156,43.9140625,87.93158721923828,42.1416130065918,214.18655395507812,99.76268768310547,35.5404167175293,127.04423522949219,37.368255615234375,314.06048583984375,63.70646286010742,424.4637145996094,32.49375915527344,52.240760803222656,109.9802017211914,113.79591369628906,149.45648193359375,326.62969970703125,58.06330490112305,43.20234680175781,197.4811553955078
2021-12-20,206.22274780273438,47.70835876464844,261.6334533691406,186.4348907470703,84.6446533203125,58.328125,42.656105041503906,86.4375228881836,41.68204116821289,212.82794189453125,97.3081283569336,34.99795150756836,125.16181182861328,36.33296203613281,310.7584228515625,63.082157135009766,410.6602478027344,31.673847198486328,51.773380279541016,103.57709503173828,112.94702911376953,145.90603637695312,322.07244873046875,55.25047302246094,41.75634765625,191.73239135742188
2021-12-21,211.91412353515625,48.284141540527344,262.2897644042969,191.8332061767578,84.63524627685547,62.37489700317383,43.666282653808594,87.9085922241211,42.21952438354492,214.22454833984375,96.89624786376953,36.64404296875,125.51367950439453,36.94435501098633,313.17626953125,64.11297607421875,418.41314697265625,33.269126892089844,51.306007385253906,104.87263488769531,114.40853881835938,148.85720825195312,320.92108154296875,56.88972854614258,45.24872589111328,195.17587280273438
2021-12-22,212.93519592285156,47.749481201171875,263.5401611328125,190.8290557861328,84.67288970947266,65.23038482666016,43.77111053466797,88.49473571777344,42.242889404296875,215.49758911132812,97.64437866210938,37.54189682006836,125.10023498535156,36.903594970703125,315.490478515625,63.89518737792969,423.841064453125,34.507911682128906,51.588191986083984,105.91651916503906,114.63606262207031,150.50076293945312,324.9794616699219,57.23435974121094,44.37773895263672,198.39744567871094
2021-12-23,215.45945739746094,47.955116271972656,265.5976867675781,192.04505920410156,84.6446533203125,65.74873352050781,44.25714111328125,90.26464080810547,42.95173645019531,216.83714294433594,98.67833709716797,38.46782684326172,125.86552429199219,37.368255615234375,319.0843811035156,65.73178100585938,425.1543884277344,34.91788101196289,52.496498107910156,106.53166198730469,114.90735626220703,151.69940185546875,324.6532897949219,57.42063522338867,44.2424430847168,199.04368591308594
2021-12-27,220.3755645751953,48.57203674316406,268.0277404785156,195.757568359375,86.45040893554688,67.16737365722656,44.80035400390625,91.72421264648438,43.5203857421875,220.09573364257812,100.02327728271484,39.272159576416016,128.43942260742188,37.767696380615234,323.0826721191406,66.54479217529297,426.6426696777344,35.64866638183594,53.0696907043457,108.72193145751953,116.3951187133789,154.1330108642578,331.53240966796875,58.43585968017578,47.751739501953125,200.13363647460938
2021-12-28,220.0919189453125,48.77768325805664,269.59747314453125,197.8671417236328,88.68878936767578,67.585693359375,45.1529655456543,92.45977020263672,44.112396240234375,222.432861328125,100.70417785644531,39.272159576416016,130.41189575195312,38.04485321044922,323.4306945800781,67.30701446533203,427.48895263671875,35.523902893066406,53.16670227050781,106.67146301269531,116.81517791748047,155.4496612548828,334.26678466796875,58.026039123535156,47.751739501953125,201.4357452392578
2021-12-29,219.8367156982422,49.147830963134766,270.8479309082031,200.0043487548828,89.56346130371094,67.07644653320312,45.124366760253906,92.62064361572266,44.44734191894531,223.867431640625,101.0992431640625,39.2628059387207,131.78286743164062,38.08562469482422,324.9453430175781,67.27072143554688,429.68743896484375,35.61302185058594,53.45771408081055,107.08155059814453,117.8041000366211,155.46780395507812,337.10675048828125,58.09123229980469,47.751739501953125,201.5611572265625
2021-12-30,221.5572967529297,49.18896484375,269.5087890625,198.3185272216797,89.7703628540039,65.36678314208984,44.905181884765625,92.09197235107422,44.2292366027832,222.31886291503906,100.62010955810547,38.926109313964844,131.40252685546875,38.05301284790039,323.9386901855469,66.91503143310547,426.0687255859375,34.94461441040039,54.313106536865234,106.5760726928711,117.85661315917969,155.3588409423828,336.14727783203125,57.87611389160156,46.762367248535156,199.49700927734375
2021-12-31,221.0089874267578,49.394596099853516,271.1755065917969,199.5068817138672,90.54156494140625,64.36647033691406,45.05766296386719,92.83901977539062,44.182491302490234,222.86990356445312,101.63724517822266,39.028987884521484,133.2511444091797,38.29756164550781,325.91436767578125,66.9513168334961,428.5201110839844,35.01591110229492,54.692298889160156,106.85690307617188,119.15185546875,156.5847625732422,337.874267578125,58.05382537841797,45.4516716003418,200.22044372558594
2022-01-03,223.7506866455078,48.85993576049805,263.64422607421875,194.20071411132812,87.71068572998047,64.19367218017578,44.695518493652344,92.70109558105469,44.299339294433594,218.34767150878906,100.56126403808594,38.795162200927734,131.89784240722656,38.14268493652344,318.5857238769531,67.62641906738281,427.0512390136719,35.817996978759766,53.77518081665039,105.81781005859375,117.8041000366211,154.91392517089844,325.3632507324219,57.67035675048828,49.31612014770508,200.52908325195312
2022-01-04,229.33810424804688,49.641361236572266,266.8617248535156,198.9080810546875,84.6540756225586,64.68472290039062,45.524627685546875,94.86175537109375,45.49893569946289,221.8438262939453,102.68800354003906,39.42179489135742,132.39320373535156,39.512203216552734,324.3902893066406,70.38489532470703,429.4831237792969,36.09428787231445,53.290164947509766,109.59033966064453,120.7971420288086,155.50416564941406,322.1012268066406,59.41000747680664,49.31612014770508,203.06585693359375
2022-01-05,222.7769012451172,49.7236328125,271.1575927734375,197.12094116210938,85.98014831542969,62.720455169677734,45.0195426940918,93.99979400634766,45.45220184326172,221.57785034179688,102.67118072509766,38.98222732543945,128.1829376220703,39.691532135009766,325.8955078125,69.88399505615234,425.2613220214844,34.75745391845703,53.20198059082031,114.87935638427734,121.6285171508789,157.18402099609375,322.7055969238281,61.69212341308594,49.31612014770508,201.0885467529297
2022-01-06,220.6403045654297,49.31233596801758,265.6139831542969,197.1486053466797,86.11182403564453,62.96601486206055,45.648521423339844,94.22965240478516,45.366512298583984,218.9462127685547,102.6795883178711,37.906654357910156,127.20995330810547,39.40622329711914,317.992919921875,70.19613647460938,425.1835632324219,35.12285232543945,51.73810577392578,109.15036010742188,119.8694839477539,154.9320831298828,320.0288391113281,59.90571594238281,49.31612014770508,202.50643920898438
2022-01-07,223.13616943359375,49.84699630737305,265.0702209472656,196.4392547607422,85.12432861328125,62.87504959106445,46.144073486328125,95.60877990722656,46.036407470703125,218.3856964111328,102.89815521240234,39.169281005859375,125.57361602783203,39.83827590942383,316.3653869628906,70.85672760009766,417.5084533691406,35.80909729003906,52.408321380615234,107.12835693359375,120.6396255493164,152.28965759277344,310.1082763671875,58.278297424316406,46.38184356689453,200.5483856201172
2022-01-10,214.58016967773438,49.97038269042969,263.0115051269531,191.1146240234375,84.58824920654297,61.356380462646484,45.16248321533203,94.2066421508789,45.49114990234375,214.55703735351562,100.56967163085938,38.926109313964844,124.35299682617188,39.593719482421875,315.56573486328125,70.99465942382812,404.9112548828125,35.684326171875,53.290164947509766,104.71318817138672,118.99433135986328,150.90940856933594,310.18499755859375,56.66958999633789,48.32674789428711,192.986328125
2022-01-11,227.0596466064453,49.805870056152344,265.1861877441406,195.0113525390625,84.50357055664062,62.893253326416016,46.13454818725586,95.42489624023438,46.09872817993164,215.2980499267578,102.04912567138672,40.20742416381836,129.2797393798828,39.55296325683594,316.5065612792969,72.1053237915039,407.9072570800781,35.969512939453125,53.71345520019531,103.75837707519531,118.94178771972656,153.2884979248047,311.3363037109375,57.02500534057617,48.546607971191406,193.3336181640625
2022-01-12,227.91050720214844,49.929256439208984,267.15582275390625,196.07073974609375,85.52873229980469,61.7474250793457,46.56339645385742,96.21790313720703,46.16105270385742,215.174560546875,103.30162811279297,42.22762680053711,129.2178192138672,39.52850341796875,321.0787353515625,72.5118408203125,411.05902099609375,37.35089111328125,54.251380920410156,107.3904800415039,117.270263671875,152.96160888671875,308.5444030761719,59.48482131958008,48.546607971191406,195.68707275390625
2022-01-13,222.38929748535156,50.50505065917969,262.28955078125,194.84556579589844,85.60395812988281,59.63764572143555,46.60152053833008,96.55120086669922,46.69073486328125,212.1249542236328,106.31097412109375,41.59889602661133,129.0320281982422,40.18880844116211,313.6654357910156,73.58618927001953,399.6972351074219,37.083534240722656,54.075008392333984,105.51825714111328,120.02696228027344,153.29759216308594,304.5148620605469,58.75529861450195,48.546607971191406,192.01214599609375
2022-01-14,220.9144287109375,50.87519836425781,259.66925048828125,192.6070098876953,85.19954681396484,60.41971206665039,46.31561279296875,97.6545181274414,47.313899993896484,205.2371368408203,107.2104263305664,41.36429977416992,128.9524383544922,40.35184097290039,309.16845703125,74.63151550292969,391.6622314453125,38.527305603027344,53.98682403564453,103.7396469116211,120.16703033447266,149.8288116455078,295.947021484375,58.184776306152344,48.546607971191406,185.4146270751953
2022-01-18,213.94677734375,50.50505065917969,255.43577575683594,190.5711212158203,84.2214584350586,62.06570053100586,45.87723922729492,96.27537536621094,46.89326095581055,202.73851013183594,107.33651733398438,41.56135940551758,124.91027069091797,40.19696044921875,302.14080810546875,73.30308532714844,385.6798095703125,38.86595916748047,54.01327896118164,99.88285064697266,117.57659912109375,148.73008728027344,293.7978820800781,56.024227142333984,45.874473571777344,183.83279418945312
2022-01-19,207.6975860595703,51.039710998535156,254.5177001953125,189.99998474121094,86.29052734375,60.83802032470703,45.00048065185547,93.7584457397461,46.61284255981445,204.06857299804688,107.18521118164062,41.36429977416992,123.2827377319336,40.22956466674805,303.10986328125,73.23048400878906,379.72650146484375,37.37763214111328,57.276119232177734,97.58940124511719,120.00072479248047,146.696044921875,291.4665222167969,55.145057678222656,46.18735885620117,181.5468292236328
2022-01-20,205.29627990722656,49.88813400268555,255.7743682861328,187.06130981445312,85.15253448486328,58.4736213684082,44.35245132446289,91.00016021728516,45.03155517578125,202.52001953125,102.69639587402344,40.529136657714844,124.71566009521484,39.267642974853516,302.6300964355469,69.88399505615234,380.7867736816406,36.12102127075195,56.297271728515625,93.92921447753906,118.33793640136719,145.01612854003906,285.58514404296875,53.27446746826172,46.432579040527344,181.5468292236328
2022-01-21,201.1363983154297,49.147830963134766,251.75477600097656,184.94252014160156,83.07403564453125,60.01958465576172,43.30414962768555,89.034912109375,44.182491302490234,185.34329223632812,100.94792938232422,38.46467590332031,123.20314025878906,38.55027389526367,297.3992919921875,68.3450698852539,371.8859558105469,35.03373718261719,55.635887145996094,87.1050033569336,117.72535705566406,140.51222229003906,280.97027587890625,49.0562744140625,46.432579040527344,179.42481994628906
2022-01-24,200.35174560546875,49.02444839477539,252.0579071044922,184.58326721191406,82.03948974609375,62.16575241088867,43.90453338623047,88.6671142578125,44.10459518432617,182.98724365234375,100.2334213256836,37.49811935424805,120.84149932861328,39.3165397644043,297.4369812011719,67.79336547851562,373.25762939453125,34.855491638183594,55.62706756591797,89.22059631347656,119.51941680908203,140.7755126953125,286.4101867675781,51.16070556640625,41.89164352416992,182.09661865234375
2022-01-25,194.76434326171875,48.48979568481445,249.04539489746094,180.2627716064453,81.25886535644531,64.9848403930664,43.88547134399414,88.2993392944336,44.54082107543945,179.45306396484375,99.86356353759766,37.188453674316406,118.55062103271484,38.917110443115234,295.01910400390625,67.66271209716797,357.8880310058594,36.03189468383789,55.812252044677734,88.1721420288086,118.17166137695312,139.8311767578125,282.32305908203125,50.618221282958984,41.89164352416992,177.00381469726562
2022-01-26,194.39566040039062,48.36640167236328,246.35379028320312,179.8850860595703,81.41876220703125,61.65647888183594,43.84735107421875,88.19590759277344,44.57197570800781,175.99490356445312,100.12415313720703,36.0623893737793,117.84300994873047,38.56657791137695,290.63507080078125,67.53205108642578,358.3257141113281,35.53282165527344,54.40129852294922,87.09562683105469,116.74517059326172,139.37713623046875,280.8742370605469,49.68292236328125,44.25935363769531,177.14849853515625
2022-01-27,194.2160186767578,48.530914306640625,245.8546600341797,180.8983917236328,88.39723205566406,62.183921813964844,44.638343811035156,87.9085922241211,46.877685546875,174.3513946533203,99.64501190185547,34.814327239990234,116.71971130371094,37.81660079956055,292.911865234375,69.57911682128906,362.8296203613281,35.19416046142578,53.492984771728516,90.55921936035156,125.57550048828125,139.28631591796875,271.68292236328125,50.82398223876953,44.25935363769531,176.7144317626953
2022-01-28,194.97235107421875,49.10669708251953,247.44105529785156,183.7818145751953,87.93639373779297,64.6574478149414,45.22919845581055,87.42591094970703,46.768638610839844,176.7929229736328,99.34239959716797,33.819637298583984,115.6140365600586,38.460601806640625,296.2892761230469,69.74608612060547,372.40155029296875,35.443695068359375,52.78750991821289,93.41435241699219,127.37831115722656,140.59390258789062,276.0290832519531,51.36646270751953,44.25935363769531,181.73973083496094
2022-01-31,208.69029235839844,49.394596099853516,251.44287109375,189.23536682128906,91.32217407226562,62.6295280456543,45.82005310058594,88.03500366210938,46.527156829833984,179.98509216308594,99.97283172607422,34.926937103271484,116.6843032836914,39.332855224609375,299.80767822265625,70.21792602539062,378.520263671875,35.60411834716797,53.942726135253906,94.92151641845703,131.8240509033203,141.8379364013672,274.887451171875,51.927635192871094,45.81528091430664,183.5626983642578
2022-02-01,212.9068145751953,50.176021575927734,253.67999267578125,190.12892150878906,90.82373046875,67.7129898071289,45.67710876464844,89.51758575439453,48.14738845825195,182.08465576171875,100.7293701171875,36.61603546142578,118.612548828125,39.1698112487793,302.37603759765625,72.25049591064453,379.9210205078125,38.84813690185547,54.08382797241211,100.59431457519531,130.80010986328125,142.88221740722656,281.2005615234375,53.882408142089844,45.81528091430664,184.6140594482422
2022-02-02,209.3993377685547,49.88813400268555,253.4303741455078,184.88726806640625,88.83927917480469,67.80393981933594,45.867713928222656,90.96566772460938,48.030548095703125,182.8636932373047,101.78854370117188,36.9632453918457,117.9933853149414,38.89265823364258,303.2039794921875,72.83848571777344,376.4288635253906,39.36503982543945,54.77166748046875,104.82553100585938,128.8748016357422,143.1273651123047,282.3807067871094,55.341461181640625,46.41566848754883,183.2444305419922
2022-02-03,203.3203125,48.36640167236328,250.33767700195312,177.9136962890625,87.57901763916016,66.93093872070312,46.248905181884766,89.32221221923828,47.680015563964844,179.7855682373047,101.80535888671875,35.8465576171875,114.09272766113281,38.77037811279297,293.3351135253906,72.59893035888672,362.7420349121094,38.26884078979492,54.49830627441406,105.07827758789062,129.67991638183594,142.3282928466797,276.15399169921875,55.06088638305664,46.41566848754883,178.7882080078125
2022-02-04,204.22793579101562,47.543846130371094,234.4732208251953,174.39459228515625,88.1056900024414,68.25862884521484,47.888057708740234,87.4144058227539,47.2048454284668,178.113525390625,100.21662139892578,36.05300521850586,112.42098999023438,38.14268493652344,280.3335266113281,72.75138092041016,361.9151611328125,39.06203079223633,53.7310791015625,104.15154266357422,128.35842895507812,138.923095703125,270.3013916015625,55.1263542175293,46.41566848754883,177.51499938964844
2022-02-07,207.78265380859375,47.25593948364258,226.71925354003906,167.17234802246094,86.91127014160156,65.89423370361328,47.2209587097168,86.62139892578125,46.66736602783203,177.36297607421875,99.55255126953125,36.5034294128418,113.1905288696289,38.03670120239258,278.9129638671875,72.2142105102539,362.790771484375,39.623497009277344,55.88279724121094,104.02047729492188,129.8636932373047,138.77780151367188,267.89312744140625,54.555824279785156,46.41566848754883,175.95245361328125
2022-02-08,214.3154754638672,47.79060745239258,225.31997680664062,169.81622314453125,87.88936614990234,66.59446716308594,48.002418518066406,92.09197235107422,47.58654022216797,177.25843811035156,102.15840148925781,38.126853942871094,114.03079223632812,38.42799377441406,281.02032470703125,73.5353775024414,369.06500244140625,40.0423698425293,56.05034637451172,108.1861572265625,131.7102813720703,140.06723022460938,268.324951171875,56.6789436340332,45.4516716003418,179.02935791015625
2022-02-09,223.52377319335938,48.44865798950195,231.1577606201172,173.9524688720703,88.45366668701172,66.42167663574219,49.1174201965332,93.65501403808594,48.28760528564453,181.7806854248047,103.18395233154297,40.876346588134766,117.28579711914062,38.44430160522461,286.13818359375,74.47180938720703,372.7128601074219,39.899784088134766,55.68879699707031,112.40802001953125,132.2003631591797,142.5553436279297,274.9929504394531,58.50277328491211,45.4516716003418,182.13522338867188
2022-02-10,223.1551055908203,47.79060745239258,224.93675231933594,172.0271759033203,87.1557846069336,67.07644653320312,48.55515670776367,92.32183074951172,47.47748947143555,177.99002075195312,103.06626892089844,41.204776763916016,120.64689636230469,37.99595260620117,290.559814453125,74.10884094238281,376.3996276855469,40.92467498779297,53.37834930419922,113.821533203125,130.1437530517578,139.66770935058594,268.5743408203125,57.371063232421875,48.19145584106445,182.24130249023438
2022-02-11,218.28622436523438,47.667232513427734,217.81556701660156,169.03318786621094,86.93946838378906,69.78639221191406,48.650455474853516,91.1150894165039,47.58654022216797,175.2063751220703,102.49464416503906,40.16316223144531,118.38258361816406,37.95518493652344,277.2760314941406,73.8765640258789,368.8023681640625,41.77134323120117,56.31490707397461,110.84471893310547,129.33859252929688,136.1171875,262.021484375,56.78182601928711,48.19145584106445,180.37008666992188
2022-02-14,215.2514190673828,47.58497619628906,217.01341247558594,167.45791625976562,86.78897857666016,65.23989868164062,48.507511138916016,91.16107177734375,47.384010314941406,173.77183532714844,101.45230865478516,39.834720611572266,116.41011810302734,37.68617630004883,276.1283264160156,72.70057678222656,358.9969787597656,39.76610565185547,56.74700164794922,109.85243225097656,128.6647491455078,135.5451202392578,259.5076904296875,57.623592376708984,48.19145584106445,177.37034606933594
2022-02-15,228.21304321289062,48.57203674316406,220.88150024414062,170.0281219482422,86.37516784667969,65.9337387084961,48.49797821044922,93.86189270019531,48.186344146728516,174.09481811523438,103.94049072265625,40.979557037353516,119.63858795166016,38.09376907348633,284.0213928222656,73.92736053466797,374.5222473144531,40.62166976928711,55.80344009399414,113.81218719482422,129.58363342285156,137.69723510742188,260.5534973144531,59.65317916870117,48.19145584106445,182.40530395507812
2022-02-16,232.5713653564453,48.407527923583984,218.66226196289062,170.12020874023438,86.56326293945312,67.9422378540039,49.04118347167969,94.37904357910156,48.35770797729492,173.6768035888672,104.46165466308594,41.52381896972656,121.60216522216797,37.96333694458008,285.8371276855469,74.8783187866211,380.4073181152344,41.25442123413086,56.685272216796875,114.82319641113281,129.95120239257812,137.90603637695312,261.5705261230469,60.13018798828125,48.19145584106445,184.9227294921875
2022-02-17,186.26510620117188,48.48979568481445,214.44659423828125,168.305419921875,85.5099105834961,69.55816650390625,48.86012268066406,91.63226318359375,47.648860931396484,169.4681396484375,102.40219116210938,40.54790115356445,120.02775573730469,37.97404479980469,281.2649230957031,73.28130340576172,374.5318908691406,41.013797760009766,59.745296478271484,113.21307373046875,129.9862060546875,135.87322998046875,256.3799743652344,59.14813232421875,48.19145584106445,180.9584197998047
2022-02-18,180.3468017578125,48.85993576049805,215.65869140625,166.61962890625,85.21835327148438,66.89234161376953,48.31690216064453,90.5289535522461,47.19706344604492,169.71514892578125,101.9482421875,40.36960983276367,119.22284698486328,38.484535217285156,284.9245910644531,72.47553253173828,373.2186584472656,40.104759216308594,59.67475128173828,115.075927734375,129.93370056152344,136.4110565185547,257.1954650878906,59.81217956542969,48.19145584106445,178.74000549316406
2022-02-22,181.37730407714844,48.610652923583984,212.21844482421875,164.40870666503906,84.68229675292969,67.40357971191406,48.2883186340332,89.5980453491211,46.971168518066406,167.88157653808594,101.79694366455078,39.750267028808594,118.29412078857422,38.62450408935547,276.2035827636719,72.27226257324219,369.72650146484375,39.38286209106445,59.23381423950195,111.12553405761719,130.45005798339844,133.70359802246094,250.96875,58.961063385009766,47.32046890258789,176.56976318359375
2022-02-23,172.0650177001953,48.31981658935547,209.1525115966797,161.1568603515625,83.29035186767578,67.99700164794922,48.05006790161133,86.25363159179688,46.714107513427734,164.41392517089844,100.05691528320312,39.84410858154297,117.98452758789062,37.14243698120117,273.8515625,71.47377014160156,355.4366149902344,40.28300094604492,60.186222076416016,110.44218444824219,127.12448120117188,128.1793670654297,248.87721252441406,58.138004302978516,47.32046890258789,169.0849151611328
2022-02-24,174.14491271972656,47.69660949707031,209.56246948242188,160.54885864257812,82.62258911132812,71.7219009399414,47.69746780395508,86.85127258300781,45.74040603637695,167.1500244140625,98.99775695800781,41.0264778137207,120.01004791259766,36.38493347167969,268.357421875,68.57009887695312,359.0164794921875,40.41667938232422,58.836997985839844,113.1756362915039,127.7633285522461,125.53575134277344,248.4358367919922,59.16682434082031,47.32046890258789,170.86929321289062
2022-02-25,181.47186279296875,49.026126861572266,214.24160766601562,166.1129913330078,85.46288299560547,72.58006286621094,49.403324127197266,90.11798858642578,47.02543258666992,171.29217529296875,101.54476928710938,43.48506546020508,123.44197082519531,37.39767837524414,279.87255859375,71.13983917236328,375.203125,44.141971588134766,59.87759017944336,121.74103546142578,130.94012451171875,128.61691284179688,257.0234680175781,64.54479217529297,44.665252685546875,176.97486877441406
2022-02-28,185.19674682617188,48.31981658935547,210.60525512695312,162.31756591796875,84.58631134033203,74.12295532226562,49.718666076660156,89.30997467041016,46.48146057128906,167.45404052734375,99.58617401123047,44.05748748779297,117.63959503173828,35.84149932861328,275.87420654296875,70.58089447021484,369.64959716796875,46.72649383544922,58.37843322753906,123.21070861816406,128.8135223388672,121.65233612060547,253.04220581054688,66.01321411132812,43.895748138427734,175.39920043945312
2022-03-01,176.26263427734375,46.782554626464844,205.46266174316406,154.3829345703125,81.85283660888672,75.1819839477539,48.13239669799805,87.2898941040039,45.03877258300781,161.9912872314453,96.33304595947266,44.95833969116211,113.57969665527344,33.980674743652344,265.8267517089844,67.81514739990234,355.66839599609375,46.22740936279297,60.85643005371094,122.6303482055664,125.25164031982422,115.31675720214844,245.73358154296875,67.50032043457031,40.242698669433594,168.62295532226562
2022-03-02,180.68716430664062,47.44731903076172,207.9582061767578,159.05308532714844,83.10645294189453,77.31829833984375,49.021087646484375,88.99829864501953,46.6706657409668,164.2144317626953,98.56062316894531,45.192935943603516,114.73838806152344,34.58997344970703,273.0143737792969,71.00191497802734,366.55133056640625,48.016422271728516,61.54427719116211,129.19244384765625,128.8922882080078,117.39518737792969,250.24378967285156,70.36233520507812,40.242698669433594,172.30593872070312
2022-03-03,176.15863037109375,47.1564826965332,206.64804077148438,158.47047424316406,84.96333312988281,79.51851654052734,49.231319427490234,88.75587463378906,47.041194915771484,162.5708465576172,98.78759002685547,46.06563949584961,112.35906982421875,34.771121978759766,270.3894958496094,72.46100616455078,366.0739440917969,49.713436126708984,62.32910919189453,128.74310302734375,130.09121704101562,116.72972869873047,248.1473846435547,72.10195922851562,37.41835403442383,171.40695190429688
2022-03-04,169.29495239257812,46.90719985961914,203.59100341796875,154.98402404785156,85.01986694335938,83.3072738647461,49.19309616088867,85.87006378173828,46.37897491455078,159.7112274169922,96.55158233642578,47.022804260253906,109.23676300048828,34.754642486572266,264.763671875,71.31560516357422,365.2944641113281,53.437931060791016,65.50377655029297,129.85711669921875,130.93138122558594,112.99217987060547,248.58013916015625,72.37320709228516,35.06755065917969,171.1942901611328
2022-03-07,162.69598388671875,44.82982635498047,197.4145965576172,146.65176391601562,84.5391845703125,87.36082458496094,48.94464874267578,79.72909545898438,45.70888137817383,150.60984802246094,88.49022674560547,44.24516296386719,102.7267837524414,33.74189758300781,254.94189453125,69.59017944335938,350.7384948730469,54.60796356201172,68.65199279785156,123.47284698486328,127.04570770263672,104.37761688232422,233.63583374023438,67.69673156738281,32.24320983886719,164.50506591796875
2022-03-08,170.87380981445312,45.45303726196289,194.9814453125,146.96620178222656,82.74829864501953,85.16059112548828,47.855289459228516,79.428955078125,45.5985107421875,148.89974975585938,88.29686737060547,43.794734954833984,105.88448333740234,34.260623931884766,255.36529541015625,70.48594665527344,351.49835205078125,51.97313690185547,68.44033813476562,117.91232299804688,123.22130584716797,107.3311767578125,230.6547088623047,65.44268035888672,32.24320983886719,165.24940490722656
2022-03-09,176.91497802734375,46.076255798339844,202.31654357910156,153.3286590576172,81.44755554199219,84.30239868164062,49.24087905883789,83.67686462402344,47.143680572509766,156.77560424804688,91.38187408447266,44.09502410888672,106.86626434326172,34.721710205078125,275.4320983886719,72.22605895996094,363.82330322265625,51.55335235595703,67.47225952148438,121.70356750488281,129.21609497070312,111.2419204711914,232.44338989257812,67.29454803466797,34.88151168823242,170.8752899169922
2022-03-10,178.0872802734375,45.28683853149414,202.85130310058594,151.34039306640625,82.06021118164062,88.78504943847656,51.20935821533203,83.2035903930664,47.79801940917969,154.36248779296875,89.85200500488281,44.770660400390625,107.22893524169922,34.61467361450195,267.7623596191406,73.2319564819336,361.4362487792969,55.54578399658203,68.6357192993164,125.02677154541016,130.40626525878906,110.4761962890625,228.44290161132812,67.70608520507812,34.88151168823242,169.53164672851562
2022-03-11,174.67434692382812,45.28683853149414,195.5251007080078,150.1659393310547,80.64634704589844,87.68948364257812,51.26668930053711,83.67686462402344,48.018760681152344,150.91384887695312,88.61630249023438,44.03871536254883,104.49578857421875,34.935787200927734,265.19317626953125,75.9412612915039,361.3486328125,55.304630279541016,68.28934478759766,126.60881042480469,131.05393981933594,109.60105895996094,224.6347198486328,67.45354461669922,33.367862701416016,169.47364807128906
2022-03-14,166.66673278808594,46.90719985961914,194.5358123779297,153.4488983154297,83.3609619140625,86.6669692993164,51.801822662353516,82.81111907958984,47.5220947265625,157.29013061523438,89.81864166259766,41.777198791503906,103.05404663085938,35.026363372802734,269.5381164550781,76.26432800292969,365.9375,51.89274978637695,65.49170684814453,123.61327362060547,132.9745330810547,111.16899871826172,228.5198211669922,66.86431121826172,35.54109191894531,171.98692321777344
2022-03-15,172.0177459716797,46.699462890625,198.4217071533203,154.5586395263672,85.53829956054688,86.60306549072266,52.54716873168945,82.96117401123047,46.4105110168457,159.94923400878906,89.75089263916016,41.55196762084961,106.56554412841797,35.561553955078125,277.7934875488281,72.431640625,370.69207763671875,52.18749237060547,65.16307830810547,126.86155700683594,134.22564697265625,112.46347045898438,233.1454620361328,68.37950134277344,35.3381462097168,175.9405517578125
2022-03-16,180.81008911132812,47.61350631713867,200.17747497558594,157.3052520751953,85.20840454101562,80.48627471923828,52.32738494873047,85.69693756103516,47.017547607421875,162.75135803222656,90.68225860595703,43.56013870239258,110.54582977294922,36.360225677490234,287.6451721191406,74.03960418701172,369.3573303222656,51.41937255859375,64.48810577392578,126.47775268554688,136.85992431640625,116.56564331054688,235.01104736328125,70.15655517578125,39.498558044433594,175.23489379882812
2022-03-17,186.03480529785156,48.23672866821289,203.697998046875,158.21151733398438,86.31121063232422,84.18374633789062,53.31162643432617,87.50921630859375,49.540283203125,163.61866760253906,90.84313201904297,45.59645080566406,111.9433364868164,37.02716827392578,292.2168273925781,76.51395416259766,373.23504638671875,54.57223892211914,65.10979461669922,126.3092269897461,137.6704559326172,117.30402374267578,238.03065490722656,75.81509399414062,37.58747863769531,176.96519470214844
2022-03-18,187.806396484375,48.48600769042969,206.4787139892578,158.24850463867188,87.65908813476562,86.9591293334961,53.36897277832031,88.548095703125,49.18552780151367,163.113525390625,91.35962677001953,45.11785888671875,114.21653747558594,37.060096740722656,294.3798522949219,75.20702362060547,375.8169250488281,55.44753646850586,65.68708038330078,127.46065521240234,137.85546875,119.3551025390625,241.8869171142578,78.76129150390625,37.58747863769531,177.3518829345703
2022-03-21,188.22323608398438,47.61350631713867,208.7335662841797,157.9248504638672,88.20578002929688,92.49163055419922,54.42009735107422,88.59427642822266,49.934471130371094,162.71324157714844,92.89217376708984,46.45976638793945,111.95220184326172,36.854244232177734,293.47314453125,77.04994201660156,372.7381591796875,60.02052307128906,67.76532745361328,133.6295928955078,137.73214721679688,117.51371765136719,236.39585876464844,79.66853332519531,37.58747863769531,176.24989318847656
2022-03-22,194.77906799316406,47.571964263916016,210.81915283203125,157.9988250732422,88.7807388305664,91.29568481445312,53.970985412597656,88.9175033569336,50.10002136230469,168.07919311523438,93.52720642089844,46.7881965637207,112.82786560058594,37.12596893310547,294.82379150390625,76.78561401367188,374.13140869140625,58.66292190551758,67.52554321289062,134.7997589111328,135.20359802246094,118.92668151855469,240.57907104492188,78.75192260742188,37.58747863769531,175.979248046875
2022-03-23,197.25167846679688,46.61637496948242,209.6605224609375,152.21896362304688,86.16040802001953,94.57317352294922,54.85966491699219,87.65927124023438,49.902923583984375,165.59158325195312,92.59581756591797,46.74128341674805,111.5630111694336,36.747215270996094,290.2616271972656,76.499267578125,365.95703125,60.67253494262695,70.08341217041016,137.7391357421875,134.6397247314453,117.3587417602539,238.1460723876953,79.9303970336914,37.58747863769531,171.42626953125
2022-03-24,202.87899780273438,46.86566162109375,216.0508575439453,154.27198791503906,87.6119384765625,97.13858795166016,55.89169692993164,88.0748291015625,50.52574157714844,167.99339294433594,93.67960357666016,48.280250549316406,113.91283416748047,37.24946975708008,300.40618896484375,78.66525268554688,374.0339660644531,61.24415588378906,69.47946166992188,143.71148681640625,134.76304626464844,118.06065368652344,240.3482666015625,82.9233627319336,35.93852615356445,174.80955505371094
2022-03-25,206.12850952148438,47.11494064331055,219.7496337890625,160.11659240722656,88.81844329833984,99.98702239990234,57.13393783569336,88.98674774169922,51.006622314453125,169.2610321044922,93.72196197509766,48.730682373046875,115.26576232910156,38.13871383666992,301.0672912597656,79.0690689086914,383.81591796875,63.718231201171875,70.11893463134766,147.54953002929688,137.55593872070312,118.01508331298828,235.80923461914062,83.69965362548828,35.93852615356445,178.550537109375
2022-03-28,203.0590057373047,47.1564826965332,221.30929565429688,160.4495086669922,87.92300415039062,95.97000122070312,56.40769577026367,88.12100219726562,50.54149627685547,169.93777465820312,93.37480163574219,47.17294692993164,116.03124237060547,37.97404479980469,304.7510681152344,77.40970611572266,387.1676025390625,60.70825958251953,69.39952850341797,144.0204315185547,136.7189483642578,118.09712219238281,240.9733123779297,81.5297622680664,35.93852615356445,181.0445098876953
2022-03-29,210.77061462402344,48.070526123046875,224.90113830566406,165.443359375,85.6702651977539,91.09481811523438,55.45212173461914,90.03719329833984,50.60456848144531,174.1313934326172,96.23666381835938,47.00403594970703,119.41355895996094,38.4433708190918,308.24591064453125,76.99854278564453,394.14361572265625,57.564327239990234,69.76367950439453,140.8844451904297,137.78497314453125,123.8766860961914,249.4071502685547,78.71450805664062,35.93852615356445,184.94976806640625
2022-03-30,211.4053192138672,47.90433883666992,225.63194274902344,163.5290069580078,86.23579406738281,92.2177734375,55.77701950073242,88.35188293457031,50.65975570678711,171.9392547607422,96.77855682373047,47.651519775390625,116.78780364990234,38.196353912353516,307.56585693359375,77.10868072509766,380.2305603027344,58.520015716552734,71.01596069335938,140.3866729736328,138.2078857421875,121.18745422363281,243.31016540527344,78.54547882080078,35.93852615356445,180.88014221191406
2022-03-31,209.51063537597656,47.073387145996094,224.16981506347656,160.88414001464844,84.83136749267578,94.08930206298828,54.92655563354492,84.93507385253906,50.234039306640625,168.27935791015625,94.88192749023438,46.67559814453125,116.8946304321289,37.998748779296875,301.71905517578125,75.49340057373047,374.9985046386719,59.39532470703125,70.56300354003906,139.61647033691406,137.538330078125,119.48275756835938,240.05015563964844,78.34828186035156,37.06319046020508,177.57420349121094
2022-04-01,213.08221435546875,47.94588851928711,223.34457397460938,161.87367248535156,84.09615325927734,91.10394287109375,55.7005729675293,86.28563690185547,50.596683502197266,171.91065979003906,94.30616760253906,47.82044219970703,119.56486511230469,38.122249603271484,304.836181640625,75.87518310546875,375.1641845703125,58.84154510498047,73.52052307128906,140.1894073486328,137.22991943359375,122.16282653808594,245.4258575439453,79.8132553100586,37.06319046020508,178.03817749023438
2022-04-04,214.1432342529297,47.69660949707031,226.62759399414062,161.4390106201172,84.6805648803711,92.88420104980469,56.063690185546875,86.4356918334961,50.4626579284668,171.6247100830078,94.50091552734375,47.764129638671875,116.4584732055664,37.79290008544922,303.6175842285156,75.2730941772461,375.0765075683594,59.84189987182617,72.16165161132812,140.43365478515625,136.7013397216797,121.57940673828125,249.10899353027344,78.50792694091797,36.30214309692383,177.3228302001953
2022-04-05,205.86322021484375,47.69660949707031,225.75753784179688,162.2158203125,84.58631134033203,93.82456970214844,55.691017150878906,84.26557159423828,50.052711486816406,171.7390899658203,93.12078857421875,46.06563949584961,115.1767349243164,37.694091796875,303.9293212890625,74.8545913696289,371.4130859375,60.51177978515625,70.92713928222656,139.7574005126953,135.7498321533203,120.70427703857422,248.08004760742188,77.51248931884766,36.30214309692383,176.26922607421875
2022-04-06,200.340087890625,47.77969741821289,224.34024047851562,161.1800994873047,83.29497528076172,93.47763061523438,55.471229553222656,81.01038360595703,48.61790466308594,172.7684326171875,91.67290496826172,45.09910202026367,111.70543670654297,37.61998748779297,297.5819396972656,73.19524383544922,363.93048095703125,61.79792785644531,70.64293670654297,137.5877685546875,134.313720703125,122.28133392333984,252.56141662597656,77.16502380371094,36.30214309692383,173.0309295654297
2022-04-07,200.7000732421875,47.90433883666992,225.4794464111328,160.6714630126953,82.6917495727539,96.05217742919922,55.89169692993164,80.46784210205078,48.28680419921875,175.00823974609375,90.563720703125,45.49322509765625,112.06147766113281,37.364749908447266,300.4156188964844,73.5697021484375,360.09173583984375,63.87897491455078,71.96625518798828,141.73912048339844,133.30055236816406,122.29047393798828,253.7154083251953,78.54547882080078,37.21052169799805,170.19863891601562
2022-04-08,199.89480590820312,48.693748474121094,225.32696533203125,162.5764923095703,82.39952850341797,98.79105377197266,56.990596771240234,79.46359252929688,48.62578582763672,174.36962890625,91.60518646240234,45.95304489135742,110.61063385009766,38.451595306396484,300.1983337402344,74.54621887207031,362.4105224609375,65.96900177001953,72.9343490600586,141.59828186035156,135.0978546142578,120.81367492675781,253.6480712890625,78.13227844238281,37.21052169799805,171.0106201171875
2022-04-11,195.157958984375,48.735286712646484,224.09803771972656,162.373046875,82.99336242675781,97.73200988769531,57.09572219848633,79.04804992675781,48.838653564453125,172.0726776123047,91.0294189453125,44.78004455566406,111.85674285888672,38.4268913269043,299.5655212402344,74.44342803955078,360.384033203125,66.01366424560547,72.24159240722656,143.51431274414062,136.4810791015625,120.10263061523438,251.08998107910156,78.55487060546875,37.21052169799805,170.29530334472656
2022-04-12,194.22955322265625,48.444461822509766,222.2591552734375,160.4402618408203,81.3532943725586,100.26091003417969,57.936622619628906,79.02493286132812,49.87139129638672,170.91941833496094,91.01248931884766,45.04279708862305,110.75303649902344,38.40219497680664,296.5901794433594,76.0146713256836,357.227294921875,67.4159164428711,73.27184295654297,147.68447875976562,138.2960205078125,117.33140563964844,247.09915161132812,79.48458862304688,33.899452209472656,169.6476593017578
2022-04-13,201.31585693359375,48.610652923583984,224.17880249023438,159.53395080566406,82.89910125732422,99.52142333984375,58.242408752441406,79.61363983154297,50.58091354370117,171.7200164794922,91.77450561523438,46.53010559082031,113.57459259033203,38.739784240722656,301.549072265625,77.76948547363281,357.53912353515625,67.0318603515625,74.87049865722656,153.3105010986328,140.6043243408203,119.04518127441406,248.4934844970703,82.0201187133789,33.726097106933594,170.58529663085938
2022-04-14,199.79061889648438,48.48600769042969,221.416015625,153.96678161621094,82.1450424194336,98.97364044189453,58.29974365234375,79.30198669433594,51.629425048828125,168.3174591064453,91.36808776855469,46.30418014526367,111.64314270019531,39.05265808105469,300.8595886230469,78.98831176757812,355.4443664550781,67.92503356933594,75.28791809082031,155.27346801757812,143.6262664794922,116.93029022216797,243.20440673828125,82.9404296875,36.352413177490234,168.94198608398438
2022-04-18,198.6348114013672,47.90433883666992,220.66253662109375,151.83053588867188,81.1647720336914,100.45263671875,58.242408752441406,79.1865463256836,51.93688201904297,166.83062744140625,92.13859558105469,47.7914924621582,109.23990631103516,39.07735824584961,299.93389892578125,79.99418640136719,353.1546325683594,69.80066680908203,75.8652114868164,159.97900390625,141.66156005859375,115.30764770507812,236.732421875,84.9970474243164,37.505226135253906,168.18800354003906
2022-04-19,206.66848754882812,48.85993576049805,223.86483764648438,156.3157196044922,82.59748077392578,97.68635559082031,58.42396545410156,79.9599380493164,52.85927200317383,172.28236389160156,92.77362060546875,47.66911315917969,110.8509521484375,40.05717468261719,300.5100402832031,81.2130126953125,360.1988830566406,69.6488265991211,73.591552734375,161.38784790039062,144.43679809570312,118.17916107177734,242.57931518554688,86.37748718261719,37.505226135253906,171.3006591796875
2022-04-20,205.75900268554688,49.89862823486328,223.12034606933594,158.21151733398438,83.8887939453125,96.9012222290039,58.59597396850586,81.44902038574219,53.24555969238281,173.71202087402344,93.98443603515625,46.9725341796875,111.39390563964844,40.68294906616211,308.27423095703125,81.6095199584961,369.2599182128906,67.67493438720703,73.35177612304688,158.96463012695312,147.10633850097656,120.05706787109375,243.38714599609375,85.91734313964844,36.387088775634766,176.5398712158203
2022-04-21,196.3327178955078,49.566246032714844,225.2731475830078,159.56170654296875,83.54004669189453,90.71135711669922,57.5352783203125,80.42168426513672,54.79863357543945,171.57704162597656,93.52720642089844,42.312923431396484,111.12686920166016,40.91349792480469,306.3851318359375,81.6095199584961,365.1678161621094,61.32455062866211,68.44031524658203,164.9193878173828,146.2781524658203,121.3788833618164,241.96385192871094,87.56074523925781,38.43267059326172,175.32191467285156
2022-04-22,190.08006286621094,48.112083435058594,217.89974975585938,154.8268280029297,81.48524475097656,88.50202941894531,55.117679595947266,77.67440032958984,54.00238800048828,166.98313903808594,90.10651397705078,39.45127868652344,110.91324615478516,39.29144287109375,292.5474853515625,78.3201675415039,345.7110595703125,59.63646697998047,66.1844482421875,151.26296997070312,142.00515747070312,121.10538482666016,235.53033447265625,84.15185546875,36.18772888183594,165.37506103515625
2022-04-25,188.0148162841797,48.40290832519531,217.75624084472656,156.0012969970703,81.02338409423828,86.22875213623047,54.754547119140625,78.26309967041016,53.66339111328125,167.3739013671875,89.6323471069336,39.20652770996094,109.54253387451172,39.10206985473633,296.5806884765625,77.2481689453125,351.5276184082031,56.81407928466797,64.48810577392578,148.9242706298828,142.9831085205078,117.90567779541016,238.5115203857422,83.88890838623047,35.51164627075195,170.140625
2022-04-26,177.8779754638672,48.23672866821289,211.3606414794922,161.11537170410156,76.24456024169922,86.73088836669922,54.114315032958984,76.38154602050781,53.11153793334961,160.56878662109375,88.02362060546875,37.82277297973633,106.6497573852539,38.715084075927734,286.7006530761719,76.55066680908203,341.239013671875,56.86766052246094,64.06178283691406,147.48727416992188,140.47215270996094,114.7697982788086,260.9662780761719,82.20794677734375,35.51164627075195,164.81439208984375
2022-04-27,182.11268615722656,49.94017791748047,213.71075439453125,167.69052124023438,76.357666015625,88.65721893310547,54.678104400634766,76.40463256835938,53.17460632324219,162.54168701171875,89.01425170898438,39.24418258666992,109.70274353027344,38.995025634765625,290.01605224609375,77.32894897460938,343.0804443359375,57.921607971191406,64.06178283691406,149.3281707763672,142.4192352294922,118.15180969238281,268.66925048828125,82.75260925292969,35.51164627075195,166.35133361816406
2022-04-28,184.9832305908203,50.43873977661133,215.7111053466797,169.7620391845703,78.16737365722656,89.96275329589844,55.2514533996582,78.00914001464844,53.458404541015625,167.0879669189453,90.92781066894531,39.38538360595703,111.4117202758789,39.09383010864258,297.7141418457031,77.90164947509766,356.4576110839844,58.34138488769531,65.08314514160156,150.8872528076172,143.4764862060547,119.28218841552734,270.5252990722656,84.18941497802734,34.93091583251953,171.94830322265625
2022-04-29,182.68113708496094,49.27540969848633,209.96131896972656,167.01544189453125,76.49905395507812,88.4015884399414,55.12722396850586,76.10450744628906,52.4256591796875,161.39793395996094,86.93136596679688,38.17107009887695,107.96707916259766,38.10578155517578,294.6632385253906,77.85025787353516,345.1167297363281,55.75121307373047,64.70124053955078,145.37399291992188,141.99635314941406,116.67503356933594,264.4186706542969,80.5269546508789,36.3004150390625,166.5447540283203
2022-05-02,181.3453369140625,48.610652923583984,211.15432739257812,165.76698303222656,76.00889587402344,88.04553985595703,54.79277420043945,76.06988525390625,52.86714172363281,157.85243225097656,86.24551391601562,37.82277297973633,108.20740509033203,38.32809829711914,295.9195556640625,79.30402374267578,346.22747802734375,55.73335266113281,64.2216567993164,140.87510681152344,141.0272216796875,119.4097900390625,258.47564697265625,78.53609466552734,35.41630554199219,166.28370666503906
2022-05-03,186.745361328125,49.73243713378906,214.47323608398438,167.54254150390625,77.0174560546875,91.89822387695312,54.71632766723633,76.62396240234375,53.726463317871094,158.5767822265625,88.86185455322266,37.79453659057617,108.50111389160156,38.55039978027344,296.599609375,81.44062805175781,357.0616760253906,60.58321762084961,64.15947723388672,142.91322326660156,142.45445251464844,121.43356323242188,259.04296875,81.09982299804688,35.84968948364258,171.0299530029297
2022-05-04,204.12954711914062,54.51040267944336,221.9990692138672,171.463623046875,78.44075775146484,93.14896392822266,56.5128173828125,79.39432525634766,55.665802001953125,165.71551513671875,91.48663330078125,38.87706756591797,112.58660888671875,39.92543411254883,304.3731994628906,85.17050170898438,367.8666687011719,59.949073791503906,65.18085479736328,145.13917541503906,145.90814208984375,125.19844055175781,271.6984558105469,84.05795288085938,35.84968948364258,179.24652099609375
2022-05-05,224.052734375,52.5161247253418,211.67454528808594,165.7854766845703,72.3894271850586,91.5604248046875,55.46167755126953,76.3469009399414,53.97872543334961,158.8722686767578,89.47148132324219,37.31444549560547,109.25770568847656,39.612552642822266,295.2772521972656,81.81509399414062,346.98736572265625,57.81441879272461,64.248291015625,132.26235961914062,143.65269470214844,119.9385757446289,266.33233642578125,76.45130920410156,36.24840545654297,171.17498779296875
2022-05-06,229.65167236328125,53.222434997558594,211.53106689453125,164.00062561035156,67.7802734375,91.13133239746094,53.263858795166016,75.51580047607422,53.553009033203125,157.45211791992188,89.65775299072266,35.65770721435547,108.72364044189453,39.65373229980469,291.54620361328125,80.9266586303711,337.10797119140625,57.20706558227539,64.7190170288086,128.2518310546875,143.1416778564453,117.16727447509766,262.89923095703125,74.80789947509766,36.24840545654297,164.21502685546875
2022-05-09,209.9748077392578,52.391483306884766,209.19883728027344,163.140625,65.4992446899414,82.9695053100586,50.72201919555664,74.25759887695312,52.52815628051758,156.1273193359375,87.56639862060547,33.43614959716797,106.35602569580078,39.36554718017578,283.6214294433594,78.26876831054688,324.23748779296875,49.892059326171875,61.210845947265625,122.1280517578125,141.65274047851562,116.4346694946289,266.3515930175781,72.51651763916016,34.211490631103516,157.51612854003906
2022-05-10,209.77587890625,52.18374252319336,206.9204559326172,158.82186889648438,65.12222290039062,85.22450256347656,50.47356414794922,73.09173583984375,51.8817024230957,152.83914184570312,86.48261260986328,33.953895568847656,111.70543670654297,39.398475646972656,282.78070068359375,77.54187774658203,319.7069396972656,51.48189163208008,60.633548736572266,121.65843200683594,141.15936279296875,114.511474609375,256.1580505371094,72.35688781738281,34.237491607666016,156.15316772460938
2022-05-11,201.81793212890625,51.97601318359375,208.90283203125,158.82186889648438,63.416168212890625,87.26952362060547,51.21891403198242,73.16099548339844,52.654293060302734,152.7342987060547,86.24551391601562,33.80327606201172,113.93062591552734,39.250274658203125,283.7913513183594,78.85616302490234,313.29608154296875,53.107460021972656,60.766761779785156,118.31477355957031,139.93475341796875,113.83379364013672,254.523193359375,70.77921295166016,34.237491607666016,152.82791137695312
2022-05-12,202.21585083007812,52.22528076171875,207.57530212402344,159.47850036621094,65.28244018554688,90.04490661621094,51.7841796875,73.01092529296875,52.851383209228516,152.23866271972656,85.54275512695312,32.32538604736328,114.40237426757812,39.17617416381836,284.6320495605469,77.65201568603516,319.151611328125,52.464378356933594,58.0401725769043,117.06558990478516,137.8907470703125,112.93630981445312,264.0148010253906,70.18758392333984,32.287261962890625,159.6041259765625
2022-05-13,216.7769012451172,53.05623245239258,209.63839721679688,161.1800994873047,65.74431610107422,95.2057876586914,53.1446533203125,74.03828430175781,53.261322021484375,154.39266967773438,87.25311279296875,32.98432922363281,117.63338470458984,39.34908676147461,291.6501159667969,78.35687255859375,324.28619384765625,55.63509750366211,57.95136642456055,116.26725006103516,136.91278076171875,112.05713653564453,262.8511657714844,69.61473083496094,33.21469497680664,162.41708374023438
2022-05-16,214.4084930419922,53.76255416870117,208.92971801757812,160.42176818847656,67.59175109863281,98.09329986572266,54.16979217529297,74.02672576904297,53.592430114746094,151.866943359375,87.50711059570312,33.08785629272461,113.89502716064453,39.43141174316406,292.2829895019531,78.86348724365234,315.0984802246094,56.3406982421875,58.12898635864258,112.4727554321289,137.03614807128906,110.32626342773438,260.9662780761719,70.5350341796875,33.21469497680664,154.7901611328125
2022-05-17,226.63900756835938,55.38290786743164,214.90377807617188,164.74972534179688,69.0904541015625,99.41333770751953,55.1949462890625,76.65858459472656,55.1612663269043,155.29811096191406,90.51294708251953,35.431785583496094,115.55948638916016,40.493560791015625,301.0956115722656,81.7930679321289,326.2444763183594,58.627201080322266,58.17339324951172,117.4694595336914,139.85543823242188,113.86127471923828,258.93719482421875,73.67161560058594,33.21469497680664,159.3817901611328
2022-05-18,223.56007385253906,52.89004898071289,210.32012939453125,155.79788208007812,67.1204605102539,93.14327239990234,54.69674301147461,74.19987487792969,54.32561111450195,148.8837432861328,88.2437515258789,33.2667121887207,112.9960708618164,39.793701171875,292.8780822753906,80.99273681640625,315.6440734863281,54.884849548339844,56.7346076965332,111.93739318847656,133.05389404296875,109.4928970336914,249.70521545410156,71.26753234863281,32.729305267333984,155.17686462402344
2022-05-19,226.4969482421875,53.845645904541016,210.0958709716797,155.1967315673828,65.69717407226562,91.98827362060547,56.526668548583984,74.24604034423828,54.20736312866211,150.25619506835938,87.37164306640625,34.56575393676758,114.82962799072266,39.373779296875,293.47314453125,80.05293273925781,316.30670166015625,54.63475799560547,58.71516799926758,113.37442779541016,132.58689880371094,112.34103393554688,250.0040283203125,71.13606262207031,33.041343688964844,154.9641876220703
2022-05-20,223.99583435058594,53.721004486083984,213.11874389648438,152.12648010253906,65.01852416992188,87.8082275390625,56.74702835083008,73.7034912109375,53.69492721557617,152.00990295410156,86.3302001953125,34.1798095703125,114.75841522216797,39.09383010864258,297.7046813964844,79.20123291015625,319.3367004394531,51.75878143310547,59.674373626708984,112.67940521240234,131.32704162597656,109.6028060913086,248.63531494140625,71.28631591796875,32.61663055419922,154.69351196289062
2022-05-23,230.15377807617188,54.21957778930664,213.44166564941406,154.1609649658203,66.74343872070312,92.6666030883789,58.356605529785156,75.57353973388672,53.20614242553711,153.4777069091797,87.43936920166016,36.100128173828125,114.91861724853516,39.63725662231445,302.65423583984375,78.34951782226562,324.8415222167969,54.48291778564453,59.88750457763672,118.63410949707031,134.74545288085938,112.46925354003906,249.90765380859375,73.37110900878906,32.61663055419922,158.4441375732422
2022-05-24,230.3527069091797,54.34537887573242,212.42807006835938,150.58209228515625,66.0836410522461,91.77743530273438,59.48714828491211,74.61543273925781,52.875030517578125,150.9710235595703,87.7780532836914,35.28117370605469,114.41127014160156,38.855045318603516,302.7203369140625,78.15127563476562,316.98870849609375,51.98207092285156,61.29966354370117,116.67110443115234,133.6705780029297,111.2329330444336,248.34617614746094,73.34292602539062,32.61663055419922,155.86318969726562
2022-05-25,225.00958251953125,54.38730239868164,212.06927490234375,152.9125213623047,66.25330352783203,92.18992614746094,59.41048812866211,75.50425720214844,53.05635452270508,150.4182586669922,88.6755599975586,35.61063766479492,115.43487548828125,39.43141174316406,298.33758544921875,80.03824615478516,317.8655700683594,53.42898941040039,61.761497497558594,120.84130096435547,135.0978546142578,113.01874542236328,255.54640197753906,75.72821807861328,33.2060432434082,155.2928466796875
2022-05-26,241.6264190673828,54.932437896728516,217.51406860351562,156.1492462158203,67.6388931274414,88.65156555175781,60.5218620300293,77.76673126220703,53.4820671081543,156.49903869628906,91.41889953613281,36.23191833496094,116.60087585449219,40.473175048828125,302.5691223144531,81.8664779663086,325.46514892578125,52.66086959838867,61.024330139160156,124.98331451416016,137.8026123046875,115.6654052734375,262.1490783691406,79.24980926513672,34.09014129638672,159.19818115234375
2022-05-27,256.6611328125,55.813026428222656,224.83358764648438,160.5512237548828,69.4957504272461,87.74405670166016,60.272762298583984,79.29793548583984,55.01148223876953,158.2432098388672,92.8244400024414,37.3238639831543,118.34547424316406,40.99697494506836,311.3534851074219,85.96347045898438,340.4693298339844,53.45577621459961,61.024330139160156,129.36952209472656,140.87741088867188,119.08131408691406,266.3709411621094,82.44271087646484,34.98291778564453,164.46023559570312
2022-05-31,246.7137908935547,54.932437896728516,220.8060760498047,160.27256774902344,67.00057983398438,90.5399169921875,59.99492645263672,78.70634460449219,54.151187896728516,156.22264099121094,93.273193359375,36.78730392456055,117.64227294921875,40.28195571899414,306.677978515625,83.8856201171875,331.23626708984375,55.95663833618164,60.26054763793945,124.41038513183594,138.56912231445312,115.83939361572266,258.3609619140625,80.17949676513672,34.584197998046875,159.76991271972656
2022-06-01,227.48219299316406,55.3098258972168,218.42901611328125,160.7462615966797,67.3597412109375,87.55157470703125,59.71708679199219,78.20753479003906,54.2547492980957,155.23138427734375,92.8328857421875,37.31444549560547,117.63338470458984,39.450531005859375,301.8891296386719,83.9296646118164,328.9817199707031,52.54552459716797,60.233680725097656,122.76671600341797,138.7365264892578,114.81369018554688,255.68138122558594,78.85538482666016,34.584197998046875,159.4501190185547
2022-06-02,238.06431579589844,56.40010070800781,226.8070068359375,164.86083984375,68.53169250488281,89.38490295410156,59.91828155517578,79.83153533935547,54.24677276611328,165.0102081298828,94.33158111572266,39.27241897583008,119.10202026367188,39.49210739135742,315.86297607421875,84.61983489990234,338.99554443359375,53.80790328979492,61.59467697143555,123.63082885742188,140.6924285888672,117.94572448730469,259.75860595703125,79.80386352539062,34.584197998046875,163.2682342529297
2022-06-03,237.56219482421875,56.148494720458984,226.2867431640625,164.6936492919922,69.56189727783203,87.87239074707031,59.400909423828125,77.6275405883789,53.39444351196289,162.46543884277344,93.323974609375,38.905303955078125,117.99832153320312,39.151241302490234,314.6495056152344,83.48494720458984,337.34613037109375,53.44083023071289,60.72615051269531,120.8882827758789,140.1902313232422,114.89611053466797,259.1706848144531,77.88811492919922,34.16815185546875,160.8068389892578
2022-06-06,244.22216796875,56.56782150268555,230.93321228027344,167.19207763671875,69.72258758544922,86.4515380859375,59.13265609741211,78.49752807617188,53.426307678222656,161.85545349121094,94.30616760253906,40.27022933959961,118.01612854003906,39.292564392089844,318.0718994140625,85.37384796142578,339.425048828125,53.32443618774414,60.76194381713867,121.6020736694336,141.7056121826172,116.42549896240234,265.09857177734375,77.34343719482422,34.16815185546875,161.57237243652344
2022-06-07,244.31692504882812,56.525901794433594,233.92921447753906,168.68743896484375,70.10062408447266,84.70069122314453,59.76498794555664,78.84553527832031,53.665279388427734,162.7036895751953,95.07667541503906,40.844444274902344,119.73397827148438,39.8496208190918,318.3089294433594,87.29383850097656,343.0166931152344,51.193607330322266,61.227569580078125,125.650146484375,142.99192810058594,117.93656921386719,267.2191162109375,80.59269714355469,34.16815185546875,164.03384399414062
2022-06-08,240.27169799804688,55.980770111083984,226.38540649414062,166.05897521972656,68.69239044189453,82.35401916503906,59.400909423828125,78.46273040771484,53.56171798706055,157.251953125,92.51117706298828,39.724266052246094,118.30985260009766,39.3091926574707,311.5210876464844,85.49044036865234,328.71820068359375,50.85340118408203,60.14411926269531,121.96836853027344,140.6307373046875,116.31561279296875,258.3995056152344,76.39496612548828,34.16815185546875,157.96746826171875
2022-06-09,229.41213989257812,55.2259635925293,227.49771118164062,161.56361389160156,66.55636596679688,81.48316192626953,58.51948165893555,76.69952392578125,52.46244812011719,156.985107421875,91.87614440917969,38.142822265625,116.4228744506836,38.477787017822266,302.1260681152344,84.12234497070312,324.8824462890625,48.042137145996094,57.82504653930664,116.14514923095703,137.5823974609375,113.54988861083984,252.52940368652344,72.11271667480469,34.16815185546875,156.09718322753906
2022-06-10,224.75328063964844,53.506710052490234,222.6359100341797,156.8639373779297,64.72281646728516,80.41065216064453,55.54943084716797,73.69511413574219,49.28411865234375,151.2950897216797,86.52494049072266,37.85100555419922,111.17137908935547,37.413578033447266,294.7315368652344,79.73045349121094,314.0293884277344,47.77354049682617,59.85760498046875,112.86722564697266,133.4767303466797,106.14107513427734,238.4855499267578,69.61473083496094,34.16815185546875,151.51348876953125
2022-06-13,210.8527069091797,51.53584671020508,217.69345092773438,149.72149658203125,63.72098922729492,79.19147491455078,53.88237380981445,70.60950469970703,46.743038177490234,145.6241455078125,82.80789184570312,34.98936080932617,106.4183349609375,35.86715316772461,285.6684265136719,75.85935974121094,309.00286865234375,46.04560089111328,57.88772201538086,105.44732666015625,126.5782699584961,103.760009765625,229.27076721191406,66.28096008300781,34.16815185546875,148.238037109375
2022-06-14,211.90589904785156,50.69718551635742,214.5808563232422,149.61932373046875,62.85145568847656,85.47987365722656,54.026100158691406,70.02949523925781,46.6474494934082,143.2318572998047,82.1252212524414,34.65989303588867,104.2910385131836,36.26622772216797,280.255126953125,75.77384185791016,308.8760681152344,47.20949935913086,56.49089813232422,106.8092041015625,130.85321044921875,102.12071990966797,221.19338989257812,66.69417572021484,34.16815185546875,146.36770629882812
2022-06-15,204.0779266357422,50.73912048339844,214.6436309814453,149.6286163330078,62.634063720703125,84.39818572998047,53.20214080810547,70.00630187988281,45.73139572143555,143.00308227539062,81.10977172851562,34.735206604003906,103.63236999511719,36.62372970581055,284.39801025390625,74.73223114013672,310.8085632324219,47.99736404418945,56.123775482177734,109.3826904296875,130.85321044921875,104.05307006835938,220.72108459472656,67.66144561767578,29.16688346862793,146.76504516601562
2022-06-16,191.82830810546875,49.10372543334961,210.88519287109375,142.39329528808594,59.83646011352539,83.05984497070312,51.77460479736328,65.86505889892578,44.14619827270508,138.79995727539062,74.62439727783203,32.82429122924805,97.51750183105469,35.509639739990234,274.6618347167969,70.90777587890625,295.797607421875,45.60689926147461,57.94144058227539,105.72908782958984,125.71615600585938,99.36417388916016,211.04360961914062,65.61421966552734,29.16688346862793,140.4467315673828
2022-06-17,201.1934356689453,49.14566421508789,211.6656494140625,143.87936401367188,61.34868621826172,79.68648529052734,50.988983154296875,65.29668426513672,43.62842559814453,141.71714782714844,74.81212615966797,31.835893630981445,96.40489959716797,35.210330963134766,275.5718994140625,69.74955749511719,296.2758483886719,45.302490234375,57.09081268310547,107.06279754638672,124.14305114746094,100.75617980957031,214.7449493408203,67.48298645019531,28.551469802856445,140.17539978027344
2022-06-21,205.2639923095703,49.984317779541016,216.18649291992188,144.2880401611328,61.89685821533203,83.16985321044922,53.04885482788086,65.95787811279297,43.77181625366211,142.11883544921875,77.05640411376953,32.033565521240234,100.53487396240234,34.81957244873047,283.2509460449219,70.89225006103516,295.2900695800781,46.179893493652344,58.35332107543945,105.43794250488281,123.99193572998047,101.287353515625,212.2002716064453,66.42183685302734,28.551469802856445,140.19479370117188
2022-06-22,205.17861938476562,49.732723236083984,216.17752075195312,144.6131134033203,61.86850357055664,81.19901275634766,51.1901741027832,64.85587310791016,41.6927490234375,144.65342712402344,75.98118591308594,29.482561111450195,102.99152374267578,34.28746795654297,282.8906555175781,68.0394515991211,295.05584716796875,44.792171478271484,57.82504653930664,101.28653717041016,121.4056396484375,103.24716186523438,213.21238708496094,63.294647216796875,28.551469802856445,139.3808135986328
2022-06-23,202.69261169433594,50.06818389892578,217.1283416748047,144.41807556152344,62.11423873901367,73.88394927978516,48.79498291015625,64.2062759399414,40.673133850097656,147.5706024169922,73.72838592529297,27.835222244262695,104.291015625,34.18769454956055,281.4022521972656,65.68414306640625,290.1660461425781,40.50365447998047,56.28494644165039,99.59593963623047,120.6946029663086,104.73075103759766,216.76914978027344,61.96115493774414,28.551469802856445,137.07440185546875
2022-06-24,213.29119873046875,52.03904724121094,226.1163330078125,153.57598876953125,67.66217041015625,76.37730407714844,51.314727783203125,67.91828155517578,42.33000946044922,152.69717407226562,78.89107513427734,29.171916961669922,108.80786895751953,35.61772918701172,287.4696044921875,69.3686752319336,302.24896240234375,41.730228424072266,57.46687698364258,104.31085205078125,124.96070098876953,110.82081604003906,222.89947509765625,64.69390106201172,30.978431701660156,141.30923461914062
2022-06-27,215.02760314941406,51.871315002441406,220.82398986816406,155.06204223632812,67.12345123291016,79.58564758300781,51.966217041015625,66.781494140625,41.597164154052734,150.07650756835938,78.80574035644531,29.200157165527344,106.77347564697266,35.5927848815918,280.8619079589844,68.5758056640625,301.3511047363281,43.63723373413086,57.15349197387695,103.37162017822266,125.92942810058594,111.08638000488281,218.95716857910156,65.06953430175781,31.69784927368164,141.44488525390625
2022-06-28,211.7730712890625,51.70357894897461,217.53199768066406,152.4335479736328,66.1121597290039,80.5023422241211,51.994956970214844,66.50308990478516,41.84409713745117,146.62371826171875,78.2169418334961,28.9742374420166,104.57779693603516,35.202022552490234,278.1505126953125,68.73127746582031,295.54388427734375,44.12068557739258,56.37448501586914,101.40865325927734,123.49421691894531,109.22732543945312,215.24620056152344,63.257110595703125,28.79416847229004,138.9349822998047
2022-06-29,201.05113220214844,52.62611389160156,218.08815002441406,152.3220977783203,64.5999526977539,79.17314910888672,52.244056701660156,65.34307861328125,41.405982971191406,146.78631591796875,77.83293151855469,28.512989044189453,105.1961669921875,35.28516387939453,276.26397705078125,68.29597473144531,293.0745849609375,43.10003662109375,55.50595474243164,100.2574462890625,123.46757507324219,107.34077453613281,217.27035522460938,63.0777702331543,28.79416847229004,138.84779357910156
2022-06-30,198.2899627685547,52.1229133605957,217.1580352783203,150.34376525878906,64.99690246582031,78.58649444580078,51.87041473388672,64.47308349609375,41.11124801635742,147.0636749267578,76.60413360595703,27.543407440185547,106.75558471679688,34.77800369262695,272.585693359375,67.98503875732422,292.0594482421875,42.285316467285156,53.42862319946289,98.52122497558594,122.20550537109375,104.71244049072266,215.82452392578125,62.435943603515625,28.79416847229004,137.70431518554688
2022-07-01,194.65586853027344,52.5422477722168,219.20790100097656,152.73080444335938,67.03840637207031,78.17398834228516,51.851253509521484,63.510276794433594,41.17498016357422,150.80337524414062,75.90438842773438,27.486934661865234,106.88104248046875,34.902706146240234,270.604248046875,68.14051055908203,288.946044921875,42.00776290893555,54.7717170715332,99.68184661865234,123.31644439697266,107.9360580444336,226.73574829101562,62.511478424072266,28.820171356201172,138.0628662109375
2022-07-05,190.17735290527344,52.16484069824219,216.6974639892578,151.4954833984375,66.1877670288086,76.588134765625,49.915924072265625,62.84908676147461,40.41025924682617,151.13815307617188,75.40091705322266,25.660747528076172,106.55840301513672,34.595088958740234,256.56402587890625,66.15830993652344,293.42596435546875,39.859031677246094,53.464439392089844,98.70050048828125,121.90335083007812,108.76026153564453,233.48297119140625,60.87858963012695,28.820171356201172,140.15602111816406
2022-07-06,188.15628051757812,53.04543685913086,214.2141876220703,153.92892456054688,67.52986145019531,76.62480163574219,49.85844802856445,63.77706527709961,40.76872253417969,152.448486328125,75.7166519165039,25.773700714111328,107.03338623046875,34.811248779296875,260.0337829589844,66.87345123291016,300.5312194824219,39.80531311035156,53.23163604736328,99.9366226196289,123.07649993896484,109.34638214111328,233.97457885742188,60.79364013671875,28.820171356201172,141.14447021484375
2022-07-07,192.61585998535156,53.08738327026367,212.94998168945312,155.25709533691406,66.55636596679688,77.5781478881836,50.63449478149414,65.37786865234375,41.644954681396484,151.97023010253906,77.46599578857422,27.505756378173828,105.3843765258789,35.800636291503906,259.64508056640625,68.9800033569336,302.7565612792969,40.40517044067383,53.607688903808594,104.25831604003906,125.84056854248047,109.07164001464844,230.8419189453125,62.84181213378906,28.846172332763672,142.7240447998047
2022-07-08,195.39598083496094,52.16484069824219,209.6900634765625,153.20448303222656,64.85513305664062,78.833984375,50.51951217651367,64.31066131591797,40.92803955078125,148.8331298828125,76.96253967285156,26.357330322265625,104.47921752929688,35.509639739990234,259.4555358886719,68.00057983398438,300.062744140625,40.485748291015625,53.15104675292969,102.86177062988281,124.258544921875,107.94520568847656,229.6852569580078,62.445396423339844,28.48213005065918,141.8809356689453
2022-07-11,189.59854125976562,52.83577346801758,211.3877410888672,152.08990478515625,64.66610717773438,79.14566040039062,50.69197463989258,63.67266845703125,40.63330841064453,147.5514678955078,76.518798828125,25.33127784729004,104.15657043457031,35.11056900024414,262.3848571777344,67.27767181396484,306.0553894042969,40.21714782714844,52.64067077636719,101.74832916259766,122.49880981445312,104.55672454833984,233.2227020263672,62.19053268432617,27.476675033569336,143.49929809570312
2022-07-12,185.80313110351562,52.24870681762695,209.4372100830078,154.2075653076172,63.94782638549805,78.29315948486328,50.35663986206055,64.4266586303711,40.163326263427734,150.90859985351562,77.4062728881836,24.757062911987305,104.88249206542969,35.559532165527344,259.32275390625,66.79572296142578,306.0553894042969,40.17238998413086,51.87957000732422,103.01272583007812,122.76544189453125,106.26012420654297,237.6566162109375,62.01121520996094,27.476675033569336,143.89666748046875
2022-07-13,185.9739532470703,51.91324234008789,205.8793182373047,151.4397735595703,63.88164138793945,78.41233825683594,49.79138946533203,63.63784408569336,39.56589126586914,148.8331298828125,75.58866882324219,24.88884925842285,103.02737426757812,35.035736083984375,260.4509582519531,65.74633026123047,302.25872802734375,41.46163558959961,52.103424072265625,103.52229309082031,121.7611312866211,105.96707916259766,236.84693908691406,63.48362350463867,27.476675033569336,141.7646484375
2022-07-14,186.6001739501953,51.955177307128906,200.45216369628906,152.3499755859375,62.99323654174805,73.92977905273438,49.33149719238281,62.048667907714844,38.952537536621094,147.015869140625,73.84783172607422,23.752809524536133,101.41421508789062,34.736427307128906,255.0282440185547,64.98455047607422,304.72802734375,39.09803009033203,49.238136291503906,102.25788116455078,120.37464904785156,105.17032623291016,235.6132049560547,62.22829818725586,27.476675033569336,142.71434020996094
2022-07-15,190.43353271484375,52.33257293701172,203.35989379882812,155.11776733398438,62.832550048828125,77.50480651855469,49.82011413574219,63.336273193359375,39.47030258178711,148.42184448242188,75.66545867919922,24.44390296936035,103.94149017333984,34.85282897949219,262.583984375,65.8707046508789,307.4023132324219,40.30669021606445,49.00533676147461,104.097900390625,120.6946029663086,106.9653091430664,236.70236206054688,63.29484558105469,27.476675033569336,144.1195068359375
2022-07-18,193.45086669921875,51.70357894897461,201.87892150878906,153.49240112304688,63.36182403564453,76.66146850585938,50.05006408691406,63.057865142822266,40.203155517578125,145.10296630859375,75.93852996826172,25.958627700805664,102.56133270263672,34.43711853027344,262.7261657714844,67.17660522460938,306.855712890625,40.92444610595703,49.07696533203125,108.01382446289062,119.35254669189453,105.23444366455078,234.4661407470703,63.908355712890625,29.877634048461914,143.80938720703125
2022-07-19,200.70001220703125,52.96158218383789,207.69435119628906,159.42738342285156,66.14051055908203,79.66817474365234,51.48717498779297,65.6098861694336,41.78038024902344,150.92774963378906,78.65213012695312,26.981067657470703,105.48294067382812,35.42649841308594,270.898193359375,69.45418548583984,315.36651611328125,43.037376403808594,48.93370819091797,110.6181640625,122.89871978759766,109.68521881103516,238.5433807373047,62.87957763671875,29.877634048461914,147.8504638671875
2022-07-20,208.2812957763672,52.33257293701172,209.1663055419922,160.97848510742188,66.86827087402344,78.45816040039062,51.75545120239258,66.24787902832031,41.86001968383789,152.45806884765625,78.81427764892578,27.047332763671875,106.961669921875,35.70086669921875,268.4238586425781,69.18211364746094,317.552734375,43.001564025878906,46.838462829589844,111.10884857177734,123.56532287597656,109.98744201660156,240.5193634033203,64.27645874023438,30.076988220214844,149.79823303222656
2022-07-21,214.059814453125,53.003509521484375,211.83924865722656,163.4954833984375,67.87955474853516,78.20148468017578,51.62131118774414,66.97868347167969,40.943973541259766,156.22647094726562,79.46281433105469,27.369213104248047,109.63236999511719,35.97523498535156,272.1116638183594,67.64300537109375,321.7886047363281,43.13585662841797,46.641475677490234,121.27143096923828,126.08942413330078,112.59744262695312,247.3244171142578,66.75879669189453,30.076988220214844,151.62008666992188
2022-07-22,210.13157653808594,52.83577346801758,211.81216430664062,162.81747436523438,66.83047485351562,77.74314880371094,51.74585723876953,66.42189025878906,40.50584411621094,155.89170837402344,79.4201431274414,26.28050422668457,109.56964111328125,35.908721923828125,270.6990661621094,67.47200012207031,318.3823547363281,42.65238571166992,46.014686584472656,113.09982299804688,125.8494644165039,116.97498321533203,249.6570587158203,62.86067581176758,30.076988220214844,150.83511352539062
2022-07-25,215.92901611328125,53.42284393310547,212.3991241455078,162.33448791503906,66.027099609375,82.75735473632812,53.1446533203125,67.3150863647461,41.08735656738281,155.6813201904297,80.40149688720703,26.78226661682129,110.28660583496094,36.13319778442383,273.1165466308594,68.0394515991211,322.4034729003906,45.22190856933594,39.92596435546875,115.34559631347656,127.90252685546875,116.18739318847656,249.6570587158203,66.06977844238281,27.736703872680664,151.56192016601562
2022-07-26,213.58534240722656,54.09377670288086,211.87535095214844,159.529541015625,66.31065368652344,82.86735534667969,53.135074615478516,66.9090805053711,40.86431121826172,151.472900390625,79.21536254882812,26.441444396972656,108.43145751953125,34.736427307128906,271.7229919433594,67.76739501953125,320.65643310546875,44.460906982421875,41.31383514404297,116.3552474975586,121.69891357421875,115.59211730957031,245.10748291015625,66.52283477783203,27.736703872680664,151.37782287597656
2022-07-27,222.3052520751953,54.00990676879883,214.81919860839844,171.07444763183594,68.38995361328125,86.74488067626953,54.23686981201172,68.93910217285156,41.613101959228516,153.64402770996094,81.05855560302734,27.72896957397461,108.67343139648438,35.434814453125,275.35394287109375,68.7157211303711,327.9667053222656,45.76805877685547,40.839263916015625,120.14852142333984,123.83197021484375,116.24234008789062,223.5934600830078,68.74089813232422,27.736703872680664,155.6320343017578
2022-07-28,224.23143005371094,54.68083190917969,220.54432678222656,175.67198181152344,69.52408599853516,86.12154388427734,54.57218933105469,70.14057922363281,41.660888671875,155.87257385253906,81.2036361694336,28.240182876586914,111.4068374633789,35.76738357543945,281.4971008300781,68.84008026123047,335.2086181640625,45.4815559387207,41.018348693847656,123.04537963867188,124.56962585449219,119.38352966308594,234.26370239257812,70.00565338134766,27.736703872680664,157.87057495117188
2022-07-29,231.81271362304688,54.30344009399414,224.15640258789062,176.89804077148438,69.39177703857422,87.53323364257812,55.1374626159668,71.42371368408203,42.385772705078125,157.97677612304688,81.86068725585938,29.868511199951172,111.17383575439453,35.559532165527344,286.3035888671875,69.27542114257812,343.6316223144531,47.146827697753906,40.543785095214844,128.140869140625,124.9695816040039,118.40360260009766,233.2034454345703,73.50735473632812,32.07056427001953,160.2156982421875
2022-08-01,227.68521118164062,54.68083190917969,223.27146911621094,176.8701171875,69.14606475830078,86.57072448730469,54.51470947265625,70.22223663330078,41.7883415222168,159.77490234375,80.26493835449219,28.38218879699707,112.15966033935547,35.601097106933594,284.473876953125,67.58858489990234,345.67144775390625,46.009796142578125,40.239349365234375,127.25382995605469,123.3964614868164,118.42194366455078,234.3119354248047,73.03544616699219,32.07056427001953,159.76022338867188
2022-08-02,231.41419982910156,53.46477508544922,220.4450225830078,176.90728759765625,67.85121154785156,89.98989868164062,53.4033317565918,68.32085418701172,41.06345748901367,158.1584930419922,79.54814147949219,27.766830444335938,111.34412384033203,35.202022552490234,282.170166015625,66.43815612792969,343.98291015625,46.752899169921875,40.149810791015625,124.68724822998047,122.74768829345703,115.98591613769531,234.81314086914062,72.25202178955078,32.07056427001953,158.90745544433594
2022-08-03,227.28671264648438,53.33897399902344,221.88082885742188,179.3685760498047,68.81524658203125,88.84407806396484,53.36502456665039,67.83094024658203,41.015663146972656,159.7557830810547,79.67613983154297,27.16094398498535,113.40538024902344,35.42649841308594,284.46435546875,66.57808685302734,346.8622131347656,47.38855743408203,39.75583267211914,123.98896789550781,123.67196655273438,117.4420394897461,230.67807006835938,72.07270050048828,31.73252296447754,161.10723876953125
2022-08-04,222.87457275390625,52.79384231567383,232.73512268066406,179.74940490722656,56.02758026123047,90.7966079711914,52.90513610839844,68.32085418701172,40.61737060546875,159.55491638183594,80.0430908203125,27.22721290588379,113.76388549804688,34.811248779296875,286.53106689453125,66.46148681640625,351.3419494628906,46.29628372192383,40.543785095214844,126.67818450927734,122.41883850097656,117.34130096435547,234.3119354248047,73.12981414794922,31.585172653198242,165.14822387695312
2022-08-05,225.81602478027344,51.451988220214844,237.1689453125,179.5264892578125,53.26779556274414,91.7132797241211,55.4727897644043,68.6824722290039,41.015663146972656,159.2488250732422,81.17801666259766,28.6567325592041,113.58462524414062,34.74473571777344,286.275146484375,66.54698944091797,347.3891296386719,46.752899169921875,40.08713150024414,128.93345642089844,120.17909240722656,116.63613891601562,228.5189971923828,74.35681915283203,30.761735916137695,166.69876098632812
2022-08-08,232.3155517578125,51.955177307128906,236.38333129882812,183.06517028808594,53.853759765625,91.15409088134766,56.61289978027344,69.20738983154297,41.541404724121094,157.53677368164062,81.81802368164062,28.988080978393555,114.40914154052734,35.31842041015625,285.3365783691406,66.85014343261719,344.7442321777344,46.833473205566406,40.09608459472656,128.8485107421875,122.62321472167969,117.48782348632812,231.80581665039062,74.32849884033203,31.54183578491211,166.84413146972656
2022-08-09,232.14479064941406,51.997108459472656,233.66525268554688,179.88868713378906,51.86898422241211,94.05077362060547,57.216487884521484,68.40251922607422,41.995445251464844,155.93954467773438,81.23775482177734,28.44845962524414,107.66071319580078,35.34336471557617,285.0426940917969,67.82958221435547,345.3199768066406,48.35548782348633,40.56169891357422,130.7734375,123.48534393310547,117.04609680175781,223.96937561035156,76.5843276977539,33.15402603149414,165.2257843017578
2022-08-10,246.03587341308594,53.29704666137695,239.8689422607422,183.2602081298828,54.32632827758789,93.78494262695312,57.570987701416016,70.85211944580078,43.04692459106445,163.26593017578125,83.5673599243164,29.72650909423828,110.27764129638672,36.091636657714844,293.31890869140625,69.18211364746094,356.5733337402344,48.33758544921875,40.9556770324707,133.50990295410156,125.47615814208984,122.8896484375,234.9384307861328,78.34930419921875,33.15402603149414,169.1214141845703
2022-08-11,252.10855102539062,52.96158218383789,239.12844848632812,184.60696411132812,54.60987854003906,93.8399429321289,57.887935638427734,72.53186798095703,44.01874542236328,163.67721557617188,84.63404083251953,29.98211669921875,109.54275512695312,36.4158821105957,289.9724426269531,71.05547332763672,356.1244812011719,49.02695846557617,40.56169891357422,133.8967742919922,126.25830841064453,122.70561981201172,235.17941284179688,78.8023681640625,32.295921325683594,170.17767333984375
2022-08-12,267.1667175292969,53.71637725830078,244.6097869873047,188.05279541015625,56.2071533203125,96.18663787841797,59.319053649902344,73.13843536376953,44.552459716796875,166.50828552246094,86.33218383789062,29.934785842895508,111.46063232421875,37.40154266357422,295.35723876953125,71.7706298828125,361.2191467285156,49.107547760009766,41.68095397949219,134.8309326171875,127.91140747070312,124.73934173583984,242.52423095703125,79.85948181152344,32.295921325683594,172.7166748046875
2022-08-15,269.5483093261719,54.638912200927734,247.5265350341797,186.8546600341797,56.944358825683594,94.44731140136719,59.17497634887695,73.13843536376953,44.08248519897461,168.87071228027344,86.22125244140625,28.874473571777344,111.63088989257812,37.38473892211914,295.9828796386719,70.37921142578125,359.90155029296875,47.594478607177734,41.13475036621094,133.86846923828125,127.37814331054688,125.51233673095703,248.04734802246094,78.85901641845703,32.295921325683594,172.40650939941406
2022-08-16,266.4455871582031,55.72916030883789,247.01181030273438,189.58529663085938,58.30534744262695,94.99949645996094,59.6456184387207,73.1150894165039,44.69584655761719,169.31065368652344,86.96366882324219,29.717042922973633,111.6219482421875,37.79648208618164,296.0588073730469,71.04771423339844,362.6539001464844,48.69571304321289,41.23324966430664,134.60443115234375,129.54676818847656,126.26697540283203,247.01596069335938,79.89722442626953,33.864784240722656,173.26126098632812
2022-08-17,263.41876220703125,54.5550422668457,242.00912475585938,186.6410369873047,57.889495849609375,95.33997344970703,59.42469787597656,72.26356506347656,44.17806625366211,167.33082580566406,85.1033706665039,28.637800216674805,110.12528991699219,37.30911636352539,293.3758544921875,69.81175994873047,360.0674743652344,48.534549713134766,40.20354080200195,132.54742431640625,128.41798400878906,123.48783111572266,242.3893280029297,78.37763977050781,33.864784240722656,173.0864715576172
2022-08-18,265.21209716796875,53.33897399902344,241.64788818359375,185.2942657470703,58.324256896972656,94.20806121826172,59.90494155883789,72.26356506347656,44.6241455078125,167.74212646484375,85.65804290771484,29.565567016601562,109.3814468383789,37.090633392333984,294.0489196777344,70.86115264892578,358.7303771972656,49.0001106262207,39.97968673706055,134.5006561279297,128.99571228027344,122.83445739746094,240.5535430908203,79.6895980834961,33.864784240722656,172.6785125732422
2022-08-19,256.20751953125,52.33257293701172,238.1261749267578,183.01873779296875,58.51327896118164,95.24795532226562,58.906036376953125,70.54885864257812,44.20196533203125,164.29888916015625,84.14763641357422,28.82714080810547,106.93480682373047,36.628475189208984,287.9626159667969,69.38421630859375,356.3879089355469,47.91679000854492,38.97683334350586,130.37713623046875,127.24481964111328,121.41728210449219,236.3119354248047,77.207275390625,30.5710506439209,170.6097412109375
2022-08-22,261.5970153808594,52.33257293701172,235.60671997070312,180.5295867919922,57.17118835449219,97.21733856201172,58.62750244140625,67.9592514038086,43.34165573120117,161.76431274414062,81.03296661376953,28.268587112426758,103.2872543334961,35.71255874633789,280.4163818359375,68.44364929199219,347.7502746582031,49.564151763916016,39.23650360107422,127.77281188964844,124.79181671142578,117.08292388916016,233.27810668945312,75.7442855834961,29.123538970947266,167.22007751464844
2022-08-23,266.6544189453125,52.75191116333008,235.97694396972656,179.71221923828125,57.70991897583008,100.3554458618164,59.32865524291992,69.25404357910156,44.305511474609375,160.2244110107422,82.74816131591797,30.09572410583496,103.55611419677734,35.94784164428711,278.8899230957031,70.1226806640625,347.1940002441406,51.256282806396484,39.89014434814453,129.70721435546875,125.43177795410156,117.46941375732422,230.03170776367188,76.48049926757812,29.123538970947266,166.22940063476562
2022-08-24,273.15399169921875,53.129310607910156,237.24119567871094,179.92587280273438,57.936744689941406,103.5303955078125,59.453521728515625,69.21904754638672,43.20624923706055,161.55389404296875,82.44949340820312,29.650775909423828,104.9004135131836,35.80498123168945,277.8946533203125,68.59912109375,346.5596008300781,54.336143493652344,40.11399459838867,130.3394012451172,124.39188385009766,117.80070495605469,231.4326629638672,76.82028198242188,29.123538970947266,166.21966552734375
2022-08-25,280.5549011230469,54.177635192871094,240.7357940673828,181.7648468017578,57.17118835449219,108.03971862792969,60.74055862426758,70.67716217041016,44.41703796386719,163.49549865722656,84.48043060302734,31.45897674560547,106.70179748535156,36.8637580871582,281.6771545410156,70.51911163330078,353.5770568847656,55.45526885986328,40.41843032836914,136.0764923095703,127.59143829345703,121.61973571777344,236.26364135742188,81.88878631591797,30.337026596069336,169.85214233398438
2022-08-26,273.419677734375,52.08097839355469,236.79867553710938,175.33758544921875,54.54371643066406,108.91397857666016,59.8569221496582,67.44597625732422,43.38148880004883,158.0628204345703,81.1012191772461,30.474403381347656,102.36416625976562,35.81338882446289,271.3721923828125,68.42394256591797,343.29974365234375,55.30306625366211,38.69926071166992,132.58514404296875,123.48534393310547,115.98782348632812,227.7321319580078,81.99259948730469,30.337026596069336,164.24806213378906
2022-08-29,270.3927917480469,51.4100456237793,235.41709899902344,172.7462615966797,53.68364715576172,104.30339813232422,59.46312713623047,67.58597564697266,42.67253875732422,157.7471923828125,81.09269714355469,29.82118034362793,101.29768371582031,35.41845703125,272.56671142578125,67.6126480102539,345.71044921875,54.022789001464844,38.3321533203125,131.68875122070312,122.53433990478516,115.89580535888672,226.09925842285156,81.3979721069336,30.337026596069336,164.37432861328125
2022-08-30,258.81689453125,51.0745849609375,231.03746032714844,171.03732299804688,53.70254898071289,97.54862213134766,59.32865524291992,66.60614013671875,41.46992492675781,158.18716430664062,79.71027374267578,28.173913955688477,99.80104064941406,35.37643814086914,269.8553161621094,65.86406707763672,336.88739013671875,51.33686065673828,37.78595733642578,127.5746841430664,123.67196655273438,117.58905792236328,227.05580139160156,76.84858703613281,28.005403518676758,161.975341796875
2022-08-31,254.25289916992188,50.361724853515625,227.96717834472656,170.5450439453125,52.934288024902344,95.2111587524414,59.00209045410156,64.90306854248047,41.16321563720703,156.69515991210938,77.65371704101562,28.022443771362305,99.01237487792969,34.97309494018555,268.1583557128906,65.3757095336914,340.0166015625,48.356651306152344,37.033817291259766,125.44210815429688,121.69002532958984,116.85285186767578,224.25384521484375,76.18789672851562,28.005403518676758,161.7034149169922
2022-09-01,243.81561279296875,50.31978988647461,225.7547607421875,172.3004150390625,52.75407791137695,94.25406646728516,58.40659713745117,64.42481231689453,40.323814392089844,155.32740783691406,77.14173126220703,26.592918395996094,97.36336517333984,34.71260452270508,265.73089599609375,64.47777557373047,335.01971435546875,47.43206024169922,36.630882263183594,123.04537963867188,121.29896545410156,114.6074447631836,224.4760284423828,72.9976806640625,27.17330551147461,161.44113159179688
2022-09-02,246.58624267578125,50.40365219116211,222.62132263183594,172.2725830078125,52.934288024902344,98.3400650024414,58.81960678100586,63.876564025878906,39.799190521240234,154.6005096435547,76.39079284667969,26.791723251342773,96.63744354248047,34.39329147338867,264.3695373535156,63.62710189819336,333.0639343261719,49.22737503051758,37.31138610839844,123.4039306640625,120.97013092041016,113.8896713256836,223.97361755371094,73.5639877319336,27.17330551147461,160.2076416015625
2022-09-06,253.057373046875,49.690792083740234,222.29620361328125,171.15353393554688,52.678192138671875,94.71419525146484,57.93596649169922,63.281654357910156,39.21805953979492,155.92999267578125,76.52732849121094,26.62132453918457,98.34024047851562,33.88911437988281,263.63653564453125,63.46169662475586,332.0469055175781,48.48231506347656,37.34719467163086,126.8669204711914,121.03231048583984,113.82524108886719,220.65960693359375,74.90426635742188,27.181970596313477,159.6831817626953
2022-09-07,264.91796875,51.2581901550293,229.16818237304688,175.94691467285156,55.61845779418945,94.17124938964844,59.376670837402344,65.62628173828125,39.524757385253906,163.47633361816406,78.02920532226562,26.86745834350586,101.46794891357422,34.502532958984375,272.0994873046875,64.19422912597656,343.849853515625,47.68340301513672,38.42697525024414,127.96151733398438,123.7164077758789,117.64425659179688,230.58242797851562,75.22516632080078,26.913272857666016,165.1416015625
2022-09-08,276.52239990234375,51.59708786010742,229.21331787109375,176.30128479003906,55.83660888671875,94.29087829589844,59.58798599243164,66.9910659790039,39.871826171875,163.47633361816406,78.37906646728516,28.988080978393555,102.3104019165039,34.93108367919922,270.2717590332031,64.98188781738281,344.79840087890625,48.616966247558594,38.463260650634766,131.55667114257812,123.99193572998047,117.57064056396484,232.64041137695312,78.33043670654297,26.705242156982422,165.91860961914062
2022-09-09,285.0050964355469,52.06306838989258,232.04879760742188,178.16641235351562,56.27290344238281,95.41361236572266,60.049015045166016,68.11090087890625,40.767723083496094,165.12144470214844,79.91509246826172,30.455467224121094,102.60614013671875,35.057125091552734,273.2419128417969,66.26576232910156,348.4165344238281,50.48408508300781,39.17100524902344,135.463134765625,124.05413818359375,117.89274597167969,232.22496032714844,81.66224670410156,27.745370864868164,166.8704376220703
2022-09-12,281.77899169921875,52.40196990966797,237.945556640625,179.09896850585938,57.56282424926758,91.54847717285156,59.65522003173828,69.46402740478516,41.106719970703125,167.28302001953125,80.95616149902344,30.455467224121094,104.93627166748047,35.43524932861328,280.3625793457031,67.1951904296875,347.44842529296875,47.07300567626953,39.878761291503906,133.72689819335938,126.27607727050781,121.08598327636719,234.75634765625,78.8023681640625,29.132204055786133,166.37509155273438
2022-09-13,282.84161376953125,50.58039093017578,231.24510192871094,172.21665954589844,55.561553955078125,92.16504669189453,60.17387771606445,66.08121490478516,38.636932373046875,159.0575408935547,71.77423858642578,29.395160675048828,98.04447937011719,34.023563385009766,271.8614501953125,63.84764862060547,332.0860290527344,47.22560119628906,39.04397964477539,128.42391967773438,122.45437622070312,114.56143951416016,223.05575561523438,77.31108856201172,29.132204055786133,158.9547576904297
2022-09-14,291.3433837890625,49.7331428527832,230.43238830566406,168.0387725830078,54.451847076416016,94.87065124511719,61.288028717041016,65.10137176513672,37.991233825683594,157.4698486328125,70.71504974365234,28.429523468017578,96.77188110351562,33.34292221069336,272.803955078125,62.22506332397461,325.0257568359375,48.383575439453125,38.95323944091797,113.90189361572266,117.37950134277344,110.5767822265625,218.21514892578125,70.36434173583984,30.033653259277344,155.61367797851562
2022-09-15,272.4322509765625,49.94496536254883,224.37310791015625,167.2647247314453,54.6889533996582,93.05772399902344,59.66481399536133,64.30817413330078,37.86209487915039,154.76307678222656,70.00895690917969,28.19284439086914,94.46864318847656,33.34292221069336,269.3101806640625,61.980899810791016,329.9737548828125,48.12325668334961,38.47233963012695,110.65589904785156,117.9216537475586,110.83443450927734,216.30203247070312,71.94999694824219,30.033653259277344,157.55613708496094
2022-09-16,272.9737243652344,49.39425277709961,223.37078857421875,161.6786346435547,53.74048614501953,90.72942352294922,58.925254821777344,62.966712951660156,37.46659469604492,150.7747039794922,68.14031982421875,27.766830444335938,91.77108001708984,29.603601455688477,269.7480773925781,60.76790237426758,322.8743896484375,46.85757064819336,39.660987854003906,110.47663116455078,104.93677520751953,108.11051940917969,214.0701446533203,70.80793762207031,26.852596282958984,154.8172149658203
2022-09-19,282.1230163574219,49.817874908447266,225.1949005126953,167.15280151367188,54.0534782409668,95.22035217285156,58.992488861083984,64.54145812988281,37.724884033203125,153.3367156982422,68.63114929199219,28.865009307861328,92.21917724609375,30.68758773803711,271.442626953125,61.46103286743164,328.3603515625,49.254302978515625,40.16911315917969,112.11849975585938,110.2960433959961,109.72095489501953,215.63539123535156,72.8560791015625,28.9935245513916,158.28457641601562
2022-09-20,273.28729248046875,48.46228790283203,221.14031982421875,163.97279357910156,52.42211151123047,95.99337005615234,58.97328186035156,63.281654357910156,37.200252532958984,150.18939208984375,66.59030151367188,28.136045455932617,91.01827239990234,29.267488479614258,268.00604248046875,60.93330764770508,327.1672668457031,48.751617431640625,38.83528518676758,107.1174087524414,106.12770080566406,107.35591888427734,211.4324188232422,71.5913314819336,28.9935245513916,157.5270233154297
2022-09-21,270.7980651855469,47.53032302856445,218.04299926757812,161.27764892578125,51.12269592285156,93.5914535522461,56.8890380859375,61.998531341552734,36.304351806640625,145.66029357910156,65.10917663574219,26.602384567260742,88.8584213256836,28.78852081298828,263.2462158203125,59.62579345703125,321.8476257324219,48.0245246887207,38.47233963012695,104.26774597167969,104.96341705322266,104.2638931274414,206.61114501953125,70.03396606445312,28.9935245513916,155.85647583007812
2022-09-22,258.5612487792969,47.23378372192383,215.3881378173828,157.5194549560547,46.69333267211914,93.43502044677734,57.398094177246094,61.22865676879883,36.13485336303711,143.4245147705078,64.3600082397461,26.839061737060547,88.24398040771484,28.410383224487305,260.9044189453125,59.16108322143555,320.44940185546875,47.144805908203125,38.563072204589844,102.7108154296875,102.99037170410156,102.99393463134766,201.01686096191406,68.48605346679688,25.968486785888672,154.3898468017578
2022-09-23,255.9960174560547,46.51362609863281,214.07875061035156,154.4512939453125,46.60796356201172,86.31212615966797,55.630821228027344,59.18730926513672,35.43266296386719,143.2230224609375,62.5947265625,25.25806427001953,87.40364837646484,27.81377410888672,256.22076416015625,57.562129974365234,312.9686279296875,43.563175201416016,37.428871154785156,99.89888763427734,101.29281616210938,103.36204528808594,204.0797119140625,66.24913024902344,24.30428695678711,151.15562438964844
2022-09-26,251.7967071533203,45.75111389160156,209.0489044189453,152.6328125,45.82073974609375,83.1556167602539,55.333072662353516,58.38242721557617,35.02102279663086,140.42111206054688,61.48387145996094,25.087661743164062,86.99701690673828,26.69618797302246,251.55615234375,56.86899185180664,308.9593505859375,41.749916076660156,36.83000946044922,97.5587387084961,100.35961151123047,102.30376434326172,201.93475341796875,65.76776123046875,24.30428695678711,149.52389526367188
2022-09-27,256.2145690917969,45.20040512084961,208.38067626953125,152.0079803466797,45.04298782348633,88.22630310058594,54.99690246582031,58.429080963134766,35.34387969970703,138.2045440673828,61.01887512207031,25.437936782836914,84.93684387207031,26.805421829223633,252.46051025390625,57.71966552734375,304.206787109375,43.48237991333008,36.53964614868164,99.35159301757812,100.6884536743164,102.2025375366211,201.5095977783203,66.78711700439453,24.30428695678711,147.960205078125
2022-09-28,264.0716552734375,46.17472839355469,212.18238830566406,155.42115783691406,46.69333267211914,92.22026824951172,56.07264709472656,59.78220748901367,36.360836029052734,142.71446228027344,62.55166244506836,26.375173568725586,86.08441162109375,27.486061096191406,258.4102478027344,59.468265533447266,312.5578918457031,44.559574127197266,38.28178787231445,100.8896713256836,102.92815399169922,104.2638931274414,205.86715698242188,68.56156158447266,24.30428695678711,151.66064453125
2022-09-29,252.18629455566406,45.5392951965332,209.28370666503906,152.56753540039062,45.19473648071289,89.32142639160156,54.94886779785156,59.08232116699219,35.64250946044922,140.0181121826172,60.97580337524414,26.668657302856445,82.75019073486328,26.965078353881836,256.65869140625,58.92477035522461,315.2763671875,43.437503814697266,37.89162063598633,99.81838989257812,101.5150146484375,102.70869445800781,200.81393432617188,67.05377197265625,25.722299575805664,153.24378967285156
2022-09-30,251.2361602783203,45.4545783996582,211.6389923095703,151.72824096679688,45.83022689819336,88.57598876953125,54.8912467956543,58.790706634521484,35.456871032714844,138.57876586914062,61.182498931884766,25.873424530029297,82.07247924804688,26.637365341186523,256.6396179199219,59.29498291015625,314.96343994140625,43.38364791870117,38.13661575317383,101.4300308227539,100.9039535522461,101.86204528808594,197.82839965820312,67.28136444091797,26.1079158782959,153.17581176757812
2022-10-03,260.0623474121094,46.725440979003906,216.73147583007812,156.7640838623047,46.826114654541016,92.30310821533203,56.84101867675781,61.15865707397461,36.546478271484375,143.0982666015625,64.12750244140625,27.77629852294922,83.8615951538086,27.34321403503418,262.5703430175781,61.610694885253906,319.36383056640625,44.38003921508789,39.660987854003906,108.38860321044922,103.33916473388672,105.0829086303711,207.1328582763672,71.49177551269531,24.994890213012695,155.78848266601562
2022-10-04,269.6105041503906,47.78450012207031,225.48878479003906,162.07034301757812,47.95480728149414,96.68358612060547,59.319053649902344,63.82990264892578,37.628028869628906,147.3394775390625,66.63336181640625,29.13955307006836,86.37353515625,27.939821243286133,272.6992492675781,63.855525970458984,328.5069885253906,46.75882339477539,40.405025482177734,113.10979461669922,106.1607666015625,109.64732360839844,212.08941650390625,73.98579406738281,26.265666961669922,159.24609375
2022-10-05,262.97900390625,46.979610443115234,220.79638671875,160.26119995117188,48.315216064453125,94.37371826171875,59.088531494140625,63.52662658691406,37.1760368347168,145.19969177246094,65.94446563720703,28.883943557739258,83.67182922363281,27.620508193969727,270.1575012207031,63.7137451171875,326.8934631347656,45.861167907714844,39.83338928222656,111.72566986083984,105.48680877685547,110.64120483398438,210.0218048095703,73.80562591552734,26.265666961669922,159.39181518554688
2022-10-06,266.91229248046875,46.894893646240234,216.96792602539062,158.62916564941406,47.36674880981445,97.3001708984375,58.483436584472656,62.03351593017578,36.740196228027344,142.6568603515625,64.43750762939453,28.230716705322266,81.68395233154297,27.057510375976562,265.42620849609375,63.10725402832031,323.0113830566406,46.05864715576172,40.7316780090332,111.68775177001953,104.16588592529297,108.340576171875,209.44207763671875,73.15130615234375,26.265666961669922,157.53672790527344
2022-10-07,258.9222106933594,45.66638946533203,210.747802734375,154.3673553466797,46.01991271972656,96.44432067871094,58.42581558227539,61.0770149230957,35.84428024291992,137.70555114746094,62.336368560791016,27.407085418701172,79.9671401977539,26.519725799560547,260.076171875,61.92576217651367,313.1641845703125,45.8342399597168,38.653812408447266,109.03326416015625,102.17997741699219,105.2485580444336,198.6497039794922,71.96592712402344,22.935354232788086,152.96214294433594
2022-10-10,264.2141418457031,46.13237380981445,211.37527465820312,154.22750854492188,46.78818130493164,98.03638458251953,58.637107849121094,60.34212112426758,36.2236328125,135.76724243164062,61.811100006103516,27.700559616088867,80.48219299316406,26.528127670288086,258.77197265625,61.83913040161133,311.92230224609375,47.29741668701172,38.36345672607422,111.93423461914062,102.57535552978516,101.91726684570312,198.84291076660156,73.70130920410156,25.906341552734375,153.63229370117188
2022-10-11,259.3592834472656,45.66638946533203,210.25674438476562,155.15072631835938,45.97249221801758,94.63137817382812,58.35856246948242,60.42377853393555,35.4730110168457,136.92832946777344,62.14693069458008,27.62482452392578,78.2503433227539,26.536529541015625,257.98187255859375,61.21687316894531,310.3967590332031,44.48775863647461,37.94606399536133,112.68318939208984,102.81795501708984,101.92646026611328,197.5965576171875,75.01943969726562,25.757354736328125,151.77723693847656
2022-10-12,238.89479064941406,44.86151885986328,208.5380401611328,152.4369354248047,46.41828155517578,94.37371826171875,58.387386322021484,60.167144775390625,35.36001205444336,134.84609985351562,61.67332458496094,27.30294418334961,76.68714904785156,26.46930503845215,258.5434875488281,60.830928802490234,304.588134765625,44.99044418334961,38.02772903442383,113.10979461669922,102.00923156738281,100.94181060791016,194.6979522705078,74.7918472290039,24.013324737548828,149.6404571533203
2022-10-13,243.21763610839844,46.85252380371094,216.42230224609375,155.1227264404297,46.41828155517578,98.49652099609375,60.4620246887207,62.18516159057617,37.06303787231445,138.38685607910156,63.671112060546875,27.9405574798584,79.32560729980469,27.544879913330078,268.891357421875,63.01272201538086,307.3946533203125,46.678035736083984,37.76458740234375,117.55608367919922,104.049072265625,103.27001190185547,198.72695922851562,76.83065795898438,24.1447811126709,150.80596923828125
2022-10-14,225.61282348632812,45.920562744140625,211.45712280273438,155.28125,45.014530181884766,90.2232894897461,56.408809661865234,60.773719787597656,36.41734313964844,133.8865509033203,62.215824127197266,26.303709030151367,79.25332641601562,27.41043472290039,262.1134338378906,61.27989196777344,292.21807861328125,42.064090728759766,36.96611404418945,112.54098510742188,102.17997741699219,101.53075408935547,194.88148498535156,74.02371978759766,24.539161682128906,144.17230224609375
2022-10-17,235.64559936523438,46.555999755859375,215.8494110107422,158.0696563720703,46.67435073852539,90.9963150024414,57.97438049316406,62.08016586303711,36.530338287353516,138.84747314453125,63.671112060546875,27.426660537719727,81.00626373291016,27.92301368713379,267.4253845214844,61.68946075439453,304.167724609375,43.311832427978516,37.483314514160156,115.74533081054688,104.18384552001953,104.2730941772461,202.05067443847656,75.88236999511719,26.69510269165039,149.60162353515625
2022-10-18,239.10382080078125,47.44560241699219,220.4053497314453,161.51080322265625,47.54695510864258,92.24788665771484,59.18457794189453,64.35482025146484,37.4343147277832,142.0907440185547,64.86807250976562,27.112621307373047,83.75315856933594,28.183507919311523,270.9856872558594,63.18601989746094,313.1935119628906,45.609832763671875,37.83718490600586,117.99217224121094,104.8667984008789,107.42951965332031,205.44200134277344,77.51343536376953,26.69510269165039,154.2150421142578
2022-10-19,243.7021484375,46.85252380371094,219.5687255859375,159.7202911376953,46.41828155517578,92.63439178466797,59.35747146606445,63.106685638427734,36.425418853759766,139.83578491210938,62.982215881347656,26.9888973236084,83.62666320800781,27.360021591186523,270.2717590332031,62.22506332397461,306.4071044921875,45.52903747558594,36.6303825378418,115.55573272705078,102.80001068115234,105.49702453613281,200.2342529296875,76.50825500488281,26.69510269165039,150.32032775878906
2022-10-20,242.6380615234375,46.13237380981445,216.722412109375,157.3422393798828,46.01042938232422,96.0946044921875,59.482330322265625,62.7100944519043,36.26398849487305,136.24705505371094,62.310550689697266,27.712160110473633,82.41586303710938,26.813825607299805,268.6724853515625,62.25657653808594,297.4986267089844,46.256134033203125,37.32905960083008,118.4282455444336,101.4251480102539,99.7638931274414,194.417724609375,81.22126770019531,26.69510269165039,144.87164306640625
2022-10-21,256.5281066894531,47.86922073364258,219.42323303222656,159.5057830810547,46.66488265991211,98.80939483642578,60.3947868347168,64.83306121826172,37.82980728149414,140.0084991455078,63.989715576171875,30.48147201538086,85.00009155273438,27.796972274780273,274.4698486328125,64.71408081054688,308.3334655761719,47.66545486450195,38.44511032104492,128.51536560058594,105.08245086669922,103.61051177978516,200.79464721679688,88.1153564453125,26.69510269165039,150.9613494873047
2022-10-24,257.0600891113281,47.86922073364258,221.81492614746094,161.91180419921875,46.8450813293457,95.82772064208984,60.85581588745117,65.33467102050781,37.96702194213867,142.42660522460938,63.70555877685547,29.548847198486328,85.03626251220703,27.70454216003418,264.7597961425781,64.02880859375,309.9273986816406,47.117889404296875,38.181976318359375,127.74745178222656,104.48936462402344,103.02156066894531,205.3453826904297,91.28266143798828,29.113964080810547,151.43727111816406
2022-10-25,267.3778381347656,48.5893669128418,228.7625274658203,165.07321166992188,45.9250602722168,99.11309051513672,62.392581939697266,66.44282531738281,38.62078857421875,146.8021697998047,64.97138977050781,30.13886833190918,86.88861083984375,28.099472045898438,274.33660888671875,64.5093002319336,325.4267272949219,48.14122009277344,38.7626953125,129.41595458984375,104.17487335205078,103.95099639892578,212.756103515625,92.65768432617188,29.113964080810547,157.61439514160156
2022-10-26,268.06195068359375,48.631744384765625,229.18084716796875,152.2318115234375,45.70691680908203,96.93204498291016,63.2666130065918,66.59446716308594,38.733787536621094,146.05368041992188,65.23834991455078,31.728137969970703,86.57234954833984,27.91461753845215,280.6766662597656,64.76133728027344,323.60791015625,47.880889892578125,39.71543502807617,129.89947509765625,104.56126403808594,103.82217407226562,213.4131317138672,92.9706039428711,29.113964080810547,156.7694091796875
2022-10-27,268.0809326171875,48.88591384887695,226.4890899658203,157.07177734375,45.30856704711914,98.42289733886719,63.362667083740234,66.22119140625,38.435150146484375,146.9652862548828,65.06612396240234,31.15714454650879,86.22898864746094,27.721343994140625,279.1725158691406,64.98974609375,323.1482238769531,48.0604248046875,39.071205139160156,128.4584503173828,107.158203125,103.39884185791016,214.35035705566406,92.43008422851562,29.113964080810547,157.40074157714844
2022-10-28,266.1712951660156,49.77552032470703,231.38156127929688,160.05601501464844,47.04426193237305,97.25415802001953,63.41067123413086,67.1427230834961,38.322147369384766,151.38880920410156,65.60863494873047,30.643253326416016,87.47591400146484,28.418792724609375,287.3022766113281,61.42953872680664,330.6778869628906,47.70136260986328,38.88972473144531,127.0363998413086,108.46118927001953,105.05529022216797,218.58224487304688,89.5472640991211,28.018463134765625,160.92637634277344
2022-10-31,265.8957214355469,49.055362701416016,227.70767211914062,158.1162567138672,46.8450813293457,97.78790283203125,62.75755310058594,66.72276306152344,37.724884033203125,150.71713256835938,66.14250946044922,30.15790557861328,88.19879150390625,28.242328643798828,283.0660705566406,60.21653747558594,328.5461730957031,48.248931884765625,38.399742126464844,124.55257415771484,108.02088165283203,105.07369232177734,217.4228515625,89.18693542480469,28.018463134765625,158.99356079101562
2022-11-01,265.06915283203125,49.09772491455078,229.2718048095703,157.398193359375,46.91147994995117,99.20512390136719,64.45758819580078,68.4725112915039,37.878238677978516,137.19699096679688,67.925048828125,31.30940818786621,86.24703979492188,28.17510414123535,283.8466491699219,61.8076171875,326.9325866699219,48.877288818359375,37.846248626708984,127.51045227050781,108.36235046386719,104.90807342529297,217.18128967285156,91.70938873291016,28.018463134765625,160.05223083496094
2022-11-02,253.21234130859375,45.920562744140625,222.95159912109375,154.33937072753906,45.384437561035156,94.94426727294922,64.26551055908203,70.61883544921875,37.878238677978516,131.6795654296875,65.42779541015625,29.510784149169922,85.1717758178711,27.494464874267578,280.20068359375,61.5949592590332,315.7457580566406,46.57929229736328,35.868202209472656,122.03079223632812,106.52021789550781,101.30070495605469,208.43722534179688,87.58429718017578,28.255096435546875,158.226318359375
2022-11-03,260.850830078125,45.6240234375,240.09335327148438,156.25112915039062,48.40058898925781,96.84922790527344,64.33275604248047,69.53398895263672,37.52309799194336,126.03740692138672,65.60863494873047,30.03419303894043,84.2862777709961,27.46925926208496,283.30413818359375,61.28776168823242,324.2043762207031,43.8414421081543,34.28937530517578,122.07819366455078,108.93745422363281,100.960205078125,209.84788513183594,86.81619262695312,28.255096435546875,164.1800537109375
2022-11-04,270.7601013183594,47.27614212036133,251.04222106933594,162.7884521484375,48.22985076904297,96.9780502319336,62.786380767822266,72.24024963378906,39.57318878173828,129.29991149902344,69.10476684570312,33.48869705200195,85.68682098388672,28.292747497558594,294.08978271484375,65.89556884765625,329.7000427246094,44.245391845703125,37.192955017089844,126.61927795410156,111.8758773803711,106.2516098022461,208.92031860351562,90.46711730957031,28.60565185546875,165.2581329345703
2022-11-07,272.1851501464844,47.53032302856445,252.46998596191406,164.26185607910156,48.38161087036133,95.99337005615234,63.429893493652344,72.01860046386719,39.95252990722656,132.7255096435547,69.39754486083984,32.78447341918945,86.90667724609375,28.225522994995117,298.4307861328125,65.86406707763672,335.2543029785156,44.8109130859375,37.49238967895508,127.33981323242188,110.1775131225586,107.06141662597656,213.88653564453125,90.9981689453125,29.578453063964844,167.21038818359375
2022-11-08,290.7305908203125,47.53032302856445,257.35333251953125,164.21522521972656,47.93583297729492,99.98734283447266,64.53443908691406,77.31443786621094,40.073604583740234,135.76724243164062,70.80979919433594,33.745643615722656,82.59658813476562,28.166702270507812,299.5921936035156,66.6123275756836,336.3105163574219,47.4769401550293,39.69728469848633,127.50094604492188,109.2789306640625,107.17186737060547,217.79966735839844,91.76627349853516,29.587217330932617,167.54055786132812
2022-11-09,285.14410400390625,46.68307876586914,254.74334716796875,159.095458984375,46.99684143066406,96.31547546386719,64.39997863769531,78.18929290771484,38.48357391357422,134.96124267578125,68.20059967041016,32.384769439697266,82.75019073486328,27.91461753845215,299.3351135253906,63.09148025512695,329.0839538574219,44.55059814453125,39.31618881225586,124.25865936279297,107.84117126464844,105.63609313964844,214.4952850341797,87.29034423828125,28.684524536132812,164.0829315185547
2022-11-10,304.7535400390625,49.22480773925781,263.3460693359375,170.35153198242188,50.743316650390625,99.84009552001953,64.69840240478516,81.24547576904297,40.323814392089844,145.4971923828125,73.3070297241211,34.97327423095703,86.79823303222656,29.52798080444336,312.5959777832031,66.13186645507812,354.811767578125,48.0245246887207,42.11087417602539,131.8050079345703,112.3970718383789,115.47065734863281,230.92059326171875,91.35851287841797,31.988554000854492,174.8929443359375
2022-11-11,309.1334228515625,49.309539794921875,262.31854248046875,171.4333038330078,53.88275909423828,94.62216186523438,62.34956741333008,82.59860229492188,42.89045715332031,149.38331604003906,77.06149291992188,36.20091247558594,90.84629821777344,30.780019760131836,314.35711669921875,70.14892578125,354.1761474609375,47.387184143066406,42.21976852416992,131.54904174804688,116.34192657470703,120.35556030273438,229.2200927734375,91.73782348632812,32.71596145629883,173.8148651123047
2022-11-14,300.55426025390625,49.94496536254883,268.165771484375,168.37448120117188,52.678192138671875,99.55561065673828,64.236328125,82.31865692138672,41.929988861083984,146.70619201660156,75.39954376220703,36.05815887451172,89.78005981445312,30.816621780395508,316.12774658203125,68.64450073242188,345.1699523925781,47.68340301513672,42.00199890136719,134.81028747558594,116.59354400634766,118.38494873046875,226.16690063476562,95.20860290527344,33.8289909362793,170.50521850585938
2022-11-15,281.0873718261719,49.8602409362793,267.8475341796875,172.78550720214844,52.63077926635742,98.77033233642578,64.22669219970703,82.43529510498047,41.647491455078125,146.59104919433594,74.80538177490234,36.24849319458008,88.4698715209961,31.071928024291992,316.5847473144531,67.17155456542969,346.3140869140625,47.20764923095703,41.45758056640625,136.5641632080078,116.97993469238281,119.8096923828125,232.45681762695312,95.28446197509766,32.4179801940918,171.22557067871094
2022-11-16,272.4512023925781,49.52134704589844,268.375,173.96987915039062,51.91941833496094,94.880859375,62.907894134521484,80.63890075683594,40.767723083496094,143.7411651611328,72.95397186279297,35.57282257080078,88.9306869506836,30.450664520263672,317.6984558105469,65.13154602050781,347.9764709472656,45.03533172607422,41.276100158691406,134.241455078125,116.70137023925781,119.337890625,232.66940307617188,94.16545867919922,31.024511337280273,172.0918731689453
2022-11-17,263.5965881347656,49.94496536254883,266.71978759765625,173.3170623779297,51.568477630615234,94.3819808959961,62.98490524291992,80.88385772705078,40.46103286743164,141.9180145263672,71.67951965332031,34.60212707519531,88.44273376464844,30.4166202545166,314.47137451171875,64.42266082763672,342.88177490234375,44.86477279663086,40.53206253051758,134.71548461914062,116.35091400146484,117.1822280883789,229.66671752929688,95.78704833984375,31.673044204711914,171.06980895996094
2022-11-18,263.1501159667969,50.07205581665039,269.6116943359375,175.52725219726562,52.25137710571289,93.62439727783203,62.763492584228516,80.93052673339844,40.412601470947266,142.1195068359375,72.54924774169922,34.58310317993164,88.79515075683594,30.44215202331543,318.8218078613281,64.8243637084961,348.43609619140625,43.95813751220703,40.94944763183594,134.64913940429688,115.95552062988281,118.85677337646484,232.50473022460938,95.43617248535156,31.278661727905273,174.13609313964844
2022-11-21,268.7554626464844,50.79220199584961,269.5480651855469,176.42251586914062,52.34622573852539,94.94551086425781,62.71537399291992,81.38546752929688,40.493309020996094,142.32106018066406,72.8936996459961,34.38324737548828,89.19274139404297,30.799589157104492,318.3077392578125,65.58050537109375,349.83441162109375,43.67986297607422,40.83149337768555,141.29481506347656,118.0223159790039,119.39337921142578,231.74923706054688,97.6930923461914,31.83079719543457,173.81484985351562
2022-11-22,268.9549865722656,51.318660736083984,281.1425476074219,178.3995819091797,52.545413970947266,101.32942962646484,63.6202392578125,82.98352813720703,41.62327575683594,142.89675903320312,74.81398010253906,36.02960968017578,90.1957015991211,31.242141723632812,323.4388427734375,68.9044189453125,356.58184814453125,45.304630279541016,41.856815338134766,144.24317932128906,119.8015365600586,122.1134033203125,235.8076934814453,100.936279296875,30.998220443725586,177.43603515625
2022-11-23,269.7245178222656,51.7038688659668,280.22406005859375,179.99423217773438,53.22831344604492,98.21600341796875,63.341087341308594,83.76507568359375,41.607139587402344,143.99066162109375,74.81398010253906,36.20091247558594,91.18062591552734,31.32724952697754,326.3898620605469,69.38490295410156,357.2369689941406,45.42131423950195,41.9656982421875,141.94895935058594,119.8285140991211,123.10334014892578,242.15206909179688,98.57501220703125,31.585405349731445,177.43603515625
2022-11-25,259.1977844238281,51.7038688659668,281.8246765136719,179.3880615234375,53.275726318359375,100.35012817382812,63.85129165649414,83.11185455322266,41.61520767211914,142.9255828857422,74.90010833740234,35.35393524169922,91.59626007080078,31.250652313232422,327.8750305175781,69.29706573486328,359.456787109375,46.47157669067383,41.60274887084961,141.43702697753906,119.48704528808594,123.38085174560547,241.68714904785156,98.60347747802734,31.585405349731445,178.46783447265625
2022-11-28,252.8227996826172,51.318660736083984,276.8684997558594,175.07028198242188,52.33674240112305,96.451416015625,62.50358581542969,80.89552307128906,40.51751708984375,139.59585571289062,72.73869323730469,34.440345764160156,90.34028625488281,30.450664520263672,321.47784423828125,66.86978912353516,351.45770263671875,45.11610412597656,40.21448516845703,139.86329650878906,116.90807342529297,120.54984283447266,237.8514404296875,97.56035614013672,31.646753311157227,174.90505981445312
2022-11-29,256.53753662109375,51.832275390625,274.79510498046875,175.7137451171875,51.91941833496094,98.29915618896484,63.11967849731445,81.4112548828125,41.45884323120117,139.04896545410156,73.4103775024414,35.696533203125,92.52696990966797,30.918746948242188,316.02301025390625,67.7400894165039,349.62908935546875,45.53800964355469,41.52109146118164,139.3513641357422,119.23542785644531,121.96536254882812,233.98670959472656,97.33275604248047,32.12001037597656,173.70779418945312
2022-11-30,264.109619140625,52.8595085144043,282.0519104003906,180.2926483154297,53.38542938232422,99.95286560058594,64.65026092529297,82.64190673828125,41.72077178955078,143.7699432373047,74.59009552001953,37.875823974609375,95.6172103881836,31.591075897216797,320.31640625,67.87582397460938,359.03411865234375,46.18624496459961,43.072689056396484,142.1575164794922,122.11096954345703,125.1016845703125,241.35780334472656,98.55606842041016,32.12001037597656,178.45811462402344
2022-12-01,261.5444641113281,52.9879035949707,283.7615661621094,180.1434326171875,53.16646957397461,95.74929809570312,63.774261474609375,82.53642272949219,41.8026237487793,145.79461669921875,74.41787719726562,37.65694046020508,96.44852447509766,31.82085609436035,322.1792297363281,67.58040618896484,357.9563903808594,44.20553970336914,44.0707893371582,141.49388122558594,122.35356903076172,124.86114501953125,243.71151733398438,99.69401550292969,32.12001037597656,178.94479370117188
2022-12-02,270.0856018066406,53.501522064208984,289.58154296875,179.61187744140625,53.12839889526367,96.44219207763672,64.79464721679688,83.87255859375,42.19552230834961,145.2380828857422,75.36509704589844,38.2755126953125,97.55992126464844,31.574047088623047,322.2652282714844,67.78800964355469,358.2992858886719,44.39461135864258,44.16152572631836,146.1866455078125,123.84526062011719,127.02603149414062,249.6587677001953,103.88546752929688,31.664283752441406,179.58731079101562
2022-12-05,251.98675537109375,52.517093658447266,286.426025390625,178.45550537109375,51.738548278808594,95.6014633178711,61.95489501953125,82.53642272949219,41.949954986572266,144.3648681640625,74.12509155273438,36.98126983642578,96.49370574951172,31.0804443359375,319.3133239746094,66.64620971679688,346.0924072265625,43.386253356933594,43.072689056396484,143.1624298095703,121.8323974609375,124.51882934570312,245.62936401367188,101.22075653076172,32.1638298034668,174.24317932128906
2022-12-06,245.10824584960938,52.00348663330078,283.816162109375,178.80189514160156,52.16692352294922,93.77222442626953,61.28104782104492,82.00898742675781,41.7862548828125,142.42660522460938,73.289794921875,36.60060119628906,94.83110809326172,30.995332717895508,316.6767578125,65.71205139160156,342.8790588378906,42.954105377197266,42.75510787963867,145.0300750732422,121.15843963623047,122.15962219238281,245.50344848632812,102.67164611816406,31.44517707824707,173.22105407714844
2022-12-07,244.74720764160156,51.917884826660156,286.9807434082031,179.53216552734375,49.967918395996094,92.86681365966797,61.377315521240234,81.69255065917969,41.4997673034668,141.98519897460938,72.97980499267578,36.68625259399414,97.6773910522461,30.765554428100586,316.5811767578125,65.20902252197266,345.3380432128906,42.61198425292969,43.32432556152344,142.0153350830078,121.49093627929688,119.75419616699219,243.23692321777344,102.03629302978516,31.79574203491211,174.34054565429688
2022-12-08,243.24610900878906,53.20191955566406,290.87286376953125,167.7918243408203,51.30064392089844,92.5157699584961,61.358062744140625,81.86834716796875,41.385169982910156,143.1366729736328,73.41896057128906,37.93292236328125,97.31595611572266,30.782573699951172,319.6667785644531,65.13716888427734,350.4422302246094,42.314876556396484,43.26005935668945,143.01080322265625,122.17386627197266,120.6053466796875,246.4623565673828,104.35012817382812,31.4013614654541,177.951904296875
2022-12-09,240.60496520996094,52.94511413574219,285.91680908203125,166.39678955078125,50.98650360107422,91.18539428710938,60.636085510253906,80.7431640625,41.09049606323242,144.2689208984375,73.34148406982422,36.72432327270508,96.91838073730469,30.705984115600586,317.35498046875,65.04135131835938,349.68792724609375,42.14381408691406,42.59904098510742,139.42721557617188,121.4100341796875,120.6516342163086,244.941650390625,102.8044204711914,32.2076530456543,177.60150146484375
2022-12-12,246.40982055664062,53.415924072265625,290.5545654296875,168.053955078125,51.02458572387695,91.19464111328125,59.96225357055664,81.89178466796875,41.835365295410156,144.42245483398438,74.46954345703125,37.00029754638672,95.8883056640625,31.318735122680664,321.02325439453125,66.23902130126953,352.53875732421875,42.548954010009766,42.59904098510742,140.36575317382812,123.22520446777344,122.41868591308594,245.9102783203125,104.08460998535156,31.506532669067383,179.24656677246094
2022-12-13,248.83255004882812,53.758331298828125,295.7744445800781,173.6151885986328,51.2340087890625,90.3631591796875,60.29916000366211,83.05213928222656,42.203704833984375,146.54307556152344,75.86456298828125,37.36192321777344,96.89128112792969,31.67618179321289,327.1371154785156,67.16522216796875,361.23828125,42.34188461303711,43.28760528564453,141.68353271484375,122.65910339355469,124.03778076171875,250.7339324951172,104.67253875732422,32.74224853515625,180.98899841308594
2022-12-14,235.48406982421875,53.415924072265625,295.65618896484375,170.25411987304688,51.84326171875,85.91936492919922,59.39430236816406,81.62220001220703,42.03999710083008,144.35528564453125,75.01302337646484,37.52370071411133,95.44551849365234,31.574047088623047,326.7168273925781,66.81390380859375,358.2698974609375,40.88337707519531,43.25087356567383,140.2425079345703,121.60773468017578,122.83503723144531,240.8734588623047,103.0414810180664,32.821128845214844,179.6943817138672
2022-12-15,228.8562469482422,52.47429275512695,287.5809631347656,169.75787353515625,49.16828155517578,87.35135650634766,57.979225158691406,79.47734832763672,40.542076110839844,139.46156311035156,71.54605865478516,36.30559158325195,93.5118637084961,31.097463607788086,316.00799560546875,64.41856384277344,344.89715576171875,40.78434371948242,41.8370246887207,127.13124084472656,119.40618133544922,119.13433837890625,236.52447509765625,96.64997863769531,32.821128845214844,174.51571655273438
2022-12-16,231.1019744873047,51.7038688659668,287.7446594238281,167.8572998046875,48.8541259765625,87.83177185058594,57.54603576660156,79.59454345703125,40.76307678222656,138.2237548828125,71.53736114501953,36.50544357299805,93.16850280761719,30.305984497070312,314.8903503417969,64.33872985839844,341.1449890136719,40.83836364746094,42.36033248901367,126.65718078613281,118.45368194580078,116.7288818359375,232.92123413085938,95.79652404785156,32.2952880859375,172.46180725097656
2022-12-19,222.0428924560547,51.44706344604492,285.2893371582031,165.2265167236328,48.17825698852539,85.66068267822266,56.12135696411133,79.18431854248047,40.37836837768555,135.9989776611328,70.12974548339844,35.55378723144531,91.85831451416016,29.718753814697266,312.42578125,64.11516571044922,333.9248046875,40.100101470947266,41.86457061767578,124.91279602050781,116.66661071777344,116.22928619384766,230.63531494140625,96.28964233398438,31.86585235595703,170.75833129882812
2022-12-20,222.19515991210938,51.57547378540039,284.2162170410156,166.98663330078125,48.19729232788086,86.42749786376953,56.68930435180664,79.12571716308594,40.64848709106445,137.56883239746094,70.31221771240234,35.97251510620117,92.32817840576172,29.514503479003906,314.2217102050781,64.47444915771484,334.78692626953125,40.82035446166992,43.71908950805664,127.00798034667969,116.01348114013672,115.42440032958984,231.09056091308594,97.86380767822266,31.59416961669922,171.887451171875
2022-12-21,221.36727905273438,51.78947448730469,285.9895324707031,169.39276123046875,49.25395965576172,86.40901947021484,57.170616149902344,80.07511138916016,41.4752082824707,138.97494506835938,71.04209899902344,36.59109115600586,94.00884246826172,29.497486114501953,313.9732971191406,65.71205139160156,335.1788330078125,41.279510498046875,43.44367218017578,130.30711364746094,116.50332641601562,117.63556671142578,234.60662841796875,99.40003967285156,32.084957122802734,171.2839813232422
2022-12-22,215.0392303466797,51.27585983276367,284.2707824707031,167.40792846679688,48.69230270385742,83.05537414550781,56.698944091796875,79.17261505126953,41.065940856933594,137.7710723876953,70.7206039428711,35.84880447387695,93.34922790527344,29.30174446105957,313.0085144042969,65.05732727050781,329.3692321777344,40.27115249633789,43.60892105102539,129.795166015625,115.57804870605469,116.44208526611328,233.72518920898438,97.53190612792969,31.37507438659668,169.40524291992188
2022-12-23,215.9718017578125,51.618263244628906,283.7615661621094,169.56129455566406,49.14924621582031,83.83145141601562,57.160987854003906,80.5556411743164,41.63072204589844,139.2061004638672,71.40704345703125,36.25800323486328,93.88233184814453,29.55706024169922,314.6038513183594,66.37476348876953,331.710693359375,40.640289306640625,43.930259704589844,129.00833129882812,116.74824523925781,117.23772430419922,235.05215454101562,97.28534698486328,31.664283752441406,170.54415893554688
2022-12-27,203.79150390625,51.7038688659668,283.90704345703125,170.7503204345703,49.301551818847656,80.93049621582031,57.526790618896484,80.6142578125,41.900848388671875,140.08251953125,71.7285385131836,37.00029754638672,94.5289306640625,29.710250854492188,314.2408142089844,66.86978912353516,332.5335998535156,40.154117584228516,44.756526947021484,129.4443817138672,117.52839660644531,116.9601821899414,231.90419006347656,97.57931518554688,32.1638298034668,171.01136779785156
2022-12-28,203.6773223876953,50.97624969482422,281.5790710449219,167.66070556640625,48.14968490600586,79.76641845703125,56.439022064208984,79.46561431884766,40.918609619140625,138.493408203125,69.64315795898438,36.04864501953125,93.84590911865234,29.242168426513672,311.3367614746094,65.5523681640625,331.0346984863281,39.10974884033203,43.48957824707031,127.21654510498047,115.21520233154297,114.9710693359375,230.0251007080078,94.7249526977539,32.71596145629883,169.463623046875
2022-12-29,206.94125366210938,51.44706344604492,283.1886291503906,169.8514862060547,49.13972091674805,78.99961853027344,56.77593231201172,80.37981414794922,41.45884323120117,142.2591094970703,71.41573333740234,36.457855224609375,95.73101806640625,29.591096878051758,315.0050048828125,66.19110870361328,333.7386169433594,39.08274841308594,43.48038864135742,127.10234069824219,116.68476104736328,116.94166564941406,233.74456787109375,93.64022827148438,32.71596145629883,171.35208129882812
2022-12-30,206.36077880859375,50.97624969482422,281.7900390625,169.458251953125,48.68278121948242,78.71321868896484,56.583404541015625,80.43844604492188,41.24601745605469,140.18844604492188,70.76407623291016,36.162837982177734,95.47602844238281,29.471952438354492,311.5946350097656,66.29490661621094,331.103271484375,39.496883392333984,43.33349609375,125.43695068359375,116.03162384033203,116.33106994628906,229.87982177734375,92.96463012695312,32.71596145629883,170.45655822753906
2023-01-03,204.1150665283203,51.0190544128418,280.2451477050781,171.52737426757812,49.4729118347168,75.71067810058594,56.727806091308594,80.70799255371094,41.77806854248047,141.777587890625,71.36360168457031,36.08670425415039,96.20457458496094,30.135772705078125,304.11474609375,67.06140899658203,331.31884765625,38.380496978759766,45.518531799316406,124.72322845458984,117.07482147216797,117.34874725341797,231.85577392578125,90.55724334716797,33.41707992553711,171.42022705078125
2023-01-04,212.7459259033203,51.4898681640625,280.2634582519531,174.87908935546875,49.967918395996094,76.13565063476562,57.459407806396484,82.66535186767578,42.833980560302734,144.23345947265625,74.74365234375,37.114501953125,98.49950408935547,31.34427261352539,302.6053771972656,68.58645629882812,340.67474365234375,38.956695556640625,47.290435791015625,130.3760223388672,118.65324401855469,120.24455261230469,236.51475524902344,93.92567443847656,33.41707992553711,174.79803466796875
2023-01-05,208.0260772705078,51.0190544128418,275.9031066894531,171.44309997558594,50.30109405517578,77.4013442993164,56.833702087402344,83.0638427734375,43.3087272644043,139.48538208007812,74.4569091796875,37.913883209228516,97.70720672607422,30.80810546875,291.8298034667969,69.40884399414062,331.103271484375,40.23514175415039,47.015010833740234,130.42361450195312,117.81867218017578,113.89786529541016,220.60057067871094,94.00179290771484,33.41707992553711,170.79722595214844
2023-01-06,210.9093780517578,52.21748733520508,283.54510498046875,176.30218505859375,51.652870178222656,77.9833984375,58.730079650878906,84.93915557861328,45.03583908081055,143.94454956054688,77.08101654052734,40.23591613769531,100.18426513671875,31.18256378173828,302.022705078125,71.93990325927734,344.03509521484375,42.07179260253906,48.37377166748047,136.97093200683594,119.9141616821289,118.8845443725586,228.39784240722656,97.71277618408203,34.77549743652344,176.5404510498047
2023-01-09,213.1550750732422,52.21748733520508,284.9072570800781,177.39756774902344,52.899925231933594,79.45233154296875,58.82634353637695,86.12291717529297,45.248661041259766,144.676513671875,76.95069122314453,40.759334564208984,101.42279052734375,31.49745750427246,307.525146484375,72.92999267578125,338.11785888671875,42.49494934082031,47.9422721862793,134.2492218017578,120.17721557617188,119.22684478759766,228.6012420654297,96.46623992919922,36.747398376464844,173.28921508789062
2023-01-10,213.0599365234375,51.87507629394531,285.8213806152344,177.63160705566406,53.39495086669922,76.68071746826172,59.44242858886719,86.63862609863281,46.22272491455078,146.58340454101562,77.88041687011719,42.54844284057617,105.6301498413086,32.016597747802734,307.6302185058594,73.20146179199219,336.9715576171875,40.3611946105957,48.79609680175781,143.8513641357422,120.40399932861328,120.06876373291016,226.75123596191406,101.6806640625,35.196170806884766,172.052978515625
2023-01-11,225.1070098876953,52.13188171386719,285.9127502441406,180.30923461914062,53.699562072753906,77.65081024169922,59.760101318359375,87.78724670410156,47.13129425048828,148.55775451660156,79.49659729003906,43.12894821166992,104.99266815185547,32.008087158203125,314.8807678222656,74.07974243164062,347.76776123046875,40.71231460571289,48.162620544433594,147.02989196777344,121.17507934570312,122.20587921142578,236.10797119140625,104.66846466064453,35.827171325683594,177.5625457763672
2023-01-12,231.43505859375,52.21748733520508,283.57257080078125,180.67437744140625,54.40401077270508,79.73872375488281,60.24141311645508,87.61144256591797,47.90071105957031,147.71987915039062,79.2967529296875,43.06211471557617,105.27497863769531,32.18680953979492,314.20257568359375,74.79036712646484,344.43682861328125,42.296878814697266,49.02561569213867,148.181396484375,123.34313201904297,121.77107238769531,236.0885772705078,105.02051544189453,37.238182067871094,176.0050506591797
2023-01-13,230.50253295898438,51.917884826660156,284.660400390625,182.88388061523438,54.37544631958008,80.29304504394531,60.37617874145508,88.13885498046875,48.03167724609375,148.73114013671875,79.40101623535156,43.014366149902344,105.85780334472656,32.552757263183594,319.1700439453125,74.8382797241211,348.1497497558594,41.70265579223633,49.89778137207031,149.94189453125,122.82605743408203,122.49268341064453,238.16140747070312,106.11477661132812,37.238182067871094,178.3218231201172
2023-01-17,231.30184936523438,52.00348663330078,280.0715026855469,181.17056274414062,54.2231330871582,79.45233154296875,60.35693359375,87.1191635131836,46.98395919799805,147.54653930664062,77.72401428222656,42.15503692626953,106.1674575805664,31.948514938354492,315.2437438964844,73.12959289550781,345.9161071777344,42.53995895385742,48.17180633544922,147.62940979003906,121.10250854492188,120.84590911865234,240.02113342285156,104.84925842285156,37.238182067871094,177.70855712890625
2023-01-18,231.99649047851562,50.84784698486328,276.8812255859375,177.21031188964844,54.08034896850586,78.1866455078125,59.21138381958008,85.77130889892578,46.52557373046875,144.8016815185547,76.6987075805664,41.9354248046875,104.45536804199219,31.412351608276367,309.8368835449219,72.51480865478516,344.65228271484375,42.368892669677734,47.30880355834961,144.98385620117188,118.7530288696289,118.21842956542969,236.60194396972656,102.9747314453125,37.238182067871094,175.56704711914062
2023-01-19,227.53355407714844,50.29143524169922,274.1388244628906,174.27053833007812,53.90899658203125,78.88876342773438,59.894866943359375,85.325927734375,46.329124450683594,143.11627197265625,75.6125717163086,42.1454963684082,102.2424087524414,31.17405891418457,310.02801513671875,72.09161376953125,336.12908935546875,42.062782287597656,48.17180633544922,143.5087432861328,117.7188949584961,114.35118865966797,226.9836883544922,102.12787628173828,37.238182067871094,171.97508239746094
2023-01-20,236.45944213867188,50.84784698486328,278.26153564453125,178.34317016601562,55.43211364746094,79.89579772949219,60.02962875366211,86.69723510742188,47.016693115234375,147.23834228515625,78.04551696777344,43.35810089111328,102.32435607910156,31.94000244140625,313.9255065917969,73.69648742675781,340.6258239746094,43.22418975830078,48.97053146362305,146.0496826171875,120.17721557617188,121.19744873046875,237.6092987060547,102.78441619873047,36.11638641357422,174.13609313964844
2023-01-23,248.02122497558594,51.36146545410156,282.2105407714844,179.66322326660156,56.184165954589844,79.00885772705078,59.586822509765625,88.25606536865234,47.50782012939453,148.59629821777344,78.95787811279297,42.918888092041016,102.6340103149414,31.88895034790039,311.8907165527344,74.20748901367188,341.8405456542969,43.530303955078125,49.23677062988281,146.41131591796875,119.78715515136719,120.54984283447266,238.31637573242188,102.47042846679688,38.11457824707031,174.68121337890625
2023-01-24,251.72286987304688,50.248634338378906,286.433837890625,177.79078674316406,54.30881118774414,78.47303009033203,60.17403030395508,87.8341293334961,47.6387825012207,147.99916076660156,78.73194885253906,42.575157165527344,100.94011688232422,31.276187896728516,313.93505859375,74.04782104492188,339.38165283203125,43.62934112548828,49.01643371582031,146.58258056640625,117.9547348022461,121.16971588134766,241.5321807861328,102.79395294189453,38.430076599121094,173.56179809570312
2023-01-25,257.8606262207031,50.419837951660156,285.2546081542969,173.28749084472656,53.918514251708984,77.38287353515625,60.77085876464844,86.18152618408203,47.385040283203125,146.7760467529297,78.89705657958984,44.53252029418945,101.81439208984375,30.91022491455078,311.7665710449219,74.23145294189453,340.3612976074219,43.30522918701172,50.57716751098633,149.09495544433594,117.15645599365234,118.56071472167969,239.33343505859375,105.05859375,38.3073844909668,173.92193603515625
2023-01-26,265.9205322265625,50.63384246826172,289.423095703125,176.14300537109375,54.2897834777832,78.620849609375,60.77085876464844,86.41594696044922,47.57330322265625,146.246337890625,79.72251892089844,43.396305084228516,100.73978424072266,31.684682846069336,314.7757263183594,75.74052429199219,341.9091796875,44.277565002441406,49.69580841064453,161.60914611816406,125.74701690673828,118.14440155029297,217.99496459960938,115.55398559570312,38.3073844909668,174.74935913085938
2023-01-27,268.08062744140625,51.14745330810547,287.17425537109375,175.4970245361328,54.86094284057617,76.754638671875,61.444698333740234,86.2049560546875,48.2690544128418,146.70863342285156,75.43879699707031,42.79475784301758,101.85992431640625,32.43361282348633,310.1808776855469,76.29145050048828,340.7531433105469,44.574668884277344,48.952171325683594,158.8018035888672,125.55654907226562,117.82057189941406,221.36573791503906,113.16563415527344,38.3073844909668,173.75643920898438
2023-01-30,258.8121643066406,50.419837951660156,286.94573974609375,173.79302978515625,54.680076599121094,76.40357208251953,60.19327926635742,85.15011596679688,47.43415069580078,144.9076385498047,75.0217056274414,41.992713928222656,101.2953109741211,32.161285400390625,310.49603271484375,75.42115020751953,340.3122863769531,43.66535186767578,48.419673919677734,158.32595825195312,125.81053161621094,118.09813690185547,223.6322479248047,113.31788635253906,38.3073844909668,173.6396484375
2023-01-31,267.8236389160156,51.618263244628906,292.9881591796875,177.360107421875,55.4416389465332,78.25130462646484,62.04152297973633,86.67378234863281,48.58010482788086,149.1163787841797,76.61181640625,42.60380554199219,102.41543579101562,35.59103012084961,316.14178466796875,77.20166778564453,352.33306884765625,44.601680755615234,48.59410858154297,160.84783935546875,129.44813537597656,120.58683013916016,229.16302490234375,114.7927474975586,35.932342529296875,178.45811462402344
2023-02-01,272.058349609375,51.661067962646484,290.8125,179.4385528564453,55.63203048706055,78.78713989257812,62.070411682128906,86.896484375,49.2922248840332,149.983154296875,77.91517639160156,42.78521728515625,103.37165832519531,34.76549530029297,316.2755432128906,77.58493041992188,354.6548156738281,44.889793395996094,49.75090026855469,166.51966857910156,128.94921875,122.13187408447266,235.5849151611328,119.24592590332031,35.932342529296875,179.0032501220703
2023-02-02,276.1024475097656,52.21748733520508,270.1257629394531,176.53623962402344,57.96430969238281,78.5561752319336,59.683082580566406,87.36531829833984,49.07122802734375,153.440673828125,79.48790740966797,41.734920501708984,106.2767333984375,35.34421920776367,317.20220947265625,76.93816375732422,362.70782470703125,45.781097412109375,48.13507080078125,168.137451171875,131.6162109375,124.37078857421875,237.6480255126953,119.75023651123047,40.05141830444336,182.53672790527344
2023-02-03,273.3238525390625,51.4898681640625,260.545654296875,169.64553833007812,56.136566162109375,79.38766479492188,59.2017707824707,85.53690338134766,49.112152099609375,147.6331787109375,78.37570190429688,41.209774017333984,103.20773315429688,35.19954299926758,309.13006591796875,78.3674087524414,353.30291748046875,45.411964416503906,45.76641845703125,168.08987426757812,131.00843811035156,120.94766235351562,234.14166259765625,121.96730041503906,38.62287902832031,178.64303588867188
2023-02-06,263.40838623046875,51.061859130859375,258.7265319824219,167.15516662597656,55.87001037597656,79.4430923461914,58.43165969848633,84.81021118164062,49.185821533203125,146.0922393798828,78.1932144165039,41.00926971435547,102.68864440917969,34.50167465209961,308.423095703125,78.87841033935547,349.6486511230469,45.141868591308594,43.70073318481445,161.65675354003906,129.34837341308594,119.75419616699219,235.40084838867188,117.5236587524414,38.62287902832031,176.7643280029297
2023-02-07,265.8157958984375,50.890647888183594,260.59136962890625,171.8925323486328,54.83238983154297,77.8355484008789,58.44129180908203,91.17449951171875,49.52960205078125,146.6700897216797,78.87966918945312,41.7158203125,102.87077331542969,34.2803955078125,322.0455017089844,80.13197326660156,351.1769714355469,45.060848236083984,44.72898483276367,159.0968017578125,130.06500244140625,121.44725799560547,230.9549560546875,117.2286605834961,38.62287902832031,179.26605224609375
2023-02-08,255.1676483154297,48.194175720214844,262.57501220703125,171.80824279785156,53.19504165649414,77.7154541015625,59.56757354736328,90.13136291503906,48.95662307739258,145.63961791992188,77.72401428222656,41.076087951660156,102.397216796875,33.56551742553711,319.3038024902344,78.97423553466797,348.962890625,45.02483367919922,44.3892936706543,158.26885986328125,128.6407928466797,120.62386322021484,228.11695861816406,118.01844787597656,38.62287902832031,180.22972106933594
2023-02-09,254.44442749023438,48.02296447753906,262.2550964355469,169.37405395507812,52.3858757019043,80.19141387939453,60.26066589355469,88.79520416259766,48.359092712402344,140.39073181152344,75.57782745361328,40.99971008300781,83.20001983642578,32.654884338378906,317.69891357421875,78.75865936279297,346.06304931640625,45.01583480834961,43.68238067626953,155.68035888671875,127.08960723876953,119.21759796142578,224.2425079345703,115.46833038330078,38.62287902832031,180.1713104248047
2023-02-10,255.30078125,48.49378204345703,263.1052551269531,169.82342529296875,51.98605728149414,83.6004638671875,62.0607795715332,88.85382080078125,48.96480941772461,140.6314697265625,75.5169906616211,40.4459228515625,86.3509750366211,32.876163482666016,317.1926574707031,79.4213638305664,344.1037292480469,46.18624496459961,44.04960250854492,156.1752471923828,126.92630767822266,116.7844009399414,223.25454711914062,116.39131927490234,38.62287902832031,179.2368621826172
2023-02-13,256.86138916015625,49.00739669799805,262.0814208984375,173.47476196289062,53.23311233520508,80.23760986328125,60.13551330566406,89.51016998291016,49.37407684326172,142.43251037597656,76.9072494506836,40.207218170166016,87.6714859008789,33.35275650024414,319.1222839355469,80.65096282958984,349.2078857421875,45.222900390625,44.3433952331543,159.5060272216797,128.88572692871094,119.10658264160156,225.76318359375,117.75200653076172,35.42402648925781,181.1155242919922
2023-02-14,257.5941467285156,48.793392181396484,257.31878662109375,172.49166870117188,54.194583892822266,79.38372802734375,59.85634994506836,89.61566162109375,48.91569519042969,152.55462646484375,76.77690124511719,41.037906646728516,87.45289611816406,33.31870651245117,319.0649719238281,79.94832611083984,348.962890625,44.98882293701172,43.1590690612793,162.97950744628906,129.38462829589844,120.06876373291016,224.66868591308594,120.36872863769531,35.42402648925781,180.6483154296875
2023-02-15,259.5829772949219,49.26420593261719,260.03375244140625,173.79302978515625,56.146087646484375,78.90108489990234,59.78897476196289,89.47500610351562,48.91569519042969,157.89984130859375,77.41120147705078,40.3981819152832,88.1996841430664,33.429344177246094,317.6606750488281,79.9323501586914,375.0224304199219,44.673702239990234,42.50722122192383,161.85659790039062,129.35743713378906,121.23443603515625,225.3466796875,119.58845520019531,35.42402648925781,190.2560272216797
2023-02-16,271.7917785644531,48.83618927001953,256.6240539550781,170.4413299560547,54.63248062133789,79.17952728271484,60.405059814453125,88.45531463623047,48.03167724609375,156.01214599609375,75.5169906616211,40.82784652709961,87.47113037109375,33.27691650390625,309.0345153808594,78.84646606445312,361.43426513671875,45.37596130371094,42.09408187866211,161.60914611816406,128.3414306640625,120.05391693115234,219.99998474121094,120.0642318725586,35.42402648925781,180.44386291503906
2023-02-17,245.51853942871094,48.87899398803711,255.69158935546875,170.86265563964844,54.7752799987793,76.4322280883789,59.50018310546875,87.99822235107422,47.581485748291016,156.41665649414062,75.6386489868164,39.853946685791016,87.88092803955078,32.95827102661133,307.14300537109375,77.70468139648438,364.1283874511719,44.88078308105469,41.699310302734375,159.94378662109375,127.91507720947266,120.76038360595703,220.82333374023438,118.91288757324219,35.42402648925781,180.71644592285156
2023-02-21,230.24559020996094,47.42375183105469,253.68057250976562,167.58584594726562,54.30881118774414,77.48104095458984,57.815582275390625,85.51345825195312,46.52557373046875,152.3523712158203,71.65902709960938,40.73236083984375,85.3674545288086,31.098064422607422,310.047119140625,75.80438995361328,352.3918151855469,43.98945999145508,41.46978759765625,155.63278198242188,121.71028137207031,117.31167602539062,216.21270751953125,115.87751007080078,35.42402648925781,175.72279357910156
2023-02-22,234.5181884765625,47.68056106567383,254.39353942871094,170.8157958984375,54.784786224365234,79.26305389404297,59.62532424926758,85.454833984375,46.66472244262695,153.3636474609375,72.45842742919922,39.90167999267578,86.84276580810547,31.244468688964844,315.2724304199219,75.76446533203125,353.90045166015625,45.195892333984375,40.606788635253906,155.566162109375,122.20921325683594,119.60771942138672,215.6412353515625,114.60244750976562,35.42402648925781,176.0829315185547
2023-02-23,241.55990600585938,48.365379333496094,255.70074462890625,170.151123046875,54.7467155456543,80.0798110961914,59.683082580566406,85.37281036376953,46.81206130981445,152.9398651123047,72.91026306152344,38.755897521972656,86.37830352783203,31.476999282836914,317.0492858886719,75.57283782958984,355.5953674316406,46.36629867553711,40.634334564208984,155.39486694335938,124.64033508300781,119.14293670654297,216.048095703125,113.24175262451172,35.42402648925781,177.7183380126953
2023-02-24,237.43960571289062,48.279781341552734,256.8525085449219,170.0668182373047,54.11842346191406,79.43939208984375,59.37504959106445,85.4665756225586,47.303184509277344,152.7279815673828,72.84943389892578,38.08753204345703,85.42208862304688,31.42533302307129,332.1141052246094,77.20166778564453,354.7234191894531,46.375308990478516,39.97332000732422,154.67161560058594,125.003173828125,120.5744857788086,214.7223358154297,112.7564697265625,32.8561897277832,178.75987243652344
2023-02-27,244.57644653320312,48.49378204345703,260.9113464355469,170.27279663085938,53.404457092285156,79.16097259521484,59.78897476196289,86.0201644897461,47.22032928466797,153.8644256591797,73.72703552246094,38.29758834838867,86.0868911743164,31.502836227416992,329.0763854980469,76.4990234375,352.6268615722656,47.72578048706055,39.78970718383789,156.3369903564453,124.15955352783203,122.3406753540039,215.5575714111328,115.45882415771484,32.8561897277832,176.7643280029297
2023-02-28,241.99765014648438,48.20386505126953,261.4231872558594,171.27871704101562,53.700618743896484,79.71784973144531,60.10740661621094,86.0201644897461,47.394325256347656,153.48883056640625,74.03115844726562,39.11873245239258,84.87567901611328,31.33919906616211,332.7924499511719,76.64276123046875,352.558349609375,47.88783264160156,40.03758239746094,159.34422302246094,124.02347564697266,122.75895690917969,214.98458862304688,119.99761962890625,33.53976821899414,176.10243225097656
2023-03-01,240.4085235595703,48.24713134765625,263.5257263183594,170.27279663085938,52.21982192993164,79.03102111816406,59.972320556640625,86.7740249633789,48.07374954223633,152.67019653320312,75.04778289794922,41.057003021240234,83.45500946044922,31.597570419311523,334.39727783203125,77.83243560791016,350.27569580078125,49.035560607910156,40.48743438720703,162.48471069335938,125.819580078125,123.84656524658203,212.7118377685547,122.86174774169922,33.53976821899414,175.18739318847656
2023-03-02,238.25791931152344,48.50675964355469,266.95367431640625,170.69589233398438,53.5,80.63671112060547,61.32325744628906,88.23456573486328,48.42176055908203,155.95431518554688,75.5169906616211,40.885135650634766,84.71174621582031,32.3123664855957,336.0212707519531,78.0001220703125,356.08514404296875,51.5117301940918,40.34054183959961,167.28097534179688,127.91507720947266,125.34315490722656,217.57777404785156,126.44901275634766,34.39864730834961,176.82275390625
2023-03-03,246.8126983642578,48.59331130981445,269.4675598144531,172.35044860839844,54.5222282409668,79.96845245361328,61.4680061340332,87.9283218383789,48.32232666015625,157.3701171875,75.82111358642578,41.754024505615234,85.40386962890625,32.52766418457031,346.1759338378906,78.59825134277344,358.8431091308594,51.638248443603516,41.038291931152344,169.74575805664062,129.12159729003906,127.77864837646484,221.77352905273438,129.46534729003906,34.39864730834961,178.04238891601562
2023-03-06,244.45277404785156,47.81442642211914,267.9500732421875,169.5677490234375,53.576438903808594,79.82923889160156,61.03377151489258,85.74925994873047,47.31975555419922,155.05865478515625,73.01453399658203,40.799198150634766,83.60072326660156,31.53728675842285,342.03955078125,77.15950012207031,353.3273010253906,50.80683135986328,40.59761428833008,167.05258178710938,124.96690368652344,124.22769165039062,218.01483154296875,125.5831069946289,34.39864730834961,175.42745971679688
2023-03-07,236.8495635986328,47.25190353393555,266.36865234375,167.12344360351562,52.382232666015625,77.21187591552734,60.76358413696289,83.78221130371094,46.23432159423828,151.9960479736328,71.61558532714844,38.32623291015625,81.11455535888672,31.253089904785156,338.3044128417969,75.23576354980469,350.30438232421875,48.9361457824707,39.01850891113281,162.93194580078125,124.52240753173828,121.6899642944336,214.1590118408203,124.64108276367188,33.89910125732422,172.92955017089844
2023-03-08,240.98899841308594,47.38172149658203,265.1345520019531,167.5088653564453,53.03187561035156,78.21426391601562,60.02056121826172,84.92472839355469,46.61546325683594,153.8451690673828,73.41423797607422,38.708160400390625,80.13101959228516,31.70952033996582,339.0303649902344,75.83390045166016,356.6250305175781,49.107852935791016,39.074119567871094,164.91136169433594,125.24811553955078,121.96883392333984,213.70252990722656,126.18257141113281,33.89910125732422,174.57855224609375
2023-03-09,225.28781127929688,46.949012756347656,259.68634033203125,164.5193328857422,52.24847412109375,75.28133392333984,57.820457458496094,83.41707611083984,45.654319763183594,151.832275390625,71.77198791503906,37.40006637573242,78.38250732421875,31.17557716369629,330.4519958496094,73.683837890625,347.625,47.48116683959961,38.68486022949219,159.73440551757812,123.00747680664062,118.42716217041016,210.9442138671875,121.97682189941406,33.425846099853516,169.84625244140625
2023-03-10,214.2303924560547,46.47303009033203,257.1177062988281,160.5144805908203,50.19446563720703,72.83104705810547,56.826541900634766,82.8516845703125,44.643463134765625,152.23681640625,70.16450500488281,36.16836166381836,77.08023071289062,30.5899600982666,326.26788330078125,71.88135528564453,334.69903564453125,44.354312896728516,39.074119567871094,151.19810485839844,120.12281036376953,117.12577056884766,207.9430694580078,114.52632141113281,33.425846099853516,165.1822052001953
2023-03-13,212.1940155029297,46.516300201416016,256.86163330078125,161.22897338867188,50.0798225402832,69.83316802978516,56.56600570678711,81.56780242919922,43.417179107666016,151.9767608642578,69.24346160888672,35.910552978515625,76.12400817871094,30.012948989868164,321.0563659667969,70.1435317993164,327.60308837890625,42.99874496459961,41.81745910644531,147.91493225097656,118.55345916748047,115.92662811279297,207.45742797851562,111.4052963256836,33.425846099853516,161.95252990722656
2023-03-14,214.44924926757812,47.122093200683594,261.35009765625,163.78604125976562,50.61481857299805,69.2484359741211,56.855491638183594,82.80458068847656,43.3260383605957,154.66380310058594,72.73634338378906,36.32112503051758,76.68863677978516,30.521066665649414,328.3533020019531,70.63658905029297,331.1265563964844,42.31737518310547,41.58575439453125,148.68577575683594,120.30281829833984,120.063232421875,210.74996948242188,110.65357971191406,31.44517707824707,163.44541931152344
2023-03-15,204.01988220214844,46.47303009033203,253.2509002685547,160.96571350097656,49.77410125732422,67.2715072631836,54.85802459716797,79.90701293945312,41.82632064819336,153.3539581298828,70.35802459716797,33.90544128417969,75.33172607421875,29.69430923461914,317.31683349609375,68.02581787109375,319.1821594238281,40.6457633972168,42.73500061035156,137.8083953857422,117.69252014160156,116.59590911865234,210.3225860595703,96.81830596923828,31.44517707824707,158.85946655273438
2023-03-16,204.6014404296875,46.68938446044922,255.63671875,161.42637634277344,49.793209075927734,67.809814453125,54.96416473388672,81.53246307373047,42.182613372802734,152.91098022460938,71.92893981933594,34.46878433227539,76.2332992553711,29.857934951782227,324.37408447265625,68.73711395263672,325.0807800292969,40.47314453125,42.42914581298828,138.38888549804688,118.30616760253906,117.63703155517578,214.0133056640625,101.11923217773438,30.384737014770508,162.17694091796875
2023-03-17,198.766845703125,46.29994201660156,251.1483917236328,156.5001983642578,49.18178176879883,65.83290100097656,54.62643814086914,79.56542205810547,41.44517135620117,148.8756103515625,69.52430725097656,34.59291458129883,75.36815643310547,29.332605361938477,316.8949279785156,68.44611358642578,314.6575927734375,39.14675521850586,44.64421844482422,137.15171813964844,116.61176300048828,113.86297607421875,211.0704345703125,98.8736343383789,29.359355926513672,157.11289978027344
2023-03-20,203.2572021484375,47.25190353393555,255.23451232910156,159.42391967773438,49.43017578125,67.35503387451172,55.601036071777344,81.1908950805664,42.47260665893555,151.0403289794922,71.20053100585938,35.757789611816406,76.38811492919922,29.995729446411133,324.8726501464844,70.43451690673828,318.8287658691406,39.619163513183594,44.3198356628418,140.72042846679688,122.2719955444336,116.48435974121094,213.23629760742188,102.4513931274414,30.21822738647461,159.30833435058594
2023-03-21,212.53343200683594,47.55480194091797,254.86892700195312,162.05624389648438,50.31865692138672,69.32269287109375,56.45985412597656,82.06250762939453,43.135459899902344,152.489990234375,71.60424041748047,36.53118133544922,77.09845733642578,30.34882164001465,327.26025390625,71.51763916015625,328.94769287109375,41.218101501464844,43.18913269042969,144.74594116210938,121.77742767333984,117.68352508544922,214.45037841796875,105.66754913330078,31.199790954589844,162.10865783691406
2023-03-22,206.03150939941406,46.77592468261719,251.71514892578125,160.43927001953125,50.31865692138672,66.07421112060547,55.42734146118164,80.33103942871094,42.5720329284668,150.3832244873047,69.78758239746094,36.130157470703125,75.61402130126953,29.62541389465332,325.1986389160156,70.13545227050781,322.2737121582031,39.94622802734375,43.2262077331543,140.41592407226562,119.7258071899414,114.90409851074219,205.26239013671875,102.0707778930664,31.199790954589844,159.73764038085938
2023-03-23,205.58338928222656,46.905738830566406,244.01817321777344,159.47093200683594,50.18490982055664,64.96971893310547,54.819419860839844,80.51949310302734,42.795753479003906,151.76515197753906,69.0942611694336,36.082420349121094,76.80038452148438,29.375669479370117,327.28900146484375,69.30291748046875,327.2693786621094,39.04682159423828,44.29203796386719,140.84414672851562,120.05551147460938,114.81114959716797,203.04798889160156,102.28962707519531,30.34091567993164,160.50845336914062
2023-03-24,207.6331787109375,47.29518127441406,244.6854248046875,159.57437133789062,50.60526657104492,64.32003021240234,54.84837341308594,80.80219268798828,42.90346145629883,154.97361755371094,69.8402328491211,36.292476654052734,77.49932098388672,29.69430923461914,330.56829833984375,69.97377014160156,330.58673095703125,38.510807037353516,44.99640655517578,141.46270751953125,121.95142364501953,116.60521697998047,205.20416259765625,103.13648223876953,31.471471786499023,162.16717529296875
2023-03-27,208.67230224609375,47.468257904052734,246.9890899658203,161.7460174560547,50.299556732177734,64.83979034423828,55.6782341003418,81.20268249511719,43.085750579833984,154.8286590576172,70.76172637939453,36.26383590698242,82.41948699951172,29.71153450012207,332.8216552734375,70.7497329711914,332.7754211425781,39.319366455078125,44.68129348754883,142.081298828125,121.12711334228516,117.12577056884766,207.77793884277344,105.32500457763672,31.471471786499023,161.7769012451172
2023-03-28,207.9858856201172,47.72789001464844,250.05145263671875,162.23487854003906,50.920528411865234,65.22032928466797,56.064231872558594,81.95650482177734,43.83974838256836,154.7996826171875,71.73587036132812,36.636207580566406,81.92286682128906,29.84932518005371,333.08050537109375,72.79471588134766,339.6849060058594,39.6555061340332,45.09835433959961,141.0725555419922,123.2061996459961,117.33028411865234,205.63150024414062,103.93578338623047,30.21822738647461,163.96253967285156
2023-03-29,213.9920654296875,48.07405471801758,252.60186767578125,162.808349609375,51.49374771118164,67.10443878173828,57.839752197265625,83.4288558959961,44.41147232055664,156.7808380126953,72.47306823730469,37.657859802246094,82.22634887695312,30.202417373657227,335.343505859375,74.00714874267578,344.72967529296875,41.0545768737793,44.80177688598633,142.67132568359375,125.17536163330078,119.20801544189453,209.1279754638672,105.10616302490234,30.21822738647461,165.865234375
2023-03-30,212.0662841796875,48.20386505126953,255.70074462890625,163.7296142578125,51.856773376464844,66.7146224975586,57.849395751953125,83.19328308105469,44.742897033691406,157.7955780029297,72.70124053955078,38.38352966308594,83.2471694946289,30.34882164001465,337.0789489746094,75.09027862548828,344.0033264160156,41.118167877197266,45.26517868041992,144.5333709716797,126.00884246826172,120.68603515625,210.779052734375,106.36224365234375,31.489004135131836,166.01158142089844
2023-03-31,210.73155212402344,49.24237060546875,264.2005310058594,168.21395874023438,52.64973449707031,67.2807846069336,58.19678497314453,84.53604125976562,45.42232131958008,159.96998596191406,74.01765441894531,39.06143569946289,84.57146453857422,31.055007934570312,340.818603515625,75.89047241210938,348.4788513183594,41.681427001953125,45.4320068359375,147.50311279296875,127.1536865234375,124.1718978881836,218.3062286376953,107.99565124511719,31.489004135131836,167.3971710205078
2023-04-03,208.24331665039062,48.896202087402344,265.8839111328125,167.6780548095703,52.62106704711914,68.37598419189453,58.86260986328125,84.6773910522461,45.84489822387695,160.4435272216797,74.0791015625,39.33833694458008,83.32073974609375,30.96889305114746,343.36920166015625,76.9493408203125,349.4014587402344,42.2992057800293,45.84907150268555,147.48397827148438,128.50010681152344,130.17691040039062,220.12242126464844,108.1007308959961,32.339115142822266,168.73388671875
2023-04-04,199.79649353027344,48.55003356933594,262.3975524902344,164.8671875,51.828121185302734,67.63349151611328,58.28363037109375,82.71034240722656,44.95832061767578,159.3321533203125,72.05181121826172,38.4408073425293,82.8425064086914,30.45216178894043,343.0814514160156,75.51864624023438,341.10797119140625,41.96306228637695,47.59145736694336,137.34298706054688,127.24526977539062,128.5780792236328,216.82022094726562,98.66328430175781,32.339115142822266,164.7626495361328
2023-04-05,187.53622436523438,48.939476013183594,261.1372985839844,166.20213317871094,50.805885314941406,67.90264129638672,58.59242630004883,82.87525177001953,45.27317428588867,160.5208282470703,71.87630462646484,38.49810028076172,83.063232421875,30.546899795532227,340.9815368652344,76.19762420654297,330.8124694824219,42.05391311645508,48.25876235961914,136.9992218017578,128.58250427246094,129.1636962890625,216.4219970703125,98.59642791748047,32.339115142822266,160.0791473388672
2023-04-06,185.6009063720703,48.67985153198242,259.4079284667969,166.27734375,50.28044509887695,66.32479858398438,57.70466232299805,82.02716064453125,45.28975296020508,161.42922973632812,71.02501678466797,38.469451904296875,84.1024169921875,30.813873291015625,341.91168212890625,76.26229858398438,332.3140869140625,39.67367935180664,48.24022674560547,138.96630859375,129.27857971191406,128.34567260742188,217.5389404296875,98.79701232910156,32.15506362915039,160.92799377441406
2023-04-10,190.5011749267578,47.987510681152344,260.7232971191406,166.5593719482422,49.716793060302734,68.41311645507812,58.177494049072266,82.2274169921875,46.242610931396484,160.3855438232422,71.90261840820312,38.31668472290039,84.67262268066406,30.908611297607422,343.8101806640625,76.76343536376953,334.1690979003906,40.800201416015625,47.350494384765625,140.2172393798828,129.09539794921875,128.5966339111328,217.9274444580078,101.55756378173828,32.15506362915039,161.98179626464844
2023-04-11,192.3030548095703,47.55480194091797,262.4710998535156,167.4712677001953,50.05116271972656,71.98644256591797,58.79505920410156,83.25215911865234,46.55746841430664,159.59307861328125,72.32386016845703,39.27150344848633,85.3715591430664,31.468387603759766,343.512939453125,77.15950012207031,339.7830810546875,42.60809326171875,46.26613235473633,142.01243591308594,131.19277954101562,129.4890594482422,219.77279663085938,103.17188262939453,32.251468658447266,162.5282440185547
2023-04-12,192.2935333251953,47.68461608886719,264.1637268066406,166.5781707763672,48.484375,71.52238464355469,59.62493133544922,83.4288558959961,47.137474060058594,158.73297119140625,72.8504409790039,39.26194763183594,85.11405944824219,31.408103942871094,344.5677490234375,78.57400512695312,339.6456604003906,42.48089599609375,46.07150650024414,141.000244140625,130.23110961914062,128.28988647460938,219.28717041015625,101.79637145996094,33.00517272949219,163.26004028320312
2023-04-13,193.5424041748047,48.42022705078125,265.05596923828125,168.7874298095703,49.45883560180664,71.50381469726562,60.522342681884766,83.94711303710938,47.162322998046875,161.1490020751953,73.1751708984375,41.15940856933594,87.37641143798828,31.347824096679688,347.0703430175781,77.64446258544922,342.26617431640625,42.471832275390625,47.285621643066406,140.2076873779297,130.43264770507812,129.47976684570312,220.90911865234375,100.48773193359375,34.07557678222656,165.34808349609375
2023-04-14,194.4862518310547,48.030784606933594,263.2806396484375,167.28326416015625,47.79651641845703,71.54093933105469,59.9530143737793,82.9930191040039,46.814327239990234,158.84893798828125,72.6836929321289,41.360652923583984,87.05452728271484,30.925823211669922,344.8745422363281,78.28302001953125,342.7275390625,42.68986129760742,45.89540100097656,139.59654235839844,129.28775024414062,128.67100524902344,219.160888671875,99.78087615966797,34.07557678222656,164.97732543945312
2023-04-17,196.2976531982422,48.030784606933594,263.27142333984375,168.1669921875,48.92383575439453,72.40412902832031,60.57059097290039,83.8057632446289,47.145755767822266,158.44305419921875,73.12250518798828,40.364009857177734,88.59955596923828,31.29615020751953,347.4443054199219,78.62248992919922,347.0361022949219,43.116851806640625,44.92226791381836,141.00979614257812,130.87225341796875,131.0042266845703,224.06568908691406,101.29011535644531,34.02128601074219,167.70938110351562
2023-04-18,195.69703674316406,48.290409088134766,264.7248229980469,168.56182861328125,49.6116943359375,69.6661148071289,60.76358413696289,84.37114715576172,47.046329498291016,158.77163696289062,72.4028549194336,41.168983459472656,88.3328628540039,31.42533302307129,349.8606872558594,78.52550506591797,346.89874267578125,42.00848388671875,45.283721923828125,144.2659912109375,130.86309814453125,131.6363525390625,223.4537811279297,102.67515563964844,34.02128601074219,168.177734375
2023-04-19,194.27650451660156,47.94424057006836,267.22698974609375,169.22927856445312,49.88874816894531,69.05353546142578,60.068817138671875,83.87643432617188,46.76460647583008,159.1292266845703,72.4906234741211,40.14359664916992,88.7834701538086,31.494224548339844,350.2825927734375,77.90312957763672,350.18658447265625,41.281700134277344,44.72762680053711,140.95252990722656,130.39598083496094,130.65103149414062,226.87257385253906,101.46204376220703,33.46934509277344,169.3290557861328
2023-04-20,184.04693603515625,47.68461608886719,269.02984619140625,167.3302764892578,49.30598449707031,69.10923767089844,59.72142028808594,82.79278564453125,46.151466369628906,158.8296661376953,71.77974700927734,39.63569259643555,87.75346374511719,31.476999282836914,352.2386474609375,76.82002258300781,349.8921813964844,40.71843338012695,44.37544631958008,148.70628356933594,131.2843780517578,131.48765563964844,227.0474090576172,106.46732330322266,33.46934509277344,168.2557830810547
2023-04-21,165.64698791503906,47.857696533203125,267.2913513183594,167.42428588867188,49.764556884765625,69.0906753540039,59.3257942199707,82.32164001464844,45.463748931884766,160.03765869140625,71.37605285644531,38.006561279296875,88.63633728027344,31.037790298461914,351.1455383300781,75.84198760986328,348.017578125,40.01890182495117,44.13447952270508,146.52911376953125,131.1836395263672,131.9802703857422,226.92112731933594,105.12049102783203,32.627864837646484,166.9873504638672
2023-04-24,175.38084411621094,47.90096664428711,269.8025207519531,168.39259338378906,49.94607162475586,69.2391586303711,59.35472869873047,83.09904479980469,45.894615173339844,160.5015411376953,72.15713500976562,37.88198471069336,89.26171112060547,31.330596923828125,352.8715515136719,76.90084075927734,349.5191955566406,40.36412048339844,44.50519943237305,148.04737854003906,132.72238159179688,132.89129638671875,229.7571563720703,104.15573120117188,32.627864837646484,167.2507781982422
2023-04-25,168.4213104248047,46.81919479370117,266.7117919921875,160.59906005859375,49.43017578125,67.13229370117188,58.409080505371094,80.08369445800781,43.500030517578125,158.7812957763672,70.08597564697266,36.17619323730469,87.85462188720703,29.875158309936523,351.9605712890625,73.55450439453125,345.98590087890625,38.76518249511719,44.67202377319336,141.2771759033203,123.0779800415039,130.53945922851562,228.03805541992188,99.34149169921875,33.00788116455078,165.5530242919922
2023-04-26,172.74952697753906,46.3864860534668,262.7930908203125,155.23104858398438,48.9525032043457,66.38048553466797,57.550262451171875,79.35340881347656,43.566322326660156,157.11907958984375,70.22638702392578,35.72578811645508,86.79703521728516,29.763202667236328,349.9853515625,73.23119354248047,338.1341857910156,38.32002258300781,43.698883056640625,137.9827423095703,120.98058319091797,127.94597625732422,222.31741333007812,97.58390045166016,33.00788116455078,162.60630798339844
2023-04-27,177.32571411132812,47.25190353393555,268.0364685058594,159.31112670898438,50.35687255859375,65.07182312011719,58.54417419433594,80.91996002197266,44.32861328125,160.57882690429688,70.70028686523438,35.90787124633789,87.5511474609375,28.428333282470703,350.5989685058594,73.81316375732422,351.41339111328125,38.22917938232422,44.73689270019531,141.60183715820312,122.09796142578125,129.14511108398438,225.9984588623047,99.6949234008789,32.64595413208008,168.78268432617188
2023-04-28,176.8109130859375,47.468257904052734,270.7776794433594,164.0304718017578,50.805885314941406,66.43617248535156,58.97840118408203,82.12140655517578,45.07432174682617,162.20240783691406,73.95621490478516,36.329524993896484,89.16974639892578,28.514461517333984,354.2522277832031,76.47245788574219,356.468017578125,38.928714752197266,43.930580139160156,141.49681091308594,123.8839340209961,130.3814239501953,230.70895385742188,99.2937240600586,32.07592010498047,170.8707733154297
2023-05-01,169.00282287597656,47.857696533203125,272.451904296875,164.21847534179688,51.235801696777344,66.77958679199219,59.30648422241211,81.72093200683594,44.83403778076172,163.11077880859375,72.4028549194336,36.061195373535156,88.94901275634766,28.626419067382812,356.9946594238281,75.5914077758789,360.56060791015625,39.600990295410156,43.49497604370117,141.33445739746094,126.53089141845703,129.91661071777344,225.27001953125,99.75223541259766,32.07592010498047,173.20274353027344
2023-05-02,165.31332397460938,47.25190353393555,269.1862487792969,162.97755432128906,50.02249526977539,68.73796844482422,58.515220642089844,76.59718322753906,44.560604095458984,168.4261016845703,70.56864929199219,35.07413101196289,88.42481994628906,27.8341064453125,354.8179931640625,74.31432342529297,364.9576721191406,39.36479949951172,44.542274475097656,139.94985961914062,122.31777954101562,129.76788330078125,225.2117462158203,98.52001190185547,32.07592010498047,174.92005920410156
2023-05-03,164.84617614746094,43.31424331665039,270.34539794921875,160.5520782470703,49.92695617675781,68.5430679321289,57.89765167236328,75.85511779785156,43.91432189941406,167.5176544189453,69.8402328491211,34.81539535522461,86.69585418701172,27.816875457763672,348.54693603515625,72.3259048461914,361.7187805175781,38.946876525878906,44.01398849487305,139.59654235839844,122.40937805175781,128.5966339111328,224.8621063232422,97.4883804321289,32.07592010498047,174.2858123779297
2023-05-04,167.45838928222656,44.17966842651367,267.7513122558594,158.07958984375,56.614463806152344,65.03469848632812,54.88697052001953,75.45463562011719,44.212608337402344,166.57058715820312,69.19081115722656,33.751670837402344,87.44078826904297,27.37767219543457,345.9580993652344,72.93213653564453,382.0645751953125,35.05855178833008,45.793460845947266,133.5711212158203,121.85983276367188,125.95667266845703,220.80230712890625,92.05326080322266,32.07592010498047,185.6141357421875
2023-05-05,171.31948852539062,45.08835220336914,272.9302062988281,161.7742156982422,55.98392105102539,64.63558959960938,56.208961486816406,77.16254425048828,45.08260726928711,167.83656311035156,71.04257202148438,34.94955825805664,88.70072174072266,27.85994529724121,351.2989807128906,74.68611907958984,390.2892150878906,35.53097152709961,45.15396499633789,135.90109252929688,123.98470306396484,128.30850219726562,224.20166015625,93.80126953125,32.07592010498047,188.8730926513672
2023-05-08,177.2113037109375,45.261436462402344,271.8999328613281,161.548583984375,55.124114990234375,62.723628997802734,55.57209396362305,76.29092407226562,44.867183685302734,167.02479553222656,70.86703491210938,35.03581237792969,89.33527374267578,27.88577651977539,350.6278076171875,74.16072845458984,389.0132751464844,34.35902404785156,44.75543975830078,135.23268127441406,124.58919525146484,128.9127197265625,224.28904724121094,93.49562072753906,32.07592010498047,188.15106201171875
2023-05-09,186.06805419921875,44.61237716674805,257.51287841796875,159.94102478027344,54.484012603759766,62.91852951049805,55.09926223754883,75.70198822021484,44.46946716308594,167.04415893554688,70.32291412353516,35.131629943847656,83.05403137207031,27.661867141723633,349.6976623535156,73.77276611328125,391.3002014160156,33.76850128173828,44.625694274902344,133.84808349609375,122.13461303710938,128.0536651611328,222.75448608398438,93.15174865722656,32.07592010498047,188.4242401123047
2023-05-10,185.4388427734375,44.95854949951172,258.4420471191406,162.17845153808594,54.10187530517578,62.91852951049805,55.552791595458984,75.54887390136719,44.28718566894531,169.05421447753906,69.63838958740234,34.729148864746094,79.78007507324219,27.463787078857422,353.7248840332031,73.1827163696289,393.4986877441406,33.52321243286133,44.31056594848633,131.41305541992188,122.07048797607422,127.79225158691406,223.38580322265625,92.15834045410156,32.07592010498047,191.33193969726562
2023-05-11,189.26182556152344,44.828731536865234,254.3944549560547,161.9904327392578,54.54133987426758,62.352378845214844,54.83872604370117,75.21907043457031,43.367462158203125,168.3681182861328,69.16447448730469,33.10002136230469,78.50174713134766,27.291549682617188,351.94140625,71.75202941894531,393.1452941894531,32.66014862060547,42.52183151245117,131.3080291748047,121.20955657958984,128.1470184326172,223.56060791015625,92.6454849243164,32.07592010498047,190.10247802734375
2023-05-12,186.65911865234375,44.5691032409668,255.7283477783203,162.78012084960938,53.691070556640625,62.11894989013672,55.02206802368164,75.11307525634766,43.34260940551758,168.339111328125,69.06793212890625,33.53125762939453,76.47850799560547,27.351831436157227,355.0960388183594,72.14807891845703,395.1082458496094,32.115055084228516,42.57744598388672,132.8072052001953,121.28282165527344,128.9500732421875,220.8896942138672,92.84607696533203,32.07592010498047,190.63916015625
2023-05-15,194.24789428710938,44.828731536865234,256.9150390625,162.9117431640625,54.04454803466797,62.82856369018555,55.8712272644043,77.29212188720703,43.30117416381836,167.9138946533203,70.34925842285156,34.62373352050781,77.58209228515625,27.403501510620117,353.6289978027344,72.8270492553711,397.0614013671875,33.25065994262695,43.643272399902344,134.1440887451172,119.46934509277344,131.3124542236328,220.0835723876953,93.62934875488281,34.419410705566406,191.4099884033203
2023-05-16,196.07835388183594,44.22293472290039,253.5113983154297,158.11717224121094,53.261146545410156,60.625030517578125,54.97382736206055,76.56183624267578,42.30689239501953,166.7638397216797,69.16447448730469,33.780418395996094,74.60240936279297,27.110692977905273,350.8482971191406,71.29938507080078,395.0101318359375,32.03329086303711,41.81745910644531,130.61097717285156,116.31867980957031,130.0985565185547,215.82952880859375,91.20314025878906,34.419410705566406,190.27813720703125
2023-05-17,198.29019165039062,44.352745056152344,254.07257080078125,160.05381774902344,52.91722869873047,59.868743896484375,53.99920654296875,77.26856231689453,42.6548957824707,168.5903778076172,71.08643341064453,34.326656341552734,75.65999603271484,27.644638061523438,349.9949645996094,72.06726837158203,399.81927490234375,32.00603485107422,41.47454071044922,133.3419647216797,118.11383056640625,132.97447204589844,221.08395385742188,92.32071685791016,34.419410705566406,191.74172973632812
2023-05-18,200.3398895263672,44.22293472290039,253.38270568847656,160.77769470214844,52.601966857910156,61.353309631347656,54.221153259277344,78.78802490234375,42.9780387878418,169.07357788085938,73.1751708984375,34.19248962402344,77.4073486328125,27.5843563079834,353.0440368652344,72.77854919433594,400.2608947753906,32.514793395996094,40.10287094116211,133.95310974121094,118.36111450195312,133.1239013671875,226.77597045898438,93.42875671386719,34.419410705566406,191.64418029785156
2023-05-19,194.6292724609375,44.26620864868164,256.56549072265625,160.5708770751953,52.16249084472656,61.82950210571289,54.97382736206055,78.6231460571289,43.04432678222656,169.38282775878906,72.35896301269531,34.24040603637695,76.95671081542969,27.524072647094727,356.20831298828125,73.46560668945312,400.8301086425781,32.48752975463867,40.46432876586914,132.41571044921875,118.56261444091797,132.96514892578125,226.6786346435547,92.71234893798828,34.419410705566406,192.43450927734375
2023-05-22,196.86965942382812,44.439300537109375,252.9686737060547,160.5426788330078,51.81856918334961,62.59514236450195,54.867671966552734,79.0118179321289,42.89518356323242,167.1793975830078,72.71002960205078,34.13499069213867,76.69922637939453,27.325998306274414,351.3181457519531,73.29585266113281,398.4648742675781,32.68739700317383,40.15848159790039,133.64755249023438,118.21456909179688,131.359130859375,224.60435485839844,92.83653259277344,34.419410705566406,192.47354125976562
2023-05-23,205.99337768554688,44.32103729248047,249.74911499023438,159.45213317871094,52.31535339355469,63.01530075073242,54.06675338745117,79.37696838378906,43.05260467529297,161.90283203125,72.37652587890625,33.23418426513672,76.35894012451172,27.524072647094727,339.38031005859375,73.33628845214844,389.8966064453125,32.41485595703125,39.37996292114258,130.74464416503906,117.17046356201172,127.8109130859375,221.10829162597656,91.5469970703125,34.91706085205078,190.46351623535156
2023-05-24,202.3324432373047,43.532718658447266,249.14193725585938,154.91140747070312,51.293121337890625,61.4000129699707,53.3140869140625,78.05772399902344,42.52231979370117,162.01878356933594,71.29705810546875,31.825464248657227,73.87588500976562,27.09347152709961,340.2624206542969,72.38249969482422,387.9042663574219,31.94243812561035,38.749732971191406,127.3547592163086,116.69418334960938,124.57080078125,222.79302978515625,89.0730209350586,34.91706085205078,189.39022827148438
2023-05-25,195.41102600097656,42.96338653564453,250.31942749023438,154.7140350341797,50.91098403930664,59.625972747802734,52.9281005859375,78.36398315429688,41.735172271728516,161.12966918945312,70.77050018310547,32.227962493896484,71.97219848632812,26.75520896911621,341.9212951660156,71.75202941894531,391.76141357421875,31.04303741455078,37.665374755859375,128.615234375,116.62092590332031,124.22531127929688,220.5824432373047,90.48672485351562,34.91706085205078,190.7886199951172
2023-05-26,194.47674560546875,42.87579345703125,251.89244079589844,153.20980834960938,51.407779693603516,58.68293762207031,53.23689270019531,79.62431335449219,41.71031951904297,161.30361938476562,71.35850524902344,33.32042694091797,71.97219848632812,26.76395034790039,341.556884765625,71.57986450195312,391.76141357421875,30.788658142089844,37.70245361328125,129.99981689453125,116.50184631347656,124.86961364746094,223.1436309814453,91.36551666259766,32.55547332763672,191.6687469482422
2023-05-30,192.446044921875,42.65681457519531,252.11317443847656,153.2943878173828,49.68812561035156,57.89862823486328,53.04390335083008,81.37690734863281,41.59268569946289,160.23095703125,70.06842041015625,32.80294418334961,71.92621612548828,26.34439468383789,340.3103942871094,71.09616088867188,390.84869384765625,30.298076629638672,37.442935943603516,127.01100158691406,115.75997161865234,125.44852447509766,222.46194458007812,88.86286926269531,33.460296630859375,191.71763610839844
2023-05-31,184.50453186035156,42.21886444091797,247.57818603515625,151.48001098632812,49.06474304199219,57.43178939819336,51.75699234008789,79.56510925292969,40.98769760131836,159.50611877441406,67.65499114990234,32.908355712890625,71.08011627197266,25.7325496673584,339.11181640625,70.12873840332031,391.31072998046875,29.210453033447266,37.95778274536133,126.10381317138672,113.59846496582031,122.59124755859375,221.8192138671875,87.78349304199219,33.460296630859375,191.17977905273438
2023-06-01,186.42080688476562,42.56922149658203,251.28538513183594,149.70318603515625,49.51549530029297,56.2459831237793,52.11500549316406,79.86112976074219,41.17255783081055,163.4394073486328,68.23421478271484,33.99125289916992,70.445556640625,25.49654769897461,342.0998229980469,71.0469741821289,397.5632019042969,28.98196029663086,39.75504684448242,127.03009033203125,114.33119201660156,126.03677368164062,228.74313354492188,88.0414047241211,33.460296630859375,194.4068603515625
2023-06-02,198.6428985595703,43.66410827636719,258.5247802734375,156.3685760498047,52.210411071777344,58.73895263671875,54.10824966430664,85.69915771484375,43.365631103515625,167.2857666015625,72.46427917480469,35.6395378112793,73.61837768554688,26.55417251586914,346.8923034667969,73.71964263916016,408.0626220703125,30.23410415649414,39.39933776855469,134.9175567626953,117.3078384399414,130.33201599121094,234.52769470214844,93.33324432373047,33.460296630859375,198.25
2023-06-05,196.55502319335938,43.79550552368164,257.36572265625,156.0771484375,51.913108825683594,59.625972747802734,54.37919235229492,84.75180053710938,43.273197174072266,167.57565307617188,72.15713500976562,35.495792388916016,73.23211669921875,26.466766357421875,349.14410400390625,73.5556640625,410.0190124511719,30.380334854125977,39.24020004272461,134.58334350585938,116.4560775756836,128.78196716308594,233.4564666748047,93.30458068847656,33.460296630859375,197.7708282470703
2023-06-06,203.17141723632812,43.79550552368164,256.18829345703125,158.2594451904297,52.39263153076172,62.28701400756836,55.753173828125,84.12419891357422,44.1890754699707,167.36300659179688,72.37652587890625,36.16660690307617,74.37249755859375,26.9475040435791,346.18975830078125,72.96537017822266,411.03155517578125,31.623334884643555,39.30573654174805,137.0374298095703,118.67252349853516,129.99586486816406,234.01156616210938,94.85200500488281,34.25654220581055,198.63137817382812
2023-06-07,208.6151123046875,44.277244567871094,259.79425048828125,162.39730834960938,50.71430587768555,63.883628845214844,56.20795440673828,84.11236572265625,45.26460647583008,169.363525390625,73.49987030029297,36.003692626953125,74.67597961425781,28.08379364013672,348.6437683105469,75.62166595458984,416.1829833984375,33.1588020324707,39.22148513793945,141.25808715820312,121.67665100097656,132.4516143798828,234.45956420898438,96.82928466796875,34.25654220581055,200.46006774902344
2023-06-08,209.37779235839844,44.14586639404297,260.6773681640625,157.05967712402344,51.04037857055664,62.893924713134766,55.95637512207031,83.41370391845703,44.34872055053711,171.03538513183594,70.57742309570312,36.2624397277832,73.34246826171875,27.75164794921875,348.5666809082031,74.16234588623047,418.2082214355469,31.924942016601562,39.3525276184082,140.2172393798828,119.81739807128906,131.81666564941406,236.88438415527344,95.86453247070312,34.25654220581055,201.62374877929688
2023-06-09,210.2167510986328,43.839290618896484,256.27105712890625,153.53585815429688,50.42658615112305,63.463462829589844,54.61140441894531,82.50187683105469,43.47486114501953,171.5186004638672,70.63007354736328,36.31035232543945,71.95379638671875,27.69046401977539,347.1714172363281,72.98178100585938,420.0367431640625,32.06203842163086,38.809608459472656,138.98541259765625,119.79907989501953,130.4160614013672,234.45956420898438,94.7756118774414,32.46499252319336,202.0736083984375
2023-06-12,208.35769653320312,43.92688751220703,256.5838623046875,156.5778350830078,51.117095947265625,63.594200134277344,55.15327453613281,82.56106567382812,43.525272369384766,173.0165557861328,70.83192443847656,36.2432746887207,71.59513092041016,27.384538650512695,348.374267578125,73.00637817382812,416.0060729980469,32.46418380737305,39.3525276184082,141.78329467773438,119.8357162475586,130.71482849121094,238.5009765625,96.52365112304688,32.229740142822266,201.3401641845703
2023-06-13,218.17733764648438,44.49622344970703,262.02960205078125,158.9490966796875,52.0953254699707,64.84534454345703,55.83058547973633,83.80447387695312,44.65121078491211,175.37457275390625,72.35021209716797,38.15989685058594,73.29647827148438,27.57682991027832,359.20050048828125,74.39189147949219,420.0859069824219,33.14051818847656,39.72696304321289,147.40762329101562,120.86151885986328,131.95672607421875,240.7212677001953,102.30262756347656,32.19355010986328,203.11019897460938
2023-06-14,216.2229461669922,44.49622344970703,265.69989013671875,157.8532257080078,52.229591369628906,63.30473709106445,55.18229293823242,82.82160186767578,44.37393569946289,173.77032470703125,72.63375091552734,38.389892578125,72.00897979736328,27.79534912109375,360.2110290527344,74.05577087402344,418.6112060546875,31.97977638244629,39.40869903564453,143.84584045410156,121.46253204345703,131.37779235839844,239.4163360595703,100.00060272216797,33.849369049072266,202.80703735351562
2023-06-15,220.53021240234375,45.02177429199219,267.4660949707031,159.72378540039062,52.25837326049805,65.43357849121094,55.811241149902344,82.54923248291016,44.93690490722656,176.09938049316406,73.54644012451172,38.409061431884766,73.11257934570312,27.804088592529297,362.2607116699219,75.23632049560547,422.1896667480469,32.24483108520508,39.97034454345703,144.3614959716797,122.66456604003906,131.91001892089844,242.94158935546875,101.21368408203125,33.849369049072266,204.32276916503906
2023-06-16,217.91339111328125,45.328346252441406,269.6830749511719,161.632080078125,56.03700256347656,66.544677734375,55.375816345214844,82.19398498535156,44.66801834106445,176.43861389160156,73.25402069091797,38.22697448730469,73.89427185058594,27.952678680419922,361.1540832519531,75.62166595458984,419.3289489746094,32.73836898803711,41.02810287475586,144.58114624023438,122.44267272949219,133.60009765625,241.40292358398438,97.93734741210938,33.849369049072266,202.72882080078125
2023-06-20,221.78134155273438,44.62761688232422,266.1230773925781,158.7506866455078,53.706520080566406,66.99284362792969,54.708168029785156,81.35321044921875,43.62610626220703,175.04293823242188,71.11851501464844,37.757408142089844,72.84586334228516,27.550609588623047,354.7929992675781,73.33430480957031,422.8975830078125,31.77870750427246,40.344764709472656,142.77635192871094,121.75840759277344,132.6290283203125,241.8704071044922,96.45677185058594,31.035377502441406,204.06851196289062
2023-06-21,220.02403259277344,44.45243453979492,265.97589111328125,160.40394592285156,53.217403411865234,68.0759506225586,56.672401428222656,81.02164459228516,43.592498779296875,175.20770263671875,70.3653335571289,38.11198043823242,71.88023376464844,27.20098114013672,356.6888122558594,73.32610321044922,424.608154296875,32.44590377807617,39.85801315307617,145.04901123046875,121.73994445800781,132.90914916992188,240.80889892578125,97.53614044189453,31.035377502441406,205.916748046875
2023-06-22,215.84092712402344,44.10206604003906,264.9364013671875,158.62789916992188,54.04218292236328,66.50733184814453,56.014427185058594,80.33482360839844,43.18077087402344,174.33535766601562,69.48809051513672,38.064064025878906,71.76872253417969,26.86883544921875,358.6038818359375,72.36688995361328,431.7945251464844,32.07118225097656,39.455501556396484,146.41452026367188,120.9539794921875,131.4431915283203,239.83506774902344,97.83226776123047,31.05347442626953,208.73309326171875
2023-06-23,210.28253173828125,43.22615432739258,263.32659912109375,158.57119750976562,53.5243034362793,65.88175201416016,55.375816345214844,80.26376342773438,43.15556335449219,172.66831970214844,69.60327911376953,36.77033996582031,69.95660400390625,26.74646759033203,356.6310729980469,72.41610717773438,434.9010925292969,31.266881942749023,38.92193603515625,146.853759765625,119.11392211914062,129.68771362304688,240.57518005371094,98.08061981201172,31.05347442626953,209.6914520263672
2023-06-26,215.0959930419922,43.62031936645508,263.4461975097656,159.8371124267578,53.73529815673828,65.37754821777344,56.13054275512695,80.28746032714844,43.65131759643555,174.84906005859375,71.49954223632812,37.6328239440918,71.39700317382812,27.393278121948242,356.7465515136719,73.1375503540039,435.2943420410156,31.39484214782715,40.01714324951172,148.36253356933594,121.05569458007812,131.73263549804688,245.1230010986328,99.07402801513672,31.05347442626953,210.02394104003906
2023-06-27,216.86282348632812,44.10206604003906,268.0640563964844,160.98023986816406,55.1546745300293,65.42424011230469,55.47257995605469,81.9453125,44.172271728515625,175.34341430664062,72.40335845947266,38.72529983520508,71.22972106933594,27.681718826293945,361.5967102050781,74.02296447753906,444.4468994140625,31.751298904418945,39.745689392089844,153.5189666748047,121.73994445800781,134.86065673828125,249.97265625,101.9491958618164,30.718692779541016,215.54908752441406
2023-06-28,207.24551391601562,42.96338653564453,267.98126220703125,156.32278442382812,54.329898834228516,63.72490310668945,55.09521484375,82.50187683105469,44.49997329711914,175.5081787109375,73.08566284179688,37.58491897583008,71.29476928710938,27.419498443603516,360.84613037109375,74.46568298339844,446.1083679199219,31.01097297668457,38.54750442504883,153.8531494140625,119.65020751953125,133.80552673339844,249.32020568847656,102.178466796875,29.94959259033203,215.97935485839844
2023-06-29,209.13650512695312,43.357547760009766,271.136474609375,158.70347595214844,55.34648132324219,65.65766906738281,55.83058547973633,83.91104888916016,44.73524475097656,178.22201538085938,73.46669006347656,37.70948791503906,72.30769348144531,27.69046401977539,364.9071044921875,74.32630920410156,450.08990478515625,31.787845611572266,39.26828384399414,156.45872497558594,121.92488098144531,135.73838806152344,254.4523468017578,104.66708374023438,30.38390350341797,219.87139892578125
2023-06-30,213.06173706054688,43.70791244506836,277.17919921875,162.30287170410156,55.82600784301758,64.81733703613281,55.44354248046875,84.5978775024414,44.752044677734375,180.94552612304688,74.1844253540039,38.3323974609375,73.96183013916016,27.804088592529297,366.7259216308594,75.2855224609375,453.8846435546875,31.988924026489258,39.93289566040039,157.08139038085938,122.20225524902344,138.47427368164062,258.5716247558594,104.46570587158203,29.460987091064453,220.45816040039062
2023-07-03,218.9543914794922,44.14586639404297,274.90277099609375,163.88995361328125,56.123313903808594,65.7603759765625,56.12086868286133,84.75180053710938,45.18898010253906,180.83892822265625,75.99207305908203,39.06071090698242,74.09192657470703,27.996381759643555,363.91595458984375,75.92498779296875,448.50714111328125,32.66525650024414,40.28860092163086,158.64285278320312,122.61835479736328,139.19322204589844,257.21795654296875,106.2398910522461,29.460987091064453,218.40455627441406
2023-07-05,218.72518920898438,42.74440383911133,266.48175048828125,159.30807495117188,54.33949661254883,65.47093963623047,54.71784591674805,82.64396667480469,44.399139404296875,178.10569763183594,73.36921691894531,37.54657745361328,73.03253936767578,27.384538650512695,353.4072570800781,73.8508071899414,441.8023986816406,32.18086242675781,39.455501556396484,153.69992065429688,120.23274230957031,136.49468994140625,252.00796508789062,100.9365234375,29.460987091064453,215.75445556640625
2023-07-06,217.34034729003906,43.05097198486328,266.3614807128906,160.2906036376953,53.95587921142578,64.62125396728516,54.785579681396484,82.38346862792969,44.34032440185547,177.49508666992188,72.87299346923828,36.329524993896484,72.51214599609375,27.358318328857422,350.7993469238281,73.14574432373047,433.318359375,31.879249572753906,38.88449478149414,153.3837890625,120.34370422363281,135.607666015625,250.6348419189453,99.75691986083984,29.460987091064453,213.1728057861328
2023-07-07,226.8430938720703,43.532718658447266,265.4361267089844,162.16114807128906,55.106727600097656,67.08621978759766,55.44354248046875,83.37818145751953,44.61760330200195,177.75672912597656,75.28319549560547,37.02909469604492,73.03253936767578,27.79534912109375,350.78009033203125,74.19514465332031,432.72845458984375,33.5883674621582,39.53974914550781,155.1367950439453,122.51664733886719,137.045654296875,248.73590087890625,100.85021209716797,31.24348258972168,212.57627868652344
2023-07-10,229.07789611816406,42.525428771972656,268.3787841796875,163.69161987304688,53.73529815673828,65.45223999023438,52.33754348754883,83.27159118652344,44.76045608520508,178.03787231445312,74.45913696289062,37.35490798950195,73.0604248046875,27.28838539123535,353.7055969238281,74.71163940429688,436.4347229003906,32.73836898803711,39.88609313964844,157.2538604736328,121.98957824707031,138.10076904296875,250.2063751220703,100.8981704711914,31.24348258972168,214.54185485839844
2023-07-11,228.34251403808594,43.22615432739258,267.111083984375,167.1492462158203,53.88874053955078,67.99190521240234,52.75362014770508,84.47944641113281,44.88649368286133,178.97801208496094,75.1059799194336,38.05447769165039,74.751708984375,27.707942962646484,353.0223693847656,75.26091766357422,441.8221130371094,33.423858642578125,40.54135513305664,161.25796508789062,122.52587890625,140.61253356933594,254.53993225097656,102.42300415039062,30.736783981323242,218.66859436035156
2023-07-12,232.49696350097656,43.31374740600586,272.2931213378906,168.0845184326172,54.4066162109375,67.43168640136719,52.27949142456055,86.00704956054688,45.46626663208008,181.03277587890625,78.28707885742188,39.022377014160156,75.85755920410156,27.804088592529297,360.4900207519531,76.32670593261719,437.7029113769531,32.793216705322266,42.319881439208984,162.5320281982422,123.38582611083984,141.6209716796875,256.3220520019531,102.57644653320312,32.157352447509766,215.41217041015625
2023-07-13,230.80650329589844,43.70791244506836,276.6424560546875,169.79446411132812,54.05177688598633,69.04698944091797,52.840702056884766,86.68202209472656,45.550296783447266,180.59661865234375,78.31365203857422,40.474769592285156,75.32786560058594,27.821569442749023,362.93438720703125,76.0069808959961,446.45245361328125,33.067405700683594,42.56327438354492,162.13926696777344,123.95907592773438,141.47158813476562,259.3311462402344,103.46832275390625,34.5008430480957,218.4241180419922
2023-07-14,224.69422912597656,43.488929748535156,276.3464050292969,168.55691528320312,53.97505187988281,68.85090637207031,52.49235916137695,85.98336029052734,44.46635818481445,182.6610565185547,77.01995086669922,39.512916564941406,74.43576049804688,27.445722579956055,364.3200988769531,74.60504150390625,449.824462890625,32.66525650024414,42.104591369628906,159.7540283203125,124.09781646728516,139.81883239746094,260.0518493652344,102.00103759765625,34.5008430480957,219.7834014892578
2023-07-17,226.9767608642578,43.26995086669922,276.94781494140625,167.00755310058594,53.67774963378906,69.02831268310547,52.821346282958984,85.94783020019531,44.05464172363281,181.79849243164062,76.65665435791016,38.91656494140625,73.85961151123047,27.087350845336914,367.7171936035156,74.51487731933594,450.37493896484375,32.68354034423828,41.76760482788086,160.38626098632812,123.8943862915039,141.18209838867188,260.8211364746094,102.55726623535156,34.5008430480957,218.76638793945312
2023-07-18,226.3751220703125,43.57651901245117,276.00396728515625,167.53662109375,53.879150390625,71.28785705566406,53.314823150634766,88.28068542480469,44.51677322387695,182.8064727783203,77.96808624267578,38.868473052978516,76.48947143554688,27.410762786865234,369.7957763671875,74.43289184570312,454.1795349121094,34.3012580871582,42.104591369628906,164.0742950439453,125.20738983154297,141.34085083007812,260.684814453125,104.26432800292969,34.5008430480957,218.95216369628906
2023-07-19,222.06784057617188,43.70791244506836,276.3093566894531,167.6121826171875,54.66556930541992,73.08990478515625,54.369510650634766,89.0030288696289,44.3823356628418,181.51739501953125,78.28707885742188,39.11855697631836,78.12503051757812,27.585569381713867,360.59588623046875,74.81001281738281,446.580322265625,34.758243560791016,42.29179763793945,160.0893096923828,125.63272094726562,140.30438232421875,260.9964599609375,100.98448181152344,34.5008430480957,216.44876098632812
2023-07-20,213.08082580566406,43.57651901245117,278.8540954589844,167.253173828125,55.07794952392578,73.78083038330078,54.785579681396484,89.31089782714844,44.575592041015625,181.96322631835938,77.60477447509766,40.29201889038086,77.53028106689453,27.629276275634766,367.22637939453125,74.72803497314453,450.3258972167969,35.315765380859375,39.736324310302734,159.0355682373047,125.73444366455078,139.8001708984375,259.3603820800781,97.98275756835938,34.5008430480957,216.73236083984375
2023-07-21,206.2808837890625,43.88309097290039,280.149658203125,168.50965881347656,55.23139953613281,73.79951477050781,54.52431869506836,88.96749877929688,44.575592041015625,183.3492431640625,77.29464721679688,39.06084060668945,78.05998229980469,27.839052200317383,370.0556335449219,75.23632049560547,450.1488952636719,35.24264907836914,40.4477424621582,156.93772888183594,127.001220703125,139.4547119140625,261.6976318359375,96.18939208984375,34.5008430480957,217.3875274658203
2023-07-24,201.32420349121094,44.277244567871094,279.55743408203125,167.7916717529297,55.57666015625,75.20940399169922,54.86298370361328,89.39380645751953,44.155460357666016,183.60121154785156,76.64778900146484,40.49399948120117,78.96138763427734,28.293567657470703,370.20001220703125,74.44927978515625,450.7584533691406,36.12920379638672,40.466461181640625,159.6390838623047,128.22174072265625,136.2052459716797,261.00616455078125,97.80054473876953,34.5008430480957,217.68093872070312
2023-07-25,202.95733642578125,44.58382034301758,283.0276184082031,165.0047607421875,56.78505325317383,75.70426177978516,54.40821075439453,90.94507598876953,44.93690490722656,184.97752380371094,78.49974822998047,42.02334976196289,80.86641693115234,29.657108306884766,376.310791015625,76.85140991210938,450.5126647949219,36.36683654785156,40.822166442871094,165.60699462890625,141.1483917236328,137.26974487304688,268.73834228515625,100.81185913085938,34.64561462402344,217.33863830566406
2023-07-26,200.57925415039062,44.45243453979492,280.39947509765625,170.63525390625,57.024818420410156,76.23646545410156,53.98246765136719,90.74375915527344,45.12175750732422,183.14572143554688,77.9946517944336,41.75404357910156,80.91287994384766,29.51725959777832,373.58740234375,77.8761978149414,450.64044189453125,36.97918701171875,40.672393798828125,161.8040008544922,139.20663452148438,136.49468994140625,273.5491027832031,99.50759887695312,35.85807418823242,218.5218963623047
2023-07-27,196.6922149658203,44.58382034301758,280.2884826660156,173.33714294433594,55.65337371826172,76.07772827148438,53.7889518737793,92.14110565185547,46.16368103027344,178.17352294921875,77.63136291503906,41.638614654541016,78.20865631103516,30.94199562072754,370.1423034667969,79.45848083496094,437.39825439453125,36.50392532348633,39.41804885864258,161.34420776367188,140.94500732421875,135.20611572265625,269.8096008300781,98.28963470458984,35.85807418823242,213.46615600585938
2023-07-28,198.6977996826172,44.75899887084961,280.7881164550781,174.39527893066406,56.343894958496094,75.84431457519531,54.321128845214844,91.96263885498047,46.60060501098633,177.9312286376953,76.56805419921875,41.96564483642578,79.2587661743164,31.239177703857422,374.06854248046875,80.64724731445312,441.14385986328125,36.75984573364258,39.70824432373047,161.83274841308594,141.3056182861328,135.77569580078125,272.78955078125,99.5555419921875,35.85807418823242,215.32418823242188
2023-07-31,202.7376708984375,44.93418884277344,282.5463562011719,173.83786010742188,56.286354064941406,76.63794708251953,54.60173034667969,92.35523986816406,47.449275970458984,177.50479125976562,75.83258056640625,42.94673156738281,78.62683868408203,31.51887321472168,375.95477294921875,81.0489730834961,438.912109375,37.253379821777344,40.176273345947266,164.85018920898438,141.7957000732422,134.3657684326172,269.26422119140625,102.21202087402344,36.70861053466797,215.62730407714844
2023-08-01,198.64051818847656,43.839290618896484,279.8442077636719,175.03765869140625,55.70133590698242,75.8909912109375,54.12761306762695,91.65332794189453,46.8694953918457,179.4723358154297,75.98321533203125,42.0810661315918,78.35734558105469,31.413990020751953,374.0012512207031,80.14714813232422,445.6168212890625,36.768978118896484,39.04362869262695,165.72195434570312,141.56451416015625,135.90646362304688,272.867431640625,102.61479949951172,36.83528137207031,219.0206298828125
2023-08-02,193.76974487304688,43.13856506347656,276.98486328125,174.9148712158203,54.7422981262207,75.3027572631836,54.08890151977539,90.8681411743164,45.96201705932617,179.22030639648438,75.01737213134766,40.94607162475586,76.5173568725586,31.982128143310547,369.32421875,78.96659088134766,442.9231872558594,37.22596740722656,38.06074905395508,162.4553985595703,142.9884796142578,132.3769073486328,270.41339111328125,101.04200744628906,36.83528137207031,218.1502685546875
2023-08-03,190.38890075683594,42.78820037841797,260.7906494140625,174.92430114746094,56.650794982910156,75.84431457519531,53.885711669921875,91.76040649414062,46.130069732666016,175.90554809570312,73.87431335449219,41.40776443481445,74.49152374267578,32.00835037231445,366.4084167480469,79.05677032470703,445.8134460449219,37.289947509765625,37.85481262207031,164.55325317382812,143.52479553222656,130.98562622070312,266.0798645019531,101.11874389648438,36.97100830078125,221.1915740966797
2023-08-04,191.09561157226562,43.13856506347656,263.2059020996094,174.79205322265625,55.45198059082031,75.85364532470703,54.205013275146484,91.64143371582031,45.802371978759766,176.91355895996094,74.81356048583984,40.888370513916016,74.8074722290039,31.693687438964844,363.5887451171875,78.46647644042969,448.1434020996094,37.69209289550781,38.257328033447266,160.70237731933594,142.2949981689453,131.25640869140625,266.40118408203125,99.53636169433594,36.808135986328125,221.00576782226562
2023-08-07,187.90576171875,43.40134048461914,265.86175537109375,176.54922485351562,54.75188064575195,75.15336608886719,52.801998138427734,92.89060974121094,46.65102767944336,178.8325958251953,75.24774932861328,40.676761627197266,74.6587905883789,31.58879852294922,370.4693908691406,80.63085174560547,454.42535400390625,38.11251449584961,37.89225769042969,162.13926696777344,141.51828002929688,133.76817321777344,267.1413269042969,100.17889404296875,36.808135986328125,223.66567993164062
2023-08-08,186.8551788330078,42.525428771972656,262.3823547363281,174.37637329101562,53.96546173095703,74.00492095947266,52.424625396728516,92.30765533447266,46.222496032714844,179.5111083984375,74.57432556152344,41.061500549316406,60.19910430908203,31.335317611694336,367.3995666503906,80.68824005126953,449.55902099609375,38.16735076904297,37.29317092895508,162.76193237304688,140.9634552001953,133.83355712890625,265.6708068847656,99.6897964477539,36.808135986328125,221.8272247314453
2023-08-09,185.489501953125,42.48163604736328,264.1035461425781,173.46942138671875,52.97765350341797,77.27287292480469,51.640872955322266,90.8681411743164,46.6678352355957,177.6598358154297,74.7603988647461,40.81142044067383,59.26982498168945,31.21295166015625,365.26324462890625,81.4424819946289,443.9062805175781,38.76143264770508,37.35869216918945,162.2542266845703,140.7230682373047,130.79444885253906,264.4048767089844,100.28438568115234,36.808135986328125,218.44366455078125
2023-08-10,183.0541229248047,42.56922149658203,264.9456481933594,174.48031616210938,54.521705627441406,74.65851593017578,50.51845169067383,90.58260345458984,47.03754806518555,179.3075408935547,75.9034652709961,40.76332473754883,58.786598205566406,31.07309913635254,367.9192199707031,82.55746459960938,451.0140075683594,37.95713806152344,37.29317092895508,159.26548767089844,141.32411193847656,130.80380249023438,265.7194519042969,97.9060287475586,36.808135986328125,219.3531036376953
2023-08-11,179.06204223632812,42.43783950805664,267.2406005859375,174.73536682128906,55.058773040771484,74.59315490722656,50.711978912353516,90.7967529296875,46.59220886230469,178.68722534179688,74.76924896240234,39.839942932128906,59.72517013549805,30.959470748901367,367.4381408691406,81.294921875,447.7402648925781,38.10336685180664,37.620792388916016,159.5145721435547,140.5658721923828,128.1680450439453,266.5569763183594,98.10742950439453,36.808135986328125,218.97174072265625
2023-08-14,177.1996612548828,42.26265335083008,269.0357971191406,174.04571533203125,54.33949661254883,73.2512435913086,50.31525802612305,91.23692321777344,46.533390045166016,178.49339294433594,74.58316802978516,39.63795471191406,60.375675201416016,30.731863021850586,367.77496337890625,81.3851089477539,451.4859313964844,37.11628341674805,36.93745803833008,164.8022918701172,139.47476196289062,130.97264099121094,269.3908386230469,103.2381591796875,36.63622283935547,220.15499877929688
2023-08-15,175.76707458496094,41.51813507080078,263.8629455566406,170.3518829345703,53.23659133911133,72.39730834960938,49.008995056152344,89.52379608154297,44.978919982910156,176.26416015625,72.68692016601562,38.329837799072266,60.01325225830078,30.377607345581055,365.09002685546875,78.99937438964844,448.6054382324219,35.83673095703125,36.01075744628906,162.1296844482422,136.5806121826172,130.25975036621094,268.0567626953125,99.93914794921875,36.63622283935547,219.18687438964844
2023-08-16,173.36990356445312,41.21156692504883,264.584716796875,168.43405151367188,52.27754211425781,72.01255798339844,48.38972854614258,88.94084167480469,44.80246353149414,176.69058227539062,72.03120422363281,37.52188491821289,58.860939025878906,30.13848114013672,363.5694274902344,78.77802276611328,444.3781433105469,35.800174713134766,35.84225845336914,161.39208984375,136.21075439453125,129.10601806640625,265.9240417480469,101.52152252197266,36.63622283935547,218.00135803222656
2023-08-17,174.46823120117188,41.912288665771484,263.27069091796875,167.50823974609375,53.13109588623047,73.05419158935547,48.7961311340332,89.02411651611328,45.256202697753906,175.42095947265625,73.7059326171875,38.10860824584961,58.37771224975586,30.315601348876953,362.1837158203125,79.47488403320312,424.7751770019531,35.909847259521484,36.1885986328125,160.86521911621094,135.64671325683594,129.5093536376953,261.595458984375,101.11874389648438,36.74479675292969,209.01673889160156
2023-08-18,175.14633178710938,41.912288665771484,263.5668029785156,167.3571014404297,52.3350830078125,74.18026733398438,49.11543655395508,89.7022476196289,45.39064025878906,173.8314208984375,74.10468292236328,37.35836410522461,59.186180114746094,30.563587188720703,360.97119140625,79.84381103515625,423.880615234375,36.110923767089844,35.75801086425781,161.25796508789062,135.90562438964844,130.87881469726562,263.6645812988281,100.92693328857422,36.74479675292969,207.51766967773438
2023-08-21,179.61593627929688,41.38674545288086,263.92767333984375,167.8483428955078,50.86774826049805,74.25533294677734,48.583255767822266,88.9884262084961,45.516685485839844,174.91693115234375,73.88316345214844,37.25255584716797,60.003963470458984,30.16505241394043,363.2712097167969,80.27012634277344,425.2373046875,36.138336181640625,35.8048210144043,160.60659790039062,134.2967071533203,130.00650024414062,263.8890686035156,99.60348510742188,35.2427978515625,208.2721405029297
2023-08-22,179.70191955566406,40.77360916137695,263.7981872558594,166.85641479492188,50.35945129394531,72.0219497680664,47.780147552490234,87.90583038330078,45.197391510009766,174.99444580078125,72.7312240600586,37.406463623046875,62.25282669067383,29.90821647644043,363.36749267578125,80.220947265625,428.9435729980469,35.516841888427734,36.1324348449707,161.3346405029297,134.13955688476562,129.7814178466797,263.9183349609375,100.55290222167969,35.14326858520508,210.24147033691406
2023-08-23,183.1591796875,41.03638458251953,264.42742919921875,171.91067504882812,50.234771728515625,69.81671905517578,47.4898681640625,88.65533447265625,44.86968994140625,174.48077392578125,72.71350860595703,37.76234436035156,62.457275390625,30.005634307861328,364.0987854003906,79.32731628417969,434.7732849121094,34.922760009765625,36.68471145629883,159.98394775390625,134.4446563720703,129.3030242919922,265.5190124511719,98.67324829101562,35.14326858520508,212.67132568359375
2023-08-24,182.16592407226562,41.16777038574219,265.2418212890625,171.4949951171875,50.59920883178711,69.02845764160156,48.04139709472656,88.33409881591797,44.98732376098633,173.3661651611328,72.52742004394531,36.93516159057617,60.76596450805664,29.88164710998535,363.7042541503906,79.75361633300781,430.0643615722656,35.2243766784668,36.56303405761719,158.07765197753906,133.68646240234375,128.74021911621094,262.76666259765625,96.90867614746094,34.690860748291016,210.6333770751953
2023-08-25,181.2108612060547,41.25535583496094,266.78717041015625,174.1685333251953,50.46495056152344,69.0472412109375,48.321998596191406,88.798095703125,45.35702896118164,174.9266357421875,72.59830474853516,36.867820739746094,61.3700065612793,30.04991340637207,367.2167663574219,80.15226745605469,429.8480224609375,35.63566207885742,35.86098098754883,158.44166564941406,135.03646850585938,129.79075622558594,258.277099609375,97.58956146240234,34.690860748291016,210.48643493652344
2023-08-28,181.11538696289062,41.73710632324219,268.230712890625,175.7745361328125,50.3306770324707,70.6894302368164,49.2799186706543,89.80931854248047,45.87799072265625,175.36273193359375,74.01606750488281,37.47378921508789,61.71385955810547,30.510452270507812,367.6787109375,80.84159088134766,431.6667175292969,34.98673629760742,36.544315338134766,159.91690063476562,136.6823272705078,130.22225952148438,259.965576171875,97.93480682373047,34.690860748291016,210.7607421875
2023-08-29,188.86077880859375,42.525428771972656,271.7472229003906,177.15383911132812,51.64457321166992,71.74980163574219,49.647613525390625,91.2607421875,46.41575622558594,177.41754150390625,74.8755874633789,38.656864166259766,64.06494140625,30.714149475097656,372.2785949707031,82.04582214355469,438.2534484863281,35.57168197631836,36.993629455566406,164.49581909179688,137.8289031982422,132.22019958496094,263.9671630859375,102.2024154663086,36.87147903442383,214.1703643798828
2023-08-30,189.6630401611328,42.70061111450195,273.4683532714844,177.42779541015625,52.181636810302734,72.04071044921875,49.5992317199707,91.59384155273438,46.5944709777832,178.2122802734375,75.48699951171875,38.656864166259766,64.86412811279297,30.829286575317383,372.50958251953125,82.15380096435547,438.48944091796875,35.489418029785156,37.21828079223633,163.09719848632812,138.14329528808594,133.2332305908203,263.6352844238281,102.05857849121094,36.87147903442383,213.82749938964844
2023-08-31,189.77767944335938,42.65681457519531,273.44061279296875,177.96630859375,52.412662506103516,72.32222747802734,49.02656555175781,91.4748764038086,46.43277359008789,178.15414428710938,75.32750701904297,38.387550354003906,65.4681625366211,30.92670440673828,372.46148681640625,82.02922058105469,439.5923156738281,35.507694244384766,36.9000129699707,164.85984802246094,137.8659210205078,132.9705810546875,265.1968994140625,102.22161102294922,36.87147903442383,213.8372802734375
2023-09-01,191.2579803466797,42.832000732421875,275.7818603515625,178.57093811035156,52.87470245361328,74.33040618896484,49.60893630981445,92.75975036621094,47.05403518676758,177.07830810546875,76.1692886352539,39.907283782958984,65.28229522705078,31.165830612182617,375.498046875,83.85633087158203,450.4046325683594,36.421669006347656,36.80641174316406,165.31959533691406,138.29124450683594,133.20509338378906,268.2225036621094,102.90250396728516,38.67207336425781,218.41285705566406
2023-09-05,191.77371215820312,41.51813507080078,270.8587951660156,174.6334686279297,51.681095123291016,77.47403717041016,49.46334457397461,89.69036102294922,46.117889404296875,176.48707580566406,72.53627014160156,39.24359893798828,65.72834777832031,30.395315170288086,368.44012451171875,81.9876937866211,434.9345397949219,36.046939849853516,36.35710144042969,163.0780487060547,134.5556182861328,128.00857543945312,263.1180114746094,101.25300598144531,38.67207336425781,211.867919921875
2023-09-06,181.2968292236328,41.17647171020508,271.4603576660156,174.0546875,50.94953155517578,76.03827667236328,49.0168571472168,90.36847686767578,46.713619232177734,176.03155517578125,73.28946685791016,38.868473052978516,65.96996307373047,30.005634307861328,370.0718078613281,82.77666473388672,431.9606628417969,35.08238983154297,36.413848876953125,161.5070343017578,133.87136840820312,128.5526123046875,262.61053466796875,99.7281494140625,38.67207336425781,210.8489532470703
2023-09-07,179.138427734375,40.59964370727539,270.3128662109375,173.0679931640625,49.37089157104492,75.86937713623047,48.104461669921875,89.89259338378906,46.041297912597656,176.0897216796875,71.12737274169922,38.2432746887207,64.30654907226562,29.739944458007812,373.2869567871094,82.08735656738281,431.0251770019531,33.695255279541016,36.281429290771484,161.79441833496094,133.8436279296875,127.73654174804688,264.6503601074219,100.75431823730469,38.67207336425781,211.20167541503906
2023-09-08,176.1395721435547,41.04336166381836,276.23529052734375,171.78707885742188,50.14097213745117,78.58133697509766,48.12387466430664,89.71414184570312,45.709388732910156,176.45799255371094,70.47167205810547,37.79119873046875,63.86977767944336,30.66986846923828,373.4704284667969,82.53582000732422,431.3993225097656,34.586334228515625,36.63138198852539,158.00099182128906,135.51724243164062,127.28630828857422,264.933349609375,98.72118377685547,34.69989776611328,211.87770080566406
2023-09-11,177.94464111328125,41.84204864501953,280.2052001953125,171.7681121826172,50.063961029052734,76.77962493896484,48.34711837768555,89.7379379272461,45.67534637451172,178.1929473876953,70.53368377685547,38.57992172241211,63.50736999511719,30.643295288085938,375.9228515625,83.3165054321289,432.3644104003906,34.09027099609375,36.801631927490234,156.30548095703125,135.2398681640625,127.89602661132812,267.08056640625,96.2277603149414,34.084625244140625,212.2108154296875
2023-09-12,176.0631561279297,41.886417388916016,279.5944519042969,172.5651397705078,49.93882369995117,76.64824676513672,50.113670349121094,89.45240020751953,45.64130783081055,176.5161590576172,70.28557586669922,38.531829833984375,63.28432846069336,30.554731369018555,374.54217529296875,83.20022583007812,430.6804504394531,34.31993103027344,36.71650314331055,156.16180419921875,135.88714599609375,125.54161834716797,262.2786560058594,96.0743179321289,31.24348258972168,210.4276580810547
2023-09-13,176.28282165527344,40.86587142944336,280.5105895996094,171.9484100341797,48.97623825073242,75.88814544677734,50.46310043334961,88.25082397460938,44.95196533203125,174.69400024414062,69.08935546875,38.224037170410156,62.7546501159668,29.943634033203125,371.86767578125,82.08735656738281,427.4112548828125,34.163761138916016,37.132659912109375,154.35133361816406,136.4419403076172,124.75369262695312,262.01513671875,94.60700225830078,31.24348258972168,209.41845703125
2023-09-14,177.03895568847656,42.2857551574707,283.2588806152344,173.54234313964844,50.612632751464844,78.78779602050781,51.06488800048828,89.42861938476562,45.990230560302734,172.2030792236328,71.28250122070312,39.12818145751953,64.21363067626953,30.65215301513672,376.3573303222656,83.6238021850586,429.14434814453125,35.67949295043945,37.378578186035156,158.56619262695312,139.39158630371094,126.05753326416016,261.6345520019531,98.3280029296875,33.11646270751953,210.6235809326172
2023-09-15,175.95741271972656,41.4870719909668,279.566650390625,171.31272888183594,49.74630355834961,77.0423812866211,51.00664520263672,88.70291900634766,45.82002258300781,172.4841766357422,70.71855926513672,38.83000183105469,64.16716003417969,30.324472427368164,374.6097412109375,83.0839614868164,418.6372985839844,35.266109466552734,38.14468002319336,148.8815155029297,138.4669189453125,125.5041275024414,255.34915161132812,94.66455841064453,33.11646270751953,206.3321533203125
2023-09-18,173.83258056640625,41.17647171020508,277.17919921875,172.67898559570312,49.534542083740234,76.25411224365234,50.34661865234375,88.96464538574219,45.42854690551758,170.88014221191406,70.22620391845703,38.656864166259766,62.63383102416992,30.253610610961914,374.1656494140625,83.49090576171875,421.5028381347656,34.98134231567383,38.277099609375,148.16305541992188,140.31625366210938,124.2753677368164,253.70947265625,94.08914184570312,32.67310333251953,207.40989685058594
2023-09-19,172.27247619628906,40.777137756347656,276.9015197753906,172.8687286376953,48.6585807800293,77.79308319091797,50.99694061279297,88.59585571289062,45.020050048828125,171.3953857421875,70.45893859863281,37.33912658691406,63.05200958251953,30.20047378540039,376.3380126953125,81.31498718261719,416.2739562988281,36.15718460083008,38.10685348510742,151.5349884033203,139.53025817871094,124.01271057128906,255.14414978027344,95.2208023071289,32.67310333251953,205.63648986816406
2023-09-20,166.96046447753906,41.087730407714844,272.82061767578125,174.263427734375,50.01582336425781,78.49688720703125,50.24955749511719,88.03668975830078,44.645591735839844,172.58140563964844,70.19935607910156,37.21408462524414,65.04998779296875,29.863929748535156,365.7560119628906,80.58413696289062,414.48175048828125,34.035152435302734,38.73109817504883,148.852783203125,138.80905151367188,122.69012451171875,253.57281494140625,96.14143371582031,31.84971809387207,205.3131866455078
2023-09-21,161.69630432128906,40.42216491699219,265.6488952636719,170.84780883789062,48.51420211791992,78.38426208496094,50.016605377197266,86.68046569824219,43.403076171875,167.302734375,68.63280487060547,35.80978775024414,64.42947387695312,30.22704315185547,359.59600830078125,79.30514526367188,400.3509216308594,34.09027099609375,38.32438659667969,145.16477966308594,138.52239990234375,120.33574676513672,248.27316284179688,95.46052551269531,30.99013900756836,198.25875854492188
2023-09-22,160.99758911132812,40.15594482421875,265.2510681152344,171.59732055664062,47.686378479003906,79.02238464355469,49.90983963012695,86.65665435791016,42.764793395996094,167.1860809326172,67.82713317871094,35.73283767700195,63.78075408935547,30.173906326293945,360.0884704589844,78.78194427490234,400.17364501953125,32.886871337890625,38.532466888427734,146.6878662109375,138.98858642578125,122.06167602539062,248.5562286376953,96.95661926269531,30.99013900756836,196.563720703125
2023-09-25,159.7341766357422,40.777137756347656,267.9993896484375,175.57276916503906,47.44572448730469,80.64582061767578,49.76424026489258,87.2752914428711,43.47966766357422,167.3708038330078,68.28368377685547,35.78092956542969,64.07219696044922,30.829286575317383,363.58355712890625,79.1224365234375,403.89593505859375,33.1716423034668,38.28656005859375,148.71868896484375,140.6576690673828,123.86264038085938,250.0592498779297,100.11177825927734,28.981430053710938,197.95501708984375
2023-09-26,156.6331024169922,40.3777961730957,265.3065490722656,173.19131469726562,46.348384857177734,79.88571166992188,49.29833984375,86.58528137207031,42.96052551269531,164.25027465820312,66.9140853881836,35.17496109008789,63.085044860839844,30.581300735473633,358.3987731933594,77.76040649414062,401.0401916503906,32.51941680908203,37.26508331298828,145.3563690185547,139.04457092285156,120.63591003417969,247.77540588378906,98.60610961914062,29.80481719970703,197.2789764404297
2023-09-27,155.65682983398438,40.06719207763672,263.9740295410156,172.70745849609375,46.425392150878906,78.30921173095703,49.259517669677734,87.40614318847656,43.403076171875,163.19065856933594,66.81559753417969,35.15572738647461,63.17903518676758,30.953277587890625,359.1808166503906,78.873291015625,403.68914794921875,32.33568572998047,35.25994873046875,149.15931701660156,141.62738037109375,120.09187316894531,244.6034393310547,102.07775115966797,29.80481719970703,199.48348999023438
2023-09-28,165.0079345703125,40.68839645385742,265.4638977050781,174.1400909423828,46.36763381958008,80.67396545410156,49.41481399536133,88.67911529541016,43.34349822998047,164.55162048339844,68.8297348022461,35.90596008300781,64.10041046142578,31.307525634765625,360.6097717285156,78.51617431640625,408.1893005371094,32.923614501953125,35.023494720458984,151.6196746826172,143.3896942138672,122.46500396728516,250.0592498779297,102.01515197753906,30.12675666809082,200.88455200195312
2023-09-29,162.7490997314453,40.644020080566406,263.8624267578125,173.31466674804688,47.91739273071289,80.45813751220703,49.657474517822266,88.73860168457031,43.87965393066406,164.67799377441406,68.67757415771484,35.867496490478516,64.09100341796875,31.41381072998047,359.50909423828125,78.6490478515625,404.2110595703125,32.70314025878906,34.94783401489258,150.2645721435547,143.17523193359375,121.75210571289062,248.92709350585938,103.23799896240234,30.12675666809082,197.93540954589844
2023-10-02,155.4462890625,40.2003059387207,259.84027099609375,172.22354125976562,47.41685104370117,78.55319213867188,48.5800666809082,87.22770690917969,43.658382415771484,162.24769592285156,67.56755828857422,35.24229049682617,62.022647857666016,31.41381072998047,357.44293212890625,77.61091613769531,399.5040588378906,32.17033767700195,33.61424255371094,148.7556915283203,142.92349243164062,121.3487777709961,246.58470153808594,102.36180114746094,30.12675666809082,196.867431640625
2023-10-03,150.048095703125,39.62348937988281,262.3634338378906,170.3070068359375,46.90668487548828,77.22066497802734,48.86155700683594,87.4299545288086,43.42009735107422,160.9450225830078,67.30795288085938,34.9537353515625,61.17649841308594,31.130407333374023,359.9725646972656,77.89330291748047,398.1746826171875,31.224153518676758,33.30211639404297,149.8993377685547,141.42225646972656,120.67342376708984,242.79782104492188,102.26551055908203,28.773155212402344,195.94647216796875
2023-10-04,151.6082000732422,40.15594482421875,265.2403869628906,173.93138122558594,47.42647933959961,76.9673080444336,48.968326568603516,87.65599060058594,43.49668502807617,164.8821563720703,67.86296081542969,34.49204635620117,61.50556182861328,31.387235641479492,365.5531921386719,77.65245056152344,412.52215576171875,30.865880966186523,33.510196685791016,150.82199096679688,142.9700927734375,124.9600830078125,250.30320739746094,102.6025161743164,29.596294403076172,200.88455200195312
2023-10-05,148.3826904296875,39.62348937988281,260.5664978027344,173.42849731445312,45.934478759765625,76.05706787109375,48.36653518676758,87.62029266357422,42.43288803100586,163.7447509765625,65.8935775756836,34.02073287963867,60.67821502685547,30.953277587890625,357.10491943359375,75.31871795654297,413.8318176269531,31.233335494995117,34.380348205566406,150.34146118164062,142.24281311035156,123.1872787475586,247.62904357910156,102.99727630615234,29.596294403076172,202.76571655273438
2023-10-06,152.98648071289062,39.26850891113281,261.6837463378906,174.3867645263672,44.40396499633789,75.9256820678711,48.5800666809082,89.58328247070312,42.79032516479492,164.8140869140625,66.17109680175781,35.27115249633789,59.22096252441406,30.599016189575195,360.65802001953125,75.23566436767578,426.0916748046875,30.94856071472168,35.75177764892578,151.11032104492188,141.30104064941406,124.87567138671875,248.7318878173828,104.229736328125,29.596294403076172,208.10556030273438
2023-10-09,149.0718231201172,39.845340728759766,264.67242431640625,175.2501983642578,44.22107696533203,80.73026275634766,49.104209899902344,89.5475845336914,43.24137878417969,163.0059356689453,65.08792114257812,35.425045013427734,59.90727615356445,31.139259338378906,360.8414611816406,77.19566345214844,419.95684814453125,33.052215576171875,35.590980529785156,149.6013946533203,143.34304809570312,120.776611328125,245.77462768554688,104.69193267822266,29.468250274658203,205.99900817871094
2023-10-10,155.13043212890625,39.889713287353516,268.0614929199219,174.8706512451172,44.51947784423828,80.14846801757812,49.03627395629883,90.68968200683594,43.666900634765625,164.41552734375,66.3948745727539,35.867496490478516,61.83461380004883,31.32524299621582,365.89111328125,78.03446960449219,421.2271728515625,33.51153564453125,36.35709762573242,149.8320770263672,144.1822967529297,122.20236206054688,247.1215057373047,105.68367004394531,29.468250274658203,206.7338409423828
2023-10-11,157.7337646484375,39.71222686767578,270.83612060546875,176.95797729492188,44.26921081542969,78.8253173828125,48.41506576538086,90.91573333740234,43.30945587158203,165.01824951171875,66.44859313964844,35.73283767700195,61.627784729003906,31.37838363647461,365.6111145019531,77.6856689453125,430.020751953125,33.190025329589844,36.99079513549805,148.83253479003906,143.88388061523438,124.30348205566406,249.4053192138672,106.38655090332031,29.468250274658203,210.41783142089844
2023-10-12,163.47653198242188,38.55857849121094,266.0876770019531,173.88392639160156,42.20927810668945,79.80125427246094,47.98799133300781,90.26139831542969,42.764793395996094,160.88671875,65.4638900756836,34.834686279296875,60.17992401123047,31.103832244873047,364.68426513671875,76.74720001220703,423.75787353515625,33.19919967651367,36.67866897583008,141.8070831298828,141.35702514648438,121.99600982666016,243.0906524658203,101.88998413085938,29.468250274658203,206.37132263183594
2023-10-13,156.3747100830078,38.647315979003906,265.7804260253906,173.33363342285156,42.4306755065918,79.34144592285156,48.094757080078125,89.69036102294922,42.32224655151367,160.0409698486328,65.0342025756836,34.235923767089844,60.92265701293945,31.130407333374023,364.8580322265625,76.97142791748047,419.68115234375,33.40129852294922,37.29344940185547,141.33615112304688,141.14251708984375,120.49520874023438,241.0117950439453,101.97664642333984,29.85237693786621,205.0584259033203
2023-10-16,160.53817749023438,39.44600296020508,267.325927734375,173.34312438964844,43.30662536621094,79.12561798095703,48.34711837768555,89.57138061523438,42.71372985839844,161.6741485595703,65.70559692382812,34.622215270996094,62.41752624511719,31.006404876708984,366.16143798828125,77.57770538330078,425.067626953125,33.4288444519043,37.879859924316406,143.2006378173828,142.14024353027344,122.26803588867188,246.31143188476562,100.83085632324219,30.172487258911133,208.73260498046875
2023-10-17,162.21311950683594,39.26850891113281,270.84539794921875,174.8327178955078,43.86492156982422,81.2182388305664,50.04572677612305,90.0234603881836,43.17329406738281,161.65467834472656,66.62762451171875,35.23064422607422,63.51749801635742,31.449230194091797,367.9476318359375,78.69058227539062,430.40478515625,34.108646392822266,38.277099609375,143.73886108398438,142.5411834716797,123.2998275756836,246.7701416015625,102.81433868408203,30.218217849731445,210.44720458984375
2023-10-18,146.33445739746094,38.42546081542969,263.84381103515625,170.04135131835938,43.47026443481445,79.51973724365234,49.72541809082031,88.29840850830078,42.620113372802734,157.727294921875,65.07003021240234,34.390445709228516,62.98161697387695,31.227819442749023,358.59185791015625,77.6607437133789,407.9825134277344,33.695255279541016,37.756893157958984,139.46205139160156,142.70901489257812,119.85737609863281,236.47340393066406,99.56949615478516,30.638933181762695,199.62063598632812
2023-10-19,138.36163330078125,38.24797439575195,261.2647705078125,167.86862182617188,43.47026443481445,80.40182495117188,49.46334457397461,88.01289367675781,42.083961486816406,155.8705596923828,64.03163146972656,34.02345657348633,62.42691421508789,30.3421688079834,357.3753356933594,77.0295639038086,404.4473571777344,33.47478485107422,37.312374114990234,138.1549835205078,139.44552612304688,116.63066101074219,233.15504455566406,95.51585388183594,28.901199340820312,198.59190368652344
2023-10-20,132.73374938964844,37.75989532470703,259.36541748046875,164.96533203125,42.488426208496094,77.86815643310547,48.78390121459961,86.85890197753906,41.69247817993164,155.47198486328125,63.81678009033203,32.719688415527344,61.7123908996582,29.51852798461914,353.7257080078125,76.44821166992188,403.4921569824219,32.52859878540039,36.69758987426758,135.85801696777344,134.71807861328125,116.98709106445312,231.9936065673828,95.27513885498047,28.901199340820312,197.4748992919922
2023-10-23,130.43666076660156,37.49366760253906,255.73431396484375,162.49851989746094,41.21781921386719,75.32510375976562,47.33766174316406,85.99043273925781,41.05419921875,154.71371459960938,62.42031478881836,32.36235809326172,60.88505172729492,28.703733444213867,352.82769775390625,74.87855529785156,406.39715576171875,30.939376831054688,36.35709762573242,135.02186584472656,134.7740020751953,116.02095794677734,232.9110107421875,95.08257293701172,28.901199340820312,198.40570068359375
2023-10-24,133.26974487304688,38.29235076904297,258.12713623046875,164.20631408691406,44.24995803833008,75.40956115722656,46.98824691772461,86.60906219482422,41.90523910522461,155.78305053710938,63.270721435546875,33.24119567871094,62.12605667114258,29.45653533935547,354.5946044921875,76.20735168457031,410.06036376953125,31.38031768798828,36.36655807495117,141.44186401367188,138.86737060546875,115.2330322265625,229.33888244628906,97.84598541259766,28.901199340820312,201.0021209716797
2023-10-25,129.51783752441406,37.981746673583984,255.55740356445312,159.7090606689453,43.759037017822266,75.89752960205078,47.20177459716797,85.22901916503906,40.45847702026367,154.24708557128906,61.79369354248047,32.681060791015625,62.14485549926758,29.33254623413086,351.81396484375,74.1144790649414,404.07318115234375,30.645416259765625,34.768123626708984,138.97189331054688,138.8207550048828,113.94798278808594,232.8817596435547,96.132080078125,28.00489616394043,199.2581024169922
2023-10-26,129.4125518798828,38.51420593261719,258.5181579589844,162.10000610351562,45.24141311645508,75.32510375976562,47.27942657470703,85.91905212402344,40.86697006225586,154.0040740966797,62.75151443481445,32.555511474609375,63.15084457397461,29.1199893951416,357.5491027832031,74.62940216064453,391.7837829589844,30.92099952697754,35.44911575317383,142.5374755859375,140.46185302734375,114.44512176513672,232.00338745117188,98.5584945678711,28.425609588623047,190.0481719970703
2023-10-27,128.67555236816406,38.42546081542969,257.1122131347656,161.8058624267578,45.29916763305664,74.9591293334961,46.415565490722656,85.83576202392578,40.94356155395508,153.05137634277344,64.97156524658203,32.51688003540039,63.790164947509766,29.350257873535156,357.7518005371094,75.11109924316406,392.93597412109375,30.397382736206055,36.85838317871094,142.3452911376953,140.03294372558594,113.23509979248047,230.36367797851562,100.24349212646484,28.425609588623047,189.77386474609375
2023-10-30,121.94699096679688,39.31288528442383,261.34857177734375,163.788818359375,46.11736297607422,76.22595977783203,46.80381393432617,86.71615600585938,41.139305114746094,154.71371459960938,67.30795288085938,32.87421417236328,61.35513687133789,29.57166862487793,365.8042297363281,75.24396514892578,398.9132080078125,30.755651473999023,36.60300827026367,143.15257263183594,141.4502410888672,114.26689910888672,229.7683563232422,100.7056655883789,28.425609588623047,192.02734375
2023-10-31,121.343994140625,39.44600296020508,262.9686279296875,165.1551055908203,46.348384857177734,74.86528015136719,46.726165771484375,86.70423889160156,41.139305114746094,163.06427001953125,66.89617919921875,32.623111724853516,64.26023864746094,29.872791290283203,368.98077392578125,74.94498443603516,402.694580078125,29.837020874023438,35.439659118652344,142.03775024414062,142.70901489257812,115.15799713134766,232.49136352539062,102.55436706542969,29.129850387573242,192.51724243164062
2023-11-01,117.68778991699219,38.647315979003906,263.8717956542969,164.96533203125,45.770835876464844,74.3773422241211,46.33791732788086,79.61373138427734,41.02866744995117,162.54905700683594,66.66343688964844,32.555511474609375,63.987579345703125,29.766510009765625,373.75042724609375,74.65431213378906,432.462890625,29.662479400634766,35.250492095947266,142.22994995117188,143.2218475341797,115.34559631347656,233.174560546875,104.97114562988281,29.596294403076172,199.67942810058594
2023-11-02,119.27660369873047,39.09103012084961,269.65362548828125,167.18551635742188,47.01256561279297,75.37201690673828,48.104461669921875,81.0532455444336,41.69247817993164,166.35006713867188,67.29004669189453,33.81098556518555,65.2944107055664,30.15619659423828,376.2221374511719,76.37346649169922,434.0089111328125,30.92099952697754,35.90311050415039,145.37265014648438,144.91888427734375,117.17469787597656,239.43069458007812,107.39756774902344,30.081024169921875,202.63836669921875
2023-11-03,122.4925537109375,40.42216491699219,272.98681640625,171.95787048339844,49.30351638793945,76.52626037597656,48.754791259765625,82.8853530883789,42.32224655151367,169.89830017089844,68.95507049560547,33.946197509765625,68.35934448242188,30.643295288085938,378.9738464355469,76.98802947998047,436.1162414550781,30.645416259765625,36.905662536621094,146.38180541992188,147.57630920410156,120.35450744628906,244.88645935058594,107.7153091430664,30.081024169921875,203.5789794921875
2023-11-06,114.33785247802734,40.2003059387207,271.2178039550781,169.9369659423828,48.600826263427734,74.3116455078125,48.50242614746094,82.73068237304688,41.99033737182617,169.60667419433594,68.27472686767578,34.158653259277344,68.0114974975586,30.421884536743164,379.4469299316406,76.58109283447266,434.97393798828125,29.837020874023438,35.82743453979492,147.16990661621094,146.64389038085938,119.82923126220703,244.486328125,107.65753936767578,30.090173721313477,202.95191955566406
2023-11-07,116.87422943115234,40.15594482421875,236.91754150390625,168.17225646972656,48.225425720214844,73.64537811279297,47.83268737792969,81.41014862060547,41.30099868774414,169.14974975585938,67.85400390625,32.89352798461914,67.3063735961914,29.97906494140625,375.8745422363281,75.66754913330078,437.5342712402344,29.331775665283203,34.673545837402344,145.545654296875,146.0564727783203,119.885498046875,245.94056701660156,106.15547943115234,30.090173721313477,203.02049255371094
2023-11-08,113.90714263916016,40.24467849731445,242.01046752929688,169.48155212402344,48.11954116821289,75.00604248046875,47.19206619262695,81.3863525390625,41.105255126953125,171.76478576660156,68.1494140625,32.45893478393555,66.77047729492188,29.72222900390625,378.732421875,75.7837905883789,444.9590759277344,30.103422164916992,32.895416259765625,147.0065155029297,145.5809326171875,121.51762390136719,249.942138671875,105.1155776977539,30.090173721313477,204.21580505371094
2023-11-09,109.68624877929688,39.889713287353516,245.79054260253906,168.7320098876953,46.8200569152832,75.33448028564453,43.20278549194336,80.69634246826172,41.15632629394531,170.79266357421875,68.18521881103516,32.10160827636719,67.25936126708984,29.45653533935547,377.4966125488281,76.28209686279297,444.1614685058594,30.88425636291504,32.11039352416992,145.2765655517578,145.170654296875,120.07524871826172,246.34068298339844,104.66302490234375,30.090173721313477,204.99964904785156
2023-11-10,111.96419525146484,40.24467849731445,247.1591796875,170.86679077148438,46.98369598388672,74.63069915771484,42.270973205566406,81.77894592285156,42.109493255615234,172.94105529785156,69.04458618164062,32.52653884887695,67.4473876953125,29.305973052978516,386.0511169433594,77.918212890625,446.9383850097656,30.902629852294922,32.346839904785156,146.6797332763672,145.1147003173828,121.43276977539062,249.61029052734375,104.97114562988281,30.090173721313477,207.80760192871094
2023-11-13,109.2938232421875,39.71222686767578,246.7588348388672,170.46827697753906,46.78154754638672,74.93098449707031,43.959869384765625,81.52910614013672,41.90523910522461,174.01039123535156,68.78498840332031,32.28510284423828,66.9679183959961,28.72144889831543,385.96417236328125,77.86837005615234,444.9590759277344,31.692651748657227,32.346839904785156,146.98728942871094,143.10064697265625,121.8758544921875,247.794921875,103.44982147216797,30.82185173034668,206.6588897705078
2023-11-14,119.94660186767578,41.087730407714844,249.90586853027344,178.32424926757812,49.03398895263672,75.49686431884766,44.92079544067383,83.73002624511719,43.445621490478516,178.7349090576172,71.40782928466797,33.965511322021484,69.25252532958984,30.116783142089844,389.8359680175781,80.03600311279297,457.4651184082031,32.987911224365234,34.13443374633789,148.94784545898438,147.21267700195312,125.86358642578125,259.9460144042969,106.63690185546875,30.82185173034668,212.59877014160156
2023-11-15,122.24369049072266,41.4870719909668,254.7566375732422,179.29200744628906,50.02545928955078,75.8458023071289,45.357582092285156,84.31297302246094,43.8541259765625,178.1808319091797,72.61632537841797,34.767086029052734,69.5721664428711,30.610939025878906,388.8606872558594,80.75853729248047,447.9329528808594,34.273990631103516,34.399253845214844,150.4760284423828,147.6975555419922,125.96730041503906,258.43328857421875,107.12796020507812,30.82185173034668,207.03196716308594
2023-11-16,117.34321594238281,41.17647171020508,254.738037109375,179.4817657470703,49.929195404052734,75.55345153808594,45.59053421020508,83.97987365722656,43.77752685546875,179.96951293945312,73.22503662109375,34.322837829589844,70.17386627197266,30.206623077392578,394.30621337890625,79.91973114013672,452.984619140625,33.78712463378906,34.57896423339844,148.90943908691406,144.98416137695312,127.41907501220703,263.4368896484375,105.79920959472656,30.82185173034668,208.40652465820312
2023-11-17,121.92784881591797,41.5758171081543,251.37686157226562,180.23129272460938,50.40085983276367,73.05416870117188,45.93024444580078,84.7293701171875,43.998802185058594,179.2113037109375,72.97439575195312,34.767086029052734,69.51576232910156,29.99098777770996,393.8138427734375,80.75022888183594,455.0032653808594,33.20838928222656,34.380348205566406,150.65859985351562,144.8163299560547,128.0884246826172,264.3955383300781,106.81021881103516,30.82185173034668,208.48504638671875
2023-11-20,124.77049255371094,41.5758171081543,253.38803100585938,179.9276885986328,50.97840881347656,72.60147094726562,45.48375701904297,84.89591217041016,43.981781005859375,179.82371520996094,73.3414077758789,35.39482498168945,69.44994354248047,29.272214889526367,394.19036865234375,80.01939392089844,448.25787353515625,33.26350021362305,34.57896423339844,150.9373321533203,142.73699951171875,127.79619598388672,267.0954895019531,107.70568084716797,30.82185173034668,206.55088806152344
2023-11-21,120.72187042236328,41.5533332824707,257.28912353515625,179.76638793945312,51.738853454589844,72.13933563232422,44.91108703613281,84.2891845703125,44.02433395385742,181.39854431152344,72.8311767578125,35.73283767700195,69.19609069824219,29.191354751586914,397.70477294921875,79.45464324951172,451.1431579589844,32.997100830078125,35.39236831665039,151.64849853515625,143.12860107421875,128.7577667236328,267.5846252441406,108.47596740722656,30.82185173034668,206.0207061767578
2023-11-22,121.16213989257812,41.73321533203125,255.36181640625,180.07948303222656,51.584842681884766,72.06388854980469,44.998451232910156,84.83643341064453,43.74348449707031,181.4471435546875,72.8938217163086,35.62660598754883,70.5029296875,29.577693939208984,397.4248352050781,78.86498260498047,455.73199462890625,33.079776763916016,35.64773941040039,151.27369689941406,143.79063415527344,128.8143310546875,268.67041015625,108.51448059082031,30.28223991394043,208.04318237304688
2023-11-24,123.34436798095703,42.092979431152344,255.5760040283203,180.02256774902344,52.24901580810547,73.90298461914062,45.29933547973633,85.08625793457031,43.9732666015625,182.0207061767578,73.30561065673828,35.578311920166016,70.25849151611328,29.58667755126953,399.9351501464844,79.21846008300781,454.9441833496094,33.447227478027344,35.55315399169922,151.04302978515625,144.64849853515625,128.63522338867188,269.8247375488281,107.35904693603516,30.904165267944336,207.82723999023438
2023-11-27,115.60126495361328,42.048011779785156,252.9410858154297,180.48748779296875,52.12388610839844,71.5829086303711,44.38694381713867,84.7293701171875,43.505191802978516,183.73165893554688,73.37721252441406,35.33687973022461,70.36190795898438,30.65585708618164,398.5641174316406,78.33479309082031,458.50897216796875,33.070587158203125,36.111183166503906,154.95460510253906,147.97726440429688,129.42709350585938,269.38458251953125,110.96977233886719,32.001678466796875,208.9759521484375
2023-11-28,118.59705352783203,41.82315444946289,249.8965301513672,179.98460388183594,51.700355529785156,71.29996490478516,44.163700103759766,84.81263732910156,43.990291595458984,183.15811157226562,73.72633361816406,35.9453010559082,71.14225006103516,30.781648635864258,396.5655822753906,79.03329467773438,452.97479248046875,33.32780456542969,38.371681213378906,154.88734436035156,147.45510864257812,130.171875,267.49652099609375,109.98766326904297,31.773027420043945,207.31671142578125
2023-11-29,118.08976745605469,42.677616119384766,248.10891723632812,182.5084228515625,52.76881408691406,70.4983139038086,44.163700103759766,85.4224624633789,44.28361892700195,183.37197875976562,74.46932220458984,35.89701461791992,70.72857666015625,32.156307220458984,397.2027587890625,79.10903930664062,455.6630859375,33.456417083740234,38.57228469848633,157.40538024902344,150.91445922851562,131.5576934814453,267.7606506347656,111.20086669921875,31.773027420043945,208.8090057373047
2023-11-30,116.07024383544922,42.63264083862305,251.89828491210938,184.53878784179688,53.41610336303711,70.87557220458984,44.02733612060547,85.54204559326172,44.64596176147461,186.3855438232422,75.04224395751953,36.04187774658203,70.86959075927734,33.18954849243164,399.5007019042969,80.03478240966797,458.2274169921875,32.969539642333984,38.39077377319336,163.35446166992188,156.658203125,133.85794067382812,272.73004150390625,114.70568084716797,31.773027420043945,209.6729736328125
2023-12-01,120.7505874633789,42.992408752441406,253.84422302246094,185.19346618652344,54.430519104003906,71.96957397460938,45.00139236450195,86.58231353759766,45.120460510253906,187.03688049316406,76.50135803222656,37.89612579345703,72.18582916259766,33.414161682128906,398.7307434082031,80.37142181396484,460.9496765136719,33.897361755371094,39.355567932128906,163.77731323242188,158.24337768554688,135.40396118164062,276.1831970214844,115.30265045166016,35.532012939453125,211.70533752441406
2023-12-04,114.8355712890625,42.63264083862305,251.52590942382812,185.5065460205078,54.749332427978516,69.65894317626953,44.046810150146484,85.80509948730469,44.94791793823242,186.10362243652344,75.9821548461914,36.32194519042969,71.73455047607422,33.56690979003906,393.8301696777344,79.18478393554688,457.87237548828125,33.1716423034668,38.72511672973633,160.88446044921875,156.97531127929688,134.95147705078125,275.3321533203125,114.35904693603516,35.504581451416016,210.8904571533203
2023-12-05,108.40370178222656,42.13795852661133,243.95635986328125,184.07745361328125,54.35323715209961,69.05532836914062,42.75132369995117,84.75286102294922,44.119693756103516,184.7037811279297,74.80948638916016,35.317562103271484,70.90719604492188,32.740318298339844,391.24420166015625,78.11597442626953,452.9605712890625,32.289756774902344,38.104217529296875,159.30828857421875,154.12200927734375,134.4801025390625,276.8385925292969,112.27926635742188,35.504581451416016,208.16104125976562
2023-12-06,113.22759246826172,42.317840576171875,243.26739501953125,184.02027893066406,55.41595458984375,70.07391357421875,43.004573822021484,84.45392608642578,43.904014587402344,184.99539184570312,74.854248046875,35.008522033691406,71.17985534667969,32.83913803100586,387.6995544433594,77.78775787353516,454.1737365722656,32.40986251831055,37.91316223144531,155.92532348632812,153.11500549316406,134.5272674560547,280.4678649902344,109.45809173583984,33.6570930480957,208.0726776123047
2023-12-07,119.97530364990234,43.352176666259766,243.94705200195312,184.82058715820312,55.271034240722656,73.12018585205078,43.345497131347656,84.56153869628906,44.05930709838867,187.05633544921875,76.15225219726562,35.1244010925293,72.39266967773438,33.08173370361328,386.0918273925781,77.57736206054688,458.957275390625,33.17668533325195,37.95137023925781,156.8671875,153.21754455566406,136.6766815185547,285.2318115234375,110.16098022460938,34.608272552490234,210.2718963623047
2023-12-08,122.50212097167969,43.39714813232422,245.1201934814453,182.64834594726562,55.56086730957031,72.2053451538086,43.978633880615234,84.76480865478516,43.929893493652344,186.7646484375,75.95530700683594,36.84345626831055,72.22343444824219,33.09970474243164,388.6293029785156,77.91400146484375,462.9617004394531,32.964195251464844,37.33047866821289,155.7811737060547,152.8072967529297,135.73397827148438,283.5101623535156,108.95738983154297,34.608272552490234,212.09805297851562
2023-12-11,121.11428833007812,43.03737258911133,246.32125854492188,183.62966918945312,55.628501892089844,71.1867904663086,44.61177062988281,85.35071563720703,44.24048614501953,188.06735229492188,76.55506134033203,36.573036193847656,72.08241271972656,33.16259765625,395.37969970703125,78.01496887207031,465.30914306640625,33.15821075439453,37.129878997802734,158.17425537109375,154.03807067871094,137.48741149902344,285.28076171875,110.5075912475586,34.26072311401367,214.8765411376953
2023-12-12,122.4542465209961,42.452754974365234,248.90956115722656,181.90521240234375,55.28068923950195,69.9512939453125,43.647457122802734,84.78872680664062,43.8436279296875,188.61170959472656,75.83893585205078,36.138458251953125,71.88495635986328,32.38990783691406,413.27752685546875,77.11449432373047,474.0773620605469,32.12345886230469,36.07912826538086,157.38613891601562,150.81187438964844,137.04434204101562,288.4012756347656,109.56401062011719,34.26072311401367,216.87939453125
2023-12-13,134.05459594726562,43.801883697509766,250.75314331054688,187.173828125,56.95206832885742,71.89413452148438,44.358516693115234,85.96052551269531,45.14634323120117,192.9668426513672,78.03211212158203,37.84783172607422,74.0191421508789,33.16259765625,395.8639831542969,78.35161590576172,481.1294250488281,33.684818267822266,38.20928955078125,160.23094177246094,154.569580078125,139.02406311035156,296.7847595214844,111.07569885253906,33.93147277832031,219.59898376464844
2023-12-14,140.03453063964844,43.66697692871094,252.140380859375,189.54612731933594,57.135623931884766,72.50714874267578,45.33256912231445,87.79000854492188,46.785518646240234,191.21701049804688,80.27898406982422,40.532623291015625,75.39179992675781,33.84543228149414,396.81317138671875,79.6139907836914,486.29766845703125,34.27610778808594,39.30781555175781,164.20021057128906,156.04281616210938,140.6078643798828,300.09112548828125,114.70568084716797,35.88871383666992,220.6691436767578
2023-12-15,141.15756225585938,43.17229080200195,252.18690490722656,188.4314422607422,56.44968795776367,71.90354919433594,45.342308044433594,87.56281280517578,46.79414749145508,191.29478454589844,79.91765594482422,40.0787239074707,74.85588836669922,33.62980270385742,394.5468444824219,79.96746063232422,483.2303161621094,33.832645416259766,39.040348052978516,166.0935516357422,154.78396606445312,140.16477966308594,303.02581787109375,119.8955078125,35.38567352294922,220.26663208007812
2023-12-18,140.0537109375,43.53206253051758,252.5035400390625,189.54612731933594,55.5125617980957,72.80895233154297,45.955963134765625,87.9932632446289,46.802764892578125,191.8212432861328,79.33953094482422,39.9338493347168,74.32939147949219,33.09970474243164,396.2126770019531,80.37142181396484,483.67413330078125,34.183719635009766,39.250492095947266,167.43902587890625,154.2672576904297,140.23077392578125,301.6562805175781,117.5942611694336,35.38567352294922,218.64662170410156
2023-12-19,142.95249938964844,43.801883697509766,253.73245239257812,191.00379943847656,55.44493103027344,73.85581970214844,46.618324279785156,88.62700653076172,47.380794525146484,191.90902709960938,80.23381805419922,40.735435485839844,75.2037582397461,33.11766815185547,399.10845947265625,81.58331298828125,486.10040283203125,35.246185302734375,39.90005874633789,170.93734741210938,154.47393798828125,140.9472198486328,300.5215759277344,118.74006652832031,36.227108001708984,220.60043334960938
2023-12-20,136.8094024658203,43.26223373413086,249.66378784179688,191.5945281982422,53.812217712402344,73.34652709960938,45.38127136230469,87.61063385009766,47.08747482299805,189.96885681152344,79.49309539794922,39.92420196533203,74.83708190917969,32.875083923339844,393.5589294433594,80.66597747802734,481.3365783691406,33.24135971069336,39.27915954589844,168.85182189941406,152.6983642578125,137.93995666503906,297.58685302734375,115.80333709716797,35.82468032836914,217.15431213378906
2023-12-21,139.6121826171875,43.66697692871094,253.0062713623047,193.11888122558594,54.80730056762695,75.28937530517578,46.063114166259766,88.91397094726562,47.42393112182617,191.9772491455078,80.51385498046875,40.783714294433594,75.63621520996094,32.8661003112793,396.2416687011719,81.16251373291016,485.7355041503906,33.564720153808594,39.57527160644531,169.74563598632812,153.3560028076172,139.2880401611328,300.24761962890625,115.72630310058594,35.82468032836914,219.21609497070312
2023-12-22,144.0659637451172,43.53206253051758,254.03042602539062,192.07089233398438,55.261375427246094,75.87410736083984,46.22869873046875,90.3129653930664,47.55333709716797,192.66944885253906,81.05587005615234,40.928585052490234,75.87126922607422,32.920013427734375,397.80096435546875,80.84270477294922,489.5821228027344,33.453853607177734,40.17707443237305,171.1295928955078,153.76934814453125,140.23077392578125,304.4931640625,117.31503295898438,35.34910202026367,220.83607482910156
2023-12-26,146.2736053466797,43.53206253051758,255.92051696777344,192.356689453125,55.65747833251953,76.06272888183594,46.75469207763672,91.48477172851562,48.062347412109375,193.66390991210938,81.57978057861328,41.3631706237793,77.168701171875,32.8661003112793,397.0164794921875,81.36448669433594,491.534912109375,33.63862609863281,40.03378677368164,171.3121795654297,154.0605926513672,141.11692810058594,305.8627014160156,116.74694061279297,35.34910202026367,221.54293823242188
2023-12-27,143.3268585205078,43.711944580078125,256.6839599609375,193.16653442382812,55.94731140136719,75.9306869506836,46.73521423339844,91.98699188232422,48.062347412109375,194.39511108398438,81.95014953613281,41.72050476074219,77.30164337158203,32.767269134521484,398.25616455078125,81.1877670288086,492.7777099609375,33.767974853515625,40.482749938964844,170.9469757080078,155.01881408691406,141.5600128173828,306.4495849609375,116.4099349975586,37.65386962890625,221.7099151611328
2023-12-28,143.4324493408203,43.66697692871094,255.32461547851562,193.19509887695312,55.985958099365234,75.12904357910156,46.84235763549805,92.11851501464844,47.64823913574219,193.8881378173828,81.72431182861328,41.54666519165039,77.71942901611328,32.569602966308594,396.86151123046875,80.53131103515625,491.4166259765625,33.3614616394043,39.83319091796875,168.8839874267578,153.44056701660156,141.76744079589844,306.0289611816406,115.06201171875,37.32461929321289,221.33677673339844
2023-12-29,138.68115234375,43.352176666259766,256.5614929199219,192.60440063476562,55.57052230834961,74.9781494140625,46.676761627197266,91.98699188232422,47.3117790222168,193.38119506835938,81.13715362548828,41.1120719909668,76.88383483886719,32.479759216308594,397.7719421386719,80.0179672241211,492.077392578125,33.01038360595703,39.53706359863281,167.775390625,153.04598999023438,140.98497009277344,305.1094055175781,114.11507415771484,37.32461929321289,222.87818908691406
2024-01-02,140.99440002441406,43.846858978271484,256.25225830078125,190.23211669921875,55.048831939697266,76.96813201904297,47.3001594543457,92.68050384521484,47.73451614379883,193.23492431640625,80.73969268798828,40.64851379394531,77.3111343383789,32.830162048339844,396.6775207519531,81.28033447265625,484.3053283691406,33.70330047607422,39.07855224609375,169.11534118652344,153.96661376953125,138.84498596191406,298.2715759277344,114.89775085449219,36.044189453125,219.53028869628906
2024-01-03,134.55372619628906,43.17229080200195,253.8065948486328,187.43106079101562,53.95712661743164,77.9961166381836,46.832618713378906,92.09461212158203,47.1306037902832,191.20704650878906,79.50212860107422,39.95317459106445,75.95330047607422,32.659446716308594,395.8348693847656,81.25508880615234,475.39898681640625,33.86035919189453,38.20928955078125,170.21432495117188,153.74118041992188,137.28004455566406,290.3088073730469,115.09099578857422,34.81863021850586,215.33798217773438
2024-01-04,130.47425842285156,43.352176666259766,253.2350311279297,186.43069458007812,54.730018615722656,76.52484893798828,46.365074157714844,91.5445785522461,46.751007080078125,190.59283447265625,79.77310943603516,40.12701416015625,75.5355224609375,32.767269134521484,395.71875,80.8679428100586,479.4132995605469,33.00114440917969,38.32392501831055,165.87631225585938,155.6388702392578,136.61070251464844,289.3305969238281,112.53042602539062,34.80033493041992,216.6634063720703
2024-01-05,130.37831115722656,43.801883697509766,253.14134216308594,186.82130432128906,55.44493103027344,76.52484893798828,46.10207748413086,91.69999694824219,47.294517517089844,190.35882568359375,80.56806182861328,39.99180221557617,75.93429565429688,33.486053466796875,396.2319641113281,81.5243911743164,480.1332702636719,32.81637191772461,38.5340690612793,164.43028259277344,157.59292602539062,137.58172607421875,290.2208251953125,112.29852294921875,34.80033493041992,217.58628845214844
2024-01-08,131.0981903076172,44.11668395996094,255.66192626953125,186.15440368652344,55.232383728027344,74.68578338623047,45.79037857055664,91.67609405517578,47.518836975097656,191.07054138183594,80.26996612548828,40.75475311279297,76.19068908691406,33.83645248413086,395.4281921386719,81.34767150878906,489.8385314941406,32.696266174316406,38.42898941040039,166.53182983398438,158.41964721679688,138.9486541748047,292.9500427246094,113.09083557128906,35.02898406982422,219.9229736328125
2024-01-09,128.3049774169922,43.93680191040039,251.21099853515625,186.16392517089844,55.135772705078125,73.92184448242188,45.303348541259766,91.24565124511719,46.53532028198242,191.0218048095703,79.31243133544922,40.271881103515625,76.0102767944336,33.84543228149414,393.87860107421875,80.09369659423828,490.50921630859375,31.587602615356445,36.94837951660156,161.09483337402344,157.0198516845703,137.85508728027344,291.03277587890625,109.19683837890625,35.02898406982422,219.35353088378906
2024-01-10,127.60432434082031,43.89183044433594,250.15216064453125,186.81178283691406,55.35799026489258,73.638916015625,44.855281829833984,91.0901870727539,46.05220031738281,192.44522094726562,79.26727294921875,39.88557434082031,76.47554016113281,33.74660110473633,393.0941162109375,79.38676452636719,493.09332275390625,31.10718536376953,36.25106430053711,162.78184509277344,155.9019012451172,138.85435485839844,291.9033508300781,109.03256225585938,35.02898406982422,221.9945831298828
2024-01-11,123.48648071289062,44.25160217285156,247.9313201904297,187.42156982421875,54.72035598754883,74.29910278320312,44.83580017089844,90.5879898071289,46.27650451660156,193.05943298339844,78.65299224853516,39.76926040649414,75.75389099121094,33.98020553588867,393.1715087890625,79.70655822753906,490.51904296875,30.830018997192383,35.84031677246094,162.1359405517578,156.38104248046875,138.0059356689453,290.94464111328125,109.30313110351562,35.02898406982422,220.27642822265625
2024-01-12,120.99082946777344,43.846858978271484,247.50033569335938,187.80264282226562,54.4498405456543,72.79952239990234,44.913719177246094,90.3129653930664,46.04357147216797,193.9368896484375,78.52652740478516,39.68202209472656,76.20016479492188,33.84543228149414,396.038330078125,79.47093200683594,489.0889587402344,30.284927368164062,35.95494079589844,162.81076049804688,156.09918212890625,137.21405029296875,295.9238586425781,109.39974975585938,35.02898406982422,219.88372802734375
2024-01-16,120.89482879638672,43.08234786987305,244.05203247070312,186.9070587158203,53.59967041015625,71.8375473022461,44.309814453125,88.14871215820312,45.81064224243164,194.05389404296875,77.9483871459961,37.7047119140625,75.52599334716797,33.5219841003418,393.83984375,79.08380126953125,489.0395812988281,29.906131744384766,34.397911071777344,164.6520233154297,155.093994140625,135.5265350341797,293.5467224121094,107.83439636230469,34.242431640625,218.3324737548828
2024-01-17,115.85555267333984,42.542694091796875,243.7615509033203,187.08807373046875,52.778480529785156,70.94157409667969,43.67667770385742,87.38345336914062,45.26712417602539,192.4939727783203,77.4244613647461,37.06498718261719,74.89932250976562,33.15361022949219,393.9366149902344,78.01496887207031,486.3470458984375,29.213224411010742,33.17522048950195,162.9650115966797,154.32363891601562,134.885498046875,294.3293762207031,108.55909729003906,34.242431640625,217.2328643798828
2024-01-18,113.25432586669922,42.49772262573242,243.658447265625,189.10789489746094,52.99101638793945,70.7529525756836,43.25782775878906,87.69434356689453,45.379276275634766,195.43832397460938,78.58072662353516,37.035911560058594,74.39604949951172,32.96493148803711,395.0020751953125,78.52835083007812,496.1114501953125,29.67516326904297,33.07013702392578,160.41036987304688,154.35183715820312,136.6483917236328,299.6998596191406,108.88762664794922,34.242431640625,221.0226287841797
2024-01-19,110.50912475585938,42.58766555786133,244.23007202148438,191.11814880371094,53.647972106933594,70.72465515136719,44.41695785522461,88.10088348388672,45.560455322265625,194.86306762695312,78.36392211914062,37.578704833984375,75.50701141357422,33.009857177734375,394.5468444824219,78.59567260742188,498.5574645996094,29.656688690185547,33.03193283081055,160.786376953125,154.42697143554688,133.29229736328125,297.4009704589844,109.05188751220703,33.227237701416016,221.9651336669922
2024-01-22,115.90355682373047,42.542694091796875,244.50177001953125,192.52818298339844,54.44017791748047,70.70579528808594,43.80330276489258,88.94984436035156,46.207489013671875,195.83802795410156,78.94206237792969,36.32833480834961,75.73490142822266,32.659446716308594,393.6654968261719,78.90705871582031,501.0824279785156,29.56429672241211,33.43313217163086,164.3049774169922,155.2349090576172,133.9993438720703,300.7856750488281,111.5351791381836,32.74250030517578,223.14329528808594
2024-01-23,117.6697006225586,42.58766555786133,246.6663360595703,191.52780151367188,54.80730056762695,71.73380279541016,44.25136947631836,89.30854797363281,46.50944519042969,194.19036865234375,78.28264617919922,36.997135162353516,75.46903991699219,32.80320739746094,395.0408020019531,79.59716796875,493.4779968261719,29.75831413269043,33.77701950073242,165.55819702148438,156.4092254638672,134.28216552734375,298.8096008300781,112.22122192382812,32.74250030517578,218.74484252929688
2024-01-24,116.80581665039062,41.86812973022461,240.96914672851562,189.07931518554688,53.97644805908203,72.40341186523438,44.23188781738281,76.76542663574219,45.80200958251953,191.6945037841797,75.69908905029297,38.499515533447266,75.05123138427734,32.5067138671875,388.6390075683594,78.62092590332031,487.9053649902344,29.527345657348633,32.89820098876953,166.4161376953125,155.01881408691406,132.95289611816406,294.5054016113281,112.60772705078125,33.748558044433594,215.7994384765625
2024-01-25,113.69585418701172,42.58766555786133,247.05055236816406,190.9371337890625,54.94255828857422,72.57317352294922,44.06629943847656,76.65780639648438,47.39805221557617,193.64437866210938,76.43983459472656,38.22811508178711,78.21318054199219,33.82746505737305,390.7599792480469,80.27885437011719,497.906494140625,29.610492706298828,32.94597244262695,168.41162109375,161.28497314453125,134.61209106445312,297.29339599609375,111.98931121826172,33.748558044433594,219.3437042236328
2024-01-26,115.03007507324219,42.9024658203125,245.41073608398438,191.49925231933594,55.300025939941406,73.08246612548828,44.67021560668945,77.32742309570312,46.63885498046875,193.51766967773438,76.71082305908203,38.37350845336914,78.10873413085938,33.755584716796875,391.3120422363281,80.31250762939453,494.7306213378906,29.776792526245117,32.67849349975586,168.79722595214844,161.54803466796875,134.84780883789062,295.2782287597656,112.08594512939453,36.839881896972656,218.31285095214844
2024-01-29,118.25521850585938,43.08234786987305,244.68919372558594,190.46075439453125,55.068153381347656,73.08246612548828,44.73839569091797,75.94037628173828,46.647483825683594,194.2586212158203,75.90686798095703,38.99384307861328,77.8713607788086,32.99189376831055,392.8325500488281,80.17784881591797,506.112548828125,29.67516326904297,33.09879684448242,170.2817840576172,159.4248504638672,134.67811584472656,301.3823547363281,112.91693115234375,36.839881896972656,225.19522094726562
2024-01-30,115.48120880126953,42.992408752441406,242.95570373535156,191.7279052734375,54.62374496459961,72.9975814819336,44.6409912109375,75.27078247070312,46.99256896972656,195.7113037109375,76.8644027709961,38.741825103759766,76.91231536865234,32.63249969482422,395.0020751953125,80.49766540527344,510.412841796875,29.361047744750977,32.96506881713867,182.1004638671875,158.83302307128906,134.87608337402344,300.932373046875,118.31830596923828,36.839881896972656,226.8446807861328
2024-01-31,110.134765625,42.40778732299805,239.61045837402344,190.02249145507812,53.570682525634766,71.21508026123047,44.300071716308594,73.89569091796875,46.24199676513672,193.25440979003906,75.47327423095703,38.470428466796875,76.60846710205078,32.19224166870117,392.0771484375,79.21003723144531,501.45721435546875,28.37248992919922,32.96506881713867,180.20138549804688,155.8361358642578,132.96231079101562,297.7531433105469,116.61769104003906,36.839881896972656,221.89639282226562
2024-02-01,112.09288787841797,42.542694091796875,243.21803283691406,190.0320281982422,57.39647674560547,72.46942901611328,52.657470703125,74.0870132446289,46.19023513793945,195.0190887451172,76.65663146972656,38.945369720458984,78.03278350830078,30.871492385864258,395.77685546875,79.62242126464844,508.4501953125,28.52031135559082,34.01582336425781,178.9385528564453,153.26205444335938,133.39601135253906,302.3507995605469,115.74807739257812,36.839881896972656,226.16725158691406
2024-02-02,109.66443634033203,42.22789764404297,241.91558837890625,189.46041870117188,57.46410369873047,72.16763305664062,51.6639404296875,74.56529998779297,46.08671188354492,194.33663940429688,74.6151123046875,38.867835998535156,77.168701171875,30.062868118286133,394.26593017578125,78.1496353149414,512.7898559570312,28.511070251464844,32.86954116821289,176.788818359375,151.59922790527344,132.06674194335938,303.24102783203125,116.1055679321289,32.39494705200195,230.1729736328125
2024-02-05,104.36600494384766,41.463382720947266,204.29342651367188,186.6783905029297,56.48833084106445,71.77151489257812,50.45610046386719,73.19021606445312,45.862403869628906,190.6513214111328,74.55187225341797,37.4914665222168,76.13370513916016,29.622617721557617,388.00946044921875,78.3936996459961,501.565673828125,27.651859283447266,31.866548538208008,175.7477264404297,152.7359619140625,129.69110107421875,297.8607482910156,117.39070129394531,32.51384735107422,225.4701690673828
2024-02-06,108.48380279541016,41.283504486083984,204.321533203125,189.06024169921875,55.3096809387207,71.80925750732422,50.73857498168945,78.6068344116211,46.62160110473633,194.9410858154297,74.62413787841797,38.93568420410156,76.69393157958984,29.775358200073242,402.46917724609375,79.50459289550781,507.46380615234375,28.039892196655273,32.15311813354492,174.82225036621094,153.15870666503906,131.87818908691406,301.17694091796875,116.115234375,32.51384735107422,227.3650360107422
2024-02-07,110.43233489990234,42.182926177978516,201.81964111328125,193.471435546875,56.507652282714844,72.0167465209961,52.66720962524414,79.49168395996094,46.664737701416016,197.9146728515625,74.94932556152344,37.99549102783203,78.18470764160156,30.42225456237793,403.6990661621094,79.50459289550781,517.2973022460938,28.058368682861328,32.14356994628906,179.50735473632812,155.30064392089844,131.38800048828125,303.11383056640625,120.35709381103516,33.95890808105469,232.21511840820312
2024-02-08,109.74122619628906,41.19356155395508,206.064453125,193.37612915039062,57.135623931884766,72.158203125,51.85874938964844,80.2330322265625,46.48356246948242,197.8074493408203,74.9674072265625,36.94867706298828,76.44705200195312,31.347679138183594,400.9582824707031,79.93379974365234,518.2144775390625,27.799680709838867,31.847444534301758,179.5844268798828,156.7661895751953,130.69036865234375,305.35400390625,120.62764739990234,33.95890808105469,234.10018920898438
2024-02-09,111.1330337524414,40.923736572265625,205.99880981445312,195.09104919433594,57.164608001708984,73.638916015625,52.209407806396484,80.92655181884766,46.57846450805664,197.6417236328125,74.3802261352539,36.21202850341797,75.90581512451172,31.68011474609375,406.2075500488281,80.28726196289062,519.9208984375,27.642620086669922,31.322067260742188,179.82540893554688,158.1378173828125,131.58595275878906,304.95294189453125,120.77259063720703,33.95890808105469,235.63180541992188
2024-02-12,115.2700424194336,41.283504486083984,208.57568359375,197.03457641601562,58.468849182128906,74.37454986572266,53.6120491027832,81.87116241455078,47.268638610839844,197.89520263671875,75.71715545654297,36.53188705444336,76.26663970947266,31.895750045776367,406.3915100097656,81.2130126953125,525.0101318359375,28.26162338256836,32.05759048461914,179.4012908935547,158.0250701904297,132.83035278320312,303.6617126464844,119.63241577148438,33.95890808105469,235.75942993164062
2024-02-13,107.69670867919922,39.93437194824219,203.9092559814453,194.2145233154297,57.792579650878906,72.6391830444336,52.238624572753906,79.92212677001953,45.87965774536133,215.63926696777344,74.18151092529297,35.53353500366211,76.42805480957031,31.096111297607422,403.1374206542969,79.72340393066406,520.0293579101562,27.263830184936523,30.605642318725586,173.0195770263672,154.84971618652344,130.79409790039062,300.5215759277344,114.37598419189453,33.95890808105469,232.80416870117188
2024-02-14,109.79881286621094,40.249168395996094,203.34701538085938,196.63449096679688,59.89868927001953,73.64544677734375,52.67695236206055,80.89068603515625,46.22475051879883,211.5347137451172,74.18151092529297,36.05694580078125,75.37407684326172,31.024232864379883,405.2196350097656,79.64765167236328,532.0721435546875,27.30078125,30.68206024169922,174.5426788330078,155.38519287109375,132.07618713378906,304.2583923339844,115.69974517822266,37.33376693725586,236.71176147460938
2024-02-15,112.78398895263672,40.429054260253906,212.66116333007812,198.80670166015625,60.13055419921875,72.90499114990234,53.26138687133789,81.84725189208984,47.596473693847656,211.04725646972656,77.0089340209961,37.074676513671875,76.95030975341797,31.50940704345703,415.18548583984375,82.02933502197266,528.3045043945312,27.845874786376953,31.599084854125977,179.65191650390625,156.79437255859375,134.88912963867188,305.7061767578125,119.92230224609375,36.10820007324219,238.0469970703125
2024-02-16,117.6697006225586,40.65391159057617,212.56747436523438,198.9591522216797,59.98564147949219,73.75934600830078,53.378273010253906,81.84725189208984,47.863922119140625,209.9845428466797,76.9547348022461,37.63685607910156,77.09273529052734,32.1652946472168,418.0329284667969,82.222900390625,532.4765625,28.22466468811035,31.933414459228516,178.90000915527344,157.80899047851562,134.40611267089844,302.3507995605469,119.17826843261719,38.00141525268555,250.50601196289062
2024-02-20,110.21155548095703,41.013675689697266,213.7294158935547,199.79757690429688,59.78276062011719,73.27522277832031,52.949684143066406,81.27330780029297,47.19961929321289,210.96923828125,76.3404769897461,36.968055725097656,77.89035034179688,32.111385345458984,422.22650146484375,81.01943969726562,525.8386840820312,28.049131393432617,31.704153060913086,177.3672637939453,159.34031677246094,133.69573974609375,304.4833984375,118.47290802001953,38.00141525268555,246.8046417236328
2024-02-21,113.79185485839844,41.41841506958008,213.73880004882812,200.9598846435547,59.57987594604492,73.82579040527344,52.81332015991211,82.57665252685547,48.09685516357422,211.49575805664062,77.4244613647461,37.66593933105469,72.90528869628906,31.61347007751465,425.6162414550781,81.95360565185547,528.9553833007812,27.92902374267578,31.933414459228516,177.7239227294922,161.1534423828125,135.10694885253906,307.4473876953125,117.93181610107422,38.00141525268555,248.81732177734375
2024-02-22,113.43670654296875,41.643272399902344,216.92471313476562,206.19036865234375,59.53157043457031,75.65792846679688,53.29060745239258,83.61693572998047,48.312538146972656,214.2158203125,78.05680084228516,37.48176956176758,75.45004272460938,31.39501190185547,432.9477844238281,82.7194595336914,540.6528930664062,29.767555236816406,29.507122039794922,179.93148803710938,162.7129364013672,135.7983856201172,313.6395568847656,120.56968688964844,37.498390197753906,252.2634735107422
2024-02-23,115.80755615234375,41.6882438659668,218.13351440429688,204.5421600341797,60.75852966308594,76.33190155029297,53.475677490234375,83.65278625488281,48.64899444580078,216.77020263671875,78.23746490478516,37.76286315917969,76.41857147216797,31.61347007751465,433.4610900878906,83.54419708251953,541.1657104492188,29.083881378173828,29.87966537475586,183.15127563476562,164.78912353515625,136.73602294921875,315.7229309082031,122.72444915771484,37.498390197753906,252.5482177734375
2024-02-26,116.64264678955078,41.103614807128906,214.91946411132812,204.18008422851562,60.26581573486328,76.36038208007812,53.39775085449219,83.59300231933594,48.372928619384766,214.76182556152344,78.17424011230469,36.8614387512207,73.50350189208984,30.766921997070312,430.923583984375,83.16548156738281,545.7323608398438,29.231704711914062,28.666522979736328,184.69366455078125,163.53965759277344,134.8133544921875,316.1935729980469,126.64746856689453,37.498390197753906,256.32806396484375
2024-02-27,123.42888641357422,40.80725860595703,217.14022827148438,203.9800262451172,60.48801803588867,75.7338638305664,53.69971466064453,83.22232818603516,48.54547119140625,216.52645874023438,77.8219223022461,36.98744583129883,70.68336486816406,31.13102912902832,430.7880554199219,83.31697845458984,551.4234008789062,28.84366798400879,28.523237228393555,186.1685791015625,164.197265625,133.45896911621094,321.3015441894531,128.48333740234375,37.498390197753906,258.7629699707031
2024-02-28,126.75960540771484,40.4424934387207,217.77743530273438,204.03717041015625,60.69090270996094,75.84778594970703,53.12501907348633,83.71527099609375,48.1348876953125,219.37332153320312,78.12906646728516,36.26049041748047,69.51544952392578,31.51333999633789,436.9864196777344,83.14022827148438,558.3473510742188,28.538789749145508,28.532793045043945,185.27206420898438,165.68157958984375,133.0517120361328,323.22314453125,128.01954650878906,37.498390197753906,257.52587890625
2024-02-29,132.31723022460938,41.30879211425781,219.3048095703125,206.29518127441406,62.047767639160156,76.62618255615234,52.28486251831055,83.18626403808594,48.816287994384766,219.20758056640625,79.25821685791016,36.648197174072266,71.68988037109375,32.18693923950195,434.681396484375,84.39420318603516,569.7982788085938,28.78823471069336,29.851009368896484,185.37811279296875,170.21913146972656,134.1125030517578,325.527099609375,129.30465698242188,37.498390197753906,261.0112609863281
2024-03-01,137.06854248046875,41.445579528808594,221.1414031982422,206.47621154785156,62.29976272583008,78.31591796875,52.42163848876953,83.631103515625,48.72018814086914,219.8607940673828,78.67105865478516,36.76451110839844,72.05069732666016,31.904752731323242,435.0591125488281,84.75212097167969,582.6168823242188,29.222461700439453,30.51011848449707,183.835693359375,169.27969360351562,132.14247131347656,328.6644287109375,129.1983642578125,37.498390197753906,263.01763916015625
2024-03-04,127.85385131835938,41.810340881347656,223.399658203125,205.91409301757812,62.53236389160156,75.809814453125,52.3727912902832,83.727294921875,49.81217956542969,220.2410125732422,79.68280029296875,37.14252853393555,72.20262908935547,32.66938018798828,441.2478332519531,86.6355209350586,594.4183959960938,28.908340454101562,32.23347091674805,180.42311096191406,174.202392578125,131.8583221435547,330.4978332519531,125.84545135498047,39.391605377197266,263.4306945800781
2024-03-05,105.00909423828125,41.810340881347656,224.49600219726562,206.72695922851562,61.873313903808594,75.48704528808594,52.69517135620117,82.95783233642578,49.7772331237793,217.81336975097656,78.86076354980469,35.97940444946289,72.84832000732422,32.63296890258789,446.43896484375,86.48211669921875,595.4059448242188,28.862146377563477,32.09868621826172,178.14810180664062,173.30992126464844,131.4510955810547,326.75262451171875,124.1641616821289,39.391605377197266,260.6080322265625
2024-03-06,114.79010772705078,41.947120666503906,227.79437255859375,204.67088317871094,62.08653259277344,77.44258117675781,52.7830924987793,84.49675750732422,49.67240905761719,217.9401397705078,78.67105865478516,36.968055725097656,73.20913696289062,32.50552749633789,449.0054626464844,85.14414978027344,599.8005981445312,29.2528018951416,32.368263244628906,178.0034637451172,172.23895263671875,132.71075439453125,329.8998107910156,125.57491302490234,39.391605377197266,262.9291076660156
2024-03-07,117.73690032958984,42.95020294189453,229.73403930664062,206.69825744628906,63.172035217285156,79.62593841552734,53.23248291015625,85.5908432006836,49.74229049682617,218.94436645507812,80.57709503173828,38.58675003051758,74.87081909179688,32.66027069091797,450.6325988769531,84.38568878173828,604.3038330078125,29.69927215576172,32.62820816040039,179.7001190185547,173.6387481689453,133.4495086669922,337.9097595214844,127.94223022460938,39.391605377197266,266.6959533691406
2024-03-08,113.58067321777344,42.6766357421875,226.39817810058594,206.30618286132812,63.2592658996582,80.0625991821289,53.41809844970703,85.84332275390625,49.45401382446289,217.86215209960938,81.13715362548828,38.625511169433594,74.77587127685547,32.98796844482422,447.9788513183594,84.31751251220703,589.43115234375,29.383024215698242,32.647464752197266,179.13137817382812,174.81304931640625,133.2884979248047,334.01751708984375,127.04360961914062,39.391605377197266,262.2996826171875
2024-03-11,119.74300384521484,43.17817687988281,232.3296661376953,206.5356903076172,63.898929595947266,80.75556945800781,53.81863784790039,86.74503326416016,50.17034912109375,218.29112243652344,82.80831909179688,39.17800521850586,76.96929931640625,33.333866119384766,454.6905822753906,85.78331756591797,588.3052978515625,29.438831329345703,33.92794418334961,178.1673583984375,176.316162109375,134.9649200439453,333.7234191894531,125.53624725341797,39.24526596069336,260.5785217285156
2024-03-12,118.95591735839844,43.26937484741211,229.45294189453125,207.31985473632812,63.482181549072266,81.07833099365234,53.83817672729492,86.61279296875,50.38874816894531,217.9596710205078,83.14254760742188,39.11984634399414,77.10222625732422,32.887840270996094,456.6178283691406,85.6725082397461,595.6627197265625,29.169092178344727,32.61857986450195,176.3068084716797,175.41432189941406,133.83782958984375,335.9881286621094,126.90833282470703,39.034912109375,265.1321105957031
2024-03-13,120.74127197265625,43.40615463256836,231.72055053710938,205.4455108642578,63.28834915161133,80.3853530883789,54.02378845214844,88.70476531982422,50.642093658447266,219.53903198242188,84.02782440185547,42.07612228393555,78.43157196044922,33.03348159790039,461.29010009765625,86.67810821533203,597.40087890625,29.717876434326172,33.090335845947266,177.4732666015625,173.2535858154297,134.37767028808594,330.2135009765625,129.4302520751953,39.034912109375,264.87646484375
2024-03-14,115.44518280029297,42.99580001831055,229.70596313476562,206.5356903076172,62.67775344848633,79.61643981933594,53.92609405517578,88.74083709716797,50.074256896972656,219.1978302001953,83.11654663085938,41.9888916015625,77.48204040527344,32.94245910644531,460.3673400878906,85.2208480834961,599.0007934570312,29.420228958129883,32.93629455566406,175.53561401367188,173.1022186279297,131.6121063232422,328.36053466796875,127.70069122314453,39.034912109375,266.26318359375
2024-03-15,117.61175537109375,43.223777770996094,229.22805786132812,206.25836181640625,62.10592269897461,79.18926239013672,53.81863784790039,88.28396606445312,49.829654693603516,221.02099609375,84.10983276367188,43.23925018310547,78.66896057128906,33.08809280395508,454.82086181640625,85.14414978027344,588.8583374023438,29.857393264770508,32.61857986450195,181.6956024169922,173.00765991210938,130.5702667236328,328.1055908203125,133.24700927734375,39.034912109375,262.45703125
2024-03-18,119.9613037109375,42.95020294189453,230.14634704589844,205.10121154785156,62.78435134887695,81.61943054199219,53.4473991394043,88.39216613769531,49.56757736206055,222.96603393554688,84.10983276367188,43.11324691772461,79.58050537109375,31.80461883544922,452.7615661621094,85.09300994873047,589.3422241210938,29.969013214111328,33.13847732543945,182.96810913085938,171.18214416503906,131.71627807617188,328.7036437988281,135.2471466064453,39.034912109375,264.97479248046875
2024-03-19,116.07107543945312,42.767826080322266,226.594970703125,205.80889892578125,62.62929916381836,81.91370391845703,53.4083251953125,88.63262939453125,49.585044860839844,222.20361328125,84.8115005493164,42.96786117553711,78.8588638305664,35.29093933105469,453.36376953125,85.07596588134766,594.7838745117188,29.91320037841797,32.31049346923828,184.0767059326172,173.31979370117188,134.1125030517578,329.9880065917969,136.12644958496094,39.034912109375,264.5715637207031
2024-03-20,119.83612060546875,41.719146728515625,223.90565490722656,207.01385498046875,63.2398796081543,81.77130126953125,54.44386291503906,89.58244323730469,50.81680679321289,223.4449462890625,85.35826110839844,44.59623718261719,79.68496704101562,35.70966339111328,453.422119140625,87.17240905761719,596.13671875,30.015518188476562,33.02294158935547,186.53492736816406,174.24671936035156,134.7375946044922,334.37042236328125,137.9043426513672,39.034912109375,267.2565002441406
2024-03-21,120.23092651367188,42.31188201904297,220.66351318359375,209.0795135498047,63.511253356933594,81.30616760253906,54.49271011352539,90.24369812011719,50.60714340209961,223.65020751953125,86.99854278564453,44.81917190551758,79.49414825439453,36.30133056640625,452.94610595703125,86.2861099243164,605.3311157226562,29.80158805847168,33.244380950927734,189.31126403808594,174.99395751953125,136.01622009277344,340.429443359375,139.0059051513672,39.034912109375,271.0429992675781
2024-03-22,116.37921905517578,42.08390426635742,221.80667114257812,206.16273498535156,64.18000030517578,79.41709899902344,53.799095153808594,91.06124877929688,50.38874816894531,224.0900421142578,86.81627655029297,43.71419906616211,79.2651596069336,35.98273468017578,454.83056640625,86.0560073852539,599.573486328125,29.001667022705078,32.512672424316406,187.44110107421875,174.71966552734375,135.021728515625,336.1548156738281,139.15081787109375,39.034912109375,269.8332824707031
2024-03-25,113.96227264404297,42.35747528076172,222.60316467285156,207.81715393066406,64.45137023925781,78.800048828125,54.346168518066406,91.30170440673828,50.135406494140625,221.93975830078125,90.45223999023438,43.95651626586914,78.24430847167969,37.184288024902344,453.5289611816406,85.63842010498047,597.2921752929688,29.10398292541504,32.6570930480957,188.44363403320312,177.16943359375,133.686279296875,335.30181884765625,139.28611755371094,40.745201110839844,268.12200927734375
2024-03-26,114.5978012084961,41.90153121948242,222.85617065429688,209.82542419433594,64.41259765625,77.6609115600586,55.00071334838867,90.82079315185547,49.855857849121094,223.07354736328125,89.59564208984375,43.35556411743164,77.70047760009766,34.7720832824707,454.1603698730469,86.19235229492188,602.5164794921875,28.36917495727539,32.73411178588867,187.07476806640625,176.7532501220703,134.3208465576172,335.30181884765625,139.94314575195312,40.745201110839844,269.3514099121094
2024-03-27,124.02484130859375,43.223777770996094,227.79437255859375,214.44442749023438,65.07166290283203,78.42032623291016,55.6845588684082,91.9749755859375,50.79060363769531,226.5237579345703,90.74385070800781,44.47023391723633,81.70762634277344,35.85530090332031,452.87811279296875,87.73486328125,604.2544555664062,29.773677825927734,33.93757629394531,191.9468994140625,178.71119689941406,136.89703369140625,340.0960388183594,142.48284912109375,40.745201110839844,268.2891845703125
2024-03-28,126.85586547851562,43.36056137084961,228.68167114257812,213.49766540527344,65.2848892211914,78.98990631103516,56.33909225463867,92.17938232421875,50.60714340209961,225.6832275390625,91.3270492553711,45.575199127197266,82.04155731201172,35.51850509643555,451.0228576660156,87.16387939453125,606.3086547851562,30.192241668701172,34.50560760498047,191.3088836669922,179.50572204589844,137.23797607421875,340.5274353027344,143.68478393554688,41.01958084106445,268.4170227050781
2024-04-01,124.3907470703125,43.08698654174805,229.76715087890625,213.80368041992188,65.75009155273438,79.10382080078125,56.34885787963867,92.81658172607422,50.89543533325195,222.7803192138672,91.39995574951172,45.87567901611328,82.40409851074219,35.5275993347168,450.1291809082031,86.98491668701172,596.9070434570312,30.164339065551758,35.073638916015625,193.33895874023438,178.531494140625,135.7983856201172,331.5370788574219,144.68319702148438,43.90055465698242,265.2403259277344
2024-04-02,121.79085540771484,42.448665618896484,226.387939453125,210.74346923828125,65.34302520751953,78.73361206054688,55.85063171386719,92.37174224853516,51.79523468017578,222.3111572265625,91.5184097290039,46.89341354370117,80.3814468383789,35.22721481323242,448.1281433105469,88.78307342529297,594.59619140625,29.866695404052734,35.42023849487305,191.7632293701172,177.34915161132812,134.16932678222656,327.4192810058594,143.36492919921875,42.11709976196289,261.8570556640625
2024-04-03,124.09224700927734,41.85593795776367,226.16140747070312,211.47984313964844,64.68397521972656,78.98990631103516,56.0850944519043,92.72039794921875,52.40674591064453,223.10284423828125,92.96732330322266,48.08562088012695,81.57405853271484,35.56401062011719,449.225830078125,90.21479797363281,602.79296875,30.275957107543945,35.843849182128906,193.48394775390625,178.46527099609375,134.235595703125,327.74285888671875,143.2001190185547,42.11709976196289,264.33551025390625
2024-04-04,116.62957763671875,41.810340881347656,223.81105041503906,207.6545867919922,63.95707321166992,81.80928039550781,55.635711669921875,91.0732650756836,52.293182373046875,219.50601196289062,90.82583618164062,47.66883087158203,80.00934600830078,35.764278411865234,444.1650695800781,88.97056579589844,596.5811157226562,30.489887237548828,36.315608978271484,192.46890258789062,177.50048828125,132.37925720214844,323.39959716796875,142.21141052246094,42.11709976196289,261.5030517578125
2024-04-05,118.8731918334961,41.99271774291992,225.29299926757812,208.58221435546875,64.42230224609375,80.7935562133789,55.53801727294922,90.80877685546875,52.14467239379883,222.60438537597656,90.9716567993164,47.94991683959961,79.51323699951172,35.19080352783203,451.3919677734375,89.2944107055664,611.710693359375,30.648014068603516,38.17375564575195,194.27662658691406,177.50994873046875,131.68785095214844,325.3506774902344,142.7542724609375,42.11709976196289,265.6927490234375
2024-04-08,126.80770111083984,41.719146728515625,224.30191040039062,208.66827392578125,64.5579833984375,75.74336242675781,56.19255065917969,91.7104721069336,51.996158599853516,221.6660614013672,91.60953521728516,48.4636344909668,81.18286895751953,34.781185150146484,448.4487609863281,88.48480224609375,613.804443359375,30.28525733947754,37.93306350708008,194.18963623046875,180.3853759765625,132.5118408203125,325.7918395996094,143.3164520263672,43.58045196533203,265.26983642578125
2024-04-09,124.37151336669922,42.767826080322266,226.21804809570312,209.93064880371094,65.2848892211914,77.00590515136719,56.19255065917969,92.91277313232422,52.301910400390625,220.6886749267578,92.9035415649414,49.72368621826172,82.41364288330078,34.71746826171875,444.8255615234375,89.2773666381836,603.039794921875,30.982864379882812,38.1930046081543,193.2229461669922,179.5813751220703,134.6807861328125,327.99774169921875,142.23081970214844,41.28481674194336,261.2374572753906
2024-04-10,122.91747283935547,41.536766052246094,222.67837524414062,206.1053466796875,64.71305084228516,76.78756713867188,55.840858459472656,91.60227966308594,51.41085433959961,217.13088989257812,91.7188949584961,49.35536575317383,82.24190521240234,34.81760025024414,437.5888977050781,88.22914123535156,599.010498046875,30.396867752075195,37.60572814941406,191.57955932617188,177.65182495117188,130.4470977783203,314.8699951171875,140.21458435058594,41.28481674194336,260.1949768066406
2024-04-11,125.4788589477539,41.35438537597656,222.9993133544922,205.60806274414062,64.30599212646484,76.74009704589844,55.15701675415039,91.6623764038086,51.070152282714844,215.76254272460938,91.14479064941406,49.180904388427734,82.59491729736328,34.41708755493164,440.02703857421875,87.70077514648438,599.5340576171875,29.83879280090332,37.61534881591797,190.76751708984375,176.19520568847656,130.3240203857422,313.654296875,139.8074493408203,42.48191452026367,261.1195373535156
2024-04-12,118.03545379638672,40.624874114990234,218.54403686523438,202.0027618408203,63.50156021118164,74.13906860351562,52.51932144165039,88.72882080078125,50.39748764038086,216.6813201904297,89.28582000732422,48.09209060668945,79.77083587646484,33.80720520019531,434.59710693359375,86.52472686767578,594.625732421875,28.945859909057617,37.20135498046875,188.05111694335938,172.33607482910156,127.32162475585938,312.0169982910156,136.31784057617188,42.14311218261719,258.4443359375
2024-04-15,116.0325698852539,40.76166534423828,218.19479370117188,202.0505828857422,62.62929916381836,74.11058807373047,52.4314079284668,88.29598236083984,50.074256896972656,214.0911407470703,88.68437957763672,48.62677764892578,78.79767608642578,33.47040939331055,432.0132751464844,85.61286926269531,591.7913818359375,28.79703712463379,37.00879669189453,187.54844665527344,170.59567260742188,127.88043212890625,307.82080078125,136.64739990234375,42.14311218261719,256.1724548339844
2024-04-16,109.87945556640625,40.26011657714844,214.98548889160156,201.86886596679688,61.80548095703125,73.80680084228516,52.089481353759766,87.25,49.67240905761719,215.4009246826172,87.84602355957031,48.03376388549805,79.15068054199219,32.68758010864258,433.0137634277344,84.4964828491211,587.8411865234375,28.29476547241211,36.69108200073242,185.71173095703125,169.85792541503906,126.45024871826172,302.3403015136719,135.48422241210938,39.29153060913086,254.27435302734375
2024-04-17,110.14909362792969,40.26011657714844,216.16534423828125,199.7936248779297,61.97024154663086,73.85429382324219,52.29463577270508,87.87518310546875,49.63745880126953,214.29641723632812,87.45416259765625,48.432342529296875,79.04573059082031,31.91385841369629,433.9948425292969,84.96517944335938,585.5499267578125,28.173845291137695,37.12433624267578,186.35940551757812,168.84584045410156,127.82360076904297,304.08538818359375,134.66993713378906,40.27029800415039,253.99893188476562
2024-04-18,107.65511322021484,40.57928466796875,219.950439453125,200.20486450195312,62.36759948730469,75.55349731445312,52.7147102355957,88.40420532226562,49.34917449951172,214.25733947753906,87.49972534179688,48.762874603271484,79.76129913330078,32.095909118652344,433.6451721191406,84.70952606201172,579.8319702148438,28.341272354125977,37.114707946777344,184.41635131835938,168.59994506835938,127.96568298339844,303.3207092285156,131.89767456054688,40.27029800415039,250.86154174804688
2024-04-19,107.99212646484375,40.898441314697266,218.6478729248047,202.32791137695312,62.9491081237793,75.43959045410156,53.53532409667969,88.83702087402344,49.497684478759766,213.23106384277344,87.86424255371094,48.22819519042969,80.11431121826172,32.19603729248047,433.51885986328125,85.85148620605469,568.731689453125,28.834239959716797,37.56720733642578,184.98670959472656,170.15113830566406,123.97828674316406,299.9676818847656,132.7022247314453,40.27029800415039,247.90121459960938
2024-04-22,108.12694549560547,41.17201232910156,221.21530151367188,202.51918029785156,63.414337158203125,74.80357360839844,53.92609405517578,88.86106872558594,49.785980224609375,214.35507202148438,88.44744110107422,47.586578369140625,80.9920425415039,31.640779495239258,434.1697082519531,85.72366333007812,577.056884765625,28.592409133911133,36.06529235839844,185.2477264404297,169.58363342285156,124.22454833984375,303.20306396484375,133.08998107910156,40.27029800415039,250.2812957763672
2024-04-23,109.97575378417969,40.94404220581055,220.60177612304688,202.09837341308594,63.482181549072266,74.5567626953125,53.90655517578125,88.72882080078125,49.56757736206055,214.69715881347656,88.21053314208984,46.65331268310547,81.50727081298828,31.322179794311523,432.31439208984375,85.68956756591797,587.0018310546875,28.28546142578125,36.30598068237305,168.8235626220703,161.62893676757812,123.53311157226562,296.43817138671875,130.04624938964844,40.27029800415039,255.0611114501953
2024-04-24,110.9964599609375,41.30879211425781,221.51734924316406,203.14077758789062,63.18172836303711,75.2307357788086,53.506019592285156,88.92118072509766,49.7772331237793,215.79185485839844,87.8095703125,46.8963508605957,81.23058319091797,31.340396881103516,431.5956115722656,85.88556671142578,584.4636840820312,28.359874725341797,37.162845611572266,167.00616455078125,164.50433349609375,123.61837768554688,297.7814025878906,125.93623352050781,40.27029800415039,252.16961669921875
2024-04-25,110.71721649169922,40.80725860595703,221.89491271972656,207.67372131347656,63.43370819091797,75.91423797607422,53.4376335144043,88.36812591552734,49.30550003051758,214.82421875,87.59996795654297,48.024044036865234,80.46731567382812,30.512048721313477,431.1195983886719,84.9481430053711,589.6484985351562,28.164548873901367,41.79376220703125,170.0222930908203,161.97889709472656,122.3965835571289,298.8402099609375,128.95086669921875,40.27029800415039,254.27435302734375
2024-04-26,112.5467758178711,40.898441314697266,222.83885192871094,209.46202087402344,67.64971923828125,75.94270324707031,53.652557373046875,88.62060546875,50.04804611206055,216.10462951660156,87.08055877685547,49.09340286254883,80.72492218017578,30.794235229492188,430.48822021484375,87.03604888916016,597.469970703125,28.136640548706055,41.13908004760742,169.57757568359375,163.49227905273438,123.27742004394531,300.4481201171875,129.92990112304688,40.27029800415039,256.9297790527344
2024-04-29,121.06866455078125,41.26320266723633,224.76443481445312,208.8499755859375,68.54137420654297,76.73062133789062,54.21916580200195,88.84902954101562,50.49358367919922,216.66175842285156,88.70260620117188,50.95020294189453,81.82211303710938,32.1505241394043,432.3241271972656,86.66959381103516,595.149169921875,28.704025268554688,40.686580657958984,169.403564453125,167.4648895263672,123.82673645019531,300.09515380859375,130.92832946777344,40.28911209106445,257.1363525390625
2024-04-30,115.84960174560547,40.76166534423828,223.08425903320312,207.78848266601562,67.42680358886719,74.9649429321289,52.88079071044922,87.16583251953125,49.70735168457031,221.04051208496094,86.05992889404297,48.54900360107422,80.7630844116211,31.80461883544922,428.3318176269531,85.19528198242188,579.7726440429688,29.19699478149414,39.12689208984375,162.91705322265625,163.61524963378906,122.17875671386719,293.7420654296875,126.13011932373047,40.28911209106445,253.37936401367188
2024-05-01,114.58816528320312,44.68280792236328,224.16973876953125,208.314453125,66.17654418945312,74.01565551757812,52.66585922241211,94.15113067626953,49.995635986328125,219.89697265625,86.3515396118164,48.519840240478516,80.13338470458984,32.114112854003906,429.9442443847656,84.81178283691406,583.5155639648438,27.83899688720703,39.069129943847656,163.0524139404297,164.7691650390625,124.0256576538086,297.39898681640625,125.67452239990234,40.28911209106445,255.44464111328125
2024-05-02,120.65460205078125,45.00196838378906,230.02203369140625,209.92105102539062,65.89546203613281,70.12359619140625,55.665016174316406,93.47783660888672,49.646202087402344,221.63671875,87.40859985351562,47.42131042480469,82.82389068603516,32.5965576171875,407.6029357910156,84.18115234375,582.6268310546875,26.425186157226562,39.52162551879883,164.8407745361328,165.8474884033203,125.25689697265625,298.4970703125,126.7795639038086,40.28911209106445,260.0474853515625
2024-05-03,123.35079956054688,45.640289306640625,232.07974243164062,211.8719482421875,66.47698211669922,70.33243560791016,55.840858459472656,93.38165283203125,49.829654693603516,222.36001586914062,88.8484115600586,49.044795989990234,82.66170501708984,33.02437210083008,411.46893310546875,84.47091674804688,583.68359375,26.676326751708984,39.146148681640625,168.1275634765625,166.72711181640625,125.89149475097656,305.2030944824219,131.31605529785156,40.28911209106445,260.07696533203125
2024-05-06,125.93143463134766,46.00505828857422,233.7127227783203,212.43618774414062,66.7774429321289,70.73112487792969,55.059326171875,94.41561889648438,50.091732025146484,223.77723693847656,89.98749542236328,49.56975555419922,84.5889663696289,33.60694885253906,414.4024658203125,84.99927520751953,592.3345336914062,27.01117706298828,39.848976135253906,165.32411193847656,166.6136016845703,126.00511932373047,308.8208312988281,128.53407287597656,45.03233337402344,262.21112060546875
2024-05-07,126.67289733886719,46.1418342590332,234.7038116455078,214.1192626953125,67.077880859375,71.1867904663086,56.19255065917969,95.32937622070312,50.982791900634766,227.65757751464844,91.7006607055664,49.95861053466797,89.99860382080078,35.35465621948242,417.6856689453125,86.45655059814453,591.3668212890625,27.79248809814453,39.8971061706543,166.06845092773438,169.45120239257812,127.11328125,312.5072326660156,128.6406707763672,45.03233337402344,263.92242431640625
2024-05-08,125.62332153320312,46.597782135009766,232.45730590820312,215.26687622070312,67.73694610595703,69.53502655029297,55.50870895385742,94.01887512207031,51.227394104003906,227.96058654785156,91.81914520263672,48.56843566894531,92.76543426513672,35.75516891479492,415.4612731933594,87.07865905761719,589.2238159179688,27.504146575927734,39.99338150024414,164.144775390625,168.8742218017578,126.37450408935547,312.7523193359375,126.80866241455078,45.03233337402344,263.5094299316406
2024-05-09,128.59872436523438,47.05371856689453,236.5539093017578,217.69590759277344,67.4655532836914,70.52229309082031,56.49540710449219,94.74024963378906,51.935001373291016,228.3026580810547,92.1198501586914,49.65724563598633,92.60324096679688,36.264915466308594,417.54962158203125,86.60994720458984,595.7022705078125,27.801790237426758,41.2449836730957,168.5625762939453,170.61460876464844,127.86878204345703,314.17388916015625,130.70535278320312,44.213565826416016,266.2238464355469
2024-05-10,124.8144302368164,47.23611068725586,236.4972381591797,215.7545623779297,67.02943420410156,70.19953155517578,56.15347671508789,94.69215393066406,51.900062561035156,228.24403381347656,92.06517791748047,50.153045654296875,92.71773529052734,35.11798858642578,421.949951171875,86.38837432861328,602.8423461914062,27.37392807006836,40.908016204833984,168.65924072265625,169.68765258789062,128.80148315429688,314.5758361816406,131.03492736816406,44.213565826416016,267.5810241699219
2024-05-13,126.63436889648438,47.28170394897461,236.22349548339844,215.23818969726562,67.13603210449219,70.49382019042969,55.977630615234375,94.82440185546875,51.856380462646484,226.51402282714844,92.05606842041016,50.590511322021484,92.0880355834961,35.973628997802734,422.32879638671875,86.34575653076172,600.4918823242188,27.401830673217773,40.87913131713867,167.95355224609375,171.60777282714844,129.1916961669922,309.68365478515625,130.715087890625,44.213565826416016,265.63372802734375
2024-05-14,130.4379425048828,47.555274963378906,234.618896484375,215.87892150878906,67.87262725830078,71.08636474609375,56.22186279296875,94.19920349121094,52.1097297668457,226.66061401367188,91.79180145263672,51.99040222167969,92.19298553466797,36.27402114868164,419.7351989746094,86.51618957519531,598.5957641601562,27.978519439697266,40.98503494262695,166.87083435058594,171.806396484375,128.84909057617188,307.8992004394531,130.92832946777344,44.213565826416016,263.33233642578125
2024-05-15,122.84044647216797,47.14491653442383,237.48834228515625,216.2327423095703,68.35723114013672,71.50688171386719,55.81155776977539,94.04292297363281,51.59431076049805,227.68690490722656,91.86469268798828,52.11677932739258,92.07849884033203,36.146575927734375,418.4822082519531,85.45093536376953,605.0643920898438,28.099437713623047,41.58195114135742,170.34129333496094,172.17529296875,128.5254669189453,310.17376708984375,132.73129272460938,44.213565826416016,266.0369873046875
2024-05-16,124.40038299560547,47.23611068725586,242.62326049804688,214.7695770263672,68.05677795410156,73.89617156982422,54.70763397216797,93.26142883300781,51.279815673828125,227.37416076660156,91.19036102294922,50.590511322021484,93.33788299560547,36.8838996887207,417.3846130371094,85.16972351074219,574.4596557617188,28.62031364440918,41.2449836730957,167.6538848876953,172.5252685546875,128.27801513671875,308.56719970703125,130.81201171875,44.213565826416016,255.71022033691406
2024-05-17,126.25881958007812,46.82575607299805,247.96578979492188,216.4144287109375,67.9501724243164,72.84488677978516,55.14724349975586,96.07479858398438,51.7078742980957,228.38084411621094,91.47284698486328,52.719512939453125,95.11248016357422,36.99312973022461,420.1335144042969,85.99634552001953,573.5313110351562,28.47149085998535,42.111473083496094,166.3874969482422,173.21575927734375,127.95443725585938,306.9753112792969,129.82327270507812,44.213565826416016,254.8250274658203
2024-05-20,125.32479858398438,45.91386413574219,251.27890014648438,216.17535400390625,67.93077850341797,75.08126831054688,55.43055725097656,96.02668762207031,51.75156021118164,229.38758850097656,91.68244171142578,53.33196258544922,94.28242492675781,37.48467254638672,420.2209167480469,85.3060531616211,575.8519897460938,28.62961196899414,42.78540802001953,165.2371063232422,171.730712890625,127.31675720214844,304.047119140625,128.9993438720703,44.213565826416016,255.91671752929688
2024-05-21,121.94491577148438,46.4909553527832,249.81591796875,219.13038635253906,68.14399719238281,75.10038757324219,55.34263229370117,95.60590362548828,51.4632682800293,229.69058227539062,91.08100891113281,52.8070068359375,93.40465545654297,38.13095474243164,422.5813903808594,85.34015655517578,574.0843505859375,28.704025268554688,42.40030288696289,166.3874969482422,172.00503540039062,127.2786636352539,304.5776672363281,130.2304229736328,44.213565826416016,257.8542175292969
2024-05-22,121.79085540771484,46.4909553527832,249.806396484375,219.20689392089844,67.95985412597656,76.15166473388672,55.665016174316406,94.4396743774414,50.3188591003418,228.41995239257812,90.59803771972656,49.80307388305664,91.53467559814453,38.322113037109375,422.3385314941406,83.95956420898438,566.12451171875,29.531848907470703,40.81173324584961,165.40147399902344,171.48480224609375,128.20188903808594,301.88531494140625,128.6600799560547,44.213565826416016,256.56585693359375
2024-05-23,118.39173126220703,45.613773345947266,248.24896240234375,217.112548828125,66.44792175292969,74.7945556640625,54.28755569458008,94.89654541015625,49.724822998046875,227.86280822753906,90.2608642578125,49.773902893066406,90.1321792602539,40.64425277709961,419.9197998046875,83.02216339111328,566.3318481445312,28.871448516845703,39.69492721557617,165.81712341308594,170.4822235107422,124.69941711425781,297.8269958496094,129.4743194580078,45.99226760864258,253.4130859375
2024-05-24,122.85970306396484,45.89077377319336,249.76861572265625,217.13169860839844,66.758056640625,74.0777587890625,54.22894287109375,97.52955627441406,50.45863342285156,229.0161590576172,91.33615112304688,50.09471130371094,91.7254867553711,41.84075164794922,423.09619140625,83.97660827636719,571.9609985351562,28.815641403198242,40.41699981689453,165.56581115722656,173.82110595703125,125.08010864257812,299.5466003417969,129.25137329101562,45.17349624633789,255.42298889160156
2024-05-28,123.02339935302734,45.3829345703125,249.7875213623047,215.0756072998047,65.38179016113281,75.22462463378906,54.37548065185547,98.69576263427734,50.70323944091797,223.72837829589844,91.79180145263672,52.13622283935547,90.7618637084961,41.5554313659668,417.6079406738281,84.12149047851562,563.2308959960938,28.955158233642578,40.82136535644531,162.78173828125,171.12538146972656,123.3479232788086,296.4906311035156,130.1625518798828,47.178077697753906,250.23077392578125
2024-05-29,118.86357116699219,44.92124938964844,245.67208862304688,212.25448608398438,64.4901351928711,73.6859130859375,53.01755905151367,97.70989227294922,49.794708251953125,221.02098083496094,89.71410369873047,51.30017852783203,90.36114501953125,40.865142822265625,413.9750671386719,82.51081848144531,556.8116455078125,27.699478149414062,40.089656829833984,161.0513458251953,169.46067810058594,121.01610565185547,292.2652893066406,127.69074249267578,46.82044982910156,248.19134521484375
2024-05-30,119.19094848632812,45.613773345947266,245.88917541503906,213.71762084960938,66.54483032226562,73.57123565673828,53.965171813964844,98.37115478515625,50.135406494140625,223.53292846679688,91.87379455566406,50.852989196777344,91.15303802490234,41.03081130981445,417.79254150390625,82.91989135742188,560.08056640625,27.959915161132812,40.330352783203125,161.1190185546875,171.6550750732422,122.89106750488281,296.8050231933594,129.40646362304688,46.82044982910156,250.32931518554688
2024-05-31,118.04507446289062,46.952632904052734,251.74147033691406,217.64808654785156,67.29109954833984,76.199462890625,54.64902114868164,99.2408447265625,50.96672821044922,226.9538116455078,92.33856201171875,51.26129150390625,91.76365661621094,41.500213623046875,423.0475769042969,84.7265625,564.9690551757812,28.769132614135742,40.37848663330078,163.22640991210938,173.55625915527344,125.0705795288086,298.5246887207031,129.76510620117188,47.09337615966797,251.994384765625
2024-06-03,116.40809631347656,47.13730239868164,255.71531677246094,217.227294921875,67.70906829833984,76.97360229492188,54.28755569458008,97.39276123046875,49.58709716796875,227.65757751464844,89.84169006347656,50.590511322021484,91.67778778076172,41.9235954284668,421.8916931152344,82.4978256225586,557.12744140625,28.452890396118164,40.330352783203125,161.2543487548828,172.9698028564453,125.30855560302734,296.785400390625,128.5437774658203,47.09337615966797,248.4672088623047
2024-06-04,113.92376708984375,46.99880599975586,255.1395263671875,217.5333251953125,67.16474914550781,76.94490814208984,52.61219787597656,97.0424575805664,48.773468017578125,230.1988525390625,88.8484115600586,48.31568908691406,91.88768005371094,40.6994743347168,420.13763427734375,81.57349395751953,549.6023559570312,27.671573638916016,39.25525665283203,155.8118438720703,172.17529296875,125.32755279541016,300.52923583984375,123.33843231201172,47.09337615966797,246.7627410888672
2024-06-05,114.25115966796875,47.13730239868164,255.16786193847656,218.8101806640625,68.02981567382812,73.43742370605469,52.964900970458984,97.38066864013672,49.251033782958984,233.7859344482422,89.69589233398438,49.083683013916016,93.53824615478516,40.865142822265625,423.9770812988281,82.11772918701172,552.6480712890625,27.10418701171875,39.807334899902344,156.30487060546875,172.82794189453125,126.78377532958984,302.8777770996094,123.2608871459961,47.09337615966797,247.4721221923828
2024-06-06,113.79856872558594,46.906463623046875,254.592041015625,217.85015869140625,67.83541870117188,73.8770751953125,53.80748748779297,96.93376159667969,49.242191314697266,235.08587646484375,92.04694366455078,49.822513580322266,93.40465545654297,40.89275360107422,422.7784729003906,82.27322387695312,545.1327514648438,27.225982666015625,41.16331100463867,157.89991760253906,173.17788696289062,124.31869506835938,298.7801208496094,124.41439056396484,44.2700309753418,244.91050720214844
2024-06-07,110.67869567871094,46.21394729614258,263.85186767578125,217.24533081054688,66.5523910522461,74.41226959228516,51.828399658203125,96.64385986328125,49.28640365600586,233.7859344482422,94.13375091552734,47.89766311645508,93.95804595947266,41.61065673828125,422.63232421875,82.98158264160156,544.727294921875,26.495210647583008,39.090614318847656,155.6378631591797,173.64138793945312,122.21531677246094,286.8804931640625,121.67115783691406,44.2700309753418,243.9351348876953
2024-06-10,109.8313217163086,45.75226974487305,266.4759216308594,215.75726318359375,66.4843521118164,75.18639373779297,50.662513732910156,96.4868392944336,49.56940841674805,233.37542724609375,94.0426254272461,48.607330322265625,92.3265609741211,41.224098205566406,420.9756774902344,82.54965209960938,546.180908203125,26.944921493530273,40.001041412353516,152.0707244873047,174.42645263671875,122.26290893554688,288.0202941894531,119.87789154052734,44.2700309753418,244.15185546875
2024-06-11,109.7446517944336,46.07545471191406,265.05999755859375,216.22769165039062,65.95947265625,73.40875244140625,50.59392547607422,96.2210922241211,49.65784454345703,235.173828125,94.31600189208984,47.96571350097656,92.69864654541016,41.4633903503418,424.36688232421875,83.21482849121094,539.8424682617188,26.50457763671875,39.371490478515625,150.2533721923828,174.123779296875,123.31936645507812,290.8601379394531,117.80352020263672,44.2700309753418,241.02867126464844
2024-06-12,108.47360229492188,46.398616790771484,267.1744079589844,219.08860778808594,65.25963592529297,71.8604965209961,50.88785171508789,97.27196502685547,49.746280670166016,236.2196502685547,94.67139434814453,47.82961654663086,92.33609771728516,41.33454513549805,423.09033203125,82.85201263427734,550.5714111328125,26.30783462524414,39.700801849365234,149.2963409423828,174.80477905273438,124.11885070800781,294.0929870605469,117.07649993896484,44.2700309753418,245.44252014160156
2024-06-13,104.21746826171875,46.352455139160156,269.3076171875,219.2325897216797,64.36540222167969,69.71968078613281,50.53514099121094,96.72840881347656,49.57825469970703,236.07302856445312,93.4685287475586,46.65331268310547,90.69506072998047,41.73950958251953,428.5766296386719,82.54965209960938,561.468505859375,25.839387893676758,39.28432846069336,148.9869842529297,175.09800720214844,123.52873992919922,295.2328186035156,117.69689178466797,44.2700309753418,250.2012481689453
2024-06-14,100.04219818115234,45.98311233520508,259.7080993652344,217.4757537841797,64.16129302978516,70.01596069335938,50.14324188232422,96.2210922241211,48.65850067138672,234.62646484375,90.68004608154297,46.76996994018555,90.1989517211914,41.31612777709961,425.7994079589844,80.80467224121094,560.5291748046875,25.445894241333008,39.5361442565918,149.5380096435547,173.9647674560547,121.17790222167969,291.83294677734375,116.98926544189453,42.16193389892578,248.91055297851562
2024-06-17,97.25867462158203,45.98311233520508,257.7918701171875,219.2613983154297,64.57925415039062,70.7423095703125,50.98582458496094,97.13910675048828,48.84421157836914,237.70529174804688,91.1945571899414,45.94364547729492,90.447021484375,41.75791549682617,429.38543701171875,81.15886688232422,567.5006103515625,25.202302932739258,39.62330627441406,152.13841247558594,176.21217346191406,122.08209228515625,297.5912170410156,122.66958618164062,42.16193389892578,252.56581115722656
2024-06-18,96.20518493652344,46.02928161621094,259.2927551269531,217.96536254882812,60.51631164550781,70.29312896728516,50.8388557434082,97.50145721435547,49.02993392944336,238.35191345214844,90.95568084716797,46.36166763305664,91.7254867553711,42.56785583496094,428.791015625,82.3941650390625,552.390869140625,25.445894241333008,40.47563171386719,150.4467010498047,177.01210021972656,121.69184112548828,294.9773864746094,121.16709899902344,43.008941650390625,251.83673095703125
2024-06-20,90.64783477783203,45.613773345947266,256.8102722167969,216.9669189453125,58.73756790161133,70.84742736816406,51.30913543701172,96.47474670410156,47.94214630126953,238.93972778320312,90.11042785644531,47.98516082763672,91.75409698486328,42.843971252441406,431.3343811035156,82.10909271240234,534.4531860351562,25.970550537109375,41.46354675292969,151.58740234375,176.6026153564453,122.26290893554688,296.1172180175781,121.82626342773438,45.32407760620117,242.82179260253906
2024-06-21,91.48870086669922,45.936946868896484,257.6031494140625,217.8693389892578,58.961124420166016,69.87260437011719,51.84799575805664,96.42644500732422,47.747589111328125,239.0377197265625,90.59735870361328,48.179588317871094,91.95530700683594,42.41139221191406,431.45135498046875,82.24729919433594,538.0625610351562,26.045503616333008,40.930850982666016,152.33175659179688,174.58377075195312,122.38664245605469,296.0287780761719,124.24959564208984,44.66529846191406,244.15185546875
2024-06-24,93.1703872680664,46.21394729614258,255.7058563232422,220.3462371826172,59.85535430908203,72.2523422241211,51.838199615478516,97.9363021850586,48.304744720458984,239.67453002929688,92.47160339355469,48.97674560546875,93.75647735595703,43.552669525146484,431.8313903808594,84.24280548095703,535.135498046875,27.272829055786133,41.260162353515625,150.3789825439453,180.7069854736328,121.96784973144531,295.3310546875,122.46601104736328,43.3759651184082,243.92527770996094
2024-06-25,89.66200256347656,45.613773345947266,252.1095428466797,216.6981201171875,59.68040084838867,72.09942626953125,51.96556854248047,97.18741607666016,47.013553619384766,236.2847442626953,89.99099731445312,48.49067687988281,91.87865447998047,42.88079071044922,429.91168212890625,82.48054504394531,529.0243530273438,27.507049560546875,40.582176208496094,146.43492126464844,178.4691162109375,119.17921447753906,289.56304931640625,119.80033874511719,43.3759651184082,242.51637268066406
2024-06-26,96.92039489746094,45.42910385131836,248.90972900390625,215.10446166992188,58.961124420166016,72.84488677978516,52.55341339111328,96.66802215576172,47.04893493652344,235.76551818847656,90.2206802368164,48.09209060668945,92.15650939941406,42.89920425415039,427.2318115234375,82.73970031738281,529.7066650390625,27.731904983520508,40.146331787109375,149.41233825683594,177.70729064941406,119.207763671875,291.70513916015625,120.95384979248047,43.33832931518555,242.2503662109375
2024-06-27,93.04474639892578,45.29059982299805,248.3150634765625,214.47085571289062,59.36936569213867,71.44953155517578,52.563209533691406,96.60762023925781,46.836673736572266,234.68783569335938,89.2835693359375,46.974124908447266,91.70621490478516,39.806697845458984,428.98590087890625,82.78290557861328,532.2875366210938,27.656949996948242,40.52406311035156,149.557373046875,174.45042419433594,118.8746566772461,291.8427734375,121.21558380126953,43.4700813293457,244.10256958007812
2024-06-28,92.31988525390625,45.15209197998047,243.57659912109375,209.9106903076172,58.339046478271484,70.83788299560547,52.84733963012695,97.22364807128906,46.91627502441406,233.1693115234375,90.00936889648438,47.2463264465332,91.21759033203125,39.71466064453125,427.61187744140625,82.63604736328125,535.7584228515625,27.076080322265625,40.55311965942383,153.350341796875,173.85049438476562,119.81689453125,293.2478942871094,125.99258422851562,43.38538360595703,245.009033203125
2024-07-01,94.14656829833984,44.32107162475586,235.07974243164062,204.83213806152344,57.88220977783203,70.13064575195312,51.99495315551758,95.75001525878906,46.54483413696289,230.72006225585938,87.43688201904297,47.06161880493164,89.2343978881836,39.889530181884766,417.9937744140625,81.7549057006836,526.1171264648438,26.195405960083008,40.34003829956055,152.30267333984375,171.4697723388672,117.9990463256836,290.6537780761719,125.65205383300781,43.38538360595703,240.1222381591797
2024-07-02,93.80827331542969,44.228736877441406,238.55831909179688,206.52178955078125,58.0377311706543,67.69356536865234,51.7010383605957,95.85871887207031,46.61558151245117,230.86700439453125,87.60225677490234,47.35326385498047,90.76729583740234,40.03679656982422,419.1144714355469,82.00543212890625,528.8662109375,26.017398834228516,40.39815139770508,151.77882385253906,169.0414276123047,118.8556137084961,289.5335693359375,124.82508850097656,43.38538360595703,241.4523162841797
2024-07-03,96.73676300048828,44.41340637207031,240.45916748046875,208.16343688964844,58.3487663269043,66.8620834350586,51.41691207885742,95.65338897705078,46.765926361083984,231.0629425048828,88.08000946044922,49.239227294921875,91.03555297851562,40.07361602783203,421.8917236328125,82.21276092529297,527.3729858398438,25.811281204223633,42.08342742919922,151.74000549316406,171.01266479492188,118.84609985351562,292.0589599609375,123.68678283691406,42.500732421875,240.3192901611328
2024-07-05,95.05506134033203,43.85939407348633,240.14552307128906,207.40501403808594,57.969688415527344,67.03411865234375,51.377716064453125,95.41180419921875,46.19108200073242,233.35543823242188,86.82132720947266,50.08500289916992,91.29423522949219,39.41093444824219,424.60076904296875,80.83922576904297,530.7549438476562,25.464635848999023,43.11008834838867,149.23724365234375,169.09857177734375,119.18872833251953,290.56536865234375,121.0501708984375,42.500732421875,240.60499572753906
2024-07-08,95.8282470703125,44.45957565307617,242.26499938964844,206.50257873535156,58.24184799194336,66.3077621459961,50.67230224609375,95.99159240722656,46.69517517089844,237.95025634765625,87.9697494506836,49.70586013793945,93.21038055419922,39.73306655883789,424.6202392578125,81.59077453613281,524.0702514648438,25.35220718383789,42.742042541503906,147.908203125,170.9840850830078,120.87334442138672,295.0363464355469,120.90424346923828,43.498321533203125,238.39808654785156
2024-07-09,87.43905639648438,44.13639831542969,242.07489013671875,204.4865264892578,57.2115364074707,66.77608489990234,49.69256591796875,94.85616302490234,45.616241455078125,237.33303833007812,86.96832275390625,49.385047912597656,92.75050354003906,39.16242980957031,420.1960754394531,80.51097106933594,524.7525634765625,25.211671829223633,42.50958251953125,145.7545928955078,167.90818786621094,119.21728515625,293.7196350097656,120.8847885131836,42.19017028808594,238.67396545410156
2024-07-10,93.65365600585938,45.013587951660156,242.9873046875,207.8658447265625,57.629493713378906,66.661376953125,49.98648452758789,96.11238861083984,45.731204986572266,238.3323211669922,88.29132080078125,50.153045654296875,92.233154296875,39.30048751831055,423.85040283203125,80.2086181640625,539.0413818359375,25.13671875,44.03020477294922,148.7715606689453,171.098388671875,120.53070831298828,300.06744384765625,123.83271789550781,43.131282806396484,244.06320190429688
2024-07-11,94.66846466064453,45.29059982299805,245.21133422851562,209.133056640625,58.805606842041016,67.23480987548828,51.211158752441406,97.48939514160156,46.35026931762695,239.53736877441406,90.34011840820312,50.07527160644531,93.47862243652344,39.4937629699707,423.79193115234375,81.34027099609375,549.5528564453125,26.317201614379883,45.68642044067383,154.20404052734375,174.0504913330078,123.45262145996094,308.51806640625,126.25527954101562,44.110042572021484,250.93032836914062
2024-07-12,94.59114837646484,45.75226974487305,248.35728454589844,211.8595428466797,59.097198486328125,67.51197814941406,52.02434158325195,97.69471740722656,46.792457580566406,241.12449645996094,90.62492370605469,49.851680755615234,94.19718170166016,40.15645217895508,429.4536437988281,82.11772918701172,548.3366088867188,26.598268508911133,46.01573181152344,156.28004455566406,176.59307861328125,124.31869506835938,312.8416748046875,125.7201919555664,46.189910888671875,248.782470703125
2024-07-15,92.29087829589844,45.42910385131836,246.96009826660156,210.1027069091797,59.39852523803711,67.61709594726562,51.828399658203125,96.87336730957031,47.110836029052734,236.94114685058594,89.70618438720703,49.15943145751953,92.16608428955078,40.6258430480957,426.9979248046875,82.62740325927734,550.3638305664062,27.029239654541016,45.86075973510742,159.93719482421875,176.8978271484375,124.56616973876953,312.93994140625,128.33731079101562,45.96403884887695,250.15196228027344
2024-07-16,94.43650817871094,46.4909553527832,254.2689666748047,214.5380401611328,60.36079406738281,69.9586181640625,53.10206604003906,99.30123901367188,48.375492095947266,240.21336364746094,92.039794921875,48.81818389892578,93.9959945678711,41.88676834106445,434.3553466796875,84.45013427734375,571.0208129882812,27.900545120239258,46.80025863647461,161.16921997070312,181.8688201904297,126.80278778076172,320.73223876953125,129.11566162109375,46.35929870605469,258.9304504394531
2024-07-17,91.89461517333984,47.69131851196289,257.063232421875,213.94281005859375,60.18583679199219,69.64322662353516,54.414920806884766,98.9630126953125,49.0034065246582,238.38133239746094,92.26947784423828,47.28742980957031,92.70259857177734,42.107662200927734,437.824462890625,85.29670715332031,558.0570068359375,28.67816162109375,46.7518310546875,159.09323120117188,182.42111206054688,127.3072280883789,320.14263916015625,126.54717254638672,45.03233337402344,252.02391052246094
2024-07-18,90.66715240478516,47.64514923095703,253.3755645751953,214.97964477539062,59.981719970703125,69.20360565185547,54.08181381225586,97.05455017089844,48.43740463256836,237.35263061523438,91.38748931884766,44.771934509277344,92.56847381591797,42.218109130859375,434.65740966796875,84.82159423828125,557.770263671875,27.947383880615234,46.01573181152344,160.71328735351562,183.37339782714844,125.35612487792969,319.8085632324219,125.63261413574219,44.062984466552734,252.30963134765625
2024-07-19,89.0047836303711,46.675628662109375,249.8779296875,211.19712829589844,59.33048629760742,68.56326293945312,53.67031478881836,96.19692993164062,47.667999267578125,238.23435974121094,89.2560043334961,44.75243377685547,91.65830993652344,42.08005142211914,433.4002990722656,83.79360961914062,552.8457641601562,27.769376754760742,45.52177047729492,157.63809204101562,182.08782958984375,121.86316680908203,316.2612609863281,124.96129608154297,43.790061950683594,252.35891723632812
2024-07-22,90.43519592285156,46.86030578613281,236.2297821044922,215.2196502685547,59.592926025390625,68.22876739501953,53.6605224609375,97.01831817626953,48.12786865234375,241.34982299804688,89.40299987792969,44.859683990478516,94.02474212646484,42.78874969482422,434.71588134765625,84.19962310791016,561.4091796875,27.535154342651367,45.802650451660156,158.45297241210938,184.21145629882812,122.17725372314453,316.7525634765625,124.3094482421875,45.17349624633789,256.76287841796875
2024-07-23,88.41522979736328,46.4909553527832,243.31048583984375,211.74435424804688,60.953712463378906,67.39729309082031,53.28822326660156,96.84919738769531,47.81834030151367,241.71231079101562,89.52243041992188,44.13818359375,94.88700103759766,42.264122009277344,435.992431640625,82.99885559082031,558.7689819335938,26.860597610473633,45.58957290649414,156.71653747558594,183.6210174560547,120.60684967041016,338.5179748535156,123.19058990478516,46.218135833740234,256.3096923828125
2024-07-24,87.8353271484375,46.53712844848633,247.3022918701172,206.2049560546875,60.3219108581543,68.31478118896484,52.72976303100586,96.13653564453125,47.155052185058594,240.448486328125,88.54856872558594,43.075439453125,93.96725463867188,42.5954704284668,432.43560791015625,82.30776977539062,531.8327026367188,26.757537841796875,46.19975662231445,150.1587677001953,184.05905151367188,119.19825744628906,326.254638671875,119.9507827758789,45.98286056518555,246.81199645996094
2024-07-25,87.95130157470703,46.86030578613281,245.8196258544922,200.7423858642578,60.31219482421875,70.25489044189453,54.16019058227539,95.46012878417969,46.73939514160156,238.71444702148438,89.24681091308594,43.41668701171875,93.0858154296875,42.540245056152344,431.72418212890625,83.44806671142578,540.9398803710938,27.450836181640625,44.26266098022461,152.32205200195312,184.97329711914062,119.8644790649414,336.7884826660156,124.14405822753906,44.88174819946289,250.02389526367188
2024-07-26,89.69100952148438,47.92216491699219,248.04364013671875,205.19691467285156,61.47858428955078,71.7171401977539,54.26795959472656,96.84919738769531,46.74824142456055,240.26234436035156,92.54511260986328,43.87493896484375,94.69538116455078,43.18452072143555,439.8708801269531,84.0182113647461,559.3128051757812,27.70379638671875,45.2602653503418,156.07626342773438,189.5061798095703,121.39680480957031,343.156005859375,127.0044174194336,45.9358024597168,257.8466796875
2024-07-29,88.5988540649414,48.10683059692383,252.567626953125,204.40013122558594,61.468868255615234,71.3252944946289,54.336544036865234,97.73097229003906,46.74824142456055,242.887939453125,93.02285766601562,43.27043914794922,95.38518524169922,42.92680358886719,438.47735595703125,84.13050842285156,570.4175415039062,27.36651611328125,45.79296875,154.6405792236328,188.93479919433594,121.57764434814453,346.42816162109375,126.9849624633789,44.75,260.6250305175781
2024-07-30,89.41070556640625,48.38383102416992,251.1325225830078,207.1553955078125,61.47858428955078,73.04558563232422,54.40511703491211,97.12701416015625,47.48227310180664,224.21482849121094,94.87870788574219,42.753684997558594,95.46184539794922,42.264122009277344,439.3446350097656,84.8820571899414,578.4964599609375,27.70379638671875,45.91888427734375,154.65994262695312,188.3062744140625,121.07321166992188,345.7304382324219,125.36019134521484,43.98769760131836,266.0143127441406
2024-07-31,90.53184509277344,48.61467742919922,250.77139282226562,208.16343688964844,62.0423469543457,73.00735473632812,54.96358108520508,101.10099792480469,48.172096252441406,226.00767517089844,94.93384552001953,44.274688720703125,95.30854797363281,42.77954864501953,441.9270324707031,85.91866302490234,586.733642578125,27.89117431640625,47.52666473388672,158.06492614746094,190.3346710205078,120.85431671142578,344.7085266113281,129.61181640625,42.19957733154297,270.4577331542969
2024-08-01,90.04859924316406,48.476173400878906,273.2205505371094,205.4945526123047,62.73246383666992,72.44348907470703,51.9263801574707,99.84479522705078,47.11967468261719,235.3638458251953,93.436279296875,42.539188385009766,94.69538116455078,42.9176025390625,441.7711181640625,84.77838897705078,578.367919921875,27.038606643676758,47.99156951904297,151.11917114257812,188.5539093017578,119.807373046875,344.29583740234375,122.92789459228516,40.769081115722656,267.1275939941406
2024-08-02,84.07564544677734,48.56850814819336,267.7745361328125,201.9712371826172,62.946292877197266,69.97772216796875,50.53514099121094,95.56883239746094,45.996517181396484,232.3855438232422,89.56836700439453,40.920692443847656,92.10858917236328,42.282535552978516,442.4142761230469,81.53895568847656,561.9135131835938,25.652008056640625,46.98427200317383,146.5306854248047,187.30638122558594,117.50411224365234,341.22021484375,117.9952163696289,39.31977081298828,262.4083251953125
2024-08-05,80.7219009399414,47.506649017333984,264.6666564941406,194.18540954589844,60.9245491027832,69.63367462158203,50.27060317993164,94.02272033691406,45.11213684082031,226.55630493164062,86.53651428222656,39.84819412231445,90.64275360107422,40.89275360107422,432.1821594238281,79.95811462402344,546.2006225585938,24.84628677368164,45.55082321166992,146.01654052734375,182.53536987304688,113.63045501708984,333.201904296875,118.12171173095703,37.68223190307617,253.6298370361328
2024-08-06,76.8655776977539,48.43000411987305,264.7522277832031,197.4014892578125,61.52718734741211,70.14976501464844,50.14324188232422,94.2763900756836,46.41217803955078,228.97618103027344,87.68494415283203,40.013946533203125,92.43435668945312,41.44498825073242,434.2870788574219,82.54965209960938,538.7645874023438,25.286623001098633,46.102901458740234,145.4733123779297,187.28732299804688,113.31637573242188,338.1445007324219,119.06542205810547,37.95515060424805,242.5065155029297
2024-08-07,76.41130828857422,47.968326568603516,263.6877746582031,194.7134246826172,61.18699264526367,70.05418395996094,49.751346588134766,93.2738265991211,46.13801574707031,226.85018920898438,86.19658660888672,38.53194046020508,90.25952911376953,40.754695892333984,430.58404541015625,81.92768096923828,532.2875366210938,24.92123794555664,44.940650939941406,140.84600830078125,184.1923828125,112.61207580566406,333.8111267089844,115.89371490478516,36.75993347167969,237.65914916992188
2024-08-08,79.0885238647461,48.98401641845703,265.3699951171875,199.42715454101562,61.429988861083984,76.00831604003906,50.50574493408203,94.84410095214844,46.58020782470703,232.34634399414062,87.70331573486328,40.013946533203125,91.5433349609375,41.27931594848633,436.119140625,83.10252380371094,532.9698486328125,25.127349853515625,46.209442138671875,141.292236328125,187.382568359375,113.4781723022461,336.759033203125,116.95420837402344,36.995208740234375,242.6937255859375
2024-08-09,78.91455841064453,48.753177642822266,264.43853759765625,199.55197143554688,60.55519485473633,76.2568130493164,50.51554870605469,94.85616302490234,46.57136535644531,233.11048889160156,87.33582305908203,40.0236930847168,92.1756591796875,40.81912612915039,435.61236572265625,83.67267608642578,527.6004638671875,25.342836380004883,46.209442138671875,140.79750061035156,184.81138610839844,113.4876937866211,339.6381530761719,116.1953353881836,36.66582489013672,240.7330780029297
2024-08-12,73.45381927490234,48.476173400878906,260.3516845703125,199.16795349121094,60.31219482421875,77.26985931396484,50.18243408203125,94.61458587646484,46.1822395324707,232.42474365234375,86.88563537597656,40.520938873291016,91.76370239257812,40.96638488769531,435.3785095214844,82.70514678955078,519.2544555664062,25.63327407836914,47.25547790527344,137.1209259033203,184.106689453125,113.33453369140625,337.2798156738281,112.82904815673828,36.56230163574219,238.3291015625
2024-08-13,74.63297271728516,49.39952850341797,262.841796875,200.7327880859375,60.827354431152344,77.34632110595703,50.682098388671875,95.21854400634766,46.6598014831543,236.4317169189453,87.85950469970703,40.842689514160156,92.55889129638672,41.62906265258789,438.2239990234375,83.47398376464844,521.1729125976562,26.326568603515625,47.478240966796875,138.60513305664062,185.10659790039062,114.15775299072266,343.01837158203125,114.09381866455078,37.973976135253906,240.240478515625
2024-08-14,70.40935516357422,49.21485900878906,262.7848205566406,200.59840393066406,60.45799255371094,76.983154296875,50.93683624267578,95.12191772460938,46.6598014831543,234.60946655273438,87.84114074707031,40.86219024658203,92.65470123291016,42.448204040527344,439.66619873046875,83.09387969970703,519.5906982421875,25.895601272583008,47.59446334838867,137.03358459472656,185.06851196289062,114.74166107177734,346.03509521484375,111.9339599609375,38.783329010009766,238.9202423095703
2024-08-15,76.48863983154297,50.092044830322266,260.30419921875,204.01608276367188,61.23558807373047,76.7234878540039,51.69123458862305,96.9699935913086,47.64146041870117,235.0699462890625,90.40443420410156,42.490440368652344,94.92532348632812,43.58525466918945,444.49969482421875,84.17369842529297,533.7808227539062,25.951812744140625,47.759124755859375,140.87510681152344,186.4302978515625,116.84752655029297,350.280029296875,114.85270690917969,40.521175384521484,243.39186096191406
2024-08-16,76.71092987060547,48.24533462524414,262.3571472167969,204.45770263671875,61.64382553100586,77.8678970336914,52.710166931152344,96.84919738769531,47.67683792114258,235.7753143310547,89.80724334716797,42.353939056396484,94.4462890625,43.77119827270508,445.1623229980469,83.85407257080078,528.9649658203125,25.970550537109375,48.63081359863281,140.8848114013672,187.22067260742188,117.16342163085938,348.9459228515625,113.53926086425781,40.68234634399414,241.27940368652344
2024-08-19,80.0066909790039,49.030181884765625,260.57977294921875,204.7361297607422,61.88682174682617,78.0313949584961,53.20984649658203,96.80088806152344,47.446903228759766,237.29385375976562,89.66943359375,43.1436882019043,94.76244354248047,44.28254699707031,446.8772888183594,83.75904846191406,528.5498046875,26.186037063598633,49.57999038696289,139.75953674316406,187.61111450195312,117.97703552246094,350.5212707519531,112.9166030883789,41.23223876953125,241.14125061035156
2024-08-20,81.39845275878906,49.81503677368164,259.8669738769531,203.8433074951172,61.5174674987793,76.99276733398438,52.51422119140625,95.7379379272461,46.624427795410156,237.6465606689453,89.41218566894531,42.441688537597656,93.78521728515625,44.115196228027344,446.3803405761719,83.41351318359375,530.4187622070312,25.539583206176758,49.83181381225586,139.1095428466797,187.35400390625,117.73773956298828,349.8714599609375,112.80957794189453,40.777156829833984,242.43438720703125
2024-08-21,85.63170623779297,50.461387634277344,261.8628845214844,206.3201904296875,62.15898132324219,77.06007385253906,53.180450439453125,97.00623321533203,46.82783508300781,241.54576110839844,90.98323822021484,42.792686462402344,96.0462646484375,44.8124885559082,449.9664306640625,83.71585083007812,533.6818237304688,26.157928466796875,50.23860168457031,142.07803344726562,191.49647521972656,119.60432434082031,352.46099853515625,115.82561492919922,41.73472213745117,244.64549255371094
2024-08-22,83.96932220458984,50.461387634277344,260.8269348144531,207.5490264892578,62.013179779052734,75.85797119140625,53.44496536254883,96.98207092285156,46.48292922973633,241.23223876953125,90.70762634277344,42.21744155883789,96.18038940429688,44.589351654052734,449.927490234375,83.22345733642578,536.18359375,26.045503616333008,49.793067932128906,141.84519958496094,192.16307067871094,119.80533599853516,352.4018859863281,115.71858978271484,41.516666412353516,244.78369140625
2024-08-23,87.46804809570312,51.24623489379883,262.18603515625,210.29470825195312,62.751895904541016,77.32935333251953,54.45411682128906,97.9604721069336,47.34077835083008,242.2119598388672,92.60942077636719,43.54344177246094,95.88339233398438,45.463287353515625,453.8546142578125,84.907958984375,550.7097778320312,26.720064163208008,50.403263092041016,143.3100128173828,194.08668518066406,121.11671447753906,353.20928955078125,117.6060562133789,42.976715087890625,251.60462951660156
2024-08-26,85.96031951904297,51.56941223144531,264.9422607421875,209.32504272460938,62.538055419921875,78.51223754882812,54.52269744873047,98.61274719238281,47.782958984375,242.05520629882812,92.82073211669922,44.060184478759766,96.41031646728516,45.24015808105469,456.5052490234375,85.71369934082031,537.3801879882812,26.841859817504883,50.6163330078125,145.93893432617188,194.64854431152344,121.47088623046875,355.1391296386719,119.40594482421875,43.782588958740234,247.4488983154297
2024-08-27,85.99898529052734,51.52324295043945,264.1343994140625,208.72984313964844,62.265899658203125,78.49300384521484,54.43452072143555,99.63945007324219,47.55302810668945,243.60313415527344,92.44404602050781,44.099185943603516,96.59235382080078,45.54697036743164,460.2862548828125,85.57357025146484,512.7874755859375,27.06671142578125,51.04249954223633,145.87103271484375,195.13424682617188,121.67191314697266,354.4400634765625,118.12171173095703,44.45572280883789,237.31126403808594
2024-08-28,85.05182647705078,51.89258575439453,263.0699768066406,210.0546875,61.71186828613281,78.71418762207031,54.86560821533203,99.68775939941406,47.32307815551758,244.5436553955078,91.9295425415039,42.77318572998047,98.07735443115234,45.08210372924805,460.77349853515625,85.58232879638672,508.49591064453125,26.851226806640625,50.19986343383789,143.61074829101562,195.29612731933594,122.1792221069336,356.13360595703125,114.83323669433594,44.62638473510742,232.7310791015625
2024-08-29,88.57952880859375,52.215763092041016,263.36456298828125,209.84349060058594,60.642669677734375,79.75281524658203,55.84535217285156,100.76278686523438,47.63261795043945,245.01390075683594,92.79315948486328,42.73419189453125,98.61387634277344,44.72880935668945,460.66632080078125,85.97643280029297,518.1470336914062,26.804384231567383,51.50740051269531,145.531494140625,196.7912139892578,123.32788848876953,355.06036376953125,115.58238220214844,44.721187591552734,238.1700439453125
2024-08-30,87.22643280029297,52.815940856933594,265.02783203125,212.9827880859375,62.022911071777344,79.90669250488281,56.13927459716797,102.23102569580078,48.00895309448242,248.0411834716797,94.05184936523438,43.172935485839844,99.6294174194336,45.01702117919922,466.04541015625,86.44060516357422,528.20361328125,26.766908645629883,51.71079635620117,147.36495971679688,199.54335021972656,124.1798095703125,363.6855773925781,116.2731704711914,44.95820999145508,242.0493927001953
2024-09-03,81.30179595947266,52.215763092041016,261.5492248535156,211.12033081054688,62.3056755065918,76.07917022705078,54.6063232421875,99.64645385742188,46.53050994873047,242.8977508544922,92.14086151123047,40.3259391784668,99.23661804199219,44.41270446777344,461.95263671875,83.83074951171875,514.41845703125,25.717592239379883,50.62602233886719,140.1087646484375,196.24839782714844,122.47596740722656,358.1520690917969,110.87348175048828,43.32750701904297,235.93919372558594
2024-09-04,81.91069793701172,52.308101654052734,261.0550537109375,210.99501037597656,63.241722106933594,77.06007385253906,54.53752899169922,99.13680267333984,46.2169075012207,241.86907958984375,91.17617797851562,40.5696907043457,98.78632354736328,43.98503494262695,461.43463134765625,83.08633422851562,506.3078308105469,25.63327407836914,49.986785888671875,137.4701385498047,194.80091857910156,121.25071716308594,357.1181945800781,110.05622863769531,43.20425033569336,231.80319213867188
2024-09-05,79.83272552490234,51.800254821777344,259.99053955078125,210.83114624023438,62.939456939697266,75.53099822998047,54.154300689697266,98.74850463867188,45.974979400634766,241.6927032470703,90.04612731933594,40.36494445800781,98.3647689819336,44.18027877807617,454.9743347167969,82.52581787109375,501.1680603027344,25.066789627075195,50.54153823852539,135.42327880859375,194.2486114501953,119.9201889038086,354.5384521484375,108.30497741699219,42.98619842529297,229.1676025390625
2024-09-06,74.32368469238281,51.730220794677734,255.39041137695312,209.07687377929688,62.6956901550293,75.55023193359375,54.37049102783203,96.03043365478516,45.41048049926758,240.0762176513672,89.27436828613281,38.99994659423828,98.69052124023438,43.79909133911133,446.5007629394531,81.87773132324219,497.61285400390625,24.150981903076172,48.994056701660156,134.6374969482422,192.18212890625,119.44158935546875,355.2769470214844,107.99364471435547,42.39838409423828,228.9800567626953
2024-09-09,75.7831039428711,51.82359313964844,260.2471618652344,211.6504669189453,62.68593978881836,75.46369171142578,54.83232879638672,96.54006958007812,45.96601486206055,244.1322021484375,90.04612731933594,39.38994598388672,99.12165069580078,44.263946533203125,452.5896301269531,83.00751495361328,501.2770080566406,23.6600284576416,49.3638916015625,136.7037811279297,194.7723846435547,120.743408203125,358.2997131347656,107.74068450927734,42.16135787963867,228.84185791015625
2024-09-10,75.9860610961914,51.49678421020508,261.5872802734375,211.53482055664062,62.97844696044922,73.83843231201172,54.419620513916016,96.47940063476562,45.53592300415039,245.61151123046875,90.21150207519531,39.39969253540039,98.49890899658203,43.752601623535156,453.2151184082031,82.14046478271484,502.2871398925781,23.169078826904297,49.92838668823242,135.4329833984375,195.2580108642578,120.50410461425781,366.12738037109375,105.79486083984375,41.07106018066406,229.94741821289062
2024-09-11,86.30825805664062,50.88983917236328,263.9443359375,210.41668701171875,63.524471282958984,74.4827651977539,54.19361114501953,96.96478271484375,45.455284118652344,244.35751342773438,90.89136505126953,40.26744079589844,98.94918823242188,43.81768798828125,454.5736083984375,82.28935241699219,502.8714294433594,23.49952507019043,49.383358001708984,133.64804077148438,194.96278381347656,120.13078308105469,365.8812561035156,105.17219543457031,41.27015686035156,229.94741821289062
2024-09-12,85.53507232666016,50.79646301269531,266.1398010253906,210.58053588867188,63.99250411987305,74.72317504882812,54.734073638916016,97.57147979736328,45.034149169921875,245.60171508789062,91.52529907226562,40.76469039916992,99.10250091552734,44.570762634277344,456.75311279296875,82.2017822265625,510.33843994140625,23.77332878112793,51.46614074707031,136.39334106445312,198.4767608642578,120.1212158203125,368.2147521972656,107.5461196899414,42.27513122558594,233.22463989257812
2024-09-13,84.89909362792969,51.310028076171875,270.0461120605469,211.49623107910156,64.353271484375,76.11763763427734,55.6479377746582,98.79704284667969,44.93558883666992,245.4547576904297,94.72252655029297,41.593448638916016,99.24620056152344,45.277339935302734,458.1897888183594,81.60624694824219,515.6365966796875,24.915729522705078,52.273948669433594,139.29388427734375,200.238525390625,121.54747772216797,369.6227722167969,109.7838134765625,42.58799743652344,234.40914916992188
2024-09-16,86.75359344482422,51.91697311401367,274.5511474609375,213.0577392578125,65.32832336425781,76.6754150390625,55.294185638427734,99.50083923339844,45.39255905151367,248.06077575683594,97.58392333984375,41.81768798828125,99.29410552978516,46.32792663574219,464.1516418457031,82.39446258544922,524.6484375,24.00935935974121,51.70945358276367,138.6827392578125,205.57449340820312,121.89207458496094,373.2264404296875,108.00337982177734,44.30403137207031,239.7395477294922
2024-09-17,87.20991516113281,51.310028076171875,276.6990966796875,212.24806213378906,65.54283142089844,78.34873962402344,56.05082702636719,100.54437255859375,46.154178619384766,245.9300537109375,98.09323120117188,42.051692962646484,99.84979248046875,46.0118293762207,460.97528076171875,83.19142150878906,528.8671875,24.217069625854492,51.68998718261719,137.92608642578125,204.24288940429688,122.00692749023438,372.1827392578125,111.38912963867188,44.872886657714844,241.96055603027344
2024-09-18,84.07378387451172,51.403404235839844,273.0589599609375,201.79954528808594,64.86029815673828,78.36797332763672,56.44388961791992,100.52011108398438,46.27066421508789,244.03492736816406,98.50994110107422,42.82193374633789,99.12165069580078,46.05830764770508,456.45013427734375,82.27184295654297,528.83740234375,24.434219360351562,51.64132308959961,138.70213317871094,203.4765167236328,122.00692749023438,369.5340881347656,112.0020523071289,45.375370025634766,241.24984741210938
2024-09-19,86.73417663574219,51.87028121948242,273.4581604003906,207.97805786132812,65.43557739257812,79.94515228271484,57.58377456665039,100.93267822265625,47.39069366455078,246.66647338867188,100.25086212158203,44.01143264770508,98.91088104248047,46.467384338378906,458.5416564941406,84.15480041503906,543.3951416015625,25.23673439025879,52.08903121948242,144.54200744628906,206.5995635986328,123.70120239257812,373.9057922363281,116.83744812011719,46.47515106201172,250.4003448486328
2024-09-20,83.53006744384766,50.88983917236328,273.7052917480469,203.93934631347656,64.65552520751953,78.48339080810547,56.58146667480469,101.12681579589844,46.3333854675293,246.892333984375,98.74144744873047,43.41668701171875,98.32418823242188,45.28664016723633,461.2196044921875,82.35942840576172,540.9984741210938,24.132097244262695,53.01362991333008,141.93252563476562,203.95550537109375,121.08800506591797,372.6947021484375,116.5844955444336,44.94873046875,248.80125427246094
2024-09-23,86.1321792602539,51.730220794677734,277.5735168457031,207.90093994140625,65.56233215332031,80.07978057861328,56.99418258666992,102.0611572265625,46.62907409667969,250.2406463623047,100.01936340332031,44.01143264770508,99.53604125976562,45.04491424560547,466.5461120605469,81.97406768798828,540.1171264648438,23.924388885498047,53.02335739135742,142.6018524169922,205.48829650878906,121.8537826538086,375.9931945800781,117.68388366699219,44.31351852416992,249.07763671875
2024-09-24,87.83133697509766,52.24378967285156,280.9380187988281,210.59019470214844,65.4648208618164,81.63771057128906,56.84678649902344,105.70142364501953,47.89246368408203,249.6613006591797,102.39923858642578,47.501930236816406,100.59400939941406,45.221561431884766,468.4910583496094,84.1635513305664,530.7288818359375,24.169864654541016,54.356727600097656,146.1038360595703,206.08224487304688,122.83013916015625,375.6879577636719,121.29340362548828,45.034061431884766,246.64932250976562
2024-09-25,84.06407928466797,51.730220794677734,281.0616455078125,210.91790771484375,64.77254486083984,80.6279525756836,56.1589241027832,104.28172302246094,47.345890045166016,250.21119689941406,102.16773223876953,47.1021842956543,100.02655029296875,44.7102165222168,466.20404052734375,83.07757568359375,530.818115234375,23.933826446533203,53.78250503540039,144.4256134033203,205.32542419433594,122.37066650390625,375.3138122558594,119.99942779541016,45.318485260009766,246.41244506835938
2024-09-26,92.40446472167969,52.99079513549805,284.6162414550781,213.75172424316406,65.32832336425781,81.75312042236328,57.01383590698242,108.22534942626953,49.03041076660156,251.13417053222656,105.35322570800781,50.61217498779297,100.71904754638672,45.602745056152344,470.76824951171875,84.17230987548828,534.4228515625,25.047908782958984,54.0452880859375,146.08444213867188,205.7948760986328,128.79359436035156,378.0214538574219,121.84796142578125,46.9397087097168,247.35020446777344
2024-09-27,93.2588882446289,52.99079513549805,285.4715881347656,214.310791015625,65.7865982055664,82.35897827148438,57.56412887573242,108.6500473022461,49.352989196777344,249.98533630371094,104.0660629272461,50.056427001953125,101.10376739501953,45.59344482421875,468.6474304199219,84.45256805419922,533.8880004882812,25.510534286499023,52.458866119384766,146.162353515625,206.6378631591797,128.8031768798828,376.8399658203125,122.56793975830078,47.489601135253906,247.0145721435547
2024-09-30,91.95783233642578,52.897422790527344,282.98150634765625,212.78782653808594,66.21561431884766,82.51285552978516,57.77048110961914,108.12828063964844,48.94977569580078,250.71194458007812,103.6678695678711,48.67192840576172,100.92102813720703,45.416805267333984,466.05743408203125,83.98839569091797,533.036376953125,25.28394317626953,52.02090072631836,146.36679077148438,206.35049438476562,126.79302978515625,375.7962951660156,123.1147689819336,46.85438919067383,247.20208740234375
2024-10-01,91.57916259765625,52.85073471069336,278.6407165527344,211.88180541992188,65.92311096191406,83.86883544921875,56.98435592651367,106.68431091308594,48.8691291809082,248.9641571044922,102.44552612304688,49.120426177978516,99.18018341064453,45.75149917602539,464.2591247558594,83.90956115722656,529.7979736328125,25.53885841369629,52.69245147705078,148.6741485595703,206.24510192871094,125.1466064453125,374.7230224609375,126.19066619873047,46.238128662109375,244.30003356933594
2024-10-02,91.33644104003906,52.4305419921875,277.2734680175781,208.70098876953125,64.83104705810547,84.77283477783203,57.623085021972656,106.84204864501953,48.99457550048828,249.3765411376953,102.00103759765625,49.5494270324707,99.06475067138672,44.72880935668945,465.0605773925781,83.44540405273438,516.0030517578125,25.5860652923584,52.556190490722656,147.44741821289062,203.86927795410156,125.08917999267578,372.3403015136719,124.59901428222656,45.346927642822266,237.36061096191406
2024-10-03,91.56945037841797,52.05703353881836,273.0474548339844,204.9128875732422,63.7194938659668,85.86914825439453,57.08262252807617,105.73783874511719,48.833290100097656,246.23443603515625,99.94527435302734,48.52568054199219,96.78531646728516,44.58005905151367,459.1085205078125,83.08633422851562,516.1812744140625,25.293384552001953,51.77758026123047,147.2916717529297,203.07415771484375,122.37066650390625,367.358154296875,124.54042053222656,44.209228515625,237.99237060546875
2024-10-04,99.12338256835938,52.29047775268555,272.970947265625,206.84066772460938,64.37277221679688,86.69621276855469,57.318458557128906,106.22320556640625,49.5859489440918,246.47991943359375,100.93611907958984,49.28617858886719,96.63141632080078,45.119293212890625,457.5740661621094,84.7328109741211,519.0333862304688,25.425561904907227,51.91384506225586,147.43771362304688,204.40577697753906,123.06945037841797,365.5858154296875,125.20442962646484,44.33247375488281,238.31813049316406
2024-10-07,101.43421936035156,51.87028121948242,298.9676818847656,206.23342895507812,62.35442352294922,84.79206848144531,56.46354675292969,104.28172302246094,48.94081115722656,244.5455322265625,101.18614196777344,49.52017593383789,96.93920135498047,44.33832550048828,452.7459716796875,83.54173278808594,513.6262817382812,24.302040100097656,51.56346893310547,148.7130889892578,204.3865966796875,123.24173736572266,362.1200256347656,127.01093292236328,44.038570404052734,234.96194458007812
2024-10-08,97.34654998779297,51.730220794677734,296.739990234375,206.71536254882812,62.461673736572266,83.48417663574219,55.90342712402344,102.51011657714844,47.67742156982422,248.05096435546875,100.26012420654297,47.375179290771484,98.56462860107422,44.01292419433594,458.8055419921875,82.41197204589844,518.9144897460938,24.36812973022461,51.32988357543945,144.19570922851562,206.2834014892578,121.78677368164062,367.6535339355469,124.04241180419922,43.72570037841797,235.11988830566406
2024-10-09,98.95831298828125,51.59016036987305,300.1915283203125,207.87200927734375,63.1832160949707,84.09964752197266,55.52019500732422,103.91769409179688,47.86558532714844,251.0556182861328,101.60286712646484,47.6481819152832,98.10295867919922,43.789794921875,458.9326171875,82.56084442138672,526.01513671875,23.858301162719727,51.32014465332031,147.8076934814453,207.17434692382812,121.98779296875,373.1279602050781,127.11833190917969,43.66881561279297,238.52540588378906
2024-10-10,99.96808624267578,51.82359313964844,300.803466796875,207.3033447265625,62.861446380615234,84.88822174072266,55.56932830810547,104.73069763183594,48.04479217529297,251.1734619140625,101.96399688720703,48.301429748535156,98.70890045166016,43.69681930541992,458.7860107421875,82.90242004394531,529.342529296875,24.915729522705078,51.97224044799805,146.91197204589844,207.17434692382812,121.90162658691406,370.65655517578125,125.43878936767578,43.0430793762207,240.75625610351562
2024-10-11,99.055419921875,52.24378967285156,302.7635192871094,210.15643310546875,63.02720642089844,84.44585418701172,55.85429763793945,104.99765014648438,48.18815231323242,249.406005859375,102.38996124267578,48.7791748046875,98.73775482177734,44.803184509277344,463.3013610839844,82.14046478271484,539.6220092773438,24.698575973510742,52.848175048828125,147.8953094482422,208.79335021972656,122.76313018798828,373.1575012207031,126.80585479736328,43.23269271850586,244.31973266601562
2024-10-14,96.70573425292969,52.94410705566406,306.28204345703125,212.5565185546875,63.75849151611328,83.6668930053711,56.758338928222656,105.38594055175781,47.973106384277344,251.8018798828125,102.2417984008789,47.638427734375,101.12300109863281,44.70092010498047,466.7611389160156,81.83394622802734,546.999755859375,24.689136505126953,53.354270935058594,148.8007049560547,210.73806762695312,123.00243377685547,378.2479248046875,127.11833190917969,42.93879318237305,245.49441528320312
2024-10-15,92.9579086303711,53.084171295166016,309.0451965332031,211.93963623046875,64.38253021240234,81.81082153320312,56.30632400512695,102.7892074584961,47.10396957397461,253.57916259765625,102.1584701538086,46.239891052246094,102.0174789428711,44.38481521606445,469.8201904296875,80.63410949707031,556.4473266601562,24.103775024414062,54.191280364990234,147.63241577148438,211.52359008789062,124.31383514404297,382.57037353515625,125.43878936767578,42.13291549682617,249.53167724609375
2024-10-16,95.39495849609375,52.757354736328125,312.3629150390625,207.1683807373047,65.61109924316406,81.339599609375,57.927711486816406,103.49300384521484,47.435489654541016,255.0520477294922,100.67682647705078,46.91470718383789,101.67122650146484,44.60794448852539,473.01617431640625,80.50273895263672,565.3701171875,24.604164123535156,54.765499114990234,150.1929473876953,212.41455078125,124.78286743164062,383.3974609375,126.80585479736328,43.03359603881836,253.1741485595703
2024-10-17,91.91899871826172,52.5239143371582,314.3420715332031,210.4745330810547,65.14305114746094,82.49362182617188,57.927711486816406,103.43234252929688,47.56093978881836,252.44996643066406,101.35281372070312,46.89515686035156,100.40164947509766,43.352821350097656,475.049072265625,80.21372985839844,567.8953857421875,24.519189834594727,54.989349365234375,153.91195678710938,211.1404266357422,125.7400894165039,383.0922546386719,131.8738250732422,41.165870666503906,255.30628967285156
2024-10-18,92.3753433227539,52.47722625732422,317.52593994140625,209.48171997070312,65.57209014892578,80.77220153808594,58.37972640991211,103.25031280517578,47.58782196044922,256.7311096191406,100.78795623779297,47.12009048461914,100.50745391845703,43.49228286743164,475.43023681640625,80.12615203857422,575.372314453125,24.792993545532227,56.07940673828125,154.05801391601562,210.87216186523438,125.3284683227539,382.3832702636719,133.35806274414062,42.04759216308594,258.3465576171875
2024-10-21,91.11311340332031,51.91697311401367,317.0096740722656,207.63108825683594,64.53853607177734,80.95492553710938,58.222503662109375,102.98336029052734,46.781394958496094,254.50218200683594,99.8434066772461,46.8853645324707,100.0938949584961,43.631736755371094,472.4102478027344,78.59352111816406,571.9359130859375,24.5664005279541,56.03074264526367,151.98428344726562,209.89501953125,123.30875396728516,375.8750305175781,130.3114013671875,41.90538024902344,256.5895690917969
2024-10-22,93.65697479248047,51.310028076171875,315.87188720703125,204.72012329101562,63.836490631103516,80.67604064941406,58.09475326538086,103.00762939453125,46.65595245361328,253.56935119628906,99.13964080810547,47.46238708496094,99.90153503417969,44.18956756591797,471.0321350097656,78.39208221435547,555.5164794921875,24.962936401367188,57.11106491088867,142.1609649658203,207.55755615234375,121.18373107910156,355.8185119628906,128.70022583007812,42.227725982666016,250.44972229003906
2024-10-23,91.2296371459961,51.54347610473633,312.28643798828125,200.1512908935547,63.846248626708984,80.94530487060547,59.73579788208008,102.40090942382812,46.136260986328125,254.0406494140625,99.06555938720703,46.865806579589844,99.97846984863281,45.602745056152344,466.6145324707031,77.83158874511719,557.338623046875,24.991256713867188,56.19620132446289,137.91616821289062,219.04380798339844,120.87741088867188,357.1379089355469,125.61455535888672,44.228187561035156,250.3016357421875
2024-10-24,92.38504791259766,51.683528900146484,307.96478271484375,197.55844116210938,63.00770950317383,80.0317153930664,59.72597122192383,102.20677185058594,45.68824768066406,251.70367431640625,98.82479095458984,45.809574127197266,98.53577423095703,45.221561431884766,463.7118225097656,77.498779296875,565.1226196289062,25.217849731445312,47.93319320678711,137.60464477539062,217.95169067382812,121.79633331298828,356.0252685546875,127.27456665039062,43.47919845581055,252.83853149414062
2024-10-25,90.79270935058594,51.35671615600586,304.0638427734375,199.67898559570312,62.43242263793945,80.00285339355469,59.30343246459961,101.07827758789062,44.532379150390625,248.90525817871094,97.6302261352539,45.57484817504883,97.57398986816406,45.15647888183594,463.02764892578125,76.63174438476562,564.686767578125,25.43500328063965,47.12538528442383,137.731201171875,216.3710174560547,121.0401382446289,353.51458740234375,126.53244018554688,43.460235595703125,253.23338317871094
2024-10-28,95.28816986083984,51.730220794677734,304.29327392578125,199.5536651611328,62.97844696044922,78.77189636230469,60.06990432739258,101.81848907470703,44.899749755859375,251.81170654296875,98.80626678466797,45.70199203491211,98.29534149169922,45.221561431884766,465.2169189453125,76.82440185546875,572.668701171875,25.727685928344727,47.06698989868164,143.82574462890625,217.89422607421875,121.93035125732422,357.6794128417969,132.5280303955078,42.93879318237305,255.1680908203125
2024-10-29,93.84146118164062,51.029903411865234,301.46319580078125,198.74400329589844,61.71088790893555,78.24295806884766,59.73579788208008,101.2481689453125,44.33525848388672,249.1703338623047,97.08386993408203,45.545501708984375,97.45856475830078,43.96643829345703,463.90728759765625,76.35149383544922,578.224365234375,25.198970794677734,46.52196502685547,143.30975341796875,216.5626220703125,121.10713195800781,356.0548095703125,131.981201171875,42.38890075683594,256.2045593261719
2024-10-30,92.74430084228516,51.636844635009766,299.044189453125,200.25730895996094,62.58843994140625,78.64686584472656,60.50226593017578,101.04188537597656,44.209808349609375,248.03135681152344,97.2227783203125,44.95871353149414,97.27582550048828,45.58414840698242,462.6758117675781,76.32521057128906,598.9912719726562,25.65215492248535,45.68495559692383,138.92868041992188,219.18753051757812,120.29351806640625,356.3206787109375,129.64743041992188,47.470638275146484,272.6695861816406
2024-10-31,91.97725677490234,51.96366500854492,296.9024963378906,199.5536651611328,57.77168273925781,79.07962799072266,59.86354446411133,100.7021255493164,44.24564743041992,241.2855987548828,97.31537628173828,44.029605865478516,95.63115692138672,51.63662338256836,445.81658935546875,76.06248474121094,586.6024780273438,25.265058517456055,44.225059509277344,138.09141540527344,219.32162475585938,119.18313598632812,353.2486572265625,127.4308090209961,48.82640075683594,270.3992004394531
2024-11-01,95.38524627685547,47.90181350708008,295.64044189453125,198.66690063476562,57.53767395019531,80.83952331542969,59.80458068847656,100.10753631591797,43.8782844543457,240.1465606689453,93.60204315185547,44.58707046508789,95.15027618408203,51.8504638671875,446.9503173828125,75.80850219726562,574.5206298828125,25.387794494628906,44.04987335205078,139.76597595214844,220.3275146484375,119.0874252319336,352.46099853515625,130.50669860839844,48.78847885131836,266.90484619140625
2024-11-04,97.64755249023438,47.62167739868164,292.6573791503906,198.1464080810547,57.976444244384766,83.09949493408203,60.14851379394531,99.31880187988281,42.96434020996094,240.0778350830078,92.64823913574219,45.252113342285156,95.1887435913086,52.62212371826172,447.9374084472656,73.73287200927734,576.3427124023438,26.747352600097656,44.5365104675293,138.8313446044922,220.4999542236328,119.51817321777344,368.6381530761719,130.43838500976562,49.06342697143555,265.8468017578125
2024-11-05,96.88050079345703,47.90181350708008,292.9250793457031,199.2837677001953,58.48347091674805,83.24374389648438,60.67915344238281,103.95410919189453,42.91953659057617,242.3853302001953,93.41683197021484,45.95627212524414,95.31375885009766,53.5146598815918,444.58514404296875,74.76631164550781,576.8776245117188,26.511320114135742,44.77009201049805,140.7882080078125,222.8374481201172,119.31714630126953,372.3894958496094,132.4596710205078,49.12978744506836,269.6141357421875
2024-11-06,93.77349090576172,47.62167739868164,293.269287109375,196.74876403808594,58.76624298095703,79.89706420898438,60.66933059692383,102.32810974121094,43.3227424621582,240.28404235839844,96.00970458984375,45.83890914916992,84.22428894042969,54.695404052734375,452.1498107910156,75.69464874267578,611.3306274414062,26.04869270324707,43.29072952270508,163.3069305419922,231.44015502929688,120.3796615600586,374.8706970214844,150.6905975341797,50.447628021240234,287.1948547363281
2024-11-07,97.02616119384766,47.668365478515625,299.092041015625,198.03073120117188,58.44447326660156,81.39730072021484,57.623085021972656,105.07044982910156,43.81555938720703,241.83544921875,95.88004302978516,47.511287689208984,87.4847640991211,54.3049201965332,454.9255065917969,76.48285675048828,611.1820068359375,26.756792068481445,43.95254898071289,156.9105682373047,229.41880798339844,120.59025573730469,378.0904235839844,144.4703826904297,50.6751708984375,287.3332824707031
2024-11-08,97.90969848632812,47.715057373046875,299.25457763671875,197.70301818847656,58.75648498535156,80.50293731689453,57.318458557128906,102.13395690917969,41.65614700317383,245.5176239013672,93.96318817138672,45.340126037597656,88.75433349609375,53.34731674194336,449.0711975097656,74.70500183105469,613.5785522460938,26.180871963500977,43.835758209228516,154.6421356201172,230.482177734375,120.14993286132812,380.7193298339844,145.0562744140625,49.67020034790039,289.0340270996094
2024-11-11,107.27928161621094,48.13524627685547,300.1341552734375,197.192138671875,58.80523681640625,81.82044982910156,57.505165100097656,101.47871398925781,41.459014892578125,246.0282440185547,94.79661560058594,43.91224670410156,87.72521209716797,53.60762405395508,446.1000061035156,74.4159927368164,610.0827026367188,26.464111328125,41.198219299316406,154.85633850097656,231.34437561035156,120.57109832763672,383.2596130371094,144.32391357421875,49.59435272216797,288.7670593261719
2024-11-12,99.81275177001953,47.57499694824219,297.46661376953125,195.22579956054688,59.11725616455078,80.9933853149414,56.1392707824707,99.85272216796875,40.35690689086914,243.8189239501953,93.05569458007812,42.64084243774414,86.01322937011719,53.28223419189453,445.2693176269531,73.2161636352539,600.9124755859375,24.415340423583984,40.46826934814453,149.82296752929688,229.7349395751953,117.17378997802734,377.7655029296875,140.95506286621094,48.03001022338867,285.1480712890625
2024-11-13,105.0461196899414,47.20149230957031,299.15899658203125,195.64991760253906,60.92109298706055,81.94547271728516,56.66007995605469,101.19962310791016,40.312110900878906,245.3801727294922,93.31497192382812,42.17140579223633,86.41716766357422,52.41758728027344,445.9045715332031,73.07603454589844,599.3973999023438,24.660812377929688,40.127628326416016,148.17762756347656,228.3267059326172,118.781005859375,381.3298034667969,138.56268310546875,48.34288024902344,284.4855651855469
2024-11-14,99.1330795288086,47.5283088684082,302.01776123046875,192.6907958984375,60.39456558227539,82.45515441894531,56.41440963745117,100.81132507324219,39.95369338989258,243.131591796875,93.29645538330078,42.31810760498047,85.95551300048828,52.92893600463867,443.21685791015625,72.30532836914062,582.2649536132812,24.849641799926758,39.59232711791992,142.5114288330078,225.70181274414062,118.87724304199219,382.4817810058594,134.5688934326172,47.73609924316406,279.5119323730469
2024-11-15,100.52153778076172,47.715057373046875,303.1842346191406,190.58950805664062,59.40001678466797,84.22537994384766,54.252559661865234,99.31880187988281,39.46088409423828,240.804443359375,94.09283447265625,41.760650634765625,82.84891510009766,53.97220230102539,438.9263000488281,72.3841552734375,577.3827514648438,24.906286239624023,39.83565139770508,143.19296264648438,225.9029998779297,117.9244613647461,373.8455810546875,136.1312713623047,49.274627685546875,276.1500244140625
2024-11-18,101.00699615478516,47.388248443603516,313.5007019042969,191.14854431152344,59.34151840209961,84.5252456665039,56.0016975402832,99.36736297607422,39.62216567993164,241.521240234375,96.31526947021484,42.591949462890625,83.30096435546875,54.08468246459961,438.4082946777344,72.86583709716797,576.006103515625,24.36812973022461,41.227413177490234,143.3584442138672,228.1063690185547,118.781005859375,370.2550048828125,137.38111877441406,50.97242736816406,275.6161193847656
2024-11-19,103.35668182373047,46.17435836791992,313.6058654785156,189.8858642578125,58.41522216796875,84.68002319335938,57.23002624511719,98.7242431640625,39.1114387512207,239.8814697265625,93.83355712890625,43.149410247802734,85.5323257446289,54.215911865234375,434.00048828125,71.99003601074219,577.0557861328125,23.97159194946289,42.02549362182617,140.85635375976562,228.2979736328125,116.52897644042969,368.4301452636719,136.94174194335938,50.70536422729492,274.894287109375
2024-11-20,106.36660766601562,48.27531433105469,313.4624328613281,190.5027618408203,58.91249084472656,86.97259521484375,57.74100112915039,99.31880187988281,39.3623161315918,237.39723205566406,93.87059783935547,42.7386474609375,85.44576263427734,55.15324783325195,439.9427490234375,72.23527526855469,579.5910034179688,24.018800735473633,41.84056854248047,144.254150390625,233.84471130371094,116.7310791015625,366.6151123046875,140.65235900878906,53.12807846069336,274.696533203125
2024-11-21,105.81315612792969,49.49496078491211,314.4472351074219,192.38235473632812,59.31227111816406,87.6787338256836,59.706321716308594,100.41089630126953,40.150821685791016,239.0173797607422,95.93561553955078,42.797325134277344,86.349853515625,55.47195053100586,444.7610778808594,72.51553344726562,584.8792114257812,24.594722747802734,42.161746978759766,146.02606201171875,234.99429321289062,118.0688247680664,378.1168212890625,141.55072021484375,53.76713943481445,278.02874755859375
2024-11-22,105.2305908203125,49.589508056640625,317.26776123046875,195.27401733398438,60.31657028198242,86.85649871826172,60.16816329956055,101.10255432128906,40.733238220214844,240.8633575439453,97.77838897705078,42.75820541381836,87.34049224853516,55.60318374633789,444.4776306152344,73.45262908935547,592.0194702148438,24.57583999633789,42.22014236450195,147.905029296875,236.03851318359375,118.03995513916016,383.0292053222656,140.19342041015625,54.02467346191406,281.4202880859375
2024-11-25,106.78411102294922,49.542236328125,319.3138732910156,200.43080139160156,60.90159225463867,84.53491973876953,63.01787567138672,102.44945526123047,41.10060501098633,242.4540557861328,98.00989532470703,43.4036865234375,87.41744232177734,55.83750915527344,445.3670349121094,73.6190185546875,598.1494140625,24.764667510986328,41.324737548828125,149.3848419189453,236.89109802246094,121.06194305419922,394.2843322753906,141.57025146484375,53.65268325805664,287.1157531738281
2024-11-26,103.68680572509766,49.11677551269531,320.08831787109375,197.23069763183594,60.813846588134766,85.26042175292969,62.153141021728516,101.7335205078125,39.908897399902344,242.90574645996094,97.20426177978516,42.52348709106445,87.4559097290039,55.40633010864258,446.25640869140625,71.9375,591.1875610351562,23.981037139892578,41.120357513427734,149.9300537109375,237.60958862304688,118.71363830566406,390.7628173828125,140.2519989013672,52.96592712402344,285.1678161621094
2024-11-27,104.84222412109375,49.63677978515625,318.5967712402344,197.74154663085938,61.03810119628906,85.763427734375,61.41614532470703,101.80633544921875,39.998504638671875,243.21995544433594,96.51900482177734,42.797325134277344,87.3501205444336,54.722076416015625,446.7646484375,72.72571563720703,589.8309326171875,24.292598724365234,41.15951919555664,150.67971801757812,236.651611328125,118.80988311767578,388.6123962402344,140.44729614257812,52.23147964477539,283.18035888671875
2024-11-29,104.57035064697266,50.29860305786133,319.65802001953125,198.51266479492188,60.60908126831055,86.73075866699219,61.1606559753418,101.89166259765625,40.24427795410156,244.27061462402344,96.97274017333984,43.2276496887207,87.86949157714844,55.14387893676758,450.54693603515625,72.98844909667969,594.1883544921875,24.9818172454834,41.061607360839844,150.60182189941406,238.39515686035156,119.69530487060547,392.00567626953125,141.8534393310547,52.47947692871094,284.90087890625
2024-12-02,108.06575012207031,49.967689514160156,320.89141845703125,198.69580078125,61.46011734008789,87.98828125,61.31830978393555,102.05012512207031,40.39903259277344,243.95639038085938,96.55604553222656,42.67996597290039,87.78292846679688,54.79705810546875,449.2763977050781,73.032958984375,588.2484741210938,26.039249420166016,40.05318069458008,152.23739624023438,234.5153045654297,121.23516845703125,390.2104187011719,141.40423583984375,52.5653190612793,283.8329772949219
2024-12-03,105.90054321289062,49.92041778564453,316.1300048828125,197.78012084960938,60.794944763183594,91.06438446044922,61.09168243408203,101.0993423461914,39.934776306152344,243.68145751953125,95.3244400024414,42.86579132080078,86.71532440185547,55.03139877319336,449.0999755859375,71.90251922607422,583.8159790039062,26.039249420166016,40.69936752319336,150.88414001464844,233.79681396484375,121.4372787475586,389.9539489746094,139.8321075439453,52.67024230957031,283.2890930175781
2024-12-04,99.62828063964844,49.49496078491211,313.10870361328125,197.82852172851562,59.72870635986328,88.5106430053711,60.27383804321289,100.5873794555664,39.00627136230469,244.35899353027344,94.39842224121094,42.093162536621094,85.88819885253906,54.10342788696289,450.40380859375,69.38353729248047,577.558837890625,25.227294921875,40.5427131652832,145.364013671875,233.7393341064453,122.06283569335938,386.7480773925781,138.054931640625,52.050254821777344,282.4486389160156
2024-12-05,98.16214752197266,48.407684326171875,307.8404846191406,196.792724609375,56.295230865478516,86.45023345947266,59.88955307006836,99.63661193847656,38.40547561645508,243.49490356445312,94.00023651123047,41.84866714477539,85.59965515136719,53.15671157836914,439.7477722167969,68.90287780761719,577.5092163085938,24.37084197998047,40.20983123779297,141.7228546142578,234.0746307373047,120.7828369140625,380.0107116699219,135.4379425048828,52.24102020263672,284.4065246582031
2024-12-06,101.90998077392578,48.12403869628906,306.0621032714844,196.02798461914062,55.864830017089844,85.55060577392578,58.61845779418945,100.95307159423828,38.22342300415039,245.81219482421875,93.59278106689453,41.144500732421875,85.52271270751953,53.222328186035156,440.5908508300781,67.9949722290039,576.309326171875,24.34229278564453,40.248992919921875,138.80213928222656,232.65679931640625,120.85020446777344,379.7345886230469,133.68028259277344,52.08841323852539,283.6450500488281
2024-12-09,106.4734115600586,48.218589782714844,302.7252502441406,197.5187530517578,56.412620544433594,85.33779907226562,58.86479187011719,101.8307113647461,38.897037506103516,244.8892059326172,92.676025390625,42.76798629760742,85.72467803955078,52.28498458862305,433.86590576171875,68.81385803222656,569.8836669921875,24.75148582458496,40.85600662231445,140.75901794433594,229.56253051757812,122.09171295166016,371.340087890625,134.99853515625,51.830875396728516,278.0782165527344
2024-12-10,100.95846557617188,47.88767623901367,301.37713623046875,195.02122497558594,55.835487365722656,85.93753814697266,58.54947280883789,100.0510482788086,38.39636993408203,242.5817108154297,91.97225952148438,41.73130416870117,85.16685485839844,51.32889175415039,436.05206298828125,69.10760498046875,558.7279663085938,24.570680618286133,40.621036529541016,136.84524536132812,228.22132873535156,120.70584106445312,366.555908203125,132.10813903808594,50.962894439697266,273.21331787109375
2024-12-11,100.82252502441406,47.36766815185547,298.6522216796875,191.24586486816406,56.15828323364258,86.88553619384766,58.904197692871094,99.86820983886719,37.77737045288086,241.0204620361328,91.98151397705078,42.05404281616211,84.48397064208984,51.10392761230469,431.8562927246094,68.04837799072266,555.4853515625,25.474714279174805,41.39448928833008,134.78128051757812,228.61412048339844,117.98220825195312,366.89129638671875,130.40907287597656,51.010581970214844,276.4269104003906
2024-12-12,100.2982177734375,47.22584915161133,297.2467346191406,191.3523406982422,56.72564697265625,87.1854019165039,58.43124008178711,99.4172134399414,37.57709884643555,244.30987548828125,92.36117553710938,41.15428924560547,84.7340316772461,51.42263412475586,429.8663024902344,67.80805206298828,552.1535034179688,25.370037078857422,40.689571380615234,127.93707275390625,229.0452117919922,119.35845947265625,361.8703918457031,123.92523956298828,50.981971740722656,274.9931640625
2024-12-13,96.8719253540039,46.800392150878906,298.59478759765625,188.90322875976562,56.970191955566406,86.57597351074219,58.61845779418945,98.53955841064453,37.19477844238281,245.6747283935547,91.2129135131836,40.67506408691406,84.06078338623047,52.06001663208008,426.7292785644531,67.35409545898438,546.3030395507812,25.493745803833008,39.37763977050781,121.93986511230469,228.09678649902344,119.50282287597656,359.5522766113281,119.49201202392578,51.24903869628906,272.6793518066406
2024-12-16,97.02788543701172,46.516754150390625,293.25970458984375,186.88967895507812,56.56912612915039,83.84811401367188,58.08636474609375,97.6009750366211,36.51205825805664,243.9072723388672,90.08290100097656,39.84376525878906,83.82032775878906,52.29435729980469,419.8670959472656,66.472900390625,542.7133178710938,24.58971405029297,39.24056625366211,120.87867736816406,227.12921142578125,118.03032684326172,360.0750732421875,118.8475341796875,52.174251556396484,273.8956298828125
2024-12-17,95.0881118774414,45.99675369262695,291.3379821777344,185.3408203125,56.49087142944336,83.84811401367188,57.71193313598633,97.67411041259766,36.93079376220703,242.35179138183594,89.0462875366211,39.72639846801758,83.45484161376953,51.7788200378418,421.7297058105469,67.14936828613281,540.2144165039062,24.20906639099121,38.9664306640625,117.78271484375,222.7799530029297,117.47212982177734,357.86553955078125,115.79115295410156,51.4398078918457,269.5943298339844
2024-12-18,88.2550277709961,44.62582778930664,282.3504638671875,180.87815856933594,54.39752960205078,81.67161560058594,55.58357620239258,94.61455535888672,36.5484733581543,233.97381591796875,84.93717956542969,37.858421325683594,82.09871673583984,50.27907180786133,413.9558410644531,66.5797119140625,531.1510009765625,23.105195999145508,36.85166931152344,114.84252166748047,219.58987426757812,116.69257354736328,343.9273376464844,114.01394653320312,49.350929260253906,261.9213562011719
2024-12-19,86.67591094970703,44.436737060546875,280.3043518066406,180.30702209472656,54.152984619140625,81.08155822753906,55.33723831176758,93.67597198486328,35.592655181884766,231.8768310546875,84.0780029296875,37.39876174926758,82.65657043457031,50.46653747558594,411.3285827636719,64.95082092285156,521.3638305664062,22.724550247192383,36.24465560913086,112.72013854980469,217.90382385253906,115.02760314941406,337.7325744628906,112.57852172851562,48.81678771972656,257.9958190917969
2024-12-20,86.41272735595703,44.436737060546875,282.0445251464844,182.11724853515625,54.58338928222656,82.20365142822266,56.637901306152344,94.20011901855469,36.357303619384766,234.59402465820312,85.6936264038086,38.005123138427734,82.84980773925781,51.0383186340332,415.9556884765625,65.42257690429688,529.2173461914062,22.90535545349121,37.478267669677734,113.4990005493164,219.6088104248047,115.69166564941406,340.7806091308594,112.96913146972656,50.819820404052734,260.1810607910156
2024-12-23,86.94883728027344,44.578556060791016,280.66766357421875,182.5528564453125,54.5051383972168,82.07788848876953,56.08610153198242,93.71253204345703,36.384613037109375,235.3816375732422,85.17998504638672,38.386539459228516,81.93185424804688,51.07581329345703,414.0146179199219,65.87652587890625,527.3233642578125,23.105195999145508,37.36077880859375,113.52820587158203,218.74188232421875,115.63392639160156,340.1591491699219,113.02770233154297,51.4398078918457,259.9239807128906
2024-12-24,87.71891021728516,44.86219787597656,283.029296875,183.3273162841797,54.93553924560547,82.60993194580078,56.637901306152344,94.1635513305664,36.49385452270508,237.0060272216797,85.51619720458984,38.35720443725586,82.24105834960938,51.656959533691406,417.3868713378906,65.97444152832031,528.7116088867188,23.095678329467773,37.507633209228516,114.32653045654297,220.41796875,116.43273162841797,341.81634521484375,114.30690002441406,52.01210021972656,261.34783935546875
2024-12-26,86.90010070800781,44.72037124633789,282.13055419921875,183.29824829101562,54.96488571166992,82.31005096435547,56.58863067626953,94.15135192871094,36.61219024658203,235.64743041992188,85.46015930175781,38.327857971191406,82.06712341308594,51.75069808959961,415.9654541015625,66.17916870117188,527.5811767578125,22.914873123168945,37.29224395751953,115.50455474853516,221.02484130859375,116.67333984375,340.8200988769531,114.336181640625,51.6496467590332,261.5851135253906
2024-12-27,86.06181335449219,44.62582778930664,279.96014404296875,182.48509216308594,54.612735748291016,81.98116302490234,56.40141677856445,93.40780639648438,36.439231872558594,234.07223510742188,85.6749496459961,38.005123138427734,81.73858642578125,51.07581329345703,414.6518249511719,65.99224090576172,524.4080200195312,22.71503448486328,37.0474853515625,114.18050384521484,218.75149536132812,115.85527801513672,338.63018798828125,113.04722595214844,51.84040451049805,259.419677734375
2024-12-30,83.96607208251953,44.153099060058594,276.0209655761719,181.25570678710938,53.79104995727539,81.28468322753906,55.731380462646484,92.57891082763672,35.90215301513672,230.88250732421875,84.80643463134766,37.32051467895508,81.12982177734375,50.2884407043457,409.43658447265625,65.13774108886719,515.8900756835938,22.838741302490234,36.22507095336914,112.79803466796875,216.69972229003906,114.61376190185547,334.15179443359375,111.12357330322266,51.14412307739258,255.2667694091797
2024-12-31,83.90758514404297,44.4840087890625,277.3117370605469,181.14920043945312,53.92799758911133,82.53254699707031,56.125518798828125,92.9446029663086,36.53026580810547,230.68560791015625,85.28270721435547,37.24228286743164,81.6999282836914,50.44778823852539,410.4267272949219,66.10794830322266,512.17138671875,23.390676498413086,36.440467834472656,114.16751861572266,216.86346435546875,114.9602279663086,335.3157653808594,111.83929443359375,51.37303924560547,254.34716796875
2025-01-02,83.07903289794922,44.20037078857422,272.52105712890625,177.4512939453125,53.2530403137207,83.02587890625,55.51459884643555,91.94507598876953,36.00229263305664,227.3481903076172,82.6678237915039,37.04668045043945,80.28913879394531,49.82914733886719,406.01531982421875,64.78170776367188,506.2812194824219,23.200353622436523,37.56637954711914,111.9861068725586,216.9694366455078,111.08171081542969,328.6376953125,109.74114990234375,51.12504196166992,252.70579528808594
2025-01-03,85.57443237304688,44.1058235168457,273.117431640625,179.17440795898438,52.85198211669922,85.61831665039062,55.12046432495117,91.11618041992188,35.865745544433594,228.33267211914062,82.80790710449219,36.88041687011719,79.73836517333984,49.538570404052734,405.3585205078125,64.77279663085938,512.3399658203125,23.9330997467041,37.31182098388672,112.93497467041016,217.58592224121094,109.97493743896484,331.9718017578125,110.93729400634766,49.88507080078125,254.24832153320312
2025-01-06,87.91384887695312,44.578556060791016,272.4729309082031,182.03012084960938,52.842201232910156,86.82748413085938,56.105812072753906,91.73785400390625,36.18435287475586,227.79119873046875,82.78923797607422,37.721500396728516,79.34217834472656,50.14784622192383,404.7801208496094,65.74301147460938,513.0341796875,24.16148567199707,36.99852752685547,117.99234771728516,218.74188232421875,110.74486541748047,333.23443603515625,116.3199234008789,50.8865852355957,254.4954833984375
2025-01-07,87.70915985107422,44.90946960449219,275.4454345703125,180.7232666015625,52.51939392089844,85.85047912597656,56.194496154785156,91.5184326171875,35.874847412109375,227.85028076171875,82.63047790527344,37.887760162353516,79.7770004272461,50.250946044921875,406.77996826171875,65.77862548828125,504.38720703125,24.02825927734375,37.36077880859375,118.63797760009766,217.6822509765625,111.50516510009766,329.86090087890625,117.467041015625,49.70384216308594,249.15602111816406
2025-01-08,85.17476654052734,45.14583206176758,274.4065246582031,181.71067810058594,52.294403076171875,84.1673355102539,56.31273651123047,90.75050354003906,35.42879867553711,230.93173217773438,82.35030364990234,38.865760803222656,79.30353546142578,51.25390625,411.7403564453125,65.00422668457031,512.9150390625,23.485841751098633,38.31046676635742,115.60550689697266,220.14825439453125,111.341552734375,332.958251953125,114.2021713256836,49.53215789794922,252.4190216064453
2025-01-10,84.34622955322266,44.4840087890625,281.9388732910156,178.9517364501953,50.87602233886719,85.86015319824219,56.25361251831055,88.61734771728516,35.04647445678711,226.15696716308594,81.47245788574219,38.12248229980469,78.61746978759766,50.70087814331055,405.99566650390625,64.5146713256836,504.4466857910156,23.628582000732422,38.281089782714844,115.58594512939453,219.67625427246094,108.92591094970703,325.67840576171875,114.05510711669922,49.379539489746094,248.8692626953125
2025-01-13,89.20055389404297,45.0040168762207,290.2696838378906,181.9526824951172,52.0889892578125,92.37995910644531,59.052005767822266,90.72611999511719,36.11152648925781,229.83892822265625,83.22816467285156,38.54302215576172,80.4920654296875,50.51340866088867,413.1323547363281,66.89125061035156,508.8990478515625,25.522293090820312,38.34962463378906,120.20310974121094,221.86288452148438,110.48501586914062,331.5575256347656,120.85938262939453,49.75153350830078,253.16062927246094
2025-01-14,90.29227447509766,45.0040168762207,296.2532043457031,183.25955200195312,53.19435119628906,91.8866195678711,59.99794387817383,91.76222229003906,36.484745025634766,230.27210998535156,85.88975524902344,38.631038665771484,80.84960174560547,51.94753646850586,418.87701416015625,67.03366088867188,513.3414916992188,25.826810836791992,39.31888961791992,119.09773254394531,224.10733032226562,112.14998626708984,337.0025939941406,121.1044921875,50.48598098754883,257.15533447265625
2025-01-15,92.7486801147461,45.42947006225586,295.2334899902344,184.15013122558594,53.076969146728516,93.22154235839844,60.027503967285156,92.93241119384766,36.77604675292969,232.88099670410156,85.91776275634766,39.298614501953125,81.3327407836914,52.17250061035156,419.55340576171875,67.71904754638672,526.8374633789062,25.712617874145508,40.503543853759766,120.39876556396484,226.56370544433594,113.15089416503906,342.22076416015625,122.69281768798828,50.50505447387695,265.1842956542969
2025-01-16,91.93962097167969,45.85493087768555,300.1973876953125,185.12786865234375,53.06719207763672,94.07278442382812,60.72710418701172,93.44437408447266,37.20388412475586,235.44068908691406,85.6749496459961,39.298614501953125,81.5936508178711,52.73490524291992,423.974609375,68.2085952758789,526.7778930664062,25.427133560180664,40.77768325805664,120.67265319824219,226.67929077148438,115.10458374023438,349.362548828125,122.55555725097656,49.80876922607422,266.1533508300781
2025-01-17,95.02962493896484,45.85493087768555,305.7191467285156,185.20529174804688,53.1063117980957,93.84062194824219,61.4069938659668,94.43170928955078,37.358638763427734,233.73753356933594,87.04776000976562,39.48515319824219,82.02847290039062,53.3629264831543,427.4154968261719,68.80497741699219,538.0130615234375,25.826810836791992,40.797264099121094,121.81716918945312,229.1356658935547,115.72054290771484,349.1750793457031,123.36933135986328,50.51459503173828,267.0729675292969
2025-01-21,91.67645263671875,46.28038787841797,307.60467529296875,186.34759521484375,53.8399658203125,90.60006713867188,62.19527053833008,95.63847351074219,37.850196838378906,237.33091735839844,88.14041900634766,39.563682556152344,82.66622924804688,54.8158073425293,433.7482604980469,69.18771362304688,548.008544921875,25.798263549804688,41.4630241394043,122.34541320800781,233.2392578125,118.73290252685547,356.61273193359375,122.25160217285156,52.45085906982422,272.4421081542969
2025-01-22,87.97234344482422,45.9494743347168,304.93994140625,184.44052124023438,53.145442962646484,90.45497131347656,61.59421157836914,94.61455535888672,37.15836715698242,237.88221740722656,86.08586120605469,38.37579345703125,82.60824584960938,54.543975830078125,433.88555908203125,68.60913848876953,545.0734252929688,26.454877853393555,40.80705642700195,119.4303207397461,230.9947967529297,118.25169372558594,352.8840637207031,120.48682403564453,52.79423904418945,271.3049621582031
2025-01-23,87.53369903564453,46.18584442138672,311.6834716796875,187.1800994873047,53.976905822753906,92.12844848632812,63.24959945678711,95.33372497558594,37.750064849853516,239.15219116210938,86.9730453491211,37.79656982421875,83.54554748535156,54.92828369140625,432.1503601074219,68.8583755493164,544.1710205078125,27.4064884185791,41.0713996887207,119.40098571777344,230.45535278320312,118.8387680053711,356.2082824707031,119.97698974609375,52.71792984008789,271.7499084472656
2025-01-24,86.51995086669922,46.13856887817383,316.7435607910156,185.39892578125,53.80083084106445,85.22171783447266,63.02296829223633,94.2976303100586,37.659034729003906,238.30555725097656,86.03916931152344,37.11918258666992,82.95612335205078,56.32493209838867,430.60150146484375,68.8583755493164,543.962646484375,26.84503746032715,41.15951919555664,119.50858306884766,231.44754028320312,118.1650619506836,355.2613220214844,119.95736694335938,53.43330001831055,274.4295654296875
2025-01-27,86.53944396972656,46.753116607666016,314.203857421875,189.6486053466797,55.29747772216797,85.86981964111328,63.52549743652344,93.44437408447266,38.159690856933594,242.38133239746094,87.23454284667969,36.000003814697266,84.67610931396484,55.57505798339844,430.8367614746094,70.02439880371094,541.4638671875,26.635683059692383,40.69936752319336,119.31295776367188,230.917724609375,119.6183090209961,359.2267761230469,119.6240234375,52.34593963623047,271.9080810546875
2025-01-28,83.73212432861328,46.374935150146484,314.5694580078125,187.12200927734375,54.377967834472656,87.30148315429688,63.338279724121094,93.0421142578125,37.70454025268555,245.64984130859375,86.54346466064453,35.185176849365234,83.62286376953125,55.41571044921875,426.93511962890625,69.70397186279297,537.626220703125,26.816490173339844,40.48396682739258,123.79316711425781,229.6558380126953,118.38642120361328,359.2267761230469,124.56546020507812,51.830875396728516,272.01690673828125
2025-01-29,84.1025390625,46.09129333496094,314.86767578125,186.74449157714844,54.12363815307617,89.49730682373047,64.04773712158203,93.22496032714844,37.367740631103516,243.10003662109375,86.57147979736328,35.617130279541016,83.10105895996094,54.34714126586914,429.6898193359375,69.30342864990234,535.3158569335938,27.29229736328125,40.71894454956055,124.10619354248047,207.2210235595703,117.78009796142578,355.5177917480469,126.64399719238281,51.08689498901367,269.1494140625
2025-01-30,83.48843383789062,46.09129333496094,322.361572265625,176.6575164794922,54.81815719604492,89.18777465820312,65.18089294433594,93.44437408447266,35.09199523925781,248.5934600830078,86.54346466064453,35.970558166503906,84.76307678222656,53.47541046142578,437.59112548828125,67.754638671875,541.75146484375,27.197134017944336,42.18752670288086,125.87676239013672,206.37332153320312,118.13619232177734,360.5880432128906,128.1538848876953,50.80074691772461,273.2627868652344
2025-01-31,82.0652847290039,45.9494743347168,322.51544189453125,179.79393005371094,54.48556900024414,89.19744873046875,64.31375885009766,93.61502075195312,35.547142028808594,246.30946350097656,93.06201171875,35.19498825073242,84.15431213378906,52.144386291503906,437.3362121582031,67.38079833984375,539.5599365234375,26.54051971435547,41.82527542114258,125.6322021484375,204.85134887695312,111.04320526123047,353.29833984375,125.69297790527344,50.63859176635742,271.0775146484375
2025-02-03,78.41966247558594,45.19310760498047,325.2186279296875,177.48036193847656,54.466007232666016,89.44894409179688,63.6634407043457,92.73738098144531,34.026947021484375,245.63999938964844,94.12664794921875,35.20480728149414,83.4875717163086,52.331851959228516,445.2669677734375,67.91487121582031,531.4584350585938,25.750682830810547,42.216896057128906,128.439697265625,203.5220184326172,107.78063201904297,352.7854309082031,125.41844177246094,51.04874038696289,268.12103271484375
2025-02-04,80.39844512939453,47.509490966796875,322.9098815917969,176.78334045410156,50.70973587036133,91.01602172851562,64.73746490478516,93.85881042480469,35.09199523925781,244.98037719726562,95.06053924560547,35.813480377197266,82.7338638305664,50.51340866088867,445.8453369140625,69.64167022705078,532.797119140625,26.84503746032715,42.44207763671875,127.97016143798828,202.905517578125,107.08769226074219,352.7360534667969,123.90856170654297,51.363494873046875,269.02081298828125
2025-02-05,77.86404418945312,48.31312942504883,320.48565673828125,178.7291259765625,50.07389831542969,86.7500991821289,62.8850212097168,93.9928970336914,34.54581069946289,245.8369140625,95.06053924560547,36.00982666015625,83.27499389648438,50.504032135009766,444.7669982910156,68.52903747558594,535.434814453125,26.454877853393555,44.01836395263672,130.31787109375,202.6261749267578,108.33882141113281,359.5325622558594,126.88911437988281,52.02164077758789,271.2555236816406
2025-02-06,77.00625610351562,47.414947509765625,315.6565246582031,175.8733673095703,50.15216064453125,81.37175750732422,61.44640350341797,94.44390106201172,35.29225540161133,246.1519317626953,94.5655746459961,36.47123718261719,82.78216552734375,52.24748992919922,451.609619140625,69.20550537109375,540.868896484375,25.208261489868164,43.94003677368164,130.2982940673828,204.52383422851562,111.54366302490234,360.26251220703125,126.43811798095703,52.32686233520508,274.10321044921875
2025-02-07,75.41740417480469,47.36766815185547,298.63897705078125,173.42425537109375,49.36960220336914,81.30404663085938,61.426700592041016,92.37168884277344,35.11930465698242,243.56272888183594,92.66044616699219,37.521690368652344,81.4776840209961,52.55681228637695,446.09039306640625,68.1907958984375,534.086181640625,25.55084228515625,43.900875091552734,127.42233276367188,202.50094604492188,110.52350616455078,355.6756286621094,124.23210906982422,51.50657272338867,269.861328125
2025-02-10,73.2436752319336,47.462215423583984,298.7447814941406,175.8927459716797,49.25221252441406,84.15766143798828,61.29859924316406,92.956787109375,35.110198974609375,242.12538146972656,92.5110092163086,37.757301330566406,81.44869995117188,51.37575912475586,451.7859802246094,67.50541687011719,526.52001953125,26.1027774810791,45.486942291259766,134.5339813232422,201.7303009033203,109.83058166503906,354.2848205566406,130.2716522216797,51.05827331542969,265.5502014160156
2025-02-11,73.78953552246094,47.414947509765625,297.7250671386719,174.23741149902344,49.261993408203125,82.3003921508789,62.04747009277344,99.31969451904297,35.164817810058594,257.1782531738281,94.08928680419922,36.9031982421875,82.33768463134766,52.15375518798828,451.6683044433594,68.02166748046875,524.5667114257812,25.646005630493164,44.537261962890625,135.10133361816406,200.603271484375,110.59088897705078,356.4647521972656,132.2227325439453,51.1631965637207,264.76904296875
2025-02-12,74.66683197021484,47.22584915161133,298.55242919921875,175.39906311035156,48.49900436401367,78.52779388427734,61.15080261230469,99.6609878540039,34.827999114990234,257.9658203125,94.58424377441406,37.26643753051758,81.8255615234375,51.20703887939453,449.53131103515625,67.54993438720703,512.8060302734375,24.875194549560547,45.829612731933594,130.64068603515625,197.1739959716797,110.48501586914062,350.6744689941406,129.71279907226562,48.578330993652344,260.8534240722656
2025-02-13,77.24995422363281,47.745853424072266,303.1795654296875,177.03504943847656,48.254459381103516,78.79864501953125,61.939083099365234,102.45237731933594,34.90082550048828,261.3524475097656,94.86441802978516,39.48515319824219,83.10105895996094,51.966285705566406,451.9722900390625,67.86145782470703,527.204345703125,25.151165008544922,46.74992370605469,132.59710693359375,204.3600616455078,113.48773956298828,356.2280578613281,130.28146362304688,52.12656021118164,266.3115539550781
2025-02-14,79.16049194335938,47.60403823852539,304.10302734375,175.80563354492188,48.76311492919922,80.278076171875,63.02296829223633,101.47722625732422,35.20122528076172,260.6337585449219,94.33209228515625,38.748844146728516,82.69522094726562,52.60367965698242,448.00201416015625,68.27090454101562,522.960205078125,25.227294921875,45.565269470214844,134.7687530517578,204.6972198486328,113.32412719726562,352.0159912109375,133.1737518310547,51.57952117919922,267.42889404296875
2025-02-18,81.47067260742188,48.07676315307617,304.9495544433594,177.79978942871094,48.76311492919922,80.99832153320312,63.51564025878906,102.781494140625,36.157039642333984,262.0907897949219,96.62945556640625,38.58195114135742,83.53588104248047,53.69099426269531,456.6581726074219,69.62386322021484,529.5147705078125,25.807781219482422,46.51495361328125,139.41525268554688,204.35043334960938,114.77738189697266,348.1985168457031,136.340576171875,53.16584014892578,269.703125
2025-02-19,81.55840301513672,48.218589782714844,304.9976501464844,177.13182067871094,47.97077941894531,81.57256317138672,62.7076530456543,100.46549224853516,35.42879867553711,262.11053466796875,94.5655746459961,37.86529541015625,79.2262191772461,53.56914138793945,452.97216796875,68.98298645019531,516.5841064453125,25.817293167114258,46.417049407958984,136.72518920898438,204.51419067382812,112.40021514892578,347.07403564453125,134.08558654785156,53.18506622314453,262.0004577636719
2025-02-20,80.42768096923828,49.11677551269531,302.3329772949219,178.38063049316406,49.350040435791016,78.11734008789062,62.894874572753906,100.98965454101562,36.0387077331543,263.1934509277344,93.91184997558594,38.248165130615234,77.43859100341797,52.54743957519531,452.8055725097656,69.08090209960938,501.7991027832031,25.331974029541016,47.08280563354492,136.90126037597656,201.9807586669922,113.45886993408203,345.26885986328125,132.4286346435547,52.01215362548828,255.6919708251953
2025-02-21,79.15074157714844,48.454952239990234,298.1098937988281,178.4677276611328,50.230411529541016,75.82034301757812,61.840545654296875,99.52690887451172,35.96587371826172,260.5845642089844,92.19348907470703,36.30434036254883,77.19701385498047,52.078765869140625,448.9823303222656,68.50233459472656,485.7348327636719,24.513582229614258,44.38060760498047,132.28408813476562,200.285400390625,111.1259994506836,339.892822265625,128.1538848876953,51.108428955078125,250.02613830566406
2025-02-24,78.98503112792969,48.50222396850586,297.6288757324219,178.6419677734375,49.67284393310547,75.44075775146484,61.692745208740234,99.734130859375,35.547142028808594,259.71820068359375,91.73589324951172,36.431968688964844,76.92646026611328,52.27064514160156,449.5018615722656,68.81385803222656,486.5281677246094,24.11390495300293,43.11762619018555,133.21336364746094,202.03857421875,109.89663696289062,339.2023010253906,130.54615783691406,51.77179718017578,248.74070739746094
2025-02-25,76.44090270996094,48.78586196899414,305.2958679199219,180.42315673828125,50.465179443359375,76.31672668457031,62.05732345581055,99.80726623535156,35.71099853515625,261.56903076171875,92.38961029052734,36.08836364746094,77.57386779785156,52.27064514160156,458.2854919433594,69.09869384765625,486.1810607910156,24.275680541992188,42.03087615966797,133.11557006835938,204.8320770263672,110.72911071777344,348.2380065917969,130.86972045898438,50.94499206542969,246.99053955078125
2025-02-26,75.57335662841797,48.29762649536133,301.9193115234375,179.81329345703125,50.85646438598633,75.70355224609375,61.87996292114258,99.28311920166016,35.365081787109375,262.3369140625,91.69853973388672,37.25661849975586,77.85409545898438,52.677085876464844,452.4624328613281,67.82585906982422,487.0140380859375,23.999710083007812,42.667266845703125,131.6384735107422,204.93804931640625,111.35832214355469,354.70892333984375,130.86972045898438,51.45454025268555,247.72225952148438
2025-02-27,76.97702026367188,48.154022216796875,300.5340881347656,179.56161499023438,50.92493438720703,77.45549774169922,61.89966583251953,98.63707733154297,34.98276138305664,263.03594970703125,90.49382019042969,36.736305236816406,78.3082504272461,53.16860580444336,451.21746826171875,67.6389389038086,478.2977294921875,23.87600326538086,41.23783874511719,131.8732147216797,203.011474609375,110.04183197021484,350.684326171875,130.71286010742188,49.69515609741211,242.37289428710938
2025-02-28,75.08597564697266,48.44122314453125,304.13189697265625,181.96237182617188,51.541194915771484,78.85704040527344,62.05732345581055,99.67317962646484,35.3350830078125,264.83758544921875,91.38101196289062,36.23562240600586,79.05229187011719,53.263126373291016,457.8541564941406,68.3866195678711,479.09100341796875,22.762611389160156,41.94275665283203,134.47528076171875,205.2655487060547,109.5965576171875,357.3525390625,132.4286346435547,50.06049346923828,244.53834533691406
2025-03-03,68.18465423583984,48.48909378051758,298.8409423828125,179.97787475585938,51.19752502441406,75.88847351074219,59.67620086669922,96.5737075805664,33.434356689453125,265.6350402832031,88.21512603759766,34.880836486816406,78.1922836303711,52.28009796142578,453.148681640625,65.34247589111328,466.6257629394531,22.201162338256836,41.472816467285156,131.14935302734375,201.720703125,108.14456939697266,352.6568603515625,127.947998046875,48.16651916503906,237.0828399658203
2025-03-04,70.3388900756836,47.67535400390625,293.7424621582031,175.5345916748047,50.10758972167969,73.2702865600586,59.08339309692383,95.1771011352539,33.026390075683594,263.61676025390625,86.95437622070312,34.262351989746094,77.10038757324219,48.489768981933594,452.2663879394531,65.3958740234375,458.7990417480469,21.9632568359375,41.866764068603516,126.68868255615234,194.84286499023438,105.7923355102539,351.22332763671875,123.89875793457031,44.888118743896484,232.22787475585938
2025-03-05,72.33714294433594,48.20188903808594,299.7356262207031,177.84002685546875,50.93240737915039,74.27279663085938,60.42709732055664,97.37001037597656,35.029117584228516,265.44793701171875,91.2689437866211,37.46278762817383,78.51116943359375,49.633487701416016,459.030517578125,67.83474731445312,474.40289306640625,22.962451934814453,43.186485290527344,129.603759765625,197.82904052734375,110.43870544433594,358.1829528808594,125.22236633300781,46.42637634277344,237.65635681152344
2025-03-06,74.54986572265625,48.39336013793945,299.1391906738281,177.43145751953125,51.23680114746094,74.56478118896484,60.13068771362305,96.48794555664062,34.7138671875,262.120361328125,90.53118896484375,36.99155807495117,79.29386138916016,48.8773078918457,456.981689453125,67.56771850585938,472.6944885253906,23.7403507232666,43.25542449951172,129.1146697998047,196.31668090820312,111.67776489257812,355.968505859375,122.80066680908203,44.93619155883789,232.53439331054688
2025-03-07,73.60433959960938,49.25496292114258,304.3819885253906,178.92950439453125,53.279205322265625,75.0708999633789,59.834285736083984,95.74064636230469,34.72314453125,265.08367919921875,92.25887298583984,36.265071868896484,79.73836517333984,49.43498992919922,459.5402526855469,68.98298645019531,457.27935791015625,24.143707275390625,43.20618438720703,130.80697631835938,199.06201171875,111.78423309326172,359.4681091308594,122.5849609375,44.73429489135742,218.42431640625
2025-03-10,74.4621353149414,49.111358642578125,292.164794921875,181.43923950195312,52.99444580078125,75.04170227050781,59.51811981201172,94.12353515625,34.67678451538086,261.5591735839844,90.63390350341797,33.86965560913086,77.62218475341797,47.16646194458008,452.9623718261719,69.32717895507812,464.9670715332031,23.89400863647461,41.728878021240234,123.93989562988281,191.9241180419922,111.01951599121094,353.69482421875,117.0650634765625,41.523193359375,219.34596252441406
2025-03-11,70.83601379394531,47.8668212890625,286.7488098144531,175.24273681640625,51.36445236206055,74.77891540527344,59.2513542175293,93.49873352050781,33.999935150146484,255.04188537597656,88.28050231933594,35.22444152832031,77.1873550415039,46.674949645996094,445.12969970703125,66.99031066894531,461.2721862792969,23.874805450439453,42.76298904418945,127.07017517089844,190.19984436035156,109.79983520507812,348.9891357421875,118.39846801757812,41.8789176940918,222.6855926513672
2025-03-12,70.97247314453125,47.53175735473633,283.4491882324219,172.23690795898438,50.3432502746582,75.63541412353516,58.2929801940918,92.49417114257812,33.14692306518555,251.22203063964844,86.3006591796875,36.10799026489258,76.86848449707031,47.85647201538086,442.28680419921875,65.3871078491211,461.5205078125,23.71154022216797,42.969818115234375,128.00927734375,190.0553436279297,107.42825317382812,345.8355407714844,121.11430358886719,42.54228973388672,225.12344360351562
2025-03-13,70.57283782958984,46.09575271606445,281.7176513671875,171.09878540039062,50.048675537109375,74.76917266845703,57.88789367675781,91.7713623046875,33.59197235107422,247.21519470214844,84.55428314208984,36.89338302612305,76.50128173828125,47.62016296386719,445.81787109375,65.76752471923828,461.9178161621094,24.066877365112305,44.959251403808594,126.73758697509766,184.97886657714844,107.79608917236328,338.1938171386719,120.83977508544922,41.75393295288086,223.01258850097656
2025-03-14,73.7439193725586,46.81375503540039,280.822998046875,173.7738800048828,50.95204544067383,74.5842514038086,59.10315704345703,94.44206237792969,34.27809524536133,247.0675048828125,85.84554290771484,38.140174865722656,76.96510314941406,48.59374237060547,448.0210876464844,67.16240692138672,474.22412109375,24.87358856201172,45.540321350097656,129.2124786376953,190.81582641601562,109.83855438232422,337.8774719238281,124.65370178222656,42.5615119934082,229.23605346679688
2025-03-17,77.7727279663086,47.1009521484375,284.38232421875,174.824462890625,51.33499526977539,75.65489196777344,60.84206008911133,95.18936157226562,34.778778076171875,247.97325134277344,85.92095184326172,38.788116455078125,79.2745361328125,48.754432678222656,452.7521057128906,68.06816864013672,485.42791748046875,25.47862434387207,46.80095291137695,126.67890167236328,192.4738006591797,110.19672393798828,338.3421325683594,122.49671936035156,43.494083404541016,232.962158203125
2025-03-18,76.9493179321289,47.48388671875,280.72674560546875,175.02874755859375,50.96186447143555,74.36038970947266,60.84206008911133,94.47880554199219,34.87149429321289,250.41122436523438,86.02462005615234,39.11208724975586,78.08600616455078,49.189231872558594,453.1455383300781,68.0138168334961,484.8915100097656,26.1220703125,47.08656311035156,126.9821548461914,191.60118103027344,109.93536376953125,331.6988525390625,124.60467529296875,43.33064270019531,234.369384765625
2025-03-19,77.91976928710938,47.1009521484375,282.8238830566406,174.2310791015625,50.90294647216797,75.30449676513672,61.711517333984375,95.03009033203125,34.482078552246094,250.8257598876953,86.1282958984375,39.68149185180664,77.83477783203125,49.737457275390625,452.2012634277344,66.71858215332031,486.8879699707031,26.861555099487305,47.26384353637695,128.1951446533203,192.4544219970703,109.48040008544922,331.0958557128906,126.00672912597656,44.22475051879883,238.93783569335938
2025-03-20,75.50835418701172,46.52655029296875,281.78497314453125,172.22720336914062,50.63782501220703,74.86650085449219,61.089073181152344,94.24604034423828,33.94430923461914,248.67404174804688,84.71451568603516,39.95637512207031,77.05207061767578,49.425537109375,450.234130859375,65.8399887084961,480.5113525390625,27.25530433654785,47.037322998046875,126.67890167236328,191.1842498779297,107.69929504394531,332.1931457519531,124.1634750366211,43.945945739746094,236.56936645507812
2025-03-21,76.02790069580078,45.186283111572266,280.563232421875,169.82447814941406,49.77373123168945,74.7302474975586,60.98038101196289,92.08988952636719,33.536346435546875,247.74623107910156,83.59290313720703,39.51459503173828,75.59532928466797,48.5748405456543,450.8045959472656,64.80741882324219,473.8069152832031,26.72710418701172,46.643375396728516,119.3520736694336,188.4984893798828,107.18624877929688,330.5916442871094,120.27111053466797,42.50382995605469,231.97117614746094
2025-03-24,76.0180892944336,45.71281433105469,282.2948303222656,172.18826293945312,49.86210632324219,74.77891540527344,61.32619094848633,94.41754913330078,33.647605895996094,249.34519958496094,84.91244506835938,40.84974670410156,75.29427337646484,49.93595886230469,451.5521545410156,65.17877960205078,487.3746337890625,26.5350284576416,46.11154556274414,124.6246566772461,194.70387268066406,109.36424255371094,338.796875,124.18309783935547,43.282569885253906,238.64053344726562
2025-03-25,76.1357192993164,45.186283111572266,282.0158386230469,170.9042205810547,49.46934127807617,73.02696228027344,61.10882568359375,93.65800476074219,32.74823760986328,247.94363403320312,84.2055435180664,42.22417068481445,74.70185852050781,53.17805480957031,449.9390563964844,63.26761245727539,485.000732421875,26.10286521911621,46.830501556396484,124.78115844726562,192.7162322998047,108.16393280029297,337.2645568847656,125.49687957763672,43.81134796142578,238.8090057373047
2025-03-26,74.2242431640625,45.9521484375,284.0360107421875,173.09295654296875,50.38252639770508,74.59397888183594,61.948638916015625,93.70700073242188,32.98930358886719,249.11819458007812,84.40348052978516,40.7319450378418,75.42051696777344,52.3746223449707,453.85369873046875,64.36359405517578,479.60748291015625,26.045242309570312,46.672916412353516,124.5268325805664,193.4337158203125,108.34784698486328,340.4873962402344,125.83023834228516,43.532535552978516,234.92431640625
2025-03-27,73.27340698242188,46.47868347167969,283.9013671875,173.14158630371094,51.11897277832031,75.89820861816406,61.69175338745117,93.05770111083984,32.6740608215332,249.40443420410156,83.80967712402344,39.24952697753906,75.92552185058594,51.60899353027344,457.0995788574219,64.26395416259766,481.02777099609375,26.390972137451172,47.65778732299805,124.69312286376953,192.2411346435547,104.89209747314453,341.7033386230469,125.48707580566406,43.64790725708008,235.39999389648438
2025-03-28,70.76397705078125,46.14361572265625,281.15966796875,170.98207092285156,50.52981948852539,75.32395935058594,60.32828903198242,90.69327545166016,31.858137130737305,246.27552795410156,82.04715728759766,37.71803283691406,74.27454376220703,50.29513931274414,451.5718078613281,63.240447998046875,474.7703857421875,26.17009162902832,47.352481842041016,119.29336547851562,189.5553436279297,104.00154113769531,335.87066650390625,121.54570007324219,42.79225540161133,230.84144592285156
2025-03-31,70.59732818603516,46.43082046508789,283.708984375,173.1221160888672,51.128787994384766,76.06367492675781,62.175880432128906,91.48959350585938,32.377357482910156,250.23355102539062,83.04622650146484,37.16826248168945,75.37196350097656,50.42746353149414,457.9945983886719,63.765785217285156,474.8995361328125,25.939599990844727,47.54945755004883,118.25177001953125,191.99871826171875,105.85041046142578,345.2029113769531,123.13059997558594,43.32102966308594,231.1981964111328
2025-04-01,70.40127563476562,46.95735168457031,284.0186462402344,174.6688232421875,51.45283126831055,77.46522521972656,62.7884521484375,91.73460388183594,32.089935302734375,250.9738311767578,83.01795196533203,37.43333053588867,75.19715881347656,50.71104049682617,459.4207763671875,63.43971633911133,481.28607177734375,25.73792266845703,47.55929946899414,117.58358001708984,193.8506317138672,105.46321105957031,346.5671691894531,122.06743621826172,43.85941696166992,235.13243103027344
2025-04-02,70.82278442382812,46.90948486328125,285.4800720214844,175.66104125976562,51.36445236206055,77.69882202148438,63.23305892944336,92.18789672851562,32.349544525146484,250.3717498779297,83.21588897705078,37.50205612182617,76.35283660888672,51.476661682128906,462.0272521972656,63.992225646972656,489.1426086425781,25.420997619628906,47.992645263671875,120.89508056640625,195.2371826171875,106.58609771728516,349.6218566894531,125.37506866455078,45.24384307861328,237.9369354248047
2025-04-03,65.18637084960938,45.80854797363281,274.09808349609375,171.53652954101562,49.58717346191406,77.72801971435547,60.5654182434082,83.03648376464844,29.169296264648438,246.99607849121094,75.38346862792969,32.89773941040039,74.24541473388672,46.485904693603516,459.54864501953125,57.16276931762695,481.69329833984375,24.931209564208984,47.59869384765625,107.88484191894531,183.40814208984375,100.66194915771484,336.7604064941406,114.25116729736328,41.06172180175781,235.04322814941406
2025-04-04,57.35420227050781,44.133209228515625,255.00216674804688,165.6124267578125,47.72151184082031,71.11929321289062,55.12144470214844,72.45171356201172,26.14666748046875,234.68772888183594,71.18921661376953,28.61740493774414,71.01143646240234,45.35164260864258,430.7690734863281,52.516197204589844,467.51971435546875,22.52068328857422,43.51149368286133,101.42884826660156,177.84263610839844,95.97686767578125,328.2684631347656,107.5079345703125,39.475399017333984,228.66127014160156
2025-04-07,56.952301025390625,42.69720458984375,250.7726287841797,161.7505645751953,46.317359924316406,70.11679077148438,54.904083251953125,70.78559875488281,25.51618194580078,227.3441925048828,69.41726684570312,29.815114974975586,68.67093658447266,44.179569244384766,418.86773681640625,51.26624298095703,456.7132263183594,22.63592529296875,44.18120193481445,103.14848327636719,175.53504943847656,93.8279037475586,319.12408447265625,109.30941772460938,37.88907241821289,226.47116088867188
2025-04-08,49.75729751586914,41.02186584472656,240.61978149414062,155.23306274414062,44.12767028808594,66.64209747314453,54.85468292236328,67.53910827636719,23.930688858032227,222.72482299804688,68.5218505859375,28.676307678222656,64.92224884033203,42.2135124206543,406.5434875488281,48.21381759643555,449.45263671875,21.8580265045166,44.27968978881836,101.880859375,170.61920166015625,88.7265625,309.9302673339844,108.51204681396484,36.716156005859375,224.4495391845703
2025-04-09,59.27548599243164,43.175872802734375,261.515869140625,164.2602996826172,45.836219787597656,68.6178970336914,57.85825729370117,75.89421081542969,27.68579864501953,234.4705810546875,76.7972640991211,33.12354278564453,70.86576843261719,46.33466339111328,438.64752197265625,54.191864013671875,478.3758544921875,23.70193862915039,48.01234436035156,113.49575805664062,183.6796112060547,99.81012725830078,332.41064453125,120.73847198486328,41.032875061035156,237.37208557128906
2025-04-10,53.629268646240234,43.175872802734375,253.61817932128906,162.0424041748047,45.12923049926758,68.10204315185547,57.24568176269531,70.63858795166016,25.302927017211914,229.535400390625,71.66990661621094,30.777210235595703,69.32161712646484,43.66914749145508,424.7889099121094,49.219215393066406,472.0588073730469,23.2409610748291,50.16920471191406,107.5409164428711,179.81092834472656,95.37669372558594,326.14306640625,115.65888214111328,38.715885162353516,233.45767211914062
2025-04-11,55.5505485534668,44.65974807739258,260.3641052246094,165.05795288085938,47.220733642578125,70.07784271240234,58.56962585449219,72.14544677734375,26.359920501708984,232.26950073242188,73.8471450805664,32.74066925048828,71.05998992919922,44.27408981323242,434.5755310058594,51.52891540527344,488.3678894042969,24.78715705871582,54.13822555541992,109.30967712402344,183.19482421875,97.50628662109375,332.9247131347656,118.53338623046875,39.22542953491211,240.1171112060547
2025-04-14,56.25633239746094,45.66495132446289,263.8193664550781,167.58712768554688,47.91790008544922,70.47691345214844,59.56752014160156,74.6936264038086,26.77715301513672,235.5266876220703,74.80853271484375,33.13335418701172,71.3610610961914,44.97355270385742,438.70654296875,52.03614044189453,499.53192138671875,25.526639938354492,53.9609489440918,108.89697265625,184.8528289794922,98.23229217529297,337.12615966796875,116.89925384521484,39.84073257446289,241.28648376464844
2025-04-15,52.94309616088867,44.8033447265625,256.7733459472656,164.8828582763672,46.739585876464844,71.16795349121094,58.984588623046875,74.06884002685547,25.683074951171875,235.09239196777344,73.21566009521484,32.906551361083984,70.39959716796875,44.30243682861328,443.5654602050781,51.3568229675293,495.6781921386719,25.34417152404785,53.75413131713867,108.56287384033203,182.97181701660156,96.42212677001953,333.033447265625,116.3971939086914,39.523468017578125,242.3270263671875
2025-04-16,51.53153991699219,44.27680969238281,252.92129516601562,163.56961059570312,46.21916580200195,72.12178802490234,58.49058151245117,72.58647918701172,25.469818115234375,232.9011993408203,72.3768081665039,32.85724639892578,69.0108413696289,43.76366424560547,440.6343994140625,50.66843795776367,487.7521057128906,25.90118408203125,55.103397369384766,107.05941009521484,181.0617218017578,95.27021026611328,327.49737548828125,115.38325500488281,39.19658660888672,238.38287353515625
2025-04-17,51.864830017089844,44.94694900512695,254.45050048828125,166.1960906982422,46.52356719970703,72.90042877197266,59.024112701416016,73.67680358886719,26.10030746459961,235.63526916503906,72.3485336303711,32.443077087402344,70.40930938720703,43.7447624206543,444.69659423828125,51.42021942138672,490.900634765625,26.18929672241211,54.246559143066406,108.58251953125,181.49801635742188,96.84805297851562,329.57342529296875,116.44641876220703,39.75419998168945,239.7504425048828
2025-04-21,51.972652435302734,44.56401443481445,249.30148315429688,164.4256591796875,46.445011138916016,73.12428283691406,58.411537170410156,73.64006042480469,26.072492599487305,228.50888061523438,72.5181884765625,32.49238586425781,70.6132583618164,42.59159851074219,436.5623474121094,50.99451446533203,481.7926025390625,26.1220703125,54.37459182739258,104.8189697265625,176.53372192382812,96.2188491821289,318.6199035644531,111.78030395507812,39.206199645996094,232.0603790283203
2025-04-22,53.68808364868164,45.760684967041016,256.8314208984375,170.0676727294922,47.495670318603516,73.52335357666016,59.9232063293457,75.75946044921875,26.88841438293457,233.74017333984375,74.7331314086914,33.58697509765625,72.48760986328125,43.933807373046875,447.1456604003906,52.66111755371094,487.68255615234375,26.75591468811035,53.71472930908203,107.71780395507812,180.75143432617188,98.5226821899414,328.16961669921875,115.56045532226562,39.93687438964844,238.4027099609375
2025-04-23,54.540897369384766,45.5692138671875,256.2313537597656,165.6124267578125,47.623321533203125,73.86400604248047,60.33817672729492,77.25406646728516,26.88841438293457,234.8654022216797,74.3089828491211,34.70127487182617,73.67242431640625,44.18901824951172,440.85076904296875,52.335044860839844,494.9729309082031,26.842348098754883,52.345767974853516,109.98770904541016,179.07403564453125,98.57108306884766,327.4677734375,120.5809555053711,40.30220413208008,242.33692932128906
2025-04-24,57.02092361450195,46.239349365234375,260.2092590332031,168.890625,49.6068115234375,75.23636627197266,60.97050476074219,80.91708374023438,27.593076705932617,236.56309509277344,76.17520141601562,37.107391357421875,74.429931640625,45.020809173583984,442.1490783691406,53.66651916503906,505.8092346191406,27.783512115478516,54.857177734375,113.2894058227539,182.97181701660156,100.79747009277344,330.6213073730469,125.39474487304688,40.8117561340332,247.2621612548828
2025-04-25,56.5896110534668,45.66495132446289,258.5251770019531,166.0988006591797,49.646087646484375,76.37512969970703,60.73338317871094,80.47604370117188,27.834148406982422,235.0529327392578,71.48139953613281,36.831275939941406,74.04146575927734,44.75615310668945,441.03765869140625,53.8386116027832,501.03173828125,27.975582122802734,53.123809814453125,113.7119369506836,179.20008850097656,99.28739929199219,327.83349609375,125.35537719726562,40.600242614746094,244.8144073486328
2025-04-28,57.39341354370117,46.09575271606445,260.7900085449219,165.59295654296875,49.59698486328125,77.5138931274414,60.822303771972656,80.45154571533203,27.769243240356445,235.931396484375,71.3588638305664,36.72280502319336,74.09002685546875,44.8790283203125,440.64422607421875,53.186466217041016,499.5021667480469,28.36933708190918,53.2518424987793,114.54719543457031,180.72235107421875,99.6649169921875,328.4068908691406,125.94602966308594,40.90789031982422,243.17926025390625
2025-04-29,58.28543472290039,44.65974807739258,262.222412109375,167.0423583984375,51.44300079345703,77.6598892211914,61.05942916870117,80.67206573486328,28.418272018432617,243.70924377441406,71.85841369628906,36.65377426147461,75.3136978149414,45.020809173583984,443.18182373046875,53.28609848022461,501.44891357421875,29.05120086669922,52.158634185791016,116.70901489257812,180.32481384277344,100.48770904541016,344.15496826171875,127.26513671875,40.71561050415039,243.1396484375
2025-04-30,57.39341354370117,44.0374755859375,262.3772888183594,166.44900512695312,51.001136779785156,76.27779388427734,61.24715042114258,80.84357452392578,28.362642288208008,248.17063903808594,72.57473754882812,35.529605865478516,76.19745635986328,43.17763137817383,445.788330078125,52.72452163696289,520.4396362304688,29.195255279541016,51.882877349853516,117.29859924316406,179.96609497070312,105.3760986328125,348.89031982421875,127.68844604492188,40.39834976196289,259.96661376953125
2025-05-01,58.148197174072266,43.463077545166016,263.4128723144531,164.79530334472656,50.294158935546875,77.49442291259766,61.27678680419922,80.91708374023438,28.3070125579834,249.34519958496094,71.83956909179688,35.904335021972656,75.60503387451172,41.485687255859375,440.6933898925781,52.815101623535156,519.3471069335938,29.262481689453125,50.71088409423828,117.64252471923828,177.79415893554688,105.28897857666016,349.60211181640625,128.25938415527344,38.908172607421875,261.2549743652344
2025-05-02,59.10884475708008,44.61187744140625,268.6973876953125,166.75054931640625,50.726200103759766,78.4482650756836,61.879478454589844,82.38717651367188,28.20502281188965,252.0694580078125,73.44186401367188,37.07780456542969,76.7801513671875,43.32887268066406,447.4801330566406,52.878501892089844,532.1798095703125,29.30089569091797,50.75027847290039,120.83613586425781,181.7210235595703,106.95392608642578,355.5335693359375,132.83692932128906,39.68690490722656,264.6441345214844
2025-05-05,56.79546356201172,44.56401443481445,263.4612731933594,166.2738800048828,50.91276550292969,78.75971221923828,61.662113189697266,80.01050567626953,26.842056274414062,251.79307556152344,71.83956909179688,36.831275939941406,76.8675537109375,41.84487533569336,445.06048583984375,50.91299057006836,538.5267333984375,29.3873291015625,52.237430572509766,118.399169921875,175.7095489501953,106.69257354736328,355.7115173339844,131.04530334472656,38.09096908569336,267.6072082519531
2025-05-06,56.35435485839844,43.94174575805664,259.018798828125,165.55406188964844,50.7458381652832,79.79141998291016,61.701637268066406,79.67974853515625,26.702978134155273,249.3748321533203,71.71703338623047,37.39336013793945,76.91610717773438,42.0150146484375,439.70977783203125,50.62314987182617,531.38525390625,29.24327278137207,53.783668518066406,114.82233428955078,174.64300537109375,105.085693359375,348.4948425292969,129.12570190429688,38.03329086303711,264.8323974609375
2025-05-07,54.95260238647461,43.60667419433594,256.10552978515625,166.9840087890625,49.74428176879883,78.5358657836914,61.73127365112305,79.09169006347656,26.37846565246582,251.03306579589844,70.94416046142578,36.505859375,71.46788787841797,41.60856628417969,442.2769775390625,50.369537353515625,530.8489379882812,30.309284210205078,53.17305374145508,113.1518325805664,174.5266571044922,103.34330749511719,347.5655822753906,128.6630096435547,38.45630645751953,263.4450378417969
2025-05-08,56.30533981323242,43.89387512207031,260.9739074707031,168.30699157714844,50.844032287597656,79.1490478515625,66.05879211425781,81.16209411621094,27.110942840576172,250.1151123046875,72.99887084960938,36.959468841552734,71.94376373291016,42.45926284790039,445.788330078125,51.827816009521484,537.9009399414062,30.971942901611328,52.030609130859375,113.48592376708984,177.84263610839844,105.13409423828125,349.5328674316406,127.60968780517578,40.090702056884766,266.0018310546875
2025-05-09,56.7856559753418,43.654541015625,262.416015625,167.50930786132812,51.187705993652344,80.20994567871094,66.97765350341797,81.79914855957031,27.333465576171875,249.3945770263672,73.04600524902344,37.33419418334961,71.31249237060547,41.84487533569336,445.22772216796875,51.565147399902344,538.1890258789062,31.375293731689453,53.1632080078125,113.22061920166016,175.9034881591797,105.93753051757812,347.8424072265625,128.47598266601562,40.28298568725586,267.2008972167969
2025-05-12,60.353759765625,44.707611083984375,267.3327331542969,178.3458709716797,52.267822265625,82.1370849609375,67.1456069946289,87.31204223632812,28.724246978759766,251.1811065673828,78.01312255859375,38.566829681396484,74.14830017089844,45.28547286987305,446.9588317871094,54.961761474609375,549.3232421875,31.64420509338379,50.01162338256836,118.03559112548828,184.6007080078125,111.24608612060547,353.0719909667969,134.4021453857422,43.263343811035156,269.9062805175781
2025-05-13,60.63802719116211,43.89387512207031,264.8453674316406,177.16880798339844,51.835777282714844,85.3879165649414,67.0863265991211,86.50347137451172,28.529537200927734,248.23971557617188,77.65496063232422,38.921836853027344,74.29397583007812,45.37054443359375,443.2704162597656,54.65380096435547,540.2152709960938,32.87347412109375,49.312374114990234,116.89571380615234,183.04937744140625,110.39867401123047,351.9747009277344,133.3094482421875,44.20552062988281,266.1702575683594
2025-05-14,59.87343978881836,43.94174575805664,262.7547607421875,175.59292602539062,51.94378662109375,83.6749038696289,66.78003692626953,83.5877685546875,27.973224639892578,246.9072265625,76.165771484375,38.51753234863281,72.4779052734375,47.563453674316406,438.64752197265625,53.59405517578125,537.3645629882812,32.34526443481445,47.9237060546875,115.0679931640625,186.0745086669922,108.77200317382812,347.3580017089844,131.63592529296875,44.81121063232422,263.92071533203125
2025-05-15,59.128448486328125,44.56401443481445,265.6002502441406,176.9158935546875,52.40528869628906,84.4189453125,67.4716567993164,83.52651977539062,27.722885131835938,252.59259033203125,76.58048248291016,37.93571853637695,73.93463897705078,46.85454177856445,446.7620849609375,52.91473388671875,549.1245727539062,33.2960319519043,49.08584976196289,113.4564437866211,184.94976806640625,110.12594604492188,357.3229064941406,131.71469116210938,44.830440521240234,268.6279296875
2025-05-16,59.02062225341797,45.186283111572266,269.9653015136719,178.2194061279297,52.798065185546875,85.93638610839844,67.7878189086914,84.9231185913086,27.99176788330078,255.73133850097656,77.83406066894531,37.49197006225586,75.47879028320312,47.39331817626953,450.2537841796875,54.13751220703125,560.268798828125,33.814632415771484,49.3419075012207,114.1443099975586,188.3142547607422,111.11946868896484,360.14654541015625,132.67941284179688,45.25837326049805,273.0279846191406
2025-05-19,58.06978225708008,45.186283111572266,268.41668701171875,178.56959533691406,53.34794235229492,85.75037384033203,67.98542022705078,84.4330825805664,27.917593002319336,257.9719543457031,77.43820190429688,38.261138916015625,75.1097412109375,47.72414779663086,452.7717590332031,53.60311508178711,564.35107421875,33.9490852355957,50.15935134887695,113.8102035522461,188.527587890625,111.2947998046875,358.6505126953125,133.93948364257812,45.015777587890625,273.5234375
2025-05-20,58.148197174072266,44.516143798828125,266.8100891113281,178.9586944580078,53.34794235229492,86.07344818115234,68.35099029541016,84.45758819580078,27.620893478393555,258.97869873046875,77.61726379394531,37.866695404052734,75.63416290283203,47.27043151855469,452.2996520996094,53.005306243896484,559.8118896484375,34.1219482421875,51.50862503051758,113.00443267822266,187.6840362548828,110.83699798583984,355.77734375,133.2700653076172,44.57910919189453,270.8675537109375
2025-05-21,55.32509231567383,43.94174575805664,261.0029296875,175.21356201171875,52.85697555541992,87.4734115600586,68.13361358642578,83.19573974609375,26.656620025634766,257.5672302246094,76.7972640991211,37.48210906982422,74.8475341796875,45.994388580322266,448.0210876464844,51.22095489501953,556.2560424804688,34.131561279296875,51.843475341796875,109.7813491821289,184.98854064941406,108.3531723022461,350.6650695800781,130.1494903564453,43.17206573486328,268.1027526855469
2025-05-22,56.79546356201172,43.8349494934082,260.58673095703125,175.388671875,52.356197357177734,87.04265594482422,67.76805114746094,83.31825256347656,26.58244514465332,256.2939453125,76.68415832519531,37.176414489746094,73.53646087646484,45.96603012084961,451.463623046875,51.02168655395508,560.874755859375,33.62255859375,51.85333251953125,108.76922607421875,186.67564392089844,108.3239517211914,349.67437744140625,127.86561584472656,43.162357330322266,269.2324523925781
2025-05-23,56.471981048583984,43.495140075683594,261.1674499511719,172.7135772705078,50.82439041137695,87.0230712890625,68.23242950439453,82.8772201538086,26.2579288482666,257.71527099609375,75.91128540039062,38.478084564208984,72.83722686767578,45.49174118041992,451.3652648925781,50.84053039550781,557.9247436523438,33.7089958190918,52.838199615478516,106.6073989868164,184.9012908935547,107.22327423095703,349.24835205078125,123.36686706542969,42.44428253173828,266.25408935546875
2025-05-27,57.6286735534668,44.514556884765625,265.7357482910156,176.41006469726562,52.39547348022461,89.61741638183594,69.56624603271484,84.86186218261719,26.814239501953125,262.0385437011719,77.7303695678711,39.08946990966797,75.01262664794922,46.3410758972168,460.26666259765625,52.50714111328125,563.6557006835938,34.62134552001953,52.15545654296875,107.4819564819336,187.9264373779297,109.3467025756836,355.99530029296875,126.73356628417969,43.07502365112305,268.2098693847656
2025-05-28,56.903289794921875,43.8349494934082,263.0257568359375,172.9178466796875,51.894691467285156,89.60762023925781,69.47732543945312,83.416259765625,26.276472091674805,259.3439025878906,76.31658172607422,38.34988784790039,72.97318267822266,45.539459228515625,454.916015625,51.69194793701172,546.8103637695312,34.60213851928711,52.293983459472656,106.9513168334961,186.3750762939453,107.68107604980469,351.4477844238281,124.74503326416016,42.221092224121094,260.6349182128906
2025-05-29,56.35435485839844,44.077667236328125,264.3904113769531,174.75636291503906,52.582035064697266,88.21745300292969,68.8746337890625,84.506591796875,26.693706512451172,260.86395263671875,76.81612396240234,38.487945556640625,73.8860855102539,45.75895309448242,456.460205078125,52.18106460571289,544.774169921875,34.48689651489258,51.96745681762695,107.04960632324219,187.13137817382812,108.42135620117188,352.45831298828125,123.19950866699219,42.60924530029297,263.3948669433594
2025-05-30,54.65852737426758,44.223297119140625,269.9459533691406,172.888671875,52.61149597167969,88.80484771728516,69.95158386230469,82.3252182006836,26.361103057861328,262.1766662597656,73.86600494384766,37.94558334350586,74.35223388671875,45.625343322753906,459.9027099609375,51.16661071777344,543.8504638671875,34.70777893066406,52.16535568237305,107.4623031616211,187.2961883544922,107.92459106445312,355.4900207519531,121.15191650390625,42.046424865722656,263.1565856933594
2025-06-02,54.00176239013672,43.8349494934082,269.74267578125,171.38087463378906,51.399208068847656,91.01738739013672,70.26849365234375,81.43788146972656,25.847946166992188,261.7127990722656,74.09221649169922,39.59239196777344,73.52674865722656,45.043216705322266,456.9421691894531,50.53538131713867,538.7278442382812,35.3320198059082,54.995269775390625,118.31072998046875,186.4138641357422,107.48626708984375,352.1512145996094,133.5949249267578,41.35745620727539,261.47882080078125
2025-06-03,55.88383102416992,44.17475509643555,274.1851806640625,174.75636291503906,52.69034194946289,90.38103485107422,70.50619506835938,83.11396789550781,26.408618927001953,261.9792785644531,75.83589172363281,39.68114471435547,74.44935607910156,45.15773391723633,464.0731506347656,51.70500946044922,542.6369018554688,35.48568344116211,54.75778579711914,120.19742584228516,188.17852783203125,108.47979736328125,354.4497375488281,134.70730590820312,41.54182815551758,263.0275573730469
2025-06-04,58.52070236206055,44.02912139892578,271.2041931152344,174.7759246826172,52.473514556884766,89.70552825927734,70.69436645507812,83.74248504638672,26.8742618560791,263.57830810546875,76.18462371826172,40.29252624511719,75.23600006103516,45.12910842895508,467.477294921875,51.992767333984375,546.6455078125,35.36083221435547,54.69841766357422,119.74539947509766,187.4610137939453,109.0252685546875,358.8684997558594,132.866455078125,41.328346252441406,264.1593322753906
2025-06-05,57.48163604736328,43.88349151611328,267.3424072265625,173.78826904296875,52.719913482666016,90.34186553955078,70.51609802246094,83.07699584960938,26.779233932495117,263.4697265625,73.83772277832031,41.111000061035156,74.25511932373047,44.94778823852539,464.0139465332031,51.612178802490234,547.113037109375,35.1676025390625,53.936519622802734,116.6893539428711,188.7796630859375,108.37265014648438,354.5686340332031,130.04119873046875,41.794124603271484,263.7522888183594
2025-06-06,58.64813232421875,44.223297119140625,270.7879943847656,175.8907012939453,52.956459045410156,90.2048110961914,70.95186614990234,83.96432495117188,27.13083839416504,263.5980224609375,74.29956817626953,40.9039192199707,74.68244934082031,45.18636703491211,466.431396484375,52.48475646972656,548.3861694335938,33.62177658081055,51.80914306640625,119.46043395996094,190.42796325683594,109.67787170410156,354.17236328125,131.4784393310547,42.036720275878906,262.8984680175781
2025-06-09,61.069339752197266,44.563106536865234,270.92352294921875,175.66580200195312,53.449256896972656,90.89990997314453,71.31832122802734,84.51891326904297,27.92908477783203,262.897216796875,75.35518646240234,41.751976013183594,75.9449462890625,45.806663513183594,465.8985595703125,54.285614013671875,551.5293579101562,33.41888427734375,52.719459533691406,120.40376281738281,190.61219787597656,110.51555633544922,354.63800048828125,131.54734802246094,42.6868782043457,264.07989501953125
2025-06-10,62.931800842285156,44.854366302490234,272.82049560546875,176.1058349609375,54.227882385253906,90.19502258300781,70.86273956298828,86.45380401611328,29.173969268798828,265.8780822753906,76.59932708740234,41.60405731201172,77.0423583984375,45.444026947021484,469.2435302734375,56.23500061035156,551.3801879882812,32.926151275634766,52.00703811645508,122.5164566040039,191.24244689941406,112.05455780029297,357.3922424316406,131.7245330810547,42.51220703125,263.1863708496094
2025-06-11,63.794429779052734,44.46601486206055,273.1398620605469,173.4264678955078,54.13918685913086,93.23970031738281,71.37774658203125,85.52948760986328,29.154964447021484,264.4666442871094,75.44002532958984,40.4404411315918,76.0711898803711,44.92870330810547,462.3168029785156,56.736263275146484,542.9453125,33.47685241699219,52.7491455078125,115.09747314453125,187.33499145507812,110.07723236083984,353.8255920410156,128.00344848632812,42.10464859008789,259.235107421875
2025-06-12,61.24577713012695,44.854366302490234,274.1755065917969,175.3724365234375,54.356014251708984,91.85932159423828,71.82341766357422,84.34637451171875,28.641803741455078,267.4376220703125,74.41266632080078,40.608089447021484,76.11004638671875,44.995506286621094,464.28033447265625,55.81727600097656,549.6991577148438,33.41888427734375,55.33168411254883,116.39456176757812,187.43194580078125,109.12266540527344,352.9042053222656,129.79510498046875,41.72620391845703,263.61328125
2025-06-13,59.908878326416016,44.17475509643555,271.3590393066406,170.7764129638672,53.587242126464844,97.83120727539062,71.73428344726562,82.41149139404297,28.413734436035156,260.78497314453125,72.57426452636719,40.37141799926758,73.89579010009766,43.7930793762207,459.790771484375,55.78942108154297,539.5833129882812,34.54927062988281,57.290855407714844,119.80435180664062,184.01626586914062,103.54137420654297,332.7721862792969,131.39968872070312,40.736419677734375,258.8876647949219
2025-06-16,60.14567184448242,44.61164855957031,271.4170837402344,172.50726318359375,55.19377517700195,98.62419128417969,73.47737884521484,83.77946472167969,29.050430297851562,262.6899719238281,73.3839340209961,41.32794189453125,74.52705383300781,44.4515495300293,460.4025573730469,56.82909393310547,539.901611328125,34.790809631347656,57.50853729248047,119.55868530273438,184.8946075439453,106.21027374267578,332.6532897949219,130.06088256835938,41.96879196166992,259.2946472167969
2025-06-17,58.89263916015625,44.02912139892578,268.1457214355469,170.10166931152344,54.51371383666992,100.3276596069336,73.49718475341797,82.7442398071289,27.976600646972656,258.58367919921875,71.60266876220703,40.79544448852539,72.86636352539062,43.83125305175781,454.7782287597656,55.31600570678711,538.509033203125,34.93572998046875,57.904335021972656,120.0794906616211,181.8595428466797,104.74919128417969,327.9670715332031,131.0846710205078,41.522422790527344,257.1701354980469
2025-06-18,58.60651779174805,43.932037353515625,266.5294189453125,170.08209228515625,55.02622604370117,98.20321655273438,73.4080581665039,82.39916229248047,27.08332633972168,257.47552490234375,71.16449737548828,40.608089447021484,72.73040008544922,44.012569427490234,452.60748291015625,54.43413543701172,535.9228515625,35.20624542236328,57.64706802368164,123.99044036865234,181.74240112304688,105.43102264404297,328.40301513671875,128.0821990966797,41.1342658996582,256.2766418457031
2025-06-20,55.903114318847656,43.54368591308594,261.8062438964844,171.5978240966797,55.42046356201172,98.2521743774414,73.01189422607422,81.56111145019531,26.380109786987305,258.4748840332031,70.72632598876953,39.661415100097656,71.94930267333984,43.73582458496094,449.80517578125,54.15565872192383,535.3558349609375,35.10963821411133,57.61738204956055,122.14305114746094,182.35723876953125,105.84986877441406,330.4142150878906,123.93781280517578,41.095455169677734,254.092529296875
2025-06-23,57.04762268066406,44.02912139892578,264.40008544921875,175.4115447998047,55.86398696899414,94.50260925292969,73.72498321533203,82.57170104980469,25.534351348876953,263.1451110839844,71.45026397705078,40.37141799926758,72.01764678955078,43.983943939208984,453.64349365234375,53.22738265991211,549.0227661132812,34.819793701171875,58.834442138671875,123.80372619628906,184.1528778076172,109.41488647460938,340.58917236328125,125.4439697265625,41.16337966918945,259.15570068359375
2025-06-24,59.376094818115234,44.563106536865234,271.9687805175781,175.1670684814453,56.15966796875,92.69146728515625,72.58602905273438,84.06291198730469,26.161542892456055,264.02569580078125,72.83145141601562,41.42655563354492,72.95496368408203,44.46109390258789,457.0082092285156,54.14638137817383,549.4306030273438,34.336727142333984,57.478858947753906,125.97537231445312,184.84579467773438,110.9246597290039,342.4914245605469,126.22167205810547,42.21139144897461,262.5708923339844
2025-06-25,59.57342529296875,43.932037353515625,272.9366455078125,172.6930389404297,55.93297576904297,89.48036193847656,72.5364990234375,83.79178619384766,25.486833572387695,263.64971923828125,72.26945495605469,41.03211212158203,72.47654724121094,44.27977752685547,454.0875549316406,53.357337951660156,531.5761108398438,34.26909255981445,57.44917678833008,125.9852066040039,182.3376922607422,110.32075500488281,340.4405517578125,126.47760009765625,41.22160720825195,252.80189514160156
2025-06-26,62.898406982421875,44.70873260498047,273.9045104980469,172.05743408203125,56.169525146484375,88.78527069091797,73.5863265991211,85.38159942626953,25.800430297851562,260.47357177734375,72.5361557006836,43.842533111572266,72.17385864257812,44.38474655151367,458.29095458984375,54.21135330200195,537.7828979492188,33.98890686035156,58.56728744506836,128.3435516357422,183.12818908691406,110.8272476196289,338.706787109375,129.45053100585938,41.415679931640625,255.1051483154297
2025-06-27,64.0823745727539,44.61164855957031,273.275390625,171.7445068359375,55.59787368774414,89.07896423339844,73.67546081542969,84.88863372802734,25.657888412475586,264.6293029785156,72.59331512451172,43.26072311401367,72.59370422363281,45.205448150634766,457.6298828125,54.46198654174805,547.1229248046875,34.124168395996094,56.16284942626953,129.14930725097656,184.84579467773438,111.1876449584961,342.52117919921875,129.16506958007812,41.784427642822266,260.2874755859375
2025-06-30,61.83283233642578,44.61164855957031,272.99468994140625,171.58804321289062,55.28248596191406,90.06775665283203,73.8141098022461,84.53123474121094,25.16373634338379,266.5982971191406,71.11687469482422,42.747947692871094,71.81260681152344,44.690128326416016,462.94830322265625,53.710086822509766,546.0387573242188,35.244895935058594,57.64706802368164,127.82703399658203,183.90892028808594,110.79804229736328,340.1829528808594,126.4969711303711,41.87175750732422,258.93731689453125
2025-07-01,62.05976104736328,45.97086715698242,278.05975341796875,177.07394409179688,57.04671096801758,90.5474624633789,74.38853454589844,88.05593872070312,26.446630477905273,269.7348327636719,74.48887634277344,43.43822479248047,73.31622314453125,47.190406799316406,470.417724609375,56.81052780151367,554.71240234375,35.53473663330078,58.21107482910156,132.33660888671875,197.86431884765625,113.38900756835938,352.0124816894531,128.62156677246094,44.49177169799805,262.7594909667969
2025-07-02,67.0817642211914,47.03883361816406,282.7643737792969,179.37193298339844,57.89433288574219,91.87890625,76.26038360595703,89.9045639038086,27.30189323425293,269.58642578125,76.12725067138672,45.134334564208984,74.8198471069336,48.08745193481445,470.8321838378906,58.0729866027832,555.6970825195312,36.52986526489258,59.428131103515625,137.02378845214844,197.0738525390625,115.5124282836914,349.24835205078125,132.4754638671875,45.78237533569336,263.7919921875
2025-07-03,66.31217956542969,46.7475700378418,284.26434326171875,179.1861572265625,57.88447189331055,92.66210174560547,76.37924194335938,90.85352325439453,27.04531478881836,271.1992492675781,75.79386138916016,45.16392135620117,74.52694702148438,48.12562561035156,469.26324462890625,57.562435150146484,554.9213256835938,36.008148193359375,59.26981735229492,136.04689025878906,197.4154052734375,115.2104721069336,350.72454833984375,131.66517639160156,46.60719299316406,264.3181457519531
2025-07-07,64.62503051757812,46.99028778076172,281.517578125,176.31118774414062,57.5690803527832,93.19076538085938,75.84443664550781,89.94153594970703,26.11402702331543,268.9136047363281,74.5460205078125,44.503231048583984,73.22835540771484,47.591217041015625,463.3528137207031,56.37424087524414,553.3297119140625,36.41392517089844,59.52708053588867,135.13906860351562,196.4199981689453,112.46366119384766,343.08587646484375,131.91220092773438,45.45244598388672,265.07269287109375
2025-07-08,69.28197479248047,47.669898986816406,284.7611389160156,178.20828247070312,57.914039611816406,95.08023071289062,75.71566772460938,91.77783203125,27.615488052368164,266.06396484375,76.61305236816406,45.62739562988281,74.38047790527344,48.2878532409668,463.70806884765625,59.13121795654297,556.1148681640625,36.04679489135742,57.003910064697266,137.88230895996094,197.8838653564453,114.3630599975586,342.7985534667969,134.4320526123047,45.72415542602539,264.52667236328125
2025-07-09,69.84435272216797,47.572811126708984,286.6020812988281,179.4599609375,57.10585021972656,96.67598724365234,75.46806335449219,93.09651184082031,28.35671615600586,265.38128662109375,76.47016143798828,44.95683288574219,74.74174499511719,49.01313018798828,465.010498046875,60.189449310302734,564.002685546875,36.05645751953125,58.13191223144531,137.85269165039062,199.16229248046875,115.12281036376953,348.28729248046875,134.4716033935547,45.84060287475586,268.00140380859375
2025-07-10,73.27787017822266,47.71844482421875,286.4656982421875,180.54539489746094,57.559226989746094,93.74878692626953,74.11123657226562,93.82363891601562,28.727331161499023,263.9762268066406,77.68942260742188,46.55434036254883,74.81008911132812,50.01514434814453,464.09283447265625,60.63502883911133,561.3766479492188,34.72317886352539,59.15107727050781,141.41494750976562,202.2461395263672,115.97996520996094,348.5745849609375,135.746337890625,46.59748840332031,268.7757568359375
2025-07-11,70.03182220458984,46.8931999206543,284.3910217285156,178.178955078125,57.47052001953125,96.17669677734375,72.86333465576172,93.0348892211914,28.081132888793945,264.1444396972656,76.45111846923828,45.71614456176758,74.15591430664062,50.01514434814453,462.58319091796875,59.920257568359375,559.0093994140625,35.215911865234375,59.497398376464844,140.51698303222656,200.93841552734375,114.25591278076172,342.72918701171875,133.47352600097656,45.80178451538086,267.0582275390625
2025-07-14,70.9099349975586,46.69902420043945,283.2513427734375,176.45787048339844,57.36210250854492,95.36414337158203,72.40775299072266,92.25847625732422,26.845752716064453,265.40106201171875,75.19375610351562,44.996280670166016,72.86709594726562,49.738399505615234,462.5535888671875,58.5185546875,561.814453125,34.82945251464844,60.18013381958008,139.697998046875,198.48890686035156,113.34030151367188,341.31243896484375,131.64540100097656,45.015777587890625,267.98150634765625
2025-07-15,69.08464050292969,45.82524108886719,279.2090759277344,173.2602081298828,56.77073669433594,93.88584899902344,71.39754486083984,91.29718780517578,26.598676681518555,262.0368957519531,73.46964263916016,43.6507453918457,71.91024780273438,48.602779388427734,454.4427795410156,57.96158981323242,545.5015869140625,34.68453598022461,56.746646881103516,136.55015563964844,194.86831665039062,111.32402801513672,335.9128723144531,127.33692932128906,44.05510711669922,259.6719665527344
2025-07-16,69.46943664550781,45.922325134277344,281.4883728027344,174.2380828857422,57.450809478759766,90.65515899658203,72.27900695800781,91.13697052001953,26.74121856689453,264.8963928222656,73.8697280883789,43.512237548828125,72.4667739868164,48.946327209472656,453.5646057128906,57.943023681640625,543.4525756835938,34.31739807128906,57.8350715637207,135.9679412841797,197.68869018554688,112.57080841064453,336.71533203125,125.9633560180664,44.51118087768555,258.7387390136719
2025-07-17,74.72824096679688,46.165042877197266,285.9591979980469,176.80014038085938,57.23397445678711,89.86216735839844,72.46717834472656,91.75318145751953,27.04531478881836,266.1728515625,74.49839782714844,43.98713302612305,73.25764465332031,48.58369064331055,455.1630554199219,58.759910583496094,550.1468505859375,34.075862884521484,57.37990951538086,138.88880920410156,197.3666229248047,113.00911712646484,336.7549743652344,129.59986877441406,44.7149658203125,261.1114501953125
2025-07-18,76.04048156738281,46.31067657470703,287.644287109375,174.6488037109375,57.01713943481445,90.68452453613281,72.34833526611328,93.10884094238281,26.931278228759766,265.91558837890625,74.06022644042969,44.323516845703125,74.2047348022461,48.049278259277344,458.83367919921875,58.676368713378906,562.0232543945312,35.01301956176758,57.57780456542969,138.77040100097656,194.99517822265625,111.55779266357422,336.92340087890625,130.07420349121094,43.53110122680664,264.67559814453125
2025-07-21,76.11940002441406,45.67960739135742,286.0955810546875,175.0497283935547,57.174835205078125,89.07896423339844,72.29882049560547,93.60179138183594,26.978792190551758,265.28228759765625,73.80304718017578,44.70936965942383,74.4488296508789,49.01313018798828,464.1816711425781,58.156532287597656,560.2626953125,34.32705307006836,59.2302360534668,140.27027893066406,196.537109375,111.54804229736328,338.14202880859375,132.93991088867188,44.09391784667969,263.0970458984375
2025-07-22,82.1280517578125,47.03883361816406,290.39111328125,177.65087890625,58.84050750732422,89.79364013671875,73.0416030883789,95.56134033203125,28.1856632232666,267.6965637207031,75.31758117675781,45.3128776550293,75.12252807617188,50.24418640136719,465.75054931640625,60.71857833862305,567.9415283203125,34.68453598022461,61.050880432128906,141.868896484375,200.34312438964844,112.40521240234375,336.92340087890625,130.67698669433594,44.87022399902344,265.8470458984375
2025-07-23,77.73750305175781,47.62135314941406,290.1573181152344,175.6853485107422,58.76165771484375,91.74183654785156,73.1901626586914,94.37821960449219,28.860374450683594,265.668212890625,75.9462661743164,44.36309051513672,75.63024139404297,51.6279296875,463.7474670410156,62.39875411987305,571.6915283203125,35.92119598388672,60.77382278442383,143.08262634277344,201.3483123779297,113.58381652832031,339.7668762207031,129.17494201660156,46.393714904785156,267.16741943359375
2025-07-24,83.05549621582031,47.37863540649414,289.5047607421875,174.5021209716797,58.10131072998047,91.53624725341797,72.41766357421875,92.18453216552734,23.823823928833008,266.98419189453125,73.66016387939453,44.10585403442383,74.08756256103516,52.29594039916992,465.2275695800781,56.34639358520508,578.345947265625,36.12408447265625,60.862876892089844,139.55982971191406,200.96771240234375,112.03507232666016,337.0621337890625,125.33092498779297,46.60719299316406,269.46075439453125
2025-07-25,82.62137603759766,47.281551361083984,291.4722900390625,173.85670471191406,58.160438537597656,91.3404541015625,72.72467803955078,93.37996673583984,24.241952896118164,268.8839416503906,74.5936508178711,44.41255569458008,74.8198471069336,53.13572692871094,466.6090393066406,59.41898727416992,582.6130981445312,35.65067672729492,65.05826568603516,143.9016571044922,201.55323791503906,112.9409408569336,336.9531555175781,129.28363037109375,47.40290451049805,272.84613037109375
2025-07-28,73.77119445800781,46.7475700378418,287.8878173828125,170.5026092529297,57.8351936340332,90.58661651611328,71.7045669555664,92.50495910644531,24.432010650634766,267.1424865722656,73.069580078125,43.324256896972656,73.45292663574219,52.963951110839844,461.2510986328125,58.37003707885742,572.8155517578125,35.20624542236328,62.990257263183594,142.60894775390625,199.25987243652344,111.01232147216797,333.0495910644531,128.69073486328125,47.09238052368164,268.16021728515625
2025-07-29,70.64353942871094,46.8931999206543,287.52740478515625,168.45884704589844,57.93375015258789,92.91664123535156,72.1799545288086,91.56831359863281,23.928356170654297,256.654296875,72.20277404785156,42.77021408081055,73.0233154296875,51.952392578125,465.247314453125,57.99872589111328,576.8340454101562,35.7666130065918,63.31678771972656,138.7802734375,198.16683959960938,109.31748962402344,333.85211181640625,126.01276397705078,46.772159576416016,271.9427490234375
2025-07-30,67.96974182128906,46.26213455200195,282.5987548828125,164.6940155029297,57.25368881225586,90.69432067871094,71.28861236572266,88.98025512695312,22.730987548828125,260.3548889160156,69.94524383544922,38.72371292114258,70.07465362548828,51.179405212402344,460.0374450683594,54.62907791137695,572.2584838867188,35.00335693359375,61.65446472167969,141.05972290039062,193.64840698242188,103.49267578125,328.9082946777344,125.94358825683594,45.9570426940918,270.801025390625
2025-07-31,66.94363403320312,45.38834762573242,280.4071960449219,164.0583953857422,56.43563461303711,90.88032531738281,71.43716430664062,88.61053466796875,22.132307052612305,258.9992980957031,69.1641616821289,39.81201934814453,69.35213470458984,44.60424041748047,454.1467590332031,53.77506637573242,571.82080078125,34.790809631347656,61.4466667175293,141.17813110351562,189.08120727539062,102.76213073730469,327.8184509277344,126.05229187011719,43.06532287597656,272.68731689453125
2025-08-01,66.99296569824219,45.145626068115234,274.4363098144531,162.15155029296875,56.31736755371094,89.63699340820312,70.48638153076172,86.19499206542969,20.706867218017578,258.2572021484375,56.0000114440918,39.604248046875,67.8387451171875,44.2893180847168,453.3080139160156,49.58853530883789,574.784912109375,34.124168395996094,61.931514739990234,136.83631896972656,186.79759216308594,101.72964477539062,340.2325439453125,120.92364501953125,43.03620910644531,272.9553527832031
2025-08-04,67.64414978027344,45.631065368652344,280.017578125,163.64768981933594,56.78059768676758,91.68309783935547,71.22917938232422,87.39042663574219,20.516809463500977,261.4927062988281,57.895572662353516,39.99009704589844,68.49291229248047,43.9553108215332,461.1919250488281,47.24928283691406,599.1148681640625,34.31739807128906,64.73174285888672,135.1686553955078,188.42735290527344,102.27510833740234,344.6314392089844,119.92556762695312,42.75480270385742,279.8154602050781
2025-08-05,67.33829498291016,45.53397750854492,284.8877868652344,164.4495391845703,53.518253326416016,90.77263641357422,71.61544036865234,89.47321319580078,21.267536163330078,263.6695251464844,58.476627349853516,39.604248046875,68.95181274414062,44.00302505493164,463.5994873046875,48.2518196105957,604.2672729492188,34.471981048583984,66.53260040283203,137.60598754882812,188.84698486328125,103.26863861083984,348.8321838378906,122.06993103027344,42.861541748046875,281.1259765625
2025-08-06,66.40099334716797,45.67960739135742,281.5467834472656,163.91171264648438,51.7934455871582,88.0118637084961,70.48638153076172,87.25487518310547,20.241222381591797,265.95513916015625,58.02892303466797,39.43605422973633,64.59716796875,44.212974548339844,465.21771240234375,45.9961051940918,594.8576049804688,29.882801055908203,67.20542907714844,136.6883087158203,187.58807373046875,102.93746948242188,347.48480224609375,120.78529357910156,41.367164611816406,279.5573425292969
2025-08-07,69.12410736083984,46.796112060546875,281.06951904296875,166.2390594482422,53.261993408203125,81.14908599853516,70.36753845214844,87.35346221923828,20.53581428527832,266.9247741699219,58.36231994628906,40.366058349609375,62.712764739990234,45.8448371887207,463.1949462890625,46.57163619995117,597.1055297851562,30.60740852355957,68.34334564208984,135.9679412841797,190.16445922851562,103.36604309082031,346.6921691894531,120.62718963623047,42.502498626708984,280.06365966796875
2025-08-08,74.47171783447266,46.941741943359375,281.24481201171875,167.03114318847656,53.28170394897461,79.21067810058594,70.22888946533203,86.84818267822266,20.165199279785156,269.9920959472656,58.695709228515625,41.42467498779297,62.05858612060547,45.37722396850586,466.1452331542969,45.54125213623047,607.6690673828125,30.89725112915039,68.2542953491211,137.1422119140625,191.69662475585938,104.17449951171875,348.90155029296875,121.56595611572266,42.33753967285156,284.4517822265625
2025-08-11,79.68118286132812,46.796112060546875,276.57916259765625,168.018798828125,52.88746643066406,80.8945541381836,71.76399230957031,86.14569854736328,19.832599639892578,270.615478515625,58.17180633544922,41.01903533935547,61.96095275878906,45.00505065917969,464.13232421875,44.872894287109375,596.737548828125,31.39964485168457,68.14545440673828,135.8988800048828,191.8820343017578,104.44905853271484,351.2991638183594,120.96317291259766,42.13375473022461,283.1809997558594
2025-08-12,76.93832397460938,47.427181243896484,281.7610778808594,170.8057403564453,52.72977066040039,81.15888214111328,70.34773254394531,88.64749908447266,20.630842208862305,273.7025451660156,60.410282135009766,41.70170211791992,63.01544189453125,46.15021896362305,466.9444885253906,46.664466857910156,612.155029296875,30.13399887084961,68.20481872558594,139.55982971191406,194.16566467285156,106.63570404052734,354.77667236328125,124.11546325683594,42.95857620239258,289.78302001953125
2025-08-13,80.57902526855469,48.25242614746094,286.5728454589844,175.46043395996094,54.09975814819336,84.60494995117188,71.63524627685547,91.18626403808594,21.78069496154785,278.8576354980469,63.391746520996094,42.28542709350586,64.93891143798828,46.41741943359375,469.3125915527344,49.13368225097656,616.7803955078125,31.119464874267578,67.83870697021484,143.91148376464844,195.95156860351562,110.43046569824219,365.41729736328125,127.71244049072266,43.78339767456055,293.5059509277344
2025-08-14,80.34223175048828,42.524269104003906,284.5857849121094,173.827392578125,52.86775207519531,83.4791030883789,71.17967224121094,90.73027801513672,22.208328247070312,277.02716064453125,63.24886703491211,41.83031463623047,64.16756439208984,45.577632904052734,471.2860412597656,49.486427307128906,609.2406616210938,31.013187408447266,67.75955200195312,142.44122314453125,191.7844696044922,109.77349090576172,362.1874694824219,125.9732437133789,42.42487335205078,291.4673767089844
2025-08-15,81.09207153320312,42.378639221191406,282.920166015625,170.91331481933594,53.07472610473633,84.5918960571289,71.07072448730469,90.06477355957031,22.19882583618164,277.8681335449219,62.448726654052734,41.90946960449219,64.26519775390625,44.90596389770508,473.7034606933594,49.55140686035156,606.3361206054688,31.370664596557617,68.6006088256836,143.48719787597656,188.7591552734375,109.62641906738281,361.8101806640625,124.92576599121094,41.83782958984375,289.9955749511719
2025-08-18,81.98005676269531,41.16504669189453,280.6604309082031,168.43930053710938,52.0891227722168,83.16397094726562,71.59563446044922,90.2003402709961,22.084789276123047,277.1260681152344,62.63923645019531,41.30595397949219,63.76724624633789,45.156517028808594,472.15435791015625,49.152244567871094,599.6221313476562,31.206417083740234,68.2740707397461,142.7372589111328,189.43252563476562,108.81254577636719,356.29962158203125,124.42179870605469,42.063236236572266,288.2652893066406
2025-08-19,79.47399139404297,41.40776443481445,282.6864318847656,171.41200256347656,52.37495422363281,82.7208251953125,71.7045669555664,90.9274673461914,22.360374450683594,280.6683349609375,63.54415512084961,41.01903533935547,64.27497100830078,45.59979248046875,473.545654296875,49.95984649658203,604.52587890625,31.148448944091797,66.6711196899414,143.9805908203125,193.4727783203125,110.66580963134766,365.3150939941406,126.7044906616211,42.30824661254883,291.20880126953125
2025-08-20,77.0764389038086,41.60193634033203,284.7806091308594,171.8031768798828,52.36509323120117,84.1290512084961,72.25919342041016,91.79015350341797,22.883033752441406,282.459228515625,63.458431243896484,40.87063217163086,64.54834747314453,45.30105972290039,475.95318603515625,51.36154556274414,597.4039306640625,31.35133934020996,68.2740707397461,141.57284545898438,193.3459014892578,109.88135528564453,364.5207824707031,123.96723175048828,41.11260223388672,284.6853332519531
2025-08-21,77.885498046875,41.99028778076172,285.9007568359375,171.98898315429688,51.95113754272461,85.0448989868164,72.27900695800781,91.87641906738281,22.512422561645508,280.07464599609375,62.87737274169922,41.276275634765625,64.56787872314453,46.28398132324219,474.3251037597656,51.49150848388672,597.5432739257812,31.505922317504883,69.35260772705078,141.35574340820312,205.2812042236328,109.40088653564453,361.2740173339844,124.27356719970703,42.817867279052734,286.6741943359375
2025-08-22,80.25343322753906,42.281551361083984,291.5307312011719,174.55099487304688,52.956459045410156,85.19261169433594,72.6652603149414,95.29020690917969,23.86183738708496,280.7375793457031,66.14459991455078,42.819679260253906,66.37417602539062,47.11271667480469,475.2723693847656,54.55481719970703,604.6551513671875,31.447954177856445,70.02545166015625,145.97386169433594,207.61361694335938,112.04838562011719,370.279541015625,131.1117706298828,44.78774642944336,290.771240234375
2025-08-25,80.2041015625,41.40776443481445,286.533935546875,171.8814239501953,52.24681854248047,84.85778045654297,72.8930435180664,94.8465347290039,23.6812801361084,275.4241943359375,65.21110534667969,43.22531509399414,65.55401611328125,47.594539642333984,471.50311279296875,54.222164154052734,601.283203125,32.00831985473633,70.35198211669922,147.57244873046875,207.11587524414062,109.95980072021484,364.3916931152344,131.70468139648438,45.013153076171875,288.6829528808594
2025-08-26,80.4408950805664,41.019412994384766,286.3390808105469,169.38783264160156,51.9018669128418,85.31077575683594,73.22977447509766,95.26555633544922,23.51022720336914,276.275146484375,65.0491714477539,43.878299713134766,65.14393615722656,47.006717681884766,475.51910400390625,53.794471740722656,613.7564697265625,32.17256164550781,71.66798400878906,145.99359130859375,206.5205841064453,110.3814468383789,363.85552978515625,130.17300415039062,45.37576675415039,289.57794189453125
2025-08-27,86.50875091552734,41.31067657470703,286.9429626464844,169.4269256591797,51.55690002441406,85.03504180908203,74.3093032836914,95.91873168945312,23.51022720336914,277.4229431152344,65.56354522705078,43.403404235839844,65.20252227783203,46.61162185668945,476.2985534667969,53.49032974243164,613.358642578125,32.35612869262695,71.62840270996094,148.3421173095703,205.61300659179688,109.94998931884766,364.7888488769531,131.13153076171875,44.74854278564453,289.5282287597656
2025-08-28,83.78560638427734,41.504852294921875,287.36181640625,167.295166015625,51.32035827636719,85.98042297363281,73.60613250732422,95.67224884033203,23.348676681518555,276.0772399902344,64.94438171386719,43.89809036254883,65.51496887207031,47.180171966552734,475.7460021972656,53.09115219116211,609.03173828125,32.80055618286133,72.20230865478516,147.8191375732422,211.42938232421875,109.05768585205078,363.5775146484375,130.01490783691406,45.46397018432617,289.5381774902344
2025-08-29,83.78560638427734,41.89320373535156,286.4754333496094,167.8525390625,51.88214874267578,85.31077575683594,73.47737884521484,95.30056762695312,23.743928909301758,274.1181335449219,67.00187683105469,43.927772521972656,65.915283203125,47.874000549316406,471.937255859375,53.556861877441406,613.1199340820312,32.2691764831543,73.61727142333984,146.76327514648438,212.70782470703125,109.06749725341797,363.2300109863281,129.37257385253906,46.414608001708984,289.5381774902344
2025-09-02,78.47747039794922,40.873783111572266,284.6052551269531,165.56431579589844,50.51683044433594,86.09859466552734,73.38803100585938,93.90054321289062,23.531843185424805,271.8918762207031,66.12554168701172,44.46202850341797,64.97796630859375,47.382537841796875,467.8423767089844,53.072139739990234,613.9266357421875,32.12425231933594,75.0619125366211,144.464111328125,211.2342071533203,107.4593734741211,358.35491943359375,127.49504089355469,46.16960144042969,290.8607482910156
2025-09-03,79.03986358642578,40.53397750854492,283.7188720703125,164.02049255371094,49.61650848388672,83.4791030883789,71.86903381347656,93.62798309326172,23.069110870361328,270.3483581542969,64.36334228515625,45.7185173034668,64.15779876708984,46.41889190673828,465.5137023925781,51.50392532348633,608.7672729492188,31.583213806152344,74.62653350830078,143.2898406982422,207.79901123046875,107.06715393066406,360.4499206542969,128.0583038330078,46.01279067993164,286.4454650878906
2025-09-04,78.2110824584961,40.53397750854492,282.44293212890625,164.24664306640625,49.883636474609375,82.89808654785156,72.12716674804688,95.58553314208984,23.04983139038086,272.040283203125,65.3444595336914,45.58000564575195,63.982051849365234,46.55380630493164,467.60235595703125,51.60847854614258,616.50634765625,31.515579223632812,74.33863067626953,143.02340698242188,211.4976806640625,107.5083999633789,363.18035888671875,129.31329345703125,45.24836349487305,290.7016296386719
2025-09-05,80.45076751708984,40.291259765625,282.33575439453125,165.2594757080078,50.39810562133789,83.19351959228516,71.7796859741211,96.4156265258789,23.618606567382812,270.67486572265625,65.78263092041016,45.847137451171875,64.4702377319336,46.919986724853516,464.7614440917969,52.349815368652344,620.1618041992188,31.35133934020996,75.61930847167969,145.31272888183594,214.942626953125,107.841796875,369.7830810546875,133.03872680664062,45.97359085083008,293.1678466796875
2025-09-08,80.90460968017578,39.90290832519531,281.41046142578125,165.57415771484375,50.41789245605469,83.21321105957031,72.42500305175781,96.3165054321289,23.117311477661133,272.4459533691406,65.6302261352539,46.163734436035156,64.60693359375,45.6865234375,469.81964111328125,51.922119140625,624.5940551757812,31.691801071166992,75.20234680175781,142.11558532714844,210.7267303466797,109.36166381835938,372.5632019042969,132.9497833251953,45.75798034667969,297.2449951171875
2025-09-09,71.6104507446289,39.75727844238281,279.6864013671875,164.0991668701172,49.87374496459961,83.37078857421875,71.97824096679688,95.08995056152344,23.271554946899414,267.8054504394531,64.39191436767578,43.423194885253906,63.532920837402344,45.17578887939453,468.6416931152344,51.69401550292969,611.7752075195312,31.283248901367188,75.3711166381836,139.15524291992188,208.91156005859375,107.25345611572266,358.8116149902344,128.75001525878906,44.454532623291016,290.8110656738281
2025-09-10,72.34056854248047,39.951454162597656,280.0370178222656,161.9849853515625,49.53736114501953,85.57666778564453,71.26342010498047,94.28461456298828,22.97270965576172,266.25201416015625,61.96293640136719,44.40266418457031,62.95685958862305,44.78069305419922,467.9092102050781,51.703521728515625,614.2752685546875,32.49917221069336,77.86296844482422,140.00387573242188,207.9161376953125,106.66512298583984,354.9095764160156,131.1513214111328,44.366329193115234,292.7899169921875
2025-09-11,74.04745483398438,40.436893463134766,286.87481689453125,165.7413330078125,50.57618713378906,84.81838989257812,72.46471405029297,96.62625122070312,24.119897842407227,271.9809265136719,64.70625305175781,45.43159866333008,64.78268432617188,44.8385124206543,478.6888427734375,52.720481872558594,628.6079711914062,32.761810302734375,79.07415008544922,141.84913635253906,211.8002166748047,109.65582275390625,366.05975341796875,132.4062957763672,44.72894287109375,299.9697265625
2025-09-12,75.37177276611328,40.19417190551758,285.21893310546875,162.88963317871094,50.64544677734375,84.32600402832031,73.75537109375,95.75898742675781,24.13918113708496,269.7447509765625,63.97279739379883,44.24436569213867,64.06993103027344,44.31814193725586,477.154541015625,52.48287582397461,613.4087524414062,32.732627868652344,78.67703247070312,139.48089599609375,209.9655303955078,108.5674057006836,357.540771484375,129.10577392578125,43.38629150390625,293.297119140625
2025-09-15,80.39127349853516,40.19417190551758,282.0045471191406,162.1029815673828,49.37906265258789,84.0502700805664,69.56573486328125,95.53597259521484,23.300477981567383,267.75592041015625,62.83473205566406,45.15458297729492,62.849456787109375,43.91341018676758,471.89837646484375,49.97373580932617,608.6477661132812,33.12172317504883,78.78623962402344,139.697998046875,207.91397094726562,107.32209777832031,354.54217529296875,130.0247802734375,43.582298278808594,292.39215087890625
2025-09-16,80.29206848144531,40.728153228759766,277.55322265625,163.45997619628906,49.20097732543945,83.66620635986328,69.3770980834961,95.61031341552734,23.59932518005371,261.90411376953125,63.64488220214844,44.81819534301758,62.995906829833984,44.559059143066406,466.691650390625,50.04026412963867,607.3330078125,32.89799118041992,78.44869232177734,141.0399932861328,207.58023071289062,106.2532958984375,350.6897888183594,138.0191650390625,43.396087646484375,290.33367919921875
2025-09-17,79.518310546875,40.19417190551758,283.0858154296875,162.1914825439453,48.5183219909668,82.9079360961914,70.13162994384766,95.12711334228516,23.657167434692383,263.1935119628906,63.64488220214844,44.61043167114258,61.84378433227539,45.233604431152344,474.9966125488281,50.86713790893555,607.2633056640625,33.22872543334961,78.12109375,140.91172790527344,208.1790008544922,105.99834442138672,347.7210388183594,135.23248291015625,43.160884857177734,290.6220703125
2025-09-18,80.28214263916016,40.33980178833008,284.85858154296875,162.28981018066406,48.67661666870117,82.8193130493164,70.1514892578125,96.76253509521484,23.24263572692871,262.6678466796875,64.09818267822266,44.45213317871094,62.24409866333008,45.39742660522461,471.17578125,50.078277587890625,617.9307250976562,33.287086486816406,77.7537612915039,132.52410888671875,210.02442932128906,106.90045166015625,347.0756530761719,138.18714904785156,43.28828430175781,296.9168395996094
2025-09-19,81.18485260009766,40.097084045410156,282.61822509765625,161.64080810546875,48.19182586669922,83.79422760009766,70.35004425048828,96.76253509521484,22.644941329956055,263.31256103515625,62.79615783691406,44.46202850341797,62.029293060302734,44.742149353027344,474.1552734375,49.43198013305664,616.10791015625,33.05363082885742,81.12918090820312,131.53732299804688,207.3937225341797,107.29267883300781,344.3352355957031,137.62388610839844,42.94527053833008,296.1312561035156
2025-09-22,79.73654174804688,40.04854202270508,280.0272521972656,160.48046875,48.17203903198242,84.33585357666016,69.24803924560547,96.96076965332031,22.33645248413086,264.9093933105469,62.06315994262695,44.6796875,60.730716705322266,44.48196029663086,472.9179382324219,48.56708908081055,617.3629150390625,32.51862335205078,83.1147232055664,132.89906311035156,208.79742431640625,107.36132049560547,343.9480285644531,137.42625427246094,42.612060546875,297.2251281738281
2025-09-23,79.4786376953125,39.27184295654297,269.4004821777344,160.59848022460938,48.003849029541016,85.81301879882812,68.97998046875,95.98198699951172,22.037607192993164,263.6398620605469,61.98600387573242,44.877559661865234,60.91622543334961,44.684326171875,475.0758056640625,47.87327575683594,612.9406127929688,33.04390335083008,84.05785369873047,133.4713897705078,209.77903747558594,104.17450714111328,342.0019836425781,135.0743865966797,42.93547439575195,295.9323425292969
2025-09-24,80.92694854736328,38.73786163330078,265.21209716796875,159.5167999267578,48.201725006103516,90.25433349609375,69.10903930664062,93.92532348632812,22.29789161682129,264.82012939453125,61.5616455078125,37.26934814453125,61.06268310546875,44.56869125366211,469.3246765136719,48.823707580566406,604.384765625,34.950469970703125,82.86652374267578,134.5963134765625,211.3594207763672,103.42928314208984,340.5225524902344,134.75814819335938,42.38665008544922,292.17340087890625
2025-09-25,84.15093231201172,38.68931579589844,258.8808288574219,156.0653076171875,47.954383850097656,88.3438720703125,66.59725189208984,92.3642349243164,21.401350021362305,265.068115234375,59.13119888305664,34.96413040161133,58.87559127807617,43.67250061035156,468.978271484375,46.55217361450195,605.6397705078125,33.84154510498047,83.06507873535156,132.97801208496094,209.21949768066406,101.89961242675781,337.6828918457031,134.4814910888672,41.436012268066406,293.1181335449219
2025-09-26,87.39474487304688,39.077667236328125,259.8548889160156,158.07130432128906,48.953636169433594,90.72702026367188,67.59998321533203,94.38373565673828,22.134008407592773,268.7874755859375,60.481441497802734,35.369773864746094,59.285675048828125,43.67250061035156,469.6018981933594,46.998878479003906,611.2971801757812,34.35709762573242,84.63365936279297,136.303466796875,211.97781372070312,101.6348648071289,339.48004150390625,137.97962951660156,41.28900909423828,297.62286376953125
2025-09-29,86.18450927734375,39.51456069946289,263.4588623046875,157.74679565429688,49.072357177734375,89.13169860839844,67.28227996826172,95.4492416381836,22.066524505615234,270.681884765625,60.43321990966797,36.725196838378906,59.91469955444336,44.40487289428711,471.6607971191406,46.647220611572266,618.7772827148438,33.754005432128906,83.92879486083984,134.2805633544922,212.29193115234375,101.99766540527344,340.48284912109375,137.23851013183594,41.367408752441406,301.33209228515625
2025-09-30,80.43094635009766,39.708736419677734,265.64068603515625,159.46763610839844,49.883636474609375,88.33403015136719,67.1432876586914,96.51473999023438,22.105087280273438,271.6241149902344,60.80936050415039,38.8028678894043,60.48475646972656,44.71324157714844,470.1859130859375,46.60920333862305,627.7713623046875,33.73454666137695,83.70045471191406,134.1814727783203,213.92140197753906,103.06647491455078,343.7991027832031,138.2798309326172,41.7202262878418,305.906494140625
2025-10-01,83.79380798339844,39.75727844238281,263.4542236328125,159.78231811523438,49.93310546875,85.11382293701172,61.027626037597656,96.91120910644531,22.22076988220215,267.50799560546875,59.758094787597656,38.67424774169922,59.91469955444336,44.56869125366211,462.07891845703125,46.01993179321289,617.5919799804688,32.89799118041992,85.32859802246094,134.141845703125,210.89805603027344,102.06629943847656,338.794921875,139.83689880371094,41.80842971801758,299.9598388671875
2025-10-02,86.90867614746094,39.951454162597656,265.317138671875,159.96913146972656,49.942996978759766,88.47189331054688,63.033084869384766,100.34312438964844,22.83774757385254,271.7629699707031,62.082454681396484,38.45658493041992,60.45526885986328,44.95415115356445,464.72186279296875,46.884830474853516,625.3709106445312,33.81236267089844,85.80513000488281,137.7384033203125,211.67352294921875,102.4879379272461,341.4558410644531,143.19891357421875,41.04399871826172,301.6801452636719
2025-10-03,87.5137939453125,39.708736419677734,266.170166015625,160.7164764404297,49.71544647216797,88.71808624267578,62.91394805908203,98.76964569091797,22.963069915771484,274.33184814453125,61.75453186035156,39.248077392578125,61.1137809753418,45.45524215698242,461.9997253417969,47.01789093017578,632.2435302734375,33.5886344909668,86.23201751708984,136.76742553710938,210.59375,102.39969635009766,344.1366882324219,143.8931427001953,41.14200210571289,303.00274658203125
2025-10-06,91.29328918457031,39.17475128173828,265.6603088378906,160.03797912597656,49.10204315185547,90.65808868408203,63.83726119995117,100.13249969482422,22.57745933532715,277.45611572265625,61.45555114746094,39.89116287231445,60.44544219970703,44.21214294433594,463.8012390136719,46.26704788208008,633.578125,34.376556396484375,87.87008666992188,134.3400115966797,209.01336669921875,101.50737762451172,334.51556396484375,140.4617156982422,39.50533676147461,302.9729309082031
2025-10-07,89.8052978515625,38.64077377319336,265.6014709472656,158.68096923828125,48.02363586425781,90.5694580078125,65.13783264160156,97.72892761230469,21.6905574798584,276.71221923828125,60.13423538208008,40.25722885131836,59.973670959472656,44.26995849609375,465.6028137207031,46.694740295410156,627.10400390625,34.444644927978516,86.32136535644531,134.54808044433594,206.67715454101562,99.72277069091797,334.60491943359375,141.5526123046875,40.35797119140625,299.2239074707031
2025-10-08,90.95601654052734,38.68931579589844,263.3365783691406,159.26113891601562,48.18193435668945,89.30895233154297,62.65582275390625,97.09705352783203,21.786958694458008,279.052978515625,60.124595642089844,42.394256591796875,60.24886703491211,44.963783264160156,463.08856201171875,46.27655029296875,633.77734375,33.84154510498047,87.7608871459961,136.56927490234375,209.35693359375,99.61491394042969,335.1708984375,145.3411102294922,42.43564987182617,302.7342224121094
2025-10-09,95.72750854492188,37.96116256713867,257.5811462402344,158.1302947998047,47.2618293762207,87.26062774658203,62.29841232299805,96.4404067993164,21.28566551208496,270.3149108886719,58.870792388916016,42.849365234375,59.11859130859375,44.732505798339844,453.5165710449219,45.30710983276367,631.2872924804688,32.528350830078125,84.59394836425781,136.89622497558594,207.50169372558594,97.6635971069336,330.8517761230469,146.5609588623047,42.033836364746094,301.2127685546875
2025-10-10,89.14066314697266,38.49514389038086,252.06106567382812,156.0259552001953,46.58906173706055,86.00996398925781,61.38503646850586,91.31112670898438,19.9071102142334,269.8586730957031,56.131717681884766,40.44520950317383,58.52887725830078,44.02904510498047,449.2205505371094,42.68391418457031,629.8629760742188,29.522592544555664,84.52445220947266,132.4178924560547,202.94705200195312,96.56537628173828,330.4447021484375,140.0649871826172,39.642547607421875,299.7509460449219
2025-10-13,95.56878662109375,38.73786163330078,255.76727294921875,154.86563110351562,46.53959655761719,86.86671447753906,62.21898651123047,94.0987777709961,20.6494083404541,268.01385498046875,57.925621032714844,42.32500076293945,59.0694465637207,43.990501403808594,452.011962890625,43.976505279541016,636.0681762695312,30.145143508911133,88.75365447998047,135.70729064941406,203.92864990234375,96.93798065185547,329.79931640625,144.33941650390625,40.700984954833984,301.0636291503906
2025-10-14,95.46958923339844,39.32038497924805,256.8850402832031,157.46163940429688,47.0738525390625,85.40926361083984,62.21898651123047,96.11827850341797,21.131423950195312,270.8008728027344,58.3885612487793,41.52361297607422,60.61252212524414,44.973419189453125,454.5955505371094,44.34717559814453,654.2355346679688,29.13349723815918,89.88542175292969,137.23309326171875,206.88327026367188,98.54610443115234,332.88720703125,145.76756286621094,41.38701248168945,307.3484191894531
2025-10-15,97.37422180175781,39.077667236328125,252.3846435546875,156.92080688476562,47.04416275024414,84.13890075683594,61.46445846557617,97.2952880859375,21.401350021362305,271.4654541015625,58.51393508911133,41.414390563964844,60.86806869506836,45.233604431152344,446.84490966796875,44.44221496582031,636.6160278320312,28.977859497070312,92.90343475341797,135.4992218017578,205.79371643066406,97.62437438964844,330.36529541015625,144.84523010253906,40.9263916015625,301.4116516113281
2025-10-16,94.52719116210938,39.51456069946289,248.23721313476562,156.68479919433594,47.548744201660156,81.75574493408203,60.56100845336914,96.79969787597656,21.112138748168945,268.4105529785156,58.02206039428711,41.40446472167969,61.52657699584961,44.94451141357422,439.7376403808594,43.586830139160156,621.6558227539062,28.62767219543457,97.55951690673828,131.43702697753906,201.56297302246094,99.04618835449219,329.104248046875,141.4732666015625,40.495174407958984,294.5799255371094
2025-10-17,91.99760437011719,39.56310272216797,248.2568359375,156.78314208984375,47.81587219238281,82.23829650878906,60.9581298828125,98.58380889892578,21.102500915527344,274.49053955078125,59.102264404296875,40.888153076171875,62.6568603515625,44.88669204711914,446.32025146484375,43.90046691894531,622.9107666015625,28.520671844482422,90.11375427246094,130.5651397705078,199.58995056152344,99.59529876708984,328.389404296875,141.57244873046875,40.57358169555664,293.7048645019531
2025-10-20,95.3703842163086,39.56310272216797,249.2471160888672,157.57962036132812,48.19182586669922,82.65189361572266,61.53395462036133,100.29356384277344,20.851852416992188,277.8825988769531,59.353023529052734,41.8909912109375,63.53160095214844,46.149070739746094,446.9834289550781,43.35872268676758,624.5940551757812,28.77358627319336,94.20396423339844,135.35061645507812,202.0930633544922,100.18363189697266,328.8858337402344,145.0733184814453,41.38701248168945,293.82415771484375
2025-10-21,90.60880279541016,39.51456069946289,249.7373504638672,160.8049774169922,48.81512451171875,82.02164459228516,61.52402877807617,100.51657104492188,20.96753692626953,275.91876220703125,59.94134521484375,41.01722717285156,63.89525604248047,45.94670486450195,445.5184326171875,42.96904754638672,629.5143432617188,28.39421844482422,85.69593048095703,139.22457885742188,204.30166625976562,102.35066223144531,336.03466796875,152.55113220214844,41.66142272949219,295.9124450683594
2025-10-22,90.53937530517578,39.51456069946289,248.20779418945312,176.0565185546875,49.22076416015625,84.6214370727539,62.665748596191406,98.75725555419922,20.919336318969727,273.7466125488281,59.02510452270508,40.49098205566406,63.70851135253906,46.20689392089844,445.3600769042969,42.95954513549805,620.0222778320312,28.841676712036133,86.38093566894531,135.39022827148438,204.90045166015625,100.173828125,331.4376220703125,147.3345184326172,41.80842971801758,292.0341796875
2025-10-23,96.58061981201172,39.951454162597656,249.9530487060547,183.17587280273438,49.17129898071289,85.60620880126953,63.023155212402344,100.71480560302734,23.628244400024414,272.774658203125,60.838294982910156,40.93779373168945,64.64221954345703,47.31508255004883,445.5184326171875,44.48973846435547,616.8848266601562,28.841676712036133,88.26719665527344,137.17364501953125,209.3372802734375,101.48777770996094,329.3922424316406,149.47671508789062,42.1612434387207,290.43316650390625
2025-10-24,104.7943344116211,39.51456069946289,249.93345642089844,178.56402587890625,49.2999153137207,85.15321350097656,63.20186233520508,100.36790466308594,23.91745376586914,274.96661376953125,60.471797943115234,41.07680130004883,64.77983093261719,47.09344482421875,441.47979736328125,45.231075286865234,618.7573852539062,29.16267967224121,82.76725769042969,137.4213409423828,201.06236267089844,101.48777770996094,331.6262512207031,151.6883087158203,42.210243225097656,291.1093444824219
2025-10-27,95.45967102050781,40.145626068115234,250.766845703125,177.46267700195312,49.319698333740234,85.07443237304688,63.46991729736328,100.8263168334961,24.80435562133789,277.42633056640625,61.5134162902832,40.8087158203125,64.17045593261719,46.43816375732422,440.3117980957031,46.65672302246094,614.3848266601562,28.75412940979004,78.0615234375,142.83102416992188,202.8096160888672,103.39986419677734,333.6914367675781,156.7164764404297,42.53365707397461,290.3834533691406
2025-10-28,95.90606689453125,40.53397750854492,249.4628143310547,176.18435668945312,48.567787170410156,84.78885650634766,63.003299713134766,101.47057342529297,24.46694564819336,266.08966064453125,61.10834884643555,40.87821960449219,63.76748275756836,45.41670227050781,438.2330627441406,45.250083923339844,614.3848266601562,28.579036712646484,78.76638793945312,150.5888214111328,202.36790466308594,103.26258087158203,351.9308776855469,159.74134826660156,42.2298469543457,290.9601745605469
2025-10-29,97.01709747314453,38.8349494934082,243.49169921875,173.26385498046875,47.27172088623047,82.86854553222656,62.745174407958984,101.7927017211914,23.965654373168945,255.367919921875,58.90937423706055,41.8909912109375,62.194915771484375,42.62211990356445,427.631591796875,44.394691467285156,614.4644165039062,27.86893653869629,79.09400177001953,153.00631713867188,193.03282165527344,97.20272827148438,343.27288818359375,162.12152099609375,37.08464431762695,293.3269348144531
2025-10-30,97.10637664794922,38.10679244995117,239.883544921875,172.9983367919922,46.78693771362305,81.5489501953125,61.2559700012207,100.93782043457031,22.94378662109375,255.00096130371094,57.59770202636719,41.43424987792969,62.04749298095703,37.22570037841797,425.5528564453125,42.95954513549805,610.580078125,26.95456314086914,81.71491241455078,148.3595733642578,192.5518341064453,95.55538940429688,345.42742919921875,156.8751678466797,35.32057571411133,288.3846130371094
2025-10-31,97.44366455078125,38.349510192871094,237.8539581298828,171.9756622314453,46.50001907348633,82.02164459228516,60.997840881347656,101.16083526611328,22.991989135742188,254.30667114257812,57.404808044433594,41.40446472167969,61.890235900878906,37.23533630371094,414.0605163574219,44.11906814575195,610.6597290039062,26.70165252685547,80.38460540771484,148.66671752929688,192.1591796875,95.84956359863281,342.4884948730469,155.50656127929688,36.183006286621094,287.88739013671875
2025-11-03,95.75727081298828,38.15533447265625,234.68702697753906,171.3660125732422,46.608848571777344,83.12458801269531,61.613380432128906,102.7208023071289,22.39429473876953,255.3480987548828,55.832733154296875,40.888153076171875,61.01549530029297,35.58749771118164,408.0025634765625,43.976505279541016,616.8350830078125,26.51683235168457,81.0299072265625,146.75450134277344,191.9923095703125,93.11380004882812,343.1835021972656,154.6833953857422,35.839996337890625,286.94268798828125
2025-11-04,87.741943359375,38.203880310058594,236.0695037841797,171.4840087890625,47.32119369506836,83.26245880126953,62.050209045410156,111.8114013671875,21.777318954467773,256.5482177734375,58.581451416015625,39.140621185302734,60.43561553955078,35.2309455871582,413.7041931152344,42.23720932006836,622.7713012695312,25.826189041137695,78.32957458496094,142.95980834960938,193.533447265625,93.07457733154297,340.54241943359375,150.36929321289062,35.58518981933594,290.632080078125
2025-11-05,91.2238540649414,39.17475128173828,232.9221649169922,171.61184692382812,48.369911193847656,83.75484466552734,63.211788177490234,117.34867095947266,21.950843811035156,256.8160095214844,58.91901779174805,39.925025939941406,62.90257263183594,34.99966812133789,413.99127197265625,41.79051208496094,608.1796264648438,25.505186080932617,81.03982543945312,143.91094970703125,195.45738220214844,94.37872314453125,333.3836364746094,152.85858154296875,35.33037567138672,283.51190185546875
2025-11-06,90.52945709228516,39.90290832519531,253.73770141601562,169.08465576171875,47.86534118652344,80.20965576171875,62.69553756713867,115.9273452758789,21.42062759399414,250.99392700195312,57.52054214477539,38.37607955932617,61.77228927612305,35.21167755126953,411.11077880859375,40.27932357788086,605.9087524414062,24.240625381469727,81.9333267211914,143.32640075683594,194.44631958007812,93.3197250366211,331.28863525390625,151.65855407714844,35.00696563720703,284.7052307128906
2025-11-07,96.40206146240234,40.63106155395508,254.6691436767578,171.1693572998047,48.45895767211914,80.78082275390625,63.68833923339844,117.85205841064453,21.48811149597168,254.03887939453125,59.073326110839844,39.52785873413086,60.936866760253906,36.71495819091797,416.2481689453125,40.88759994506836,608.20947265625,24.882633209228516,82.78710174560547,142.97962951660156,196.861083984375,94.37872314453125,337.7424621582031,150.6866455078125,35.09516906738281,285.69964599609375
2025-11-10,102.75083923339844,40.92232894897461,253.3847198486328,170.69732666015625,45.91629409790039,81.58834075927734,65.08819580078125,119.15495300292969,21.30494499206543,256.44903564453125,59.34337615966797,40.65978240966797,61.703495025634766,36.551143646240234,416.4065246582031,40.649993896484375,614.3151245117188,25.18418312072754,87.62189483642578,141.3448486328125,197.02796936035156,94.76399230957031,340.115478515625,151.17259216308594,34.79135513305664,291.7063293457031
2025-11-11,103.04842376708984,41.06795883178711,257.1105651855469,171.4053497314453,46.74736022949219,82.40570068359375,65.2470474243164,119.62872314453125,21.50739097595215,259.9105224609375,58.76469802856445,40.778926849365234,64.19010162353516,37.10042190551758,422.3258972167969,41.64794158935547,617.9307250976562,25.00908851623535,89.2996826171875,142.71209716796875,199.28565979003906,94.74423217773438,342.62750244140625,151.12301635742188,35.124568939208984,293.95758056640625
2025-11-12,109.43687438964844,40.82523727416992,256.4438171386719,171.11032104492188,45.97565841674805,83.45940399169922,66.00157928466797,120.7835693359375,21.382068634033203,258.9286193847656,58.77434158325195,41.51368713378906,64.28839111328125,36.78241729736328,424.6125183105469,41.16322708129883,612.3629150390625,24.76590347290039,92.39712524414062,147.01210021972656,196.75311279296875,96.3050308227539,342.2700500488281,156.5478973388672,34.67375183105469,293.9476318359375
2025-11-13,113.6528549194336,41.650482177734375,257.8948974609375,173.47035217285156,47.43001937866211,83.04580688476562,65.72357940673828,120.220947265625,22.27861213684082,259.84112548828125,60.4910888671875,40.252689361572266,66.27375030517578,36.512596130371094,424.2957763671875,43.26367950439453,599.7333984375,24.853450775146484,89.07135009765625,144.46578979492188,195.42794799804688,96.91748809814453,336.43182373046875,153.31478881835938,34.379737854003906,282.9902038574219
2025-11-14,114.2182846069336,41.16504669189453,254.27696228027344,170.0286865234375,47.09363555908203,84.2444839477539,65.5250244140625,117.58556365966797,22.105087280273438,256.4688720703125,58.10886764526367,39.87537384033203,64.75033569335938,36.43748092651367,419.0989685058594,43.05458450317383,594.0660400390625,25.339818954467773,87.16522979736328,146.41761779785156,193.59234619140625,95.85061645507812,330.58990478515625,154.1280059814453,33.60551071166992,279.4937744140625
2025-11-17,116.75779724121094,41.019412994384766,248.14895629882812,167.91448974609375,47.014488220214844,79.9351806640625,63.42028045654297,114.44678497314453,20.89041519165039,253.37435913085938,55.44695281982422,38.72359848022461,64.01319122314453,35.79360580444336,413.6150817871094,41.40083694458008,587.621826171875,23.851531982421875,86.4603500366211,147.29942321777344,193.05245971679688,94.20092010498047,325.24566650390625,153.79083251953125,33.24289321899414,278.9956970214844
2025-11-18,120.41825866699219,41.06795883178711,247.2371368408203,165.91831970214844,47.02437973022461,80.37106323242188,64.03582000732422,114.5948486328125,21.063940048217773,253.5826416015625,55.46623992919922,39.716514587402344,64.86827087402344,35.9496955871582,410.516845703125,41.5719108581543,590.8190307617188,24.007169723510742,85.9738998413086,147.14089965820312,193.01319885253906,93.66748046875,322.2798767089844,153.33462524414062,33.14488983154297,280.7787780761719
2025-11-19,124.67391204833984,40.873783111572266,248.30584716796875,165.63314819335938,47.0639533996582,77.98360443115234,64.21453094482422,112.16673278808594,20.543367385864258,259.3650207519531,55.39872360229492,40.9576530456543,64.01319122314453,35.50093460083008,409.01226806640625,40.64048385620117,594.4444580078125,23.832075119018555,86.87732696533203,147.2102508544922,190.73585510253906,93.19331359863281,328.201416015625,154.1776123046875,32.99788284301758,283.1296691894531
2025-11-20,115.48804473876953,40.58251953125,246.18801879882812,163.24365234375,47.40033721923828,77.06230926513672,63.91667556762695,109.91629791259766,20.196319580078125,259.6030578613281,54.36674880981445,39.34913635253906,63.452972412109375,34.7302360534668,404.3697814941406,40.44089889526367,594.623779296875,23.277616500854492,81.40715026855469,145.8429718017578,188.15423583984375,94.04286193847656,326.4399108886719,151.84698486328125,32.13545227050781,284.8629150390625
2025-11-21,115.88484191894531,41.26213455200195,252.3454132080078,167.6195068359375,49.3394889831543,77.8052978515625,65.0683364868164,114.1210708618164,21.401350021362305,264.8895568847656,57.41445541381836,39.587432861328125,66.29341125488281,36.74966049194336,408.556884765625,42.579368591308594,600.7792358398438,23.511072158813477,82.88638305664062,150.9455108642578,193.68067932128906,97.50031280517578,335.44659423828125,156.85533142089844,33.105690002441406,286.7157287597656
2025-11-24,114.95236206054688,41.11650085449219,251.57081604003906,164.7973175048828,48.31055450439453,76.93352508544922,65.1874771118164,113.9137954711914,21.719478607177734,266.60540771484375,56.64288330078125,40.50091552734375,66.29341125488281,36.67161560058594,403.53826904296875,43.11161422729492,602.18359375,22.956613540649414,85.90440368652344,152.2335205078125,193.6905059814453,95.97904205322266,336.382080078125,159.8603515625,33.037086486816406,286.07818603515625
2025-11-25,124.25728607177734,41.31067657470703,253.8749542236328,167.64898681640625,48.85470199584961,76.95333862304688,65.57466888427734,114.83173370361328,22.365373611450195,271.2273864746094,58.46571350097656,40.778926849365234,68.0134048461914,38.17399215698242,403.71649169921875,44.67982482910156,615.470458984375,23.501344680786133,85.64628601074219,154.80953979492188,197.55801391601562,98.38937377929688,341.0097961425781,162.8950958251953,34.26213455200195,291.5867919921875
2025-11-26,125.89407348632812,41.84465408325195,253.9043731689453,169.35015869140625,49.10204315185547,77.676513671875,66.17034912109375,116.78606414794922,23.04983139038086,272.744873046875,59.073326110839844,41.85127639770508,68.58346557617188,38.398372650146484,403.76593017578125,46.01993179321289,620.0222778320312,23.598621368408203,90.1267318725586,157.66299438476562,199.74700927734375,98.67585754394531,341.7463073730469,165.24554443359375,35.065765380859375,293.9376220703125
2025-11-28,128.9494171142578,41.35921859741211,255.9535675048828,169.49766540527344,49.00310134887695,77.96379089355469,66.98444366455078,118.36344146728516,23.333553314208984,272.91351318359375,59.873836517333984,42.675392150878906,68.28860473632812,38.51544189453125,406.16143798828125,46.56167984008789,620.7593994140625,23.82234764099121,90.33582305908203,158.0196990966797,200.31634521484375,98.82403564453125,342.0448303222656,166.44557189941406,34.977561950683594,296.08929443359375
2025-12-01,127.3027114868164,41.45630645751953,255.76727294921875,169.65499877929688,48.70509338378906,79.05351257324219,66.23785400390625,118.78011322021484,23.323768615722656,270.63226318359375,59.748451232910156,42.76475524902344,68.08219909667969,38.23252487182617,403.013671875,46.855010986328125,613.6183471679688,24.2795352935791,91.43104553222656,159.21852111816406,199.50161743164062,98.6462173461914,339.8553466796875,166.23728942871094,34.9383659362793,290.72015380859375
2025-12-02,127.11422729492188,40.776695251464844,251.75711059570312,169.35015869140625,48.089202880859375,78.23126983642578,65.30211639404297,117.61940002441406,23.343334197998047,268.6783752441406,58.82257080078125,42.665462493896484,67.3647232055664,36.925262451171875,404.6469421386719,46.71812438964844,606.3775634765625,23.715347290039062,90.0869140625,159.6049346923828,189.00823974609375,99.03147888183594,335.87451171875,166.24722290039062,33.76231384277344,288.7179260253906
2025-12-03,125.47743225097656,41.06795883178711,255.26722717285156,173.61160278320312,48.456748962402344,78.54827880859375,65.00347900390625,118.03607177734375,23.245500564575195,262.1719055175781,59.3819580078125,44.21440887451172,65.96907806396484,38.26179122924805,406.494873046875,45.007015228271484,614.2366943359375,23.54998207092285,89.26051330566406,163.19155883789062,194.30889892578125,100.10823059082031,337.6161193847656,170.08529663085938,35.39897537231445,291.457275390625
2025-12-04,118.186279296875,40.388343811035156,256.512451171875,172.98870849609375,48.526283264160156,79.47948455810547,65.9889907836914,118.51225280761719,22.374773025512695,262.26123046875,58.504295349121094,44.29384231567383,65.3498764038086,38.17399215698242,401.1100769042969,42.20079803466797,617.1390380859375,23.6579647064209,90.32586669921875,161.04156494140625,193.01319885253906,99.44637298583984,333.7646789550781,166.72325134277344,35.72239303588867,292.51318359375
2025-12-05,124.1878433227539,40.291259765625,255.60061645507812,177.30946350097656,48.70509338378906,77.1514663696289,65.70030212402344,120.56583404541016,22.46282386779785,257.56982421875,59.34337615966797,44.87965774536133,66.0280532836914,38.10570526123047,396.9770202636719,42.38657760620117,622.714111328125,23.176952362060547,89.37003326416016,157.9800567626953,194.82916259765625,99.80199432373047,331.5154724121094,163.8571014404297,35.32057571411133,293.72845458984375
2025-12-08,126.18175506591797,40.04854202270508,231.441650390625,173.3347625732422,47.393836975097656,76.53726196289062,64.79443359375,120.77416229248047,22.364990234375,255.050537109375,58.26317596435547,44.68107604980469,64.23925018310547,37.56913757324219,386.8531799316406,41.340354919433594,620.5499267578125,23.20639991760254,88.61333465576172,157.83143615722656,193.17025756835938,99.15001678466797,325.5641174316406,164.76951599121094,35.34017562866211,294.63494873046875
2025-12-09,128.25502014160156,39.368927001953125,226.25491333007812,170.99147033691406,46.559410095214844,75.98249816894531,65.54102325439453,120.86345672607422,22.609575271606445,251.2220458984375,59.034751892089844,44.48249435424805,63.43331527709961,36.661861419677734,387.8466491699219,41.82924270629883,610.3869018554688,23.37328338623047,93.68122100830078,156.68212890625,189.8426055908203,98.22144317626953,319.6028137207031,164.0653533935547,34.60514831542969,289.9132995605469
2025-12-10,132.14364624023438,39.80582046508789,232.08877563476562,175.10459899902344,47.45344543457031,75.37821197509766,64.80438995361328,121.9051284790039,24.057527542114258,255.3480987548828,62.65148162841797,46.12080001831055,64.26873779296875,38.16423416137695,390.1317443847656,44.22479248046875,621.7567138671875,23.31438446044922,93.98988342285156,162.8150634765625,198.8930206298828,99.21916961669922,324.7082214355469,169.8175048828125,36.428016662597656,295.62109375
2025-12-11,133.51258850097656,40.436893463134766,238.97169494628906,179.61322021484375,48.8838996887207,77.9241714477539,65.74011993408203,123.48251342773438,24.047744750976562,259.1964111328125,63.500205993652344,47.76903533935547,62.16543197631836,38.095947265625,400.6828308105469,44.10746383666992,630.4037475585938,24.72797203063965,98.98806762695312,165.034423828125,201.52371215820312,101.51097106933594,327.7237243652344,171.58282470703125,37.25124740600586,298.1114196777344
2025-12-12,132.07484436035156,39.951454162597656,238.25596618652344,180.54261779785156,50.572635650634766,78.44921112060547,65.81976318359375,121.81584167480469,23.450952529907227,261.4478759765625,62.80580139160156,47.04420852661133,62.17525863647461,37.59840774536133,413.5388488769531,43.403465270996094,626.5838623046875,25.72926139831543,97.71363067626953,163.58787536621094,201.29795837402344,102.28148651123047,327.1166687011719,170.55142211914062,36.44761657714844,294.7943115234375
2025-12-15,131.5574493408203,40.04854202270508,240.22671508789062,181.62033081054688,51.238197326660156,78.01332092285156,65.58084106445312,120.86345672607422,22.942214965820312,258.9781799316406,62.483367919921875,47.1832160949707,63.06965255737305,37.65694046020508,414.28399658203125,42.376800537109375,632.1989135742188,24.40402603149414,99.25689697265625,160.5263671875,201.94976806640625,102.45929718017578,326.8778076171875,167.5563201904297,36.79063415527344,295.53143310546875
2025-12-16,130.4132080078125,40.388343811035156,237.5205841064453,181.05674743652344,51.41699981689453,76.8245620727539,65.18266296386719,120.38726043701172,22.345420837402344,258.1327819824219,62.190250396728516,47.20307922363281,63.47262954711914,37.66669845581055,420.7616882324219,42.024803161621094,627.8206176757812,23.029701232910156,97.6041030883789,160.76414489746094,201.13992309570312,102.43953704833984,326.3005676269531,167.73484802246094,36.93763732910156,290.8795471191406
2025-12-17,134.0349578857422,40.63106155395508,241.56996154785156,181.78842163085938,51.72494888305664,78.2708969116211,66.12834930419922,120.83369445800781,22.57044219970703,260.4801025390625,62.46382522583008,47.48108673095703,64.49479675292969,37.7447395324707,419.5992736816406,42.7874641418457,617.368408203125,23.589248657226562,99.01793670654297,159.2086181640625,199.82638549804688,102.45929718017578,326.38018798828125,171.3150634765625,37.261051177978516,284.3050842285156
2025-12-18,139.77603149414062,40.485435485839844,238.99131774902344,181.1754150390625,52.10243225097656,77.55763244628906,66.65593719482422,120.56583404541016,22.541091918945312,261.5045471191406,62.67878341674805,47.580379486083984,64.28839111328125,37.65694046020508,416.27099609375,42.10302734375,625.7161865234375,23.520530700683594,98.90840911865234,156.37498474121094,201.50535583496094,101.65914916992188,323.80255126953125,173.13987731933594,37.84907150268555,287.2237243652344
2025-12-19,145.14898681640625,40.24271774291992,235.27532958984375,179.10894775390625,51.68521499633789,77.96379089355469,66.00889587402344,122.79798126220703,22.756328582763672,262.1709289550781,62.10231399536133,48.801666259765625,65.03994750976562,37.30573654174805,418.6951599121094,42.132354736328125,632.2587890625,23.363466262817383,100.84994506835938,157.68280029296875,200.31033325195312,101.43193817138672,319.3241271972656,172.8423614501953,37.3492546081543,290.7400817871094
2025-12-22,144.65150451660156,40.388343811035156,240.001220703125,178.9903106689453,51.97329330444336,76.70567321777344,66.78534698486328,123.45275115966797,22.91286277770996,265.9405212402344,61.81896209716797,50.281105041503906,65.8310775756836,38.330081939697266,420.7616882324219,42.631019592285156,630.8325805664062,23.87392807006836,104.4243392944336,162.74569702148438,203.99417114257812,102.11355590820312,322.28985595703125,174.3101348876953,37.329654693603516,290.7500305175781
2025-12-23,145.9648895263672,40.145626068115234,239.99142456054688,179.17816162109375,51.883888244628906,77.4090347290039,66.84507751464844,122.14321899414062,22.404123306274414,263.3147277832031,61.05685043334961,51.53217697143555,65.63330078125,38.49592971801758,422.34136962890625,41.7021369934082,637.0859375,23.844480514526367,104.79273986816406,162.1809539794922,204.2707061767578,101.42206573486328,322.49884033203125,175.73826599121094,37.47665786743164,291.7063293457031
2025-12-24,147.76580810546875,40.097084045410156,241.04052734375,179.66265869140625,51.923622131347656,76.84436798095703,67.02426147460938,122.23250579833984,22.560657501220703,264.15020751953125,61.418365478515625,51.552032470703125,66.17718505859375,38.40812683105469,422.1426696777344,41.91724395751953,641.4343872070312,23.79539680480957,104.2750015258789,163.96435546875,204.76451110839844,102.29137420654297,323.7926330566406,173.93328857421875,37.36885452270508,292.50323486328125
2025-12-26,149.25828552246094,40.388343811035156,242.58966064453125,180.48329162597656,52.31104278564453,76.7254867553711,67.1337661743164,122.79798126220703,22.78567886352539,264.3193054199219,62.063228607177734,52.664093017578125,66.72108459472656,38.91542053222656,422.01348876953125,42.28879928588867,643.2994384765625,23.864112854003906,105.3204345703125,164.8164520263672,206.32496643066406,103.05200958251953,323.8822021484375,174.01263427734375,37.966678619384766,293.0610656738281
2025-12-29,143.85549926757812,41.019412994384766,243.0112762451172,180.592041015625,52.80772399902344,76.92362213134766,67.34281158447266,121.69678497314453,22.844377517700195,264.09051513671875,62.258644104003906,51.115150451660156,67.00787353515625,38.88615798950195,423.7720031738281,42.48435592651367,635.5799560546875,23.618698120117188,99.37637329101562,163.95445251464844,206.1866912841797,102.98285675048828,323.6732177734375,171.45391845703125,37.907875061035156,290.88946533203125
2025-12-30,141.29837036132812,40.728153228759766,243.96234130859375,181.0963134765625,52.88719940185547,76.2103500366211,67.0640869140625,121.07179260253906,23.000913619995117,263.05615234375,62.85465621948242,51.04564666748047,67.17597961425781,38.759334564208984,425.5801696777344,42.6896858215332,629.7454223632812,23.707046508789062,101.41746520996094,163.28073120117188,205.68301391601562,102.41978454589844,324.5987548828125,169.61917114257812,38.0646858215332,287.76165771484375
2025-12-31,140.73123168945312,40.485435485839844,242.19747924804688,179.8307342529297,52.61898422241211,76.61651611328125,66.72562408447266,119.6432113647461,22.873727798461914,261.106689453125,62.36612319946289,50.4300422668457,66.64197540283203,38.42763900756836,423.6230163574219,42.33768844604492,621.0086669921875,23.648147583007812,99.41619873046875,162.15731811523438,203.67811584472656,101.21461486816406,322.4789733886719,168.54493713378906,37.8980712890625,284.1158142089844
2026-01-02,143.20875549316406,40.82523727416992,247.3726806640625,180.38442993164062,52.99646759033203,79.38041687011719,67.45231628417969,121.63726806640625,23.744457244873047,261.2260437011719,62.86442184448242,51.56196212768555,67.27487182617188,39.26662826538086,426.3253173828125,43.403465270996094,632.7574462890625,24.56109046936035,100.78024291992188,168.41058349609375,208.5076141357422,103.0816421508789,326.27069091796875,175.11962890625,38.80950927734375,291.5170593261719
2026-01-05,145.3977508544922,41.06795883178711,250.7010040283203,178.50582885742188,53.55275344848633,79.50920104980469,67.54190063476562,125.03013610839844,24.360815048217773,261.76312255859375,63.26502227783203,54.024383544921875,66.21675109863281,39.530033111572266,430.2894592285156,44.5767936706543,640.29736328125,24.413843154907227,103.08020782470703,167.14801025390625,208.5175018310547,103.93119049072266,330.60986328125,170.9122314453125,39.2701301574707,295.5215148925781
2026-01-06,157.3574981689453,41.60193634033203,255.16510009765625,179.98892211914062,53.94017028808594,78.70677185058594,69.05500793457031,129.28611755371094,24.967390060424805,270.06817626953125,66.75314331054688,55.75205612182617,68.10555267333984,39.99830627441406,434.3230895996094,45.173240661621094,644.526123046875,24.698522567749023,108.72557830810547,168.3608856201172,209.10018920898438,104.35596466064453,338.46209716796875,171.81736755371094,40.132564544677734,298.6891784667969
2026-01-07,160.76036071777344,40.776695251464844,258.6317138671875,178.49594116210938,53.17527389526367,76.76510620117188,68.22876739501953,128.66110229492188,24.262981414794922,267.3031311035156,64.73062133789062,55.106658935546875,66.552978515625,38.59348678588867,431.32269287109375,43.91190719604492,623.3823852539062,24.835954666137695,107.5407485961914,163.84739685058594,204.25094604492188,102.63712310791016,329.8236389160156,166.93359375,38.84871292114258,290.9891052246094
2026-01-08,157.51669311523438,42.08737564086914,257.9897155761719,183.92408752441406,54.4666633605957,80.56919860839844,69.82150268554688,129.16705322265625,25.358728408813477,270.27703857421875,67.20259857177734,53.835731506347656,67.81877136230469,41.051918029785156,436.836669921875,46.581233978271484,636.417724609375,25.99431037902832,106.42561340332031,166.89947509765625,211.2334747314453,104.02010345458984,339.3975830078125,171.24046325683594,41.45561218261719,297.97198486328125
2026-01-09,160.4817657470703,41.99028778076172,260.4588317871094,186.2772674560547,55.25142288208008,81.82730865478516,68.33827209472656,130.3872833251953,25.759849548339844,270.2671203613281,67.18305206298828,56.12936019897461,68.33299255371094,42.28113555908203,441.19818115234375,47.6274528503418,664.9019165039062,25.503482818603516,108.51648712158203,162.8134765625,216.6357879638672,106.10445404052734,351.58892822265625,168.36590576171875,42.12204360961914,310.4136047363281
2026-01-12,168.48147583007812,41.796112060546875,263.73779296875,185.85211181640625,55.102420806884766,80.03424835205078,68.17899322509766,129.25633239746094,25.92616844177246,269.5410461425781,66.83131408691406,58.29391098022461,68.19454956054688,41.325077056884766,440.7510986328125,47.128787994384766,661.9498901367188,25.24825096130371,112.46923828125,165.00062561035156,214.53213500976562,106.7366714477539,355.9181213378906,168.4454803466797,42.08283996582031,308.4213562011719
2026-01-13,175.99365234375,42.47572326660156,262.8883972167969,185.61480712890625,55.13221740722656,82.09478759765625,68.53736114501953,130.32777404785156,25.975086212158203,272.0673828125,66.50888061523438,58.9194450378418,68.83733367919922,41.52019119262695,440.0258483886719,47.58834457397461,663.944580078125,25.72926139831543,114.1319808959961,168.4901123046875,215.94442749023438,106.28226470947266,354.28594970703125,168.93284606933594,41.82802963256836,309.83587646484375
2026-01-14,176.66029357910156,42.815528869628906,263.9451904296875,186.2574920654297,55.65870666503906,84.25440216064453,69.6224136352539,127.64918518066406,27.64805793762207,274.166015625,67.70089721679688,59.92228698730469,69.40100860595703,41.79335021972656,437.12481689453125,50.844337463378906,635.021484375,27.133033752441406,113.65406799316406,171.28369140625,217.23825073242188,107.25035095214844,352.6538391113281,169.88772583007812,41.88683319091797,297.3244934082031
2026-01-15,172.9091796875,42.873783111572266,262.69091796875,186.94961547851562,55.51963424682617,85.7898941040039,70.17987060546875,129.1372833251953,27.33498764038086,276.2348327636719,68.61934661865234,59.68339538574219,70.0438003540039,42.593318939208984,437.1844177246094,49.749229431152344,639.240234375,27.074134826660156,113.71381378173828,173.7690887451172,219.21348571777344,108.73211669921875,354.42529296875,174.17471313476562,42.46505355834961,300.5419616699219
2026-01-16,162.22299194335938,39.74756622314453,264.2217102050781,186.5244598388672,55.70838165283203,85.93848419189453,69.32376861572266,127.55989837646484,26.972999572753906,275.578369140625,67.0951156616211,58.43916320800781,70.88435363769531,42.29088592529297,436.1114196777344,49.778564453125,649.9317626953125,25.866697311401367,113.62419891357422,173.37144470214844,218.59127807617188,108.88029479980469,356.1171569824219,172.6528778076172,41.85742950439453,304.7854919433594
2026-01-20,171.67538452148438,39.97086715698242,254.98731994628906,180.15701293945312,55.00307846069336,87.59286499023438,68.5871353149414,125.83370208740234,26.00443458557129,271.5302734375,64.6719970703125,59.79288864135742,70.07345581054688,40.642181396484375,430.339111328125,47.77412414550781,629.2268676757812,26.534223556518555,118.42326354980469,173.47085571289062,214.42349243164062,107.68500518798828,345.2991943359375,170.892333984375,40.132564544677734,295.0035095214844
2026-01-21,179.15771484375,41.16504669189453,259.8563537597656,183.77577209472656,55.54943084716797,91.00069427490234,71.1554183959961,129.10752868652344,27.794809341430664,278.35333251953125,66.73361206054688,60.300537109375,70.50857543945312,41.74457550048828,436.4988708496094,50.668338775634766,639.439697265625,27.142850875854492,118.39339447021484,179.17733764648438,217.27772521972656,111.1720962524414,354.60443115234375,178.8695068359375,41.09300231933594,297.8524475097656
2026-01-22,187.37632751464844,41.524269104003906,260.7748718261719,183.84498596191406,55.916988372802734,88.39529418945312,71.23505401611328,130.32777404785156,27.716541290283203,279.9646301269531,67.36869049072266,58.578514099121094,71.3590316772461,40.81778335571289,442.74810791015625,50.394561767578125,650.3406982421875,27.643497467041016,121.16131591796875,179.21710205078125,216.05307006835938,112.52544403076172,348.9516296386719,177.85494995117188,40.94599151611328,302.095947265625
2026-01-23,188.5603485107422,42.99028778076172,258.1181335449219,185.3181915283203,56.979896545410156,91.51582336425781,71.37442016601562,131.36944580078125,27.638273239135742,280.3823547363281,67.13420104980469,60.13132095336914,72.41716003417969,41.98846435546875,448.63958740234375,49.856788635253906,647.7575073242188,28.261943817138672,123.76992797851562,180.5890350341797,222.6010284423828,110.92514038085938,346.8517150878906,180.35154724121094,42.9256706237793,298.9083557128906
2026-01-26,188.7991485595703,43.23300552368164,259.3724060058594,186.1882781982422,56.83088684082031,90.79265594482422,72.3001937866211,131.5480194091797,27.56978988647461,282.142822265625,67.31007385253906,60.88780975341797,73.20826721191406,41.94944381713867,452.0771484375,49.729671478271484,650.0714111328125,27.810379028320312,125.37294006347656,176.62234497070312,219.08509826660156,111.28076171875,346.6626281738281,172.39427185058594,42.51405715942383,299.2370300292969
2026-01-27,193.2069549560547,43.41747283935547,255.9156951904297,184.83372497558594,56.63220977783203,90.88180541992188,72.66851806640625,132.76824951171875,27.207801818847656,282.5605773925781,67.33938598632812,62.57997131347656,72.39736938476562,41.16898727416992,450.0901184082031,49.30923080444336,647.5281982421875,27.91836166381836,126.44824981689453,172.56617736816406,220.85293579101562,108.93956756591797,344.4233703613281,174.71182250976562,42.102439880371094,297.5137634277344
2026-01-28,183.40631103515625,42.90290832519531,252.7256622314453,182.7870330810547,55.88718032836914,92.29843139648438,72.71829223632812,132.82777404785156,27.178451538085938,279.9447021484375,67.44686126708984,63.33646774291992,71.3590316772461,40.47633361816406,448.5700378417969,49.34834289550781,648.5055541992188,27.623863220214844,131.37673950195312,172.1685028076172,214.9173126220703,112.57483673095703,347.9265441894531,173.4486083984375,41.563419342041016,298.5696716308594
2026-01-29,179.79449462890625,42.61164474487305,252.85403442382812,183.2913055419922,56.19512939453125,93.15038299560547,73.50469207763672,132.73849487304688,26.571876525878906,281.3073425292969,67.40778350830078,64.82954406738281,68.82744598388672,38.04716873168945,452.0473327636719,48.83989715576172,651.5973510742188,27.525699615478516,126.37854766845703,178.8592071533203,217.48513793945312,115.0938491821289,352.8826904296875,180.99807739257812,41.279205322265625,298.3106689453125
2026-01-30,169.77496337890625,42.96116256713867,269.1302795410156,183.41983032226562,56.493141174316406,92.35787200927734,72.46942901611328,130.7146759033203,26.95343017578125,280.47186279296875,67.73021697998047,59.9521484375,69.03511047363281,39.33491897583008,454.0045471191406,47.9110107421875,650.2210083007812,26.995601654052734,111.86189270019531,176.6820068359375,219.79617309570312,114.22453308105469,352.94244384765625,178.6108856201172,40.798988342285156,299.37652587890625
2026-02-02,164.10353088378906,42.47572326660156,267.638916015625,184.98204040527344,56.3143310546875,88.99958038330078,72.86760711669922,132.23252868652344,28.25463104248047,282.1229248046875,69.8406753540039,60.479705810546875,68.97578430175781,39.69587707519531,457.1738586425781,49.13323211669922,652.5947265625,26.769821166992188,112.3597183227539,179.903076171875,220.9517059326172,115.04444885253906,354.6541748046875,185.55361938476562,41.12240219116211,304.7356872558594
2026-02-03,169.784912109375,43.61164474487305,274.5227355957031,184.71507263183594,61.36067199707031,91.63469696044922,74.69924926757812,134.8218231201172,29.829769134521484,280.8995666503906,74.1593017578125,64.37166595458984,69.59878540039062,41.03240966796875,460.56170654296875,52.26211166381836,661.26171875,27.79074478149414,116.6310806274414,185.4107208251953,221.64305114746094,118.06725311279297,357.91851806640625,191.91941833496094,40.08356475830078,309.80596923828125
2026-02-04,167.81483459472656,47.145626068115234,283.0460205078125,190.9539794921875,64.38052368164062,93.81411743164062,74.77889251708984,142.35162353515625,31.69841194152832,286.608642578125,76.68990325927734,61.57463073730469,73.46538543701172,43.598148345947266,470.25836181640625,55.83099365234375,669.3900146484375,28.291391372680664,116.34234619140625,188.84056091308594,229.57366943359375,124.41909790039062,367.1441345214844,197.81776428222656,43.50389099121094,310.2840881347656
2026-02-05,155.6958770751953,45.41747283935547,279.9942321777344,190.70680236816406,65.75138092041016,90.46574401855469,72.14092254638672,135.95278930664062,29.937387466430664,285.6438903808594,74.3351821899414,58.94681167602539,72.61493682861328,43.28596878051758,456.7068786621094,52.68255615234375,669.1705932617188,27.25083351135254,108.05848693847656,185.4107208251953,229.0403594970703,122.9076919555664,359.3117980957031,191.9890594482422,42.30824661254883,309.5569763183594
2026-02-06,162.5513458251953,46.76698303222656,279.6189270019531,189.3522186279297,66.02952575683594,91.77339172363281,72.27033233642578,139.0778045654297,31.091835021972656,288.7669677734375,75.65422058105469,60.39012145996094,73.989501953125,45.441978454589844,445.3311767578125,53.87543869018555,688.1701049804688,28.075428009033203,114.8189926147461,191.71368408203125,235.90435791015625,124.97229766845703,360.247314453125,201.3090057373047,43.25888442993164,322.4667663574219
2026-02-09,164.9293670654297,46.99999237060547,282.8287353515625,187.32533264160156,66.20833587646484,94.0518798828125,73.28569793701172,140.17898559570312,31.38534164428711,286.608642578125,76.5824203491211,63.316558837890625,74.34550476074219,46.339500427246094,453.3786315917969,54.237220764160156,693.8848876953125,29.017818450927734,120.20549011230469,191.95228576660156,235.7562255859375,126.0391616821289,358.8739013671875,201.66708374023438,43.17068099975586,326.0528564453125
2026-02-10,167.71533203125,47.11650085449219,287.17431640625,188.52169799804688,67.31098175048828,95.4090576171875,73.88298034667969,147.113525390625,32.8724250793457,298.0069580078125,78.74174499511719,62.968170166015625,75.90796661376953,46.8272819519043,457.5216064453125,56.37854766845703,706.2320556640625,29.567548751831055,121.00200653076172,190.86865234375,238.78822326660156,127.57032775878906,362.9045104980469,200.04579162597656,44.83674621582031,329.0910339355469
2026-02-11,174.5509033203125,48.63106155395508,289.5150451660156,190.60792541503906,66.89376068115234,96.02326202392578,74.97798156738281,153.36355590820312,33.263763427734375,301.915771484375,79.49407958984375,65.15802001953125,76.11564636230469,47.98820877075195,464.4761657714844,58.14832305908203,659.8953247070312,30.568838119506836,124.05867004394531,193.28445434570312,241.52395629882812,129.43734741210938,365.2134094238281,204.68089294433594,49.27632141113281,318.5420227050781
2026-02-12,158.1335906982422,48.291259765625,287.8952941894531,193.34671020507812,66.27787017822266,93.2791748046875,73.77347564697266,147.113525390625,31.9429988861084,299.0711975097656,77.97962951660156,61.75379943847656,80.5953598022461,47.96869659423828,469.7914123535156,56.495880126953125,658.3195190429688,29.223966598510742,117.60682678222656,187.70721435546875,242.04739379882812,129.96090698242188,370.81646728515625,198.4443817138672,50.39356231689453,320.6737365722656
2026-02-13,165.51641845703125,48.63106155395508,276.2807312011719,193.59390258789062,66.8440933227539,94.27510833740234,74.68929290771484,149.46473693847656,31.786462783813477,297.55938720703125,78.24344635009766,62.55010986328125,82.07870483398438,47.90040588378906,477.87860107421875,56.32966232299805,677.0596313476562,29.10616683959961,125.25345611572266,182.15980529785156,243.26217651367188,129.7435760498047,367.12420654296875,190.65618896484375,50.53076934814453,326.3815612792969
2026-02-17,168.0735321044922,48.11650085449219,274.256103515625,192.1997833251953,66.10899353027344,93.40864562988281,75.20693969726562,151.39926147460938,30.73963165283203,302.1644287109375,77.29569244384766,60.80818176269531,81.82158660888672,47.85163116455078,479.0906982421875,54.73588180541992,664.7623901367188,28.546621322631836,121.77861785888672,182.56741333007812,237.3956756591797,127.60983276367188,366.17877197265625,190.89492797851562,50.24602127075195,301.0500183105469
2026-02-18,170.3620147705078,48.145626068115234,278.8979797363281,193.20828247070312,65.8705825805664,95.43038940429688,76.2422103881836,152.82785034179688,30.896167755126953,300.9609680175781,78.41931915283203,62.261444091796875,82.03914642333984,47.295555114746094,482.1308288574219,54.72610855102539,659.9750366210938,28.900020599365234,124.14828491210938,183.462158203125,236.072265625,126.69114685058594,364.00921630859375,191.71054077148438,51.25450134277344,298.2010803222656
2026-02-19,167.56610107421875,48.08737564086914,277.2486267089844,191.41868591308594,65.59243774414062,99.05558776855469,76.67025756835938,149.5242462158203,30.710281372070312,299.3795471191406,76.23068237304688,62.28135681152344,80.71402740478516,45.71513748168945,486.9294738769531,54.1003303527832,673.6088256835938,29.606813430786133,124.85519409179688,178.98843383789062,235.99325561523438,122.7397689819336,355.898193359375,189.5620880126953,49.21776580810547,301.6775817871094
2026-02-20,167.57603454589844,49.019412994384766,277.7029113769531,194.70126342773438,66.08912658691406,96.78485870361328,75.96348571777344,150.0301971435547,29.859119415283203,302.52252197265625,77.34454345703125,64.0431900024414,80.486572265625,45.72488784790039,493.2879638671875,55.41054916381836,684.1209106445312,28.89020347595215,121.59940338134766,178.9586181640625,234.27479553222656,125.71039581298828,358.9037780761719,192.35707092285156,48.18951416015625,304.1081237792969
2026-02-23,176.6304473876953,49.10679626464844,279.747314453125,194.40464782714844,66.69508361816406,95.0618896484375,76.11280059814453,149.04808044433594,29.643882751464844,304.0244140625,74.8139419555664,65.24761199951172,81.32714080810547,43.75724411010742,494.95703125,55.40077209472656,681.787109375,28.20304298400879,123.71019744873047,177.80540466308594,222.75906372070312,124.53804016113281,362.52630615234375,194.96307373046875,45.76718521118164,309.58685302734375
2026-02-24,185.89378356933594,48.71844482421875,276.0140686035156,195.2252960205078,66.07919311523438,95.7192153930664,77.6159439086914,151.9945068359375,30.377641677856445,306.5010070800781,75.35133361816406,67.56685638427734,81.1985855102539,43.37297821044922,500.7293395996094,57.02388000488281,695.001953125,27.967443466186523,123.5508804321289,174.1269989013672,226.0577392578125,124.73674774169922,362.984130859375,189.85052490234375,45.381591796875,316.65936279296875
2026-02-25,194.88848876953125,48.02007293701172,276.83380126953125,190.6177978515625,65.59243774414062,95.74909210205078,77.31731414794922,151.01235961914062,29.36994743347168,304.86981201171875,73.73917388916016,68.50252532958984,78.99333190917969,43.01826858520508,504.97161865234375,55.488773345947266,671.50439453125,26.485139846801758,124.30758666992188,174.455078125,228.06260681152344,122.3224868774414,355.5399475097656,190.5070037841797,45.45079803466797,304.3471984863281
2026-02-26,184.0032958984375,47.449581146240234,272.81414794921875,190.76611328125,66.18846130371094,96.76494598388672,78.46208953857422,149.8516387939453,29.252544403076172,305.1085205078125,73.49490356445312,68.06454467773438,80.04158020019531,42.49605941772461,495.27496337890625,55.04877471923828,676.6607666015625,26.66183853149414,126.91619873046875,174.58432006835938,228.96136474609375,122.68016052246094,358.7743835449219,191.49172973632812,45.945152282714844,307.7937927246094
2026-02-27,177.77467346191406,47.63646697998047,272.26104736328125,194.1376953125,66.68515014648438,99.13526916503906,79.75618743896484,148.92901611328125,30.42066764831543,306.6899719238281,73.77825164794922,67.76593780517578,81.3172607421875,42.90988540649414,504.7828674316406,56.241661071777344,674.7757568359375,27.329364776611328,129.43521118164062,175.84690856933594,229.26751708984375,122.47151184082031,360.8543701171875,192.0984649658203,46.47904968261719,308.7998962402344
2026-03-02,177.28712463378906,47.361053466796875,273.01165771484375,192.7732391357422,66.17701721191406,103.87591552734375,80.33484649658203,148.3313751220703,30.291976928710938,301.8262634277344,73.55352783203125,67.97496795654297,79.85368347167969,42.259586334228516,506.0346984863281,57.280792236328125,664.4005126953125,27.00541877746582,128.1707305908203,179.51535034179688,228.34902954101562,118.42787170410156,355.1790771484375,200.43370056152344,46.29119873046875,305.0146179199219
2026-03-03,163.90452575683594,46.39710998535156,269.66357421875,188.49203491210938,64.96147918701172,105.86778259277344,78.74850463867188,144.2376251220703,30.430566787719727,296.8531799316406,72.45921325683594,65.26751708984375,78.28133392333984,41.43193054199219,498.4244079589844,57.60737228393555,655.8428344726562,26.288808822631836,118.24390411376953,176.36386108398438,228.55642700195312,117.41448211669922,347.9278564453125,196.3953857421875,44.68949508666992,298.8385925292969
2026-03-04,167.5063934326172,45.12824630737305,270.80926513671875,186.00794982910156,64.54301452636719,104.28424072265625,77.82064819335938,143.66989135742188,32.014461517333984,296.2763366699219,71.76548767089844,65.6258544921875,77.32209777832031,41.95414352416992,495.9505615234375,61.27896499633789,659.6572875976562,25.53293228149414,119.09192657470703,175.04164123535156,229.6724395751953,116.93759155273438,346.7709045410156,192.87429809570312,44.67960739135742,294.8341979980469
2026-03-05,163.1085205078125,42.97412872314453,272.9326477050781,182.56004333496094,62.98872375488281,110.32955932617188,76.41387939453125,139.60601806640625,33.38056945800781,285.3852844238281,70.52462005615234,62.370941162109375,74.54328155517578,40.70281219482422,486.8797912597656,65.19796752929688,632.0267944335938,25.7979793548584,115.81956481933594,171.09483337402344,223.4207763671875,111.1453628540039,334.5824890136719,188.96527099609375,44.08638381958008,286.1180725097656
2026-03-06,161.47674560546875,42.57084655761719,268.814208984375,178.49609375,62.301246643066406,115.30923461914062,76.78303527832031,135.24331665039062,32.94499588012695,281.1680908203125,68.71704864501953,59.08616256713867,72.95115661621094,38.948970794677734,481.5943298339844,66.41523742675781,609.1195678710938,25.827428817749023,116.01909637451172,167.76438903808594,219.7665557861328,106.00884246826172,329.0268859863281,180.63999938964844,42.36603546142578,273.9254150390625
2026-03-09,168.72027587890625,41.60690689086914,271.0067443847656,175.3462677001953,62.16175842285156,110.58850860595703,78.11995697021484,135.18356323242188,33.964630126953125,280.3425598144531,68.00379180908203,60.21095275878906,72.34793853759766,37.82572937011719,480.4815673828125,66.12823486328125,611.6459350585938,26.64907455444336,116.68753814697266,168.48019409179688,220.0430908203125,107.5488052368164,332.53778076171875,181.385986328125,41.614620208740234,273.7856750488281
2026-03-10,165.70545959472656,41.41018295288086,271.7178649902344,173.19009399414062,61.793113708496094,109.60253143310547,76.13452911376953,137.36489868164062,33.548858642578125,279.8751220703125,67.63250732421875,62.112144470214844,72.04136657714844,38.51544189453125,474.8384704589844,64.9307632446289,606.6730346679688,26.213502883911133,118.6230239868164,169.4345703125,218.58140563964844,105.16435241699219,329.4757080078125,181.21688842773438,42.25728225708008,271.4603271484375
2026-03-11,167.15814208984375,41.80363082885742,274.256103515625,173.4484405517578,61.284976959228516,119.64154052734375,78.4491958618164,137.42466735839844,34.024024963378906,275.5087585449219,66.16690063476562,61.256107330322266,67.95721435546875,38.091758728027344,480.0320129394531,66.67254638671875,596.7372436523438,28.856632232666016,115.93928527832031,170.80650329589844,219.82582092285156,103.40582275390625,321.90533447265625,183.2758331298828,41.7233772277832,266.071044921875
2026-03-12,163.06874084472656,39.669185638427734,286.8879089355469,169.92103576660156,61.464317321777344,135.447021484375,79.56661987304688,135.4823760986328,37.201717376708984,274.40472412109375,68.97108459472656,58.936851501464844,69.23290252685547,35.12600326538086,488.8641052246094,73.56049346923828,586.5317993164062,31.044391632080078,114.21331787109375,164.70237731933594,211.3914794921875,100.07752227783203,316.8783874511719,174.16476440429688,39.26150131225586,263.28656005859375
2026-03-13,157.817138671875,39.905250549316406,284.4188537597656,169.6825714111328,61.96249008178711,129.0431671142578,79.02786254882812,134.16758728027344,36.25137710571289,272.70391845703125,68.47666931152344,56.11991500854492,68.83733367919922,36.702484130859375,492.3630676269531,71.55150604248047,582.9169921875,29.01502227783203,109.3247299194336,162.52516174316406,213.09024047851562,101.2300033569336,318.9530029296875,169.68881225585938,39.301048278808594,264.8934020996094
2026-03-16,162.02639770507812,39.93476104736328,285.584228515625,170.8550567626953,61.87281799316406,121.83260345458984,78.8582534790039,135.66165161132812,35.63761901855469,271.6396484375,68.79309844970703,57.66276168823242,69.31200408935547,36.988224029541016,495.842041015625,70.3441390991211,584.4747924804688,27.39152717590332,109.93331146240234,161.7895050048828,213.5372772216797,102.77989959716797,321.87542724609375,173.34915161132812,38.97477340698242,265.4223327636719
2026-03-17,165.8965301513672,40.0429573059082,282.6114501953125,170.02040100097656,61.534061431884766,122.7886962890625,79.86593627929688,136.0800018310547,36.53845977783203,271.8490905761719,70.47410583496094,57.822021484375,70.4887924194336,36.84042739868164,492.49261474609375,70.462890625,581.6687622070312,28.539852142333984,110.78132629394531,161.1333465576172,214.5505828857422,103.22698211669922,319.8706359863281,171.70794677734375,39.627323150634766,264.93328857421875
2026-03-18,165.4077606201172,39.19704818725586,277.9399719238281,163.6214141845703,59.680870056152344,126.21471405029297,79.15756225585938,131.47825622558594,37.310604095458984,261.1283264160156,68.14047241210938,55.1942024230957,67.55176544189453,35.37232971191406,487.0299072265625,74.42147827148438,567.1095581054688,27.50042152404785,106.29181671142578,160.21871948242188,208.0436248779297,100.12718963623047,311.31280517578125,167.8486785888672,38.144264221191406,257.3483581542969
2026-03-19,162.84429931640625,38.05605697631836,280.6361999511719,161.95211791992188,58.774200439453125,125.0494613647461,77.8904800415039,130.0439453125,37.11262130737305,257.99688720703125,67.99214172363281,53.372642517089844,67.3737564086914,33.5002555847168,488.2560119628906,73.79800415039062,566.6602172851562,25.936323165893555,98.96891021728516,161.0041046142578,203.04669189453125,97.74273681640625,309.57733154296875,166.66502380371094,36.512901306152344,256.5100402832031
2026-03-20,156.30101013183594,37.652774810791016,277.5350341796875,160.13377380371094,56.85125732421875,124.39215087890625,77.15218353271484,126.81675720214844,36.28107833862305,255.78289794921875,64.60044860839844,51.849700927734375,66.26959991455078,33.2637825012207,486.6112365722656,72.56094360351562,559.889892578125,23.352588653564453,95.57683563232422,157.65377807617188,201.39759826660156,96.59025573730469,302.7450256347656,163.07431030273438,35.801029205322266,257.8872985839844
2026-03-23,167.13336181640625,38.71508026123047,275.2140808105469,163.7903289794922,58.04686737060547,119.69134521484375,77.5811996459961,131.8966064453125,35.677215576171875,260.4202575683594,67.25051879882812,54.686553955078125,67.77165222167969,35.03732681274414,476.5430603027344,70.7301025390625,576.7658081054688,23.837657928466797,97.911376953125,159.68186950683594,207.6859893798828,101.41877746582031,313.1380920410156,165.7499542236328,38.262908935546875,263.2266845703125
2026-03-24,176.60916137695312,38.48884963989258,282.7102355957031,164.8634490966797,58.90372085571289,126.40393829345703,80.39471435546875,135.45249938964844,37.92436599731445,263.7711181640625,69.1688461303711,56.21944808959961,67.5428695678711,35.60879898071289,478.3274230957031,75.22309875488281,575.3577880859375,24.946386337280273,98.7893295288086,161.7895050048828,212.09681701660156,102.75009155273438,312.88873291015625,168.79360961914062,39.40980911254883,266.17083740234375
2026-03-25,180.9281463623047,39.88557815551758,286.5027160644531,169.5533905029297,60.52775955200195,127.58909606933594,81.84137725830078,138.44064331054688,39.22117614746094,267.81011962890625,70.6026611328125,56.826637268066406,70.33808898925781,35.93395233154297,490.78802490234375,76.39088439941406,588.578857421875,25.926422119140625,101.28350067138672,164.20529174804688,211.95773315429688,105.99891662597656,321.1174011230469,172.54347229003906,40.210655212402344,268.9952087402344
2026-03-26,174.05569458007812,39.21672058105469,289.5446472167969,167.4468994140625,59.421817779541016,132.02099609375,82.5397720336914,137.51431274414062,39.072689056396484,263.5317687988281,71.69037628173828,55.572452545166016,70.77577209472656,35.618656158447266,493.9280700683594,76.91539764404297,579.2821655273438,24.748397827148438,99.1285400390625,165.04037475585938,211.20272827148438,104.62784576416016,318.7236022949219,173.48838806152344,39.983253479003906,266.01116943359375
2026-03-27,178.9930877685547,37.98720169067383,288.5767517089844,166.71160888671875,59.05317306518555,135.8951873779297,81.80146789550781,135.24331665039062,40.40909957885742,260.65960693359375,70.40489196777344,55.980560302734375,70.63651275634766,34.9289436340332,489.5718688964844,79.61712646484375,570.125244140625,24.748397827148438,101.86215209960938,162.41580200195312,210.8550262451172,103.14749908447266,314.5544128417969,170.05682373046875,38.96488952636719,260.94122314453125
2026-03-30,176.76876831054688,37.48556137084961,287.9545593261719,167.07925415039062,57.81770706176758,137.04051208496094,82.75926208496094,132.13565063476562,41.44852828979492,261.77655029296875,71.73982238769531,54.39789581298828,70.5867691040039,34.485557556152344,497.68621826171875,81.52714538574219,572.7515258789062,24.748397827148438,102.8797836303711,163.78775024414062,207.66612243652344,103.14749908447266,315.0830383300781,170.86248779296875,37.817989349365234,266.4103698730469
2026-03-31,179.0728759765625,39.098690032958984,286.89776611328125,171.5803985595703,58.893760681152344,129.3120574951172,83.51751708984375,136.85691833496094,41.23074722290039,265.2969665527344,75.46772003173828,58.50883865356445,72.16841125488281,35.175270080566406,494.1972351074219,79.72599029541016,587.8399658203125,25.243366241455078,107.9978256225586,168.68572998046875,210.82522583007812,106.18767547607422,319.72100830078125,179.5926971435547,39.39991760253906,271.75970458984375
2026-04-01,178.0155792236328,40.03312301635742,287.6431579589844,171.99774169921875,60.149147033691406,127.45963287353516,83.61727905273438,138.08206176757812,40.2804069519043,268.8074035644531,74.96340942382812,60.91767501831055,72.18830108642578,35.13585662841797,492.2733154296875,75.91584777832031,598.0653076171875,26.27290153503418,113.5249252319336,173.29440307617188,209.8814697265625,105.78033447265625,324.8576965332031,182.43624877929688,39.6767578125,279.5741882324219
2026-04-02,177.6365509033203,39.27573776245117,291.7377014160156,170.37811279296875,59.750614166259766,129.44154357910156,85.26348876953125,135.9007110595703,40.98326110839844,263.56170654296875,74.23167419433594,61.09684753417969,72.04904174804688,34.27864456176758,501.01568603515625,78.77593231201172,596.3278198242188,25.90662384033203,113.78431701660156,172.03749084472656,203.11622619628906,102.57125854492188,317.1776123046875,179.792236328125,38.84624481201172,279.3246765136719
2026-04-06,172.5894317626953,39.15770721435547,292.30419921875,168.27162170410156,59.51148986816406,130.44741821289062,84.0562744140625,136.16964721679688,40.15171813964844,266.3042297363281,72.4715576171875,60.76836395263672,71.45220184326172,34.41658401489258,497.8955383300781,77.80608367919922,597.6259765625,26.243202209472656,112.5671615600586,169.1745147705078,204.050048828125,103.18724060058594,315.57177734375,176.1305389404297,39.656982421875,281.07122802734375
2026-04-07,173.08816528320312,38.40032196044922,290.58489990234375,166.4333953857422,59.043209075927734,133.2360382080078,85.1337890625,136.05010986328125,40.993160247802734,261.54718017578125,73.71748352050781,60.479705810546875,69.61193084716797,34.032318115234375,493.0309143066406,79.4291000366211,593.5817260742188,26.104612350463867,114.38291931152344,172.8355255126953,202.17247009277344,101.5777359008789,313.1480407714844,176.78904724121094,38.786922454833984,277.2987060546875
2026-04-08,176.9882049560547,41.675758361816406,294.77880859375,174.19366455078125,61.87281799316406,125.64703369140625,83.76693725585938,142.9826202392578,38.88460159301758,272.7666320800781,73.44060516357422,64.7996826171875,73.38198852539062,36.52513122558594,498.9023742675781,73.45162963867188,623.4690551757812,26.352094650268555,117.87477111816406,181.71372985839844,209.6629180908203,109.75442504882812,334.80194091796875,187.1355743408203,41.80247116088867,291.9994812011719
2026-04-09,171.91116333007812,41.07575225830078,295.90185546875,172.70321655273438,62.6400032043457,118.89459228515625,83.36785888671875,141.6977081298828,37.65708541870117,271.72943115234375,71.89803314208984,66.1434555053711,72.74535369873047,36.2393913269043,501.7134704589844,71.52181243896484,624.607421875,25.015682220458984,118.7327651977539,183.54920959472656,206.75216674804688,108.98941040039062,334.8617858886719,189.570068359375,41.66405487060547,292.4385986328125
2026-04-10,173.1978759765625,40.4855842590332,296.8658447265625,170.07008361816406,62.06212615966797,120.82670593261719,83.63723754882812,141.18972778320312,38.61731719970703,272.5472106933594,73.42082977294922,67.48723602294922,72.13856506347656,35.96350860595703,501.5639343261719,72.9568099975586,630.6288452148438,24.510814666748047,120.61836242675781,185.6640167236328,205.0236053466797,109.6153335571289,335.2407531738281,190.13877868652344,41.5849609375,294.89373779296875
2026-04-13,184.95785522460938,40.28886032104492,296.80621337890625,171.1233367919922,63.367332458496094,121.18524169921875,83.31797790527344,140.89089965820312,39.70624542236328,274.4520263671875,73.18351745605469,67.71617126464844,71.3228759765625,36.111305236816406,507.2658996582031,74.72827911376953,634.3834228515625,24.293027877807617,116.22860717773438,189.205322265625,209.09664916992188,109.51598358154297,333.5152587890625,195.02767944335938,41.634395599365234,296.5604248046875
2026-04-14,189.3765869140625,40.338043212890625,294.7987060546875,169.76206970214844,63.27766036987305,118.47630310058594,82.75926208496094,139.48648071289062,38.76580810546875,272.38763427734375,72.96597290039062,67.9550552368164,72.20819854736328,36.00292205810547,498.0749816894531,72.49166870117188,629.8998413085938,23.699066162109375,119.02208709716797,189.57440185546875,208.55026245117188,109.823974609375,332.7372741699219,194.8580780029297,41.62450408935547,296.2709655761719
2026-04-15,184.90798950195312,39.93476104736328,293.387451171875,166.96002197265625,62.53040313720703,120.31877899169922,81.13301086425781,137.6338348388672,38.449031829833984,269.6351318359375,71.93758392333984,68.53365325927734,71.15377044677734,35.97336196899414,496.370361328125,72.37290954589844,616.0596313476562,23.491178512573242,112.77667236328125,189.135498046875,205.70907592773438,107.0222396850586,327.98956298828125,193.67076110839844,40.93241500854492,290.672119140625
2026-04-16,215.07098388671875,39.521644592285156,295.4049377441406,165.2112274169922,63.1381721496582,124.20291900634766,80.97338104248047,139.69564819335938,39.518157958984375,268.4982604980469,72.5308837890625,68.11466979980469,71.68098449707031,35.65806579589844,497.6463317871094,74.51055145263672,607.1123657226562,24.481115341186523,113.14581298828125,191.37998962402344,206.2554473876953,111.43348693847656,332.4779357910156,195.3070526123047,40.73467254638672,285.2129821777344
2026-04-17,197.24649047851562,41.252803802490234,290.0084533691406,171.38168334960938,64.2441177368164,112.22183990478516,80.15525817871094,141.48854064941406,35.241641998291016,274.0531005859375,72.9560775756836,70.04000091552734,75.48088836669922,36.584251403808594,490.6783752441406,65.58393096923828,621.1323852539062,24.322725296020508,116.22860717773438,195.39012145996094,211.98753356933594,114.1060562133789,344.6563415527344,199.86671447753906,41.7629280090332,291.1311950683594
2026-04-20,194.33392333984375,40.967559814453125,294.3216552734375,171.0239715576172,63.79575729370117,115.46858215332031,80.10537719726562,140.44268798828125,36.39986801147461,274.9306945800781,72.81764221191406,70.01007080078125,74.04846954345703,36.347774505615234,496.5797119140625,67.8700180053711,626.4547729492188,23.867355346679688,114.57247161865234,201.76446533203125,212.0074005126953,113.9868392944336,343.0405578613281,208.87628173828125,42.21773147583008,294.18511962890625
2026-04-21,197.91477966308594,40.42656707763672,292.9601135253906,168.38092041015625,63.128211975097656,120.81674194335938,80.16523742675781,139.5761260986328,37.92436599731445,270.1038513183594,71.65082550048828,67.40638732910156,72.03909301757812,34.91908645629883,493.2801513671875,70.68061828613281,613.6130981445312,23.956449508666992,109.0453872680664,207.55026245117188,209.14633178710938,110.20150756835938,333.74462890625,219.7117156982422,40.75444793701172,290.1431884765625
2026-04-22,193.72547912597656,39.61016845703125,294.92791748046875,165.98626708984375,62.440731048583984,121.96207427978516,79.16754150390625,137.39479064941406,38.419334411621094,268.19903564453125,71.72003936767578,70.18963623046875,70.79566955566406,32.84010314941406,493.0608215332031,71.25460815429688,609.7686157226562,24.273229598999023,111.58943939208984,213.73507690429688,203.89109802246094,110.9466552734375,334.28326416015625,226.94529724121094,39.24172592163086,289.53436279296875
2026-04-23,192.64822387695312,38.9904899597168,301.7753601074219,166.36383056640625,62.88908767700195,125.07933807373047,79.44689178466797,138.56016540527344,38.14215087890625,270.71221923828125,71.11685180664062,61.331138610839844,70.56687927246094,33.04701614379883,506.4584655761719,69.98786163330078,618.0068359375,24.03564453125,110.80127716064453,212.42828369140625,213.60682678222656,109.57559204101562,336.7867736816406,224.54075622558594,40.06235122680664,292.12921142578125
2026-04-24,187.85047912597656,38.311798095703125,299.89703369140625,164.4461212158203,61.095672607421875,120.43829345703125,79.61650848388672,138.44064331054688,38.270843505859375,268.7575378417969,71.19596099853516,60.90217590332031,70.76582336425781,32.17009735107422,508.69140625,69.14666748046875,614.4219360351562,23.75846290588379,120.4188232421875,213.76499938964844,211.470947265625,109.0887680053711,336.8266906738281,226.2768096923828,39.50867462158203,291.4905090332031
2026-04-27,199.02195739746094,38.41015625,300.5132141113281,163.92942810058594,60.846588134765625,123.12731170654297,79.23738098144531,139.51637268066406,37.71647644042969,267.15191650390625,71.30473327636719,60.42333984375,70.61661529541016,32.17009735107422,509.1399841308594,70.28475189208984,608.8798828125,22.986310958862305,115.8095932006836,214.4732666015625,211.1431121826172,109.58553314208984,335.2308044433594,224.53076171875,39.58777618408203,290.74200439453125
2026-04-28,186.4241180419922,37.90851593017578,301.47723388671875,165.42982482910156,61.20527267456055,121.81267547607422,78.75848388671875,135.45249938964844,37.627384185791016,266.2344055175781,70.83008575439453,58.069053649902344,70.39776611328125,33.519962310791016,508.68145751953125,70.73999786376953,613.1637573242188,22.956615447998047,109.64398956298828,224.55850219726562,221.12705993652344,106.98249816894531,323.431396484375,226.44644165039062,40.10190200805664,290.8817138671875
2026-04-29,190.39398193359375,36.73801040649414,300.6324768066406,161.91236877441406,60.06944274902344,126.2645034790039,79.1875,133.33091735839844,39.15188217163086,255.9125213623047,69.63359832763672,56.79215621948242,68.52765655517578,33.086429595947266,503.1190185546875,72.53125762939453,611.9754638671875,22.79822540283203,107.35932159423828,221.84515380859375,214.6300506591797,104.01187133789062,317.02801513671875,223.86228942871094,39.23183822631836,295.4925231933594
2026-04-30,196.19915771484375,37.41670608520508,298.19757080078125,162.88612365722656,60.85655212402344,123.69499206542969,80.82372283935547,136.43856811523438,40.08242416381836,259.8916931152344,72.2737808227539,57.64009475708008,69.83076477050781,29.972875595092773,499.560302734375,73.82769012451172,618.1865844726562,23.035810470581055,110.83120727539062,224.73805236816406,212.04713439941406,107.79718780517578,320.77825927734375,228.142578125,37.9564094543457,301.14129638671875
2026-05-01,193.3863525390625,37.1314582824707,299.2113037109375,161.99185180664062,61.10564041137695,122.1911392211914,80.66409301757812,138.1717071533203,39.884437561035156,258.8046569824219,76.66419982910156,56.4130744934082,70.43756103515625,31.29317855834961,506.31890869140625,74.21365356445312,613.6130981445312,22.917016983032227,108.3669662475586,225.4862060546875,216.62684631347656,106.8135986328125,317.1776123046875,228.75120544433594,38.98466491699219,296.7301025390625
2026-05-04,190.2044677734375,36.30522155761719,296.5080871582031,159.438232421875,60.70709991455078,125.37812805175781,81.50215911865234,135.69154357910156,40.17151641845703,254.8953094482422,75.86325073242188,55.435447692871094,69.72134399414062,30.741411209106445,491.99420166015625,75.2527847290039,602.4290771484375,22.738828659057617,108.07764434814453,225.25677490234375,216.62684631347656,103.40582275390625,309.68701171875,229.29995727539062,37.54115295410156,287.1491394042969
2026-05-05,194.32395935058594,37.02326202392578,302.0536193847656,160.93861389160156,56.90107727050781,127.51937866210938,83.70707702636719,147.13612365722656,40.38930130004883,256.94970703125,76.42688751220703,57.540340423583984,70.39776611328125,31.39171028137207,498.7129821777344,76.95498657226562,605.2350463867188,23.025909423828125,108.75605773925781,231.50144958496094,221.2462921142578,105.7207260131836,311.65191650390625,236.92266845703125,39.063758850097656,290.9316101074219
2026-05-06,192.1195831298828,39.551151275634766,298.3565979003906,165.6186065673828,58.78416061401367,119.2730484008789,81.58197021484375,149.6162872314453,38.11245346069336,262.70404052734375,74.89419555664062,60.7425651550293,82.49381256103516,33.02730941772461,500.2879638671875,72.71929168701172,614.6016845703125,23.32288932800293,114.83187103271484,233.64617919921875,225.3292694091797,110.80755615234375,322.7930603027344,241.302734375,41.41687774658203,295.1332702636719
2026-05-07,197.844970703125,39.265899658203125,293.1688232421875,164.47593688964844,58.196319580078125,118.19744110107422,78.88818359375,144.50656127929688,36.944332122802734,255.85269165039062,72.8670883178711,60.4632453918457,77.84838104248047,32.593780517578125,492.29327392578125,70.76968383789062,599.6331176757812,22.679431915283203,113.22561645507812,226.14459228515625,221.9615478515625,108.22440338134766,319.38189697265625,232.3929443359375,41.15981674194336,288.3567199707031
2026-05-08,203.00180053710938,39.27573776245117,293.58624267578125,162.4687957763672,58.30591583251953,114.55232238769531,80.94344329833984,148.68995666503906,36.49885940551758,253.52903747558594,72.8275375366211,61.500728607177734,80.62370300292969,32.54450988769531,491.6054382324219,71.01709747314453,589.5375366210938,21.966678619384766,116.23858642578125,226.94264221191406,223.11392211914062,108.9000015258789,316.00067138671875,234.56800842285156,41.080718994140625,283.1570739746094
2026-05-11,209.45533752441406,39.541316986083984,302.6201171875,160.98829650878906,57.508846282958984,123.97386169433594,82.63954162597656,151.14024353027344,38.369834899902344,250.4175262451172,73.80648040771484,64.21414184570312,78.33580017089844,31.99274444580078,502.80999755859375,72.76876831054688,585.143798828125,21.57070541381836,120.3888931274414,231.43161010742188,220.06410217285156,107.94999694824219,311.8913269042969,235.43603515625,40.43806076049805,282.13909912109375
2026-05-12,204.9967041015625,38.57737350463867,301.7256774902344,159.0904541015625,57.35939025878906,129.85983276367188,82.40008544921875,151.0207061767578,39.0330924987793,251.01588439941406,73.41094207763672,65.8701171875,78.0572738647461,32.386863708496094,502.28167724609375,73.54069519042969,580.3107299804688,22.16466522216797,119.41117858886719,229.26693725585938,218.50442504882812,106.37999725341797,310.7742004394531,232.27320861816406,40.12167739868164,278.7757568359375
2026-05-13,200.42837524414062,38.4593391418457,304.30963134765625,157.72918701171875,56.24348831176758,124.98970794677734,83.15834045410156,152.87335205078125,38.449031829833984,248.9415283203125,73.00552368164062,66.99739074707031,77.07247924804688,31.509944915771484,511.64208984375,72.97659301757812,575.9669189453125,22.55074119567871,118.68287658691406,231.77078247070312,216.78579711914062,105.45999908447266,305.5477600097656,236.5435333251953,39.983253479003906,273.99530029296875
2026-05-14,190.61343383789062,37.95769500732422,298.0187072753906,158.09681701660156,56.412864685058594,122.47000122070312,83.10845947265625,151.1999969482422,38.38963317871094,248.20355224609375,71.66071319580078,65.97985076904297,75.68978881835938,31.135530471801758,510.0371398925781,72.51145935058594,574.4091186523438,22.45174789428711,116.05900573730469,232.279541015625,218.6534423828125,105.91999816894531,308.3804016113281,234.14895629882812,39.56800079345703,274.544189453125
2026-05-15,179.92071533203125,36.08882522583008,293.5564270019531,155.2152862548828,54.99806213378906,125.23999786376953,82.02096557617188,147.92999267578125,38.35993576049805,246.9469757080078,70.78065490722656,62.85742950439453,72.71551513671875,29.815227508544922,504.51458740234375,74.28292846679688,557.86279296875,21.541006088256836,108.80593872070312,226.4638214111328,210.68614196777344,102.63999938964844,299.32391357421875,228.821044921875,37.47999954223633,267.298583984375
2026-05-18,175.29254150390625,36.8757209777832,291.49920654296875,155.8412628173828,55.59586715698242,125.22000122070312,80.89356231689453,145.9199981689453,38.171852111816406,248.53265380859375,70.14779663085938,60.353511810302734,73.3123550415039,29.953168869018555,509.2496337890625,73.36255645751953,554.9869384765625,21.194528579711914,109.59410095214844,225.92514038085938,209.30528259277344,103.66000366210938,301.9969787597656,228.06275939941406,37.349998474121094,265.8015441894531
2026-05-19,168.56968688964844,36.08882522583008,289.96868896484375,153.27769470214844,54.90839385986328,127.86000061035156,78.80836486816406,139.67999267578125,37.360103607177734,245.06210327148438,67.38895416259766,58.55786895751953,71.6113510131836,28.94816017150879,504.4747619628906,72.28384399414062,531.8899536132812,21.184629440307617,104.84518432617188,221.186767578125,201.83470153808594,101.69999694824219,298.276611328125,222.8645477294922,35.619998931884766,258.9451904296875
2026-05-20,169.77662658691406,37.46588897705078,287.4046325683594,157.31185913085938,56.6021728515625,123.30000305175781,78.61880493164062,141.75,35.90489959716797,247.96420288085938,69.86103820800781,60.72261428833008,74.03852081298828,30.42611312866211,505.0329895019531,70.56185913085938,541.2066040039062,21.639999389648438,107.13983154296875,225.11712646484375,211.80873107910156,104.38999938964844,306.9042663574219,227.7834014892578,37.130001068115234,262.7376708984375
2026-05-21,169.46739196777344,37.869171142578125,288.3984680175781,157.88815307617188,56.14385223388672,121.69000244140625,78.8582534790039,141.4499969482422,35.54852294921875,249.50001525878906,72.37267303466797,62.15913009643555,74.85420989990234,31.03700065612793,512.8881225585938,69.3544921875,537.2022705078125,21.940000534057617,108.07764434814453,225.88523864746094,212.3551025390625,106.62999725341797,308.5400085449219,231.3153839111328,37.7400016784668,261.55999755859375
2026-05-22,171.14312744140625,37.751136779785156,287.68292236328125,158.64332580566406,56.30326843261719,121.69999694824219,79.3770523071289,144.36000061035156,35.64751434326172,252.63148498535156,73.29228973388672,61.83990478515625,74.88404846191406,31.290000915527344,515.948486328125,68.99821472167969,535.7144165039062,22.510000228881836,107.38925170898438,231.43161010742188,214.49098205566406,107.77999877929688,309.0799865722656,239.48684692382812,38.04999923706055,260.6499938964844
2026-05-26,174.24520874023438,38.311798095703125,287.8121032714844,158.7824249267578,56.34312438964844,119.16000366210938,78.90813446044922,148.3800048828125,34.92486572265625,253.53900146484375,73.55927276611328,64.20416259765625,75.470947265625,31.959999084472656,513.3466796875,68.29557037353516,560.1295776367188,22.6200008392334,111.3499984741211,239.7012939453125,217.03414916992188,109.54000091552734,311.25,249.92318725585938,39.20000076293945,268.94000244140625
2026-05-27,177.01812744140625,39.019996643066406,283.96600341796875,159.4978485107422,56.30326843261719,116.33999633789062,79.706298828125,142.97999572753906,34.142818450927734,261.8663024902344,75.06230163574219,63.47593307495117,76.59500122070312,32.41999816894531,506.2690734863281,66.96943664550781,573.5703735351562,23.719999313354492,107.2300033569336,245.8661651611328,216.55731201171875,112.87999725341797,309.9700012207031,257.63568115234375,39.880001068115234,275.6499938964844
2026-05-28,175.87106323242188,39.25,281.8988342285156,160.15362548828125,56.03425979614258,116.5,80.41466522216797,143.1300048828125,34.42000198364258,259.5426330566406,75.50727081298828,65.71051025390625,77.61958312988281,33.31999969482422,500.39764404296875,67.64239501953125,574.3192749023438,24.059999465942383,108.2300033569336,248.68923950195312,216.70631408691406,112.86000061035156,305.1400146484375,260.15997314453125,41.02000045776367,276.75
2026-05-29,175.97079467773438,38.81999969482422,276.89990234375,158.0570831298828,54.46999740600586,112.3499984741211,78.0999984741211,145.25999450683594,33.75,255.30419921875,75.02274322509766,65.55089569091797,75.6500015258789,33.470001220703125,496.12115478515625,65.95999908447266,580.8099975585938,23.899999618530273,109.80999755859375,249.38751220703125,217.4712677001953,112.9800033569336,303.8399963378906,259.5613098144531,41.150001525878906,282.9200134277344
2026-06-01,170.69427490234375,37.72999954223633,277.1682434082031,154.48992919921875,53.70000076293945,113.30000305175781,77.68000030517578,142.77000427246094,34.689998626708984,249.7892303466797,74.64698028564453,66.87767791748047,73.86941528320312,33.689998626708984,495.842041015625,67.13999938964844,570.9600219726562,23.329999923706055,108.19000244140625,250.87387084960938,220.21311950683594,112.06999969482422,294.8599853515625,260.9980773925781,41.25,281.55999755859375
2026-06-02,171.3326416015625,38.40999984741211,277.5657653808594,156.0399932861328,53.75,113.4800033569336,77.56999969482422,145.97999572753906,34.720001220703125,255.56350708007812,75.81380462646484,71.54634094238281,72.85477447509766,33.83000183105469,494.3467712402344,67.30999755859375,576.9299926757812,23.299999237060547,109.5,257.8267822265625,223.35235595703125,113.63999938964844,293.0,270.79583740234375,42.2400016784668,281.8399963378906
2026-06-03,167.911376953125,37.880001068115234,280.52734375,155.88999938964844,52.83000183105469,116.5999984741211,77.80000305175781,143.91000366210938,35.400001525878906,254.97509765625,73.9943618774414,70.46895599365234,73.173095703125,33.400001525878906,505.97003173828125,67.30000305175781,583.1500244140625,23.299999237060547,107.47000122070312,257.0986022949219,222.9152374267578,111.38999938964844,296.489990234375,274.5074462890625,42.119998931884766,285.29998779296875
2026-06-04,165.22821044921875,37.63999938964844,281.1037902832031,153.25,52.70000076293945,117.5199966430664,77.45999908447266,142.9499969482422,34.790000915527344,253.63873291015625,71.61126708984375,69.5212631225586,72.84483337402344,33.880001068115234,507.45001220703125,66.18000030517578,580.8599853515625,22.899999618530273,108.33000183105469,261.6374206542969,223.21327209472656,111.95999908447266,300.0899963378906,276.2235412597656,42.279998779296875,283.05999755859375
2026-06-05,155.04421997070312,38.130001068115234,280.60687255859375,155.17999267578125,52.91999816894531,113.48999786376953,77.02999877929688,140.5500030517578,33.970001220703125,257.26885986328125,71.0377426147461,63.21656036376953,72.62599182128906,33.61000061035156,507.8999938964844,64.5,575.8300170898438,22.239999771118164,99.70999908447266,253.76675415039062,221.35556030273438,113.80000305175781,305.29998779296875,267.8924255371094,41.279998779296875,281.3800048828125
2026-06-08,149.45848083496094,37.81999969482422,275.0613098144531,153.00999450683594,52.619998931884766,109.44999694824219,75.86000061035156,140.97000122070312,34.20000076293945,256.7103576660156,70.86964416503906,63.755252838134766,72.21814727783203,32.86000061035156,501.9200134277344,64.43000030517578,553.97998046875,21.3799991607666,98.98999786376953,252.7791748046875,217.9878387451172,112.87999725341797,299.54998779296875,266.59539794921875,40.5,269.9800109863281
2026-06-09,152.4009552001953,38.83000183105469,281.23297119140625,159.35000610351562,54.18000030517578,108.58000183105469,75.01000213623047,141.17999267578125,33.220001220703125,263.72125244140625,72.1155776977539,64.09442901611328,75.38141632080078,34.119998931884766,515.5900268554688,63.63999938964844,572.25,21.280000686645508,98.54000091552734,253.6969451904297,225.83592224121094,116.36000061035156,310.54998779296875,269.1894836425781,41.36000061035156,279.0
2026-06-10,146.84515380859375,38.16999816894531,274.80291748046875,156.07000732421875,54.720001220703125,109.26000213623047,74.45999908447266,135.17999267578125,34.2400016784668,256.29150390625,70.54332733154297,61.9296875,73.8395767211914,31.850000381469727,509.1600036621094,65.1500015258789,552.8699951171875,19.81999969482422,92.7699966430664,249.87632751464844,215.21617126464844,112.97000122070312,303.9100036621094,267.7327880859375,38.95000076293945,272.6700134277344
2026-06-11,158.65499877929688,39.91999816894531,276.4029846191406,158.75,56.34000015258789,106.55999755859375,74.86000061035156,140.52000427246094,33.630001068115234,262.9134521484375,72.501220703125,66.17936706542969,77.10232543945312,34.95000076293945,515.4400024414062,63.470001220703125,565.5399780273438,21.09000015258789,97.58999633789062,260.26080322265625,222.9251708984375,118.23999786376953,316.8900146484375,278.91741943359375,42.689998626708984,280.19000244140625
2026-06-12,170.4199981689453,40.599998474121094,279.8813781738281,159.25,56.97999954223633,109.4800033569336,76.13999938964844,144.77999877929688,33.849998474121094,264.6886291503906,74.3800048828125,68.2443618774414,77.85832214355469,36.150001525878906,523.5700073242188,64.58000183105469,577.3300170898438,22.690000534057617,100.2300033569336,265.6974792480469,226.72999572753906,119.33999633789062,317.29998779296875,282.12017822265625,43.31999969482422,286.4700012207031
2026-06-15,168.89999389648438,41.11000061035156,281.2131042480469,159.82000732421875,57.349998474121094,106.9000015258789,75.70999908447266,145.6199951171875,33.22999954223633,267.8500061035156,75.27999877929688,69.96018981933594,77.9478530883789,36.38999938964844,521.47998046875,63.29999923706055,588.8900146484375,22.520000457763672,105.80000305175781,258.6846923828125,229.9600067138672,121.52999877929688,320.239990234375,271.5740966796875,44.5099983215332,292.989990234375
2026-06-16,166.11000061035156,41.41999816894531,278.7484130859375,161.9199981689453,58.189998626708984,105.58999633789062,76.87000274658203,144.1199951171875,32.959999084472656,273.8699951171875,73.27999877929688,69.98014831542969,77.4405288696289,36.150001525878906,518.1699829101562,62.59000015258789,603.5700073242188,21.690000534057617,108.44000244140625,258.44525146484375,229.5500030517578,120.6500015258789,322.44000244140625,273.6693420410156,44.04999923706055,300.8299865722656
2026-06-17,166.55999755859375,40.77000045776367,280.01055908203125,159.5500030517578,57.720001220703125,105.8499984741211,77.37000274658203,143.85000610351562,32.5,269.05999755859375,72.12000274658203,68.89278411865234,75.6500015258789,36.15999984741211,515.8499755859375,61.810001373291016,591.0800170898438,22.510000228881836,105.66999816894531,251.9811553955078,229.25999450683594,117.13999938964844,313.79998779296875,269.51873779296875,43.41999816894531,294.82000732421875
2026-06-18,160.35000610351562,41.08000183105469,278.4800720214844,158.67999267578125,57.720001220703125,102.93000030517578,78.58999633789062,143.1300048828125,31.729999542236328,269.1199951171875,72.48999786376953,68.51370239257812,76.72000122070312,36.81999969482422,512.1500244140625,60.06999969482422,609.1199951171875,22.899999618530273,103.79000091552734,243.23263549804688,229.02000427246094,118.25,320.7900085449219,249.34449768066406,44.20000076293945,302.8399963378906
2026-06-22,156.69000244140625,40.68000030517578,281.3621520996094,157.47999572753906,58.20000076293945,103.5999984741211,78.86000061035156,144.57000732421875,30.790000915527344,269.3399963378906,71.95999908447266,69.04241943359375,75.94999694824219,36.88999938964844,516.7100219726562,58.52000045776367,609.8800048828125,22.0,101.80000305175781,244.32992553710938,234.02999877929688,118.91999816894531,316.8999938964844,250.4120635986328,45.38999938964844,304.3900146484375
2026-06-23,149.97999572753906,40.43000030517578,280.7062683105469,157.86000061035156,60.4900016784668,102.16999816894531,79.11000061035156,140.00999450683594,30.329999923706055,268.6600036621094,69.4800033569336,64.24407196044922,74.70999908447266,36.560001373291016,512.260009765625,57.599998474121094,604.1799926757812,21.25,97.83999633789062,239.0429229736328,232.8300018310547,117.69999694824219,322.8999938964844,243.13858032226562,44.36000061035156,299.0899963378906
2026-06-24,147.83999633789062,41.709999084472656,277.00921630859375,163.14999389648438,60.97999954223633,103.08999633789062,80.08999633789062,137.82000732421875,29.3799991607666,276.2900085449219,70.4000015258789,61.69026565551758,75.83000183105469,38.29999923706055,515.72998046875,56.119998931884766,616.6199951171875,20.860000610351562,94.04000091552734,239.9307403564453,237.85000610351562,120.9800033569336,333.1300048828125,240.88368225097656,46.560001373291016,307.2900085449219
2026-06-25,141.0500030517578,42.86000061035156,278.2017822265625,164.61000061035156,61.369998931884766,105.48999786376953,81.62000274658203,137.8000030517578,29.309999465942383,281.20001220703125,70.61000061035156,62.64794158935547,75.08000183105469,39.02000045776367,522.280029296875,55.84000015258789,628.9400024414062,21.729999542236328,95.3499984741211,248.28024291992188,241.08999633789062,122.4000015258789,339.0799865722656,250.43202209472656,46.84000015258789,312.9700012207031
2026-06-26,133.6999969482422,43.029998779296875,276.07501220703125,165.75999450683594,61.790000915527344,105.69999694824219,82.62000274658203,137.22000122070312,29.040000915527344,283.6499938964844,70.70999908447266,62.298789978027344,76.3499984741211,38.7599983215332,519.6199951171875,55.72999954223633,616.0599975585938,22.3799991607666,96.12999725341797,239.1925506591797,241.5500030517578,123.23999786376953,344.07000732421875,244.93450927734375,46.97999954223633,311.3500061035156
2026-06-29,129.72000122070312,42.939998626708984,269.6747741699219,163.32000732421875,62.02000045776367,105.4000015258789,83.37000274658203,135.74000549316406,27.920000076293945,278.6000061035156,66.91999816894531,61.47079849243164,76.5,38.22999954223633,511.05999755859375,53.619998931884766,581.22998046875,22.440000534057617,94.51000213623047,228.02000427246094,237.64999389648438,120.91000366210938,344.29998779296875,233.69000244140625,46.16999816894531,303.82000732421875
2026-06-30,135.02999877929688,43.349998474121094,291.3699951171875,162.35000610351562,62.400001525878906,108.26000213623047,84.69000244140625,135.63999938964844,27.360000610351562,278.6099853515625,66.9800033569336,62.73772430419922,79.22000122070312,38.099998474121094,518.9400024414062,52.650001525878906,576.7000122070312,21.190000534057617,93.4000015258789,222.75,238.27999877929688,121.29000091552734,344.32000732421875,229.4600067138672,46.2599983215332,295.010009765625
2026-07-01,136.0800018310547,43.63999938964844,306.3999938964844,163.1199951171875,61.75,108.16000366210938,83.54000091552734,138.47000122070312,27.020000457763672,278.3699951171875,67.08999633789062,60.38343811035156,81.1500015258789,38.34000015258789,533.5499877929688,52.58000183105469,579.239990234375,21.299999237060547,93.30000305175781,219.02000427246094,237.92999267578125,122.61000061035156,346.04998779296875,221.75999450683594,46.09000015258789,295.0299987792969
2026-07-02,135.55999755859375,45.0,314.19000244140625,166.97000122070312,63.38999938964844,110.54000091552734,85.80000305175781,139.91000366210938,27.709999084472656,283.3599853515625,68.86000061035156,60.82237243652344,83.83000183105469,38.790000915527344,546.6400146484375,53.36000061035156,599.4199829101562,21.1299991607666,97.04000091552734,220.75,238.1999969482422,125.33000183105469,352.4800109863281,220.38999938964844,45.93000030517578,303.19000244140625
2026-07-06,133.8000030517578,44.619998931884766,308.8599853515625,166.0399932861328,62.95000076293945,113.19999694824219,86.38999938964844,141.0500030517578,27.329999923706055,283.7200012207031,68.9000015258789,60.852298736572266,82.7699966430664,38.58000183105469,540.52001953125,52.970001220703125,605.2999877929688,21.18000030517578,98.19999694824219,223.9199981689453,236.38999938964844,124.04000091552734,349.1300048828125,227.07000732421875,45.63999938964844,304.8399963378906
2026-07-07,129.02000427246094,44.45000076293945,305.04998779296875,164.35000610351562,62.65999984741211,114.94000244140625,86.75,139.61000061035156,28.639999389648438,283.0799865722656,69.62000274658203,59.186344146728516,81.83000183105469,37.91999816894531,538.22998046875,54.599998474121094,594.1699829101562,21.1200008392334,95.05999755859375,227.4199981689453,232.39999389648438,120.22000122070312,342.260009765625,229.6199951171875,45.0,299.8999938964844
2026-07-08,129.3800048828125,41.95000076293945,296.75,157.9499969482422,60.290000915527344,117.0199966430664,85.18000030517578,136.97000122070312,29.030000686645508,274.1199951171875,66.9000015258789,57.360774993896484,78.94000244140625,36.66999816894531,527.6699829101562,55.720001220703125,570.0,20.649999618530273,93.19999694824219,226.67999267578125,224.4600067138672,114.27999877929688,330.57000732421875,228.75999450683594,42.08000183105469,286.5899963378906
2026-07-09,128.4199981689453,42.70000076293945,295.8500061035156,159.07000732421875,61.0,114.0199966430664,83.86000061035156,134.7899932861328,28.5,273.0299987792969,67.20999908447266,60.38343811035156,78.52999877929688,37.18000030517578,525.5599975585938,55.38999938964844,571.9000244140625,20.75,94.80999755859375,222.27999877929688,224.49000549316406,115.95999908447266,332.0299987792969,222.05999755859375,42.9900016784668,288.7300109863281
2026-07-10,126.05000305175781,43.18000030517578,299.5299987792969,160.7100067138672,61.689998626708984,116.91999816894531,85.68000030517578,134.67999267578125,29.030000686645508,274.30999755859375,67.56999969482422,61.37104034423828,77.52999877929688,37.93000030517578,529.7899780273438,56.349998474121094,577.719970703125,21.510000228881836,95.29000091552734,227.3699951171875,228.77000427246094,116.76000213623047,333.989990234375,228.4199981689453,44.22999954223633,295.25
2026-07-13,125.79000091552734,42.43000030517578,301.9599914550781,159.24000549316406,61.29999923706055,120.91999816894531,86.06999969482422,132.66000366210938,30.3700008392334,271.8500061035156,67.20999908447266,59.82479476928711,75.0999984741211,37.0,524.0599975585938,58.31999969482422,569.3499755859375,22.309999465942383,93.0999984741211,233.0,225.86000061035156,113.83999633789062,328.9700012207031,234.13999938964844,43.150001525878906,292.7799987792969
2026-07-14,128.75,42.779998779296875,299.3999938964844,157.16000366210938,60.459999084472656,119.19000244140625,84.91000366210938,134.1699981689453,30.309999465942383,269.75,67.2300033569336,61.79999923706055,74.66999816894531,36.5,522.5399780273438,58.54999923706055,573.75,22.940000534057617,94.75,234.16000366210938,225.75999450683594,114.66000366210938,328.5,233.35000610351562,42.90999984741211,291.8900146484375
2026-07-15,124.73999786376953,43.400001525878906,293.69000244140625,156.7899932861328,60.79999923706055,117.81999969482422,84.44999694824219,134.86000061035156,29.700000762939453,270.25,67.8499984741211,60.970001220703125,75.30999755859375,36.7400016784668,514.1500244140625,58.0,569.3200073242188,23.040000915527344,95.20999908447266,236.8699951171875,227.86000061035156,115.30999755859375,332.2900085449219,235.55999755859375,43.59000015258789,289.1099853515625
2026-07-16,119.45999908447266,44.84000015258789,297.2900085449219,163.05999755859375,63.150001525878906,118.66000366210938,86.6500015258789,134.2899932861328,29.299999237060547,275.7099914550781,69.16000366210938,58.560001373291016,77.5999984741211,37.869998931884766,520.739990234375,57.79999923706055,576.9299926757812,22.530000686645508,90.83000183105469,235.6699981689453,234.0399932861328,118.68000030517578,338.1400146484375,234.97999572753906,44.77000045776367,293.4700012207031
2026-07-17,120.77999877929688,43.939998626708984,295.6199951171875,160.41000366210938,62.709999084472656,121.41999816894531,87.30000305175781,135.2899932861328,29.920000076293945,272.8299865722656,68.5999984741211,58.380001068115234,78.19999694824219,37.560001373291016,513.219970703125,59.16999816894531,562.5900268554688,22.1299991607666,89.69999694824219,236.61000061035156,233.07000732421875,117.36000061035156,331.32000732421875,235.50999450683594,44.29999923706055,288.3299865722656
2026-07-20,118.19999694824219,43.22999954223633,296.6300048828125,158.36000061035156,62.25,123.56999969482422,86.77999877929688,135.75,30.3700008392334,268.6499938964844,68.08000183105469,58.790000915527344,77.2699966430664,36.25,512.0499877929688,60.72999954223633,553.6199951171875,22.40999984741211,89.19999694824219,230.74000549316406,228.42999267578125,115.69999694824219,323.6000061035156,230.49000549316406,43.13999938964844,280.6199951171875
2026-07-21,118.62000274658203,43.439998626708984,296.3900146484375,155.75,62.54999923706055,122.95999908447266,86.94000244140625,138.7899932861328,30.469999313354492,264.20001220703125,68.98999786376953,62.560001373291016,76.26000213623047,36.349998474121094,505.0299987792969,61.189998626708984,547.3300170898438,21.969999313354492,92.48999786376953,233.1999969482422,228.2100067138672,115.70999908447266,318.4599914550781,233.52000427246094,43.060001373291016,276.75
2026-07-22,117.44999694824219,43.209999084472656,297.0,157.67999267578125,62.349998474121094,127.3499984741211,88.52999877929688,139.63999938964844,31.25,266.8800048828125,69.37999725341797,65.0,77.19999694824219,38.09000015258789,508.6700134277344,62.31999969482422,550.6599731445312,22.780000686645508,95.75,235.89999389648438,228.19000244140625,117.38999938964844,319.9100036621094,238.63999938964844,44.5099983215332,277.8299865722656
2026-07-23,116.91000366210938,42.630001068115234,294.2900085449219,155.1999969482422,62.22999954223633,126.70999908447266,88.77999877929688,137.39999389648438,30.899999618530273,263.1400146484375,67.91999816894531,63.5,73.7699966430664,37.90999984741211,506.32000732421875,61.720001220703125,546.8699951171875,22.280000686645508,94.72000122070312,241.14999389648438,233.89999389648438,113.75,310.5400085449219,240.57000732421875,43.709999084472656,274.92999267578125
2026-07-24,114.8499984741211,44.540000915527344,297.8699951171875,160.89999389648438,63.84000015258789,125.06999969482422,89.25,137.6999969482422,29.84000015258789,268.75,68.19999694824219,62.599998474121094,75.94000244140625,42.15999984741211,512.280029296875,60.31999969482422,559.5999755859375,22.299999237060547,93.19000244140625,247.55999755859375,254.38999938964844,116.0,317.510009765625,247.11000061035156,48.560001373291016,279.70001220703125
