Date,AMT,ARE,AVB,BXP,CBRE,CCI,CPT,CSGP,DLR,DOC,EQIX,EQR,ESS,EXR,FRT,HST,INVH,IRM,KIM,MAA,O,PLD,PSA,REG,SBAC,SPG,UDR,VICI,VTR,WELL,WY
2021-07-26,243.4337158203125,157.07322692871094,190.3447723388672,88.95037078857422,89.19999694824219,151.1615447998047,122.96900177001953,89.2699966430664,129.64932250976562,27.426624298095703,751.83740234375,69.43733978271484,276.30621337890625,139.8583984375,94.55606842041016,12.744305610656738,34.10984802246094,35.88889694213867,16.71040153503418,154.81195068359375,52.98664855957031,110.80412292480469,251.96742248535156,53.06954574584961,312.6258544921875,97.33573150634766,45.399906158447266,24.057859420776367,50.54638671875,77.44600677490234,28.11990737915039
2021-07-27,245.3753204345703,160.7322235107422,192.0950927734375,89.61338806152344,91.3499984741211,152.98580932617188,123.40599060058594,89.0199966430664,130.9982452392578,27.863765716552734,763.00390625,69.7249755859375,276.87353515625,140.71017456054688,95.62651062011719,12.6419095993042,34.49119567871094,36.15223693847656,16.630136489868164,155.98048400878906,53.27159118652344,111.8517074584961,252.16014099121094,53.437679290771484,315.029296875,96.44688415527344,45.51533126831055,24.20273780822754,50.791717529296875,78.03836822509766,28.27405548095703
2021-07-28,243.75021362304688,159.31504821777344,191.39663696289062,90.9702377319336,91.0,151.70413208007812,122.7673110961914,86.94999694824219,129.96969604492188,27.765792846679688,758.00048828125,69.16615295410156,276.3228759765625,141.3408660888672,94.28035736083984,12.673418045043945,34.355613708496094,35.740760803222656,16.670272827148438,155.549560546875,52.739192962646484,110.50108337402344,251.4371795654297,52.85683822631836,314.59490966796875,95.9488296508789,45.408164978027344,23.99685287475586,50.36873245239258,77.2603530883789,27.884628295898438
2021-07-29,242.0567169189453,159.93157958984375,193.47511291503906,91.28632354736328,95.55999755859375,151.61761474609375,125.01119995117188,87.5,126.8756103515625,27.991891860961914,712.7459106445312,69.42091369628906,275.8722839355469,142.29910278320312,95.14806365966797,12.823071479797363,34.44036865234375,35.74898910522461,17.03947639465332,159.95851135253906,52.65671157836914,110.7261962890625,250.4812469482422,53.421321868896484,312.85693359375,96.48519897460938,45.82859802246094,23.630842208862305,50.45333480834961,77.56095886230469,28.257837295532227
2021-07-30,241.88558959960938,161.20462036132812,191.71641540527344,90.49224090576172,96.45999908447266,151.82994079589844,125.54904174804688,88.8499984741211,129.96969604492188,27.863765716552734,743.5895385742188,69.14148712158203,273.78607177734375,142.62677001953125,95.31024932861328,12.547392845153809,34.47425079345703,36.0123291015625,17.11973762512207,160.0331573486328,52.886932373046875,110.85607147216797,251.01943969726562,53.51131057739258,315.2142028808594,96.94493865966797,45.33396530151367,23.783348083496094,50.57176971435547,76.79180145263672,27.36539077758789
2021-08-02,242.58697509765625,162.54171752929688,192.5410614013672,89.69047546386719,95.6500015258789,151.8456268310547,126.16255950927734,88.9000015258789,130.4586944580078,27.6301326751709,742.3025512695312,68.96887969970703,273.9530334472656,143.56861877441406,94.53173065185547,12.444995880126953,34.41493606567383,36.0123291015625,17.08763313293457,161.73204040527344,52.61607360839844,111.21971893310547,249.8385772705078,52.82411193847656,316.4805603027344,96.79169464111328,45.33396530151367,23.402080535888672,50.14877700805664,76.27019500732422,27.762939453125
2021-08-03,243.21141052246094,164.06298828125,192.61680603027344,89.48233795166016,96.20999908447266,153.1509246826172,124.69184875488281,87.33000183105469,130.80435180664062,27.69042205810547,743.4989013671875,69.3140640258789,273.4355773925781,144.60060119628906,94.63716125488281,12.43712043762207,34.24544906616211,36.135780334472656,16.67829704284668,158.66566467285156,52.97723388671875,112.26729583740234,248.68983459472656,52.61140823364258,319.8639221191406,99.25900268554688,45.44938278198242,23.074193954467773,50.3179817199707,77.01282501220703,28.022552490234375
2021-08-04,243.65618896484375,163.71070861816406,191.75848388671875,88.41844940185547,96.63999938964844,153.44183349609375,124.37248229980469,86.26000213623047,131.4619598388672,27.848697662353516,750.7770385742188,69.03466033935547,270.3564758300781,143.92897033691406,92.6746826171875,11.940893173217773,34.2539176940918,35.65846633911133,16.485675811767578,157.679443359375,52.78160095214844,111.6006088256836,246.2236785888672,51.56425094604492,322.68341064453125,98.61534118652344,45.22679138183594,23.013193130493164,49.675048828125,75.23580169677734,27.616901397705078
2021-08-05,241.8513946533203,165.8564453125,192.86083984375,90.09908294677734,98.12999725341797,152.90716552734375,125.28014373779297,87.91999816894531,131.48724365234375,28.157703399658203,752.8436279296875,69.544189453125,271.70831298828125,144.0272979736328,98.21342468261719,12.429242134094238,34.262393951416016,36.38267135620117,17.183940887451172,158.69053649902344,53.26317596435547,112.94261932373047,248.151611328125,53.437679290771484,320.7052307128906,102.69939422607422,45.56479263305664,23.3563289642334,50.740970611572266,76.54426574707031,27.973876953125
2021-08-06,241.3040008544922,166.58502197265625,192.63365173339844,90.89315795898438,97.75,153.1745147705078,124.27161407470703,86.0,132.4315185546875,27.618257522583008,743.353759765625,69.593505859375,272.75140380859375,143.74879455566406,98.37560272216797,12.712799072265625,33.99967956542969,37.00811004638672,17.537099838256836,158.35073852539062,53.13523483276367,112.30193328857422,244.7937469482422,54.32121276855469,320.7792053222656,103.59590911865234,45.2432861328125,23.173320770263672,49.319740295410156,75.3065185546875,28.030664443969727
2021-08-09,239.54209899902344,167.39370727539062,191.47238159179688,90.36890411376953,96.30000305175781,152.71844482421875,122.75048065185547,85.62999725341797,132.92892456054688,27.458698272705078,738.6770629882812,68.73057556152344,268.26202392578125,143.60958862304688,96.59965515136719,12.500131607055664,33.863521575927734,37.28791427612305,17.456832885742188,157.3148193359375,53.13523483276367,112.5616683959961,248.8504638671875,53.49494934082031,320.390869140625,101.80290985107422,45.01244354248047,23.03606605529785,48.575286865234375,75.64246368408203,27.689918518066406
2021-08-10,235.47071838378906,163.74269104003906,187.46690368652344,89.63651275634766,96.30999755859375,150.16290283203125,120.2965087890625,85.05000305175781,130.14675903320312,26.873668670654297,723.2506713867188,67.47315979003906,265.23291015625,142.2254180908203,97.0618896484375,12.760058403015137,33.114585876464844,37.83106231689453,17.440780639648438,153.4362030029297,52.7364501953125,111.9902572631836,249.83055114746094,54.214866638183594,315.500732421875,101.2282485961914,44.31169509887695,22.715808868408203,48.076171875,75.1827621459961,28.079343795776367
2021-08-11,237.1129608154297,163.77471923828125,186.97879028320312,91.04733276367188,96.0999984741211,150.93350219726562,121.26294708251953,84.91000366210938,131.90882873535156,26.767292022705078,731.3263549804688,67.34164428710938,262.98822021484375,142.03701782226562,97.92959594726562,12.964849472045898,33.29330062866211,38.448272705078125,17.89826774597168,154.2732696533203,53.35342788696289,111.6006088256836,250.63388061523438,54.615726470947266,320.2984313964844,102.30097198486328,43.94071960449219,23.13520050048828,48.14385223388672,74.75532531738281,28.663484573364258
2021-08-12,239.53347778320312,163.81478881835938,187.06297302246094,90.69270324707031,95.5999984741211,152.00291442871094,121.87645721435547,83.97000122070312,132.8024444580078,26.7445068359375,735.7131958007812,67.38275146484375,262.762939453125,143.05262756347656,97.3862533569336,12.736429214477539,33.37841033935547,38.3083610534668,17.633407592773438,154.45558166503906,53.36848831176758,112.6136245727539,253.04383850097656,54.31303024291992,323.74652099609375,102.5615005493164,43.88300704956055,23.043689727783203,47.84776306152344,74.56832885742188,28.411975860595703
2021-08-13,241.9883575439453,164.53538513183594,188.9563446044922,90.90084838867188,95.37999725341797,153.1587677001953,122.70006561279297,84.44999694824219,134.13455200195312,27.223163604736328,737.8614501953125,67.9333724975586,264.4819030761719,143.8880615234375,97.31327819824219,12.531639099121094,33.718833923339844,37.93803405761719,17.689592361450195,156.0633544921875,54.13593292236328,114.26727294921875,252.7787322998047,54.17396926879883,327.0650939941406,102.42355346679688,44.09736251831055,22.89881134033203,48.29612731933594,75.78827667236328,28.249723434448242
2021-08-16,242.22784423828125,164.7755584716797,189.4275665283203,90.19929504394531,94.33999633789062,153.3003387451172,123.43961334228516,83.1500015258789,136.07362365722656,27.071205139160156,745.8825073242188,67.90872192382812,263.9143981933594,143.57681274414062,95.95088958740234,12.263834953308105,33.73585891723633,37.73230743408203,17.360523223876953,157.091064453125,54.56481170654297,115.74778747558594,255.5421142578125,53.63401794433594,325.8079833984375,100.35470581054688,44.06437683105469,22.914058685302734,47.84776306152344,75.92185974121094,28.136137008666992
2021-08-17,245.07603454589844,165.3280029296875,188.989990234375,89.39752960205078,92.91999816894531,154.7786102294922,123.26315307617188,83.19000244140625,136.2590789794922,27.109201431274414,752.92236328125,67.83474731445312,265.9755554199219,144.46141052246094,94.7020263671875,12.074797630310059,33.718833923339844,37.534793853759766,17.143815994262695,156.82582092285156,54.406795501708984,116.08544921875,256.6667785644531,52.82411193847656,332.5099792480469,98.16326904296875,43.693397521972656,22.79205894470215,47.56012725830078,76.2157211303711,27.487091064453125
2021-08-18,242.3817596435547,163.67063903808594,187.54263305664062,87.31600952148438,91.83999633789062,152.5926513671875,122.91015625,80.97000122070312,134.5982208251953,26.82808494567871,740.6073608398438,67.1690673828125,263.7475891113281,142.8970184326172,93.95594787597656,12.074797630310059,34.13585662841797,37.24676513671875,16.95118522644043,154.72906494140625,53.95536422729492,114.7175064086914,257.237060546875,52.750492095947266,326.9172668457031,98.07898712158203,43.380123138427734,22.654800415039062,46.79875946044922,75.0670166015625,27.422191619873047
2021-08-19,247.30841064453125,164.2871856689453,188.45144653320312,87.01534271240234,91.76000213623047,155.6199493408203,123.5068588256836,82.16000366210938,137.33824157714844,26.70652198791504,758.5160522460938,67.70326232910156,265.9005126953125,144.5596160888672,93.46939849853516,11.704596519470215,34.229469299316406,37.68292999267578,16.911052703857422,156.04681396484375,53.827449798583984,115.28026580810547,259.0445556640625,52.68503952026367,332.6578063964844,98.43144989013672,43.693397521972656,22.31928825378418,46.16428756713867,74.87110137939453,27.511430740356445
2021-08-20,248.7453155517578,165.78436279296875,189.02365112304688,87.20806884765625,92.66000366210938,155.73004150390625,123.2883529663086,82.52999877929688,137.22862243652344,26.714113235473633,760.0348510742188,67.81011199951172,266.6014404296875,145.42784118652344,94.11815643310547,11.940893173217773,34.45074462890625,37.58417892456055,17.111709594726562,157.69602966308594,54.1058349609375,116.23263549804688,260.4985656738281,53.06954574584961,334.783935546875,98.66900634765625,43.76759719848633,22.342161178588867,46.18122100830078,74.99575805664062,27.714256286621094
2021-08-23,246.76950073242188,165.11984252929688,187.77821350097656,87.76313781738281,93.16000366210938,154.08663940429688,121.51510620117188,83.55999755859375,136.6553497314453,26.546958923339844,759.9803466796875,67.67040252685547,264.5653991699219,145.29678344726562,95.09131622314453,12.153563499450684,34.33158874511719,37.74876022338867,17.159866333007812,156.2705841064453,53.5264778137207,115.488037109375,258.0483703613281,53.216796875,331.0215759277344,99.19768524169922,43.38837432861328,22.426042556762695,45.87665557861328,74.96015930175781,28.014442443847656
2021-08-24,243.42526245117188,163.750732421875,186.63380432128906,88.1332015991211,92.88999938964844,151.3895721435547,119.75862121582031,84.37000274658203,136.2254180908203,26.70652198791504,746.0372924804688,67.20195007324219,262.86309814453125,145.62442016601562,95.65084838867188,12.555267333984375,34.127342224121094,37.66646957397461,17.360523223876953,154.37271118164062,53.30076599121094,113.20236206054688,255.31716918945312,53.57675552368164,325.9835510253906,101.57303619384766,42.976158142089844,22.471790313720703,46.13045120239258,75.227294921875,28.28217315673828
2021-08-25,241.9711456298828,163.20626831054688,187.02931213378906,87.87108612060547,94.48999786376953,149.63612365722656,121.20415496826172,84.05999755859375,133.73829650878906,26.767292022705078,734.47705078125,67.35809326171875,265.31640625,147.61463928222656,96.98078155517578,12.736429214477539,34.11032485961914,37.756996154785156,17.657487869262695,155.47496032714844,53.36848831176758,113.01187133789062,254.15235900878906,54.893890380859375,323.6872253417969,101.5577163696289,43.017391204833984,22.647178649902344,46.63803482055664,75.59237670898438,28.606691360473633
2021-08-26,242.21063232421875,163.8468017578125,188.8217315673828,86.3215103149414,93.63999938964844,149.1878662109375,122.45635223388672,82.80000305175781,133.93215942382812,26.714113235473633,750.357666015625,68.04020690917969,265.8503723144531,148.6548309326172,96.21849822998047,12.500131607055664,34.29755401611328,37.70762252807617,17.352493286132812,156.61863708496094,53.406089782714844,113.08979034423828,254.06396484375,54.6239013671875,324.5205993652344,100.40834045410156,43.272953033447266,22.89881134033203,46.138916015625,75.39649200439453,28.55801773071289
2021-08-27,244.19500732421875,164.05496215820312,189.8567657470703,87.1849365234375,95.62000274658203,150.16290283203125,123.33878326416016,83.19000244140625,134.98605346679688,26.97243881225586,750.1939086914062,68.50043487548828,267.6611633300781,150.25193786621094,97.84849548339844,12.933343887329102,34.46775817871094,38.16023254394531,17.593278884887695,156.8092498779297,53.83497619628906,113.68718719482422,255.20469665527344,55.65471267700195,326.696533203125,102.43890380859375,43.53675842285156,23.272451400756836,46.773380279541016,76.26021575927734,29.16649627685547
2021-08-30,249.48098754882812,164.8716278076172,192.04461669921875,86.3215103149414,96.0199966430664,151.21656799316406,125.04480743408203,83.98999786376953,136.93356323242188,27.20037841796875,764.036865234375,69.33050537109375,272.7012634277344,152.05380249023438,98.42427825927734,12.88608455657959,35.14860916137695,38.42359161376953,17.521039962768555,159.64364624023438,54.21869659423828,115.78243255615234,257.502197265625,55.79376983642578,332.0762634277344,102.22435760498047,44.0726203918457,23.447837829589844,46.891822814941406,76.36711120605469,29.426115036010742
2021-08-31,249.90008544921875,165.23196411132812,193.1890411376953,87.10784912109375,96.30000305175781,153.0880126953125,126.09534454345703,84.73999786376953,138.18980407714844,27.352333068847656,767.1475830078125,69.09217834472656,275.9891357421875,153.0858154296875,98.74862670898438,13.043615341186523,35.046478271484375,39.2959098815918,17.488943099975586,159.4281463623047,54.51763916015625,116.5876235961914,259.9602966308594,56.13737869262695,332.3818054199219,103.02125549316406,44.53428268432617,23.569841384887695,47.323265075683594,77.94324493408203,29.207061767578125
2021-09-01,254.85231018066406,167.1295166015625,195.73033142089844,89.0120620727539,97.3499984741211,155.6514434814453,128.17117309570312,86.83999633789062,140.45765686035156,27.755020141601562,790.24072265625,70.31671905517578,280.6286926269531,155.43641662597656,99.57581329345703,12.917591094970703,35.684776306152344,39.797916412353516,17.681564331054688,162.58572387695312,54.661033630371094,119.29753875732422,264.8444519042969,56.448265075683594,339.2428894042969,104.06330871582031,45.58128356933594,23.912981033325195,47.830848693847656,78.52204132080078,29.46668243408203
2021-09-02,257.3584899902344,166.94532775878906,196.083740234375,88.67284393310547,97.9000015258789,155.61207580566406,128.5829315185547,87.18000030517578,141.63796997070312,27.823392868041992,795.324951171875,70.6618881225586,281.2128601074219,156.9352569580078,99.85965728759766,13.004231452941895,36.144344329833984,40.69492721557617,17.721694946289062,162.66856384277344,54.864891052246094,119.88628387451172,265.9289855957031,56.62004852294922,339.54852294921875,104.53072357177734,45.721435546875,24.15699005126953,47.94927215576172,78.1391372680664,29.81718635559082
2021-09-03,258.3164367675781,166.87327575683594,195.94070434570312,87.7939682006836,98.55999755859375,156.08389282226562,128.9527130126953,87.86000061035156,141.30075073242188,27.618257522583008,802.965087890625,70.34137725830078,280.0278625488281,158.6552734375,99.63258361816406,12.736429214477539,35.70180130004883,40.637325286865234,17.761823654174805,162.55255126953125,54.578025817871094,120.33649444580078,265.7040100097656,56.72640609741211,339.3355407714844,104.0173568725586,45.64723587036133,24.423873901367188,47.63627624511719,77.24867248535156,29.866086959838867
2021-09-07,255.93002319335938,164.85560607910156,191.51441955566406,87.51644134521484,97.9800033569336,153.75637817382812,126.45673370361328,87.70999908447266,140.28903198242188,27.177576065063477,801.9917602539062,68.49221801757812,273.30206298828125,156.35374450683594,98.93516540527344,12.838824272155762,35.14860916137695,39.822601318359375,17.504989624023438,159.46958923339844,53.75520706176758,119.17630767822266,262.4425964355469,56.48098373413086,338.11334228515625,103.12085723876953,44.394142150878906,24.08073616027832,47.21329879760742,75.77047729492188,29.450376510620117
2021-09-08,259.6934509277344,166.3769073486328,193.95477294921875,87.64751434326172,98.08000183105469,154.54269409179688,128.7006072998047,88.66000366210938,140.06982421875,27.618257522583008,802.4920654296875,69.05107879638672,276.79022216796875,157.58229064941406,98.73243713378906,12.704920768737793,35.531578063964844,39.888431549072266,17.537343978881836,161.989013671875,54.12509536743164,119.94686126708984,265.5193176269531,56.48098373413086,341.280029296875,102.39246368408203,44.93000793457031,24.210365295410156,47.63627624511719,76.580810546875,28.814584732055664
2021-09-09,253.8772735595703,162.06130981445312,190.17649841308594,85.88206481933594,98.13999938964844,151.33453369140625,126.49871826171875,89.69000244140625,133.1060333251953,27.05600929260254,777.25244140625,67.77722930908203,273.9530334472656,153.274169921875,97.56466674804688,12.673418045043945,34.978397369384766,39.35352325439453,17.335121154785156,159.00547790527344,52.59267807006836,116.63957214355469,260.41015625,55.95740509033203,333.0114440917969,101.23014831542969,44.155059814453125,22.7844295501709,47.543216705322266,76.67877960205078,28.423324584960938
2021-09-10,251.36265563964844,159.883544921875,188.1148681640625,83.345703125,96.91000366210938,148.11061096191406,125.91883087158203,90.1500015258789,130.98985290527344,26.85846710205078,767.6477661132812,66.90609741210938,268.64581298828125,153.20046997070312,95.49675750732422,12.594650268554688,34.28904342651367,38.69515609741211,17.084354400634766,157.0413055419922,51.27164077758789,115.69585418701172,259.6550598144531,54.19032287597656,326.687255859375,99.10697174072266,43.487308502197266,22.670053482055664,47.53475570678711,77.18632507324219,28.29290008544922
2021-09-13,251.98695373535156,160.0997314453125,188.24948120117188,85.28844451904297,98.01000213623047,149.26654052734375,126.38948822021484,89.37000274658203,130.4333953857422,26.957239151000977,763.5912475585938,67.34986114501953,270.7737121582031,152.7090606689453,98.04312133789062,13.146014213562012,34.527339935302734,38.84329605102539,17.72339630126953,157.55517578125,51.73212432861328,114.95989990234375,258.0243225097656,55.67924880981445,326.5390930175781,101.60208129882812,43.97370147705078,22.83780860900879,48.769866943359375,78.55765533447266,28.162485122680664
2021-09-14,253.51800537109375,159.69137573242188,188.7375030517578,85.09569549560547,96.45999908447266,149.8604278564453,127.01139831542969,89.33999633789062,130.9940643310547,26.873668670654297,759.3619384765625,67.21015167236328,270.7486572265625,151.35678100585938,97.2646255493164,13.098749160766602,34.53584289550781,37.89182662963867,17.577791213989258,158.77342224121094,51.490562438964844,114.76081085205078,256.5854797363281,55.716392517089844,330.1595153808594,100.39327239990234,44.0726203918457,22.8149356842041,48.5499153137207,77.9521484375,27.787527084350586
2021-09-15,254.25363159179688,159.1869354248047,189.12464904785156,85.86666870117188,97.41000366210938,149.38531494140625,126.99459075927734,88.94999694824219,132.5315704345703,26.797683715820312,767.1383056640625,67.3745346069336,273.07684326171875,151.83499145507812,97.75119018554688,13.027862548828125,34.382659912109375,37.58327865600586,17.699129104614258,158.4170379638672,51.67928695678711,115.4014663696289,258.27496337890625,56.739768981933594,329.1317443847656,101.62532043457031,44.229251861572266,22.975065231323242,48.321502685546875,77.36441040039062,28.561899185180664
2021-09-16,254.15106201171875,158.63450622558594,188.2242431640625,85.70475006103516,97.29000091552734,149.83668518066406,126.5239486694336,89.0999984741211,132.86282348632812,26.82048225402832,776.0609741210938,67.21015167236328,273.46075439453125,150.8455352783203,97.8160629272461,12.925466537475586,34.44223403930664,37.44987106323242,17.86091423034668,158.5828094482422,51.626426696777344,115.3318862915039,256.5612487792969,57.16069030761719,329.1039123535156,102.80315399169922,44.31169509887695,22.875932693481445,48.79524612426758,78.19254302978516,29.09172821044922
2021-09-17,251.25149536132812,155.2237091064453,185.0349884033203,84.79503631591797,95.77999877929688,149.2981719970703,124.67505645751953,89.37999725341797,133.1941375732422,26.470975875854492,793.6422729492188,65.9609603881836,269.1381530761719,148.51205444335938,96.74562072753906,12.807319641113281,33.94861602783203,37.441532135009766,17.569704055786133,155.37551879882812,51.09048080444336,113.18321228027344,251.42819213867188,56.37663650512695,326.5762023925781,101.71830749511719,43.8417854309082,22.548044204711914,48.30458068847656,76.42941284179688,29.482982635498047
2021-09-20,249.0618896484375,156.59280395507812,185.5314483642578,84.42501068115234,94.52999877929688,148.23704528808594,124.96080017089844,88.72000122070312,133.62734985351562,26.387401580810547,773.3141479492188,66.25680541992188,268.2452697753906,148.56150817871094,95.6346435546875,12.736429214477539,33.93159484863281,37.00790023803711,17.30276107788086,155.8893585205078,51.03761291503906,112.26982116699219,252.31744384765625,55.77416229248047,327.2520446777344,100.3622817993164,43.808815002441406,22.441295623779297,47.79700469970703,76.35819244384766,29.13248062133789
2021-09-21,249.6434783935547,155.91226196289062,185.72503662109375,83.87764739990234,93.7300033569336,148.69638061523438,126.187744140625,88.1500015258789,133.4999237060547,26.17466163635254,771.4679565429688,66.32256317138672,270.0810852050781,148.20692443847656,95.55278778076172,12.767934799194336,34.01670837402344,37.0912971496582,17.3270263671875,155.81475830078125,50.765865325927734,112.08714294433594,252.14759826660156,55.44404602050781,328.10394287109375,101.0286865234375,43.95721435546875,22.357419967651367,47.6785774230957,76.5273666381836,28.7412166595459
2021-09-22,251.0803680419922,157.3614501953125,188.055908203125,85.735595703125,95.8499984741211,148.44297790527344,126.6920394897461,88.37000274658203,135.51316833496094,26.303821563720703,782.3095092773438,66.87320709228516,275.07122802734375,147.7451934814453,97.10767364501953,13.012110710144043,34.48479080200195,37.34146499633789,17.66677474975586,157.69602966308594,51.15086364746094,113.09622192382812,249.93275451660156,56.195072174072266,331.9281005859375,103.55477142333984,44.221012115478516,22.7844295501709,47.55167007446289,76.08214569091797,29.67861557006836
2021-09-23,246.33335876464844,157.5135498046875,191.24517822265625,86.69154357910156,96.05000305175781,145.9882049560547,126.98616790771484,88.5199966430664,131.39328002929688,26.212657928466797,771.2950439453125,67.7443618774414,276.12261962890625,146.112548828125,97.76239776611328,13.327173233032227,34.4337158203125,37.34980773925781,17.682950973510742,158.47503662109375,51.16594314575195,112.07843780517578,246.8853759765625,56.35186767578125,327.455810546875,104.70160675048828,44.501312255859375,23.170352935791016,47.780086517333984,76.34927368164062,30.3714656829834
2021-09-24,241.3553009033203,156.44068908691406,190.52149963378906,86.93824005126953,96.5199966430664,144.17483520507812,125.85159301757812,88.33999633789062,129.72836303710938,25.863143920898438,759.1710205078125,67.50674438476562,273.30206298828125,142.32777404785156,97.40229034423828,13.358677864074707,33.718833923339844,36.916175842285156,17.472633361816406,156.8672637939453,50.16951370239258,111.26072692871094,245.64047241210938,56.36838150024414,319.3817443847656,103.7175064086914,44.14682388305664,22.946517944335938,46.849517822265625,74.17652130126953,30.314407348632812
2021-09-27,235.53781127929688,153.86260986328125,186.52442932128906,87.30830383300781,97.0999984741211,140.35800170898438,123.7337875366211,87.62999725341797,125.53204345703125,25.544034957885742,734.47705078125,66.3062744140625,267.4859313964844,139.74693298339844,97.54141235351562,13.390186309814453,32.81671142578125,36.7243766784668,17.416013717651367,154.23179626464844,49.58069610595703,109.773193359375,239.86886596679688,56.475669860839844,311.1131591796875,103.94995880126953,43.437835693359375,22.668657302856445,47.052555084228516,73.7223892211914,30.241046905517578
2021-09-28,230.9404296875,153.39816284179688,186.936767578125,87.0693130493164,97.08000183105469,138.6238250732422,124.44811248779297,85.37999725341797,124.09646606445312,25.544034957885742,726.6640014648438,66.53813171386719,266.7516174316406,141.2805633544922,97.50050354003906,13.327173233032227,32.79969787597656,36.54093551635742,17.254226684570312,154.63792419433594,49.0673828125,109.24254608154297,242.11610412597656,56.252845764160156,307.0390625,103.60902404785156,43.437835693359375,22.097501754760742,46.83260726928711,73.99842834472656,29.7927303314209
2021-09-29,232.02325439453125,155.30691528320312,189.3349609375,86.49382781982422,98.61000061035156,139.18609619140625,126.8483657836914,85.37999725341797,124.66563415527344,25.84035301208496,729.0651245117188,67.51502990722656,272.0852966308594,141.8330535888672,98.65441131591797,13.122380256652832,33.14863967895508,36.949527740478516,17.351299285888672,157.4225616455078,49.860015869140625,109.99067687988281,244.37942504882812,56.6572380065918,308.1315612792969,103.7175064086914,44.13032913208008,22.282747268676758,47.72087478637695,74.61286163330078,29.81718635559082
2021-09-30,228.0703582763672,153.88143920898438,186.50758361816406,84.2618637084961,97.36000061035156,137.24606323242188,124.63406372070312,86.05999755859375,122.70341491699219,25.437665939331055,718.6510620117188,66.99343872070312,268.5658874511719,138.5183563232422,96.55938720703125,12.862454414367676,32.62096405029297,36.23239517211914,16.785053253173828,154.77053833007812,49.13727951049805,109.112060546875,240.1598663330078,55.56783676147461,306.0853271484375,100.71097564697266,43.67690658569336,21.927698135375977,47.081295013427734,73.37508392333984,28.99390411376953
2021-10-01,229.1015167236328,156.2653045654297,188.8045196533203,86.96041870117188,100.44999694824219,137.0084686279297,126.3835220336914,87.7699966430664,123.22154998779297,25.749177932739258,717.9143676757812,67.51502990722656,273.9332275390625,139.3016815185547,99.0635986328125,13.209024429321289,33.029483795166016,36.666015625,17.585880279541016,156.81753540039062,49.88727951049805,109.98197174072266,240.24073791503906,57.17718505859375,308.86309814453125,103.16734313964844,44.138580322265625,22.48341941833496,47.823204040527344,74.66627502441406,29.156936645507812
2021-10-04,227.91567993164062,156.35385131835938,190.52508544921875,87.08487701416016,99.04000091552734,137.51524353027344,127.89632415771484,85.79000091552734,123.55281829833984,25.92393684387207,714.5399780273438,68.70720672607422,275.1847839355469,138.77392578125,99.80831146240234,13.10662841796875,32.969905853271484,36.841129302978516,17.610149383544922,157.94467163085938,50.379722595214844,110.3299331665039,240.9278106689453,57.309226989746094,309.409423828125,102.47769927978516,44.303466796875,22.437110900878906,48.00227737426758,74.55943298339844,29.528942108154297
2021-10-05,227.33132934570312,154.735107421875,190.24537658691406,86.40829467773438,99.87999725341797,136.5570831298828,127.9554672241211,86.51000213623047,121.21685028076172,25.490854263305664,691.3104248046875,68.86449432373047,273.39556884765625,138.43585205078125,98.29432678222656,13.067245483398438,32.697566986083984,36.899497985839844,17.375564575195312,157.1905059814453,50.19032669067383,109.98197174072266,238.6725311279297,56.66549301147461,306.26129150390625,101.8113021850586,44.13032913208008,22.275022506713867,46.219993591308594,72.78739166259766,29.537206649780273
2021-10-06,230.2616424560547,157.1914520263672,191.8472442626953,87.80033874511719,97.08999633789062,138.05369567871094,129.14715576171875,86.33999633789062,123.25552368164062,25.726381301879883,693.3569946289062,69.32813262939453,276.23468017578125,140.61270141601562,99.34184265136719,12.893961906433105,32.893314361572266,36.78275680541992,17.496898651123047,159.20437622070312,51.32668685913086,111.1650390625,243.65199279785156,57.12766647338867,311.87237548828125,102.75666809082031,44.51780319213867,22.78443145751953,46.44171905517578,74.08747100830078,29.611604690551758
2021-10-07,228.67185974121094,157.15121459960938,191.58453369140625,88.23583221435547,98.63999938964844,136.87380981445312,128.547119140625,87.19000244140625,122.05781555175781,25.66559600830078,697.1497192382812,69.237060546875,276.57061767578125,142.1793670654297,99.60372161865234,12.972725868225098,32.80820083618164,36.65767288208008,17.642507553100586,158.98890686035156,51.37974166870117,112.5481948852539,243.74087524414062,57.721885681152344,312.8723449707031,103.84149932861328,44.43729019165039,22.853897094726562,46.654911041259766,73.8470458984375,29.743881225585938
2021-10-08,225.2088623046875,154.9847412109375,189.72833251953125,88.53913116455078,97.0999984741211,134.4744873046875,127.45686340332031,86.87999725341797,119.48397064208984,25.544034957885742,683.024658203125,68.491943359375,274.33636474609375,141.0579833984375,99.35001373291016,12.964849472045898,32.78266525268555,35.54860305786133,17.569704055786133,158.4419403076172,50.91004180908203,111.80875396728516,242.27774047851562,57.30098342895508,305.42791748046875,102.3459701538086,44.02230453491211,22.56060218811035,46.54404830932617,73.63333892822266,29.975343704223633
2021-10-11,224.79638671875,154.51768493652344,189.69442749023438,89.1845932006836,97.69000244140625,133.63510131835938,127.67658996582031,86.52999877929688,118.6939697265625,25.65800666809082,682.1607055664062,68.50021362304688,274.0591735839844,142.13816833496094,99.77558135986328,13.012110710144043,32.86777114868164,35.61531448364258,17.650598526000977,158.34246826171875,51.33428192138672,112.1654281616211,244.20167541503906,57.54857635498047,305.3908996582031,102.764404296875,43.89780807495117,22.606910705566406,46.58668899536133,73.76690673828125,30.80202293395996
2021-10-12,227.33132934570312,156.62770080566406,191.97439575195312,90.3044662475586,98.02999877929688,135.09214782714844,130.3134765625,87.16000366210938,120.51177978515625,25.635210037231445,690.7283935546875,68.90589141845703,277.595458984375,145.6673126220703,100.12747192382812,13.043615341186523,33.191165924072266,36.09062957763672,17.86091423034668,160.39781188964844,51.97066879272461,115.0796127319336,251.646484375,57.53205871582031,309.1872253417969,104.4303970336914,44.487091064453125,22.915645599365234,46.81692886352539,74.16761016845703,30.942556381225586
2021-10-13,227.0133819580078,159.07601928710938,193.5000457763672,90.0400619506836,98.30000305175781,134.39532470703125,132.47702026367188,89.37999725341797,122.60145568847656,25.825159072875977,694.3847045898438,69.56819915771484,279.8381652832031,148.22341918945312,100.69215393066406,12.78368854522705,33.923095703125,36.073951721191406,18.087411880493164,162.57742309570312,52.09186553955078,116.48014068603516,256.504638671875,57.7136344909668,302.50201416015625,106.27461242675781,45.10957717895508,23.077726364135742,46.98748016357422,74.16761016845703,30.917757034301758
2021-10-14,230.1842803955078,161.76600646972656,196.9665985107422,90.40555572509766,101.06999969482422,135.630615234375,133.93911743164062,92.3499984741211,126.5259017944336,26.159461975097656,700.0238037109375,70.56996154785156,281.2744140625,151.47218322753906,101.13406372070312,12.980602264404297,34.28904342651367,37.34146499633789,18.111679077148438,165.5391387939453,52.7433967590332,118.07206726074219,263.424072265625,57.8869514465332,302.6593322753906,107.96385192871094,45.707157135009766,23.193500518798828,47.69527816772461,74.75532531738281,31.041759490966797
2021-10-15,231.43881225585938,162.40220642089844,195.4748992919922,90.95770263671875,101.47000122070312,133.7064208984375,132.61227416992188,93.80000305175781,125.32820892333984,26.319013595581055,710.7017822265625,70.0235595703125,279.77923583984375,150.87030029296875,101.50232696533203,13.216900825500488,34.19542694091797,37.42484664916992,18.2087459564209,164.58935546875,52.77369689941406,119.15943908691406,258.2021484375,58.31611251831055,302.6871337890625,108.65349578857422,44.769287109375,23.208938598632812,47.729393005371094,74.89781951904297,30.785486221313477
2021-10-18,230.2959747314453,163.3203582763672,194.94091796875,90.10227966308594,102.05000305175781,132.88287353515625,134.31947326660156,94.94000244140625,125.32820892333984,26.296226501464844,698.3141479492188,70.2139663696289,279.720458984375,151.85977172851562,101.24044799804688,13.303542137145996,34.27202606201172,37.52490997314453,18.54849624633789,165.42247009277344,53.29643630981445,121.60387420654297,260.4654846191406,58.64622116088867,299.4462890625,111.99320983886719,45.14277267456055,23.278404235839844,47.52473449707031,74.22994232177734,30.56229019165039
2021-10-19,234.506591796875,163.61831665039062,193.6695556640625,90.3122329711914,101.94000244140625,136.8976287841797,131.8431854248047,96.5199966430664,127.34139251708984,26.16705894470215,709.1373901367188,69.54338836669922,277.25103759765625,151.27430725097656,98.84263610839844,13.059368133544922,34.203941345214844,37.48322296142578,18.313913345336914,164.29779052734375,53.06159973144531,121.02105712890625,259.4793395996094,57.36701202392578,307.5760498046875,110.68365478515625,44.769287109375,23.24753189086914,47.66969299316406,74.86219024658203,30.396949768066406
2021-10-20,237.20484924316406,165.70420837402344,197.48361206054688,92.58306884765625,102.19999694824219,138.5763397216797,133.50811767578125,96.81999969482422,130.1021270751953,26.501365661621094,722.0255126953125,70.56996154785156,279.8800048828125,152.535888671875,100.10292053222656,13.16964054107666,34.45074462890625,37.9752082824707,18.799257278442383,166.33059692382812,54.061607360839844,124.76163482666016,260.6434326171875,58.72050094604492,311.4001159667969,112.32642364501953,45.41667556762695,23.347867965698242,48.5224723815918,75.31632995605469,30.843358993530273
2021-10-21,239.78282165527344,166.35653686523438,196.64451599121094,90.93437957763672,102.3499984741211,140.90444946289062,133.81236267089844,98.54000091552734,131.47824096679688,26.42538833618164,736.869140625,70.4457778930664,279.6868896484375,152.64309692382812,98.96537017822266,13.193270683288574,34.29755401611328,38.15032958984375,18.491870880126953,166.2888946533203,53.917659759521484,126.08386993408203,260.70001220703125,57.7796516418457,314.96502685546875,111.55154418945312,45.47477340698242,23.24753189086914,47.908477783203125,74.04296112060547,30.413484573364258
2021-10-22,244.4316864013672,167.7095947265625,197.28021240234375,91.63429260253906,103.91999816894531,141.83883666992188,134.4208526611328,99.29000091552734,133.2706298828125,26.379802703857422,746.7466430664062,70.71070861816406,281.6859436035156,153.3109893798828,98.78534698486328,13.303542137145996,34.79116439819336,38.358802795410156,18.57276153564453,168.13844299316406,54.35706329345703,125.26617431640625,263.787841796875,57.787906646728516,320.0205993652344,112.46588897705078,45.640769958496094,23.293838500976562,46.94484329223633,72.1640625,30.702823638916016
2021-10-25,244.5433807373047,168.2733612060547,197.28868103027344,91.19103240966797,104.9000015258789,140.6668701171875,133.4489288330078,99.19000244140625,133.1261749267578,26.16705894470215,748.3474731445312,70.5865249633789,281.2744140625,155.40541076660156,99.0226821899414,13.256284713745117,34.91881561279297,38.350460052490234,18.766904830932617,167.68853759765625,55.96315383911133,126.22307586669922,265.550048828125,58.10151672363281,323.35400390625,113.77543640136719,45.37517547607422,23.30156135559082,46.492881774902344,72.11062622070312,31.190568923950195
2021-10-26,246.5713653564453,168.3216552734375,198.67869567871094,92.30311584472656,104.58999633789062,142.5990447998047,134.615234375,99.73999786376953,133.57638549804688,26.64573097229004,756.596923828125,71.20744323730469,284.23101806640625,154.42416381835938,99.58734893798828,13.256284713745117,34.84222412109375,38.55894088745117,18.831619262695312,168.85491943359375,56.13740158081055,127.2060546875,264.2325134277344,58.96808624267578,327.9002990722656,113.4189682006836,45.76526641845703,23.293838500976562,46.416133880615234,71.62086486816406,30.388681411743164
2021-10-27,245.26522827148438,165.8330535888672,200.56028747558594,89.60454559326172,103.5199966430664,141.14991760253906,134.75050354003906,89.81999969482422,133.2706298828125,27.094005584716797,750.2028198242188,72.15125274658203,287.19610595703125,151.6041259765625,98.09791564941406,13.185393333435059,34.44223403930664,38.075279235839844,18.34626579284668,169.97129821777344,55.54646682739258,125.1443862915039,260.6434326171875,58.62971878051758,323.47430419921875,111.52828216552734,46.02256393432617,22.954238891601562,46.83399200439453,73.28606414794922,29.520668029785156
2021-10-28,245.77223205566406,165.8411102294922,202.73855590820312,88.78021240234375,105.0,144.0402069091797,137.63246154785156,87.56999969482422,135.9888458251953,27.458698272705078,770.6492309570312,72.86324310302734,290.39630126953125,159.63540649414062,98.8262710571289,13.287788391113281,35.22520446777344,38.70902633666992,18.394798278808594,171.8457794189453,55.41767501831055,127.58885192871094,268.06402587890625,58.497676849365234,326.8724060058594,114.0001449584961,46.69484329223633,23.154911041259766,47.34564971923828,73.66896057128906,30.09107780456543
2021-10-29,242.3006134033203,164.40756225585938,200.6026611328125,88.37580871582031,104.08000183105469,142.77325439453125,137.84375,86.05000305175781,134.0520782470703,26.98003387451172,761.3447875976562,71.53031921386719,285.5245056152344,162.74398803710938,98.49072265625,13.256284713745117,35.10604476928711,38.058597564697266,18.281553268432617,170.1295623779297,54.11463165283203,126.1012954711914,268.5167236328125,58.10978698730469,319.7520446777344,113.58171081542969,46.088951110839844,22.653223037719727,45.5121955871582,71.59415435791016,29.528942108154297
2021-11-01,242.41224670410156,165.10020446777344,199.26351928710938,89.07573699951172,101.2300033569336,143.7313690185547,136.5252685546875,85.1500015258789,134.27293395996094,27.033222198486328,755.3325805664062,70.4871826171875,282.6014709472656,162.50485229492188,100.06199645996094,13.587100982666016,34.995418548583984,38.30043411254883,18.516138076782227,167.7635498046875,53.86077117919922,125.90120697021484,268.0801696777344,58.860809326171875,321.66876220703125,115.73587036132812,45.673973083496094,22.79987335205078,46.93631362915039,73.41960906982422,30.570554733276367
2021-11-02,242.88490295410156,165.4384002685547,199.68731689453125,88.53913116455078,102.12000274658203,144.7528839111328,136.55064392089844,85.11000061035156,134.18798828125,26.881261825561523,761.1991577148438,69.89109802246094,282.34112548828125,166.59469604492188,101.87876892089844,13.681619644165039,35.352867126464844,38.92584991455078,18.96913719177246,169.4880828857422,54.71968460083008,127.90196228027344,272.98681640625,59.65310287475586,331.7984313964844,123.19793701171875,45.815067291259766,22.79214859008789,46.50994110107422,72.92095184326172,29.884414672851562
2021-11-03,241.12339782714844,167.12969970703125,200.6450653076172,91.04328155517578,104.81999969482422,144.84791564941406,138.02964782714844,84.41999816894531,134.63819885253906,26.55455780029297,762.0813598632812,70.05667114257812,281.8539733886719,164.43434143066406,105.1277084350586,14.020310401916504,35.31882095336914,40.21836853027344,19.422128677368164,169.4630584716797,54.94009780883789,128.44131469726562,268.9693298339844,61.38624572753906,325.9279479980469,128.81582641601562,45.7901725769043,22.931076049804688,46.774288177490234,73.74909210205078,31.63697052001953
2021-11-04,239.7054901123047,166.00218200683594,198.09385681152344,89.21572875976562,105.37999725341797,143.36709594726562,135.66326904296875,84.20999908447266,132.65048217773438,26.05309295654297,730.893310546875,69.16253662109375,278.846923828125,163.9890899658203,103.70375061035156,14.114829063415527,34.63797378540039,38.54225158691406,18.936777114868164,167.02203369140625,54.18000411987305,128.6326904296875,268.81585693359375,61.080867767333984,320.8076171875,128.4051513671875,44.94358444213867,22.506574630737305,45.01759338378906,71.65648651123047,31.52949333190918
2021-11-05,238.74302673339844,166.08273315429688,201.58583068847656,90.91883850097656,106.68000030517578,142.6386260986328,136.39012145996094,83.25,132.0643310546875,26.24471664428711,711.1837158203125,69.92420196533203,283.1306457519531,160.45994567871094,108.4830093383789,14.469276428222656,34.740108489990234,39.734718322753906,19.68907356262207,168.5800018310547,54.55244064331055,127.60621643066406,260.9990539550781,62.68196105957031,318.7149353027344,132.11679077148438,45.49138259887695,22.954238891601562,46.03239059448242,75.3341293334961,31.686561584472656
2021-11-08,239.54220581054688,166.4532012939453,202.04354858398438,92.11647033691406,106.0199966430664,142.51193237304688,136.79574584960938,83.06999969482422,132.56552124023438,26.060760498046875,715.7133178710938,70.15602111816406,284.2897644042969,162.79345703125,104.90673828125,14.477157592773438,34.57771682739258,39.276084899902344,18.863969802856445,168.0884246826172,54.32442855834961,128.8066864013672,261.4678955078125,60.626956939697266,322.2149963378906,129.7069091796875,45.54947280883789,22.83846092224121,44.77029037475586,75.47662353515625,31.190568923950195
2021-11-09,240.53895568847656,166.67062377929688,203.52679443359375,91.38545227050781,106.0199966430664,143.20875549316406,137.7169189453125,83.25,133.49139404296875,26.045429229736328,725.617919921875,70.91769409179688,286.120849609375,163.02430725097656,104.90673828125,14.437773704528809,34.637550354003906,39.67634582519531,18.807350158691406,168.74661254882812,53.936771392822266,129.13723754882812,262.7127990722656,60.82502746582031,323.5761413574219,129.78443908691406,45.831668853759766,22.568317413330078,45.043182373046875,76.03762817382812,31.041759490966797
2021-11-10,237.06735229492188,165.4384002685547,203.72171020507812,91.3154525756836,104.94000244140625,142.80491638183594,139.11146545410156,82.20999908447266,130.9091033935547,26.0530948638916,710.7199096679688,70.77694702148438,287.9267883300781,162.56259155273438,104.57122039794922,14.201475143432617,34.67173767089844,39.53458786010742,18.936777114868164,168.9548797607422,54.07360076904297,129.4156036376953,264.45068359375,61.36973571777344,317.150146484375,127.05685424804688,46.02256393432617,22.321334838867188,46.68901824951172,77.48018646240234,30.496150970458984
2021-11-11,234.1457061767578,165.56729125976562,204.28109741210938,91.92979431152344,105.37000274658203,143.05831909179688,140.60736083984375,81.6500015258789,130.53536987304688,26.198728561401367,704.5897827148438,71.20744323730469,289.0859069824219,163.58502197265625,105.61873626708984,14.02818775177002,34.654640197753906,39.91816711425781,19.252254486083984,169.52972412109375,55.04649353027344,129.5374298095703,265.9623718261719,62.02998352050781,317.5298156738281,128.1959228515625,46.37115478515625,22.491130828857422,46.79135513305664,75.8951416015625,30.430021286010742
2021-11-12,233.81915283203125,165.5431365966797,204.2726593017578,91.7665023803711,105.29000091552734,143.15333557128906,139.99880981445312,82.86000061035156,132.78640747070312,25.915130615234375,705.2446899414062,71.5634536743164,290.9842224121094,163.23046875,104.63668060302734,14.075446128845215,34.66318893432617,39.65132522583008,19.04193687438965,170.82102966308594,55.289756774902344,129.45042419433594,266.09161376953125,61.60907745361328,318.3075866699219,127.70000457763672,46.396060943603516,22.182409286499023,46.52699279785156,76.18008422851562,30.529218673706055
2021-11-15,223.8511199951172,165.93777465820312,208.01889038085938,93.83513641357422,104.58999633789062,144.737060546875,141.92578125,83.80999755859375,136.93170166015625,26.18340301513672,725.6636962890625,72.85496520996094,295.2176208496094,164.85484313964844,105.6596450805664,14.114829063415527,34.94520950317383,40.82710647583008,19.308879852294922,171.7041473388672,55.80394744873047,130.65957641601562,268.1528625488281,61.92267990112305,322.2891540527344,128.85459899902344,47.25923538208008,22.815303802490234,46.36496353149414,75.54331970214844,30.926025390625
2021-11-16,222.59652709960938,166.08273315429688,205.0185089111328,91.64985656738281,103.79000091552734,142.70193481445312,139.50022888183594,84.05999755859375,137.3649444580078,26.198728561401367,725.7822265625,71.7704086303711,290.3290100097656,163.90660095214844,105.14407348632812,13.721002578735352,34.620460510253906,39.75973129272461,19.066200256347656,170.39617919921875,56.015724182128906,130.0245361328125,265.2833251953125,61.394500732421875,321.65020751953125,127.75422668457031,46.586944580078125,22.66094207763672,46.03239059448242,75.33702850341797,31.711368560791016
2021-11-17,221.2990264892578,166.92837524414062,206.7220916748047,91.17546081542969,100.55000305175781,146.25743103027344,140.71725463867188,82.56999969482422,139.40362548828125,26.81958770751953,728.4295043945312,72.16780090332031,291.89971923828125,165.95977783203125,105.53690338134766,13.681619644165039,34.611907958984375,39.32611083984375,19.276517868041992,170.1962127685547,56.455020904541016,130.81617736816406,269.61602783203125,61.642093658447266,324.88714599609375,129.78443908691406,46.74464797973633,22.514291763305664,46.03239059448242,77.3281021118164,31.843637466430664
2021-11-18,222.52780151367188,166.2277069091797,208.6037139892578,92.76194763183594,99.61000061035156,145.17257690429688,140.09181213378906,81.37999725341797,139.56504821777344,26.69694709777832,723.7193603515625,72.86324310302734,294.50360107421875,167.64187622070312,106.2570571899414,13.634358406066895,35.090492248535156,39.53458786010742,19.478748321533203,169.9879608154297,55.72550582885742,130.9901580810547,271.4833068847656,61.699859619140625,320.203369140625,131.24893188476562,47.05174255371094,22.576040267944336,45.44397735595703,77.26530456542969,31.36417007446289
2021-11-19,224.26365661621094,166.38877868652344,205.12020874023438,90.9421615600586,99.69000244140625,145.4972381591797,140.50595092773438,81.56999969482422,140.65232849121094,26.221725463867188,719.78515625,71.23228454589844,291.8157958984375,166.6936492919922,105.52052307128906,13.429567337036133,34.962310791015625,38.86747360229492,19.308879852294922,167.738525390625,55.623538970947266,130.677001953125,268.1609802246094,60.90755844116211,319.9714660644531,129.20330810546875,46.603546142578125,21.966291427612305,43.78960418701172,75.50745391845703,31.446826934814453
2021-11-22,221.38491821289062,164.077392578125,202.04354858398438,91.86759948730469,99.0,144.0877685546875,140.69187927246094,80.08000183105469,138.61361694335938,25.968778610229492,709.4520263671875,70.55340576171875,289.8923034667969,164.83009338378906,106.2652359008789,13.453197479248047,34.82556915283203,38.984214782714844,19.527284622192383,168.53829956054688,55.45094680786133,131.2685089111328,266.09979248046875,60.88280487060547,318.8863525390625,130.171875,46.17195510864258,21.75790023803711,42.90274429321289,75.34600830078125,32.11643600463867
2021-11-23,225.1400604248047,166.26795959472656,205.73048400878906,91.69651794433594,103.83999633789062,145.44183349609375,141.62998962402344,80.26000213623047,140.25308227539062,26.229387283325195,711.4144897460938,71.74559783935547,295.15875244140625,165.2341766357422,106.82991027832031,13.74463176727295,35.16740798950195,39.067596435546875,19.559642791748047,172.55392456054688,54.83124923706055,132.72998046875,267.0617370605469,60.957088470458984,323.6443176269531,130.97772216796875,47.068336486816406,21.811925888061523,43.525245666503906,76.93347930908203,31.860170364379883
2021-11-24,228.13052368164062,169.4330291748047,209.23092651367188,91.8520278930664,104.23999786376953,147.80947875976562,144.25843811035156,79.69999694824219,141.18748474121094,26.58963966369629,728.05517578125,72.70594024658203,300.0724792480469,168.47470092773438,107.77921295166016,13.79977035522461,35.859649658203125,39.584617614746094,19.721426010131836,175.41981506347656,55.4117317199707,134.4088592529297,270.8366394042969,61.361480712890625,328.7547607421875,130.97772216796875,47.88172149658203,21.95085334777832,43.772552490234375,78.09042358398438,32.22391128540039
2021-11-26,225.88768005371094,164.6572723388672,202.8995819091797,86.85155487060547,98.08999633789062,145.30718994140625,141.12294006347656,77.58999633789062,139.95574951171875,25.984111785888672,724.6321411132812,69.76688385009766,286.1628723144531,163.9148406982422,102.25521850585938,12.9412202835083,35.16740798950195,38.93418502807617,18.799257278442383,169.5963897705078,54.49394989013672,130.3811798095703,264.3456726074219,58.811283111572266,325.592041015625,124.35253143310547,46.22174835205078,21.464601516723633,42.21198272705078,73.4715576171875,31.76097297668457
2021-11-29,229.38510131835938,165.30955505371094,204.07769775390625,85.8094711303711,97.95999908447266,147.1522674560547,142.70333862304688,79.98999786376953,143.37901306152344,26.106746673583984,748.5114135742188,71.38130950927734,291.0429992675781,167.42750549316406,103.10633850097656,12.933343887329102,35.26996994018555,39.07594680786133,18.831619262695312,174.9532470703125,54.752838134765625,133.33889770507812,268.28228759765625,58.39862823486328,329.7842102050781,123.93407440185547,47.69913101196289,21.711585998535156,41.887943267822266,73.57917785644531,32.03377151489258
2021-11-30,225.5526123046875,161.1297149658203,202.45883178710938,83.86524963378906,95.56999969482422,143.84225463867188,139.62698364257812,77.76000213623047,142.4871368408203,25.18695831298828,741.3916015625,70.62791442871094,285.11297607421875,164.91259765625,100.38935852050781,12.366229057312012,34.56062316894531,37.89182662963867,18.135944366455078,171.82911682128906,53.4665412902832,131.13804626464844,264.6366271972656,57.2266960144043,318.8677673339844,118.43243408203125,47.08494186401367,20.99378776550293,40.0118522644043,71.40873718261719,31.09136199951172
2021-12-01,222.51922607421875,159.61563110351562,195.02561950683594,81.88993835449219,95.0199966430664,142.9790802001953,137.37887573242188,75.2300033569336,138.32479858398438,24.918685913085938,733.404296875,68.4339828491211,275.6382751464844,164.53329467773438,99.13724517822266,12.098427772521973,34.0222282409668,37.6333122253418,17.796205520629883,167.738525390625,51.89213943481445,131.96446228027344,263.2220458984375,56.68199157714844,314.69403076171875,114.4650650024414,45.300479888916016,20.646459579467773,38.962947845458984,71.1755599975586,31.11615562438965
2021-12-02,228.78358459472656,163.17538452148438,202.0774383544922,85.9261245727539,99.91999816894531,147.00181579589844,142.2131805419922,78.70999908447266,140.7542724609375,25.692846298217773,728.9862670898438,70.79351043701172,286.4233093261719,169.37347412109375,104.24386596679688,12.43712043762207,35.32978820800781,39.21770477294922,18.71027946472168,173.2537384033203,53.151649475097656,134.33058166503906,270.7880554199219,59.33123016357422,322.80023193359375,117.673095703125,47.0185432434082,21.155872344970703,40.08007049560547,73.61504364013672,31.97981071472168
2021-12-03,229.40225219726562,163.21563720703125,201.68756103515625,85.71614074707031,98.54000091552734,146.38412475585938,141.37646484375,78.7699966430664,140.39749145507812,25.66985511779785,724.8056030273438,70.40438079833984,282.6939697265625,166.1329345703125,104.1211166381836,12.16931438446045,35.59471130371094,39.267738342285156,18.491870880126953,172.81214904785156,52.93911361694336,134.5393524169922,271.07110595703125,59.232177734375,323.4031677246094,115.60416412353516,46.87744140625,21.001508712768555,40.21651840209961,72.10831451416016,31.8303279876709
2021-12-06,231.64512634277344,165.92971801757812,204.14552307128906,88.21248626708984,101.0,148.72805786132812,143.5400390625,77.3499984741211,140.28704833984375,26.12207794189453,727.0328369140625,71.3316421508789,287.5740661621094,169.19207763671875,106.42071533203125,12.933343887329102,36.15022277832031,39.30109405517578,18.928688049316406,173.5453338623047,53.59248733520508,136.18348693847656,274.4338073730469,60.346343994140625,322.91156005859375,118.2464828491211,47.69913101196289,21.35654640197754,41.47008514404297,74.4760513305664,31.938278198242188
2021-12-07,237.86648559570312,169.7068634033203,204.45913696289062,89.57344055175781,102.30999755859375,152.15684509277344,144.80776977539062,78.81999969482422,142.21530151367188,26.198728561401367,741.9940795898438,71.32335662841797,289.7411193847656,172.08627319335938,107.79558563232422,13.059368133544922,36.45787811279297,40.07661437988281,19.098556518554688,179.1271514892578,53.83653259277344,138.5757293701172,275.04815673828125,61.179893493652344,333.9578552246094,121.07479858398438,48.95240020751953,21.765615463256836,42.14376449584961,76.03659057617188,32.677364349365234
2021-12-08,237.04161071777344,170.9954833984375,208.04432678222656,91.26101684570312,102.80999755859375,151.68170166015625,146.73471069335938,78.98999786376953,142.80140686035156,26.46700096130371,743.4545288085938,72.51551818847656,292.8069152832031,172.63050842285156,108.01654815673828,13.342927932739258,36.987735748291016,39.9515266418457,19.26966667175293,181.75144958496094,54.19862365722656,138.697509765625,277.5943908691406,61.33671569824219,332.95623779296875,122.004638671875,49.043701171875,22.22871208190918,43.06475067138672,76.86170196533203,32.78532028198242
2021-12-09,232.9254913330078,169.92433166503906,205.55247497558594,89.28571319580078,102.69999694824219,150.1533966064453,145.0613250732422,78.80000305175781,141.28091430664062,26.168067932128906,729.1597290039062,71.72073364257812,289.4471130371094,169.46417236328125,106.22431945800781,13.264161109924316,36.5091552734375,39.426177978515625,18.894861221313477,179.9936065673828,53.02568054199219,137.0620574951172,276.6971435546875,60.346343994140625,327.4006042480469,119.21685791015625,48.39631271362305,21.989444732666016,42.425174713134766,75.47157287597656,33.009552001953125
2021-12-10,234.22308349609375,170.68943786621094,207.54425048828125,88.73355102539062,103.69999694824219,152.9961700439453,146.7938690185547,78.23999786376953,141.9434814453125,25.899797439575195,728.3291015625,71.91117095947266,290.35418701171875,172.09454345703125,106.64167785644531,13.098749160766602,36.5177001953125,40.37680435180664,18.707462310791016,180.34347534179688,52.695072174072266,138.3843231201172,281.3046875,60.47015380859375,332.90057373046875,119.35783386230469,48.45441818237305,21.889108657836914,41.24836349487305,74.18006896972656,33.2337532043457
2021-12-13,237.1876678466797,172.38067626953125,210.25648498535156,88.50025939941406,104.08999633789062,157.2880859375,148.5348663330078,78.04000091552734,145.61312866210938,26.382688522338867,745.0155029296875,72.83013153076172,296.0574951171875,175.5082244873047,106.01154327392578,12.752182960510254,36.89372634887695,41.32743453979492,18.707462310791016,181.99307250976562,53.65546798706055,140.68128967285156,287.13287353515625,60.14826965332031,338.5488586425781,118.32414245605469,49.25949478149414,21.765615463256836,41.231300354003906,74.83479309082031,33.2586669921875
2021-12-14,234.94485473632812,170.72972106933594,207.01034545898438,88.87352752685547,102.8499984741211,155.48513793945312,146.60792541503906,77.26000213623047,143.0303192138672,26.068422317504883,735.5767822265625,72.07674407958984,290.3878479003906,173.98204040527344,104.81673431396484,12.657663345336914,36.01347732543945,40.786155700683594,18.446727752685547,181.03500366210938,52.97060012817383,138.62887573242188,286.3850402832031,59.30646896362305,337.13922119140625,118.19100952148438,48.62870407104492,21.341110229492188,40.694068908691406,73.71370697021484,32.29536819458008
2021-12-15,235.7526092529297,176.02903747558594,210.9599609375,89.94672393798828,104.54000091552734,157.16046142578125,150.21705627441406,78.06999969482422,145.7071990966797,26.398012161254883,745.855224609375,73.87328338623047,295.8559875488281,177.83892822265625,105.3404769897461,12.452873229980469,36.62880325317383,41.824806213378906,18.585247039794922,185.1172332763672,52.91548538208008,141.97386169433594,293.8720397949219,59.793514251708984,343.334716796875,119.06024932861328,49.48358917236328,21.395137786865234,41.68327713012695,74.39530944824219,32.77701950073242
2021-12-16,240.1522674560547,174.41827392578125,208.4257354736328,88.67133331298828,105.91999816894531,159.92872619628906,148.178955078125,77.97000122070312,147.09271240234375,26.63562774658203,751.15869140625,72.96257781982422,287.39764404296875,177.83892822265625,104.89856719970703,12.185070037841797,36.34677505493164,42.81279754638672,18.53635597229004,185.6920928955078,53.269744873046875,142.5764617919922,295.0914001464844,59.651973724365234,343.6315002441406,118.76268005371094,48.71170425415039,21.271642684936523,41.904998779296875,74.52984619140625,32.90988540649414
2021-12-17,239.62806701660156,173.4518280029297,207.25607299804688,88.81130981445312,101.75,160.62277221679688,145.7332305908203,78.69999694824219,146.70782470703125,26.765933990478516,750.5744018554688,72.5652084350586,287.06170654296875,178.4526824951172,105.99518585205078,12.374107360839844,36.66299057006836,43.27723693847656,18.593395233154297,183.40101623535156,53.356327056884766,140.7686004638672,294.067138671875,59.5687255859375,348.621337890625,118.0344009399414,48.10581588745117,21.317956924438477,42.21198272705078,74.6195297241211,32.918190002441406
2021-12-20,239.28440856933594,173.24241638183594,204.73033142089844,86.57160949707031,98.94999694824219,161.25303649902344,146.02195739746094,77.3499984741211,146.374267578125,26.742937088012695,750.6565551757812,71.80353546142578,283.122314453125,178.9918670654297,104.4402847290039,12.200821876525879,36.33823776245117,43.02391052246094,18.12896156311035,182.0763702392578,52.94697189331055,140.9519805908203,297.5058288574219,58.33655548095703,347.2115783691406,114.5418472290039,47.88172149658203,21.217618942260742,41.02664566040039,72.04551696777344,31.664247512817383
2021-12-21,238.76022338867188,175.1592254638672,207.79852294921875,89.27792358398438,103.2699966430664,158.42092895507812,146.4890594482422,78.3499984741211,145.28811645507812,26.965221405029297,734.4359741210938,72.83841705322266,286.1964416503906,178.93377685546875,107.43549346923828,13.279913902282715,37.039024353027344,43.49678421020508,19.05782127380371,181.95143127441406,54.10415267944336,140.42800903320312,294.1077880859375,60.7176399230957,345.70904541015625,120.96315002441406,48.32161331176758,22.066627502441406,41.97322082519531,74.1172866821289,31.938278198242188
2021-12-22,241.68190002441406,176.51223754882812,209.50213623046875,89.17681121826172,105.4800033569336,159.2187042236328,148.15347290039062,78.83000183105469,146.59661865234375,27.1491756439209,747.3521118164062,73.22750854492188,288.5987548828125,181.68751525878906,108.49122619628906,13.555594444274902,37.58597183227539,43.59812545776367,19.188186645507812,185.10890197753906,54.42690658569336,141.7118377685547,297.0668640136719,60.72597122192383,350.2073974609375,121.79322814941406,48.81130599975586,22.355850219726562,41.85383224487305,74.404296875,32.245548248291016
2021-12-23,240.71469116210938,175.27197265625,208.3070526123047,88.85797119140625,105.81999969482422,159.06715393066406,147.32977294921875,79.94000244140625,145.22825622558594,26.97288703918457,747.3795776367188,73.00399017333984,287.82598876953125,180.81661987304688,108.33572387695312,13.665863037109375,37.560333251953125,43.319454193115234,19.302255630493164,184.19244384765625,54.489898681640625,141.2664337158203,294.64434814453125,60.65934753417969,347.13739013671875,121.73839569091797,48.70341491699219,22.59035301208496,41.95616149902344,74.25182342529297,32.08776092529297
2021-12-27,246.7770233154297,177.26124572753906,211.6380157470703,90.13336181640625,107.79000091552734,163.34315490722656,149.93682861328125,79.95999908447266,148.38412475585938,27.36379623413086,762.3040771484375,73.99745178222656,291.0513916015625,183.92698669433594,110.16068267822266,13.76826286315918,38.05600357055664,44.3243408203125,19.57928466796875,187.14170837402344,55.843894958496094,144.8821563720703,299.8064270019531,61.23380661010742,355.5589294433594,124.06414031982422,49.32588577270508,22.88738441467285,42.52751159667969,75.37289428710938,32.93479919433594
2021-12-28,249.1345672607422,178.7833709716797,212.23980712890625,89.67455291748047,107.72000122070312,164.57968139648438,150.13217163085938,79.75,149.5472412109375,27.501766204833984,764.9512939453125,74.42798614501953,293.66363525390625,184.59051513671875,110.59442138671875,13.76826286315918,38.10728454589844,44.56078338623047,19.63631820678711,188.03309631347656,56.20600509643555,144.79478454589844,301.285888671875,61.49190139770508,356.8295593261719,123.54729461669922,49.33419418334961,22.848304748535156,42.740699768066406,75.99176025390625,33.100887298583984
2021-12-29,249.471435546875,180.05584716796875,214.05357360839844,89.88450622558594,108.58000183105469,165.3775177001953,150.87100219726562,79.8499984741211,149.88929748535156,27.670398712158203,768.5935668945312,74.96611022949219,295.839111328125,186.97103881835938,111.32274627685547,13.76826286315918,38.60294723510742,44.552330017089844,19.75853729248047,190.20755004882812,56.59957504272461,146.44546508789062,302.9117736816406,61.84989547729492,357.03369140625,124.32258605957031,49.64958953857422,23.020273208618164,43.20972442626953,76.33255767822266,33.781829833984375
2021-12-30,251.42308044433594,180.65489196777344,214.3094940185547,90.7629623413086,108.51000213623047,165.8721160888672,151.3125762939453,80.16999816894531,150.59918212890625,27.5937442779541,771.7791748046875,74.95781707763672,296.2422790527344,187.0953826904297,112.21478271484375,13.823396682739258,38.59440994262695,44.36655807495117,19.978530883789062,190.732421875,56.607452392578125,146.69874572753906,302.78173828125,62.266170501708984,360.38177490234375,125.32490539550781,49.69938278198242,23.40329360961914,43.79813766479492,77.04109954833984,34.02265930175781
2021-12-31,252.5975341796875,180.49298095703125,215.44390869140625,90.33942413330078,108.51000213623047,166.52627563476562,151.73715209960938,79.02999877929688,151.26625061035156,27.662729263305664,772.0988159179688,75.42706298828125,297.61968994140625,188.0575408935547,112.4374771118164,13.697373390197754,38.74824523925781,44.18922805786133,20.084449768066406,191.14894104003906,56.54977798461914,147.0393524169922,304.4888610839844,62.73239517211914,360.8084411621094,125.11347198486328,49.790687561035156,23.536176681518555,43.97880172729492,76.92449188232422,34.197052001953125
2022-01-03,247.3124542236328,177.9591522216797,215.46945190429688,94.0728530883789,108.66999816894531,165.728515625,149.84339904785156,78.83999633789062,149.74391174316406,27.693387985229492,763.2169189453125,75.893798828125,298.99688720703125,181.83677673339844,112.76740264892578,13.910039901733398,38.432037353515625,43.336341857910156,20.027416229248047,188.3914031982422,56.24172592163086,144.0175323486328,296.9449462890625,63.37345504760742,352.32196044921875,125.52851867675781,49.71598815917969,23.411108016967773,44.6756477355957,76.73616790771484,33.690494537353516
2022-01-04,244.19496154785156,178.76065063476562,217.60179138183594,97.20235443115234,110.30000305175781,161.26895141601562,149.73304748535156,77.37999725341797,144.6125030517578,28.09963607788086,743.6096801757812,76.88558959960938,301.3374328613281,183.7942352294922,114.9531478881836,14.106955528259277,38.56877899169922,42.85502624511719,20.557024002075195,189.44110107421875,57.07113265991211,140.6114044189453,296.74163818359375,64.82209014892578,342.6669616699219,127.62718963623047,50.454673767089844,23.567445755004883,45.837059020996094,79.05007934570312,34.122314453125
2022-01-05,228.477783203125,167.28953552246094,214.21566772460938,95.89250946044922,106.72000122070312,150.34751892089844,146.80325317382812,74.75,139.30148315429688,27.5937442779541,720.3053588867188,75.39372253417969,295.1692199707031,180.60093688964844,112.12406921386719,13.689496040344238,37.50905227661133,40.955039978027344,20.17407989501953,185.9669952392578,56.146942138671875,137.68565368652344,294.09149169921875,63.46503448486328,325.3323059082031,126.10015869140625,49.14329147338867,22.69196891784668,45.458526611328125,78.00970458984375,33.275264739990234
2022-01-06,228.75411987304688,169.87193298339844,214.88095092773438,97.88471221923828,105.70999908447266,153.5705108642578,145.1812744140625,73.6500015258789,137.5225372314453,27.563079833984375,707.5077514648438,75.61042022705078,294.84814453125,180.52626037597656,112.16529083251953,13.665863037109375,37.389404296875,39.494171142578125,20.304445266723633,184.03419494628906,56.4075927734375,136.74241638183594,296.9936828613281,63.63988494873047,323.848388671875,127.76815795898438,49.15989685058594,22.66069984436035,45.837059020996094,78.59268951416016,33.5410041809082
2022-01-07,230.2135009765625,169.19195556640625,212.27096557617188,98.53572082519531,104.77999877929688,155.34951782226562,141.72494506835938,71.87999725341797,137.74488830566406,27.57075309753418,707.3798217773438,74.71862030029297,290.927490234375,172.8954620361328,110.82910919189453,14.343250274658203,36.68008041381836,39.51106262207031,20.165925979614258,180.30186462402344,56.4075927734375,134.26205444335938,289.32781982421875,63.057071685791016,322.6797180175781,126.28812408447266,48.61124038696289,22.316762924194336,46.12957000732422,78.77204132080078,33.499488830566406
2022-01-10,228.33949279785156,168.23670959472656,212.0747528076172,98.12785339355469,103.4000015258789,152.11058044433594,140.53604125976562,71.51000213623047,136.18838500976562,27.46343994140625,697.6948852539062,74.7436294555664,291.5274353027344,172.9452362060547,110.66415405273438,13.980929374694824,36.44078826904297,39.41817855834961,20.47554588317871,178.868896484375,56.58136749267578,133.6419677734375,292.5063781738281,63.50666046142578,317.7362060546875,125.98272705078125,48.444210052490234,22.44183349609375,45.69941329956055,78.51195526123047,33.34170913696289
2022-01-11,224.9542999267578,168.8843231201172,212.5609893798828,96.84153747558594,105.27999877929688,149.65350341796875,140.68045043945312,75.29000091552734,136.00877380371094,27.532421112060547,700.0224609375,75.4687271118164,292.39776611328125,174.23085021972656,110.60643005371094,14.24085807800293,36.88517761230469,39.164859771728516,20.402217864990234,177.93580627441406,56.31281661987305,133.61578369140625,294.9695129394531,63.59825134277344,316.9107666015625,126.72662353515625,48.63629150390625,22.637250900268555,44.85630798339844,77.42674255371094,33.82335662841797
2022-01-12,224.00442504882812,169.97718811035156,213.84889221191406,96.88076782226562,106.4800033569336,151.1133575439453,143.2959747314453,74.80999755859375,135.94036865234375,27.5937442779541,697.8135986328125,75.82711791992188,294.9833068847656,175.59942626953125,110.91983795166016,14.12270736694336,37.141578674316406,39.48572540283203,20.46739959716797,180.56011962890625,56.77098083496094,133.8341064453125,298.69268798828125,63.63988494873047,313.9613952636719,126.80493927001953,49.1958122253418,22.51999855041504,44.589622497558594,77.40880584716797,34.08909606933594
2022-01-13,220.59324645996094,169.896240234375,214.14744567871094,98.59847259521484,105.68000030517578,149.4859161376953,143.24502563476562,74.0199966430664,134.80287170410156,27.816028594970703,682.8980102539062,76.23548889160156,293.8594970703125,171.36936950683594,111.89311218261719,14.232975006103516,37.27830505371094,38.59062576293945,20.557024002075195,183.2964630126953,56.63668441772461,133.75547790527344,296.21331787109375,64.13941192626953,309.9454650878906,127.63500213623047,49.2542610168457,22.19951629638672,45.518741607666016,78.6644058227539,34.59565734863281
2022-01-14,216.43080139160156,170.22813415527344,212.10890197753906,98.10431671142578,103.83000183105469,146.90911865234375,140.6209716796875,74.52999877929688,133.31478881835938,27.655073165893555,681.6566772460938,75.70209503173828,290.6318054199219,168.88104248046875,109.58365631103516,14.130584716796875,37.081748962402344,37.805301666259766,20.37777328491211,180.1146697998047,56.478702545166016,133.39744567871094,294.1077880859375,63.107032775878906,302.6090087890625,121.92631530761719,48.92022705078125,22.308948516845703,45.535953521728516,78.48503875732422,34.03096389770508
2022-01-18,216.09400939941406,167.88861083984375,211.51182556152344,96.8101806640625,101.41000366210938,146.78945922851562,139.83969116210938,73.1500015258789,133.30621337890625,27.655073165893555,678.1695556640625,75.21869659423828,289.583984375,166.0609893798828,107.24121856689453,13.941547393798828,36.97065353393555,37.2310905456543,20.247411727905273,179.31922912597656,55.080562591552734,134.00006103515625,292.43316650390625,62.274505615234375,302.3957214355469,120.5089340209961,48.78660202026367,21.965015411376953,45.002559661865234,78.18907165527344,32.61923599243164
2022-01-19,215.03175354003906,167.03858947753906,209.79742431640625,94.15129089355469,98.88999938964844,146.14328002929688,137.99691772460938,73.1500015258789,132.5022735595703,27.36379623413086,666.8051147460938,74.36023712158203,286.8294677734375,164.56797790527344,103.6120834350586,13.665863037109375,36.62025451660156,36.51332092285156,19.73409652709961,175.13265991210938,54.16425704956055,134.13978576660156,290.2464599609375,60.70930480957031,297.9346008300781,116.35860443115234,47.98491287231445,21.730506896972656,43.67769241333008,76.70925903320312,32.536190032958984
2022-01-20,212.38919067382812,160.5542449951172,207.57977294921875,91.47671508789062,99.70999908447266,144.91468811035156,134.6000518798828,72.30000305175781,132.9042510986328,26.78892707824707,666.8232421875,73.6351318359375,283.7200622558594,162.05479431152344,101.78099822998047,13.618607521057129,35.75709533691406,35.964439392089844,19.277812957763672,170.77024841308594,53.1768684387207,134.62014770507812,286.4906921386719,58.7444953918457,293.8257751464844,115.4501953125,47.341888427734375,21.55072593688965,44.16807174682617,77.11282348632812,31.7971134185791
2022-01-21,211.3701629638672,159.13755798339844,206.41128540039062,89.75904083251953,101.51000213623047,145.3933868408203,133.90370178222656,70.91999816894531,132.5194091796875,26.8579158782959,658.6719360351562,73.39344787597656,280.5936584472656,162.13772583007812,101.63253021240234,13.421693801879883,35.791282653808594,36.606204986572266,19.302255630493164,169.88270568847656,53.65082550048828,135.7467498779297,287.2466735839844,58.26995086669922,289.6892395019531,115.08216857910156,47.04124450683594,21.245872497558594,45.14881896972656,78.48503875732422,31.564590454101562
2022-01-24,214.51361083984375,158.06900024414062,205.03797912597656,90.22178649902344,100.75,146.4783477783203,134.16697692871094,69.6500015258789,131.62997436523438,26.719942092895508,667.12451171875,73.62681579589844,281.2865905761719,161.73960876464844,101.46757507324219,13.390186309814453,35.62889862060547,37.46753692626953,19.36744499206543,169.80734252929688,54.037864685058594,133.8952178955078,286.25506591796875,59.019248962402344,302.8594665527344,114.4087142944336,46.92433166503906,21.496007919311523,44.49498748779297,77.1487045288086,32.262149810791016
2022-01-25,216.35305786132812,157.17848205566406,205.98480224609375,89.6100082397461,95.86000061035156,145.3375244140625,132.2732391357422,67.04000091552734,130.56947326660156,26.94989585876465,656.9284057617188,73.02671813964844,279.29241943359375,162.1294403076172,102.88624572753906,13.421693801879883,35.12467956542969,37.17197799682617,19.742237091064453,166.78463745117188,54.44075012207031,134.46292114257812,286.5557556152344,58.88602828979492,301.9320068359375,114.94122314453125,46.76565933227539,21.66797637939453,44.68424987792969,76.70925903320312,31.946584701538086
2022-01-26,209.50485229492188,153.58419799804688,205.13182067871094,89.91590881347656,96.72000122070312,141.1253204345703,131.1692657470703,65.9800033569336,126.34457397460938,26.58963966369629,635.166748046875,72.83502197265625,277.0955810546875,160.1222381591797,101.93770599365234,13.429567337036133,34.7401008605957,37.39153289794922,19.57928466796875,166.6171417236328,53.65869903564453,132.50660705566406,283.04388427734375,58.63627624511719,292.8612365722656,114.00151062011719,46.506778717041016,21.496007919311523,44.1336555480957,75.20249938964844,31.622726440429688
2022-01-27,204.17652893066406,150.20034790039062,202.32566833496094,86.64522552490234,95.37000274658203,136.87322998046875,127.8148422241211,65.81999969482422,124.23213195800781,26.321359634399414,623.4735717773438,72.23494720458984,271.02032470703125,157.87445068359375,101.1046371459961,13.067245483398438,34.27861022949219,36.86798095703125,19.06597137451172,164.21409606933594,53.52442932128906,129.7904510498047,281.48309326171875,58.086788177490234,283.9759826660156,112.67809295654297,45.60487365722656,21.566356658935547,43.90998077392578,74.81682586669922,31.46493911743164
2022-01-28,213.1060028076172,153.45468139648438,207.5712432861328,88.8648910522461,98.33000183105469,144.140869140625,134.4556884765625,67.37000274658203,127.32806396484375,26.781261444091797,645.8740844726562,74.08521270751953,280.6444396972656,163.32386779785156,103.47184753417969,13.216900825500488,35.543434143066406,37.99951934814453,19.717798233032227,171.44845581054688,54.890995025634766,135.43234252929688,293.1159973144531,59.26899719238281,294.7161560058594,114.64363098144531,47.09970474243164,22.06662940979004,44.288509368896484,75.39083099365234,32.9265022277832
2022-01-31,217.19070434570312,157.72898864746094,208.31329345703125,87.90801239013672,101.33999633789062,145.60079956054688,135.95030212402344,70.16000366210938,127.62738800048828,27.110858917236328,661.7024536132812,73.95185089111328,280.9485168457031,164.38551330566406,105.15445709228516,13.657991409301758,35.87673568725586,38.77640151977539,19.76668357849121,173.0561065673828,55.02336883544922,136.9607696533203,291.4577331542969,59.735233306884766,301.8392333984375,115.27009582519531,47.467140197753906,22.37148094177246,45.61338806152344,77.69580078125,33.5742301940918
2022-02-01,216.02484130859375,158.08518981933594,208.5265350341797,90.57474517822266,101.52999877929688,144.05313110351562,135.44931030273438,70.51000213623047,126.35313415527344,26.735273361206055,652.9301147460938,73.4267807006836,280.0951232910156,163.8629913330078,104.3213882446289,13.681619644165039,35.7400016784668,38.945289611816406,19.685205459594727,171.85874938964844,54.8013916015625,134.07867431640625,288.86444091796875,59.676937103271484,298.99188232421875,115.39539337158203,47.05794906616211,22.44183349609375,45.08859634399414,75.9289779663086,33.74031066894531
2022-02-02,217.91612243652344,159.41281127929688,214.6250762939453,90.61394500732422,103.2300033569336,146.78945922851562,138.5234375,71.0,127.62738800048828,26.59730339050293,654.080322265625,76.6772232055664,285.8916015625,171.5352020263672,104.56059265136719,13.531965255737305,36.40660095214844,39.384395599365234,19.98667335510254,177.5357208251953,55.3325080871582,137.40615844726562,301.07452392578125,59.80183410644531,300.1048583984375,117.1103744506836,48.402462005615234,22.488737106323242,44.942352294921875,76.09937286376953,34.4378776550293
2022-02-03,216.49984741210938,155.25991821289062,213.41390991210938,89.14724731445312,102.12000274658203,144.93862915039062,140.29827880859375,68.22000122070312,125.72025299072266,26.060760498046875,650.7576293945312,76.33551025390625,278.6502990722656,169.65240478515625,102.81200408935547,13.453197479248047,36.235679626464844,38.751060485839844,19.587430953979492,178.3647003173828,54.436744689941406,136.6288604736328,298.6114196777344,59.21905517578125,298.3704528808594,113.98584747314453,48.043373107910156,22.136981964111328,44.07343292236328,74.22492980957031,34.313316345214844
2022-02-04,212.81239318847656,154.3046417236328,210.9318389892578,88.394287109375,101.2300033569336,143.8377227783203,141.17295837402344,68.55000305175781,124.14659881591797,25.309595108032227,640.9357299804688,75.11033630371094,276.2843933105469,167.0977783203125,101.319091796875,13.752506256103516,36.26131820678711,38.53996276855469,19.41632843017578,177.95440673828125,54.05624771118164,134.05245971679688,294.9695129394531,58.486412048339844,298.2313232421875,113.68826293945312,47.600765228271484,21.996278762817383,43.04106521606445,72.13520812988281,33.62405014038086
2022-02-07,212.66555786132812,151.83558654785156,208.4327392578125,89.2962646484375,102.19000244140625,144.30841064453125,137.74215698242188,69.4000015258789,124.90776824951172,24.949344635009766,637.2844848632812,74.63528442382812,273.0904846191406,165.67942810058594,101.06341552734375,14.0518217086792,35.611812591552734,38.22751998901367,19.391883850097656,176.1123046875,53.93732833862305,132.79483032226562,294.88824462890625,58.20334243774414,298.2406005859375,116.61702728271484,47.032894134521484,22.02754783630371,43.531436920166016,72.40425109863281,34.03096389770508
2022-02-08,211.85379028320312,151.34181213378906,205.12330627441406,89.2335205078125,103.83999633789062,141.59600830078125,137.75064086914062,69.05000305175781,122.79534149169922,25.00299835205078,630.3197631835938,72.6683349609375,266.9306945800781,165.1900634765625,101.27787017822266,14.31174373626709,35.714359283447266,37.788414001464844,19.652612686157227,175.50946044921875,53.54890060424805,132.043701171875,294.6361999511719,58.66956329345703,295.24481201171875,111.22938537597656,46.515140533447266,22.01191520690918,43.36798095703125,71.74059295654297,34.703617095947266
2022-02-09,215.80035400390625,154.7418212890625,212.16860961914062,91.39828491210938,106.0,143.31118774414062,142.53167724609375,71.04000091552734,125.65181732177734,25.600873947143555,655.9607543945312,75.27703857421875,277.644775390625,170.30764770507812,104.32964324951172,14.532291412353516,36.59461975097656,38.90306854248047,20.125186920166016,181.31201171875,54.349544525146484,135.6943817138672,300.1234436035156,60.15982437133789,302.6368408203125,112.05165100097656,47.60911560058594,22.5590877532959,44.6756477355957,73.36392211914062,35.35133743286133
2022-02-10,209.4271240234375,149.93319702148438,206.41128540039062,90.65316009521484,104.20999908447266,138.0539093017578,139.4066162109375,69.83999633789062,119.91316986083984,24.881563186645508,627.7637329101562,72.48497009277344,270.0908508300781,164.9412078857422,102.27588653564453,14.603178977966309,36.081851959228516,37.805301666259766,19.66890525817871,177.0919647216797,53.30314636230469,129.6332244873047,291.9128723144531,58.694541931152344,295.0129699707031,112.74858856201172,46.01406478881836,22.17606544494629,44.1336555480957,72.35942077636719,34.7285270690918
2022-02-11,204.58241271972656,150.28936767578125,205.27684020996094,92.29241943359375,101.51000213623047,134.7272186279297,140.918212890625,65.98999786376953,116.56061553955078,25.09813117980957,612.9761962890625,71.99324035644531,269.27972412109375,163.33212280273438,99.16635131835938,14.225104331970215,35.9358024597168,37.51820373535156,19.514101028442383,176.5309600830078,53.501319885253906,127.7817153930664,291.1650695800781,55.63909149169922,289.3831481933594,111.06493377685547,46.14768600463867,22.08226203918457,43.65188980102539,71.84820556640625,34.51260757446289
2022-02-14,202.32847595214844,148.6460418701172,203.12742614746094,91.72771453857422,98.20999908447266,133.6901092529297,137.59776306152344,65.98999786376953,116.43235778808594,24.827425003051758,611.022705078125,71.6098403930664,267.30255126953125,161.08438110351562,97.42603302001953,14.12270736694336,35.56638717651367,36.859535217285156,18.984487533569336,173.80970764160156,53.025672912597656,126.93456268310547,289.1083984375,54.248741149902344,286.9160461425781,109.5535888671875,45.60487365722656,22.01191520690918,43.0668830871582,71.4535903930664,33.97283935546875
2022-02-15,201.55125427246094,149.90892028808594,204.67127990722656,94.04148864746094,99.9800033569336,132.11053466796875,138.10731506347656,67.69000244140625,116.76586151123047,24.711408615112305,614.6739501953125,71.94324493408203,268.8572082519531,159.400634765625,98.14361572265625,14.74495792388916,35.52344512939453,36.9439811706543,19.3348445892334,174.4544219970703,53.15251922607422,127.1790771484375,285.81597900390625,55.08128356933594,286.6471252441406,110.66558074951172,45.730140686035156,22.5590877532959,43.798133850097656,72.78993225097656,34.736820220947266
2022-02-16,200.6358642578125,151.4551239013672,204.594482421875,96.14350891113281,101.6500015258789,131.3686065673828,139.0753936767578,67.29000091552734,115.11528778076172,24.765552520751953,614.8566284179688,71.86823272705078,269.6937255859375,158.22279357910156,98.73746490478516,15.209677696228027,34.75025939941406,37.16353225708008,19.774831771850586,174.71397399902344,53.46167755126953,126.09613800048828,285.9216613769531,56.00541305541992,281.7963562011719,112.65462493896484,45.989013671875,22.496553421020508,45.097198486328125,75.2383804321289,34.761741638183594
2022-02-17,197.4751739501953,150.58082580566406,201.41302490234375,95.70428466796875,99.80000305175781,130.3314971923828,137.42794799804688,65.6500015258789,117.81781005859375,24.641803741455078,631.314697265625,70.78475189208984,265.8238525390625,156.5390625,97.64871215820312,15.201794624328613,33.7451171875,36.7919807434082,19.457061767578125,171.7247772216797,53.2080192565918,125.13544464111328,281.3205261230469,55.547523498535156,274.51568603515625,112.50582885742188,45.28752899169922,21.816492080688477,44.6756477355957,73.66885375976562,33.695064544677734
2022-02-18,197.2765350341797,150.25701904296875,200.5174560546875,95.06111907958984,99.69000244140625,129.50978088378906,137.4874267578125,64.94999694824219,115.62841796875,24.5412540435791,632.5286865234375,70.3096694946289,266.525146484375,155.5022735595703,97.39303588867188,15.052144050598145,33.1781120300293,36.31910705566406,19.391883850097656,171.18052673339844,52.81957244873047,124.49784851074219,279.2882080078125,55.364356994628906,269.7298889160156,110.37582397460938,45.2958869934082,21.824312210083008,45.544551849365234,74.31460571289062,33.703670501708984
2022-02-22,197.21607971191406,151.85179138183594,201.50686645507812,95.06895446777344,99.16999816894531,130.15594482421875,138.77818298339844,62.939998626708984,116.3125991821289,24.57992172241211,621.4197387695312,70.5597152709961,267.412353515625,153.67750549316406,97.58272552490234,14.642561912536621,33.3327522277832,36.040443420410156,19.28596305847168,172.32763671875,52.35185241699219,124.34063720703125,278.3290100097656,55.480918884277344,275.535888671875,108.10488891601562,45.5798225402832,21.347490310668945,45.51015090942383,74.404296875,33.10150909423828
2022-02-23,196.42156982421875,150.37033081054688,199.91188049316406,92.864990234375,96.05000305175781,127.5871353149414,137.67420959472656,53.5,113.08834838867188,23.883827209472656,615.358642578125,69.78460693359375,265.1394348144531,154.7806396484375,95.50422668457031,14.44565200805664,32.1472053527832,35.668888092041016,18.8867130279541,168.9867706298828,51.72559356689453,122.93450927734375,287.32806396484375,54.30702590942383,270.2214660644531,104.98820495605469,44.97018814086914,21.08172035217285,44.14226150512695,72.54776763916016,32.06922149658203
2022-02-24,200.13499450683594,153.88369750976562,201.60919189453125,94.12776184082031,93.83999633789062,131.6318817138672,138.37059020996094,60.599998474121094,114.89290618896484,23.89156150817871,643.9845581054688,70.53470611572266,267.43768310546875,157.37680053710938,96.71671295166016,14.563796043395996,32.009761810302734,38.36262893676758,19.408184051513672,171.08006286621094,52.11403274536133,125.1791000366211,285.8484191894531,54.86482238769531,280.3773193359375,107.92477416992188,45.36269760131836,21.519460678100586,44.73587417602539,73.56124877929688,32.88644027709961
2022-02-25,201.78445434570312,156.78990173339844,208.15980529785156,96.83369445800781,98.62999725341797,133.6901092529297,142.7440185546875,61.70000076293945,117.93756103515625,24.471643447875977,653.341064453125,72.72669219970703,274.2903137207031,161.05947875976562,99.26532745361328,14.768586158752441,33.53893280029297,41.09859848022461,19.897050857543945,175.76065063476562,53.42998123168945,129.65069580078125,294.84759521484375,55.98876953125,284.61590576171875,109.39698791503906,46.799076080322266,21.941564559936523,46.628536224365234,75.61506652832031,33.72087478637695
2022-02-28,195.92068481445312,153.3251190185547,203.50274658203125,95.93172454833984,96.8499984741211,132.90029907226562,140.2133331298828,61.0099983215332,115.38895416259766,24.023048400878906,647.8549194335938,71.09312438964844,267.9953308105469,156.0579833984375,96.98062896728516,14.390509605407715,32.47365951538086,41.529258728027344,19.171890258789062,171.3228759765625,52.58419418334961,127.3799819946289,288.60430908203125,54.85651397705078,281.3882751464844,107.72114562988281,45.82199478149414,21.85557746887207,46.45647430419922,75.24465942382812,33.44559860229492
2022-03-01,197.37152099609375,152.03794860839844,199.74130249023438,94.77875518798828,95.54000091552734,134.0331573486328,139.1009063720703,59.83000183105469,114.70475769042969,23.783281326293945,648.8316040039062,69.70126342773438,266.8546447753906,158.73704528808594,96.00736236572266,13.721002578735352,32.172977447509766,41.94302749633789,18.67487335205078,170.50230407714844,52.369380950927734,127.30135345458984,291.823486328125,53.99065017700195,293.72381591796875,105.40324401855469,45.354339599609375,21.816492080688477,45.974708557128906,74.38642120361328,33.22193908691406
2022-03-02,199.48731994628906,153.51943969726562,205.2853546142578,96.39447784423828,97.98999786376953,138.1735382080078,141.9117889404297,59.720001220703125,115.72248840332031,24.363365173339844,647.6085205078125,71.25981140136719,276.174560546875,160.6779022216797,98.44877624511719,14.114829063415527,33.418663024902344,42.62702178955078,19.36744499206543,173.99391174316406,52.5921516418457,128.9432830810547,296.9530334472656,55.49757385253906,297.8511047363281,108.668701171875,46.59029006958008,22.51999855041504,48.280330657958984,76.20227813720703,33.970340728759766
2022-03-03,203.14889526367188,155.5918426513672,207.3494873046875,96.0886001586914,95.38999938964844,140.27967834472656,142.7440185546875,58.59000015258789,117.37315368652344,24.912498474121094,657.9781494140625,72.25163269042969,278.9966735839844,161.93870544433594,99.07563781738281,13.854907035827637,33.203887939453125,43.68255615234375,19.457061767578125,175.97833251953125,53.00589370727539,130.6376190185547,303.1882019042969,56.30513000488281,302.386474609375,109.16986846923828,46.99949645996094,22.308948516845703,48.56422805786133,77.12377166748047,33.84935760498047
2022-03-04,205.77418518066406,157.58328247070312,210.96597290039062,96.59841918945312,89.70999908447266,142.88040161132812,146.3786163330078,57.91999816894531,119.08358001708984,25.492582321166992,660.9117431640625,73.8518295288086,287.41253662109375,166.62496948242188,99.03438568115234,13.594975471496582,33.67639923095703,44.02878189086914,19.3348445892334,179.40292358398438,53.165035247802734,131.738037109375,306.7650146484375,56.430023193359375,306.9033203125,107.19649505615234,48.47761535644531,21.785228729248047,48.142677307128906,78.66858673095703,33.961692810058594
2022-03-07,200.36817932128906,153.35752868652344,208.61184692382812,94.99051666259766,86.45999908447266,141.0295867919922,144.51882934570312,53.27000045776367,116.41524505615234,24.87383460998535,644.547607421875,73.15174102783203,289.9473571777344,166.09413146972656,95.76815032958984,13.051491737365723,32.86884689331055,43.125244140625,18.87856674194336,177.552490234375,51.45438003540039,130.0524444580078,305.7813720703125,54.906455993652344,307.8307189941406,100.44631958007812,48.10182571411133,20.933204650878906,48.10826873779297,78.5240249633789,33.24442672729492
2022-03-08,196.87063598632812,154.45848083496094,204.66273498535156,95.72781372070312,84.8499984741211,138.69210815429688,142.20899963378906,54.310001373291016,114.16595458984375,24.850624084472656,624.69970703125,71.74320983886719,284.61566162109375,163.0584259033203,97.90440368652344,13.736756324768066,33.1781120300293,42.84657287597656,19.29410743713379,174.3120880126953,51.637393951416016,128.3756103515625,298.5057067871094,56.39671325683594,301.3384094238281,102.88953399658203,47.250030517578125,20.99574089050293,49.777259826660156,79.79784393310547,33.28765106201172
2022-03-09,201.30946350097656,155.5999298095703,208.50950622558594,97.2729263305664,87.7699966430664,138.77987670898438,143.50830078125,57.02000045776367,115.84221649169922,24.927968978881836,645.5834350585938,73.16008758544922,289.288330078125,164.20303344726562,98.48177337646484,14.232975006103516,33.82242965698242,43.14213180541992,19.6555118560791,177.2593994140625,51.852203369140625,131.42361450195312,300.4811096191406,56.92954635620117,303.1974792480469,105.13386535644531,47.826236724853516,21.472558975219727,49.734249114990234,80.18629455566406,33.69380187988281
2022-03-10,201.04176330566406,154.9280242919922,208.1342010498047,98.01805114746094,87.87999725341797,140.54295349121094,143.4488525390625,56.08000183105469,115.70536041259766,25.252817153930664,647.6737670898438,72.92671203613281,289.5925598144531,162.80128479003906,98.6219711303711,14.37475872039795,33.856807708740234,43.395450592041016,19.589799880981445,176.81564331054688,51.573734283447266,131.94764709472656,300.5137023925781,56.47165298461914,305.6048889160156,105.16558837890625,47.851295471191406,21.37876319885254,50.63755798339844,81.70402526855469,34.653018951416016
2022-03-11,202.803466796875,152.53988647460938,205.66065979003906,96.81803131103516,87.56999969482422,138.5166015625,141.11349487304688,55.43000030517578,116.03893280029297,25.06719398498535,635.81982421875,72.34330749511719,283.9228210449219,162.99205017089844,97.68995666503906,14.193595886230469,33.89116287231445,42.669246673583984,19.474809646606445,174.5548553466797,51.995426177978516,129.10923767089844,297.5221252441406,55.64742660522461,298.26171875,103.13536834716797,47.30012893676758,21.206790924072266,50.32785415649414,82.39965057373047,34.23822021484375
2022-03-14,202.8811798095703,152.53988647460938,204.1254119873047,96.31604766845703,87.4000015258789,139.0074462890625,139.77175903320312,55.95000076293945,114.42514038085938,24.982114791870117,626.6981201171875,71.99324035644531,282.21600341796875,159.93299865722656,95.95787048339844,14.099077224731445,33.590484619140625,41.061161041259766,19.096975326538086,172.00108337402344,51.62148666381836,130.27951049804688,292.70953369140625,54.80281448364258,298.09442138671875,101.66032409667969,46.782371520996094,20.925390243530273,49.734249114990234,82.1828384399414,33.50368881225586
2022-03-15,203.986572265625,154.42608642578125,204.89305114746094,96.20626831054688,87.56999969482422,138.99935913085938,140.75685119628906,57.84000015258789,116.6343994140625,25.252817153930664,643.2366333007812,72.83502197265625,283.2890625,158.54551696777344,97.09832763671875,14.295989990234375,33.93411636352539,41.616851806640625,19.42552947998047,172.13507080078125,51.81243133544922,132.6114044189453,290.314453125,55.769283294677734,299.5258483886719,102.20751953125,47.51725387573242,21.089536666870117,50.086971282958984,81.48719024658203,34.108604431152344
2022-03-16,206.9400177001953,155.122314453125,207.27272033691406,97.08468627929688,90.97000122070312,139.5142822265625,141.5296630859375,59.529998779296875,117.4283676147461,25.631797790527344,645.4551391601562,73.52678680419922,289.32208251953125,161.65476989746094,97.98074340820312,14.855232238769531,34.19184875488281,41.98447036743164,19.60623550415039,174.02737426757812,52.19432830810547,134.9956817626953,292.4234924316406,55.99618911743164,302.8907165527344,104.15048217773438,47.600765228271484,21.331857681274414,50.362266540527344,81.94794464111328,33.935768127441406
2022-03-17,211.69834899902344,157.06517028808594,209.79742431640625,97.837646484375,91.05000305175781,142.3463897705078,142.47225952148438,62.54999923706055,119.2838134765625,25.724618911743164,659.93994140625,74.44359588623047,289.6009521484375,163.84458923339844,97.9224853515625,14.83947467803955,34.965030670166016,42.37771987915039,19.61444091796875,175.55130004882812,52.90248489379883,137.5238800048828,299.0122985839844,56.668514251708984,306.803955078125,104.40425109863281,47.993263244628906,21.738330841064453,50.97307586669922,83.12236785888672,34.14316177368164
2022-03-18,209.4444122314453,158.3765869140625,209.294189453125,97.68862915039062,91.08999633789062,140.70506286621094,139.9076385498047,65.20999908447266,119.94829559326172,25.647275924682617,671.307861328125,74.17689514160156,288.6376953125,162.49891662597656,97.71434783935547,14.989136695861816,34.956443786621094,42.292236328125,19.72943878173828,173.13148498535156,53.212772369384766,140.59640502929688,298.9550476074219,56.735748291015625,307.3244934082031,103.76187896728516,47.784488677978516,21.527278900146484,51.153743743896484,83.26692962646484,34.557960510253906
2022-03-21,208.67578125,156.6765899658203,208.82508850097656,98.44159698486328,90.2699966430664,140.88209533691406,140.06900024414062,64.52999877929688,118.38629150390625,25.66274070739746,658.005615234375,74.08521270751953,285.7563781738281,163.75265502929688,97.71434783935547,14.532291412353516,34.844757080078125,42.873565673828125,19.67194175720215,173.30731201171875,52.97407531738281,139.5078582763672,300.4673156738281,56.6937255859375,304.50799560546875,102.35025787353516,47.40869140625,21.003559112548828,51.11934280395508,83.74571990966797,33.86662673950195
2022-03-22,206.97454833984375,156.4499053955078,207.3239288330078,98.37100219726562,91.58000183105469,140.0131378173828,138.1412811279297,66.98999786376953,119.4563980102539,25.887039184570312,659.2432250976562,73.4267807006836,283.61016845703125,163.6022186279297,98.7466049194336,14.65043830871582,34.69871139526367,43.5574951171875,20.049776077270508,172.0513458251953,53.66627502441406,139.28836059570312,302.7725524902344,57.719032287597656,299.9813537597656,105.34797668457031,46.97444152832031,21.58199691772461,51.81618118286133,83.67345428466797,33.011112213134766
2022-03-23,202.0780487060547,154.02133178710938,205.93360900878906,96.69252014160156,89.33000183105469,139.53038024902344,138.1412811279297,66.81999969482422,117.92889404296875,25.778759002685547,648.9021606445312,72.87670135498047,283.2552490234375,161.78013610839844,97.43133544921875,14.461402893066406,34.071571350097656,44.583377838134766,19.72943878173828,170.15902709960938,53.228675842285156,138.0242919921875,300.867919921875,57.02149200439453,297.8899841308594,103.1036605834961,46.56522750854492,21.502792358398438,51.73875427246094,83.8631591796875,32.96790313720703
2022-03-24,203.3647918701172,155.32467651367188,207.43478393554688,98.92003631591797,90.05999755859375,141.05105590820312,139.10939025878906,67.44000244140625,118.79188537597656,26.1113338470459,652.3948364257812,73.4267807006836,283.97344970703125,162.86666870117188,97.93079376220703,14.729205131530762,34.44097900390625,44.874053955078125,19.78693199157715,171.81686401367188,53.13319778442383,136.8479766845703,305.0124206542969,56.81138610839844,302.4723815917969,103.19881439208984,47.23331069946289,21.494871139526367,52.77971649169922,85.51639556884766,32.89876937866211
2022-03-25,207.85543823242188,157.8584747314453,210.88063049316406,101.79068756103516,90.23999786376953,142.87744140625,139.9076385498047,67.55999755859375,119.29244995117188,26.50579261779785,651.0291137695312,74.72364807128906,288.5531921386719,165.12339782714844,99.54576873779297,15.03639030456543,34.76744079589844,45.60071563720703,20.025131225585938,172.78817749023438,54.0640754699707,138.11203002929688,307.3667297363281,58.1812629699707,305.8000793457031,103.23054504394531,47.934814453125,21.637432098388672,54.02717208862305,86.92571258544922,33.35676956176758
2022-03-28,211.60336303710938,159.2346954345703,213.2262420654297,101.76715850830078,89.69999694824219,145.49232482910156,143.3724365234375,68.38999938964844,121.5880126953125,26.72235107421875,670.0795288085938,75.61341857910156,291.4176025390625,167.6893310546875,99.30436706542969,15.044268608093262,34.76744079589844,45.89138412475586,20.025131225585938,175.5764617919922,54.67674255371094,140.7631378173828,313.38330078125,58.13922119140625,310.3547058105469,104.48355102539062,48.176979064941406,22.065113067626953,53.7432746887207,86.96183013916016,33.304931640625
2022-03-29,216.37033081054688,164.04330444335938,220.2800750732422,103.9319076538086,93.3499984741211,147.93826293945312,145.4954376220703,69.58999633789062,124.88468170166016,27.29469871520996,698.0039672851562,77.96376037597656,301.4303283691406,174.93588256835938,103.24190521240234,15.611379623413086,35.6351203918457,47.12245559692383,20.830081939697266,178.82521057128906,56.188472747802734,144.581787109375,324.1002197265625,60.87895202636719,316.740478515625,109.50350952148438,49.705223083496094,22.880874633789062,54.749820709228516,88.81383514404297,33.71973419189453
2022-03-30,216.6466522216797,164.52366638183594,216.22921752929688,103.40250396728516,92.7699966430664,148.493408203125,144.8294219970703,67.98999786376953,124.41004943847656,26.938913345336914,691.06396484375,76.80537414550781,296.4822082519531,174.64328002929688,103.3084945678711,15.721819877624512,35.14543533325195,47.413116455078125,20.53438377380371,178.3562469482422,55.917964935302734,144.09019470214844,323.84686279296875,60.836944580078125,318.80389404296875,106.89440155029297,48.45256423950195,22.92047691345215,54.052974700927734,88.40730285644531,33.304931640625
2022-03-31,216.9489288330078,163.8479461669922,213.15679931640625,101.77473449707031,91.5199966430664,148.52560424804688,141.91763305664062,66.61000061035156,122.37337493896484,26.55219268798828,679.8886108398438,75.4791259765625,293.7275695800781,171.84332275390625,101.61860656738281,15.327394485473633,34.5182991027832,47.3703727722168,20.28797149658203,175.37545776367188,55.332698822021484,141.75511169433594,319.0401306152344,59.954505920410156,319.8449401855469,104.33287048339844,47.90974807739258,22.540313720703125,53.51572799682617,86.85342407226562,32.75186538696289
2022-04-01,221.89727783203125,167.69073486328125,218.3662109375,102.91259002685547,91.7300033569336,152.09793090820312,146.52871704101562,66.0,125.91163635253906,27.0781307220459,699.4889526367188,77.35935974121094,300.53759765625,175.16151428222656,103.4167251586914,15.422053337097168,35.25712203979492,48.07139587402344,20.361894607543945,178.61585998535156,56.6102294921875,145.5474853515625,324.1329345703125,60.37470245361328,325.8868103027344,105.474853515625,49.2542610168457,22.904632568359375,54.45156478881836,88.37115478515625,32.85556411743164
2022-04-04,222.6571807861328,165.3541259765625,215.4224853515625,101.39545440673828,92.25,152.1381378173828,144.3000030517578,67.63999938964844,126.47256469726562,27.263755798339844,700.8275146484375,76.42764282226562,297.4769287109375,172.33644104003906,102.37614440917969,15.343173027038574,34.672935485839844,47.72943878173828,20.21405029296875,176.55604553222656,56.34672164916992,143.774169921875,322.1628112792969,59.643550872802734,330.051025390625,106.68820190429688,48.48596954345703,22.524473190307617,54.468902587890625,88.23564910888672,33.512332916259766
2022-04-05,227.05282592773438,165.06105041503906,214.07510375976562,99.4041976928711,90.91999816894531,155.37255859375,145.08560180664062,66.9800033569336,126.35176849365234,26.567665100097656,698.93896484375,76.21778106689453,296.6862487792969,171.7346649169922,101.11080169677734,14.996076583862305,34.56126022338867,47.25068664550781,19.836217880249023,176.90771484375,56.42656707763672,145.96878051757812,323.4871520996094,59.29058074951172,335.154052734375,103.5556869506836,48.569480895996094,22.397754669189453,53.37709426879883,86.44690704345703,32.70864486694336
2022-04-06,231.97525024414062,167.91867065429688,218.8039093017578,98.83526611328125,89.0,158.96102905273438,149.61122131347656,65.43000030517578,128.64736938476562,27.348844528198242,702.7620239257812,77.74551391601562,302.0849609375,177.50180053710938,101.84336853027344,14.451764106750488,35.119667053222656,48.02010726928711,19.852643966674805,181.9232940673828,57.31285858154297,149.3309783935547,333.99969482421875,59.36622619628906,344.00299072265625,101.39860534667969,49.746978759765625,22.643274307250977,53.81034851074219,87.6845703125,32.39754867553711
2022-04-07,229.4795684814453,165.72862243652344,213.98924255371094,96.69390106201172,86.7699966430664,158.1162109375,147.39111328125,64.56999969482422,127.87065124511719,27.08586883544922,696.0328369140625,76.9396743774414,299.0157470703125,178.32923889160156,99.71226501464844,14.159897804260254,35.01657485961914,47.57555389404297,19.73764991760254,180.9185028076172,57.18511199951172,148.20730590820312,334.506591796875,58.14763641357422,343.25933837890625,99.53496551513672,49.37118148803711,22.017595291137695,53.16046142578125,86.98895263671875,32.75186538696289
2022-04-08,230.0666961669922,165.18310546875,214.2209930419922,96.95465850830078,86.44000244140625,159.32305908203125,143.6339569091797,63.52000045776367,129.43263244628906,27.24056053161621,704.7880249023438,77.0320053100586,298.7947082519531,178.6217803955078,100.71121978759766,14.057342529296875,35.44611740112305,47.81492614746094,20.0004940032959,179.46157836914062,57.616275787353516,148.04931640625,334.30224609375,59.28217315673828,346.4476623535156,101.08931732177734,49.371185302734375,22.366071701049805,52.89185333251953,87.61231231689453,33.4259147644043
2022-04-11,227.38961791992188,161.64968872070312,211.33737182617188,97.27862548828125,86.62999725341797,157.74609375,141.5248565673828,63.630001068115234,125.54056549072266,26.94664764404297,689.0470581054688,75.42034912109375,292.9368591308594,176.0224151611328,100.39488220214844,14.081006050109863,35.26571273803711,47.472965240478516,20.09905433654785,174.0525360107422,57.10523986816406,145.4860076904297,328.45733642578125,58.85356903076172,335.8325500488281,100.54212951660156,48.32896423339844,22.294790267944336,52.70121765136719,87.06121826171875,33.71973419189453
2022-04-12,223.28306579589844,160.74600219726562,211.53472900390625,97.53939819335938,85.93000030517578,156.1610565185547,141.08082580566406,62.290000915527344,125.58372497558594,27.132278442382812,679.9161987304688,75.76451873779297,294.8412780761719,177.90296936035156,100.34493255615234,14.372884750366211,35.583580017089844,47.8320198059082,20.049776077270508,173.88502502441406,57.13718032836914,145.1348419189453,332.52008056640625,58.391353607177734,329.49334716796875,100.06629943847656,48.46343994140625,22.381914138793945,52.848533630371094,87.23285675048828,34.20365905761719
2022-04-13,223.2657012939453,161.44618225097656,212.51312255859375,98.64562225341797,86.4000015258789,155.6541748046875,140.93568420410156,63.5,126.99039459228516,27.15548324584961,689.3405151367188,75.84846496582031,295.28338623046875,177.70237731933594,101.70185089111328,15.540384292602539,35.9358024597168,47.8320198059082,20.575454711914062,173.52989196777344,57.640220642089844,144.8451690673828,331.6045837402344,59.27377700805664,329.61419677734375,101.17656707763672,48.49705505371094,22.833351135253906,53.039154052734375,87.54002380371094,34.61845397949219
2022-04-14,221.85919189453125,159.72018432617188,211.64630126953125,98.4480972290039,85.55999755859375,155.02658081054688,140.56845092773438,61.81999969482422,125.15220642089844,27.093599319458008,674.0398559570312,75.90721893310547,293.75311279296875,177.65223693847656,102.60923767089844,15.445725440979004,36.03889465332031,47.378929138183594,20.641164779663086,172.88172912597656,57.97555923461914,142.8261260986328,333.934326171875,59.3158073425293,330.3298645019531,101.41448211669922,48.396202087402344,23.039278030395508,52.57123947143555,86.75403594970703,34.48019027709961
2022-04-18,220.4440460205078,158.0674591064453,209.44924926757812,97.8001480102539,85.63999938964844,153.6346893310547,139.25347900390625,61.06999969482422,125.16944885253906,26.83063316345215,669.8410034179688,75.22728729248047,292.0525817871094,177.56028747558594,101.91828155517578,15.335282325744629,35.815528869628906,47.93461227416992,20.624736785888672,171.02151489257812,58.48656463623047,143.08946228027344,334.8416748046875,59.298988342285156,330.86895751953125,101.42241668701172,48.01797103881836,23.348154067993164,52.29395294189453,87.16961669921875,34.41106033325195
2022-04-19,224.6634521484375,160.83558654785156,211.91236877441406,99.7281723022461,86.45999908447266,155.98406982421875,141.5248565673828,63.33000183105469,129.75198364257812,26.969850540161133,691.4398803710938,76.35208892822266,295.597900390625,182.47488403320312,103.8995590209961,16.116243362426758,36.975303649902344,48.26802444458008,21.191484451293945,174.6661376953125,59.18124771118164,148.84817504882812,337.751953125,60.19821548461914,335.4700622558594,104.14257049560547,48.749202728271484,23.696630477905273,52.47591781616211,87.43161010742188,35.8023681640625
2022-04-20,232.32098388671875,163.63626098632812,217.5594940185547,100.89762878417969,87.62999725341797,159.25064086914062,144.3341522216797,63.33000183105469,131.75413513183594,27.302431106567383,704.228759765625,77.87979888916016,302.6546630859375,183.8372344970703,105.28975677490234,16.116243362426758,37.72270965576172,49.3452033996582,21.536460876464844,177.1745147705078,59.82796096801758,151.57826232910156,343.2534484863281,61.1142578125,345.8434753417969,105.14969635009766,49.640132904052734,23.894634246826172,52.64056396484375,88.09110260009766,36.40727615356445
2022-04-21,231.5917205810547,162.55345153808594,219.71363830566406,100.45513916015625,86.54000091552734,158.01962280273438,145.70040893554688,62.0,129.7433624267578,27.379776000976562,694.5659790039062,78.26592254638672,305.48590087890625,181.3799591064453,104.29913330078125,16.281906127929688,37.59384536743164,49.22552490234375,21.322904586791992,178.8326873779297,59.532562255859375,149.9191131591797,337.26141357421875,60.937782287597656,344.06805419921875,103.76982116699219,49.96792984008789,23.85503387451172,52.00801086425781,87.90137481689453,36.061614990234375
2022-04-22,227.38095092773438,159.39451599121094,215.28515625,99.31729888916016,84.56999969482422,156.20130920410156,142.66050720214844,61.20000076293945,129.24285888671875,26.652748107910156,683.3632202148438,76.5115737915039,298.87127685546875,177.6605682373047,101.38551330566406,16.218795776367188,37.009666442871094,48.45610809326172,20.895788192749023,174.29580688476562,58.718143463134766,148.11953735351562,328.9150390625,59.19814682006836,340.53582763671875,99.82837677001953,48.959327697753906,23.50655174255371,50.6822509765625,85.76934814453125,35.880126953125
2022-04-25,225.31463623046875,157.13119506835938,213.19969177246094,99.4200210571289,84.66000366210938,155.17947387695312,140.20980834960938,62.650001525878906,130.7962188720703,26.513519287109375,689.8814086914062,75.78128814697266,295.9465026855469,174.30062866210938,100.41986083984375,16.51067352294922,36.777713775634766,47.63539505004883,21.043638229370117,172.5702667236328,58.08736801147461,147.24168395996094,326.16839599609375,58.99644088745117,334.5684509277344,100.15354919433594,48.58110427856445,23.783754348754883,50.44829177856445,86.32945251464844,35.966556549072266
2022-04-26,221.23410034179688,155.17721557617188,209.7067413330078,98.09249877929688,82.63999938964844,151.75997924804688,139.1253662109375,59.9900016784668,129.11337280273438,26.412975311279297,677.7435913085938,74.78240203857422,293.09832763671875,170.8988494873047,99.54576873779297,16.10835838317871,36.0904426574707,46.71209716796875,20.682231903076172,171.2066650390625,57.43263244628906,145.39820861816406,322.24456787109375,58.920814514160156,326.4445495605469,98.44056701660156,47.757408142089844,23.411514282226562,50.17100143432617,86.05843353271484,35.31843185424805
2022-04-27,219.52378845214844,152.5556640625,206.64288330078125,96.59117889404297,82.93000030517578,151.85655212402344,138.08364868164062,63.720001220703125,127.93109130859375,26.119070053100586,658.1431884765625,72.26420593261719,290.7347717285156,170.48931884765625,98.82987213134766,16.61322593688965,35.83271026611328,46.52400588989258,20.731515884399414,170.42388916015625,57.21704864501953,147.18902587890625,319.93939208984375,58.85356903076172,324.27874755859375,96.8544692993164,47.03457260131836,23.419431686401367,49.60776901245117,84.23355102539062,35.309791564941406
2022-04-28,218.9420623779297,155.04698181152344,205.54432678222656,97.61050415039062,85.61000061035156,154.53582763671875,138.45933532714844,65.45999908447266,130.74444580078125,26.48258399963379,693.4842529296875,72.23063659667969,293.4129638671875,173.88267517089844,101.13575744628906,16.75521469116211,35.39457702636719,47.62684631347656,21.643239974975586,173.50454711914062,58.05540466308594,151.8767547607422,326.1438903808594,60.45035171508789,333.91778564453125,98.66260528564453,47.21949005126953,24.26687240600586,49.95437240600586,85.31765747070312,36.208526611328125
2022-04-29,209.2529754638672,148.30577087402344,195.22850036621094,92.92475891113281,83.04000091552734,149.016357421875,133.96786499023438,63.619998931884766,126.1014633178711,25.376567840576172,659.2249755859375,68.41136932373047,279.9457092285156,158.80462646484375,97.44795989990234,16.053138732910156,34.20902633666992,45.93413543701172,20.805437088012695,165.55027770996094,55.56938552856445,140.7104949951172,303.6881408691406,57.8450813293457,322.64276123046875,93.57920837402344,44.72319793701172,23.609514236450195,48.13469696044922,82.03829193115234,35.62089157104492
2022-05-02,205.71942138671875,145.041015625,189.79595947265625,92.6402816772461,82.44000244140625,145.48428344726562,128.39190673828125,64.41999816894531,121.92457580566406,24.92024040222168,643.9241943359375,67.1522445678711,271.5202941894531,152.91213989257812,95.91625213623047,15.879587173461914,32.980525970458984,43.34376525878906,20.222265243530273,159.7508087158203,53.9830436706543,134.4250946044922,294.3282165527344,56.40799331665039,314.06341552734375,92.65926361083984,43.504451751708984,23.00758934020996,48.24734878540039,81.41492462158203,34.60981750488281
2022-05-03,209.24427795410156,146.96241760253906,190.90309143066406,95.91162109375,83.58000183105469,147.8094940185547,130.3131866455078,63.36000061035156,122.77032470703125,25.554452896118164,661.2783203125,67.32010650634766,273.849853515625,153.02914428710938,98.33039093017578,15.68237590789795,33.05784225463867,44.94243621826172,20.575454711914062,159.70028686523438,54.21538543701172,133.74911499023438,291.8431091308594,57.65177917480469,324.3066711425781,95.85523986816406,43.56330871582031,23.704553604125977,50.14500427246094,81.92987823486328,35.577674865722656
2022-05-04,213.26400756835938,150.05621337890625,190.9374237060547,97.13639831542969,85.56999969482422,148.39682006835938,130.4668731689453,64.5999984741211,124.84152221679688,24.966644287109375,671.1978759765625,67.34529876708984,274.9295959472656,163.4601287841797,101.26897430419922,15.879587173461914,33.289791107177734,46.71209716796875,20.78900909423828,160.18006896972656,54.9444580078125,133.67893981933594,290.33892822265625,61.31595993041992,326.9464416503906,98.79742431640625,43.756614685058594,24.274795532226562,50.0410270690918,81.50527954101562,36.485050201416016
2022-05-05,209.65232849121094,145.87960815429688,185.9940948486328,94.5604248046875,81.7699966430664,146.10379028320312,128.55416870117188,61.0,121.99363708496094,24.34789276123047,654.0084838867188,65.32234954833984,269.1312561035156,158.5538787841797,97.88085174560547,15.579829216003418,32.748565673828125,46.66080856323242,19.877286911010742,156.86370849609375,53.758724212646484,127.27061462402344,285.51593017578125,58.466983795166016,318.2369079589844,97.0210189819336,42.53788375854492,23.569910049438477,49.391143798828125,81.27940368652344,35.12831115722656
2022-05-06,211.90097045898438,143.84422302246094,182.31228637695312,94.12582397460938,81.22000122070312,146.91644287109375,127.06837463378906,59.11000061035156,121.75199890136719,23.93402671813965,654.0543212890625,64.18914794921875,266.4785461425781,151.83396911621094,95.84964752197266,15.966362953186035,32.63689041137695,46.3701286315918,19.704795837402344,155.3402099609375,52.973567962646484,123.67143249511719,275.3875427246094,57.634986877441406,317.9766540527344,96.29141998291016,42.06719970703125,22.904632568359375,49.36514663696289,79.88818359375,34.68758773803711
2022-05-09,200.6317596435547,136.1830596923828,174.83712768554688,90.08802795410156,79.51000213623047,141.1073455810547,122.42316436767578,58.060001373291016,115.10688781738281,23.442068099975586,599.7362060546875,61.49467086791992,251.63401794433594,141.61195373535156,92.82781982421875,15.07496166229248,30.951913833618164,45.31859588623047,19.17911720275879,149.439697265625,51.7237434387207,116.2009048461914,256.43048095703125,56.256717681884766,300.32525634765625,93.72987365722656,40.083614349365234,21.589916229248047,48.204017639160156,78.65049743652344,33.892555236816406
2022-05-10,195.12742614746094,132.8369140625,171.72177124023438,87.13275909423828,78.54000091552734,137.01205444335938,120.87760925292969,56.970001220703125,109.25575256347656,22.90325927734375,577.6055908203125,61.10013961791992,243.56570434570312,146.5014190673828,91.22115325927734,15.382611274719238,30.977828979492188,44.02768325805664,18.669864654541016,146.6956787109375,50.874488830566406,110.09111022949219,255.3514862060547,55.491939544677734,293.1121826171875,94.4277572631836,39.117034912109375,21.13055419921875,45.578487396240234,77.51221466064453,33.46047592163086
2022-05-11,195.10133361816406,131.66455078125,174.63116455078125,86.25567626953125,78.08999633789062,137.34193420410156,122.53417205810547,54.189998626708984,109.60095977783203,23.098485946655273,572.215087890625,61.973121643066406,245.47862243652344,146.23399353027344,90.58849334716797,15.21695613861084,30.96054458618164,43.21553039550781,18.226320266723633,149.06935119628906,51.11484146118164,108.62508392333984,255.69483947753906,54.306983947753906,292.8426818847656,89.62191772460938,39.87348556518555,21.637432098388672,45.89043426513672,78.58726501464844,32.656803131103516
2022-05-12,195.77854919433594,131.8599090576172,175.15469360351562,87.78861236572266,78.33000183105469,138.4281463623047,123.14898681640625,55.58000183105469,109.69586944580078,23.278085708618164,577.4497680664062,62.21653747558594,248.4458465576172,146.0334014892578,93.876708984375,15.145959854125977,30.995107650756836,44.369651794433594,18.480945587158203,149.27978515625,52.38872146606445,108.79188537597656,256.7983703613281,55.088558197021484,300.6040344238281,91.69175720214844,40.293739318847656,21.732473373413086,46.43634033203125,78.66858673095703,33.028385162353516
2022-05-13,201.99481201171875,135.51547241210938,177.83238220214844,89.06079864501953,80.80000305175781,142.00047302246094,124.66038513183594,58.189998626708984,113.21692657470703,23.488922119140625,604.8792114257812,62.921661376953125,251.8976287841797,149.57725524902344,96.54060363769531,15.698156356811523,31.90240478515625,44.73726272583008,19.096975326538086,151.30831909179688,54.007076263427734,112.67198944091797,260.38702392578125,57.055110931396484,310.6149597167969,92.61168670654297,40.99977111816406,22.754150390625,47.66679382324219,79.83397674560547,33.45183563232422
2022-05-16,199.8764190673828,134.2942352294922,175.8069305419922,88.83954620361328,79.83000183105469,141.3567657470703,123.14047241210938,56.97999954223633,110.81778717041016,23.57482147216797,592.613037109375,62.384437561035156,248.16525268554688,149.34320068359375,96.19927215576172,15.919031143188477,31.504915237426758,45.335697174072266,19.088764190673828,149.06092834472656,54.5278434753418,109.95064544677734,260.9101867675781,57.155967712402344,305.279541015625,92.68307495117188,40.529083251953125,22.98383331298828,48.152034759521484,80.2676010131836,32.99382019042969
2022-05-17,202.29000854492188,134.7746124267578,178.37301635742188,90.69647216796875,82.6500015258789,142.2498779296875,122.25237274169922,58.08000183105469,111.02489471435547,24.121437072753906,595.8280029296875,63.64352035522461,251.65956115722656,149.4769744873047,98.61341857910156,16.345014572143555,31.84192657470703,45.74604797363281,19.78693199157715,148.6063995361328,54.9684944152832,110.52125549316406,258.69488525390625,58.424964904785156,302.4351806640625,95.76800537109375,40.814857482910156,23.395673751831055,49.105201721191406,80.9993667602539,34.03083038330078
2022-05-18,200.23243713378906,128.63589477539062,172.98336791992188,86.76140594482422,79.01000213623047,141.17172241210938,118.04269409179688,55.38999938964844,108.12522888183594,23.481117248535156,587.196533203125,61.914371490478516,244.88339233398438,143.04954528808594,94.45943450927734,15.595602989196777,30.830928802490234,43.617347717285156,18.87520408630371,145.7108612060547,54.12725067138672,104.92933654785156,250.8799285888672,55.75246810913086,292.58880615234375,90.14530944824219,39.2851448059082,23.134307861328125,48.79325866699219,79.6984634399414,32.76913833618164
2022-05-19,202.507080078125,128.48936462402344,171.09527587890625,83.03174591064453,79.91000366210938,143.52113342285156,117.83775329589844,56.810001373291016,110.17916107177734,22.86421775817871,585.03173828125,61.56180953979492,239.4166717529297,141.7958221435547,92.57807159423828,15.343173027038574,30.89141845703125,41.57411575317383,18.5384464263916,146.00546264648438,53.79878616333008,105.09614562988281,253.22605895996094,53.9624137878418,297.2651672363281,87.26657104492188,38.89850616455078,23.197673797607422,48.60261917114258,79.06607818603516,32.71730041503906
2022-05-20,212.08331298828125,130.02810668945312,172.45986938476562,83.1502685546875,78.97000122070312,146.59457397460938,118.38423919677734,57.15999984741211,113.13925170898438,22.973539352416992,600.4153442382812,62.132598876953125,239.81631469726562,143.24180603027344,91.0713119506836,14.680534362792969,31.288902282714844,42.309329986572266,18.07847023010254,147.56263732910156,54.47176742553711,105.09614562988281,255.79290771484375,53.16401672363281,304.26104736328125,86.31490325927734,39.15065002441406,22.92839241027832,48.9752197265625,79.59909057617188,32.51853942871094
2022-05-23,216.54583740234375,130.84225463867188,175.2405242919922,83.81403350830078,80.2699966430664,149.016357421875,120.26282501220703,57.83000183105469,115.22772216796875,22.98134994506836,611.2301025390625,63.64352035522461,244.19483947753906,145.7157440185547,91.23780822753906,14.77519416809082,31.72959327697754,43.5831298828125,18.144182205200195,149.96157836914062,53.8548698425293,105.7633056640625,261.6704406738281,53.45817184448242,311.2289733886719,85.46635437011719,40.167659759521484,23.102632522583008,48.48130798339844,79.79010772705078,33.03702926635742
2022-05-24,224.44642639160156,130.4676971435547,175.9442596435547,83.42684173583984,78.81999969482422,154.1657257080078,120.59581756591797,57.45000076293945,117.91165924072266,23.00477409362793,618.857421875,63.979305267333984,240.46240234375,146.40948486328125,92.5531005859375,14.63320255279541,32.489994049072266,43.8481559753418,18.46451759338379,151.8638916015625,54.83229064941406,105.41215515136719,266.4853820800781,54.96249008178711,323.3111572265625,85.52981567382812,40.17606735229492,22.93631362915039,48.70659255981445,80.4360122680664,32.449398040771484
2022-05-25,225.98313903808594,130.49212646484375,175.88417053222656,85.19683837890625,79.27999877929688,153.01516723632812,120.91177368164062,58.900001525878906,118.9645004272461,23.0360107421875,632.417236328125,63.99608612060547,240.2328643798828,144.13609313964844,93.30231475830078,15.264286041259766,32.489994049072266,43.890907287597656,18.70271873474121,152.06588745117188,55.42515563964844,105.3682861328125,265.5697326660156,55.6011962890625,322.64971923828125,86.59247589111328,40.05839157104492,23.498634338378906,49.807071685791016,80.91815185546875,33.261714935302734
2022-05-26,221.12120056152344,132.95089721679688,176.32188415527344,86.6507797241211,81.93000030517578,150.88302612304688,121.16793060302734,59.369998931884766,118.04972839355469,22.90325927734375,617.18994140625,64.09680938720703,240.71746826171875,145.9915771484375,94.14309692382812,16.061023712158203,32.2826042175293,44.42094039916992,18.998409271240234,151.8891143798828,54.53585433959961,107.41366577148438,266.4117431640625,56.48362731933594,315.2812194824219,88.8447265625,39.99956130981445,23.807512283325195,48.85390090942383,80.5815658569336,33.65059280395508
2022-05-27,226.5647735595703,137.2577667236328,181.00775146484375,89.03709411621094,84.05000305175781,155.59786987304688,123.79793548583984,61.5,122.12308502197266,23.488922119140625,639.0035400390625,65.58255767822266,245.44459533691406,150.4716033935547,96.49063873291016,16.329233169555664,33.30224609375,46.96855926513672,19.499448776245117,154.72572326660156,55.561370849609375,111.71513366699219,274.4801330566406,58.07198715209961,323.7676086425781,90.19291687011719,40.840065002441406,24.449031829833984,49.73774719238281,82.02799224853516,34.86042022705078
2022-05-31,222.37142944335938,135.1083984375,178.47601318359375,87.85183715820312,82.83999633789062,152.5887451171875,122.5256118774414,60.939998626708984,120.46612548828125,23.18438148498535,632.9330444335938,64.4913330078125,241.32968139648438,148.94203186035156,95.70813751220703,15.76915168762207,32.593692779541016,46.079463958740234,19.42552947998047,152.35208129882812,54.85138702392578,111.90824890136719,270.28656005859375,57.324031829833984,313.56719970703125,90.9225082397461,40.17606735229492,24.433195114135742,49.16585159301758,81.04551696777344,34.15180969238281
2022-06-01,219.27195739746094,133.3660888671875,178.14129638671875,85.47339630126953,79.58999633789062,151.33358764648438,122.58538818359375,61.22999954223633,118.61067962646484,22.90325927734375,625.480712890625,64.58365631103516,240.2668914794922,149.31813049316406,94.63424682617188,16.116243362426758,32.87019729614258,45.66911697387695,18.842350006103516,151.31675720214844,54.73881530761719,110.48613739013672,270.27020263671875,56.60127639770508,308.415771484375,88.16271209716797,40.27691650390625,24.401514053344727,48.98387908935547,80.19949340820312,33.45183563232422
2022-06-02,227.78025817871094,135.6782989501953,179.34283447265625,86.18456268310547,82.48999786376953,150.6255340576172,123.52469635009766,63.9900016784668,119.41327667236328,22.86421775817871,639.887939453125,65.33912658691406,244.7134246826172,150.30441284179688,94.82572174072266,16.321348190307617,33.52690505981445,45.99397659301758,19.154476165771484,152.3015899658203,55.02827835083008,113.71661376953125,272.1504211425781,56.68532180786133,312.9709777832031,89.07472229003906,40.34416580200195,24.884632110595703,49.01853561401367,80.84537506103516,33.616790771484375
2022-06-03,231.5743408203125,133.00787353515625,175.952880859375,84.09058380126953,79.9000015258789,147.27044677734375,122.58538818359375,62.52000045776367,116.0648193359375,22.403501510620117,624.96484375,63.853397369384766,241.4061279296875,149.025634765625,93.16911315917969,16.218795776367188,33.08622360229492,45.79734802246094,18.850568771362305,150.77804565429688,54.1599235534668,111.99604797363281,270.3519287109375,56.038211822509766,306.999755859375,87.1952133178711,40.17606735229492,24.860870361328125,48.671932220458984,80.05393981933594,33.28688430786133
2022-06-06,232.1212615966797,132.35658264160156,172.33111572265625,83.19769287109375,80.7300033569336,148.67044067382812,119.40888977050781,61.130001068115234,116.42729187011719,22.2473201751709,637.78759765625,61.98990249633789,235.1231231689453,146.3426513671875,91.9620590209961,16.692110061645508,32.472713470458984,45.38698959350586,18.59593391418457,146.67042541503906,53.85441589355469,112.2506103515625,263.64056396484375,54.58430862426758,310.8284606933594,86.93347930908203,39.007774353027344,25.70039176940918,48.06538009643555,79.2716064453125,33.807796478271484
2022-06-07,231.07078552246094,133.78131103515625,175.8069305419922,84.89656066894531,80.66999816894531,149.6198272705078,121.791259765625,61.959999084472656,116.72932434082031,22.450347900390625,637.0414428710938,63.66870880126953,240.6834716796875,150.48828125,93.45215606689453,16.692110061645508,33.00845718383789,46.5838623046875,18.91627311706543,149.759521484375,54.722747802734375,113.83950805664062,270.2947082519531,55.76088333129883,314.712890625,89.04299926757812,39.76422882080078,25.431110382080078,49.139854431152344,81.23655700683594,33.92934799194336
2022-06-08,229.60354614257812,127.07272338867188,172.06509399414062,81.49881744384766,78.3499984741211,148.4049072265625,118.99905395507812,61.25,114.64950561523438,21.44301414489746,615.9556884765625,62.241729736328125,235.81178283691406,143.8519287109375,90.92980194091797,16.51856231689453,32.2826042175293,45.498130798339844,18.394277572631836,146.25796508789062,53.95891571044922,109.52928161621094,258.7766418457031,54.542293548583984,314.712890625,86.86080169677734,38.957340240478516,24.916309356689453,47.406837463378906,78.2163314819336,33.31292724609375
2022-06-09,225.905029296875,122.50531768798828,167.24188232421875,77.88770294189453,75.16000366210938,144.5268096923828,115.19920349121094,59.689998626708984,114.96878814697266,20.271692276000977,606.5228271484375,60.62167739868164,230.3195037841797,141.5283660888672,87.54168701171875,15.70604419708252,31.67774772644043,44.70307159423828,17.673419952392578,142.19247436523438,53.29157257080078,107.24687194824219,253.21788024902344,52.5421257019043,310.8098449707031,83.6398696899414,37.99916076660156,24.298551559448242,46.20238494873047,75.71466064453125,32.85277557373047
2022-06-10,217.92625427246094,119.1021728515625,166.8728485107422,76.58390045166016,73.3499984741211,138.91082763671875,113.73049926757812,58.59000015258789,113.36363220214844,20.01399803161621,598.0018920898438,60.6468620300293,230.32801818847656,139.5140380859375,84.86947631835938,14.704201698303223,31.185209274291992,43.634437561035156,17.109989166259766,141.54432678222656,53.034271240234375,102.9190673828125,251.31317138671875,51.24790573120117,303.24560546875,81.5381851196289,37.62093734741211,23.71247673034668,45.60448455810547,74.65938568115234,31.10769271850586
2022-06-13,208.39344787597656,111.30261993408203,160.2816925048828,72.0719985961914,70.0,133.59259033203125,108.01792907714844,55.81999969482422,109.75627899169922,18.772397994995117,567.7044067382812,58.19581604003906,219.41143798828125,133.28721618652344,80.59894561767578,13.513031959533691,29.336050033569336,41.35182571411133,16.140562057495117,135.3660888671875,50.82318115234375,95.18521881103516,243.1793975830078,48.11319351196289,287.5678405761719,78.22867584228516,35.645755767822266,22.651193618774414,42.58903121948242,70.82042694091797,29.753293991088867
2022-06-14,203.58364868164062,110.21162414550781,158.93429565429688,71.62159729003906,70.58000183105469,128.1943359375,107.59098815917969,55.16999816894531,108.54511260986328,18.303865432739258,569.7586059570312,57.73414611816406,217.83006286621094,133.93692016601562,79.21707153320312,13.552478790283203,29.059537887573242,40.94395065307617,15.908562660217285,134.70108032226562,50.48548126220703,97.14283752441406,245.12167358398438,48.09196090698242,276.7245788574219,77.71331787109375,35.57011413574219,22.278949737548828,41.96514129638672,70.45657348632812,29.883522033691406
2022-06-15,209.5828857421875,110.5047378540039,160.98544311523438,72.72783660888672,71.4000015258789,130.0857391357422,109.76841735839844,56.349998474121094,112.34422302246094,19.030088424682617,590.7061157226562,58.04472351074219,218.69728088378906,136.2657012939453,79.8580551147461,13.891685485839844,29.586633682250977,41.54148483276367,15.99970531463623,136.70440673828125,52.101593017578125,101.75814056396484,250.33123779296875,49.50241470336914,280.75823974609375,78.510498046875,36.09121322631836,23.18183708190918,43.53352737426758,71.36626434326172,29.961660385131836
2022-06-16,204.5260772705078,106.27928924560547,159.9641876220703,69.97013092041016,68.1500015258789,125.81587219238281,108.94013214111328,55.15999984741211,109.18989562988281,18.82706069946289,569.6849365234375,57.700557708740234,215.90008544921875,134.94943237304688,78.12654113769531,13.14227294921875,29.189149856567383,39.93073654174805,15.53570556640625,136.04786682128906,51.64329147338867,98.84040832519531,247.54959106445312,48.508296966552734,270.95831298828125,76.1914291381836,35.94833755493164,22.77791404724121,42.34640884399414,70.6839828491211,28.450992584228516
2022-06-17,206.26405334472656,107.28886413574219,163.9119873046875,71.37664031982422,70.16000366210938,126.75751495361328,109.7940444946289,56.060001373291016,110.81934356689453,18.91295623779297,582.9312744140625,59.08557891845703,217.71951293945312,134.55284118652344,78.84243774414062,12.779401779174805,29.171859741210938,40.026004791259766,15.693136215209961,136.81382751464844,52.157875061035156,97.57604217529297,245.69776916503906,48.95862579345703,272.0483093261719,77.05302429199219,36.58711242675781,22.817514419555664,42.44172286987305,70.63851165771484,28.641998291015625
2022-06-21,215.59165954589844,107.15857696533203,164.2638397216797,71.11589050292969,71.04000091552734,131.473876953125,111.32250213623047,56.06999969482422,111.65585327148438,19.42833709716797,589.7205200195312,59.815860748291016,217.20089721679688,136.53567504882812,79.78545379638672,12.992389678955078,29.40517807006836,40.86601257324219,15.759421348571777,137.77337646484375,52.64030075073242,99.34436798095703,248.6194305419922,49.595882415771484,282.4815368652344,77.7777328491211,37.06621170043945,23.64911651611328,42.06911849975586,71.57550048828125,29.032682418823242
2022-06-22,220.0982666015625,108.599609375,164.6843719482422,70.40471649169922,71.12999725341797,136.4337921142578,112.62043762207031,57.81999969482422,115.27197265625,19.6626033782959,606.08984375,59.89979934692383,217.59197998046875,138.93194580078125,79.42341613769531,12.384976387023926,29.422456741333008,41.697364807128906,15.759421348571777,139.81878662109375,53.38001251220703,102.08528137207031,252.02667236328125,49.83379364013672,290.399658203125,77.26238250732422,37.38559341430664,23.472747802734375,43.10893249511719,72.56706237792969,28.876405715942383
2022-06-23,225.60047912597656,112.31214904785156,168.63218688964844,71.11589050292969,71.7699966430664,139.28311157226562,114.94303131103516,59.380001068115234,119.06240844726562,19.76411247253418,624.0252685546875,60.99101638793945,220.57620239257812,141.64877319335938,81.79779052734375,12.148319244384766,30.312477111816406,41.52416229248047,16.206850051879883,143.2025146484375,54.66646957397461,104.54325866699219,253.62322998046875,50.59001541137695,303.5344543457031,77.86632537841797,38.4110107421875,23.3925838470459,43.2735710144043,74.33189392089844,28.90245819091797
2022-06-24,228.51756286621094,116.85511779785156,167.48220825195312,72.69624328613281,73.12999725341797,142.0511932373047,115.3699951171875,62.849998474121094,120.94453430175781,20.381013870239258,634.8490600585938,60.808990478515625,222.5061492919922,145.43722534179688,83.80166625976562,12.692628860473633,30.68403434753418,42.831809997558594,16.687416076660156,145.22264099121094,55.631324768066406,108.38935852050781,258.5777893066406,52.2384033203125,305.2950744628906,80.21760559082031,38.789241790771484,24.30647850036621,44.3913688659668,75.8329086303711,29.805391311645508
2022-06-27,226.49130249023438,118.58922576904297,170.58897399902344,72.67253112792969,73.87000274658203,140.8092041015625,115.74571990966797,61.68000030517578,119.59391784667969,20.318544387817383,631.5327758789062,61.985877990722656,226.36607360839844,145.09974670410156,84.42474365234375,12.637408256530762,30.70995330810547,43.56790542602539,16.819990158081055,146.14852905273438,55.83232116699219,106.28504943847656,258.1826477050781,52.64624786376953,302.2116394042969,80.6202163696289,39.234703063964844,24.522930145263672,44.68598937988281,75.6600570678711,29.42337417602539
2022-06-28,220.90174865722656,117.6448745727539,169.12139892578125,72.22213745117188,73.45999908447266,136.85589599609375,115.08818817138672,60.34000015258789,117.24996185302734,19.889053344726562,616.3610229492188,61.42708206176758,224.4701385498047,144.29818725585938,82.74921417236328,12.724180221557617,30.917346954345703,42.57201385498047,16.877988815307617,145.83709716796875,55.58306884765625,105.17984008789062,256.3309326171875,51.89853286743164,293.44580078125,79.91966247558594,38.873291015625,24.45077896118164,44.287391662597656,75.39625549316406,28.989273071289062
2022-06-29,221.10264587402344,118.64627838134766,168.78399658203125,71.89463806152344,73.68000030517578,135.81680297851562,115.15699768066406,60.209999084472656,111.01105499267578,20.177989959716797,598.3059692382812,61.30006408691406,224.92454528808594,144.23910522460938,81.612548828125,12.431217193603516,30.796367645263672,41.72333908081055,16.72056007385254,145.77821350097656,55.768009185791016,104.60514831542969,256.001708984375,51.29524612426758,295.5137939453125,78.3172378540039,38.90690994262695,23.945735931396484,44.67732620239258,75.71466064453125,28.685401916503906
2022-06-30,223.22494506835938,119.04850006103516,168.06582641601562,71.07195281982422,73.61000061035156,136.68544006347656,115.63851165771484,60.40999984741211,113.12843322753906,20.23264503479004,605.2330932617188,61.14765548706055,224.20436096191406,143.53878784179688,80.61058807373047,12.415383338928223,30.74452018737793,42.16498947143555,16.38085174560547,147.02394104003906,55.080501556396484,104.0216064453125,257.3267822265625,50.39459228515625,298.14080810546875,76.43299102783203,38.6967887878418,23.88159942626953,44.957035064697266,74.91410827636719,28.754854202270508
2022-07-01,225.67909240722656,121.59315490722656,169.79624938964844,72.36589050292969,75.69000244140625,139.9162139892578,116.99714660644531,61.31999969482422,114.65333557128906,20.75583267211914,619.9812622070312,61.74880599975586,228.67967224121094,147.13314819335938,82.14299011230469,12.439135551452637,30.882776260375977,42.719234466552734,16.745418548583984,147.68045043945312,56.605567932128906,106.12591552734375,261.19476318359375,51.32073974609375,307.8382263183594,77.04497528076172,39.0497932434082,24.62714385986328,46.102176666259766,75.69646453857422,29.501514434814453
2022-07-05,223.53057861328125,122.56999206542969,168.03121948242188,72.81321716308594,76.47000122070312,139.2424774169922,115.14839935302734,61.869998931884766,112.02182006835938,20.576234817504883,614.573974609375,61.18153381347656,226.767822265625,145.01536560058594,81.55360412597656,12.52623462677002,31.185209274291992,42.23427200317383,16.662561416625977,144.64186096191406,55.911624908447266,107.36372375488281,259.00567626953125,51.29524612426758,302.4817810058594,78.5668716430664,38.50346755981445,24.611108779907227,45.2717399597168,74.92321014404297,29.692516326904297
2022-07-06,225.53062438964844,123.1445541381836,167.8668670654297,71.91061401367188,75.37000274658203,139.43728637695312,115.85348510742188,62.06999969482422,111.88240814208984,20.708984375,610.3087768554688,61.223854064941406,228.07101440429688,147.0319061279297,81.75566864013672,12.249104499816895,31.4357967376709,42.2429313659668,16.496849060058594,144.5660858154297,56.081092834472656,107.39024353027344,260.9067687988281,50.853416442871094,304.7362060546875,77.6408462524414,38.511871337890625,24.739381790161133,44.6248664855957,74.29550170898438,29.45810317993164
2022-07-07,224.61355590820312,122.80801391601562,166.6295928955078,72.35792541503906,76.02999877929688,139.331787109375,115.36337280273438,61.68000030517578,111.90853118896484,20.61527442932129,608.6599731445312,60.893646240234375,228.11386108398438,146.01942443847656,82.0167007446289,12.755853652954102,31.617258071899414,42.43345260620117,16.612844467163086,143.93484497070312,55.5081672668457,108.37166595458984,259.071533203125,51.21877670288086,303.9909362792969,78.81648254394531,38.36058044433594,24.827558517456055,44.37136459350586,74.34101104736328,29.935617446899414
2022-07-08,222.71836853027344,120.13202667236328,164.87322998046875,71.2077407836914,75.8499984741211,139.136962890625,114.14232635498047,61.79999923706055,110.07868957519531,20.474714279174805,599.2454833984375,60.427974700927734,225.4132537841797,146.0447235107422,81.60413360595703,12.629165649414062,31.513565063476562,42.17365646362305,16.422277450561523,142.9499969482422,55.66149139404297,107.49635314941406,259.9273681640625,50.66648483276367,302.0159606933594,78.66349792480469,37.97917938232422,25.108144760131836,44.3801155090332,74.69577026367188,30.39575958251953
2022-07-11,225.32102966308594,117.76798248291016,164.86460876464844,69.70609283447266,75.73999786376953,139.83505249023438,114.185302734375,61.459999084472656,110.41852569580078,20.52938461303711,596.28857421875,60.292503356933594,225.14743041992188,145.15879821777344,81.9914321899414,12.462889671325684,31.539487838745117,41.61076354980469,16.422277450561523,142.5543670654297,56.129486083984375,107.67317962646484,258.2567443847656,50.776947021484375,302.1092224121094,78.28504180908203,37.74186706542969,25.204345703125,44.40633773803711,74.69577026367188,30.109254837036133
2022-07-12,223.1375732421875,117.55453491210938,165.54812622070312,70.28119659423828,76.55999755859375,138.7635498046875,113.98754119873047,59.70000076293945,108.35340881347656,20.599653244018555,578.730712890625,60.36024856567383,226.39915466308594,140.9062957763672,83.18705749511719,12.621247291564941,30.165576934814453,41.27302169799805,16.72884750366211,142.7563934326172,55.96812438964844,106.90396881103516,252.96482849121094,51.40570831298828,296.6317138671875,78.59102630615234,37.99612808227539,25.268478393554688,44.89585876464844,74.99598693847656,30.048480987548828
2022-07-13,223.5131378173828,115.47779846191406,164.86460876464844,69.16294860839844,75.23999786376953,138.7392120361328,113.80696105957031,59.29999923706055,107.0550765991211,20.271692276000977,576.5570068359375,59.93689727783203,224.3329620361328,141.42941284179688,81.65464782714844,12.56582260131836,30.511215209960938,40.848690032958984,16.471988677978516,142.11669921875,54.91105651855469,106.77135467529297,251.9031524658203,50.70047378540039,298.15008544921875,76.9483413696289,37.6147346496582,25.33260726928711,43.92555618286133,74.51384735107422,30.230806350708008
2022-07-14,224.02845764160156,112.79360961914062,163.6446075439453,68.34823608398438,74.88999938964844,138.8284912109375,112.2161636352539,57.939998626708984,105.46047973632812,20.170175552368164,563.697265625,59.31035614013672,224.0071563720703,141.30287170410156,79.987548828125,12.439135551452637,30.312477111816406,38.71835708618164,16.140562057495117,140.16627502441406,55.233802795410156,104.44599914550781,252.19126892089844,49.901763916015625,296.2403869628906,75.69216918945312,37.30960464477539,25.11615753173828,43.610862731933594,72.86727905273438,29.831430435180664
2022-07-15,224.63107299804688,117.22620391845703,166.8026123046875,69.80195617675781,77.95999908447266,140.76046752929688,113.57479095458984,59.90999984741211,105.41694641113281,20.474714279174805,570.90087890625,60.38564682006836,227.58233642578125,143.07472229003906,81.73043060302734,12.6370849609375,30.951913833618164,38.8309440612793,16.670852661132812,142.0319061279297,56.73469161987305,106.99237823486328,257.8617248535156,51.15080261230469,298.7929382324219,77.592529296875,37.826629638671875,26.046096801757812,44.35388946533203,73.88614654541016,30.196077346801758
2022-07-18,217.6877899169922,116.44638061523438,165.46157836914062,69.98564910888672,77.87000274658203,138.10598754882812,112.76648712158203,59.08000183105469,104.55427551269531,20.302927017211914,566.4974975585938,60.004642486572266,225.12171936035156,142.25628662109375,82.8755111694336,12.94588565826416,30.74452018737793,39.281246185302734,16.86970329284668,141.1414794921875,56.056861877441406,105.39203643798828,254.27340698242188,51.558650970458984,292.0484924316406,79.42848205566406,37.80119705200195,25.81361198425293,44.01297378540039,73.49495697021484,29.796703338623047
2022-07-19,224.5961456298828,120.30441284179688,169.1127471923828,71.84671020507812,79.51000213623047,140.8660125732422,115.07959747314453,61.130001068115234,107.72602844238281,20.65432357788086,587.1412353515625,61.44400405883789,228.5596466064453,145.226318359375,84.98886108398438,13.55556869506836,30.822288513183594,40.199195861816406,17.40827751159668,144.9998779296875,56.549110412597656,110.61744689941406,260.2977600097656,53.05408477783203,300.6746520996094,82.35147857666016,38.50466537475586,26.38279151916504,45.00949478149414,74.71398162841797,30.525989532470703
2022-07-20,218.11573791503906,121.32227325439453,168.39462280273438,71.57515716552734,80.19999694824219,138.4307403564453,115.16557312011719,62.29999923706055,107.45590209960938,20.55280876159668,587.1412353515625,61.105323791503906,229.91429138183594,145.79164123535156,86.1844711303711,13.729767799377441,30.856853485107422,40.138587951660156,17.739704132080078,145.3815155029297,56.68629455566406,110.13999938964844,260.06732177734375,53.6573600769043,293.3059997558594,83.3016586303711,38.496192932128906,26.45494270324707,45.02696990966797,74.04078674316406,30.552032470703125
2022-07-21,223.05899047851562,121.64241027832031,169.62318420410156,70.29716491699219,81.26000213623047,140.4439239501953,115.7245101928711,62.59000015258789,109.00692749023438,20.81830596923828,598.9415283203125,61.53713607788086,231.14881896972656,148.0190887451172,86.12553405761719,13.634746551513672,31.29754638671875,40.92662811279297,17.739704132080078,146.19557189941406,56.95256805419922,111.12142181396484,262.76678466796875,53.52141571044922,298.59722900390625,83.93778228759766,38.72503662109375,26.446924209594727,44.83466720581055,73.9862289428711,30.821182250976562
2022-07-22,226.72718811035156,123.30874633789062,171.5266571044922,70.72848510742188,82.26000213623047,140.32212829589844,116.8079833984375,61.810001373291016,111.02848052978516,20.92763328552246,602.2485961914062,62.070552825927734,234.7497100830078,150.11160278320312,86.43707275390625,13.397212982177734,31.496286392211914,41.021888732910156,17.77284812927246,147.59475708007812,57.57390213012695,112.20008850097656,262.807861328125,53.3769645690918,298.84881591796875,83.48686981201172,39.131866455078125,26.503042221069336,45.26298904418945,75.35076904296875,30.829864501953125
2022-07-25,224.75335693359375,123.36619567871094,170.912353515625,71.21571350097656,82.83000183105469,139.2181396484375,116.81658172607422,61.59000015258789,110.76708221435547,20.88077735900879,598.28759765625,62.23142623901367,234.7497100830078,150.22129821777344,86.80753326416016,13.69809341430664,31.504915237426758,40.718788146972656,17.82256317138672,146.9079132080078,57.78369903564453,112.73944091796875,266.58551025390625,53.70834732055664,298.5041198730469,83.7686996459961,39.038631439208984,26.551137924194336,45.8311882019043,76.52429962158203,30.78644371032715
2022-07-26,226.1856689453125,128.4554901123047,170.912353515625,70.5527572631836,81.68000030517578,141.7508544921875,116.0856704711914,60.70000076293945,111.10688781738281,20.888593673706055,591.1207885742188,62.265289306640625,234.6468505859375,151.132568359375,85.06463623046875,13.413046836853027,31.634532928466797,40.54559326171875,17.540847778320312,147.29795837402344,58.445377349853516,112.81015014648438,268.88165283203125,52.73970413208008,301.68994140625,82.60110473632812,39.11491394042969,26.358741760253906,46.023502349853516,77.25205993652344,30.465219497680664
2022-07-27,225.57431030273438,129.9166259765625,174.84901428222656,71.88665771484375,82.77999877929688,140.87413024902344,116.78218841552734,69.68000030517578,112.58821105957031,21.005720138549805,600.8023681640625,64.10259246826172,237.74179077148438,152.72726440429688,86.28550720214844,13.927717208862305,31.945615768432617,40.74477767944336,17.81427764892578,149.2483673095703,57.993492126464844,112.6333236694336,268.52777099609375,53.41094970703125,298.5227355957031,83.8411636352539,39.41156005859375,26.855775833129883,45.7437744140625,76.89725494384766,31.046905517578125
2022-07-28,234.8494873046875,133.9634552001953,183.63084411621094,71.95056915283203,84.70999908447266,147.10043334960938,121.52882385253906,70.91999816894531,119.3150634765625,21.466432571411133,655.2439575195312,65.829833984375,244.17196655273438,158.7431640625,88.18836975097656,14.181089401245117,33.37136459350586,41.56745910644531,18.112565994262695,156.02389526367188,59.34105682373047,117.06297302246094,277.4325866699219,54.16717529296875,311.75994873046875,86.53065490722656,40.90325927734375,27.096275329589844,46.60917663574219,78.2163314819336,31.57651710510254
2022-07-29,236.5351104736328,136.08123779296875,185.10169982910156,72.81321716308594,85.62000274658203,146.65394592285156,121.3310317993164,72.58999633789062,115.4113998413086,21.575761795043945,648.2705078125,66.37171936035156,245.65512084960938,159.9075927734375,88.92088317871094,14.101908683776855,33.72565460205078,41.99180221557617,18.3197021484375,157.49945068359375,59.90620040893555,117.20442962646484,279.5393371582031,54.74495315551758,312.8033447265625,87.48082733154297,41.02192687988281,27.408926010131836,47.01126480102539,78.54383087158203,31.533100128173828
2022-08-01,234.60494995117188,134.88279724121094,179.76341247558594,71.49527740478516,84.7300033569336,146.09384155273438,119.45647430419922,71.16000366210938,113.74711608886719,21.513294219970703,639.6943969726562,64.7545394897461,239.96240234375,159.4772186279297,89.07244110107422,14.125664710998535,33.27631759643555,42.286231994628906,17.971704483032227,154.25161743164062,59.64710235595703,115.80746459960938,277.835205078125,54.184165954589844,310.0646057128906,87.4727783203125,40.03026580810547,27.424957275390625,46.582942962646484,78.2163314819336,32.03666687011719
2022-08-02,232.86695861816406,131.06581115722656,177.00338745117188,70.32911682128906,82.30000305175781,144.37286376953125,117.86566162109375,70.98999786376953,112.64049530029297,21.31807518005371,634.42529296875,63.950199127197266,237.37319946289062,157.7812957763672,87.65792846679688,13.69809341430664,32.818359375,41.88787841796875,17.70656394958496,151.71607971191406,58.942710876464844,114.38396453857422,274.854736328125,53.062591552734375,315.0203857421875,84.93629455566406,39.284420013427734,27.41693878173828,45.59516906738281,76.11491394042969,31.142414093017578
2022-08-03,234.7884063720703,130.8195343017578,174.81443786621094,70.60867309570312,83.5999984741211,144.9004669189453,117.20353698730469,72.5199966430664,112.73634338378906,21.03695297241211,641.2880859375,63.08658218383789,236.1729278564453,163.97442626953125,87.70843505859375,13.729767799377441,32.55047607421875,41.879215240478516,17.756275177001953,150.98678588867188,58.29496765136719,115.57758331298828,281.2436218261719,53.368473052978516,320.33013916015625,86.10387420654297,39.131866455078125,27.28867530822754,45.0706901550293,74.96869659423828,30.84722137451172
2022-08-04,236.91940307617188,131.2628173828125,176.32852172851562,69.21887969970703,82.30999755859375,144.7787322998047,117.90005493164062,72.87000274658203,112.78861236572266,20.990102767944336,642.061767578125,63.44217300415039,238.38485717773438,164.74227905273438,88.44094848632812,13.998978614807129,32.76650619506836,42.38148880004883,17.681703567504883,151.59738159179688,58.67551803588867,115.60411071777344,283.10198974609375,53.368473052978516,322.57525634765625,85.2100830078125,39.54716491699219,27.272640228271484,44.46752166748047,73.68600463867188,30.552032470703125
2022-08-05,237.72291564941406,131.15606689453125,177.28892517089844,69.16294860839844,83.97000122070312,144.81932067871094,118.04623413085938,72.87000274658203,112.81475067138672,20.934818267822266,642.53173828125,63.68772506713867,238.9849853515625,166.4044189453125,89.03877258300781,14.228596687316895,32.73194885253906,45.291221618652344,17.739704132080078,152.25030517578125,58.91032028198242,116.16996002197266,283.6415100097656,53.39396667480469,321.7554931640625,85.75763702392578,39.63191604614258,27.617355346679688,42.789188385009766,73.39490509033203,30.49126434326172
2022-08-08,238.43031311035156,133.40524291992188,178.61265563964844,69.23485565185547,83.76000213623047,145.501220703125,118.65677642822266,72.87000274658203,114.1305160522461,21.49550437927246,642.0804443359375,64.136474609375,240.76824951171875,169.0538330078125,90.1922607421875,14.347365379333496,32.95792007446289,46.75474166870117,18.120853424072266,152.25030517578125,59.31513977050781,116.01968383789062,287.50396728515625,54.413578033447266,321.3642272949219,87.6418685913086,39.928565979003906,27.713558197021484,43.418556213378906,74.23181915283203,30.908002853393555
2022-08-09,241.20765686035156,133.0194549560547,182.05621337890625,68.80352783203125,83.37999725341797,146.0044708251953,121.16764068603516,72.88999938964844,113.43341827392578,21.77979850769043,642.7528076171875,65.58429718017578,245.32077026367188,171.62725830078125,90.43643951416016,14.426547050476074,33.41856384277344,46.16585922241211,18.261707305908203,153.74282836914062,59.54994201660156,117.50503540039062,293.68719482421875,54.1586799621582,321.9138488769531,86.9735336303711,40.6744270324707,27.801742553710938,44.1965446472168,75.19611358642578,30.586767196655273
2022-08-10,242.61378479003906,136.7214813232422,184.91136169433594,70.09748840332031,85.27999877929688,147.579345703125,123.26578521728516,74.7300033569336,115.4549789428711,22.253618240356445,653.5399169921875,66.5749282836914,249.65892028808594,174.5213165283203,92.0866928100586,14.83828067779541,33.84444808959961,46.87596893310547,18.74227523803711,156.6599578857422,60.019535064697266,118.84015655517578,296.3077697753906,55.33122253417969,326.3758850097656,89.68717193603516,41.683013916015625,27.905954360961914,45.01823425292969,75.78741455078125,31.324739456176758
2022-08-11,239.26004028320312,137.0580291748047,186.08802795410156,71.66302490234375,85.3499984741211,145.20896911621094,123.2743911743164,73.86000061035156,112.43135833740234,21.945632934570312,634.9779663085938,66.5749282836914,250.98788452148438,175.03599548339844,92.4908447265625,15.170833587646484,33.800987243652344,46.40834426879883,18.93284797668457,156.24440002441406,59.80092239379883,118.68099212646484,296.6932373046875,55.48417663574219,319.9761657714844,91.85325622558594,41.691490173339844,27.913972854614258,45.06194305419922,73.8952407836914,31.628602981567383
2022-08-12,242.55264282226562,139.61911010742188,188.75286865234375,71.97452545166016,87.38999938964844,147.48191833496094,125.30374908447266,75.05999755859375,114.51390838623047,22.403656005859375,649.0259399414062,67.70101165771484,254.74298095703125,178.84130859375,94.03166198730469,15.463801383972168,34.40939712524414,46.78937530517578,19.34713363647461,159.246337890625,60.45673370361328,121.34232330322266,301.19781494140625,56.3338623046875,326.07781982421875,93.28657531738281,42.488197326660156,28.370920181274414,45.8574104309082,75.22341918945312,32.027984619140625
2022-08-15,245.87144470214844,139.5780487060547,188.94320678710938,71.11986541748047,87.68000030517578,149.47886657714844,125.74227905273438,75.38999938964844,115.97779083251953,22.28520393371582,658.4496459960938,67.71794891357422,254.62290954589844,180.3853759765625,94.1242904663086,15.19459056854248,34.574527740478516,47.22236633300781,19.562562942504883,159.98410034179688,60.521541595458984,122.35026550292969,304.31512451171875,56.34234619140625,330.81939697265625,91.19296264648438,42.4034423828125,28.483154296875,44.49374771118164,74.31370544433594,32.080074310302734
2022-08-16,243.19024658203125,140.84219360351562,189.68727111816406,71.75088500976562,87.29000091552734,147.99334716796875,126.155029296875,75.12999725341797,117.2238540649414,22.30889129638672,658.7736206054688,67.8788070678711,255.89183044433594,179.49945068359375,95.15990447998047,15.455886840820312,34.6005973815918,46.8846321105957,19.6619873046875,159.89926147460938,59.671390533447266,121.22737121582031,302.4996032714844,56.5717658996582,324.20538330078125,92.21562194824219,42.70856475830078,28.27471923828125,44.24024963378906,73.37671661376953,32.201622009277344
2022-08-17,242.32554626464844,140.14447021484375,190.53515625,70.12145233154297,86.4000015258789,147.31143188476562,126.02603912353516,73.5,115.2022705078125,22.214126586914062,654.0181274414062,68.21747589111328,255.0858917236328,181.44850158691406,94.8568115234375,15.32127857208252,34.53106689453125,47.577415466308594,19.380273818969727,160.00953674316406,59.574241638183594,121.47492980957031,304.2552185058594,56.00248718261719,323.03167724609375,90.86280822753906,42.63228988647461,28.0662841796875,44.15283966064453,74.20454406738281,31.758832931518555
2022-08-18,240.6050262451172,136.14688110351562,187.33395385742188,69.6102523803711,86.38999938964844,146.9705047607422,123.66992950439453,73.5,114.19149780273438,22.19834327697754,648.9479370117188,66.99826049804688,251.45079040527344,179.81166076660156,94.33477783203125,15.479637145996094,33.722774505615234,47.67268753051758,19.37198829650879,157.4655303955078,59.09651565551758,120.802978515625,302.1827392578125,56.06196594238281,320.7959289550781,91.25739288330078,41.877952575683594,28.122404098510742,42.85036849975586,72.77630615234375,31.86302375793457
2022-08-19,239.6618194580078,133.9224090576172,186.0015106201172,68.97126007080078,84.91999816894531,146.23178100585938,122.36288452148438,71.73999786376953,113.58154296875,21.96932601928711,644.6642456054688,66.43096923828125,248.6387176513672,178.5797576904297,92.65926361083984,14.869955062866211,33.70538330078125,47.52547073364258,18.833417892456055,155.92213439941406,59.0317497253418,118.54837799072266,300.7953186035156,55.06782913208008,320.90771484375,89.38924407958984,41.38637161254883,27.75363540649414,42.75421142578125,72.39422607421875,31.428918838500977
2022-08-22,235.5918731689453,131.4844207763672,181.97833251953125,66.71880340576172,80.9800033569336,143.68284606933594,119.6972427368164,71.56999969482422,110.3313980102539,21.96142578125,624.8282470703125,64.96623229980469,243.86331176757812,176.3606414794922,90.04071044921875,14.569071769714355,33.2534294128418,46.43431854248047,18.228561401367188,152.0552978515625,58.12495422363281,115.77208709716797,296.6160888671875,54.01422882080078,315.7749328613281,85.95088195800781,40.4625358581543,27.20049285888672,42.99022674560547,72.55006408691406,30.682270050048828
2022-08-23,231.6442413330078,129.4322967529297,178.81167602539062,66.62297058105469,81.20999908447266,140.5251007080078,116.97994995117188,71.44000244140625,109.09406280517578,21.26649284362793,617.82470703125,63.78085708618164,238.0762176513672,173.50880432128906,89.35029602050781,14.616575241088867,32.58418655395508,46.096588134765625,18.211992263793945,148.99398803710938,57.16954803466797,113.57938385009766,292.1114196777344,53.529911041259766,310.9029541015625,86.0313949584961,39.538692474365234,27.008087158203125,42.098602294921875,70.72577667236328,30.829864501953125
2022-08-24,230.9892120361328,130.8031768798828,181.6668243408203,66.03189849853516,81.38999938964844,141.929443359375,117.56466674804688,71.05000305175781,109.47746276855469,21.392847061157227,621.2384643554688,64.94082641601562,240.29676818847656,175.23007202148438,89.41764068603516,14.806611061096191,32.749324798583984,47.15309524536133,18.311416625976562,150.06248474121094,57.193851470947266,115.93124389648438,293.75567626953125,53.69985580444336,310.83758544921875,85.902587890625,40.004852294921875,27.24858856201172,42.168540954589844,71.0558090209961,31.263965606689453
2022-08-25,234.2731170654297,132.93739318847656,184.6258087158203,67.19007110595703,83.44999694824219,144.02377319335938,118.82872772216797,72.5,111.96082305908203,21.645545959472656,637.9474487304688,65.7874984741211,243.09169006347656,177.8119659423828,90.36065673828125,15.147083282470703,33.22735595703125,47.94979476928711,18.5931339263916,151.2496795654297,57.50152587890625,117.39893341064453,299.9560241699219,54.226646423339844,316.4201354980469,87.15874481201172,40.41167068481445,27.545207977294922,42.85911178588867,72.2750473022461,31.793567657470703
2022-08-26,228.11582946777344,129.6949920654297,181.10446166992188,65.10535430908203,80.43000030517578,140.7686004638672,115.82770538330078,70.31999969482422,109.15505981445312,21.187524795532227,620.5631713867188,64.37352752685547,235.59848022460938,174.7659912109375,88.17993927001953,14.442384719848633,32.401668548583984,46.99721145629883,17.996564865112305,147.45065307617188,56.60281753540039,113.48213958740234,295.0487976074219,53.40245819091797,308.32635498046875,84.4289779663086,39.29289627075195,26.968008041381836,42.22098922729492,70.89080047607422,30.716999053955078
2022-08-29,226.83197021484375,127.81523895263672,177.95510864257812,64.24272918701172,79.43000030517578,140.8010711669922,113.9273452758789,69.88999938964844,108.02230072021484,21.10066032409668,610.006591796875,63.26438522338867,231.8347625732422,173.2472381591797,87.25377655029297,14.228596687316895,31.914949417114258,46.77206039428711,17.756275177001953,144.4910888671875,56.667579650878906,112.544921875,291.7516784667969,52.824668884277344,309.3906555175781,83.46270751953125,38.563995361328125,26.87982177734375,42.30839920043945,70.4966049194336,30.239484786987305
2022-08-30,221.3122100830078,126.3951644897461,175.73153686523438,63.747493743896484,78.80999755859375,138.13845825195312,112.12156677246094,69.70999908447266,107.88286590576172,20.761091232299805,606.8240356445312,62.41767883300781,228.33677673339844,169.65286254882812,86.48757934570312,14.149418830871582,31.306550979614258,45.88008117675781,17.764564514160156,142.30323791503906,55.84172439575195,111.09488677978516,284.75482177734375,52.48480987548828,303.0426025390625,83.57544708251953,38.02155303955078,26.527090072631836,41.56538009643555,69.77238464355469,29.51020050048828
2022-08-31,221.8799285888672,125.91903686523438,173.828125,63.44398498535156,78.95999908447266,138.6742401123047,110.50495147705078,69.63999938964844,107.72602844238281,20.72949981689453,608.1931762695312,61.960472106933594,227.24794006347656,167.678466796875,85.26671600341797,14.07023811340332,31.53251838684082,45.559669494628906,17.466276168823242,140.48849487304688,55.48255920410156,110.0869369506836,283.3246765136719,51.69459915161133,303.6307373046875,82.11795043945312,38.030029296875,26.446924209594727,41.836368560791016,70.26742553710938,29.657785415649414
2022-09-01,225.01535034179688,124.56463623046875,176.4669647216797,63.83536148071289,77.48999786376953,139.6240234375,111.01231384277344,69.98999786376953,106.30570220947266,20.761091232299805,604.4277954101562,62.82410430908203,229.76852416992188,169.54318237304688,85.28355407714844,13.753518104553223,31.767194747924805,46.1312255859375,17.648561477661133,141.5908966064453,55.62070846557617,109.9012680053711,289.2767028808594,51.745574951171875,304.704345703125,81.59455871582031,38.58941650390625,26.543123245239258,42.13357925415039,70.2032470703125,29.710161209106445
2022-09-02,219.08514404296875,123.44825744628906,175.21240234375,64.33057403564453,77.13999938964844,136.18212890625,108.93995666503906,70.88999938964844,103.06426239013672,20.421524047851562,583.9439697265625,62.48542785644531,228.0366668701172,168.41258239746094,84.84574127197266,13.666420936584473,31.697668075561523,45.14398956298828,17.590560913085938,139.2589111328125,55.003177642822266,107.77044677734375,285.1744689941406,51.38872146606445,297.0586853027344,80.95037841796875,38.411441802978516,26.19038963317871,41.39054489135742,69.51569366455078,29.561782836914062
2022-09-06,221.9934844970703,125.3198471069336,179.2096710205078,64.72195434570312,76.94999694824219,137.37539672851562,111.86360168457031,76.19999694824219,103.95304870605469,20.666322708129883,584.5731811523438,63.43370056152344,231.29461669921875,170.83413696289062,86.88330841064453,13.460554122924805,33.18389892578125,44.79759216308594,17.640277862548828,141.9640655517578,55.05192184448242,109.45919036865234,290.64691162109375,52.119441986083984,298.3282775878906,81.36103057861328,39.05558395385742,26.591217041015625,42.011192321777344,69.92822265625,29.291217803955078
2022-09-07,226.6398162841797,126.69064331054688,182.0821533203125,66.191650390625,79.4800033569336,140.98776245117188,112.58589172363281,78.06999969482422,106.25343322753906,21.15593910217285,598.7841186523438,64.559814453125,235.2555389404297,173.07003784179688,87.65792846679688,13.967302322387695,33.79230880737305,45.680908203125,18.02141761779785,144.1942901611328,55.47444534301758,111.96135711669922,293.13909912109375,52.867156982421875,305.413818359375,83.3097152709961,39.750587463378906,26.855775833129883,42.79791259765625,71.20247650146484,29.57923698425293
2022-09-08,228.53504943847656,128.8248748779297,183.276123046875,68.40415954589844,79.75,141.4342498779297,114.48628234863281,78.55999755859375,106.88081359863281,21.053274154663086,602.2072143554688,65.00853729248047,236.010009765625,171.66943359375,86.2686538696289,13.991056442260742,33.78360366821289,45.724205017089844,18.13023567199707,145.84788513183594,53.92243194580078,113.09307861328125,290.6555480957031,52.467811584472656,307.32757568359375,83.98954772949219,39.970947265625,26.79163932800293,42.40454864501953,70.01073455810547,29.614151000976562
2022-09-09,228.4651641845703,130.38449096679688,185.55162048339844,68.5319595336914,81.16999816894531,141.6940155029297,115.94808959960938,78.41999816894531,108.44053649902344,21.60606575012207,608.6744384765625,65.38109588623047,238.5648956298828,170.31101989746094,87.51478576660156,14.442384719848633,34.3746223449707,47.82856369018555,18.42319679260254,146.44998168945312,54.271846771240234,114.61386108398438,290.4584655761719,52.91814041137695,308.7838439941406,84.9970474243164,40.66594696044922,27.032142639160156,43.35736846923828,71.12913513183594,30.216384887695312
2022-09-12,231.52197265625,131.5665283203125,185.34393310546875,69.65818786621094,81.68000030517578,143.5448455810547,116.13727569580078,78.44000244140625,110.44465637207031,21.74820899963379,615.6873168945312,65.66895294189453,238.66775512695312,168.78379821777344,88.6009521484375,14.64033317565918,34.86134338378906,48.963016510009766,18.665939331054688,147.46755981445312,54.930030822753906,115.1178207397461,290.75823974609375,53.691349029541016,311.2203674316406,86.20928192138672,40.51337814331055,27.28867530822754,44.13534927368164,71.74336242675781,30.164016723632812
2022-09-13,222.38648986816406,126.18994903564453,179.83261108398438,67.50955200195312,78.48999786376953,137.2942352294922,113.78115844726562,76.63999938964844,104.71112823486328,21.15593910217285,588.6718139648438,63.49298095703125,229.87144470214844,164.10943603515625,85.02254486083984,14.157337188720703,33.81837844848633,47.44752883911133,17.81216049194336,143.6515655517578,53.556766510009766,110.59091186523438,282.3846435546875,50.7684440612793,296.42388916015625,82.24488830566406,39.131866455078125,26.567174911499023,42.85036849975586,68.94731140136719,28.243854522705078
2022-09-14,219.93234252929688,124.76168060302734,177.43600463867188,66.87056732177734,78.13999938964844,136.34432983398438,112.43973541259766,73.97000122070312,102.18467712402344,20.863746643066406,579.7991333007812,62.83256149291992,226.84498596191406,162.9615020751953,84.48368072509766,14.50572395324707,33.209964752197266,47.54299545288086,17.427122116088867,142.20999145507812,53.150489807128906,107.73472595214844,279.70550537109375,50.57524871826172,295.20098876953125,81.93364715576172,38.70807647705078,26.63130760192871,42.32588195800781,67.81973266601562,27.650344848632812
2022-09-15,214.02835083007812,123.85871124267578,174.18284606933594,66.11177062988281,78.2300033569336,132.33180236816406,111.03810119628906,72.48999786376953,98.4962387084961,20.29517364501953,570.2142944335938,61.74880599975586,223.7071075439453,158.7099609375,84.1805648803711,14.3552827835083,32.33213806152344,46.859806060791016,17.309940338134766,140.7005157470703,51.541603088378906,103.41036224365234,270.21197509765625,50.188846588134766,287.06060791015625,81.53228759765625,38.038509368896484,26.543123245239258,41.381813049316406,66.68299865722656,27.344867706298828
2022-09-16,214.7532501220703,123.66993713378906,174.7538604736328,66.6389389038086,76.11000061035156,133.65841674804688,110.92631530761719,70.44999694824219,98.66349029541016,20.31096649169922,578.0134887695312,61.90121078491211,223.8185272216797,156.6182098388672,84.48368072509766,14.07023811340332,32.03662872314453,48.427635192871094,17.360158920288086,140.72596740722656,52.25665283203125,101.14143371582031,269.7725830078125,50.65252685546875,291.0281066894531,81.663330078125,37.8350944519043,26.79163932800293,41.958744049072266,66.7563247680664,26.82118797302246
2022-09-19,216.1593475341797,122.3237075805664,172.7206268310547,65.48077392578125,76.88999938964844,133.82215881347656,109.97183227539062,72.06999969482422,97.84481811523438,20.066162109375,579.1329956054688,61.20692825317383,220.78353881835938,155.01962280273438,84.40789031982422,14.109830856323242,31.923635482788086,49.20718002319336,17.460603713989258,140.02212524414062,51.98038101196289,100.36734008789062,269.212646484375,50.540897369384766,290.9067077636719,82.1384048461914,37.08076095581055,26.88784408569336,41.5129280090332,65.30789947509766,27.676528930664062
2022-09-20,207.77499389648438,118.81047058105469,166.88050842285156,63.52385330200195,74.9800033569336,132.11888122558594,106.72142028808594,70.77999877929688,96.61241149902344,19.473888397216797,570.3807373046875,59.149478912353516,215.27938842773438,152.2731475830078,81.06526947021484,14.014812469482422,31.028417587280273,44.36354446411133,16.950010299682617,135.6549072265625,51.26530838012695,98.70343780517578,263.8542175292969,48.83216094970703,282.3276062011719,80.53299713134766,35.851806640625,26.43891143798828,40.5688591003418,63.767791748046875,26.026939392089844
2022-09-21,204.4998779296875,115.9374771118164,163.49757385253906,61.878440856933594,73.01000213623047,129.70318603515625,105.29399871826172,69.6500015258789,95.76732635498047,19.300153732299805,573.8038940429688,58.158870697021484,212.30438232421875,150.7255859375,79.43885803222656,13.302193641662598,30.307031631469727,43.92559814453125,16.57334327697754,133.721435546875,50.81840133666992,96.58576202392578,259.93450927734375,47.999263763427734,280.3018493652344,78.34603118896484,35.597530364990234,25.97648811340332,39.79087829589844,63.2452507019043,26.14912986755371
2022-09-22,203.30331420898438,116.61878204345703,163.0736083984375,62.173980712890625,72.19999694824219,128.63864135742188,105.56917572021484,70.0999984741211,94.55252838134766,19.387020111083984,563.6821899414062,58.28586196899414,212.6730499267578,148.3787384033203,77.02903747558594,12.819199562072754,30.420024871826172,41.98989486694336,16.04601287841797,134.67974853515625,50.785892486572266,96.57686614990234,257.5050964355469,46.694095611572266,275.66217041015625,75.50376892089844,35.606014251708984,25.546520233154297,38.942955017089844,62.56687545776367,25.669090270996094
2022-09-23,199.8360595703125,117.42321014404297,163.3677978515625,61.59089660644531,70.66000366210938,125.82987213134766,104.86405944824219,69.56999969482422,90.96971130371094,19.17380142211914,548.759033203125,58.435386657714844,212.69021606445312,146.87367248535156,76.99496459960938,12.52623462677002,30.446094512939453,40.81620788574219,15.74467945098877,134.12852478027344,50.2252311706543,96.6302490234375,254.19703674316406,46.98603439331055,275.17669677734375,73.86558532714844,35.91112518310547,25.051652908325195,37.963924407958984,61.155086517333984,25.302513122558594
2022-09-26,193.33816528320312,114.47635650634766,159.36187744140625,59.5141716003418,69.02999877929688,123.45508575439453,102.08659362792969,69.58999633789062,89.59645080566406,18.51045799255371,538.082275390625,56.63251495361328,206.60305786132812,144.36524963378906,74.95983123779297,12.288692474365234,29.83769989013672,39.178306579589844,15.100156784057617,130.83827209472656,49.48577117919922,92.67961120605469,250.53573608398438,45.758155822753906,267.437744140625,71.55577087402344,34.665225982666016,24.73526954650879,36.28556823730469,60.29338073730469,24.61300277709961
2022-09-27,192.66566467285156,113.2204360961914,157.29403686523438,58.83523941040039,68.52999877929688,121.30960845947266,100.88275146484375,70.01000213623047,86.03125762939453,18.00505256652832,525.2221069335938,56.10276412963867,204.34825134277344,141.9759063720703,74.8576431274414,12.478726387023926,29.463960647583008,38.17979431152344,15.200602531433105,128.5062255859375,48.34003448486328,91.00684356689453,247.66700744628906,45.320228576660156,265.3186340332031,72.92363739013672,34.36857604980469,24.865066528320312,35.32400894165039,58.954952239990234,24.27260398864746
2022-09-28,193.06744384765625,115.92106628417969,161.2826385498047,61.103675842285156,70.18000030517578,122.89006805419922,103.496826171875,72.2300033569336,87.82705688476562,18.431488037109375,533.3731079101562,57.572391510009766,209.7924041748047,145.1220245361328,77.33557891845703,13.104244232177734,29.976757049560547,39.33596420288086,15.602380752563477,132.12722778320312,49.05510330200195,92.4749755859375,252.04330444335938,46.676918029785156,272.1334533691406,75.79045104980469,35.34327697753906,25.051652908325195,36.058292388916016,59.9725227355957,24.604270935058594
2022-09-29,186.65692138671875,114.59662628173828,158.3854522705078,60.42401123046875,67.79000091552734,118.12413024902344,102.45681762695312,70.69000244140625,85.30941009521484,17.83131980895996,519.3935546875,56.58125305175781,206.4702911376953,143.5574951171875,75.60699462890625,12.593792915344238,29.446582794189453,38.372493743896484,15.133637428283691,130.2700958251953,47.08867263793945,90.0369644165039,247.66700744628906,45.65510559082031,263.5076599121094,73.00554656982422,34.817787170410156,23.842880249023438,34.65967559814453,58.05655288696289,24.220237731933594
2022-09-30,187.5127716064453,116.04521942138672,160.7328643798828,60.65865707397461,67.51000213623047,118.36981201171875,103.52283477783203,69.6500015258789,87.30767822265625,18.099817276000977,526.2860717773438,57.435691833496094,209.55877685546875,146.85667419433594,76.7395248413086,12.665575981140137,29.350975036621094,38.512630462646484,15.409858703613281,131.49972534179688,47.495079040527344,90.40178680419922,252.2500762939453,46.23899459838867,265.72943115234375,73.51338958740234,35.35174560546875,24.216060638427734,35.51731872558594,58.96412658691406,24.927209854125977
2022-10-03,189.67002868652344,119.2735366821289,162.85337829589844,61.28166580200195,70.27999877929688,120.95750427246094,105.83680725097656,71.98999786376953,88.4256591796875,18.763158798217773,535.5935668945312,58.179046630859375,213.51243591308594,147.6134490966797,77.56547546386719,13.056390762329102,30.359180450439453,39.97535705566406,15.686081886291504,134.48464965820312,48.32747268676758,92.85757446289062,253.2322540283203,46.62540054321289,269.7249755859375,74.52085876464844,35.733150482177734,24.775827407836914,35.9063606262207,59.935855865478516,25.63417625427246
2022-10-04,192.21151733398438,120.48207092285156,164.19729614257812,62.26877212524414,73.4800033569336,123.12754821777344,106.72080993652344,73.7699966430664,89.97498321533203,18.857927322387695,543.85546875,58.51230239868164,212.40504455566406,152.60476684570312,79.66024780273438,13.439229965209961,30.454788208007812,41.6745719909668,16.188302993774414,134.3489990234375,49.18434524536133,94.30791473388672,255.85971069335938,48.145233154296875,273.91644287109375,78.5262222290039,35.92808151245117,25.441059112548828,36.11855697631836,59.01913070678711,26.08803367614746
2022-10-05,187.02369689941406,117.00543975830078,159.2667999267578,60.27838897705078,72.94000244140625,119.36884307861328,103.49681854248047,74.4000015258789,87.14924621582031,18.392005920410156,535.14013671875,56.84611892700195,204.47190856933594,151.4483184814453,79.24299621582031,13.343520164489746,29.776853561401367,41.21035385131836,16.154823303222656,130.17678833007812,48.572296142578125,93.81854248046875,253.20635986328125,47.82752990722656,264.3011779785156,78.44429779052734,34.817787170410156,25.449174880981445,35.243228912353516,57.13066101074219,26.01820945739746
2022-10-06,177.35546875,115.33332061767578,155.00831604003906,59.404537200927734,71.66999816894531,112.76044464111328,100.85350799560547,75.20999908447266,83.0998764038086,17.83921241760254,515.7295532226562,55.068878173828125,197.84503173828125,146.34649658203125,78.2892837524414,13.207927703857422,29.29013442993164,40.29067611694336,16.037643432617188,127.37844848632812,47.7562370300293,90.68650817871094,248.07192993164062,47.329505920410156,250.20481872558594,77.5514907836914,33.72443389892578,25.11655616760254,33.890438079833984,54.78382873535156,25.459617614746094
2022-10-07,171.22369384765625,111.53385162353516,150.3396759033203,57.697330474853516,69.43000030517578,110.01719665527344,97.932861328125,73.47000122070312,81.38330078125,17.294326782226562,501.3243408203125,53.42835235595703,191.37388610839844,140.44534301757812,77.10566711425781,13.00055980682373,28.11678695678711,39.98412322998047,15.594010353088379,123.1638412475586,47.356353759765625,89.29844665527344,244.3761444091797,46.64256286621094,244.9583740234375,75.79865264892578,32.55207443237305,24.856952667236328,33.35109329223633,53.72042465209961,25.01449203491211
2022-10-10,166.78099060058594,109.38166046142578,149.10047912597656,56.7911376953125,69.45999908447266,108.60871124267578,97.04885864257812,72.70999908447266,78.94489288330078,17.0653133392334,488.43646240234375,53.060943603515625,191.5728759765625,140.8280029296875,75.94760131835938,13.032462120056152,27.934268951416016,39.484867095947266,15.602380752563477,122.53631591796875,46.80141830444336,87.9993667602539,247.7617950439453,46.64256286621094,239.40386962890625,75.79045104980469,32.380943298339844,24.62169075012207,32.378501892089844,52.59284591674805,25.19777488708496
2022-10-11,166.50828552246094,111.31864929199219,152.460205078125,57.616416931152344,69.25,108.52680969238281,98.33151245117188,72.37000274658203,79.2706069946289,17.531234741210938,485.07806396484375,53.87266159057617,196.25320434570312,143.03880310058594,77.28450012207031,13.184002876281738,28.655662536621094,40.2994384765625,15.80327033996582,124.54608154296875,47.380836486816406,89.5386962890625,249.7517852783203,47.45830535888672,238.2649383544922,77.66617584228516,32.99705505371094,24.92185401916504,32.70564651489258,53.32623291015625,25.712726593017578
2022-10-12,161.68731689453125,110.1432113647461,149.8073272705078,57.58405685424805,68.5199966430664,105.66072845458984,97.1875228881836,71.44999694824219,78.53995513916016,17.499650955200195,473.5685729980469,52.966949462890625,193.8048858642578,141.83135986328125,76.97794342041016,13.25578498840332,27.986419677734375,39.75638198852539,15.794900894165039,123.06207275390625,46.948326110839844,89.36072540283203,247.16734313964844,46.98603439331055,228.32286071777344,76.73240661621094,32.654762268066406,24.81639289855957,32.307762145996094,53.08787536621094,25.65163230895996
2022-10-13,167.0185546875,111.45935821533203,153.47242736816406,59.445003509521484,69.41000366210938,107.37217712402344,99.15486145019531,71.66999816894531,81.0751953125,17.94977569580078,483.42193603515625,54.633113861083984,198.28627014160156,141.8228759765625,77.33557891845703,13.423276901245117,28.238473892211914,40.09797668457031,16.188302993774414,125.363037109375,46.964637756347656,91.22036743164062,249.174560546875,46.96886444091797,233.1492462158203,78.49345397949219,33.40781021118164,24.92185401916504,32.97972869873047,54.24296188354492,26.009485244750977
2022-10-14,163.43800354003906,108.8932876586914,147.98348999023438,59.21035385131836,67.54000091552734,104.53067016601562,95.92219543457031,70.30000305175781,79.96602630615234,17.58651351928711,467.5826416015625,52.83024215698242,192.5937042236328,136.73802185058594,75.93057250976562,13.40732479095459,27.46493148803711,38.661521911621094,15.870234489440918,121.75336456298828,45.32434844970703,88.55992889404297,242.75660705566406,45.85260772705078,226.00772094726562,78.51801300048828,32.21833038330078,24.05380630493164,31.86567497253418,53.02370834350586,25.311241149902344
2022-10-17,169.34103393554688,111.07857513427734,153.04489135742188,60.5211067199707,69.79000091552734,108.88713073730469,100.0215072631836,72.08000183105469,83.76010131835938,18.044540405273438,487.5019836425781,54.83818054199219,200.07704162597656,142.7752227783203,78.14453887939453,13.861946105957031,28.560054779052734,39.90528869628906,16.138084411621094,127.4928970336914,46.91568374633789,93.6316909790039,251.32826232910156,47.14059829711914,236.31385803222656,81.21282958984375,33.71587371826172,24.702816009521484,33.17426681518555,54.98550796508789,25.974565505981445
2022-10-18,173.5022430419922,110.72264099121094,155.1217498779297,60.19746780395508,70.2699966430664,109.22286987304688,100.06483459472656,73.3499984741211,85.2477798461914,18.289342880249023,499.7978515625,55.5473747253418,201.81591796875,145.3006134033203,79.2600326538086,14.077292442321777,28.93378257751465,41.28042984008789,16.46453094482422,128.90423583984375,47.84599685668945,94.18335723876953,256.031982421875,47.71589660644531,241.09353637695312,80.81149291992188,34.22075271606445,24.832616806030273,33.695926666259766,55.6180534362793,26.053119659423828
2022-10-19,168.0214385986328,108.09860229492188,151.2733917236328,58.10997009277344,67.83000183105469,107.02825927734375,97.69884490966797,72.29000091552734,83.81291198730469,17.815523147583008,486.206787109375,54.36824035644531,196.48680114746094,141.08309936523438,77.68470764160156,13.981582641601562,28.247163772583008,40.500892639160156,15.98741626739502,126.26114654541016,47.19314193725586,90.76658630371094,250.60464477539062,46.64256286621094,235.70709228515625,80.29544830322266,33.2537727355957,23.85099220275879,32.820579528808594,54.38964080810547,25.35487937927246
2022-10-20,165.39105224609375,106.98112487792969,150.12149047851562,58.498355865478516,67.7699966430664,103.83460235595703,97.3001937866211,70.56999969482422,83.69847106933594,17.728660583496094,486.8359069824219,54.35114669799805,196.14077758789062,140.9640350341797,77.10566711425781,13.750284194946289,28.28192901611328,40.553443908691406,16.087865829467773,126.26973724365234,46.899356842041016,91.16697692871094,252.49130249023438,46.63398361206055,231.47824096679688,80.5248031616211,33.27945327758789,24.086261749267578,33.1035270690918,54.06877899169922,25.25887107849121
2022-10-21,165.00393676757812,109.30717468261719,152.61727905273438,58.66017532348633,69.30999755859375,101.20597839355469,98.70417785644531,71.80000305175781,85.26541137695312,17.72076416015625,494.6075439453125,54.86381149291992,197.0577850341797,141.11712646484375,78.5702896118164,14.228836059570312,28.768644332885742,41.22786331176758,16.48126792907715,127.9034652709961,47.02992248535156,91.7186508178711,252.1380615234375,47.8017692565918,231.70225524902344,82.76092529296875,33.54471969604492,24.37830924987793,32.82942199707031,53.06037521362305,26.14912986755371
2022-10-24,163.10369873046875,109.927978515625,151.1425018310547,58.9190673828125,69.81999969482422,100.27245330810547,97.932861328125,71.38999938964844,85.77597045898438,17.554922103881836,491.42486572265625,54.81254959106445,196.9366455078125,140.30931091308594,79.10676574707031,14.228836059570312,28.577434539794922,41.77091979980469,16.657047271728516,126.98822784423828,48.15609359741211,91.97669219970703,250.9837188720703,48.2997932434082,230.8994140625,83.86669921875,33.39070129394531,24.248510360717773,32.8382682800293,52.7211799621582,26.23641014099121
2022-10-25,172.01548767089844,116.06175231933594,156.02932739257812,60.94994354248047,71.95999908447266,103.5316162109375,101.20016479492188,74.5,89.39398956298828,18.194583892822266,513.379638671875,56.572696685791016,204.55836486816406,147.4178924560547,82.29998016357422,14.356447219848633,29.516111373901367,43.365028381347656,17.159271240234375,131.68418884277344,49.36387634277344,96.3900146484375,258.538818359375,49.92266082763672,239.5438690185547,86.69253540039062,34.717071533203125,24.938077926635742,34.58893966674805,55.3338737487793,26.978290557861328
2022-10-26,173.23831176757812,115.97071075439453,152.32928466796875,58.9757194519043,72.6500015258789,105.07112884521484,99.71817016601562,80.04000091552734,88.2672119140625,18.16299819946289,513.61083984375,54.54767608642578,197.47303771972656,145.77676391601562,81.52507781982422,14.43620491027832,29.24667739868164,43.189857482910156,17.159271240234375,129.7254180908203,49.45364761352539,97.7602767944336,256.7900695800781,49.493324279785156,241.57896423339844,86.4386215209961,33.827117919921875,24.87317657470703,34.208736419677734,55.37053680419922,27.021930694580078
2022-10-27,174.78663635253906,117.61796569824219,150.3920135498047,57.38176727294922,70.2699966430664,104.8172607421875,99.57949829101562,81.62000274658203,87.9503173828125,18.218271255493164,513.416748046875,53.18055725097656,191.6853485107422,146.1424102783203,82.40216064453125,14.763211250305176,26.98690414428711,43.68911361694336,17.326679229736328,131.7440948486328,49.894317626953125,98.77462005615234,256.5833435058594,50.15449905395508,242.9419403076172,87.1430435180664,33.60462188720703,25.140892028808594,34.22642135620117,54.94884490966797,27.06557273864746
2022-10-28,180.09146118164062,120.62278747558594,153.23684692382812,58.90290832519531,70.75,108.50224304199219,99.64884948730469,82.87999725341797,89.25314331054688,18.77105712890625,525.5550537109375,53.94102096557617,192.26499938964844,151.95849609375,84.19037628173828,14.874872207641602,27.821279525756836,43.88180160522461,17.66986656188965,133.95953369140625,50.84911346435547,100.52749633789062,268.3856201171875,51.41674041748047,252.06251525878906,89.24811553955078,33.869903564453125,26.06572914123535,35.09291458129883,56.378936767578125,27.14412498474121
2022-10-31,182.2732391357422,120.27513122558594,152.8179473876953,58.82197189331055,70.94000244140625,109.12459564208984,100.14283752441406,82.72000122070312,88.24960327148438,18.73946762084961,524.0656127929688,53.84702682495117,192.26499938964844,150.8786163330078,84.28404998779297,15.058317184448242,27.543155670166016,43.85551834106445,17.895862579345703,134.6780242919922,51.019535064697266,98.54326629638672,266.84356689453125,51.95769500732422,251.95980834960938,89.2645034790039,34.023929595947266,25.97648811340332,34.597782135009766,55.957252502441406,26.99574851989746
2022-11-01,182.8802490234375,119.8281021118164,152.96633911132812,58.41743469238281,72.77999877929688,108.30571746826172,100.01284790039062,81.19000244140625,85.27420043945312,18.794748306274414,513.028076171875,54.04356002807617,191.52964782714844,151.2612762451172,85.83380889892578,15.042366027832031,27.508392333984375,43.978145599365234,18.013050079345703,134.76356506347656,50.97038269042969,96.58576202392578,265.02587890625,53.16841506958008,257.43035888671875,93.24526977539062,34.09239196777344,26.52814483642578,33.9611701965332,55.095516204833984,26.52443504333496
2022-11-02,180.51373291015625,117.85801696777344,149.37974548339844,57.640689849853516,69.8499984741211,105.50511932373047,96.97086334228516,79.18000030517578,82.95022583007812,18.676294326782227,508.1616516113281,52.84732437133789,187.14344787597656,134.73983764648438,84.44583129882812,14.356447219848633,27.343252182006836,43.075992584228516,17.435495376586914,131.05125427246094,50.03634262084961,94.9752426147461,243.81619262695312,51.95769500732422,250.51290893554688,91.41870880126953,33.236656188964844,25.96837615966797,33.04163360595703,53.95877456665039,25.887290954589844
2022-11-03,177.117919921875,118.44576263427734,148.43728637695312,57.09049987792969,68.83999633789062,105.89820098876953,95.40219116210938,79.88999938964844,83.58404541015625,18.944793701171875,541.5609741210938,52.44574737548828,185.1277313232422,131.16000366210938,84.65019989013672,13.550890922546387,27.25634002685547,43.65407943725586,17.368528366088867,130.07611083984375,50.49516296386719,96.10526275634766,238.34579467773438,51.76878356933594,252.3333282470703,92.21321868896484,33.01417541503906,25.9521541595459,32.71448516845703,53.537071228027344,25.65163230895996
2022-11-04,179.39649963378906,120.77176666259766,145.98512268066406,57.964332580566406,70.76000213623047,106.49597930908203,96.63285827636719,79.97000122070312,85.18617248535156,19.20069122314453,565.3753051757812,52.343204498291016,185.343994140625,130.8368377685547,89.48686218261719,13.71838092803955,26.969524383544922,43.277442932128906,17.929346084594727,131.48748779296875,51.62583541870117,95.75825500488281,239.25897216796875,54.585201263427734,254.20968627929688,94.66231536865234,32.89436721801758,25.497848510742188,34.91608428955078,55.8747444152832,26.42842674255371
2022-11-07,177.72496032714844,121.57469940185547,141.38629150390625,58.24751663208008,71.16999816894531,106.32400512695312,95.02085876464844,80.3499984741211,85.58230590820312,19.35264015197754,561.1474609375,51.42896270751953,181.2259979248047,129.24679565429688,88.49057006835938,13.694453239440918,26.006635665893555,43.724143981933594,17.98793601989746,129.67408752441406,51.724151611328125,96.92387390136719,236.32992553710938,54.653900146484375,258.7186584472656,95.72713470458984,32.33814239501953,25.798011779785156,35.9063606262207,56.3422737121582,27.021930694580078
2022-11-08,178.60470581054688,120.5234603881836,140.539794921875,57.87533187866211,71.3499984741211,106.30765533447266,95.2028579711914,80.16999816894531,86.66507720947266,19.328641891479492,551.6456298828125,51.31787872314453,179.90235900878906,130.74334716796875,88.14144134521484,13.75826358795166,26.35677719116211,44.232154846191406,17.66986656188965,131.23085021972656,51.89621353149414,97.65348815917969,246.9950714111328,54.10435485839844,260.23095703125,94.53944396972656,32.18411636352539,25.781787872314453,37.32987594604492,60.971771240234375,27.074302673339844
2022-11-09,176.86282348632812,118.15605163574219,138.7334442138672,57.24423599243164,70.0999984741211,104.53067016601562,94.78687286376953,79.77999877929688,85.46786499023438,19.11272621154785,553.2183227539062,50.99319076538086,179.3746337890625,128.9322052001953,85.9615478515625,13.399351119995117,26.09417152404785,43.06722640991211,17.38527488708496,130.2386016845703,51.82248306274414,96.7992935180664,245.27207946777344,53.417423248291016,256.46881103515625,92.49171447753906,32.14132308959961,25.578975677490234,36.9143180847168,60.962581634521484,26.23641014099121
2022-11-10,194.33447265625,127.12906646728516,149.93821716308594,61.0713005065918,77.22000122070312,113.54658508300781,100.70616912841797,84.16000366210938,95.59125518798828,20.272287368774414,599.524169921875,54.658756256103516,189.08132934570312,138.67669677734375,91.17286682128906,14.460131645202637,28.265037536621094,46.04523468017578,18.67430877685547,140.13525390625,53.5594482421875,105.29672241210938,260.86492919921875,56.89500427246094,277.13714599609375,98.32363891601562,34.81976318359375,26.463245391845703,39.66410446166992,64.22615051269531,28.680252075195312
2022-11-11,196.41061401367188,124.97686004638672,145.8280792236328,61.556766510009766,78.83000183105469,115.02875518798828,99.86550903320312,83.27999877929688,98.22334289550781,20.32826042175293,611.1817016601562,53.641963958740234,186.2610321044922,134.62924194335938,91.76893615722656,14.803091049194336,27.993680953979492,46.30800247192383,18.56549644470215,137.0987091064453,53.23992919921875,103.3302993774414,254.2918243408203,56.51719665527344,278.17333984375,98.45468139648438,34.32344055175781,26.06572914123535,40.061981201171875,65.61958312988281,28.880996704101562
2022-11-14,189.47830200195312,121.99689483642578,145.20846557617188,60.21363830566406,75.22000122070312,110.6395263671875,96.95353698730469,82.20999908447266,94.56130981445312,19.80046844482422,591.1420288085938,52.60808181762695,182.0824737548828,131.22802734375,89.8189468383789,14.428228378295898,27.39844512939453,44.97665786743164,18.25579071044922,133.38638305664062,52.50251770019531,100.10038757324219,250.46685791015625,55.546905517578125,270.1730651855469,96.26770782470703,33.664527893066406,25.67632484436035,39.58452606201172,64.43699645996094,28.226398468017578
2022-11-15,193.17320251464844,124.01666259765625,147.45120239257812,60.18938064575195,75.55999755859375,111.36837005615234,99.34549713134766,82.70999908447266,98.4786376953125,20.15233039855957,611.0283203125,53.23182678222656,183.56182861328125,131.6702117919922,91.743408203125,14.803091049194336,27.722322463989258,46.05399703979492,18.49015998840332,133.99366760253906,53.04328918457031,100.32284545898438,249.0540313720703,56.22525405883789,275.55950927734375,98.42192077636719,34.03248977661133,25.838573455810547,39.725990295410156,64.08865356445312,28.575517654418945
2022-11-16,192.79490661621094,121.99689483642578,144.9292449951172,57.58405685424805,75.66000366210938,111.04898834228516,99.06817626953125,82.47000122070312,96.700439453125,19.64851951599121,602.344970703125,52.59099578857422,181.69317626953125,133.43881225585938,90.32986450195312,14.579769134521484,27.29340171813965,45.29197311401367,18.188823699951172,134.27598571777344,52.30588150024414,101.12364196777344,250.77696228027344,55.38375473022461,277.00994873046875,94.67868041992188,33.9297981262207,25.67632484436035,38.673828125,62.52104568481445,27.990741729736328
2022-11-17,190.3228302001953,121.89752197265625,144.10025024414062,57.139041900634766,74.4800033569336,109.41938781738281,98.38351440429688,80.75,96.20748138427734,19.5125732421875,594.953857421875,52.78752517700195,179.53038024902344,132.05282592773438,91.61566925048828,14.25275993347168,26.94325828552246,44.950382232666016,18.42319679260254,133.3008575439453,52.77289581298828,99.93133544921875,249.29522705078125,56.139373779296875,269.37396240234375,94.84249877929688,33.7586555480957,25.814237594604492,38.329002380371094,61.716278076171875,27.947101593017578
2022-11-18,189.962158203125,124.30638122558594,147.64317321777344,57.35749435424805,75.30000305175781,111.23733520507812,99.51020050048828,80.80000305175781,97.2374267578125,19.71250343322754,601.898681640625,53.7701301574707,183.05140686035156,134.4676971435547,92.31392669677734,14.619647979736328,27.372180938720703,45.808753967285156,18.54038429260254,135.75576782226562,53.010494232177734,101.93334197998047,252.8531494140625,56.31969451904297,272.0128479003906,96.57079315185547,34.40046310424805,26.20363998413086,38.965606689453125,62.69678497314453,28.165298461914062
2022-11-21,193.46351623535156,124.00836181640625,147.20684814453125,57.155235290527344,75.26000213623047,113.91508483886719,100.74951171875,80.55999755859375,97.35185241699219,20.144332885742188,608.8528442382812,53.6676025390625,184.72109985351562,134.00001525878906,91.93925476074219,14.492034912109375,27.354671478271484,46.04523468017578,18.607343673706055,136.7822265625,53.50209426879883,102.28035736083984,256.3249206542969,55.795921325683594,276.6356201171875,95.98103332519531,34.49459457397461,26.50380516052246,38.974449157714844,63.0667839050293,27.947101593017578
2022-11-22,191.89756774902344,126.38410186767578,147.3900909423828,57.058135986328125,75.9800033569336,113.91508483886719,101.25218200683594,79.43000030517578,96.392333984375,20.312267303466797,609.9498901367188,53.79575729370117,184.9114227294922,133.2772674560547,93.71894073486328,14.779166221618652,27.643539428710938,46.38682556152344,19.050975799560547,137.6119384765625,53.50209426879883,103.01887512207031,257.8842468261719,57.04956817626953,275.1758728027344,97.78303527832031,34.58871841430664,26.958110809326172,39.50495910644531,63.68654251098633,28.200212478637695
2022-11-23,192.0031280517578,125.67222595214844,147.05848693847656,56.75066375732422,76.77999877929688,114.74214935302734,101.72884368896484,80.0199966430664,97.70396423339844,20.200313568115234,624.5462646484375,53.41126251220703,183.2849884033203,133.06468200683594,93.26763153076172,14.571794509887695,27.661048889160156,46.780982971191406,18.94215965270996,137.9883270263672,52.863037109375,102.79643249511719,255.9630584716797,56.46567153930664,278.4977722167969,97.97142791748047,34.331993103027344,26.94999885559082,39.7171516418457,64.14904022216797,28.06056785583496
2022-11-25,193.61305236816406,127.5760726928711,148.40237426757812,57.9724235534668,77.27999877929688,115.61837768554688,102.37882232666016,79.9800033569336,97.95045471191406,20.36025619506836,627.2330322265625,54.28279113769531,183.93385314941406,132.32492065429688,93.8807373046875,14.723332405090332,27.766088485717773,46.91237258911133,19.017494201660156,138.10806274414062,53.133399963378906,103.56163024902344,257.24664306640625,56.903587341308594,277.4964904785156,98.86422729492188,34.8539924621582,27.06357192993164,40.22113800048828,64.31554412841797,28.200212478637695
2022-11-28,188.17625427246094,123.34615325927734,146.66580200195312,56.3056640625,75.08999633789062,112.6130599975586,99.8481674194336,78.73999786376953,94.61414337158203,19.84844207763672,616.0301513671875,53.13783264160156,182.07386779785156,129.71449279785156,91.68379974365234,14.515961647033691,27.12708282470703,46.65835952758789,18.473421096801758,135.25967407226562,50.585304260253906,99.17501068115234,248.5801239013672,55.263545989990234,274.42718505859375,94.81793212890625,34.160850524902344,26.966228485107422,39.0628662109375,61.64228820800781,27.240127563476562
2022-11-29,191.09701538085938,126.25163269042969,149.0393829345703,57.1956901550293,76.45999908447266,113.91508483886719,102.04951477050781,78.25,95.73211669921875,20.50419807434082,623.793212890625,54.32551956176758,185.5602569580078,130.53929138183594,93.71894073486328,14.882847785949707,27.941158294677734,47.17512893676758,19.017494201660156,138.5015106201172,51.04411315917969,101.26598358154297,250.3462371826172,56.51719665527344,275.6343078613281,96.21038818359375,34.8711051940918,27.3150634765625,40.141563415527344,64.0102767944336,27.720169067382812
2022-11-30,194.64236450195312,128.8094482421875,152.6259765625,58.32034683227539,79.5999984741211,115.81488037109375,104.28549194335938,81.04000091552734,98.99800109863281,21.000009536743164,642.0989990234375,55.41920471191406,190.65585327148438,136.63597106933594,94.60452270507812,15.106175422668457,28.562660217285156,47.586795806884766,19.18490219116211,141.03341674804688,51.881526947021484,104.8073501586914,256.68670654296875,57.040977478027344,280.07928466796875,97.83219146728516,35.487239837646484,27.745031356811523,41.14067459106445,65.70304870605469,28.549333572387695
2022-12-01,194.6863250732422,128.19686889648438,151.99766540527344,57.9724235534668,79.54000091552734,116.044189453125,103.5574951171875,82.94999694824219,98.32898712158203,20.912038803100586,649.0717163085938,55.239776611328125,190.24923706054688,136.09176635742188,92.83334350585938,14.906779289245605,28.317556381225586,47.98093795776367,18.95890235900879,140.4688720703125,51.66764450073242,104.19338989257812,254.55023193359375,56.388389587402344,281.8666076660156,97.47997283935547,34.982357025146484,27.469205856323242,40.99919891357422,65.66605377197266,28.32992172241211
2022-12-02,192.9884490966797,126.9138412475586,150.59275817871094,57.21186828613281,79.25,114.78308868408203,103.89549255371094,83.45999908447266,97.58073425292969,20.9360294342041,642.861328125,54.778377532958984,188.3546142578125,135.19894409179688,93.19097900390625,14.811065673828125,28.326313018798828,48.22618865966797,18.925424575805664,140.50306701660156,51.74169158935547,104.051025390625,254.82591247558594,56.508609771728516,276.2894592285156,97.75027465820312,35.08504104614258,27.607120513916016,40.8842658996582,65.74929809570312,28.452791213989258
2022-12-05,189.68063354492188,124.64573669433594,148.61181640625,54.89781951904297,77.7300033569336,113.51380920410156,100.87083435058594,81.77999877929688,96.09304809570312,20.816076278686523,636.1676025390625,53.8043098449707,185.4651336669922,133.37078857421875,91.12178802490234,14.101222038269043,28.14249038696289,48.164878845214844,18.50690269470215,136.3459930419922,51.19876480102539,101.66639709472656,249.3555450439453,55.658531188964844,274.6705017089844,96.39875793457031,34.44324493408203,27.0148983001709,40.19460678100586,64.92605590820312,27.66292381286621
2022-12-06,186.9622344970703,121.26016998291016,145.63609313964844,52.866966247558594,76.83999633789062,112.40835571289062,99.34549713134766,80.95999908447266,95.11589813232422,20.6401424407959,638.584716796875,52.71916580200195,182.6102294921875,132.6820526123047,90.88337707519531,13.885873794555664,27.71356773376465,47.88459777832031,18.49015998840332,134.4556121826172,51.585391998291016,101.96891784667969,248.95925903320312,56.14796447753906,270.14129638671875,96.86567687988281,33.84422302246094,27.209606170654297,39.81440734863281,63.085289001464844,27.224111557006836
2022-12-07,185.72177124023438,120.45723724365234,146.57855224609375,52.59187698364258,76.33999633789062,113.59571075439453,99.04216766357422,80.16000366210938,95.77613067626953,20.272287368774414,636.9577026367188,52.94131851196289,184.18470764160156,133.63436889648438,91.27507019042969,14.021463394165039,28.168750762939453,47.67438507080078,18.406455993652344,136.2005615234375,52.29283142089844,103.21463775634766,255.70465087890625,56.45708465576172,269.2242431640625,97.51274108886719,33.72443389892578,27.363740921020508,38.74456024169922,60.12527847290039,27.81212615966797
2022-12-08,186.72470092773438,123.05644989013672,148.0009765625,53.61943435668945,76.12000274658203,113.9969711303711,100.71481323242188,82.38999938964844,94.4732894897461,20.408235549926758,635.3029174804688,53.582149505615234,185.0412139892578,133.8894805908203,91.7178726196289,14.1091947555542,28.107479095458984,47.8320426940918,18.397993087768555,139.65626525878906,52.69589614868164,104.63829040527344,260.7528991699219,56.63740539550781,270.69342041015625,97.40463256835938,34.357669830322266,27.323177337646484,39.91166687011719,60.772769927978516,27.794570922851562
2022-12-09,188.1234893798828,123.55309295654297,147.98348999023438,53.89453125,75.83999633789062,114.4964828491211,100.5328369140625,80.69999694824219,94.15637969970703,20.272287368774414,628.2929077148438,53.5992431640625,185.81980895996094,133.14120483398438,91.66677856445312,14.1091947555542,27.652292251586914,47.656864166259766,18.36416244506836,138.2620086669922,53.0167121887207,103.49935913085938,256.3766174316406,56.43991470336914,269.6828308105469,97.0969009399414,34.13517761230469,27.5259952545166,40.16808319091797,61.67002868652344,27.627819061279297
2022-12-12,189.9093475341797,124.22359466552734,149.70260620117188,54.76027297973633,76.5,115.2416763305664,100.78417205810547,81.94000244140625,95.36241149902344,20.232303619384766,632.541748046875,54.29133605957031,189.12457275390625,134.87583923339844,91.66677856445312,14.43620491027832,27.267139434814453,48.02473449707031,18.457210540771484,139.95562744140625,53.19767761230469,105.02088165283203,259.6674499511719,56.302528381347656,271.87249755859375,98.6521224975586,34.48603057861328,27.64768409729004,40.5571174621582,60.800533294677734,28.36503028869629
2022-12-13,196.52499389648438,126.4006118774414,151.31700134277344,55.05155563354492,79.86000061035156,118.7137680053711,102.64749908447266,82.0,97.79200744628906,20.496198654174805,657.3088989257812,54.82109451293945,193.1041717529297,135.3222198486328,92.43313598632812,14.412274360656738,28.05495262145996,48.6466178894043,18.567174911499023,141.67495727539062,53.43626022338867,107.74360656738281,261.83551025390625,56.396976470947266,282.1193542480469,99.99942016601562,34.99091339111328,27.899169921875,40.928470611572266,61.29077911376953,28.865276336669922
2022-12-14,193.4107208251953,126.62416076660156,150.16513061523438,56.26521301269531,79.41000366210938,113.80889129638672,101.20883178710938,81.26000213623047,93.13695526123047,20.384244918823242,653.9805908203125,54.62458038330078,191.14031982421875,133.92300415039062,92.62898254394531,14.021463394165039,28.019939422607422,48.681156158447266,18.6179256439209,140.67416381835938,53.18946838378906,108.17961120605469,260.3265075683594,56.26818084716797,275.484619140625,99.55863189697266,34.725643157958984,27.736923217773438,41.087623596191406,62.29903793334961,28.67220115661621
2022-12-15,191.9767608642578,124.48844909667969,147.29409790039062,55.925384521484375,77.44000244140625,114.23936462402344,100.2390365600586,77.87999725341797,92.81652069091797,20.392244338989258,642.7590942382812,53.62487030029297,188.8218231201172,133.5882110595703,88.97594451904297,13.65457534790039,27.32841682434082,48.11427307128906,18.211902618408203,137.86000061035156,53.17301559448242,105.5191421508789,259.138427734375,55.02798843383789,270.1131896972656,98.3111343383789,34.545928955078125,27.542217254638672,40.91963577270508,62.08628845214844,27.87355613708496
2022-12-16,187.7803955078125,119.94402313232422,143.98680114746094,54.4366340637207,75.80000305175781,111.56551361083984,98.0285873413086,77.9800033569336,90.37772369384766,20.112342834472656,620.8923950195312,51.97580337524414,183.50994873046875,128.16293334960938,87.30694580078125,13.558867454528809,26.593120574951172,45.713871002197266,17.95813751220703,134.8063201904297,52.21880340576172,100.53880310058594,248.43673706054688,54.40355682373047,262.2900695800781,96.73929595947266,33.476261138916016,27.04734992980957,39.478431701660156,59.49627685546875,27.4698429107666
2022-12-19,184.41098022460938,119.29008483886719,141.56080627441406,53.82171630859375,75.01000213623047,110.27411651611328,96.44718170166016,77.16000366210938,88.46408081054688,19.91242218017578,611.9208984375,50.967559814453125,180.43875122070312,125.93963623046875,86.30216217041016,13.38339900970459,26.04165267944336,44.47380447387695,17.74666404724121,132.84750366210938,52.268150329589844,100.38652038574219,246.66754150390625,54.0566520690918,259.641845703125,96.1571273803711,32.902923583984375,26.8364200592041,39.3900032043457,58.922767639160156,27.05735969543457
2022-12-20,183.5928497314453,119.919189453125,140.679443359375,54.17771911621094,74.87000274658203,110.77078247070312,95.93171691894531,76.69999694824219,87.88552856445312,19.784473419189453,606.305419921875,50.369449615478516,179.5130615234375,125.32159423828125,85.90193176269531,13.487083435058594,25.849069595336914,44.3852424621582,17.6959171295166,131.8210906982422,51.914424896240234,100.48505401611328,244.78564453125,53.484256744384766,260.4840393066406,96.19039154052734,32.526397705078125,26.868871688842773,39.48726272583008,58.78402328491211,27.127567291259766
2022-12-21,185.27316284179688,121.59130096435547,141.6916961669922,54.62273025512695,76.62000274658203,111.34201049804688,96.56077575683594,77.94000244140625,89.40753936767578,20.016386032104492,619.1353759765625,50.50615310668945,180.68099975585938,126.16279602050781,86.65128326416016,12.665575981140137,26.059158325195312,44.916690826416016,17.848173141479492,133.40350341796875,52.84397888183594,102.06158447265625,246.00848388671875,54.2127571105957,262.6550598144531,96.93058776855469,32.7488899230957,26.90991973876953,39.646419525146484,59.17252731323242,27.3030948638916
2022-12-22,185.27316284179688,120.91252136230469,141.2379608154297,55.221466064453125,75.68000030517578,112.2525863647461,96.24626922607422,77.25,88.88240051269531,19.936412811279297,609.0296630859375,50.42924880981445,180.7501678466797,125.3988037109375,86.21701049804688,12.801165580749512,25.927858352661133,44.89012145996094,17.67899513244629,132.5224609375,52.194114685058594,101.46141052246094,242.8170928955078,54.00462341308594,262.1029052734375,96.77256774902344,32.87724685668945,26.441991806030273,40.01777267456055,59.69053268432617,27.250436782836914
2022-12-23,186.9006805419922,121.88101959228516,142.26763916015625,55.342830657958984,76.66999816894531,113.39500427246094,97.2509994506836,76.88999938964844,89.7813720703125,20.12834358215332,611.4465942382812,50.78812026977539,183.1033172607422,126.111328125,87.14515686035156,13.032462120056152,26.172950744628906,44.84583282470703,17.991973876953125,133.7371063232422,52.98381423950195,101.77493286132812,245.60958862304688,54.32550811767578,264.3675537109375,98.06165313720703,33.159645080566406,26.819618225097656,40.22113800048828,60.190032958984375,27.636594772338867
2022-12-27,186.9095001220703,121.22704315185547,142.0669708251953,55.74739074707031,76.48999786376953,113.35359191894531,97.42573547363281,76.75,89.31854248046875,20.240299224853516,608.5645751953125,50.813758850097656,182.48912048339844,126.65210723876953,87.2984390258789,12.888897895812988,26.02414321899414,44.9078369140625,18.017349243164062,134.1391143798828,52.737030029296875,101.47932434082031,245.46217346191406,54.29949188232422,264.358154296875,98.21965026855469,32.962825775146484,26.860666275024414,40.51291275024414,60.99478530883789,27.61904525756836
2022-12-28,186.2005157470703,118.74373626708984,140.56600952148438,53.676063537597656,75.41000366210938,111.6400146484375,95.984130859375,76.05000305175781,88.47299194335938,19.760482788085938,606.6680908203125,50.22419357299805,181.00975036621094,124.75499725341797,85.72311401367188,12.633670806884766,25.481428146362305,43.40205383300781,17.662078857421875,131.63290405273438,52.013145446777344,98.93539428710938,241.08258056640625,53.466922760009766,260.8022155761719,95.69139099121094,32.46649932861328,26.425575256347656,39.619895935058594,59.977272033691406,26.881834030151367
2022-12-29,191.198974609375,121.21475982666016,143.35107421875,55.46637725830078,77.55000305175781,114.57877349853516,98.67511749267578,77.66999816894531,90.16411590576172,20.15233039855957,618.59619140625,51.12989044189453,185.36996459960938,127.91400146484375,87.05147552490234,12.869741439819336,26.2867488861084,44.402957916259766,17.89892578125,134.92608642578125,52.671226501464844,102.08843994140625,245.06320190429688,54.32550811767578,266.5947265625,97.57096099853516,33.296566009521484,26.606178283691406,40.28302764892578,60.89303970336914,27.48740005493164
2022-12-30,187.7602996826172,121.60717010498047,142.35511779785156,55.49922180175781,76.95999908447266,112.28572845458984,97.74900817871094,77.27999877929688,89.2473373413086,20.04836654663086,608.9830322265625,50.94425964355469,185.2388458251953,126.34308624267578,86.95682525634766,13.065106391906738,25.945362091064453,44.15494918823242,17.915843963623047,134.28451538085938,52.38135528564453,100.97772216796875,242.9905242919922,54.2040901184082,262.30877685546875,97.70401763916016,33.14252471923828,26.597972869873047,40.22944259643555,60.63402557373047,27.206558227539062
2023-01-03,190.25064086914062,120.30484771728516,142.33750915527344,54.710838317871094,78.44000244140625,114.49598693847656,96.70056915283203,77.6500015258789,91.52590942382812,20.34425926208496,615.9370727539062,50.80609893798828,184.7056427001953,123.86225891113281,88.35102081298828,12.967423439025879,25.612733840942383,43.995506286621094,17.966598510742188,132.94158935546875,52.68691635131836,100.94188690185547,237.77841186523438,54.490291595458984,263.6470031738281,97.75393676757812,33.02272415161133,26.064367294311523,40.51519775390625,61.92903518676758,27.083690643310547
2023-01-04,194.0880889892578,122.62564849853516,144.82289123535156,54.78474807739258,79.72000122070312,118.6682357788086,98.50912475585938,78.0,92.25576782226562,21.10396385192871,632.3372802734375,51.678199768066406,188.14959716796875,124.01675415039062,90.41649627685547,13.162789344787598,26.0153865814209,45.06726837158203,18.313405990600586,134.92608642578125,53.35582733154297,104.76673126220703,241.1866455078125,55.23613357543945,273.837646484375,100.76455688476562,33.587520599365234,26.22854995727539,41.99757766723633,63.67728805541992,27.408416748046875
2023-01-05,187.99960327148438,119.4199447631836,139.23516845703125,52.70702362060547,78.43000030517578,116.5158920288086,95.8181381225586,74.9000015258789,87.2980728149414,20.760099411010742,614.1799926757812,49.6231575012207,179.95928955078125,121.07232666015625,88.40266418457031,12.853458404541016,25.0262451171875,43.357765197753906,17.73820686340332,130.88018798828125,52.348323822021484,101.08519744873047,235.25479125976562,54.0219612121582,263.3007507324219,97.65412902832031,32.20121383666992,25.834508895874023,41.756473541259766,62.3360481262207,26.592214584350586
2023-01-06,193.64500427246094,123.21833801269531,144.21478271484375,55.063968658447266,80.91999816894531,120.62191009521484,99.60124969482422,77.12000274658203,90.23530578613281,21.383861541748047,626.563720703125,51.25510025024414,187.6688232421875,123.6133041381836,89.7107925415039,13.162789344787598,26.032894134521484,44.89897918701172,18.211902618408203,135.4136505126953,52.918148040771484,104.48905181884766,240.015869140625,55.14940643310547,272.73345947265625,98.86003875732422,33.454689025878906,26.105411529541016,42.703041076660156,64.54680633544922,27.74190902709961
2023-01-09,194.35398864746094,122.37518310546875,143.19239807128906,53.971717834472656,81.76000213623047,120.34870910644531,98.73628997802734,77.08000183105469,90.02169799804688,21.008005142211914,633.2760009765625,50.5988655090332,185.8070068359375,126.44612884521484,88.55757141113281,13.187211036682129,26.085412979125977,44.695255279541016,17.83971405029297,133.232421875,53.430137634277344,103.9605484008789,243.8751220703125,54.23011016845703,272.67730712890625,98.40262603759766,33.25586700439453,26.25318145751953,42.69411087036133,64.07504272460938,27.575164794921875
2023-01-10,196.70249938964844,123.26844787597656,143.65072631835938,55.34318923950195,82.7300033569336,121.77257537841797,99.06828308105469,77.83000183105469,91.07196807861328,20.912038803100586,646.28271484375,50.728397369384766,187.1094207763672,125.74217987060547,87.63671875,13.390717506408691,26.09417152404785,44.429527282714844,17.2391357421875,132.34286499023438,52.96769332885742,103.95159912109375,243.8490753173828,53.79647445678711,274.9605407714844,97.1800765991211,33.35960006713867,26.5815486907959,42.67625427246094,63.816036224365234,27.083690643310547
2023-01-11,202.17068481445312,128.31069946289062,149.7232208251953,57.289527893066406,84.83000183105469,125.48947143554688,103.34065246582031,80.75,93.48405456542969,21.65576171875,664.848876953125,53.007930755615234,194.46058654785156,132.04302978515625,92.14634704589844,14.050074577331543,27.267139434814453,45.64302062988281,17.788959503173828,137.3724365234375,54.50370407104492,108.34075927734375,254.68089294433594,55.78252029418945,286.4332580566406,100.9308853149414,34.81189727783203,27.533828735351562,43.828224182128906,66.44306182861328,28.031532287597656
2023-01-12,205.79542541503906,130.130615234375,150.06692504882812,58.488529205322266,85.62999725341797,125.20800018310547,103.38433837890625,80.31999969482422,95.48673248291016,21.847684860229492,674.3505249023438,53.120182037353516,192.7386016845703,132.29197692871094,94.31510162353516,14.164040565490723,27.49472999572754,46.19218444824219,18.355703353881836,138.48558044433594,54.9578971862793,109.3887939453125,256.7708435058594,57.66448211669922,286.7607727050781,104.781494140625,34.97614288330078,27.927867889404297,44.435455322265625,66.69281005859375,28.198280334472656
2023-01-13,206.32720947265625,129.87179565429688,147.93405151367188,58.472103118896484,86.11000061035156,124.88516235351562,103.05233001708984,81.05000305175781,94.3474349975586,21.63176727294922,671.1428833007812,52.343055725097656,191.02537536621094,130.3948516845703,93.93643951416016,13.846570014953613,27.319656372070312,46.61734390258789,18.05964469909668,137.98507690429688,54.66061782836914,109.19173431396484,252.25257873535156,57.22217559814453,286.8636474609375,104.43218994140625,34.708160400390625,27.213665008544922,43.74784851074219,65.81404876708984,27.92621421813965
2023-01-17,204.7674102783203,130.3643341064453,149.83778381347656,58.96485137939453,84.69999694824219,124.42986297607422,102.86885833740234,79.62000274658203,95.1039810180664,21.607776641845703,667.5263061523438,52.99065399169922,192.37147521972656,131.4250030517578,95.40808868408203,14.17218017578125,27.68730926513672,46.34275817871094,18.567174911499023,139.24488830566406,55.238670349121094,108.76175689697266,252.8856964111328,57.213504791259766,283.373291015625,103.9747543334961,34.98479080200195,27.60770606994629,43.83715057373047,66.3320541381836,27.829673767089844
2023-01-18,199.57398986816406,129.55458068847656,148.63912963867188,58.41461944580078,83.61000061035156,120.24107360839844,100.70209503173828,78.08000183105469,93.8489990234375,21.383861541748047,653.283447265625,52.43803787231445,188.22824096679688,129.46775817871094,93.37704467773438,13.95239543914795,27.1008243560791,46.12132263183594,18.05964469909668,136.0780792236328,54.5367317199707,109.863525390625,247.8383331298828,55.609066009521484,273.69732666015625,101.67105102539062,34.57849884033203,26.836036682128906,43.58710861206055,66.27655029296875,27.496173858642578
2023-01-19,197.9432830810547,128.844970703125,148.68321228027344,57.839744567871094,83.38999938964844,120.23279571533203,100.07303619384766,76.62000274658203,93.4217529296875,21.27989959716797,653.3577270507812,52.4207763671875,188.9887237548828,128.76382446289062,91.6729965209961,13.903550148010254,27.083322525024414,45.26213073730469,17.88200569152832,133.9726104736328,53.933876037597656,108.64530181884766,249.3733673095703,55.03666687011719,275.5408020019531,100.57327270507812,34.241355895996094,27.23828887939453,43.18526840209961,66.27655029296875,27.29432487487793
2023-01-20,196.22398376464844,131.09898376464844,150.1374053955078,58.472103118896484,84.29000091552734,122.61692810058594,100.19535064697266,78.5199966430664,95.0060806274414,21.471830368041992,669.4414672851562,52.95613098144531,188.9712371826172,129.5450439453125,92.64550018310547,14.33498764038086,27.599775314331055,45.89987564086914,18.135772705078125,134.1451873779297,54.817501068115234,110.01580810546875,250.71759033203125,55.808528900146484,277.74920654296875,102.83539581298828,34.561214447021484,27.566661834716797,44.006813049316406,67.36805725097656,28.110515594482422
2023-01-23,191.1368865966797,132.7686004638672,150.14620971679688,58.44746780395508,85.06999969482422,119.85199737548828,100.3613510131836,78.75,95.43331909179688,21.839691162109375,665.9645385742188,53.18925094604492,189.56561279296875,129.86264038085938,94.15159606933594,14.619894027709961,27.53849983215332,46.27190399169922,18.491046905517578,135.6638946533203,55.271705627441406,112.92698669433594,252.2352752685547,56.75386047363281,267.88604736328125,103.93318176269531,34.51799392700195,27.615915298461914,45.26594161987305,68.70931243896484,28.400136947631836
2023-01-24,190.6937713623047,132.41798400878906,152.55230712890625,58.18467330932617,83.19999694824219,120.29075622558594,103.12223815917969,78.62999725341797,95.23751831054688,21.751724243164062,669.0325317382812,54.0527229309082,191.05160522460938,130.55795288085938,94.908935546875,14.758279800415039,27.932405471801758,46.19218444824219,18.5587158203125,139.13272094726562,55.412105560302734,113.22261047363281,254.80226135253906,57.13544845581055,268.9528503417969,104.33238220214844,35.123104095458984,27.878610610961914,45.54276657104492,69.2643051147461,28.259719848632812
2023-01-25,193.7867889404297,130.865234375,152.790283203125,58.38174819946289,83.05000305175781,120.42320251464844,104.20561218261719,77.37000274658203,95.40663146972656,21.65576171875,669.1719360351562,53.65552520751953,189.3645782470703,130.24891662597656,95.0810546875,14.855964660644531,28.081214904785156,46.53762435913086,18.68560218811035,140.19407653808594,55.58551788330078,112.58662414550781,253.48406982421875,57.1874885559082,272.92059326171875,104.11615753173828,35.097171783447266,27.68979835510254,45.37310028076172,68.32081604003906,28.742408752441406
2023-01-26,195.88719177246094,131.23252868652344,152.86962890625,57.519466400146484,84.0999984741211,122.62521362304688,104.71234893798828,78.70999908447266,97.29357147216797,21.823698043823242,677.9296875,53.733238220214844,190.1949920654297,134.12901306152344,94.88311004638672,14.929226875305176,28.116228103637695,47.50310134887695,18.710975646972656,140.26307678222656,56.13056945800781,114.70952606201172,257.906982421875,57.282894134521484,272.38720703125,105.06426239013672,35.468894958496094,27.895029067993164,45.319515228271484,68.6168212890625,29.532283782958984
2023-01-27,195.67446899414062,134.13771057128906,156.4566650390625,60.52518844604492,84.45999908447266,120.91990661621094,106.28501892089844,77.77999877929688,99.07369995117188,22.015626907348633,678.8873291015625,54.70895004272461,195.2909698486328,135.27931213378906,95.8556137084961,15.165290832519531,28.49262809753418,48.77858352661133,19.159297943115234,142.3341064453125,56.403072357177734,116.30396270751953,259.58074951171875,58.23688507080078,270.4688415527344,106.96044921875,36.281490325927734,28.026376724243164,46.09642028808594,69.55105590820312,30.120290756225586
2023-01-30,193.25503540039062,131.38284301757812,152.71099853515625,59.285133361816406,83.66999816894531,119.8271713256836,104.65119171142578,77.9000015258789,98.82449340820312,21.703739166259766,673.9039306640625,53.586448669433594,191.8994598388672,131.33914184570312,94.64214324951172,15.083889961242676,27.836116790771484,48.23827362060547,18.702518463134766,139.57281494140625,55.96538162231445,114.46769714355469,259.20782470703125,57.00535583496094,271.563720703125,104.74821472167969,35.75416564941406,27.812938690185547,45.79280471801758,68.93132019042969,29.663923263549805
2023-01-31,197.97874450683594,134.1877899169922,156.3861846923828,61.21503448486328,85.51000213623047,122.60865020751953,107.6479721069336,77.9000015258789,102.01984405517578,21.975637435913086,686.2413330078125,54.9593505859375,197.6073455810547,135.4853515625,95.98469543457031,15.344374656677246,28.448862075805664,48.344566345214844,18.99857521057129,143.86135864257812,56.221519470214844,115.8023452758789,263.9341735839844,57.78589630126953,278.4230041503906,106.83570098876953,36.81745529174805,28.059213638305664,46.2661018371582,69.41231536865234,30.216829299926758
2023-02-01,201.3021697998047,136.29989624023438,156.89736938476562,61.091854095458984,85.16999816894531,123.43647766113281,108.1197738647461,79.01000213623047,103.38164520263672,21.927654266357422,686.2413330078125,55.26156234741211,198.60382080078125,136.0089874267578,96.42362213134766,15.30367374420166,28.60642433166504,49.23918914794922,19.05778694152832,145.3455352783203,56.27953338623047,117.25346374511719,265.3218078613281,58.19350814819336,281.8292236328125,107.22657012939453,37.024925231933594,28.297279357910156,46.13214874267578,69.2643051147461,30.725854873657227
2023-02-02,201.52374267578125,142.6027069091797,162.6084747314453,64.3603744506836,88.54000091552734,126.27587890625,110.35643005371094,80.01000213623047,106.73722076416016,22.583404541015625,700.0472412109375,57.29069900512695,207.10003662109375,141.7346649169922,98.17928314208984,15.653705596923828,29.683103561401367,50.160369873046875,19.514568328857422,150.23812866210938,56.24637222290039,120.4692153930664,270.10894775390625,58.56643295288086,288.3047790527344,109.60514068603516,38.390769958496094,28.362960815429688,47.328765869140625,70.55005645751953,31.34019660949707
2023-02-03,196.80001831054688,140.07321166992188,158.86279296875,61.986995697021484,87.13999938964844,120.83709716796875,106.36363220214844,76.58000183105469,102.54499053955078,22.095592498779297,681.4718627929688,55.89189529418945,201.33970642089844,140.03500366210938,97.28422546386719,15.523460388183594,29.254179000854492,49.18603515625,19.05778694152832,149.323486328125,56.0225830078125,117.89839172363281,267.51593017578125,57.94199752807617,278.6475830078125,107.95845031738281,37.5003776550293,28.33011817932129,46.9715576171875,70.1338119506836,30.95403480529785
2023-02-06,195.47950744628906,139.63076782226562,157.57598876953125,60.24597930908203,85.62999725341797,120.66326904296875,106.9752426147461,75.7300033569336,101.82402801513672,21.927654266357422,672.9465942382812,55.244293212890625,198.0443878173828,144.2069549560547,96.08798217773438,15.0757474899292,28.91279411315918,48.67230224609375,18.854774475097656,149.03871154785156,56.138641357421875,117.73716735839844,266.8914489746094,57.412960052490234,276.7760009765625,106.98540496826172,36.903900146484375,28.445051193237305,46.319679260253906,68.93132019042969,30.058860778808594
2023-02-07,194.50465393066406,139.27178955078125,158.38685607910156,60.36094284057617,87.0199966430664,120.09207153320312,108.04113006591797,77.86000061035156,101.00516510009766,21.775712966918945,674.4805908203125,55.9005241394043,201.32223510742188,143.91506958007812,94.71958923339844,15.230411529541016,28.974071502685547,48.424293518066406,18.913986206054688,149.6513671875,55.840248107910156,116.68913269042969,261.930908203125,56.89261245727539,274.30548095703125,104.7066421508789,37.9239616394043,28.362960815429688,45.9892692565918,69.30132293701172,30.111520767211914
2023-02-08,193.618408203125,138.42861938476562,160.05258178710938,59.983177185058594,84.7699966430664,118.72616577148438,108.28577423095703,76.51000213623047,100.23080444335938,21.605905532836914,679.6031494140625,56.3236198425293,205.5178985595703,142.76478576660156,93.97087097167969,15.10016918182373,28.93906021118164,48.052268981933594,18.744810104370117,150.66957092285156,55.715904235839844,116.26813507080078,261.90484619140625,56.458984375,273.96868896484375,103.32606506347656,38.693336486816406,28.338329315185547,46.3286018371582,69.37531280517578,29.874561309814453
2023-02-09,190.71151733398438,137.81924438476562,158.96852111816406,58.94841384887695,87.66000366210938,116.72283172607422,106.66941833496094,75.79000091552734,99.0647964477539,21.274375915527344,681.1929321289062,55.555137634277344,206.66297912597656,142.21536254882812,93.4889144897461,15.018767356872559,28.562660217285156,46.98051071166992,18.110395431518555,148.0205078125,54.89533615112305,114.6916275024414,258.89556884765625,55.11471176147461,270.8712158203125,103.46744537353516,37.96718215942383,28.157730102539062,45.14091873168945,68.44107055664062,29.672706604003906
2023-02-10,192.06748962402344,138.31175231933594,158.88919067382812,59.572574615478516,87.30000305175781,117.13673400878906,107.30722045898438,75.95999908447266,99.20722961425781,21.557390213012695,678.4503173828125,55.969600677490234,204.33790588378906,138.85035705566406,94.64214324951172,14.798980712890625,28.59766960144043,47.1665153503418,18.330331802368164,147.87380981445312,55.40923309326172,114.73641204833984,260.0924072265625,56.95331573486328,270.8992919921875,103.41756439208984,38.11415481567383,28.30549430847168,45.53384017944336,69.63432312011719,29.523500442504883
2023-02-13,192.5460205078125,139.41371154785156,159.69125366210938,60.139217376708984,88.9000015258789,117.33541870117188,107.6304931640625,77.08000183105469,100.55123901367188,21.41992950439453,686.92919921875,57.10073471069336,206.0074005126953,139.86328125,96.56130981445312,15.026907920837402,29.180034637451172,47.618247985839844,18.440290451049805,148.5986785888672,55.65789794921875,115.81129455566406,262.3385009765625,57.95067596435547,272.8082580566406,104.6068344116211,38.433998107910156,28.346542358398438,45.73029708862305,70.19857788085938,30.014972686767578
2023-02-14,190.67605590820312,137.81088256835938,158.7129364013672,59.40830612182617,88.9000015258789,115.10027313232422,106.80921936035156,76.77999877929688,100.4266128540039,20.97519874572754,677.2139282226562,57.247535705566406,208.76080322265625,137.31378173828125,94.77123260498047,15.083889961242676,29.17121696472168,47.11336898803711,18.11885643005371,147.44236755371094,54.46432876586914,114.41394805908203,260.93359375,57.022701263427734,268.7751159667969,104.29912567138672,38.59824752807617,28.059213638305664,45.39989471435547,70.06907653808594,29.53725814819336
2023-02-15,191.9611358642578,138.0780029296875,159.64715576171875,60.106361389160156,89.51000213623047,116.00263977050781,106.12773895263672,78.9000015258789,101.13867950439453,21.064146041870117,676.1260986328125,57.49791717529297,209.10169982910156,139.21946716308594,94.57328033447266,15.002487182617188,29.038856506347656,47.17536926269531,18.017349243164062,146.9678192138672,55.0362434387207,114.23478698730469,260.95965576171875,56.545711517333984,270.14129638671875,104.39059448242188,38.91809844970703,28.17414093017578,45.12305450439453,70.04132080078125,29.609365463256836
2023-02-16,187.88433837890625,135.24798583984375,158.74819946289062,58.61172866821289,88.5,115.69632720947266,104.88709259033203,78.18000030517578,100.47112274169922,20.991369247436523,671.4218139648438,56.979854583740234,207.23114013671875,136.35232543945312,94.51304626464844,14.123337745666504,28.756498336791992,47.08679962158203,17.865089416503906,144.96588134765625,54.961647033691406,112.67618560791016,259.788818359375,56.02534103393555,265.3782043457031,103.41756439208984,38.8748779296875,27.985328674316406,45.453468322753906,72.19658660888672,29.23981285095215
2023-02-17,186.34230041503906,134.88902282714844,157.99903869628906,57.84796905517578,88.76000213623047,116.45793151855469,104.88709259033203,77.55999755859375,98.58416748046875,21.128833770751953,666.37353515625,56.8848762512207,207.01260375976562,136.48109436035156,93.8847885131836,13.789589881896973,28.791793823242188,46.59076690673828,17.890466690063477,145.25927734375,54.80415725708008,112.25518035888672,259.3118896484375,55.79119110107422,263.17913818359375,102.84371185302734,38.6846923828125,27.82114601135254,45.060550689697266,71.59532165527344,29.02349090576172
2023-02-21,181.37045288085938,131.4579315185547,154.99365234375,56.20549011230469,85.79000091552734,113.13008880615234,103.13970184326172,76.0199966430664,96.49251556396484,20.700267791748047,653.6923217773438,55.59830856323242,202.29249572753906,136.07763671875,91.38899230957031,13.830289840698242,28.45648956298828,44.88125991821289,17.298349380493164,142.31680297851562,54.058189392089844,110.60701751708984,259.21649169921875,54.55966567993164,255.27175903320312,100.31546020507812,37.906673431396484,27.665170669555664,44.63191604614258,71.058837890625,27.734561920166016
2023-02-22,176.61134338378906,130.10556030273438,155.62820434570312,55.97554016113281,85.94000244140625,111.11019897460938,102.71158599853516,72.12999725341797,94.91708374023438,20.287883758544922,649.3692626953125,55.50334167480469,202.1788787841797,132.45509338378906,91.27713012695312,13.903550148010254,28.324132919311523,44.84583282470703,17.2391357421875,142.1959686279297,54.30683898925781,110.08747863769531,253.49273681640625,54.507633209228516,242.36734008789062,100.71466064453125,38.105506896972656,27.468151092529297,44.23899841308594,69.94882202148438,27.79765510559082
2023-02-23,178.98648071289062,130.07217407226562,156.72991943359375,56.312255859375,86.8499984741211,111.143310546875,103.15715789794922,70.73999786376953,96.80403137207031,20.255538940429688,656.6672973632812,55.822818756103516,203.0005340576172,136.18060302734375,92.33568572998047,14.123337745666504,28.403549194335938,46.74134826660156,17.42523193359375,142.69644165039062,54.7710075378418,111.0817642211914,255.2271728515625,55.062686920166016,248.47796630859375,101.71265411376953,38.2092399597168,27.484567642211914,45.09627914428711,70.45758056640625,27.995948791503906
2023-02-24,173.46514892578125,126.67446899414062,154.23570251464844,54.7929573059082,84.98999786376953,108.57707977294922,101.72431182861328,70.7300033569336,93.49296569824219,19.85123634338379,636.6600952148438,54.97661209106445,200.57052612304688,138.0262451171875,92.10330200195312,13.822149276733398,27.838829040527344,46.325042724609375,17.459064483642578,141.44528198242188,53.85926818847656,108.72593688964844,254.30792236328125,54.76781463623047,241.2631072998047,101.32176971435547,37.71649169921875,27.32859230041504,44.37294387817383,69.25507354736328,27.824695587158203
2023-02-27,172.88909912109375,126.4991455078125,152.68450927734375,54.250938415527344,85.19000244140625,108.98269653320312,100.326416015625,70.88999938964844,93.35055541992188,19.67334747314453,644.4696655273438,54.23404312133789,198.92721557617188,138.96197509765625,91.84513092041016,13.903550148010254,27.644710540771484,46.56420135498047,17.450607299804688,139.33119201660156,53.676910400390625,110.096435546875,256.0250244140625,54.698429107666016,243.2095489501953,101.88729095458984,37.223751068115234,27.648754119873047,44.05146789550781,69.2643814086914,27.851736068725586
2023-02-28,175.48580932617188,125.03824615478516,152.0499725341797,53.774627685546875,85.13999938964844,108.2376708984375,100.26524353027344,70.66000366210938,92.77202606201172,19.45502281188965,639.8862915039062,53.98363494873047,199.34677124023438,141.3397674560547,91.89678192138672,13.675625801086426,27.582942962646484,46.7236328125,17.433691024780273,138.14903259277344,53.2150764465332,110.53533935546875,259.2597961425781,54.55099868774414,242.69485473632812,101.53797912597656,37.033573150634766,27.525609970092773,43.44422912597656,69.12451934814453,28.167205810546875
2023-03-01,172.720703125,119.3030776977539,148.2513427734375,53.22439193725586,84.38999938964844,106.75586700439453,97.81889343261719,70.02999877929688,89.74577331542969,19.115400314331055,628.4602661132812,52.61936950683594,194.78396606445312,140.48992919921875,91.76766967773438,13.846570014953613,26.788808822631836,46.57305908203125,17.34064292907715,134.24874877929688,52.857276916503906,108.50201416015625,256.44134521484375,54.42958068847656,238.5399932861328,100.83939361572266,36.004859924316406,27.665170669555664,42.4530029296875,68.16392517089844,28.55478858947754
2023-03-02,175.06040954589844,119.5201187133789,149.55575561523438,53.4871826171875,84.22000122070312,107.04559326171875,99.60124969482422,71.22000122070312,91.7662353515625,19.244783401489258,639.6073608398438,53.007930755615234,198.00942993164062,143.28843688964844,91.41481018066406,13.822149276733398,26.982929229736328,46.75906753540039,17.298349380493164,135.353271484375,53.33157730102539,111.62816619873047,261.2371520996094,54.42958068847656,240.83262634277344,102.17005920410156,36.40250778198242,27.74726676940918,42.75662612915039,69.33899688720703,28.427839279174805
2023-03-03,179.46507263183594,120.07111358642578,152.1909637451172,53.92245101928711,85.91999816894531,108.8668212890625,101.46219635009766,72.41000366210938,94.3474349975586,19.632911682128906,655.8212890625,54.02681350708008,202.9480743408203,145.16836547851562,92.3012466430664,13.895414352416992,28.085893630981445,48.38886260986328,17.475984573364258,137.60536193847656,53.664432525634766,113.71524810791016,264.3505554199219,54.88055419921875,243.63064575195312,103.1930160522461,37.15459060668945,28.00996208190918,43.31920623779297,70.23429107666016,28.70894432067871
2023-03-06,175.98208618164062,121.56543731689453,153.9712677001953,54.324859619140625,85.13999938964844,107.73269653320312,102.3883285522461,71.87000274658203,93.7421875,19.560138702392578,653.4205322265625,54.13906478881836,205.11582946777344,143.5888671875,92.22381591796875,13.797730445861816,28.121192932128906,48.61030197143555,17.3237247467041,137.89878845214844,53.506324768066406,113.90335845947266,265.13104248046875,55.201446533203125,239.7190704345703,103.0017318725586,37.06814956665039,27.8621883392334,43.64962387084961,70.12237548828125,28.13766860961914
2023-03-07,170.48733520507812,117.94232940673828,150.4899444580078,51.97611999511719,83.0199966430664,104.73597717285156,97.8713150024414,70.63999938964844,91.63272094726562,18.86473846435547,640.462890625,52.8093376159668,199.29434204101562,140.59298706054688,89.34932708740234,13.773310661315918,27.432941436767578,47.52081298828125,16.672391891479492,131.0819549560547,53.1734733581543,110.91156768798828,262.2084045410156,53.20672607421875,230.26771545410156,100.30712127685547,36.151817321777344,27.484567642211914,42.41728210449219,68.984619140625,27.194604873657227
2023-03-08,173.50059509277344,120.48849487304688,153.08993530273438,52.69881057739258,83.36000061035156,107.64990997314453,99.05955505371094,70.36000061035156,94.1605224609375,19.01028823852539,648.3663330078125,53.48283386230469,203.1491241455078,140.55862426757812,90.32183074951172,13.814007759094238,27.909421920776367,47.68910598754883,17.117446899414062,134.54214477539062,53.70603942871094,112.02228546142578,260.9248962402344,53.73577117919922,234.70330810546875,101.61283874511719,36.385223388671875,27.714427947998047,42.8548469543457,69.68406677246094,27.901901245117188
2023-03-09,169.450439453125,115.90538787841797,150.69268798828125,50.86744689941406,81.5,105.84526062011719,96.79667663574219,68.87000274658203,92.90552520751953,18.55746841430664,637.9591674804688,52.550296783447266,198.0269012451172,137.7000732421875,88.13587951660156,13.105807304382324,27.591764450073242,46.785640716552734,16.757980346679688,131.94483947753906,52.790679931640625,108.6542739868164,256.44134521484375,52.56496047973633,228.89111328125,99.01302337646484,35.65907669067383,27.271129608154297,41.613582611083984,67.56704711914062,27.593591690063477
2023-03-10,169.51246643066406,105.85425567626953,145.88937377929688,47.171875,78.38999938964844,105.03399658203125,93.40674591064453,67.08000183105469,91.26779174804688,17.3203067779541,621.8438720703125,50.48662567138672,184.75808715820312,131.81124877929688,83.93478393554688,12.943001747131348,26.70056915283203,45.46586608886719,16.07328224182129,128.61404418945312,51.07649230957031,104.78465270996094,244.0918426513672,50.80440902709961,225.4638671875,94.11721801757812,34.509334564208984,26.17108726501465,39.88117599487305,63.258445739746094,27.076723098754883
2023-03-13,173.9968719482422,105.28657531738281,148.4011688232422,45.8578987121582,75.37000274658203,108.09693908691406,94.84832763671875,66.83999633789062,94.28514099121094,17.360733032226562,637.7908935546875,51.1514892578125,187.04827880859375,135.27931213378906,84.1609115600586,12.837177276611328,27.468233108520508,46.65278244018555,16.227340698242188,130.72816467285156,52.24980926513672,106.02973175048828,251.1425323486328,51.01255416870117,233.84886169433594,94.0497055053711,34.803253173828125,26.212133407592773,40.11335372924805,64.54542541503906,27.348758697509766
2023-03-14,177.0987548828125,105.62882995605469,150.01402282714844,43.87871551513672,75.7699966430664,109.8857650756836,94.51634216308594,67.62000274658203,95.17657470703125,17.43351173400879,645.9839477539062,51.7386360168457,187.4852752685547,136.4936065673828,85.2220687866211,12.99184513092041,27.582942962646484,46.8400993347168,16.432748794555664,130.641845703125,52.60762405395508,107.33751678466797,252.06263732910156,52.748924255371094,235.4826202392578,94.70809173583984,35.13174819946289,26.51587677001953,41.20280838012695,66.7370376586914,27.194604873657227
2023-03-15,179.30551147460938,105.9794692993164,149.76727294921875,45.11056900024414,73.91000366210938,111.17607879638672,93.6338882446289,67.3499984741211,94.78038787841797,17.40925407409668,649.2724609375,51.78181457519531,189.49569702148438,136.6757049560547,84.5349349975586,12.829038619995117,27.75941276550293,46.669803619384766,15.979134559631348,130.1500244140625,52.4744758605957,107.4987564086914,252.8688507080078,52.503387451171875,240.7032470703125,92.58940887451172,35.06259536743164,25.96585464477539,41.21174621582031,66.44793701171875,26.831886291503906
2023-03-16,181.72494506835938,103.59188842773438,145.82765197753906,43.94440841674805,75.55999755859375,111.03364562988281,91.86029815673828,67.75,92.82640838623047,17.29604148864746,656.3632202148438,50.86654281616211,185.20388793945312,138.74002075195312,82.7692642211914,12.918582916259766,27.44176483154297,46.67876434326172,15.7052583694458,128.9419403076172,51.95023727416992,108.3559341430664,258.3896179199219,51.09147262573242,242.6656951904297,92.17578887939453,34.53527069091797,25.982276916503906,41.10458755493164,66.07489776611328,26.986045837402344
2023-03-17,178.4458465576172,100.90380859375,142.3463134765625,41.96522521972656,73.87000274658203,109.14006042480469,88.87226867675781,66.93000030517578,90.67436981201172,16.770458221435547,645.4047241210938,49.7181396484375,181.10435485839844,138.35838317871094,79.91634368896484,12.487149238586426,26.90351676940918,45.07441329956055,15.123263359069824,125.36959075927734,51.07649230957031,104.692626953125,259.0994567871094,49.67958068847656,240.35585021972656,88.04813385009766,33.636234283447266,25.58823013305664,39.50612258911133,64.1164321899414,26.487306594848633
2023-03-20,178.9775848388672,101.7636489868164,143.35986328125,42.47439193725586,74.76000213623047,109.96119689941406,90.28765106201172,66.76000213623047,91.53878784179688,16.98068618774414,644.096923828125,50.21895217895508,182.31935119628906,139.06959533691406,81.97776794433594,12.77205753326416,27.009403228759766,45.78247833251953,15.491289138793945,126.4654769897461,51.56745910644531,107.10174560546875,261.4654846191406,50.60039520263672,241.5107421875,90.42007446289062,34.05982208251953,25.883766174316406,39.479331970214844,64.4708023071289,27.05858612060547
2023-03-21,175.6453399658203,102.65689849853516,141.96734619140625,44.01010513305664,75.16999816894531,108.49490356445312,89.28289794921875,67.86000061035156,88.0901107788086,16.899829864501953,642.6863403320312,49.588623046875,180.1865692138672,137.6124725341797,82.4039306640625,12.902300834655762,26.638809204101562,45.898990631103516,15.593992233276367,125.02442932128906,50.984962463378906,106.79497528076172,256.6895751953125,50.94239807128906,239.28543090820312,92.10826873779297,33.91285705566406,25.883766174316406,39.20249557495117,64.71330261230469,27.05858612060547
2023-03-22,170.2657928466797,97.73986053466797,137.3050079345703,41.020809173583984,71.20999908447266,105.63780975341797,87.02875518798828,65.98999786376953,83.1016616821289,16.358062744140625,619.4149169921875,48.319332122802734,174.13780212402344,129.7022705078125,79.25531005859375,12.275501251220703,25.403488159179688,44.966854095458984,15.037676811218262,121.45206451416016,49.42885971069336,102.96927642822266,249.722900390625,49.38142395019531,231.18218994140625,88.04813385009766,33.00518035888672,25.218799591064453,37.371864318847656,61.71031188964844,26.12459373474121
2023-03-23,169.8226776123047,96.88835906982422,135.78909301757812,38.90201950073242,68.91000366210938,103.68559265136719,86.19001007080078,65.8499984741211,84.20018768310547,16.41466522216797,622.53515625,47.887596130371094,171.4718017578125,129.46810913085938,79.29010009765625,12.096415519714355,25.30642318725586,44.40219497680664,14.986327171325684,120.7962646484375,49.32069396972656,102.99633026123047,247.33050537109375,49.71466064453125,231.83006286621094,86.4190444946289,32.71126937866211,24.986061096191406,37.228981018066406,61.32794952392578,25.662132263183594
2023-03-24,176.91261291503906,100.06063842773438,139.01480102539062,40.58554458618164,68.86000061035156,108.46978759765625,87.27339172363281,67.13999938964844,84.97457885742188,16.90791130065918,636.8567504882812,48.930179595947266,175.4926300048828,132.8767852783203,80.4643325805664,12.259222030639648,25.977027893066406,45.217811584472656,15.414260864257812,123.68692779541016,50.79356002807617,105.59491729736328,251.1513214111328,51.16163635253906,240.7595977783203,87.34754943847656,33.454689025878906,25.8172664642334,37.836219787597656,62.93203353881836,25.879764556884766
2023-03-27,171.1785888671875,99.13399505615234,139.79042053222656,41.341087341308594,69.37000274658203,106.80242919921875,87.3695068359375,67.87999725341797,84.64142608642578,16.827056884765625,642.3873901367188,49.096214294433594,175.77235412597656,133.00686645507812,80.47301483154297,12.32434368133545,26.056438446044922,45.00270080566406,15.551200866699219,123.5575180053711,50.51895523071289,105.62198638916016,250.9321746826172,51.30194854736328,235.8675994873047,87.19560241699219,33.281803131103516,26.083253860473633,38.31843185424805,63.3050651550293,26.024845123291016
2023-03-28,170.93048095703125,98.91694641113281,138.6534881591797,41.80097961425781,68.44999694824219,106.8191909790039,87.8150863647461,67.4000015258789,82.31828308105469,16.88365936279297,638.1178588867188,48.868995666503906,175.04684448242188,131.09005737304688,80.76873779296875,12.413884162902832,25.994670867919922,44.88618469238281,15.602551460266113,123.88543701171875,50.81020736694336,105.25206756591797,247.12017822265625,51.223018646240234,235.42628479003906,87.9131088256836,33.16941833496094,26.232868194580078,38.45238494873047,64.13508605957031,25.770946502685547
2023-03-29,175.91119384765625,102.70697021484375,142.9544677734375,43.648765563964844,69.41000366210938,109.7349624633789,89.67605590820312,68.20999908447266,83.20071411132812,17.27178382873535,648.823974609375,50.31968307495117,178.58694458007812,135.0104522705078,81.61243438720703,12.829038619995117,26.674097061157227,45.68389129638672,15.919225692749023,126.6380615234375,51.625701904296875,108.16645050048828,254.34103393554688,51.924591064453125,238.65631103515625,89.97268676757812,34.051170349121094,26.3492374420166,39.2739372253418,65.244873046875,26.36035919189453
2023-03-30,178.29519653320312,104.52809143066406,145.36746215820312,44.594200134277344,70.83999633789062,111.0420150756836,91.0612564086914,68.1500015258789,84.16417694091797,17.53862953186035,655.8307495117188,51.14990234375,180.5142822265625,137.75991821289062,83.0128173828125,12.95207691192627,27.08881378173828,46.418846130371094,16.098962783813477,128.12222290039062,52.10001754760742,110.00713348388672,258.1968688964844,52.18767547607422,241.50140380859375,90.79147338867188,34.474754333496094,26.440670013427734,39.702579498291016,66.16815185546875,26.523578643798828
2023-03-31,181.0957489013672,105.885498046875,149.64138793945312,45.2802619934082,72.80999755859375,112.1396255493164,92.49938201904297,68.8499984741211,88.52230834960938,17.765033721923828,673.6088256835938,52.434547424316406,184.89935302734375,141.3159942626953,85.96139526367188,13.526269912719727,27.556472778320312,47.42269515991211,16.715187072753906,130.3312225341797,52.906307220458984,112.57865142822266,264.7691650390625,53.652191162109375,245.1352081298828,94.51396179199219,35.49482727050781,27.113950729370117,39.107177734375,66.85829162597656,27.321556091308594
2023-04-03,178.22430419921875,104.84849548339844,148.76878356933594,44.87029266357422,72.7699966430664,110.78228759765625,91.58180236816406,68.7699966430664,84.02911376953125,17.562885284423828,663.2484741210938,52.111202239990234,184.19210815429688,134.01296997070312,85.87442016601562,13.354013442993164,27.521181106567383,47.51231002807617,16.663835525512695,129.27850341796875,52.53031539916992,111.67636108398438,269.6414489746094,53.71356964111328,239.46383666992188,94.893798828125,35.36515808105469,27.005895614624023,38.48470687866211,66.89557647705078,27.203670501708984
2023-04-04,180.3069610595703,104.56182861328125,148.0653839111328,44.20096969604492,70.91000366210938,112.01395416259766,91.38770294189453,68.0199966430664,83.54287719726562,17.530542373657227,663.7435913085938,51.90146255493164,184.13905334472656,138.92214965820312,85.7004623413086,13.255579948425293,27.57411766052246,47.13587188720703,16.552568435668945,128.70899963378906,52.5052490234375,111.95609283447266,270.1322021484375,53.380332946777344,241.06944274902344,93.95684814453125,35.252777099609375,26.889524459838867,38.12385559082031,65.6365737915039,27.15833282470703
2023-04-05,181.40591430664062,104.25831604003906,148.09207153320312,43.94996643066406,70.08000183105469,112.03907775878906,91.30830383300781,67.75,81.22872924804688,17.368820190429688,657.5216674804688,52.093727111816406,185.16464233398438,138.79205322265625,84.9089584350586,13.189958572387695,27.538820266723633,46.230628967285156,16.364276885986328,128.73487854003906,52.396636962890625,110.32292175292969,269.25592041015625,52.84538650512695,242.44973754882812,92.80886840820312,35.06259536743164,26.698341369628906,37.86224365234375,65.80443572998047,26.82282066345215
2023-04-06,183.17843627929688,104.873779296875,149.7571258544922,44.42686080932617,70.30999755859375,112.62557983398438,92.2523422241211,68.36000061035156,81.87705993652344,17.336475372314453,664.4442138671875,52.55689239501953,185.42982482910156,141.19459533691406,85.01331329345703,13.189958572387695,27.785888671875,46.86699676513672,16.321483612060547,129.65817260742188,52.279666900634766,110.75603485107422,272.34930419921875,52.88046646118164,243.8300018310547,92.65693664550781,35.5342903137207,26.864587783813477,38.45764923095703,66.72771453857422,27.067655563354492
2023-04-10,184.6495819091797,104.56182861328125,150.13999938964844,44.1674919128418,69.94999694824219,112.29043579101562,92.46409606933594,68.81999969482422,83.40779113769531,17.530542373657227,659.7824096679688,52.521942138671875,186.3404541015625,142.4348907470703,85.03071594238281,13.345810890197754,27.918243408203125,46.938697814941406,16.4241886138916,129.32164001464844,52.34649658203125,111.6492919921875,272.9364318847656,52.994468688964844,245.76425170898438,92.47967529296875,35.54302215576172,27.12226104736328,39.58530807495117,67.91213989257812,27.593591690063477
2023-04-11,186.4486541748047,103.73558807373047,151.6359100341797,45.188232421875,70.45999908447266,112.70098876953125,92.24353790283203,68.80000305175781,84.4973373413086,17.781206130981445,660.0534057617188,52.670501708984375,186.90625,142.8338623046875,85.56998443603516,13.452444076538086,28.165307998657227,47.93357467651367,16.509775161743164,129.6409149169922,51.8869743347168,110.68384552001953,275.2060241699219,53.2575569152832,247.8863525390625,92.98612976074219,35.59543228149414,27.313438415527344,40.00027847290039,69.32967376708984,27.99258041381836
2023-04-12,187.22857666015625,102.45405578613281,151.4488983154297,43.15513610839844,69.83999633789062,112.06422424316406,91.6788558959961,68.58999633789062,83.56089782714844,17.40925407409668,664.2667236328125,52.26850891113281,186.56149291992188,141.74099731445312,84.3957748413086,13.214566230773926,28.200605392456055,48.534088134765625,16.23589515686035,128.7003631591797,51.73655700683594,110.8101577758789,274.41741943359375,52.60860824584961,245.69859313964844,92.43746948242188,35.29844665527344,27.26356315612793,39.95517349243164,69.60013580322266,27.729612350463867
2023-04-13,188.21961975097656,100.78471374511719,151.43109130859375,43.23881149291992,70.75,112.21503448486328,91.84648895263672,69.7699966430664,82.77751159667969,17.35264778137207,662.090087890625,52.46950912475586,186.3492889404297,137.72523498535156,84.4653549194336,13.370417594909668,28.42119789123535,48.184532165527344,16.11607551574707,128.4128875732422,51.41068649291992,110.00713348388672,266.8460388183594,52.61738586425781,249.15391540527344,91.95632934570312,35.11500930786133,27.163822174072266,39.459007263183594,69.4789047241211,28.273683547973633
2023-04-14,184.7196807861328,99.88259887695312,151.2440948486328,42.63640594482422,70.81999969482422,108.31059265136719,91.26419067382812,69.22000122070312,80.84156799316406,16.988780975341797,643.3776245117188,52.46950912475586,183.83847045898438,134.5334014892578,83.82169342041016,13.362215995788574,28.41237449645996,47.28824234008789,16.004812240600586,128.09930419921875,50.77568435668945,108.05818176269531,254.4374542236328,52.31922149658203,242.7501983642578,90.79147338867188,35.132476806640625,26.889524459838867,39.23347473144531,69.0965347290039,28.183002471923828
2023-04-17,186.45179748535156,104.19087219238281,154.9481964111328,44.401763916015625,72.29000091552734,110.74876403808594,94.0257568359375,69.69000244140625,86.62238311767578,17.384998321533203,661.37060546875,53.588111877441406,188.31198120117188,135.57418823242188,85.12640380859375,13.550878524780273,29.11827278137207,47.673648834228516,16.364276885986328,130.82577514648438,51.435760498046875,111.1079330444336,258.056640625,53.05586624145508,247.11636352539062,93.99060821533203,36.04966354370117,27.313438415527344,40.06342697143555,70.16900634765625,28.58199119567871
2023-04-18,185.8714141845703,104.03910827636719,154.3249053955078,44.05036926269531,71.9800033569336,110.93309783935547,93.47872924804688,69.86000061035156,87.8559799194336,17.150497436523438,659.1471557617188,53.684242248535156,187.51629638671875,134.420654296875,85.2220687866211,13.641106605529785,29.215330123901367,47.261356353759766,16.347158432006836,129.95469665527344,51.059776306152344,111.62223052978516,254.63893127441406,53.21371078491211,246.99424743652344,93.94840240478516,35.98850631713867,27.24694061279297,39.97321319580078,70.3648681640625,28.49131202697754
2023-04-19,185.81785583496094,105.59040832519531,156.05227661132812,45.09619140625,72.25,111.89665222167969,94.32573699951172,69.69000244140625,86.90151977539062,17.279876708984375,660.4551391601562,54.26975631713867,190.4337921142578,132.76400756835938,85.2220687866211,13.50986099243164,29.374155044555664,48.148681640625,16.432748794555664,131.16546630859375,51.50259780883789,112.93054962158203,253.3683319091797,53.37156677246094,249.1257781982422,94.58992767333984,36.36412048339844,27.363311767578125,40.35211181640625,71.11094665527344,28.53665542602539
2023-04-20,183.5589599609375,104.40164947509766,154.24476623535156,43.740806579589844,72.23999786376953,106.3499984741211,93.85811614990234,69.01000213623047,84.86654663085938,17.029205322265625,658.6427612304688,53.544410705566406,187.1803436279297,131.76657104492188,84.40445709228516,13.2063627243042,29.28592300415039,48.023197174072266,16.287250518798828,130.1114959716797,51.74491882324219,111.20716857910156,252.06263732910156,53.09970474243164,242.84410095214844,93.50104522705078,36.36412048339844,27.52954864501953,40.21678924560547,70.76588439941406,28.246479034423828
2023-04-21,182.2643585205078,104.91593170166016,154.33380126953125,43.60693359375,71.86000061035156,105.545654296875,94.21986389160156,70.0,87.0185775756836,17.08580780029297,666.0978393554688,53.57062911987305,187.79922485351562,131.10739135742188,84.61321258544922,13.304794311523438,29.374155044555664,48.31898880004883,16.415632247924805,130.77352905273438,52.07912826538086,111.50494384765625,252.80751037597656,53.24879455566406,241.200927734375,93.40818786621094,36.27676773071289,27.704103469848633,40.75806427001953,70.53273010253906,28.13766860961914
2023-04-24,182.0858154296875,104.58712768554688,154.1112060546875,43.53163528442383,71.06999969482422,104.29723358154297,93.76107025146484,70.26000213623047,87.78394317626953,17.142410278320312,666.1257934570312,53.483238220214844,187.14498901367188,132.02676391601562,83.48249816894531,13.419634819030762,28.985910415649414,48.72230911254883,16.107515335083008,130.64283752441406,51.87860870361328,111.15303802490234,252.4657745361328,52.61738586425781,240.01780700683594,93.04523468017578,35.95357894897461,27.587732315063477,41.11891555786133,70.2529525756836,27.74774932861328
2023-04-25,180.12155151367188,101.6278305053711,152.7845001220703,42.084205627441406,70.4800033569336,102.41204071044922,92.51704406738281,68.5,87.91901397705078,17.06963539123535,663.3604736328125,52.888980865478516,183.77658081054688,130.39614868164062,83.37812042236328,13.05871295928955,28.562376022338867,48.63267517089844,16.141754150390625,128.7787628173828,51.836830139160156,108.8521957397461,254.13070678710938,52.801544189453125,236.261962890625,92.19268798828125,35.6915168762207,27.47136688232422,41.82258605957031,71.24151611328125,27.103925704956055
2023-04-26,178.87156677246094,101.19783782958984,152.31259155273438,42.820465087890625,69.94000244140625,100.66089630126953,91.78474426269531,71.91999816894531,87.94602966308594,16.794713973999023,660.2589721679688,52.65303039550781,182.10565185546875,129.5722198486328,82.34307098388672,12.960281372070312,28.35942840576172,48.274166107177734,15.970579147338867,128.39547729492188,51.22688674926758,107.43560791015625,252.93023681640625,52.152591705322266,234.9286346435547,91.44985961914062,35.43819808959961,27.271875381469727,41.33543395996094,71.03634643554688,26.46917724609375
2023-04-27,183.6035919189453,103.4657974243164,158.1803436279297,44.19260787963867,76.13999938964844,103.03206634521484,93.99044799804688,77.16999816894531,91.61981964111328,17.150497436523438,672.4878540039062,54.016326904296875,186.9504852294922,131.0726776123047,84.15223693847656,13.050511360168457,29.00356101989746,49.27800750732422,16.25301170349121,131.81008911132812,52.045711517333984,110.2417221069336,256.26019287109375,52.97693634033203,241.17274475097656,93.35752868652344,35.89242935180664,27.670856475830078,42.5262336730957,72.73368072509766,26.650531768798828
2023-04-28,182.48757934570312,104.69671630859375,160.60226440429688,44.6443977355957,76.66000366210938,103.13261413574219,97.09613037109375,76.94999694824219,89.27867889404297,17.765033721923828,676.4489135742188,55.274757385253906,194.26193237304688,131.8706512451172,86.01358032226562,13.263781547546387,29.444744110107422,49.511043548583984,16.4241886138916,133.9703369140625,52.7210807800293,113.01174926757812,258.3633117675781,53.87143325805664,244.96615600585938,95.65348815917969,36.102073669433594,28.211137771606445,43.347171783447266,73.88079071044922,27.12206268310547
2023-05-01,178.12156677246094,102.70697784423828,161.759765625,44.184242248535156,76.4000015258789,102.25285339355469,98.17253112792969,76.11000061035156,87.27970886230469,17.498193740844727,674.51513671875,55.633052825927734,195.0841522216797,132.18287658691406,84.96113586425781,13.271985054016113,29.488861083984375,49.627567291259766,16.133195877075195,134.580078125,52.21769714355469,110.44023132324219,256.40032958984375,53.17863464355469,245.10699462890625,95.79698944091797,36.00598907470703,28.078149795532227,43.00435256958008,72.98548126220703,26.97697639465332
2023-05-02,175.11273193359375,100.79315948486328,158.714599609375,42.84556579589844,75.0999984741211,99.3035659790039,96.4432373046875,74.75,85.31675720214844,17.126237869262695,656.9143676757812,54.540672302246094,191.9986572265625,131.15072631835938,83.67385864257812,13.107931137084961,29.691816329956055,49.009124755859375,15.859317779541016,130.83447265625,51.504573822021484,110.51240539550781,251.3353271484375,52.60860824584961,231.91453552246094,94.58148193359375,35.097537994384766,27.180444717407227,42.562320709228516,72.13681030273438,26.351293563842773
2023-05-03,171.39849853515625,102.42877197265625,158.31393432617188,42.059104919433594,74.08999633789062,98.75057220458984,96.33737182617188,73.69999694824219,85.35276794433594,17.20709800720215,651.7388305664062,54.470760345458984,191.53890991210938,127.72476196289062,83.62165832519531,13.345810890197754,29.515336990356445,49.44830322265625,15.79084587097168,130.29443359375,51.15220642089844,112.02824401855469,247.3918914794922,52.31922149658203,226.21507263183594,90.81678771972656,35.10626983642578,26.698341369628906,42.93218994140625,72.29534912109375,26.550783157348633
2023-05-04,173.568115234375,102.47936248779297,158.73239135742188,42.38541030883789,73.66000366210938,98.53272247314453,95.9756088256836,74.33999633789062,86.33424377441406,17.287954330444336,681.3629150390625,54.60184097290039,191.49473571777344,130.78646850585938,83.8739013671875,14.198888778686523,29.45357322692871,49.86956024169922,15.782286643981934,130.18118286132812,51.949214935302734,112.67791748046875,254.39364624023438,52.705074310302734,223.75497436523438,91.03626251220703,35.167415618896484,26.93108558654785,43.094566345214844,71.71714782714844,26.305952072143555
2023-05-05,175.66629028320312,104.24144744873047,160.0502166748047,43.44797134399414,74.55000305175781,99.28679656982422,97.3608169555664,74.5999984741211,86.82048797607422,17.615999221801758,691.3216552734375,55.38836669921875,194.50062561035156,134.2124786376953,83.79561614990234,14.568013191223145,30.34477424621582,50.541778564453125,16.098962783813477,132.7421112060547,52.8133659362793,114.81633758544922,259.30975341796875,53.26633071899414,224.9662628173828,92.47122955322266,36.102073669433594,27.271875381469727,43.16674041748047,73.45178985595703,26.90443229675293
2023-05-08,172.505615234375,103.15385437011719,160.59336853027344,42.602928161621094,73.13999938964844,97.50215911865234,97.81078338623047,74.30000305175781,87.6759033203125,17.40277671813965,691.433837890625,55.03879928588867,193.28944396972656,136.15530395507812,82.09082794189453,14.2891206741333,30.3359432220459,50.183258056640625,15.833636283874512,132.3588409423828,52.65397262573242,114.92459106445312,260.5628356933594,52.336753845214844,218.90052795410156,91.16287231445312,36.04966354370117,27.404874801635742,42.79686737060547,71.18555450439453,26.97697639465332
2023-05-09,172.78240966796875,102.20956420898438,159.6673583984375,42.6615104675293,73.37999725341797,98.07190704345703,97.55492401123047,74.0,86.99156188964844,17.271560668945312,680.3538818359375,54.49696731567383,191.23834228515625,135.67831420898438,80.62088012695312,14.354743003845215,30.273704528808594,49.99504089355469,15.542642593383789,131.35711669921875,52.20091247558594,113.61628723144531,262.27166748046875,51.63520050048828,219.830078125,89.88826751708984,35.59543228149414,27.388246536254883,42.27363967895508,73.04144287109375,27.16739845275879
2023-05-10,175.3180694580078,103.09483337402344,160.40635681152344,42.34356689453125,73.80999755859375,99.6638412475586,97.57256317138672,75.44999694824219,89.02655029296875,17.287954330444336,700.934814453125,54.75040817260742,191.64501953125,135.99920654296875,80.36864471435547,14.207093238830566,30.65601348876953,50.039852142333984,15.516963005065918,132.29786682128906,52.32675552368164,115.56523895263672,262.9026184082031,51.73166275024414,222.58126831054688,89.92204284667969,35.95357894897461,27.055761337280273,42.4360237121582,74.02999877929688,27.29435157775879
2023-05-11,174.71986389160156,101.51822662353516,160.59336853027344,41.35630798339844,73.63999938964844,97.77027893066406,97.83724975585938,74.97000122070312,88.03607177734375,17.287954330444336,694.535400390625,54.977622985839844,191.8306884765625,132.33035278320312,79.02046203613281,13.829768180847168,30.255918502807617,49.49311828613281,15.40570068359375,133.38670349121094,51.84855651855469,113.45387268066406,258.5122985839844,51.293182373046875,218.825439453125,89.6856918334961,36.11954116821289,26.5321044921875,42.12929153442383,73.81549072265625,26.97697639465332
2023-05-12,178.82691955566406,100.71728515625,160.43310546875,40.51127243041992,73.0999984741211,97.77027893066406,97.49314880371094,75.37000274658203,87.43276977539062,17.19774627685547,690.602294921875,54.88149642944336,190.36309814453125,133.171630859375,79.5075454711914,13.73133659362793,30.23813819885254,49.37659454345703,15.636788368225098,133.61318969726562,52.04151916503906,112.9395751953125,259.37982177734375,51.32825469970703,222.26202392578125,89.77009582519531,36.145751953125,26.515478134155273,41.939857482910156,73.95538330078125,27.049522399902344
2023-05-15,174.51451110839844,101.85546112060547,159.0796356201172,41.08857727050781,74.16000366210938,95.43263244628906,96.02855682373047,75.9800033569336,88.58534240722656,17.17314338684082,691.5646362304688,54.58436584472656,189.24029541015625,132.02676391601562,79.97722625732422,13.878987312316895,30.300376892089844,49.887489318847656,15.996251106262207,132.64630126953125,51.96600341796875,113.03881072998047,257.6272277832031,51.85443878173828,220.91929626464844,90.25969696044922,36.032188415527344,26.44898223876953,42.562320709228516,75.30875396728516,27.276216506958008
2023-05-16,170.5681610107422,99.06478881835938,156.0701446533203,39.37342071533203,73.56999969482422,93.37986755371094,93.611083984375,75.87000274658203,84.28123474121094,16.631874084472656,669.1714477539062,53.42207717895508,184.89935302734375,129.33798217773438,76.88077545166016,13.911796569824219,29.52686309814453,48.71334457397461,15.457051277160645,129.3623504638672,50.581695556640625,109.40260314941406,253.12295532226562,50.004051208496094,217.64230346679688,87.5585708618164,35.27224349975586,25.85051727294922,41.16402816772461,72.86518859863281,26.57798957824707
2023-05-17,173.88951110839844,100.35475158691406,157.7529754638672,41.130409240722656,75.36000061035156,95.89346313476562,94.2110366821289,76.0,86.1001205444336,16.738487243652344,680.2418823242188,53.80658721923828,186.51727294921875,129.4073944091797,78.68124389648438,13.97741985321045,29.873605728149414,49.537933349609375,15.88498592376709,129.79786682128906,50.883731842041016,110.71089935302734,251.51925659179688,51.5474967956543,220.29022216796875,89.72789764404297,35.41200256347656,26.182994842529297,41.35346984863281,72.84639739990234,26.732141494750977
2023-05-18,170.55923461914062,98.56736755371094,156.6488494873047,41.289363861083984,76.80999755859375,95.5080337524414,94.36103057861328,78.02999877929688,84.82149505615234,16.566261291503906,673.7396850585938,53.60558319091797,185.33258056640625,129.3900604248047,77.64617919921875,14.231701850891113,29.820266723632812,49.44830322265625,15.730935096740723,129.24911499023438,50.397125244140625,110.13346099853516,249.57388305664062,51.073944091796875,220.57188415527344,89.08639526367188,35.14120864868164,26.07494354248047,40.640785217285156,72.2542953491211,26.768409729003906
2023-05-19,170.2913818359375,97.63151550292969,156.92489624023438,41.0634765625,77.27999877929688,94.7455825805664,93.9639892578125,78.5,81.71497344970703,16.320228576660156,675.98193359375,53.701717376708984,185.46519470214844,128.4533233642578,77.1852035522461,14.002028465270996,29.811376571655273,49.61859893798828,15.679582595825195,129.0749053955078,50.3132209777832,111.03575134277344,249.66156005859375,50.538997650146484,219.13528442382812,88.93444061279297,35.23729705810547,26.266115188598633,40.388187408447266,71.93475341796875,26.831886291503906
2023-05-22,172.73776245117188,99.22496795654297,157.35232543945312,41.8834114074707,78.05999755859375,96.4045639038086,93.76107025146484,79.8499984741211,82.39930725097656,16.484249114990234,678.9153442382812,54.0075798034668,186.5438232421875,128.9303436279297,78.45509338378906,14.043039321899414,29.909175872802734,49.33177947998047,16.07328224182129,128.2386932373047,50.62364959716797,112.09142303466797,249.3197784423828,51.24934005737305,222.0272979736328,89.4577865600586,35.50809097290039,26.274429321289062,40.06342697143555,71.88776397705078,26.57798957824707
2023-05-23,167.98782348632812,99.5790786743164,155.9454803466797,42.55274200439453,76.12999725341797,94.64503479003906,93.40814971923828,78.5,81.42683410644531,16.525257110595703,654.0418701171875,53.247283935546875,186.73829650878906,128.4446258544922,77.74186706542969,13.796956062316895,29.61577796936035,49.036014556884766,15.765169143676758,127.36762237548828,50.42228698730469,111.4688491821289,251.93997192382812,50.47761535644531,216.36532592773438,87.89620971679688,35.14994430541992,25.84220314025879,40.144622802734375,71.58700561523438,26.46917724609375
2023-05-24,163.7379608154297,96.41744232177734,153.194091796875,40.45270538330078,74.51000213623047,92.935791015625,91.50239562988281,78.66000366210938,77.87909698486328,16.106996536254883,633.7393188476562,52.111202239990234,184.1037139892578,127.03089141845703,76.04578399658203,13.591891288757324,29.286806106567383,47.90667724609375,15.431379318237305,126.19168853759766,49.57493209838867,109.19505310058594,248.3383331298828,49.4164924621582,210.55313110351562,86.23332214355469,34.451133728027344,25.44322395324707,38.665138244628906,69.76373291015625,25.925100326538086
2023-05-25,162.9969024658203,93.77008819580078,151.78726196289062,39.82521438598633,74.97000122070312,94.05854034423828,90.82302856445312,77.5199966430664,83.03863525390625,15.811758995056152,663.850341796875,51.97137451171875,182.84828186035156,126.10282135009766,74.7323989868164,13.72313404083252,29.25124740600586,48.13971710205078,15.311553955078125,125.88680267333984,49.02959060668945,110.06127166748047,248.09291076660156,48.37291717529297,208.9602508544922,85.46519470214844,34.066795349121094,25.168926239013672,38.620025634765625,69.19044494628906,25.789085388183594
2023-05-26,162.6575927734375,94.23380279541016,152.9091796875,39.942352294921875,75.56999969482422,93.63960266113281,91.68767547607422,78.48999786376953,89.0445785522461,15.96757984161377,684.3969116210938,52.119937896728516,185.99566650390625,127.13497924804688,75.72396087646484,13.76414966583252,29.686901092529297,48.023197174072266,15.465614318847656,127.14115905761719,49.214176177978516,112.74105834960938,251.23008728027344,49.056941986083984,210.9395751953125,86.40214538574219,34.2677001953125,25.37672996520996,38.68317794799805,69.11526489257812,25.616790771484375
2023-05-30,162.4968719482422,94.85770416259766,153.799560546875,40.97980880737305,75.05000305175781,94.01663970947266,91.90825653076172,78.6500015258789,90.5843276977539,16.33662986755371,689.4278564453125,52.452030181884766,189.64697265625,126.77935791015625,75.92400360107422,13.608296394348145,29.864727020263672,47.861873626708984,15.53408145904541,128.15158081054688,49.43230438232422,112.16360473632812,253.16676330566406,48.9166259765625,209.0922088623047,87.37285614013672,34.24149703979492,25.36841583251953,38.92675018310547,68.72991943359375,25.916030883789062
2023-05-31,164.67544555664062,95.65863800048828,154.91258239746094,40.72043991088867,74.91999816894531,94.8544921875,92.17294311523438,79.4000015258789,92.25914001464844,16.369434356689453,699.7901611328125,53.1336669921875,191.01731872558594,125.13140869140625,76.71551513671875,13.616499900817871,30.12255859375,47.879791259765625,15.730935096740723,128.09930419921875,50.08533477783203,112.38015747070312,248.25941467285156,49.346343994140625,209.03567504882812,88.7571792602539,34.652042388916016,25.709211349487305,38.91773223876953,70.12086486816406,25.988574981689453
2023-06-01,166.96998596191406,94.73966217041016,157.32557678222656,40.20171356201172,75.0199966430664,93.97476196289062,92.3052978515625,79.7300033569336,94.34815979003906,16.517053604125977,707.0270385742188,53.84154510498047,193.766845703125,124.3421401977539,76.32411193847656,13.739541053771973,30.095882415771484,47.637794494628906,15.585432052612305,127.97737121582031,49.91681671142578,110.65678405761719,248.37335205078125,49.46034240722656,208.00827026367188,87.28001403808594,35.018924713134766,25.71752166748047,39.26955795288086,70.12086486816406,26.05247688293457
2023-06-02,170.66636657714844,97.26898193359375,161.34129333496094,42.36867141723633,77.12999725341797,95.51641082763672,94.95216369628906,81.87999725341797,94.81641387939453,16.992719650268555,711.1099243164062,55.13492202758789,202.05966186523438,126.67525482177734,79.27268981933594,14.43677043914795,30.664907455444336,49.5020751953125,16.056167602539062,131.2351837158203,50.30442810058594,112.71399688720703,252.71987915039062,51.09147262573242,212.6832733154297,89.90516662597656,35.95357894897461,26.274429321289062,40.857303619384766,71.20169067382812,26.317197799682617
2023-06-05,168.4253387451172,97.3195571899414,161.61732482910156,41.57383728027344,76.05000305175781,94.51099395751953,95.8785629272461,82.0,94.3841781616211,16.869705200195312,706.8580932617188,55.41457748413086,199.11561584472656,125.27884674072266,78.71602630615234,14.28091812133789,30.647125244140625,49.76200866699219,16.004812240600586,130.9564208984375,50.54877853393555,112.45233154296875,248.12796020507812,50.854705810546875,211.382568359375,89.93893432617188,35.979774475097656,26.440670013427734,40.28895950317383,71.5118179321289,25.88816261291504
2023-06-06,168.84498596191406,99.67182159423828,163.00636291503906,43.540000915527344,77.5999984741211,94.67018127441406,96.91966247558594,82.30999755859375,94.8523941040039,17.369972229003906,696.6740112304688,55.86901092529297,199.5222930908203,124.30745697021484,81.04708862304688,14.44497299194336,30.407068252563477,49.94126892089844,16.218782424926758,131.61842346191406,50.56562423706055,113.53509521484375,245.37640380859375,51.79304885864258,211.02439880371094,92.15046691894531,36.27676773071289,26.557037353515625,40.89338684082031,73.91778564453125,26.417612075805664
2023-06-07,170.4699249267578,102.68171691894531,165.71319580078125,45.58147048950195,79.94000244140625,96.27887725830078,99.91946411132812,79.6500015258789,93.30364990234375,17.50118637084961,693.5953979492188,56.629310607910156,204.04885864257812,129.6676025390625,84.54362487792969,14.535200119018555,30.638240814208984,50.514888763427734,16.81658935546875,134.97206115722656,51.39982986450195,115.54718017578125,255.76943969726562,53.406639099121094,214.63433837890625,95.1301498413086,36.896968841552734,27.014205932617188,41.84964370727539,75.58129119873047,26.910545349121094
2023-06-08,169.657470703125,101.6278305053711,165.9713897705078,45.079471588134766,78.62999725341797,96.82347106933594,99.9459228515625,80.94000244140625,94.10504913330078,17.164945602416992,704.2486572265625,57.005096435546875,205.9850311279297,126.76201629638672,83.5955581665039,14.625433921813965,30.896072387695312,50.039852142333984,16.6519775390625,133.31704711914062,51.281856536865234,112.70499420166016,254.32351684570312,53.19617462158203,215.8218994140625,94.15181732177734,36.765933990478516,26.889524459838867,40.36113357543945,74.99861145019531,26.892292022705078
2023-06-09,167.22894287109375,101.66996765136719,167.6720733642578,45.27189636230469,78.94000244140625,95.48290252685547,99.91062927246094,80.13999938964844,93.87092590332031,16.968116760253906,698.0443725585938,57.83530807495117,207.14320373535156,125.3309097290039,83.62165832519531,14.543401718139648,30.48708724975586,50.25496292114258,16.80792236328125,134.37974548339844,51.323997497558594,109.45672607421875,251.3703155517578,53.15232849121094,211.2411651611328,95.00141906738281,37.16774368286133,26.847963333129883,41.245216369628906,76.22038269042969,27.074857711791992
2023-06-12,168.3539276123047,102.01565551757812,166.97756958007812,45.49779510498047,78.3499984741211,96.48834228515625,98.77246856689453,80.7300033569336,94.86141204833984,17.017322540283203,707.6090087890625,57.37214279174805,204.95945739746094,126.08547973632812,82.92583465576172,14.453171730041504,29.88250732421875,50.52385330200195,16.781936645507812,133.0382843017578,51.37455749511719,107.93186950683594,252.10646057128906,53.43294906616211,213.45616149902344,94.3663558959961,37.10660171508789,26.68172264099121,41.56095886230469,76.88764953613281,27.220909118652344
2023-06-13,170.55030822753906,102.90933990478516,168.35769653320312,45.95795822143555,79.23999786376953,96.85700225830078,99.2842025756836,81.95999908447266,94.52825164794922,17.058326721191406,710.1525268554688,57.66925811767578,207.0989990234375,126.53650665283203,82.42134857177734,14.305527687072754,30.247034072875977,50.532814025878906,16.695297241210938,133.8657989501953,51.55990982055664,109.4928207397461,252.39862060546875,53.54819107055664,216.34033203125,95.22455596923828,37.22888946533203,26.7980899810791,41.41661834716797,77.01924133300781,27.85989761352539
2023-06-14,172.33599853515625,102.79129791259766,169.3193359375,45.37229537963867,78.38999938964844,97.17552185058594,98.60484313964844,82.80000305175781,96.10432434082031,16.976320266723633,728.1648559570312,58.001346588134766,206.33865356445312,125.70330047607422,82.0299301147461,14.321928977966309,30.264812469482422,51.401893615722656,16.721281051635742,133.6218719482422,51.5515022277832,110.32292175292969,251.60166931152344,53.929344177246094,216.6136474609375,95.17305755615234,37.656917572021484,26.914459228515625,41.786495208740234,76.63391876220703,27.85989761352539
2023-06-15,174.8744354248047,102.14212036132812,169.64874267578125,46.208961486816406,78.66999816894531,99.28192901611328,98.94011688232422,84.06999969482422,96.01322174072266,17.025522232055664,731.7596435546875,57.98387145996094,207.5852508544922,127.86087799072266,82.55181121826172,14.03484058380127,30.531539916992188,51.80064392089844,16.79059410095215,134.29261779785156,51.5936393737793,110.61373901367188,254.7187957763672,53.929344177246094,220.5063018798828,95.19022369384766,37.5870361328125,27.04745101928711,41.61508560180664,75.32754516601562,28.078981399536133
2023-06-16,173.63221740722656,97.33641052246094,171.3583221435547,46.04999542236328,77.80999755859375,97.34538269042969,99.79593658447266,84.13999938964844,95.82190704345703,16.95171546936035,730.8211669921875,58.30721664428711,209.4595184326172,127.42236328125,83.43901062011719,13.98562240600586,30.58489227294922,51.438140869140625,16.851240158081055,135.26821899414062,51.72844314575195,111.4406967163086,254.24066162109375,54.19526290893555,217.32054138183594,96.79503631591797,37.927703857421875,26.881208419799805,41.56998825073242,75.5718994140625,28.298063278198242
2023-06-20,171.07577514648438,96.14764404296875,169.35494995117188,45.27189636230469,76.94000244140625,95.5107650756836,98.4460220336914,85.30999755859375,95.56681060791016,16.54986000061035,732.3510131835938,57.712955474853516,207.05477905273438,126.1242904663086,81.97776794433594,13.624701499938965,30.57599449157715,50.25096893310547,16.660634994506836,133.80482482910156,50.83526611328125,109.81402587890625,252.39862060546875,53.7697868347168,211.693603515625,95.02716827392578,37.46473693847656,26.523792266845703,40.974578857421875,74.45349884033203,28.535400390625
2023-06-21,170.4366455078125,95.44786071777344,168.62478637695312,45.33046340942383,76.72000122070312,95.26445770263672,97.89018249511719,87.58000183105469,95.05664825439453,16.295621871948242,720.8622436523438,57.249786376953125,205.71092224121094,128.0626220703125,81.27384948730469,13.649310111999512,30.389293670654297,50.34159851074219,16.548004150390625,132.14979553222656,50.22858810424805,109.67771911621094,254.82510375976562,52.86565017700195,208.4795684814453,95.02716827392578,37.08039474487305,26.20402717590332,40.559600830078125,74.23734283447266,28.20677947998047
2023-06-22,167.81715393066406,93.45814514160156,164.71592712402344,43.757537841796875,76.23999786376953,93.13255310058594,95.53446197509766,86.4000015258789,96.08609771728516,16.024988174438477,701.1419067382812,56.08748245239258,198.92108154296875,125.6067886352539,80.3411865234375,13.534473419189453,29.846939086914062,49.70722961425781,16.33141326904297,129.86758422851562,50.110626220703125,107.83293914794922,250.8755340576172,52.20083236694336,209.7896728515625,93.61116027832031,35.997249603271484,26.18719482421875,40.13560104370117,73.73921966552734,28.161134719848633
2023-06-23,167.4570770263672,91.96585083007812,161.49264526367188,43.08820343017578,75.2300033569336,92.95418548583984,93.39933013916016,86.75,94.883544921875,15.803557395935059,700.3157958984375,55.065818786621094,194.51834106445312,124.51045989990234,79.27654266357422,13.32120132446289,29.108991622924805,48.90974426269531,15.95886516571045,126.86241912841797,49.51235580444336,106.2335433959961,251.12353515625,51.411930084228516,210.2609405517578,92.461181640625,35.14120864868164,25.774866104125977,40.11756134033203,71.6904067993164,27.759485244750977
2023-06-26,169.3474578857422,96.54390716552734,165.633056640625,47.34682846069336,75.55999755859375,94.10081481933594,95.9403305053711,87.80999755859375,97.66217803955078,16.295621871948242,713.2969970703125,56.92018127441406,202.0950164794922,127.79949188232422,81.24745178222656,13.477052688598633,29.873605728149414,49.50785827636719,16.496023178100586,130.39895629882812,50.51507568359375,108.1510238647461,255.781494140625,52.73268127441406,211.43911743164062,95.31893920898438,36.24183654785156,26.42281150817871,41.380531311035156,74.7824478149414,28.225038528442383
2023-06-27,168.97837829589844,97.69895935058594,167.31593322753906,48.317352294921875,77.97000122070312,94.58495330810547,96.82261657714844,89.91999816894531,99.32025146484375,16.525257110595703,718.2529907226562,57.60012435913086,204.25218200683594,129.04495239257812,83.03360748291016,13.641106605529785,30.291486740112305,50.5137825012207,16.79059410095215,131.92330932617188,50.7172966003418,109.84129333496094,256.3659362792969,53.477272033691406,212.54190063476562,97.03533172607422,36.87075424194336,26.16194725036621,42.36384963989258,75.88204193115234,29.06484603881836
2023-06-28,172.48001098632812,94.87454986572266,166.29196166992188,47.530887603759766,78.47000122070312,96.47054290771484,95.30509185791016,89.33000183105469,99.83953094482422,16.254619598388672,721.9886474609375,57.19392395019531,203.58026123046875,129.80801391601562,83.04239654541016,13.559081077575684,30.460412979125977,50.269100189208984,16.729949951171875,130.89541625976562,50.683597564697266,109.59593200683594,256.0294494628906,53.4950065612793,214.30442810058594,96.79503631591797,36.84455490112305,26.08621597290039,42.02103805541992,75.24295806884766,30.30631446838379
2023-06-29,173.48818969726562,96.64775848388672,168.924072265625,48.61210250854492,80.30000305175781,96.89521789550781,96.72103118896484,90.12000274658203,101.92579650878906,16.385835647583008,729.3381958007812,57.76789093017578,208.143798828125,129.78172302246094,84.77574157714844,13.815691947937012,30.344837188720703,50.89440155029297,17.067838668823242,132.46337890625,50.74258041381836,110.41380310058594,255.5601043701172,54.67393112182617,216.48167419433594,98.48565673828125,37.45600509643555,26.405988693237305,42.95925521850586,75.55309295654297,30.42498207092285
2023-06-30,174.57737731933594,96.75004577636719,170.02906799316406,49.029266357421875,80.70999908447266,96.77631378173828,96.95257568359375,89.0,103.7387466430664,16.484249114990234,735.8240356445312,58.253570556640625,209.24224853515625,130.5535430908203,85.14529418945312,13.931583404541016,30.58489227294922,51.492515563964844,17.08517074584961,132.28045654296875,50.59534454345703,111.4406967163086,258.4735412597656,54.753700256347656,218.44215393066406,99.10356140136719,37.52588653564453,26.44805908203125,43.050331115722656,76.02301025390625,30.589292526245117
2023-07-03,175.5675506591797,98.99213409423828,171.13401794433594,49.75291442871094,81.80000305175781,98.07583618164062,98.06574249267578,87.51000213623047,104.97773742675781,16.877906799316406,735.2794799804688,58.71273422241211,211.287353515625,131.93055725097656,85.62042236328125,14.337193489074707,30.99387550354004,51.90032958984375,17.431724548339844,133.91807556152344,50.94227981567383,112.54939270019531,259.45648193359375,55.29441833496094,220.58169555664062,100.44232177734375,38.1373405456543,26.784652709960938,43.95195770263672,76.56812286376953,30.616674423217773
2023-07-05,178.5561065673828,99.71674346923828,170.819580078125,49.43791580200195,81.97000122070312,100.11430358886719,97.54031372070312,88.62000274658203,105.04151153564453,17.03372573852539,741.6246337890625,58.75688934326172,210.07276916503906,131.25518798828125,85.330078125,14.221306800842285,30.816051483154297,52.770320892333984,17.501035690307617,133.82225036621094,51.30615997314453,112.67660522460938,258.50006103515625,55.18804931640625,227.1229248046875,101.4464111328125,37.90149688720703,26.363906860351562,44.42552947998047,76.29557037353516,30.342823028564453
2023-07-06,176.4407196044922,99.71674346923828,172.84982299804688,48.88453674316406,81.9000015258789,99.10356903076172,97.9499740600586,88.04000091552734,104.3035888671875,16.992719650268555,733.3836059570312,59.19841003417969,209.73342895507812,130.2026824951172,85.4180679321289,14.213028907775879,30.896072387695312,52.80656814575195,17.52702522277832,133.9354705810547,50.68842315673828,111.76786041259766,257.6500549316406,54.957584381103516,225.2472686767578,102.21019744873047,37.86655807495117,26.03572654724121,43.87909698486328,75.45912170410156,29.81338119506836
2023-07-07,176.0266571044922,99.7508544921875,171.64608764648438,50.29777908325195,81.87000274658203,98.12678527832031,96.87242126464844,86.77999877929688,103.67496490478516,16.85329818725586,724.90771484375,58.75688934326172,208.3045196533203,129.91326904296875,84.45020294189453,14.444808006286621,30.887182235717773,52.516571044921875,17.24111557006836,133.42153930664062,50.4091682434082,110.85910034179688,254.23178100585938,54.34595489501953,227.00979614257812,101.73819732666016,37.61957550048828,26.195608139038086,43.62409210205078,75.00799560546875,30.53452491760254
2023-07-10,174.226318359375,98.94097137451172,172.760009765625,50.527645111083984,83.33999633789062,97.80403900146484,97.2197265625,88.12000274658203,103.86629486083984,16.886104583740234,735.364013671875,59.03946304321289,209.23329162597656,131.14117431640625,85.35647583007812,14.726253509521484,30.896072387695312,53.25968551635742,17.145814895629883,133.5870361328125,50.19762420654297,110.69551849365234,257.6145324707031,54.39027786254883,224.1633758544922,103.7978515625,37.67250061035156,26.53220558166504,43.68783950805664,74.40650939941406,30.945301055908203
2023-07-11,175.1715087890625,100.91877746582031,174.430908203125,51.889808654785156,83.80000305175781,98.47504425048828,98.79598999023438,88.33000183105469,106.0618667602539,17.304365158081055,738.8181762695312,59.613433837890625,212.6269073486328,133.28126525878906,87.70571899414062,14.751087188720703,31.34062385559082,53.05125045776367,17.570344924926758,135.59922790527344,51.19614791870117,111.97686004638672,260.2269287109375,55.6578483581543,227.92410278320312,105.56571197509766,38.21055603027344,26.750991821289062,44.43464279174805,76.03241729736328,31.073101043701172
2023-07-12,175.91860961914062,100.39022064208984,174.5746612548828,51.949398040771484,86.43000030517578,98.89971923828125,99.00970458984375,88.54000091552734,107.2735366821289,17.19774627685547,742.3380737304688,59.53395462036133,214.94886779785156,134.1024169921875,87.73211669921875,14.593806266784668,31.38507080078125,53.785301208496094,17.717632293701172,136.992919921875,51.03537368774414,113.81254577636719,262.36993408203125,55.94150161743164,229.30015563964844,105.07654571533203,38.09588623046875,26.851974487304688,43.99748611450195,74.89522552490234,31.1096134185791
2023-07-13,177.18785095214844,101.38764953613281,175.82334899902344,52.87737274169922,88.30000305175781,97.99090576171875,99.6776123046875,88.69000244140625,107.76548767089844,17.533992767333984,752.2499389648438,60.06377410888672,218.288818359375,136.37158203125,88.5592041015625,14.726253509521484,31.562891006469727,53.567813873291016,17.908235549926758,136.869873046875,51.57695007324219,115.36652374267578,264.6192321777344,56.20742416381836,229.83741760253906,104.5616226196289,38.29875946044922,26.39756965637207,44.18875503540039,75.99481964111328,31.17350959777832
2023-07-14,174.60440063476562,101.9332504272461,177.7907257080078,52.32399368286133,86.98999786376953,98.22870635986328,99.69540405273438,89.29000091552734,107.7563705444336,17.55039405822754,756.2764892578125,60.496463775634766,219.19082641601562,137.52822875976562,88.22483825683594,14.403419494628906,31.4739933013916,53.930301666259766,17.76961326599121,137.26536560058594,51.46694564819336,116.09354400634766,267.1164855957031,56.19855880737305,229.76202392578125,104.0810546875,38.25465774536133,26.515378952026367,43.77891159057617,75.16777801513672,31.1096134185791
2023-07-17,167.6641387939453,100.15153503417969,174.34107971191406,51.85574722290039,88.13999938964844,93.42131805419922,98.62677001953125,90.61000061035156,107.69261169433594,17.361764907836914,758.003662109375,59.91366195678711,216.59207153320312,138.11099243164062,88.66478729248047,14.436528205871582,31.41175079345703,55.53434753417969,17.882244110107422,134.90118408203125,51.86466598510742,116.30256652832031,266.1689453125,56.58858108520508,213.154541015625,104.3985824584961,37.787166595458984,26.549039840698242,43.633201599121094,74.5098876953125,31.337831497192383
2023-07-18,167.2410430908203,99.63150024414062,173.4247589111328,52.93696212768555,88.5,93.90547180175781,98.5110092163086,91.2300033569336,106.8726806640625,17.140336990356445,747.1343383789062,59.480979919433594,214.1450958251953,132.71617126464844,88.91116333007812,14.635197639465332,30.96720314025879,56.03278732299805,17.76961326599121,133.3191680908203,51.61079025268555,112.68569946289062,260.6785888671875,56.4910774230957,214.96421813964844,104.28700256347656,37.40789031982422,26.549039840698242,43.35087203979492,73.87080383300781,31.51125717163086
2023-07-19,170.2296142578125,101.80535125732422,174.66448974609375,54.8439826965332,88.91000366210938,96.4026107788086,99.19671630859375,91.61000061035156,110.38923645019531,17.566797256469727,762.8469848632812,60.09909439086914,217.0564422607422,131.5242156982422,90.16056823730469,14.626919746398926,31.38507080078125,56.3952751159668,18.072851181030273,134.4001922607422,52.237003326416016,111.57701873779297,259.4299011230469,57.39521789550781,220.80795288085938,105.90899658203125,37.71659851074219,27.05393409729004,43.90642166137695,75.58129119873047,31.28305435180664
2023-07-20,166.21485900878906,103.36544036865234,176.78456115722656,53.96709060668945,87.94999694824219,91.30641174316406,99.84680938720703,90.22000122070312,108.19365692138672,17.75542640686035,760.7632446289062,60.5494384765625,217.8512725830078,129.6346893310547,90.60930633544922,14.461362838745117,31.714038848876953,56.17777633666992,18.08151626586914,135.0242156982422,52.99013900756836,112.46762084960938,255.94973754882812,57.99797439575195,210.0535888671875,106.20077514648438,37.998870849609375,27.525163650512695,45.254302978515625,77.07563781738281,31.337831497192383
2023-07-21,166.43092346191406,105.05339050292969,177.30560302734375,53.96709060668945,87.72000122070312,91.11956024169922,100.54141235351562,90.68000030517578,109.45999908447266,17.837430953979492,757.5811767578125,60.98212814331055,218.92295837402344,128.97247314453125,90.84687042236328,14.54414176940918,32.13191223144531,56.08716583251953,18.124835968017578,136.02615356445312,53.10013961791992,113.99431610107422,258.3407287597656,58.325950622558594,213.61639404296875,106.11495971679688,38.16645050048828,27.59248924255371,45.10858917236328,77.35757446289062,31.383459091186523
2023-07-24,171.77789306640625,104.95108795166016,176.50608825683594,54.87804412841797,87.23999786376953,94.67839813232422,100.47908782958984,90.58000183105469,112.16575622558594,18.14087677001953,768.8260498046875,60.61125564575195,218.26210021972656,129.25502014160156,90.76768493652344,14.428252220153809,32.14970016479492,56.322776794433594,18.15949058532715,136.01736450195312,53.62479782104492,115.42106628417969,261.8120422363281,58.290496826171875,214.5306396484375,106.76716613769531,38.13117599487305,27.66822052001953,45.24519729614258,77.6959228515625,31.30130958557129
2023-07-25,168.14122009277344,105.49669647216797,172.89476013183594,53.907501220703125,88.11000061035156,93.87996673583984,98.68020629882812,91.80000305175781,109.88817596435547,18.050662994384766,766.3572998046875,59.35734176635742,214.1272735595703,128.17782592773438,90.002197265625,14.461362838745117,31.60734748840332,56.250274658203125,17.84758949279785,133.44219970703125,53.38785934448242,115.50283813476562,260.1029357910156,57.90933609008789,207.5841827392578,106.14927673339844,37.266761779785156,27.634563446044922,44.8900146484375,77.94967651367188,31.383459091186523
2023-07-26,171.01272583007812,108.56568145751953,172.2569580078125,55.82304000854492,88.36000061035156,95.51925659179688,99.60636138916016,84.37999725341797,108.0843505859375,18.214689254760742,763.1284790039062,59.489803314208984,213.84146118164062,127.63921356201172,90.56529998779297,14.419974327087402,31.580677032470703,56.5765266418457,17.96021842956543,134.4001922607422,53.94636154174805,117.48391723632812,261.7412414550781,58.43232345581055,213.3901824951172,106.56121826171875,37.49609375,27.558826446533203,44.507503509521484,78.23162841796875,31.383459091186523
2023-07-27,173.93829345703125,107.24430847167969,167.43283081054688,55.014259338378906,83.25,93.5147705078125,96.8813247680664,80.16000366210938,104.90485382080078,17.89484405517578,747.2094116210938,57.988651275634766,206.9649658203125,125.3700180053711,88.48881530761719,14.511030197143555,31.020540237426758,55.35309982299805,17.47504425048828,131.35044860839844,52.62624740600586,113.5399398803711,255.32981872558594,57.2267951965332,209.62002563476562,105.55712890625,35.8201904296875,26.86880111694336,43.71516799926758,76.33316802978516,31.137001037597656
2023-07-28,170.1035919189453,107.84957885742188,167.20826721191406,56.14655303955078,82.4000015258789,92.52952575683594,96.6319808959961,81.68000030517578,111.85600280761719,17.821035385131836,748.4202270507812,57.229244232177734,211.9303436279297,124.35462188720703,88.8055648803711,15.049086570739746,31.536222457885742,54.881858825683594,17.48370361328125,130.7264404296875,52.0169792175293,112.36762237548828,249.30812072753906,57.51044845581055,206.3022918701172,106.82725524902344,35.49382781982422,26.750991821289062,43.833560943603516,76.13580322265625,30.73534393310547
2023-07-31,171.309814453125,107.14201354980469,169.47207641601562,56.725467681884766,83.30999755859375,91.9774169921875,97.14848327636719,83.97000122070312,113.53227996826172,17.903039932250977,760.2094116210938,58.227073669433594,217.5030059814453,123.2332992553711,89.32469940185547,15.231201171875,31.562891006469727,55.643096923828125,17.55301856994629,131.5350341796875,51.80964279174805,113.36726379394531,249.50296020507812,58.08662414550781,206.36827087402344,106.93023681640625,36.058349609375,26.490129470825195,44.18875503540039,77.20721435546875,31.09135627746582
2023-08-01,172.14695739746094,104.05596923828125,168.77137756347656,55.09088134765625,83.01000213623047,91.94344329833984,96.54293060302734,83.12000274658203,112.41173553466797,17.788227081298828,755.741455078125,58.05046463012695,217.94058227539062,121.45858001708984,89.06951141357422,15.222921371459961,31.438417434692383,55.98747253417969,17.47504425048828,130.0848388671875,51.648193359375,112.84927368164062,247.3776092529297,58.27276611328125,214.9925079345703,107.65111541748047,35.72316360473633,26.624771118164062,44.23427963256836,79.50979614257812,31.009201049804688
2023-08-02,171.58885192871094,104.19236755371094,167.19924926757812,57.07453536987305,83.43000030517578,90.88172912597656,95.45647430419922,82.18000030517578,112.38440704345703,17.722620010375977,756.1826782226562,58.12110137939453,218.45852661132812,120.8316650390625,88.63838195800781,15.024252891540527,31.509552001953125,55.860595703125,17.501035690307617,128.93348693847656,51.29978942871094,112.39488983154297,246.86398315429688,58.228450775146484,215.426025390625,106.46681213378906,35.69670104980469,26.363906860351562,44.15231704711914,78.54177856445312,30.30631446838379
2023-08-03,167.20504760742188,104.32875061035156,165.6451416015625,57.12560272216797,83.61000061035156,89.12355041503906,94.83309936523438,80.91999816894531,110.09771728515625,17.648807525634766,712.8089599609375,57.785552978515625,218.05667114257812,123.1273422241211,90.30136108398438,13.915024757385254,31.260602951049805,54.193119049072266,17.39706802368164,128.1688690185547,49.999664306640625,112.5130386352539,254.13433837890625,58.485504150390625,209.78025817871094,101.5837173461914,35.502647399902344,26.15353775024414,43.915523529052734,78.74854278564453,30.224159240722656
2023-08-04,166.32289123535156,102.93919372558594,166.05838012695312,58.34303665161133,83.91999816894531,88.17227172851562,96.65869140625,81.41000366210938,109.2868881225586,17.65712547302246,711.3633422851562,57.75023651123047,217.83340454101562,110.98678588867188,90.9964599609375,13.73291301727295,30.90496253967285,55.20811080932617,17.327756881713867,127.62395477294922,50.32256317138672,111.08628845214844,244.1365509033203,58.72483444213867,210.0724639892578,101.51506042480469,35.3086051940918,26.136707305908203,40.919219970703125,77.42338562011719,30.014205932617188
2023-08-07,165.19769287109375,105.89736938476562,168.7623748779297,59.381675720214844,84.94000244140625,88.20624542236328,97.86981964111328,81.55000305175781,110.1341552734375,17.873367309570312,726.74755859375,58.39484786987305,219.1015625,115.75473022460938,91.44519805908203,13.898469924926758,31.2901611328125,55.670291900634766,17.440387725830078,129.10049438476562,51.078857421875,113.07645416259766,250.61875915527344,59.070533752441406,207.4616241455078,102.69078826904297,35.62613296508789,26.32183265686035,41.52029800415039,79.68836212158203,30.251543045043945
2023-08-08,166.1788787841797,104.42253112792969,166.58840942382812,58.41965103149414,85.05000305175781,88.36762237548828,96.72992706298828,81.87999725341797,108.51252746582031,17.5157413482666,726.9539794921875,57.90034484863281,216.60992431640625,113.67977142333984,89.81742095947266,13.873637199401855,31.308073043823242,55.07217025756836,17.3104305267334,127.96672821044922,50.135623931884766,112.15861511230469,249.57376098632812,58.04230880737305,210.22323608398438,102.12439727783203,35.00870132446289,26.20402717590332,41.429237365722656,80.15828704833984,30.461496353149414
2023-08-09,168.42027282714844,104.37139129638672,166.48960876464844,57.100059509277344,84.08000183105469,88.8687515258789,96.74773406982422,81.25,108.6947250366211,17.598905563354492,726.9539794921875,57.935665130615234,215.511474609375,114.88939666748047,90.61810302734375,13.939860343933105,31.003498077392578,55.20811080932617,17.656982421875,128.12490844726562,50.56900405883789,111.41344451904297,253.55874633789062,58.237308502197266,214.62490844726562,101.95275115966797,34.76172637939453,26.39756965637207,40.536705017089844,80.32744598388672,30.48888397216797
2023-08-10,168.2762451171875,103.74053955078125,166.34584045410156,57.28736114501953,84.30000305175781,88.91971588134766,95.91063690185547,80.7300033569336,110.0157241821289,17.41593360900879,726.5784301757812,57.891517639160156,216.8689422607422,114.67752838134766,90.40693664550781,13.790857315063477,30.92287826538086,55.280601501464844,17.6396541595459,126.72747802734375,49.957176208496094,111.01358032226562,252.11534118652344,57.599090576171875,215.19984436035156,101.99565887451172,34.7970085144043,26.05255699157715,39.67151641845703,79.83873748779297,30.251543045043945
2023-08-11,168.4292755126953,104.10710906982422,168.24134826660156,57.993988037109375,84.52999877929688,88.6819076538086,96.05313110351562,80.83999633789062,109.62398529052734,17.382658004760742,726.653564453125,58.65092086791992,219.27122497558594,115.67523193359375,89.93181610107422,13.484578132629395,31.084125518798828,54.80029296875,17.6483211517334,126.79776000976562,49.812721252441406,112.24040985107422,254.08123779296875,57.501590728759766,216.83985900878906,102.01282501220703,35.00870132446289,25.993650436401367,38.988460540771484,79.19025421142578,30.142000198364258
2023-08-14,168.46527099609375,102.12931060791016,164.1628875732422,56.768035888671875,84.6500015258789,87.58621978759766,94.4679946899414,81.30999755859375,110.67166137695312,17.174741744995117,722.9085083007812,57.246910095214844,214.28794860839844,114.9335708618164,88.71758270263672,13.393523216247559,30.869136810302734,54.564674377441406,17.50969696044922,125.33883666992188,49.23488998413086,112.21315002441406,251.02610778808594,56.91654968261719,217.74468994140625,102.14154052734375,34.426536560058594,25.783283233642578,38.979347229003906,79.78665924072266,30.242414474487305
2023-08-15,167.1150360107422,99.3757553100586,162.1056671142578,54.89507293701172,83.27999877929688,87.22099304199219,94.41454315185547,79.87000274658203,110.8083267211914,16.908588409423828,713.53173828125,56.522823333740234,212.69834899902344,113.84754180908203,87.3273696899414,13.261077880859375,30.66309356689453,54.07530212402344,17.163143157958984,124.60934448242188,48.80150604248047,111.49522399902344,247.6787567138672,55.88831329345703,216.71730041503906,101.15463256835938,33.84438705444336,25.278385162353516,38.32362365722656,78.83052062988281,29.877281188964844
2023-08-16,160.21983337402344,99.51216125488281,161.64752197265625,54.36723709106445,82.37000274658203,84.80880737304688,94.34329986572266,79.37000274658203,110.37102508544922,16.833738327026367,707.487060546875,56.381534576416016,212.5644073486328,113.0528793334961,85.8051986694336,13.269357681274414,30.5197696685791,53.71281051635742,16.660634994506836,125.16304779052734,48.32563400268555,110.73187255859375,246.86398315429688,55.09054946899414,207.8103485107422,99.21511840820312,33.69444274902344,25.084840774536133,37.886470794677734,78.81158447265625,29.57604217529297
2023-08-17,158.70753479003906,99.04328918457031,160.81204223632812,53.6861457824707,82.26000213623047,84.75785064697266,94.69950866699219,77.87999725341797,111.00874328613281,16.867008209228516,707.5714111328125,56.30206298828125,211.16229248046875,111.64016723632812,84.51180267333984,13.087244987487793,30.02708625793457,53.06937789916992,16.418048858642578,126.25286865234375,48.334136962890625,109.232421875,241.20533752441406,54.0977668762207,208.24391174316406,97.96216583251953,33.914955139160156,24.96703338623047,38.250762939453125,77.42942810058594,29.356958389282227
2023-08-18,158.8335723876953,98.12257385253906,161.0815887451172,53.89047622680664,82.29000091552734,85.13155364990234,94.56593322753906,78.29000091552734,110.54412078857422,16.7089786529541,703.7512817382812,56.381534576416016,211.03729248046875,112.0110092163086,84.83733367919922,13.335578918457031,29.97333526611328,53.567813873291016,16.539342880249023,126.36712646484375,48.351139068603516,110.38654327392578,242.14404296875,54.34595489501953,209.72369384765625,99.20653533935547,33.87968063354492,25.312044143676758,38.21434020996094,76.87088012695312,29.484756469726562
2023-08-21,157.54632568359375,97.41499328613281,159.53639221191406,53.48183059692383,81.48999786376953,84.29068756103516,93.6130599975586,78.5199966430664,110.19792938232422,16.526002883911133,699.968505859375,55.6397819519043,208.21522521972656,112.42599487304688,84.31820678710938,13.203132629394531,29.44481658935547,53.06937789916992,16.25343894958496,125.04000091552734,47.78179168701172,109.17790985107422,241.97579956054688,53.54819107055664,205.6802215576172,96.73497009277344,33.597408294677734,25.12691879272461,37.922908782958984,76.03780364990234,29.58516502380371
2023-08-22,158.18545532226562,97.54287719726562,159.62623596191406,53.23493576049805,80.94999694824219,83.84051513671875,93.6041488647461,79.08000183105469,112.71236419677734,16.492738723754883,709.8976440429688,55.82522964477539,209.01898193359375,111.6931381225586,84.61735534667969,13.145188331604004,29.73147201538086,53.957489013671875,16.097484588623047,124.38082122802734,47.8582763671875,109.97759246826172,242.37429809570312,53.37090301513672,205.57656860351562,95.19879150390625,33.67679977416992,25.370948791503906,38.19612503051758,75.59284973144531,29.84076690673828
2023-08-23,160.08474731445312,99.98101043701172,162.2853240966797,54.99723434448242,83.16999816894531,84.51150512695312,94.9310531616211,80.31999969482422,114.5799560546875,16.84205436706543,716.8093872070312,56.66410446166992,212.63584899902344,112.58492279052734,86.29792785644531,13.170022010803223,30.259990692138672,55.334983825683594,16.37472915649414,126.15617370605469,48.52958679199219,111.84056091308594,243.80003356933594,54.25731658935547,208.42466735839844,95.8081283569336,34.25895690917969,25.75803565979004,39.41650390625,76.68153381347656,30.41585922241211
2023-08-24,159.46365356445312,99.02622985839844,162.4739990234375,55.133445739746094,83.55999755859375,84.5624771118164,94.9488754272461,79.55999755859375,116.11959838867188,16.817100524902344,721.495849609375,56.602291107177734,212.1625213623047,112.540771484375,85.88438415527344,12.94651985168457,30.098739624023438,54.863731384277344,16.218782424926758,125.83098602294922,47.89225769042969,110.63189697265625,242.43626403808594,54.40801239013672,207.92320251464844,94.96709442138672,34.153106689453125,25.530832290649414,39.43471908569336,76.07567596435547,29.913789749145508
2023-08-25,159.80572509765625,98.32718658447266,163.00404357910156,54.49493408203125,82.58000183105469,84.68138122558594,95.42975616455078,80.19999694824219,114.74394989013672,16.82541847229004,726.927001953125,56.79656219482422,211.86782836914062,112.95576477050781,85.84040069580078,12.780964851379395,30.233116149902344,55.434661865234375,16.244773864746094,127.20207977294922,47.58634567260742,111.46796417236328,244.67672729492188,54.239585876464844,210.3739013671875,95.02716827392578,34.550025939941406,25.682302474975586,39.21615219116211,76.70994567871094,29.78598976135254
2023-08-28,160.38182067871094,98.69375610351562,163.7586212158203,55.661285400390625,84.58999633789062,84.8257827758789,96.0709457397461,81.7699966430664,115.83718872070312,16.95018196105957,734.0651245117188,57.01731872558594,212.54652404785156,113.48553466796875,86.15714263916016,13.103799819946289,30.233116149902344,56.232147216796875,16.262100219726562,127.65034484863281,47.985748291015625,112.68569946289062,245.54452514648438,54.70938491821289,210.64830017089844,95.8338623046875,34.80582809448242,25.867429733276367,39.5075798034668,76.95606994628906,30.00507164001465
2023-08-29,163.37937927246094,99.9469223022461,165.22291564941406,57.14262771606445,85.69999694824219,85.4458236694336,96.44496154785156,82.37000274658203,118.77069091796875,17.0250301361084,745.4746704101562,57.529476165771484,213.4485321044922,115.29559326171875,86.45630645751953,13.36041259765625,30.49289321899414,56.75777053833008,16.33141326904297,128.17764282226562,47.985748291015625,113.68533325195312,247.0056915283203,55.16145706176758,215.30372619628906,97.43009185791016,35.07044219970703,25.98523712158203,39.662410736083984,78.63169860839844,30.13286781311035
2023-08-30,164.08151245117188,100.44136047363281,166.33688354492188,57.2958869934082,84.68000030517578,85.6326904296875,96.4627685546875,82.5999984741211,119.94593048095703,17.2080078125,747.3132934570312,57.83853530883789,214.47552490234375,115.33973693847656,86.8786392211914,13.244522094726562,30.80642318725586,57.41026306152344,16.452699661254883,128.62588500976562,48.062217712402344,114.23057556152344,248.83876037597656,55.16145706176758,214.90631103515625,97.41292572021484,35.5114631652832,26.069387435913086,39.99937438964844,78.48970794677734,30.21502685546875
2023-08-31,163.2173614501953,99.17967224121094,165.13307189941406,56.84466552734375,85.05000305175781,85.36088562011719,95.83940124511719,81.98999786376953,120.00059509277344,17.11652183532715,736.7902221679688,57.246910095214844,212.8948211669922,113.61795806884766,86.17474365234375,13.070687294006348,30.537687301635742,57.58245086669922,16.409387588500977,127.64154815673828,47.83686447143555,112.86743927001953,244.74754333496094,55.134864807128906,212.45562744140625,97.395751953125,35.19393539428711,25.95157814025879,39.780799865722656,78.4613037109375,30.068132400512695
2023-09-01,162.74026489257812,99.69970703125,162.9141845703125,56.768035888671875,86.0199966430664,84.7408447265625,95.05571746826172,82.56999969482422,120.35590362548828,17.174741744995117,733.1504516601562,56.51398849487305,212.1178436279297,113.75041961669922,86.28032684326172,13.095520973205566,30.618314743041992,57.6458854675293,16.35740089416504,126.79776000976562,47.973445892333984,113.22185516357422,244.23391723632812,55.303279876708984,209.76829528808594,98.61439514160156,35.04398727416992,26.077804565429688,39.23435974121094,78.23410034179688,30.068132400512695
2023-09-05,162.40721130371094,99.20526123046875,161.50381469726562,56.95534133911133,85.87000274658203,84.92770385742188,93.74664306640625,83.08000183105469,119.07132720947266,16.96681022644043,724.7017211914062,56.33738327026367,210.57290649414062,112.75267028808594,84.94291687011719,13.161744117736816,30.340612411499023,57.34682846069336,16.054170608520508,124.73239135742188,47.16249084472656,110.91361999511719,240.1515655517578,55.383060455322266,209.91026306152344,98.64013671875,34.77054214477539,25.93474769592285,38.47844696044922,76.54899597167969,29.30609893798828
2023-09-06,160.23779296875,98.84719848632812,161.13546752929688,56.28277587890625,85.83999633789062,84.08683776855469,93.29246520996094,82.98999786376953,118.41539764404297,16.97513198852539,724.0888061523438,56.16960525512695,211.1265869140625,111.7461166381836,85.55883026123047,13.21968936920166,30.421232223510742,58.0174446105957,16.334897994995117,124.0380630493164,46.94055938720703,110.30476379394531,237.97315979003906,56.37583923339844,206.26731872558594,99.33526611328125,34.46182632446289,26.09463119506836,38.83363342285156,77.60929107666016,29.737611770629883
2023-09-07,164.3245391845703,99.19672393798828,162.79739379882812,56.138038635253906,85.0,84.99565887451172,92.60675811767578,83.62000274658203,120.0734634399414,16.742250442504883,731.2928466796875,56.16077423095703,206.50950622558594,112.34651184082031,85.82280731201172,13.004465103149414,30.645183563232422,57.68213653564453,16.282255172729492,123.17674255371094,47.017391204833984,112.05866241455078,241.8783721923828,56.61517333984375,209.34251403808594,99.8587875366211,34.50592803955078,26.271345138549805,38.78810119628906,78.14891815185547,29.79269790649414
2023-09-08,162.83029174804688,98.04583740234375,161.0546112060547,56.68290710449219,85.23999786376953,84.29068756103516,91.71622467041016,82.56999969482422,118.41539764404297,16.6507625579834,727.4174194335938,55.3218994140625,201.1958465576172,111.59601593017578,85.88438415527344,13.285910606384277,30.34956932067871,56.80308151245117,16.299800872802734,121.19923400878906,47.22225570678711,111.30438232421875,242.33888244628906,56.792457580566406,205.25485229492188,100.00711059570312,34.10017776489258,26.24610137939453,38.59685134887695,78.19624328613281,29.471359252929688
2023-09-11,162.28118896484375,96.04248809814453,161.27919006347656,56.325340270996094,85.36000061035156,83.68763732910156,90.61194610595703,82.41000366210938,119.44486236572266,16.43452262878418,730.416015625,55.26009750366211,200.1063232421875,111.9491958618164,85.62921905517578,13.36041259765625,30.5197696685791,57.10214614868164,16.291030883789062,120.14457702636719,47.094207763671875,111.01358032226562,244.9335174560547,56.62404251098633,203.6273193359375,100.11180114746094,33.98551940917969,26.355491638183594,39.179718017578125,79.27546691894531,29.416271209716797
2023-09-12,161.29998779296875,95.27523040771484,162.5548095703125,56.14655303955078,84.76000213623047,83.19501495361328,92.13478088378906,81.76000213623047,119.2808609008789,16.575912475585938,728.9826049804688,55.75459289550781,201.52627563476562,111.95803833007812,86.43870544433594,13.534247398376465,30.75267791748047,57.22902297973633,16.45771598815918,121.64746856689453,47.077144622802734,110.85001373291016,243.94873046875,57.005191802978516,202.83250427246094,100.75746154785156,34.16192626953125,26.431228637695312,39.42560958862305,79.13345336914062,29.645801544189453
2023-09-13,159.28366088867188,94.45684814453125,161.70143127441406,54.3161506652832,79.06999969482422,82.7618408203125,90.89692687988281,81.04000091552734,116.80288696289062,16.517688751220703,725.0505981445312,55.1894416809082,199.15072631835938,110.05968475341797,85.82280731201172,13.252800941467285,30.71684455871582,57.147457122802734,16.291030883789062,119.99514770507812,47.00031661987305,110.17752075195312,243.50111389160156,56.432098388671875,200.9116668701172,100.13797760009766,33.71208190917969,26.32183265686035,39.00667953491211,78.17730712890625,29.51726722717285
2023-09-14,163.00128173828125,97.295654296875,164.80970764160156,56.3934440612793,79.75,85.14002990722656,92.0991439819336,80.66000366210938,118.17333984375,16.941864013671875,737.5350341796875,55.81639862060547,201.0261688232422,111.98511505126953,87.74091339111328,13.459747314453125,31.487234115600586,58.43856430053711,16.720897674560547,121.26074981689453,47.0515251159668,112.98558807373047,247.17169189453125,57.43501663208008,207.0526885986328,102.41521453857422,33.90613555908203,26.515378952026367,40.40919876098633,80.00440216064453,30.022228240966797
2023-09-15,162.15516662597656,96.95465087890625,165.19595336914062,56.4275016784668,78.41999816894531,84.95012664794922,91.609375,79.12000274658203,118.42169189453125,16.958494186401367,731.924560546875,55.772247314453125,201.13333129882812,113.6265869140625,86.94904327392578,13.741192817687988,31.61264419555664,57.55035400390625,16.5629825592041,121.28712463378906,46.18083572387695,112.72933959960938,245.3990478515625,57.049964904785156,206.41868591308594,101.56890869140625,33.72090148925781,26.405988693237305,40.63689041137695,79.87186431884766,29.884502410888672
2023-09-18,161.60606384277344,95.75262451171875,163.4801483154297,55.627227783203125,78.93000030517578,84.19047546386719,90.7900619506836,79.72000122070312,117.77783203125,16.534320831298828,725.5596923828125,54.95102310180664,199.9098358154297,112.33114624023438,85.03092956542969,13.592190742492676,31.066204071044922,57.751808166503906,16.32612419128418,119.23052215576172,45.864994049072266,112.31753540039062,241.61209106445312,55.92168045043945,203.53273010253906,99.68427276611328,33.46510696411133,25.959991455078125,39.78990936279297,80.26947784423828,29.599895477294922
2023-09-19,159.65267944335938,95.30081176757812,162.8243408203125,55.8060188293457,78.37999725341797,83.70707702636719,90.80787658691406,80.05999755859375,116.80288696289062,16.584230422973633,713.0847778320312,54.8009147644043,198.32911682128906,113.29830169677734,84.79334259033203,13.509410858154297,30.510812759399414,57.733497619628906,16.220848083496094,119.86332702636719,46.09547805786133,111.25594329833984,242.05078125,55.8589973449707,201.99984741210938,99.69300079345703,33.36807632446289,26.077804565429688,39.57133483886719,79.27546691894531,29.34282112121582
2023-09-20,159.69772338867188,95.68443298339844,164.10897827148438,55.81452178955078,78.08999633789062,83.50853729248047,91.0126953125,81.12999725341797,117.79625701904297,16.550960540771484,714.470947265625,55.118804931640625,199.92770385742188,113.16520690917969,85.85799407958984,13.410079956054688,30.421232223510742,58.099761962890625,16.185760498046875,120.14457702636719,45.92475509643555,110.65193176269531,242.40890502929688,55.93959426879883,203.40968322753906,99.25674438476562,33.4562873840332,26.150299072265625,40.054012298583984,80.71442413330078,29.1500186920166
2023-09-21,152.41539001464844,87.74767303466797,161.26121520996094,51.83020782470703,75.18000030517578,80.1937484741211,88.35000610351562,78.2300033569336,113.99755096435547,15.852326393127441,691.6519165039062,53.87372589111328,195.6499786376953,108.77310943603516,83.68685150146484,13.170022010803223,29.570222854614258,56.5064811706543,15.764665603637695,116.17195892333984,44.439456939697266,104.83153533935547,235.5870361328125,54.87398910522461,193.6730194091797,97.40703582763672,32.371360778808594,25.672670364379883,39.08864212036133,79.27546691894531,28.62669563293457
2023-09-22,149.6159210205078,86.32401275634766,159.58132934570312,51.34494400024414,75.16999816894531,79.39957427978516,87.22792053222656,78.05999755859375,113.35369873046875,15.661031723022461,690.1431274414062,53.09666061401367,192.57786560058594,110.07742309570312,82.66358184814453,13.078965187072754,29.274616241455078,56.67129898071289,15.519026756286621,114.44056701660156,44.01264572143555,104.39225006103516,236.33010864257812,54.41729736328125,190.29501342773438,97.44192504882812,31.95679473876953,25.35708999633789,38.760780334472656,78.41397094726562,28.718507766723633
2023-09-25,149.17481994628906,86.00857543945312,159.53639221191406,50.774532318115234,74.9800033569336,79.68443298339844,87.00528717041016,78.12000274658203,113.68482208251953,15.569541931152344,691.5009765625,52.947547912597656,193.17623901367188,108.6400146484375,82.1741714477539,13.343856811523438,29.11336898803711,56.21346664428711,15.519026756286621,114.67784881591797,43.69680404663086,103.64179229736328,236.10629272460938,54.33671569824219,190.50320434570312,97.83455657958984,31.753929138183594,25.374149322509766,38.66059875488281,78.75479125976562,28.78277587890625
2023-09-26,146.64540100097656,83.97109985351562,157.18280029296875,49.13994216918945,73.66999816894531,78.62267303466797,85.84760284423828,76.30000305175781,110.19886779785156,15.311715126037598,670.4547119140625,52.34932327270508,190.8185577392578,107.1582260131836,80.44792938232422,13.112076759338379,28.66547393798828,54.830787658691406,15.299705505371094,114.68666076660156,42.90293502807617,102.04027557373047,236.27642822265625,53.06515884399414,189.33935546875,95.2344741821289,31.49812889099121,24.896520614624023,37.9775505065918,76.7667236328125,28.47979736328125
2023-09-27,143.746826171875,84.3035888671875,154.9099578857422,50.11899948120117,73.48999786376953,77.43141174316406,84.49397277832031,76.3499984741211,107.46711730957031,15.012301445007324,666.7489013671875,52.17967987060547,188.2019500732422,106.92753601074219,80.43902587890625,13.27763557434082,28.396730422973633,54.01584243774414,15.343572616577148,112.55973052978516,42.39075469970703,101.81149291992188,237.22535705566406,52.94874954223633,185.51661682128906,94.39685821533203,31.21586799621582,24.63211441040039,37.71343994140625,75.92418670654297,28.488983154296875
2023-09-28,146.11428833007812,85.7366943359375,155.3634796142578,51.253150939941406,73.30000305175781,79.48589324951172,85.16000366210938,76.80999755859375,109.0307388305664,15.020618438720703,679.8273315429688,52.47432327270508,190.2967529296875,107.20259094238281,81.13308715820312,13.746453285217285,28.450481414794922,54.82164001464844,15.466391563415527,113.3243637084961,42.35662078857422,102.61682891845703,236.5987091064453,53.8262939453125,187.7875518798828,94.95527648925781,31.462848663330078,25.135334014892578,38.43291473388672,76.17032623291016,28.01156234741211
2023-09-29,148.0316162109375,86.4187240600586,155.77163696289062,51.49556350708008,73.86000061035156,79.4427261352539,85.1240005493164,76.88999938964844,111.31179809570312,15.270127296447754,684.815673828125,52.420753479003906,191.5067138671875,107.87694549560547,80.6436996459961,13.45344066619873,28.38777732849121,54.43705368041992,15.431297302246094,113.06947326660156,42.850852966308594,102.69005584716797,235.9182586669922,53.22633743286133,189.4055938720703,94.25725555419922,31.462848663330078,24.819759368896484,38.7827262878418,77.552490234375,28.149282455444336
2023-10-02,145.565185546875,84.7611312866211,152.46099853515625,49.746707916259766,73.02999877929688,78.49317932128906,83.74696350097656,75.97000122070312,108.73641204833984,14.812690734863281,672.0104370117188,51.670738220214844,188.58116149902344,105.82730865478516,78.77509307861328,13.327864646911621,28.029457092285156,53.722816467285156,15.001435279846191,111.88298034667969,42.03571701049805,100.2099609375,233.42945861816406,51.999549865722656,187.5793914794922,91.29073333740234,30.995357513427734,24.435945510864258,38.05549621582031,77.37261962890625,27.524959564208984
2023-10-03,142.31558227539062,83.90645599365234,151.84422302246094,47.14077377319336,71.33000183105469,76.34375,83.2609634399414,75.16000366210938,105.91267395019531,14.405155181884766,661.166748046875,51.06357955932617,187.21768188476562,103.62681579589844,77.12003326416016,12.95113468170166,27.832382202148438,52.40424728393555,14.64175033569336,110.82831573486328,41.94990158081055,98.37963104248047,228.9263153076172,51.0324592590332,179.76356506347656,90.19136810302734,30.70427894592285,23.915666580200195,36.9232177734375,75.08163452148438,27.08426856994629
2023-10-04,141.9375,84.45897674560547,152.6514892578125,47.556339263916016,71.16999816894531,77.06022644042969,84.34098052978516,76.43000030517578,108.12934112548828,14.546542167663574,675.0750122070312,51.83145523071289,189.5382843017578,103.25415802001953,78.09883117675781,13.294376373291016,28.28028106689453,52.82545471191406,14.808431625366211,112.39274597167969,42.53337860107422,99.22159576416016,231.91648864746094,51.41749954223633,180.5394744873047,91.12496948242188,31.198230743408203,24.18007469177246,37.38349151611328,77.29688262939453,27.4606990814209
2023-10-05,142.86471557617188,84.60574340820312,154.42922973632812,47.29661560058594,72.29000091552734,77.52637481689453,84.79998779296875,79.48999786376953,108.25811767578125,14.463374137878418,679.8463134765625,52.20646286010742,191.75051879882812,103.43160247802734,78.16110229492188,13.461812019348145,28.360902786254883,52.46833419799805,14.834753036499023,112.81460571289062,42.95382308959961,99.77983856201172,231.76426696777344,51.999549865722656,180.99365234375,91.21219635009766,31.506942749023438,24.145952224731445,37.52156448364258,78.57490539550781,27.561689376831055
2023-10-06,143.6388397216797,84.40715789794922,156.00746154785156,46.08454132080078,72.77999877929688,78.70899200439453,86.21302795410156,80.63999938964844,107.95458984375,14.363571166992188,682.3638916015625,52.947547912597656,194.97402954101562,105.1618423461914,77.34249114990234,13.520414352416992,28.63859748840332,53.18257522583008,14.49261474609375,114.53723907470703,42.99672317504883,99.67001342773438,236.32115173339844,51.92791748046875,181.60870361328125,91.09878540039062,31.944293975830078,24.401830673217773,36.49977493286133,77.13594818115234,27.37806510925293
2023-10-09,145.84423828125,86.72087860107422,158.01197814941406,46.92433547973633,72.69999694824219,80.4354476928711,87.68003845214844,81.56999969482422,109.49983215332031,14.588129043579102,689.6528930664062,53.599342346191406,197.56552124023438,107.06950378417969,78.34796905517578,13.411581039428711,28.835676193237305,54.29054641723633,14.668069839477539,117.35847473144531,43.37425994873047,100.17335510253906,242.10450744628906,52.518924713134766,184.34327697753906,91.99746704101562,32.595855712890625,24.896520614624023,37.47554016113281,77.74182891845703,27.47905921936035
2023-10-10,144.1711883544922,86.72087860107422,157.81243896484375,47.616939544677734,73.16999816894531,80.3750228881836,86.6810302734375,82.0,110.78753662109375,14.904173851013184,696.6304931640625,53.36720275878906,196.1659393310547,107.56639862060547,79.38016510009766,13.612506866455078,28.620683670043945,54.64765548706055,14.948796272277832,116.3829116821289,43.073951721191406,100.96955108642578,243.05345153808594,52.7696533203125,184.5230712890625,92.61693572998047,32.274539947509766,24.930633544921875,38.60781478881836,79.20918273925781,27.644319534301758
2023-10-11,150.59051513671875,87.59283447265625,160.92349243164062,49.339813232421875,73.8499984741211,81.60942840576172,87.68003845214844,81.87000274658203,114.43904113769531,15.087154388427734,711.4064331054688,54.23329162597656,200.72584533691406,108.471435546875,80.98182678222656,13.537158966064453,29.498565673828125,55.70069122314453,15.264616966247559,117.78913116455078,43.71747970581055,102.86392211914062,246.8941192626953,53.700931549072266,190.75869750976562,94.51901245117188,32.85469436645508,25.04151725769043,39.68485641479492,81.23509216308594,28.140098571777344
2023-10-12,149.3357696533203,84.83882904052734,160.22509765625,48.655853271484375,72.30000305175781,81.41089630126953,86.93304443359375,80.18000030517578,114.45743560791016,14.588129043579102,700.9115600585938,53.831504821777344,199.08242797851562,106.57261657714844,79.43354034423828,13.445068359375,29.256698608398438,55.39851760864258,15.115476608276367,116.98977661132812,43.14259719848633,100.34723663330078,244.3695068359375,52.88606643676758,189.17848205566406,93.6639404296875,32.50659942626953,24.63211441040039,39.37187576293945,80.4682846069336,27.589229583740234
2023-10-13,151.8089141845703,85.36546325683594,160.01651000976562,47.99787521362305,71.44999694824219,81.60942840576172,86.82503509521484,80.30000305175781,112.7650375366211,14.463374137878418,700.2609252929688,53.47434616088867,198.16148376464844,104.76254272460938,78.62381744384766,13.269262313842773,29.14920425415039,55.215370178222656,14.992661476135254,116.72332763671875,43.4085807800293,100.34723663330078,243.61753845214844,52.7696533203125,190.7303009033203,93.38475799560547,32.26561737060547,24.683290481567383,39.979434967041016,80.61028289794922,27.48824119567871
2023-10-16,153.82745361328125,87.10936737060547,161.7035369873047,49.140682220458984,72.43000030517578,81.64395904541016,87.1760482788086,81.62000274658203,113.79519653320312,14.571497917175293,708.5303344726562,53.65292739868164,198.1975860595703,106.02250671386719,79.72718811035156,13.612506866455078,29.283567428588867,56.469852447509766,15.106707572937012,117.86019134521484,43.53729248046875,101.50948333740234,246.84939575195312,53.36962127685547,191.98876953125,94.51901245117188,32.33701705932617,25.00739860534668,40.11752700805664,81.10255432128906,27.61677360534668
2023-10-17,151.76348876953125,87.1352767944336,162.6105499267578,50.35275650024414,71.51000213623047,80.6253662109375,87.82405853271484,79.80000305175781,113.39970397949219,14.480006217956543,700.5248413085938,53.71541976928711,197.82737731933594,105.40142059326172,80.68818664550781,13.662734031677246,29.310449600219727,56.48816680908203,15.457620620727539,118.88160705566406,43.73464584350586,98.95619201660156,244.42320251464844,54.399391174316406,189.6326904296875,96.10699462890625,32.50659942626953,24.964754104614258,40.163543701171875,81.94512176513672,27.580049514770508
2023-10-18,148.00823974609375,84.23451232910156,159.1366424560547,48.99349594116211,69.80000305175781,78.49317932128906,85.80801391601562,77.66000366210938,110.88868713378906,14.14732551574707,691.10498046875,52.6796875,194.69410705566406,102.92585754394531,79.07762145996094,13.41995620727539,28.84463119506836,54.931522369384766,15.106707572937012,117.19407653808594,42.82510757446289,95.52434539794922,238.7025146484375,53.45915603637695,184.28652954101562,94.7109603881836,31.9621524810791,24.512706756591797,39.74009323120117,81.1877670288086,27.267894744873047
2023-10-19,144.9622344970703,81.7740478515625,156.9598388671875,47.22734451293945,68.31999969482422,74.14251708984375,84.63797760009766,73.94000244140625,106.36336517333984,13.872862815856934,663.646728515625,52.22432327270508,193.5022430419922,99.82034301757812,77.97425842285156,13.18554401397705,28.27132225036621,54.71175003051758,14.808431625366211,116.26148223876953,42.404666900634766,93.87706756591797,231.42410278320312,53.002471923828125,179.25262451171875,92.92232513427734,31.408761978149414,23.949785232543945,38.506561279296875,79.44585418701172,26.928192138671875
2023-10-20,145.56234741210938,82.06756591796875,153.8396759033203,46.66460037231445,67.48999786376953,74.35832977294922,83.56696319580078,73.83999633789062,106.51973724365234,13.82296085357666,665.3534545898438,51.322513580322266,191.1274871826172,97.23831939697266,77.67170715332031,12.967878341674805,27.939876556396484,54.22644805908203,14.650524139404297,114.2453384399414,42.3446044921875,93.73978424072266,224.87973022460938,52.96665954589844,181.5614013671875,92.61693572998047,30.97141456604004,23.463624954223633,38.506561279296875,79.4174575805664,26.8547420501709
2023-10-23,144.8349609375,81.47187805175781,151.3181610107422,45.87676239013672,66.8499984741211,74.76405334472656,82.64894104003906,73.25,108.00977325439453,13.723153114318848,659.5355834960938,50.30464172363281,189.0055389404297,95.94285583496094,76.38148498535156,13.093454360961914,27.411359786987305,54.079933166503906,14.45752239227295,113.12623596191406,42.0528678894043,92.25723266601562,221.96119689941406,52.06223678588867,182.8104248046875,91.79678344726562,30.47159194946289,23.2674560546875,38.14754104614258,78.56544494628906,26.478317260742188
2023-10-24,148.41738891601562,82.50785827636719,153.5585174560547,46.5953369140625,66.83000183105469,76.06752014160156,84.3229751586914,74.16999816894531,109.88612365722656,14.10573959350586,663.9674072265625,50.96536636352539,193.86341857910156,94.46996307373047,77.98316192626953,13.202288627624512,27.868215560913086,54.62018585205078,14.7557954788208,115.2667236328125,42.55912780761719,93.07170867919922,217.23423767089844,52.984561920166016,186.48178100585938,92.45990753173828,30.989269256591797,23.838905334472656,39.01286315917969,79.796142578125,26.57012939453125
2023-10-25,147.2353515625,79.41716766357422,149.8215789794922,45.158180236816406,65.76000213623047,75.32514953613281,82.34293365478516,70.91000366210938,107.57748413085938,13.639985084533691,643.3076171875,49.7778434753418,189.85430908203125,91.46205139160156,76.26581573486328,13.059967041015625,27.160537719726562,53.4481201171875,14.369791984558105,113.1351089477539,42.284542083740234,90.36283874511719,213.0623321533203,51.775691986083984,185.18545532226562,91.59611511230469,30.33771324157715,23.506271362304688,38.03708267211914,78.26249694824219,26.267154693603516
2023-10-26,159.173828125,81.1524429321289,152.17984008789062,46.41353225708008,66.45999908447266,78.95932006835938,80.88490295410156,70.86000061035156,111.22901153564453,13.922762870788574,678.4508056640625,49.88498306274414,188.30125427246094,93.36083984375,78.33018493652344,13.001365661621094,26.022872924804688,54.043312072753906,15.097933769226074,108.18801879882812,42.72215270996094,91.1773452758789,213.7696075439453,52.724876403808594,195.22486877441406,92.76526641845703,29.980688095092773,23.49773597717285,38.745906829833984,78.6127700805664,26.634395599365234
2023-10-27,156.3824462890625,79.13226318359375,147.47239685058594,45.383277893066406,66.1500015258789,77.57816314697266,75.58377075195312,70.58000183105469,112.53509521484375,13.65661907196045,669.8512573242188,48.4206657409668,186.5314483642578,92.62439727783203,77.10224151611328,12.599520683288574,25.798927307128906,53.31076431274414,14.799661636352539,104.42218017578125,42.044281005859375,89.06331634521484,213.58160400390625,51.65032196044922,193.03909301757812,91.21219635009766,28.16881561279297,23.31863021850586,38.34086227416992,77.01287841796875,26.27633285522461
2023-10-30,156.97348022460938,80.31502532958984,147.52679443359375,46.153804779052734,67.5,77.84577178955078,75.53876495361328,70.79000091552734,112.28677368164062,13.290665626525879,674.5093383789062,48.62602996826172,189.65567016601562,92.21624755859375,78.0721435546875,12.8757905960083,26.219947814941406,53.37486267089844,15.159343719482422,104.36888885498047,39.65892791748047,90.490966796875,213.80540466308594,52.124916076660156,193.8907012939453,91.9014892578125,28.22237205505371,23.182167053222656,38.24881362915039,77.50516510009766,26.212066650390625
2023-10-31,162.0198516845703,80.40135955810547,150.32952880859375,46.37889862060547,69.33999633789062,80.2627944946289,76.39378356933594,73.41000366210938,114.38386535644531,12.933034896850586,688.0028076171875,49.402828216552734,193.15908813476562,91.9145736694336,81.14199829101562,12.959506034851074,26.596181869506836,54.08909606933594,15.738347053527832,104.93731689453125,40.88068389892578,92.20231628417969,213.7069549560547,53.96062088012695,197.41067504882812,95.88011932373047,28.39195442199707,23.7962589263916,39.086509704589844,79.15238952636719,26.34060287475586
2023-11-01,162.19259643554688,80.20280456542969,148.63340759277344,46.318294525146484,70.19000244140625,79.78802490234375,76.21379852294922,73.66999816894531,116.32460021972656,12.957985877990723,696.9511108398438,47.49208068847656,187.69627380371094,91.68388366699219,81.59577941894531,13.059967041015625,26.649934768676758,54.62934875488281,15.878711700439453,104.43106079101562,41.40700149536133,92.98021697998047,217.18052673339844,54.30984878540039,196.49281311035156,98.14866638183594,28.034934997558594,23.770675659179688,39.38107681274414,80.87535095214844,26.395689010620117
2023-11-02,167.43898010253906,84.4935073852539,152.3068389892578,48.34417724609375,71.69999694824219,84.20775604248047,78.8238525390625,74.0199966430664,119.79218292236328,13.997615814208984,719.63818359375,48.38494873046875,191.20872497558594,93.49396514892578,83.15296173095703,13.645992279052734,27.572603225708008,54.34547424316406,16.255943298339844,107.27320098876953,43.16716384887695,95.83551025390625,222.2566375732422,55.653045654296875,205.7090301513672,101.07156372070312,28.79360008239746,24.3847713470459,40.476531982421875,83.1189956665039,27.690223693847656
2023-11-03,173.27639770507812,88.3353042602539,155.39068603515625,51.002071380615234,76.01000213623047,84.94149017333984,81.5149154663086,77.37999725341797,122.26636505126953,14.313663482666016,726.7761840820312,49.75105667114258,196.17498779296875,94.91361999511719,84.97708129882812,14.03109359741211,28.63859748840332,56.54310989379883,16.448944091796875,110.36404418945312,43.87468719482422,97.51023864746094,226.73292541503906,56.181365966796875,214.8779296875,102.86019897460938,29.695072174072266,24.87946128845215,40.57780075073242,83.73434448242188,28.544065475463867
2023-11-06,169.757568359375,87.41155242919922,153.39523315429688,49.67745590209961,75.12000274658203,83.84518432617188,79.21086120605469,77.02999877929688,119.10232543945312,14.19516372680664,718.2520751953125,48.74209976196289,191.66018676757812,93.89321899414062,83.79361724853516,13.955747604370117,28.63859748840332,55.169586181640625,16.282255172729492,108.14361572265625,43.538185119628906,96.02769470214844,222.13128662109375,54.82921600341797,208.9640350341797,102.15348815917969,29.025663375854492,24.734468460083008,40.76190185546875,83.44087982177734,28.332901000976562
2023-11-07,168.62098693847656,85.98704528808594,151.8260955810547,48.04982376098633,74.31999969482422,83.3531494140625,77.97782897949219,77.94000244140625,117.71345520019531,13.856576919555664,714.744384765625,48.09030532836914,189.06875610351562,95.1176986694336,82.79702758789062,13.880400657653809,28.214122772216797,54.1806640625,15.97520923614502,106.21627044677734,43.74526596069336,95.3870620727539,222.0059814453125,53.844207763671875,207.87588500976562,100.54804992675781,28.668643951416016,24.521242141723633,40.301631927490234,81.08362579345703,27.94729232788086
2023-11-08,167.68447875976562,86.28060150146484,153.27735900878906,47.58230972290039,73.93000030517578,83.45672607421875,79.0938491821289,77.23999786376953,118.14575958251953,13.95815372467041,716.5736083984375,48.867103576660156,190.4141387939453,105.17070770263672,83.09068298339844,13.503671646118164,28.43990707397461,54.51030349731445,15.992754936218262,107.42418670654297,44.176673889160156,96.2107162475586,224.43211364746094,54.31880569458008,208.1975860595703,100.7225570678711,29.222026824951172,24.393299102783203,40.52256393432617,81.7652359008789,27.763671875
2023-11-09,165.338623046875,81.6531753540039,150.9009246826172,45.18415069580078,72.05000305175781,82.54170989990234,78.40084075927734,77.61000061035156,117.3731460571289,13.314841270446777,713.8109130859375,47.95637130737305,187.42538452148438,104.7891616821289,81.44451904296875,13.604132652282715,28.187028884887695,53.90596008300781,15.527799606323242,106.38502502441406,43.28795623779297,94.51766967773438,220.7794647216797,53.199466705322266,206.65524291992188,99.28292846679688,28.552614212036133,23.975372314453125,38.736690521240234,80.12747955322266,27.313798904418945
2023-11-10,167.11163330078125,82.58556365966797,152.560791015625,45.40059280395508,73.48999786376953,82.55899047851562,79.59788513183594,79.6500015258789,118.42169189453125,13.492597579956055,723.4852905273438,48.69746398925781,190.2064666748047,105.6853256225586,82.36102294921875,13.738082885742188,28.61150550842285,54.427894592285156,15.703253746032715,108.99626159667969,43.19305419921875,95.67991638183594,219.14114379882812,54.13075637817383,207.2135009765625,100.6265869140625,29.23987579345703,24.273893356323242,39.178565979003906,81.39604949951172,27.68104362487793
2023-11-13,166.95706176757812,81.42008209228516,149.92137145996094,44.33570098876953,73.31999969482422,82.47265625,77.98684692382812,78.52999877929688,117.40994262695312,13.179407119750977,719.0252075195312,48.37602996826172,185.7007598876953,104.3277816772461,81.10638427734375,13.721338272094727,28.457971572875977,54.11655807495117,15.422528266906738,106.21627044677734,43.05500411987305,93.7855453491211,220.52879333496094,53.512882232666016,207.1472930908203,100.809814453125,28.704347610473633,23.958314895629883,39.34425735473633,81.49137115478516,27.387250900268555
2023-11-14,176.57699584960938,90.92527770996094,155.88954162597656,49.080081939697266,77.94000244140625,87.50526428222656,80.9839096069336,82.73999786376953,123.5264663696289,14.339058876037598,745.3386840820312,50.39392852783203,195.15463256835938,114.94865417480469,84.28302001953125,14.215270042419434,30.201030731201172,56.662147521972656,16.58053207397461,110.26634216308594,44.98774337768555,100.05438995361328,232.76698303222656,56.02914047241211,221.0851593017578,105.39049530029297,30.061019897460938,24.862403869628906,40.9736328125,82.89295196533203,29.039844512939453
2023-11-15,178.10452270507812,91.26197052001953,155.0641632080078,49.36578369140625,78.5999984741211,89.13676452636719,80.00288391113281,82.26000213623047,123.80241394042969,14.347528457641602,740.5690307617188,49.92962646484375,192.8521270751953,115.34794616699219,83.90039825439453,14.365966796875,30.020404815673828,56.94599914550781,16.624399185180664,109.38705444335938,45.272464752197266,101.13427734375,233.29518127441406,55.71573257446289,222.0823211669922,105.17236328125,29.775402069091797,24.649173736572266,40.9276008605957,82.26367950439453,29.12247085571289
2023-11-16,181.0414276123047,89.62165069580078,154.0301513671875,47.81606674194336,78.05000305175781,89.87914276123047,78.8148422241211,82.23999786376953,124.30830383300781,14.00893783569336,739.9716796875,49.50104522705078,191.03720092773438,115.4366683959961,82.34323120117188,14.290617942810059,30.291345596313477,56.799495697021484,16.475257873535156,108.17913818359375,45.80741500854492,100.91463470458984,232.32830810546875,54.90085220336914,224.13363647460938,105.06767272949219,29.454090118408203,24.478595733642578,41.10251235961914,82.73087310791016,29.140836715698242
2023-11-17,179.79574584960938,89.5439453125,153.3226776123047,47.686214447021484,78.13999938964844,89.70648956298828,78.61683654785156,82.7300033569336,123.73802185058594,13.94122314453125,734.5383911132812,49.492122650146484,190.5405731201172,113.80403900146484,82.34323120117188,14.44968318939209,30.282316207885742,56.982635498046875,16.49280548095703,107.84162902832031,45.6521110534668,100.73160552978516,230.70790100097656,55.339630126953125,221.94935607910156,106.16703033447266,29.293424606323242,24.376243591308594,41.00124740600586,83.41734313964844,29.30609893798828
2023-11-20,181.5233154296875,90.20008087158203,155.25462341308594,47.694862365722656,78.12000274658203,90.14673614501953,79.74186706542969,83.0,124.94291687011719,14.085121154785156,743.736328125,50.0814208984375,192.3735809326172,114.88656616210938,82.20087432861328,14.658974647521973,30.255226135253906,57.88916015625,16.510347366333008,108.84526062011719,45.9195671081543,101.58270263671875,231.04806518554688,55.30380630493164,223.33590698242188,107.1006088256836,29.67722511291504,24.393299102783203,41.387882232666016,84.42801666259766,29.59071159362793
2023-11-21,179.61387634277344,89.58711242675781,154.87368774414062,46.422183990478516,77.9000015258789,89.43026733398438,78.9318618774414,83.29000091552734,125.28325653076172,13.856576919555664,747.5101318359375,50.12606430053711,192.02137756347656,113.5733642578125,81.70256805419922,14.474797248840332,29.94815444946289,57.733497619628906,16.32612419128418,107.96597290039062,46.20431137084961,101.22579193115234,230.2692108154297,54.5784912109375,221.80690002441406,106.22809600830078,29.27557945251465,24.052135467529297,40.98283004760742,84.6091537475586,29.177566528320312
2023-11-22,180.75045776367188,90.29503631591797,156.4791259765625,46.73386001586914,78.45999908447266,88.99864196777344,79.57987213134766,83.8499984741211,125.85350036621094,14.07665729522705,753.2279052734375,50.43857192993164,192.19297790527344,112.52635192871094,81.94281005859375,14.558513641357422,30.13780975341797,57.95325469970703,16.448944091796875,108.61433410644531,45.99723815917969,102.0768814086914,228.04002380371094,54.811302185058594,221.4745330810547,105.66098022460938,29.57012176513672,24.401830673217773,41.14853286743164,84.57101440429688,29.370365142822266
2023-11-24,181.2323455810547,90.80441284179688,157.2500762939453,46.5001106262207,79.01000213623047,89.41300201416016,79.85887908935547,84.77999877929688,125.54998779296875,14.093586921691895,753.8442993164062,50.74214553833008,193.88148498535156,112.79254150390625,81.96060180664062,14.58363151550293,30.1287841796875,57.880001068115234,16.413848876953125,108.95183563232422,46.51492691040039,102.49785614013672,228.3175506591797,54.909812927246094,223.25990295410156,105.43411254882812,29.7664794921875,24.444475173950195,41.52595901489258,85.44820404052734,29.324460983276367
2023-11-27,182.95083618164062,90.66627502441406,155.89862060546875,46.28366470336914,79.0,92.49472045898438,79.50785827636719,84.2699966430664,126.42378234863281,14.186697959899902,755.1908569335938,50.456424713134766,191.58799743652344,112.4465103149414,83.37540435791016,14.592002868652344,30.15587615966797,58.23711395263672,16.571758270263672,108.55216217041016,46.70475387573242,102.37889862060547,229.74099731445312,55.30380630493164,225.52964782714844,106.19319915771484,29.70400047302246,24.529766082763672,41.6916618347168,85.92491912841797,29.03066635131836
2023-11-28,184.77845764160156,92.99726104736328,156.16165161132812,47.84203338623047,79.02999877929688,95.93035888671875,80.46188354492188,83.5999984741211,125.91790771484375,14.406777381896973,755.664794921875,50.88500213623047,191.87693786621094,112.94338989257812,83.67794799804688,14.7259521484375,30.06556510925293,58.34699249267578,16.64194107055664,110.12423706054688,46.428653717041016,102.59854125976562,229.77682495117188,55.384403228759766,229.983642578125,106.53349304199219,29.855730056762695,24.922103881835938,41.93100357055664,85.15262603759766,28.957218170166016
2023-11-29,187.46981811523438,94.1109390258789,154.9462432861328,49.34846878051758,79.37999725341797,100.11701202392578,80.77690124511719,83.94000244140625,127.11360168457031,14.508355140686035,766.4652709960938,50.51892852783203,191.63311767578125,114.93091583251953,83.92710876464844,14.600373268127441,29.767520904541016,57.944095611572266,16.685806274414062,110.0087661743164,46.3078498840332,103.44963073730469,230.88693237304688,55.04412841796875,232.86119079589844,107.10934448242188,29.712926864624023,25.263275146484375,41.8021240234375,84.09429931640625,29.104114532470703
2023-11-30,189.83389282226562,94.4476318359375,156.8600616455078,49.28786087036133,78.95999908447266,101.23919677734375,81.23590087890625,83.04000091552734,127.64710235595703,14.660717010498047,772.8184204101562,50.751075744628906,192.74375915527344,115.498779296875,85.05715942382812,14.625489234924316,30.1287841796875,58.74073791503906,16.94898796081543,110.55944061279297,46.781211853027344,105.17927551269531,231.6568603515625,56.217185974121094,234.53262329101562,108.96778869628906,29.811107635498047,25.493555068969727,42.19795608520508,84.95240020751953,28.95633316040039
2023-12-01,191.3705291748047,101.99308013916016,161.39517211914062,54.785457611083984,81.41000366210938,102.35276794433594,83.3599624633789,85.27999877929688,127.49072265625,15.405603408813477,781.7413330078125,52.26897048950195,199.24501037597656,119.22540283203125,87.12154388427734,14.834781646728516,30.733890533447266,59.967742919921875,17.589399337768555,112.61111450195312,47.3360710144043,108.22676086425781,238.13853454589844,57.273834228515625,237.96096801757812,112.39675903320312,30.703655242919922,26.013832092285156,43.04486846923828,85.29563903808594,29.316551208496094
2023-12-04,189.78843688964844,103.50390625,161.21377563476562,55.1663932800293,82.18000030517578,102.23190307617188,83.73796081542969,85.2300033569336,126.71810913085938,15.634148597717285,779.7594604492188,52.40289306640625,201.1502227783203,121.62110137939453,88.89225006103516,15.144538879394531,30.517131805419922,60.61787033081055,18.028038024902344,112.64663696289062,48.14235305786133,110.12113952636719,241.09286499023438,58.32152557373047,236.3749542236328,114.1679458618164,30.891094207763672,26.056476593017578,43.43149185180664,85.63890075683594,29.168771743774414
2023-12-05,191.3159637451172,103.34850311279297,159.4178466796875,53.65996551513672,81.11000061035156,101.81755828857422,83.73796081542969,84.1500015258789,127.55509948730469,15.541037559509277,778.9534301757812,52.01003646850586,200.01251220703125,120.82251739501953,88.77657318115234,14.801297187805176,30.06556510925293,60.42557907104492,18.01926612854004,112.30912017822266,47.613494873046875,108.58367156982422,240.67210388183594,57.80215835571289,237.7899932861328,114.10688018798828,30.828611373901367,25.809133529663086,43.2105598449707,85.69609832763672,28.900911331176758
2023-12-06,191.6342010498047,105.17876434326172,158.71945190429688,54.776798248291016,81.44999694824219,101.07518768310547,84.05297088623047,83.79000091552734,124.61180114746094,15.574893951416016,766.4558715820312,52.02789306640625,201.9718780517578,121.22181701660156,88.13591003417969,14.71757698059082,29.767520904541016,60.416419982910156,17.992517471313477,112.91307830810547,47.431419372558594,108.94973754882812,241.41513061523438,57.103694915771484,238.83462524414062,114.93575286865234,30.944639205932617,25.79207420349121,42.40047836303711,83.35060119628906,28.8547306060791
2023-12-07,191.5978240966797,105.29096984863281,159.07321166992188,55.936920166015625,82.66000366210938,101.54996490478516,84.0619888305664,82.58000183105469,123.27812194824219,15.888090133666992,768.172119140625,52.41182327270508,203.02835083007812,121.6565933227539,88.10031127929688,14.885015487670898,29.577865600585938,60.059303283691406,17.94793701171875,112.95748901367188,47.41410827636719,108.85822296142578,244.48587036132812,56.83506393432617,238.48326110839844,116.2813720703125,31.23918342590332,25.954130172729492,42.54777526855469,83.43640899658203,28.531450271606445
2023-12-08,187.71531677246094,103.11540985107422,159.40878295898438,55.47806930541992,82.69000244140625,100.19468688964844,84.28699493408203,82.38999938964844,123.99555969238281,15.871155738830566,760.263916015625,52.51896667480469,204.16610717773438,123.04962921142578,88.19819641113281,15.060821533203125,29.87590217590332,59.93111801147461,18.0460147857666,112.91307830810547,46.69451141357422,109.6818618774414,245.13050842285156,57.273834228515625,231.89248657226562,117.63584899902344,31.569425582885742,26.022361755371094,43.00804901123047,83.63663482666016,28.51297950744629
2023-12-11,186.94247436523438,103.11540985107422,159.1003875732422,55.47806930541992,82.25,98.856689453125,84.07998657226562,84.01000213623047,123.94036102294922,15.888090133666992,755.9114379882812,51.938602447509766,205.03289794921875,122.5527572631836,88.37615203857422,15.370577812194824,30.056529998779297,60.343170166015625,18.144088745117188,112.29135131835938,47.154014587402344,111.64946746826172,247.8341064453125,57.605159759521484,230.1640625,119.31787872314453,31.22133445739746,26.261178970336914,43.19215774536133,83.97035217285156,28.706945419311523
2023-12-12,186.44236755371094,100.95709991455078,158.57432556152344,54.32659912109375,82.30000305175781,98.38191986083984,84.69198608398438,84.87999725341797,124.14269256591797,15.524105072021484,761.2974243164062,51.94752502441406,205.5205078125,123.36905670166016,88.38505554199219,15.579870223999023,30.291345596313477,60.84678268432617,18.072763442993164,113.35716247558594,47.232032775878906,111.7135238647461,247.08297729492188,57.53351593017578,227.51449584960938,119.06114959716797,31.640827178955078,26.210006713867188,43.017250061035156,84.4756851196289,28.319013595581055
2023-12-13,191.8887939453125,108.39031219482422,166.8735809326172,58.94976043701172,86.0999984741211,100.79032135009766,88.30107116699219,86.06999969482422,125.70633697509766,16.243602752685547,767.697998046875,54.420799255371094,215.2543182373047,129.5446014404297,92.30913543701172,15.72219181060791,31.474464416503906,62.11958694458008,19.14268684387207,118.66841888427734,49.08732223510742,118.27520751953125,255.72628784179688,60.32965087890625,235.5772247314453,123.28392791748047,33.131378173828125,26.892333984375,44.554569244384766,86.62093353271484,29.55670166015625
2023-12-14,192.91627502441406,116.07390594482422,173.63995361328125,63.18336486816406,91.06999969482422,100.22599029541016,92.39286804199219,88.25,123.36763763427734,17.03080940246582,763.6016845703125,55.635108947753906,224.38314819335938,138.8131866455078,95.25442504882812,16.29146957397461,31.871849060058594,63.28450393676758,20.141279220581055,122.9671630859375,50.127681732177734,125.48666381835938,263.4646301269531,61.39744186401367,238.20785522460938,129.76417541503906,34.229217529296875,27.23349952697754,46.51533889770508,87.59346771240234,31.348573684692383
2023-12-15,192.8980712890625,112.35297393798828,170.42001342773438,61.832763671875,91.12000274658203,98.72980499267578,89.97417449951172,87.56999969482422,122.66228485107422,16.548324584960938,762.1224365234375,54.74223709106445,221.1776580810547,137.9338836669922,93.53707122802734,16.03194808959961,30.896455764770508,62.79448699951172,19.909461975097656,119.47665405273438,49.66818618774414,123.65386199951172,262.5233459472656,60.54682922363281,235.98561096191406,127.78998565673828,33.59551239013672,26.730281829833984,45.4290771484375,86.56375122070312,30.79438591003418
2023-12-18,191.57054138183594,111.44647979736328,172.18869018554688,60.86310577392578,91.4800033569336,98.36231231689453,90.41972351074219,88.25,122.801513671875,16.49753761291504,764.0282592773438,54.983314514160156,222.27024841308594,136.03172302246094,92.8608169555664,16.115665435791016,30.950639724731445,63.16429901123047,19.526071548461914,120.28489685058594,48.99197006225586,122.19867706298828,261.56396484375,60.39299774169922,234.12423706054688,127.14372253417969,33.747249603271484,26.63646125793457,45.30020523071289,85.9439926147461,30.98834800720215
2023-12-19,191.8524169921875,111.8349838256836,171.97103881835938,61.8154411315918,90.41000366210938,99.73600006103516,89.53770446777344,88.0199966430664,124.86180877685547,16.776872634887695,767.584228515625,54.894020080566406,221.98129272460938,137.8082733154297,92.89640808105469,16.09892463684082,31.221576690673828,63.54338455200195,19.704395294189453,119.69867706298828,49.52080535888672,123.18416595458984,266.86767578125,60.067237854003906,236.26101684570312,128.50706481933594,33.57765579223633,27.12261962890625,45.81571578979492,86.0870132446289,31.819643020629883
2023-12-20,191.9524383544922,109.19320678710938,168.88714599609375,61.23538589477539,89.73999786376953,100.10348510742188,88.01010131835938,86.5,123.19131469726562,16.472143173217773,753.3038330078125,54.21543502807617,217.0963134765625,136.57008361816406,91.86422729492188,15.998459815979004,30.679702758789062,62.88694763183594,19.38341522216797,117.35394287109375,49.15669250488281,120.16326904296875,265.1752014160156,59.30712890625,233.9058380126953,127.57754516601562,33.05998229980469,26.89361000061035,44.56376647949219,84.40892791748047,31.49635887145996
2023-12-21,194.83477783203125,111.27381896972656,169.2952880859375,61.685585021972656,91.51000213623047,100.26971435546875,88.41927337646484,87.06999969482422,125.20520782470703,16.421354293823242,760.1027221679688,54.30472183227539,218.62229919433594,140.0603485107422,92.9408950805664,16.383560180664062,30.90548324584961,63.8392448425293,19.472576141357422,117.26512145996094,49.382102966308594,120.61457061767578,268.9311828613281,60.23012161254883,239.1385498046875,125.90435791015625,33.274200439453125,27.152868270874023,45.47512435913086,85.76282501220703,31.505592346191406
2023-12-22,195.6621856689453,110.28962707519531,169.87579345703125,61.35660171508789,91.94999694824219,100.47095489501953,88.91938781738281,87.47000122070312,125.40009307861328,16.675302505493164,758.281982421875,54.59044647216797,220.65394592285156,140.45513916015625,92.54938507080078,16.550996780395508,30.914514541625977,64.13507080078125,19.401248931884766,118.23321533203125,49.321414947509766,121.9408187866211,269.646240234375,60.27535629272461,238.7776641845703,125.97518157958984,33.604434967041016,27.08373260498047,45.93539047241211,85.77237701416016,31.736507415771484
2023-12-26,196.61691284179688,111.46376037597656,170.72840881347656,62.38684844970703,92.61000061035156,101.13594055175781,89.52861785888672,87.52999877929688,125.82698822021484,16.89537239074707,762.5111083984375,54.831520080566406,223.13705444335938,143.06613159179688,93.0832748413086,16.835636138916016,31.22411346435547,64.59735107421875,19.49040985107422,119.06810760498047,50.02365493774414,122.91706085205078,273.2212829589844,60.818294525146484,239.87928771972656,127.17914581298828,33.89004898071289,27.360275268554688,46.46929931640625,86.24909210205078,31.985885620117188
2023-12-27,198.61477661132812,111.60188293457031,171.87124633789062,62.101139068603516,93.63999938964844,101.57340240478516,89.91051483154297,87.58000183105469,126.31886291503906,16.946165084838867,765.0997924804688,55.24223709106445,225.04226684570312,144.53762817382812,93.26123046875,16.885868072509766,31.333385467529297,64.93942260742188,19.410165786743164,119.29014587402344,50.28373718261719,123.5801773071289,276.2984313964844,60.69162368774414,241.4177703857422,127.18800354003906,34.211368560791016,27.49854278564453,46.71785354614258,86.81163024902344,32.10596466064453
2023-12-28,199.01805114746094,112.38656616210938,173.48162841796875,63.15445327758789,93.81999969482422,101.59089660644531,91.31990814208984,88.01000213623047,126.32815551757812,17.081602096557617,771.9461059570312,55.80475616455078,228.22064208984375,145.49766540527344,93.72393798828125,16.843055725097656,31.597457885742188,65.27226257324219,19.43691062927246,121.27964782714844,50.78657150268555,124.51041412353516,278.5792236328125,61.21645736694336,241.45574951171875,127.72803497314453,34.60409164428711,27.809650421142578,46.90196990966797,86.91651153564453,32.420005798339844
2023-12-29,197.844970703125,110.52944946289062,171.303955078125,61.59204864501953,93.08999633789062,100.78594970703125,90.28331756591797,87.38999938964844,124.89893341064453,16.75994110107422,763.6964721679688,55.19379425048828,225.94248962402344,143.855712890625,92.65398406982422,16.671794891357422,31.060211181640625,64.69905090332031,19.000028610229492,119.42338562011719,50.00026321411133,122.76971435546875,276.0450744628906,60.62827682495117,240.9239501953125,126.27617645263672,34.1756591796875,27.55039405822754,46.28898239135742,85.97259521484375,32.115203857421875
2024-01-02,200.53018188476562,112.74405670166016,172.17318725585938,63.286102294921875,93.22000122070312,102.0371322631836,91.27444458007812,85.45999908447266,125.50218200683594,16.954627990722656,768.5228881835938,56.087223052978516,227.70123291015625,147.50750732421875,93.93072509765625,16.86874008178711,31.524606704711914,63.45091247558594,18.973278045654297,120.64903259277344,51.00165939331055,123.98542022705078,282.2266540527344,61.28886032104492,242.14901733398438,126.6214370727539,34.488059997558594,28.224462509155273,46.96697235107422,86.0393295288086,32.13367462158203
2024-01-03,196.75436401367188,109.29137420654297,167.70803833007812,60.881072998046875,89.05000305175781,99.29852294921875,88.93756103515625,82.7699966430664,123.90589904785156,16.57372283935547,755.2666625976562,54.74256896972656,221.2038116455078,142.48294067382812,91.3592529296875,16.74886131286621,31.023784637451172,61.2227897644043,18.473979949951172,117.4161148071289,50.270198822021484,120.2093276977539,274.2439880371094,59.50619888305664,235.8146514892578,124.0186996459961,33.613365173339844,28.034339904785156,46.112525939941406,84.771240234375,31.459409713745117
2024-01-04,197.4600830078125,109.57038879394531,167.9825439453125,60.775733947753906,87.41999816894531,99.74474334716797,88.93756103515625,81.41999816894531,122.30035400390625,16.641433715820312,753.7305297851562,54.82379150390625,222.16976928710938,140.82302856445312,91.53907775878906,16.86874008178711,30.94182777404785,61.53712844848633,18.56314468383789,117.38057708740234,50.2353630065918,119.99748229980469,271.6825866699219,59.34331130981445,237.31517028808594,124.1692123413086,33.7918701171875,27.584962844848633,45.75031661987305,84.57101440429688,31.025300979614258
2024-01-05,196.37863159179688,110.30276489257812,167.1407470703125,61.75881576538086,87.05000305175781,99.54351043701172,89.28311920166016,81.33999633789062,121.418701171875,16.616039276123047,747.5765380859375,54.77866744995117,221.96929931640625,141.83689880371094,91.68294525146484,16.980060577392578,30.832563400268555,61.712791442871094,18.589893341064453,117.04306030273438,50.43564224243164,120.24616241455078,270.26165771484375,58.818477630615234,234.18121337890625,124.51447296142578,33.75616455078125,27.377559661865234,45.21164321899414,84.39939880371094,31.10842514038086
2024-01-08,198.02822875976562,113.12767791748047,168.85179138183594,62.39958190917969,88.18000030517578,100.40970611572266,90.24695587158203,82.9000015258789,124.08223724365234,16.91230583190918,761.6766357421875,55.70819091796875,226.29786682128906,143.4160614013672,92.00662994384766,17.459577560424805,31.16948127746582,62.91468811035156,18.61663818359375,118.56187438964844,51.79405975341797,122.64999389648438,271.6283264160156,58.818477630615234,235.9191131591797,125.97518157958984,34.44343185424805,27.731876373291016,45.239498138427734,85.62934112548828,31.450178146362305
2024-01-09,194.16079711914062,111.89830780029297,167.54335021972656,62.601463317871094,86.72000122070312,99.53475189208984,89.20126342773438,83.72000122070312,124.00798034667969,16.844587326049805,757.3433227539062,55.5276985168457,225.88778686523438,141.79205322265625,92.06954956054688,16.988622665405273,30.86898422241211,62.0733642578125,18.49181365966797,117.58486938476562,51.62861251831055,122.55789184570312,268.71405029296875,58.39317321777344,233.22206115722656,125.84236907958984,34.40733337402344,27.35163116455078,44.793701171875,85.41960144042969,31.163850784301758
2024-01-10,191.5122528076172,112.58711242675781,168.09237670898438,63.259788513183594,86.6500015258789,99.22853088378906,89.59224700927734,82.70999908447266,126.70866394042969,16.903837203979492,762.748291015625,55.69013977050781,225.88778686523438,140.7243194580078,92.83380126953125,16.902992248535156,31.114845275878906,62.1103515625,18.687969207763672,117.75360107421875,51.47187042236328,122.99994659423828,267.1935119628906,58.32982635498047,230.64842224121094,128.08213806152344,34.488548278808594,27.23064613342285,45.18377685546875,86.50652313232422,31.24697494506836
2024-01-11,190.3025360107422,109.74476623535156,167.21397399902344,61.381385803222656,84.86000061035156,98.62481689453125,90.21968078613281,82.11000061035156,124.36067199707031,17.174707412719727,759.571533203125,55.7623405456543,226.07005310058594,135.2510986328125,91.69193267822266,16.997188568115234,30.832563400268555,61.250526428222656,18.304576873779297,120.29532623291016,51.6112060546875,120.94612884521484,262.7857971191406,58.07645797729492,227.30555725097656,127.81653594970703,34.741214752197266,26.928178787231445,44.50578308105469,85.79145050048828,31.26544761657715
2024-01-12,191.9337921142578,110.0760726928711,167.0218048095703,61.407718658447266,85.26000213623047,98.61605834960938,90.21968078613281,83.4000015258789,127.2191162109375,17.640262603759766,772.8279418945312,56.096248626708984,226.9813232421875,136.66873168945312,92.51912689208984,16.911558151245117,30.777925491333008,62.156578063964844,18.384822845458984,120.37615203857422,51.28901672363281,121.15795135498047,267.02154541015625,57.9769172668457,227.82786560058594,129.79959106445312,34.822425842285156,26.876325607299805,45.61099624633789,87.6506576538086,31.06224822998047
2024-01-16,190.6691131591797,110.34635925292969,164.83497619628906,60.98640441894531,85.43000030517578,96.97115325927734,90.48335266113281,81.76000213623047,128.7039794921875,17.547151565551758,776.7156372070312,55.44647979736328,226.69886779785156,134.9908905029297,91.6199951171875,16.954370498657227,30.54117202758789,61.35221481323242,18.054927825927734,121.66944122314453,50.801368713378906,119.70277404785156,266.858642578125,57.307289123535156,226.03297424316406,128.83460998535156,34.596832275390625,26.876325607299805,45.833892822265625,87.06905364990234,30.545001983642578
2024-01-17,187.8280487060547,107.40809631347656,163.21543884277344,58.73935317993164,83.5999984741211,94.9324951171875,87.81914520263672,81.69000244140625,125.8084487915039,16.963090896606445,757.5044555664062,54.327449798583984,220.2469940185547,132.9451904296875,90.12747192382812,16.86874008178711,30.149620056152344,60.40919494628906,17.814197540283203,119.45108032226562,49.8173942565918,116.83845520019531,266.5418701171875,56.52907943725586,221.1896209716797,125.81580352783203,33.82982635498047,26.426944732666016,44.598663330078125,85.46726989746094,29.99081802368164
2024-01-18,186.8749542236328,106.3356704711914,162.41026306152344,58.37069320678711,84.31999969482422,94.31128692626953,87.07353210449219,81.83000183105469,124.86180877685547,16.59065055847168,752.6495361328125,53.894264221191406,217.65895080566406,131.39292907714844,89.08450317382812,16.800243377685547,30.094985961914062,60.96391296386719,17.644794464111328,118.06794738769531,48.86823272705078,116.28585052490234,263.3470153808594,56.375240325927734,220.88571166992188,125.55907440185547,33.5771484375,26.150405883789062,44.20858383178711,84.8666000366211,30.101654052734375
2024-01-19,186.83828735351562,107.547607421875,165.09117126464844,59.976985931396484,85.51000213623047,94.46878051757812,89.78321075439453,82.33000183105469,127.46038818359375,16.71761703491211,761.1361694335938,54.6523323059082,219.48150634765625,131.68006896972656,90.46912384033203,17.091373443603516,30.66866111755371,61.8237419128418,17.97468376159668,121.46289825439453,49.2165641784668,118.29364776611328,264.2067565917969,56.76435470581055,219.2617645263672,125.37317657470703,33.938106536865234,26.4096622467041,44.626529693603516,85.66748809814453,30.341796875
2024-01-22,186.9757843017578,107.59991455078125,165.81402587890625,61.179508209228516,87.41000366210938,95.15999603271484,90.18330383300781,83.29000091552734,130.4673309326172,16.683761596679688,760.7379760742188,54.417686462402344,220.72994995117188,133.4117431640625,90.6309814453125,17.05712127685547,31.123947143554688,62.04563522338867,18.117341995239258,122.06462860107422,48.39801788330078,118.56993865966797,265.7725524902344,56.981529235839844,222.02532958984375,125.727294921875,34.145652770996094,26.556575775146484,44.988731384277344,84.79985046386719,30.88674545288086
2024-01-23,185.36280822753906,106.36183166503906,164.3225860595703,61.872928619384766,86.41999816894531,94.45128631591797,89.43768310546875,83.86000061035156,129.01954650878906,16.395963668823242,757.6372680664062,53.72280502319336,217.57693481445312,132.11073303222656,91.60202026367188,16.77454948425293,30.714183807373047,62.766761779785156,18.135173797607422,121.79518127441406,48.755027770996094,117.89759826660156,264.1434326171875,57.035823822021484,221.4840087890625,126.24076843261719,33.82982635498047,26.651636123657227,44.28288269042969,83.9608154296875,30.748207092285156
2024-01-24,180.32229614257812,105.29810333251953,161.0652618408203,61.846595764160156,85.8499984741211,92.3601303100586,88.72843933105469,83.76000213623047,128.0079345703125,16.192811965942383,754.052978515625,53.02791976928711,213.8406982421875,131.8146514892578,91.01759338378906,16.663232803344727,30.15872573852539,61.95317840576172,18.019264221191406,120.40309143066406,47.88425827026367,115.53063201904297,261.301513671875,56.29380798339844,215.8429412841797,125.25809478759766,33.12596893310547,26.21954345703125,44.16214370727539,83.0740966796875,30.600419998168945
2024-01-25,183.4840850830078,107.60862731933594,161.1475830078125,62.75947570800781,86.75,96.95364379882812,87.1644515991211,84.61000061035156,131.96151733398438,16.38749885559082,773.1029052734375,53.1181640625,213.1663360595703,133.537353515625,93.21144104003906,16.757427215576172,30.286209106445312,63.266021728515625,18.60772705078125,118.53497314453125,48.258697509765625,116.23057556152344,263.98956298828125,57.88642883300781,220.84774780273438,126.44437408447266,32.96354293823242,26.375097274780273,44.05998992919922,83.15992736816406,30.77591896057129
2024-01-26,180.80801391601562,108.41948699951172,162.41026306152344,62.49613952636719,86.2699966430664,95.02000427246094,87.0644302368164,85.08999633789062,132.8988494873047,16.43828582763672,768.9970703125,53.38889694213867,215.4354248046875,132.3170928955078,93.14849853515625,16.86874008178711,30.277101516723633,62.461666107177734,18.313495635986328,117.51111602783203,47.86684799194336,116.84764862060547,262.3604736328125,57.551612854003906,216.4412384033203,125.67420196533203,33.1079216003418,26.271392822265625,44.022830963134766,83.3219985961914,30.58194923400879
2024-01-29,182.4759521484375,110.24173736572266,163.12396240234375,63.382667541503906,87.87000274658203,95.32624053955078,87.55545806884766,86.29000091552734,135.46958923339844,16.26899528503418,788.701416015625,53.67768478393555,215.8819580078125,132.8375244140625,93.22942352294922,16.971500396728516,30.340845108032227,62.609596252441406,18.304576873779297,117.56497955322266,47.823307037353516,117.78707885742188,262.2970886230469,57.46112823486328,216.1183319091797,125.47056579589844,33.15304183959961,26.297319412231445,44.663673400878906,83.11225891113281,30.471115112304688
2024-01-30,179.2225341796875,105.67302703857422,163.27035522460938,61.442840576171875,86.69000244140625,94.4775390625,86.43702697753906,85.23999786376953,133.84548950195312,15.761116981506348,798.012939453125,53.51523971557617,213.6675262451172,130.60337829589844,93.14849853515625,16.85161781311035,30.12230682373047,63.108848571777344,18.251081466674805,116.7297592163086,48.049705505371094,116.5345230102539,257.7265319824219,57.17155075073242,211.87326049804688,123.2662353515625,32.918426513671875,26.133119583129883,43.65133285522461,82.88341522216797,30.5634765625
2024-01-31,179.30502319335938,105.41146087646484,163.7919158935547,58.37069320678711,86.30999755859375,94.71378326416016,85.32769775390625,83.4800033569336,130.35595703125,15.659538269042969,786.8143310546875,54.318416595458984,212.5740203857422,129.5984649658203,91.46714782714844,16.457727432250977,29.985715866088867,62.4246711730957,18.010351181030273,113.5054702758789,47.58341598510742,116.68187713623047,256.3055419921875,56.71006393432617,212.59503173828125,122.70849609375,32.50333786010742,26.029420852661133,43.08479690551758,82.48296356201172,30.267908096313477
2024-02-01,181.81610107421875,106.78032684326172,163.00502014160156,57.30861282348633,86.19000244140625,97.1723861694336,86.88258361816406,84.5999984741211,133.5021209716797,15.930405616760254,802.5170288085938,55.0133056640625,216.51983642578125,131.06094360351562,92.8248291015625,16.628984451293945,30.459224700927734,64.0518569946289,18.29566192626953,114.88858032226562,48.335777282714844,120.1356430053711,259.26507568359375,57.596858978271484,219.2997283935547,123.4078598022461,32.94549560546875,26.83311653137207,43.86495590209961,84.1229019165039,30.89598846435547
2024-02-02,177.34378051757812,105.89971923828125,160.17770385742188,55.90419387817383,85.0,94.77500915527344,87.81005096435547,83.94000244140625,134.09608459472656,15.498714447021484,799.8051147460938,54.300376892089844,215.08004760742188,128.78196716308594,91.68294525146484,16.620420455932617,30.067665100097656,63.9039421081543,17.992517471313477,114.96043395996094,47.40843963623047,119.0396499633789,253.9252471923828,56.64672088623047,213.40223693847656,122.1153793334961,32.76502990722656,26.401020050048828,43.05693817138672,83.83686828613281,30.387983322143555
2024-02-05,173.6413116455078,102.89169311523438,155.53871154785156,54.99134063720703,83.33999633789062,92.3863754272461,85.36406707763672,81.76000213623047,133.9197235107422,15.075486183166504,793.1106567382812,52.802310943603516,209.90396118164062,125.32754516601562,89.73186492919922,16.44916343688965,29.339195251464844,63.28450393676758,17.6002140045166,112.12232971191406,46.06116485595703,116.88451385498047,248.1328125,55.40700149536133,206.6500244140625,121.0972671508789,31.970937728881836,25.60596466064453,41.59879684448242,82.48296356201172,29.898448944091797
2024-02-06,175.6575164794922,102.56038665771484,158.0640869140625,55.57065963745117,84.19000244140625,94.19754028320312,86.67344665527344,83.87999725341797,133.88259887695312,15.304027557373047,794.6278686523438,53.406944274902344,212.30062866210938,128.06417846679688,91.40422058105469,16.671794891357422,29.794492721557617,63.75601577758789,18.054927825927734,112.7869644165039,47.02350997924805,120.19090270996094,252.19659423828125,56.29380798339844,207.5997314453125,126.94013214111328,32.08824920654297,25.7788028717041,41.88670349121094,82.50203704833984,30.30485725402832
2024-02-07,177.44461059570312,102.20291900634766,158.67710876464844,55.97441864013672,83.94000244140625,93.50633239746094,86.10059356689453,85.12999725341797,135.0055389404297,15.126270294189453,802.8964233398438,53.082061767578125,208.7010498046875,127.77701568603516,90.66693115234375,16.466293334960938,29.64879608154297,62.70204162597656,17.98360252380371,112.4277114868164,46.68230438232422,118.89227294921875,254.5135498046875,56.04948043823242,206.0802459716797,126.98440551757812,31.871681213378906,25.666460037231445,41.87742233276367,82.72134399414062,30.351037979125977
2024-02-08,177.46292114257812,102.7957992553711,159.6927490234375,57.115501403808594,85.95999908447266,94.05754852294922,85.42772674560547,81.7699966430664,136.4811553955078,15.2278470993042,811.0511474609375,53.424991607666016,208.99269104003906,128.72811889648438,91.76384735107422,16.740299224853516,29.767169952392578,63.386207580566406,17.849863052368164,111.79901885986328,46.50733184814453,121.2592544555664,257.8532409667969,56.2304573059082,205.32049560546875,127.56867218017578,32.025081634521484,25.640533447265625,42.27678680419922,82.93109893798828,30.489578247070312
2024-02-09,178.1961212158203,101.3135757446289,159.78427124023438,56.33430480957031,86.55000305175781,94.84501647949219,84.98216247558594,83.12999725341797,136.601806640625,14.67764663696289,811.458984375,53.1181640625,209.41188049316406,128.6473846435547,90.93666076660156,16.765987396240234,30.113195419311523,63.45091247558594,17.903358459472656,111.83494567871094,46.15739822387695,122.01447296142578,257.10205078125,55.48844528198242,206.50758361816406,130.0740203857422,31.91679573059082,25.683740615844727,42.286067962646484,83.57943725585938,30.738964080810547
2024-02-12,175.74916076660156,102.83938598632812,159.53721618652344,57.44027328491211,88.27999877929688,94.66128540039062,85.64594268798828,82.87999725341797,133.4556884765625,14.846939086914062,805.9780883789062,53.424991607666016,210.304931640625,127.42711639404297,90.55004119873047,16.877307891845703,29.958396911621094,63.635833740234375,17.662626266479492,112.68817901611328,46.07865905761719,121.61846923828125,254.63121032714844,54.92741012573242,204.79818725585938,128.98509216308594,32.097267150878906,25.67510223388672,42.05388259887695,83.47456359863281,30.969877243041992
2024-02-13,172.6790313720703,98.32299041748047,157.47848510742188,54.894779205322266,85.13999938964844,92.0714111328125,83.55458068847656,81.63999938964844,131.9429473876953,14.450790405273438,789.5737915039062,52.459373474121094,205.5753936767578,124.31369018554688,90.85575103759766,16.414913177490234,29.37561798095703,61.96240997314453,17.386226654052734,110.78414154052734,45.07257843017578,120.5408935546875,250.37742614746094,54.67403030395508,198.3783416748047,127.05522918701172,31.240020751953125,25.26028823852539,41.30158996582031,83.20758056640625,30.332561492919922
2024-02-14,172.74319458007812,98.81997680664062,158.48500061035156,55.49165344238281,86.88999938964844,92.57013702392578,85.32769775390625,82.31999969482422,131.9986114501953,14.519686698913574,789.6968383789062,52.928653717041016,207.0972137451172,125.25577545166016,90.71189880371094,16.628984451293945,29.439359664916992,62.452415466308594,17.35948371887207,112.34686279296875,44.958839416503906,120.19090270996094,253.85287475585938,54.46590805053711,198.5492706298828,126.47096252441406,31.465604782104492,25.234365463256836,42.36037063598633,89.02362823486328,30.508054733276367
2024-02-15,173.63214111328125,104.086181640625,162.68478393554688,58.555015563964844,94.30000305175781,94.48626708984375,88.53749084472656,82.95999908447266,137.91970825195312,15.036396026611328,829.6744384765625,54.46281051635742,213.80422973632812,127.20279693603516,91.89871978759766,17.039997100830078,29.921977996826172,63.922428131103516,17.626962661743164,116.31659698486328,45.51000213623047,122.58549499511719,259.0841369628906,55.41605758666992,201.30335998535156,131.02125549316406,32.53041076660156,25.48497772216797,41.060115814208984,89.37641143798828,30.999670028686523
2024-02-16,171.49681091308594,103.99900817871094,162.0625762939453,59.12556457519531,93.12999725341797,94.6875228881836,87.43724060058594,81.4000015258789,126.42097473144531,14.77804183959961,811.9044799804688,54.17402267456055,214.48770141601562,127.02336120605469,90.289306640625,16.885866165161133,29.776275634765625,62.849971771240234,17.502138137817383,116.01124572753906,45.78120803833008,122.85260772705078,254.79412841796875,55.02695083618164,196.39349365234375,132.75640869140625,32.5574836730957,25.51955223083496,40.642173767089844,88.79480743408203,30.60081672668457
2024-02-20,172.6606903076172,103.60665893554688,161.348876953125,57.95814514160156,90.97000122070312,95.29998779296875,85.91873168945312,81.23999786376953,125.34440612792969,14.571357727050781,810.49169921875,54.255245208740234,212.2823944091797,126.88877868652344,89.3812026977539,16.83449363708496,29.84002113342285,63.256771087646484,17.51105308532715,113.72102355957031,45.90369415283203,122.81575012207031,257.14727783203125,54.85501480102539,196.62142944335938,131.81802368164062,32.30481719970703,25.54547119140625,39.97347640991211,88.48970031738281,30.66574478149414
2024-02-21,172.49571228027344,105.8648452758789,163.1148223876953,57.686038970947266,90.45999908447266,94.22379302978516,86.75528717041016,83.9800033569336,125.78058624267578,14.485237121582031,819.9644165039062,55.2569694519043,214.36012268066406,128.40512084960938,89.37220764160156,17.305448532104492,30.231571197509766,63.35845947265625,17.635875701904297,114.66404724121094,46.09614944458008,122.8802261352539,261.22003173828125,55.397953033447266,197.039306640625,133.0396728515625,32.7559928894043,25.63189125061035,40.93938446044922,89.8626708984375,30.758501052856445
2024-02-22,172.30328369140625,105.55968475341797,161.1475830078125,57.43149185180664,91.52999877929688,94.46878051757812,86.16423797607422,82.47000122070312,128.42559814453125,14.459403991699219,835.2216186523438,54.54403305053711,209.54856872558594,126.86181640625,89.10246276855469,17.690771102905273,30.15872573852539,66.65904998779297,17.662626266479492,113.69406127929688,46.20989227294922,122.89864349365234,258.29669189453125,55.26222229003906,200.5720977783203,134.12857055664062,32.620643615722656,25.666460037231445,40.94866943359375,90.03541564941406,31.250112533569336
2024-02-23,174.06288146972656,106.30950927734375,160.4888153076172,57.08038330078125,90.11000061035156,95.09874725341797,86.2460708618164,84.79000091552734,127.9244384765625,14.321608543395996,836.6155395507812,54.327449798583984,208.99269104003906,125.66851806640625,88.36520385742188,17.35682487487793,30.304418563842773,69.36795043945312,17.421892166137695,113.45157623291016,46.31486511230469,122.68682861328125,257.74468994140625,54.954551696777344,202.24351501464844,133.10165405273438,32.34993362426758,25.968929290771484,41.013675689697266,89.64196014404297,30.962566375732422
2024-02-26,172.0375213623047,103.85078430175781,158.860107421875,56.24652099609375,89.94999694824219,92.68386840820312,84.18199920654297,83.9800033569336,128.03579711914062,13.934074401855469,832.187255859375,53.082061767578125,205.75765991210938,124.89686584472656,87.573974609375,17.168441772460938,30.33173942565918,69.68230438232422,17.19007682800293,111.0984878540039,45.92118453979492,122.0881576538086,252.16940307617188,54.50210189819336,197.32418823242188,132.37574768066406,31.600971221923828,25.53683090209961,39.908470153808594,88.15447998046875,30.40601921081543
2024-02-27,171.08441162109375,106.10897827148438,159.5463409423828,56.98383331298828,90.87999725341797,92.43013000488281,84.77303314208984,84.88999938964844,128.286376953125,13.985747337341309,831.891845703125,53.66865921020508,207.52554321289062,125.81205749511719,88.03253936767578,17.322572708129883,30.532068252563477,68.41567993164062,17.439727783203125,112.16724395751953,45.76370620727539,122.02369689941406,253.0382537841797,54.77357482910156,189.88819885253906,132.52622985839844,31.65511703491211,25.398557662963867,39.60197448730469,88.40399169921875,30.517330169677734
2024-02-28,177.57290649414062,105.84742736816406,161.37631225585938,56.018314361572266,91.19999694824219,94.9937515258789,85.2640380859375,86.3499984741211,132.462646484375,14.252716064453125,849.8246459960938,53.894264221191406,209.25697326660156,124.08037567138672,88.71585845947266,17.66508674621582,30.641338348388672,69.67304992675781,17.502138137817383,113.01148986816406,45.51000213623047,123.40518188476562,253.68087768554688,55.171730041503906,194.83604431152344,132.6679229736328,31.952896118164062,25.54547119140625,39.45337677001953,88.15447998046875,31.751005172729492
2024-02-29,182.24685668945312,108.75079345703125,161.980224609375,56.80829620361328,91.88999938964844,96.19244384765625,85.90963745117188,87.02999877929688,136.24916076660156,14.424955368041992,846.9183959960938,54.33646774291992,210.86988830566406,126.48499298095703,90.6759262084961,17.75927734375,31.023784637451172,72.70552825927734,17.618045806884766,112.87677001953125,45.815086364746094,122.7420654296875,256.9210205078125,56.05853271484375,198.7012481689453,131.14523315429688,32.03410720825195,25.865224838256836,39.27691650390625,88.44237518310547,31.890151977539062
2024-03-01,184.90457153320312,108.34973907470703,162.99588012695312,58.15126037597656,92.9800033569336,97.1723861694336,87.10990905761719,88.2699966430664,139.76654052734375,14.726373672485352,858.0762939453125,54.81476593017578,213.57643127441406,128.6294403076172,89.83975219726562,17.939096450805664,31.451766967773438,74.91517639160156,17.591297149658203,114.62812042236328,45.92938232421875,123.96701049804688,256.35076904296875,55.87754440307617,197.80856323242188,133.18136596679688,32.431148529052734,25.56275749206543,40.86507797241211,88.97977447509766,32.38175582885742
2024-03-04,188.92782592773438,109.86682891845703,169.42823791503906,57.76503372192383,92.16000366210938,98.6948013305664,87.96463012695312,88.58999633789062,142.65281677246094,14.511075019836426,870.5873413085938,56.727962493896484,221.96929931640625,132.3260955810547,91.44017791748047,18.04184913635254,32.243980407714844,72.97364044189453,17.49322509765625,116.12799835205078,46.342613220214844,123.05522918701172,258.01611328125,56.918190002441406,201.3793487548828,134.9253692626953,33.64032745361328,25.683740615844727,40.957950592041016,89.63236236572266,32.79917526245117
2024-03-05,188.25881958007812,108.21896362304688,168.1198272705078,56.70295333862305,91.87999725341797,97.61861419677734,87.919189453125,87.3499984741211,139.44171142578125,14.674702644348145,853.3311157226562,56.20453643798828,221.25848388671875,127.92958068847656,91.42218780517578,17.802093505859375,31.75225067138672,72.64080810546875,17.54671859741211,115.77774047851562,45.938175201416016,121.97764587402344,252.97491455078125,56.04948043823242,205.6053924560547,132.6679229736328,33.53203582763672,24.99239158630371,39.908470153808594,87.85698699951172,31.9457950592041
2024-03-06,188.7995147705078,107.76557159423828,168.5772705078125,55.40388107299805,92.30000305175781,98.05608367919922,89.35585021972656,87.68000030517578,139.0333251953125,15.13113021850586,863.8983764648438,56.50234603881836,221.16737365722656,129.23057556152344,91.53907775878906,17.91340446472168,31.797780990600586,74.36969757080078,17.420352935791016,116.71177673339844,45.859046936035156,122.56709289550781,256.7943420410156,55.54274368286133,206.0517578125,134.84567260742188,33.613250732421875,25.009675979614258,40.34497833251953,88.35600280761719,32.05710983276367
2024-03-07,187.62643432617188,108.2450942993164,169.3000946044922,55.43021774291992,92.86000061035156,97.65361022949219,89.78321075439453,85.3499984741211,140.6110382080078,15.10529899597168,863.345703125,56.79113006591797,220.98512268066406,131.410888671875,91.700927734375,17.8192138671875,31.515504837036133,74.90592193603516,17.47450828552246,119.17264556884766,45.92938232421875,122.25395965576172,258.9212341308594,55.587982177734375,207.15341186523438,134.24484252929688,34.010292053222656,25.078807830810547,40.43785095214844,88.32721710205078,32.06643295288086
2024-03-08,189.9909210205078,110.87821197509766,171.05690002441406,56.12363815307617,94.37000274658203,98.79979705810547,91.99279022216797,86.11000061035156,138.7270965576172,15.277532577514648,867.1951293945312,57.22430419921875,223.66427612304688,135.12547302246094,91.86276245117188,17.879152297973633,31.97990608215332,75.22949981689453,17.591846466064453,121.16649627685547,46.5184440612793,124.39990234375,265.3019714355469,55.98613357543945,212.4430694580078,135.37477111816406,34.3802604675293,25.165231704711914,41.25515365600586,88.28883361816406,32.504940032958984
2024-03-11,189.47769165039062,110.61664581298828,168.98904418945312,56.0270881652832,93.44999694824219,98.22232055664062,90.91073608398438,86.80999755859375,135.03338623046875,15.165575981140137,851.4349975585938,56.727962493896484,221.41342163085938,134.05776977539062,92.39324188232422,17.879152297973633,31.970802307128906,74.600830078125,17.51963996887207,121.22038269042969,46.67668914794922,123.52493286132812,263.98956298828125,56.05853271484375,212.49057006835938,134.33450317382812,34.145652770996094,25.623249053955078,41.35731887817383,88.96057891845703,32.71952819824219
2024-03-12,187.12240600585938,109.81450653076172,168.2021484375,55.81642150878906,93.73999786376953,97.0936508178711,89.28311920166016,87.12999725341797,135.7108917236328,14.976116180419922,850.7202758789062,56.24966812133789,219.28102111816406,135.12547302246094,91.90251159667969,17.939096450805664,32.0527458190918,74.7672348022461,17.465482711791992,118.87627410888672,46.492069244384766,123.93937683105469,265.70880126953125,55.53709030151367,209.28062438964844,135.05194091796875,33.4598503112793,25.53683090209961,40.52143859863281,89.11414337158203,32.15974426269531
2024-03-13,185.44528198242188,109.1518783569336,170.4072723388672,56.40452194213867,94.16999816894531,96.32367706298828,90.0468978881836,87.80999755859375,133.57635498046875,14.846939086914062,826.3462524414062,57.12504196166992,220.8393096923828,132.6490936279297,91.95703887939453,17.8192138671875,32.07096862792969,74.05535125732422,17.483539581298828,118.50804901123047,45.96454620361328,122.7973403930664,264.14501953125,55.454769134521484,209.67176818847656,135.85003662109375,33.74861145019531,25.329421997070312,40.30782699584961,88.94140625,32.243709564208984
2024-03-14,182.54928588867188,107.66966247558594,166.87542724609375,54.947444915771484,93.27999877929688,94.25120544433594,89.03759765625,87.87000274658203,133.66993713378906,14.562745094299316,823.9544677734375,56.285762786865234,216.09156799316406,129.10198974609375,90.27583312988281,17.699338912963867,31.75225067138672,72.75041198730469,16.96904754638672,116.99919128417969,45.41944122314453,120.421142578125,256.6372375488281,54.21064758300781,206.17086791992188,133.93994140625,33.089874267578125,24.90597152709961,39.5555419921875,88.00092315673828,31.963809967041016
2024-03-15,180.8538360595703,107.8963623046875,168.19300842285156,54.947444915771484,93.20999908447266,93.87842559814453,89.55590057373047,95.18000030517578,131.84474182128906,14.846939086914062,810.3001098632812,56.881378173828125,217.85943603515625,126.39857482910156,90.07592010498047,17.56233024597168,31.834218978881836,73.27239227294922,17.04125213623047,117.06204223632812,45.88541030883789,119.70674133300781,253.34515380859375,54.04598617553711,205.5508270263672,135.2043914794922,33.54105758666992,25.001035690307617,39.45337677001953,87.66504669189453,32.02912521362305
2024-03-18,179.54331970214844,107.62606811523438,167.03097534179688,55.14933395385742,93.05000305175781,92.6180648803711,88.61933135986328,96.1500015258789,133.10833740234375,14.9158353805542,820.0764770507812,56.2947883605957,216.51983642578125,125.2555160522461,90.68478393554688,17.68221092224121,31.524606704711914,74.26973724365234,17.248857498168945,116.56806945800781,45.90301513671875,118.89025115966797,253.8389434814453,54.3204231262207,203.43312072753906,136.2625732421875,33.216209411621094,25.009675979614258,39.72271728515625,88.57672119140625,31.861183166503906
2024-03-19,180.2031707763672,107.68709564208984,166.67408752441406,55.31610107421875,93.4800033569336,92.8044662475586,88.27378845214844,94.0999984741211,132.6684112548828,15.07084846496582,804.7640380859375,56.150390625,215.18028259277344,125.55487823486328,90.57572937011719,17.73358726501465,31.58835220336914,74.50275421142578,17.239830017089844,117.11593627929688,45.80628967285156,118.62118530273438,253.59205627441406,54.192352294921875,205.16925048828125,138.19058227539062,33.144020080566406,25.035600662231445,40.28926086425781,89.88186645507812,32.21571350097656
2024-03-20,178.3702392578125,109.99760437011719,168.06491088867188,56.5712890625,95.63999938964844,92.76895141601562,89.43768310546875,96.30999755859375,131.87281799316406,15.139745712280273,785.9927368164062,56.565521240234375,219.34483337402344,127.45997619628906,91.87523651123047,17.79352378845215,31.724939346313477,74.72647094726562,17.54671859741211,117.91527557373047,46.105220794677734,119.40982818603516,257.9083557128906,55.12544631958008,205.77976989746094,139.35633850097656,33.441802978515625,25.2679386138916,40.55858612060547,89.23888397216797,32.94343948364258
2024-03-21,177.7378692626953,112.11628723144531,169.0805206298828,58.02836227416992,98.12000274658203,92.00565338134766,90.6561279296875,97.7300033569336,131.04913330078125,15.346429824829102,773.3768920898438,57.26040267944336,222.3611297607422,129.1382598876953,92.89306640625,18.110349655151367,31.961687088012695,75.43486785888672,17.8084716796875,119.39717864990234,46.149173736572266,120.51394653320312,257.7528991699219,55.55539321899414,205.11203002929688,139.7240447998047,33.938106536865234,25.592334747314453,40.781490325927734,89.34445190429688,33.1486930847168
2024-03-22,176.68394470214844,109.44831085205078,167.5982666015625,55.53553771972656,96.58999633789062,91.24234008789062,89.31038665771484,95.72000122070312,129.64512634277344,15.10529899597168,763.2097778320312,56.70854949951172,220.5203857421875,128.24017333984375,90.44850158691406,17.85346794128418,31.497295379638672,74.0646743774414,17.230802536010742,117.52010345458984,45.7886962890625,119.3355941772461,255.47586059570312,54.28383255004883,205.54127502441406,136.18185424804688,33.53203582763672,25.2679386138916,40.27068328857422,88.3656005859375,33.223331451416016
2024-03-25,179.2225341796875,110.26789093017578,166.536865234375,55.20199966430664,95.70999908447266,91.88138580322266,88.65568542480469,95.81999969482422,129.00868225097656,15.10529899597168,755.1583251953125,56.12477111816406,218.2786102294922,127.45997619628906,89.9941177368164,17.60514259338379,31.306068420410156,72.86226654052734,17.005149841308594,116.75667572021484,45.867835998535156,117.95315551757812,252.1929168701172,54.06427764892578,208.31719970703125,135.46441650390625,33.279380798339844,25.2679386138916,39.611263275146484,87.58827209472656,33.11137771606445
2024-03-26,177.88453674316406,108.27999114990234,165.310791015625,53.60447692871094,95.9000015258789,90.47015380859375,87.56454467773438,95.18000030517578,130.14120483398438,15.122515678405762,762.3523559570312,55.87849044799805,216.63832092285156,127.42369079589844,89.7760238647461,17.35682487487793,31.205907821655273,72.65719604492188,16.978073120117188,115.70587158203125,46.24588394165039,116.1068115234375,251.7448272705078,53.890464782714844,204.33935546875,135.11468505859375,32.85526657104492,25.557266235351562,39.3326416015625,87.33876037597656,33.074058532714844
2024-03-27,180.89048767089844,112.4730453491211,169.6705780029297,56.33422088623047,96.83999633789062,93.71865844726562,89.30169677734375,96.22000122070312,134.54043579101562,15.768410682678223,776.873779296875,57.07341384887695,222.2826385498047,133.12991333007812,92.27510070800781,17.82382583618164,32.04136657714844,74.69849395751953,17.47450828552246,117.4751968383789,47.27455139160156,119.55828094482422,263.4591979980469,55.04310989379883,208.031005859375,138.39686584472656,33.39667510986328,26.083316802978516,40.52143859863281,89.05655670166016,33.52187728881836
2024-03-28,181.0829620361328,113.55656433105469,171.39784240722656,58.261085510253906,97.23999786376953,93.93167114257812,90.44139862060547,96.5999984741211,134.82119750976562,16.1473388671875,786.4215698242188,57.56597900390625,225.4132537841797,133.356689453125,92.80217742919922,17.884357452392578,32.69321060180664,74.76374053955078,17.70016098022461,118.17573547363281,47.793121337890625,120.82011413574219,265.25152587890625,55.39987564086914,206.71458435058594,140.33384704589844,33.75762939453125,26.118389129638672,40.85927963256836,89.67074584960938,33.50322341918945
2024-04-01,176.8855743408203,110.55268859863281,167.48146057128906,56.459110260009766,94.9800033569336,92.53819274902344,88.62152862548828,94.5199966430664,132.8275146484375,15.9664888381958,762.3333129882812,56.05179977416992,220.68051147460938,133.12083435058594,91.548095703125,17.910301208496094,32.19744110107422,74.13923645019531,17.230802536010742,115.58911895751953,47.22773742675781,118.68614959716797,261.99603271484375,54.56741714477539,204.0626983642578,137.63458251953125,33.06280517578125,25.951805114746094,40.22114562988281,88.27922821044922,33.17668533325195
2024-04-02,176.12489318847656,109.20492553710938,166.12364196777344,55.40646743774414,94.3499984741211,91.28671264648438,87.913818359375,93.16999816894531,130.8526153564453,15.716737747192383,755.3011474609375,55.495384216308594,216.8408966064453,131.98684692382812,90.6938705444336,17.573028564453125,31.940378189086914,73.40289306640625,17.050281524658203,114.46646118164062,46.70650863647461,116.51504516601562,259.14288330078125,54.58570861816406,203.1374053955078,134.5497283935547,32.6477165222168,25.837827682495117,40.117916107177734,87.30998229980469,33.055397033691406
2024-04-03,176.2440643310547,108.79090118408203,166.41920471191406,55.94170379638672,95.43000030517578,90.68316650390625,88.12520599365234,93.37000274658203,131.6294708251953,15.828696250915527,751.7184448242188,56.02443313598633,218.6824188232422,131.5967559814453,91.0210189819336,17.538436889648438,31.894474029541016,73.83165740966797,16.93294334411621,115.36457824707031,46.61817932128906,116.98823547363281,256.3446044921875,54.64974594116211,204.74952697753906,134.28968811035156,32.90037536621094,25.741384506225586,40.530826568603516,87.58827209472656,32.598236083984375
2024-04-04,174.40199279785156,107.91880798339844,166.41920471191406,54.79093551635742,95.45999908447266,89.91986083984375,88.11601257324219,91.80999755859375,130.92747497558594,15.785633087158203,744.2194213867188,55.87849044799805,217.28286743164062,131.10687255859375,90.28492736816406,17.36547088623047,31.582326889038086,73.35628509521484,16.78852653503418,113.90962219238281,46.485660552978516,115.68930053710938,256.6372375488281,54.06427764892578,203.9386749267578,132.67552185058594,32.83720779418945,25.653709411621094,40.0334587097168,86.79176330566406,32.31834411621094
2024-04-05,174.28285217285156,109.74227142333984,167.25973510742188,54.728492736816406,96.13999938964844,89.4494400024414,88.80537414550781,94.75,133.473388671875,16.04399299621582,747.4305419921875,56.361934661865234,218.84815979003906,132.7398223876953,90.59391784667969,17.538436889648438,31.922016143798828,73.30034637451172,16.707290649414062,114.15211486816406,46.8301887512207,115.73568725585938,258.4021301269531,53.78984069824219,203.56666564941406,134.64837646484375,32.94549560546875,25.706314086914062,40.43698501586914,88.05851745605469,32.271697998046875
2024-04-08,172.48658752441406,111.61857604980469,171.9705047607422,56.41450500488281,96.51000213623047,88.92578125,93.86969757080078,94.22000122070312,134.166015625,16.34541130065918,751.0323486328125,58.19535446166992,224.20704650878906,135.2345733642578,91.82072448730469,17.771930694580078,32.4453239440918,73.3935546875,16.842683792114258,119.19959259033203,47.386749267578125,117.06246948242188,263.02020263671875,54.14661407470703,203.19464111328125,134.8367156982422,33.956153869628906,25.978105545043945,40.812355041503906,88.0873031616211,32.11308670043945
2024-04-09,176.70228576660156,114.16439056396484,174.44595336914062,58.252174377441406,96.19999694824219,90.53227996826172,95.20243835449219,95.69000244140625,136.54345703125,16.655441284179688,763.4671630859375,58.8065071105957,229.81451416015625,138.2464599609375,93.51101684570312,17.91895294189453,32.65648651123047,73.82233428955078,17.10443878173828,121.5886459350586,48.040489196777344,117.1459732055664,268.25103759765625,55.070560455322266,208.52706909179688,134.68426513671875,34.563079833984375,26.127151489257812,41.30033874511719,88.28883361816406,32.68220520019531
2024-04-10,166.75872802734375,108.1390380859375,171.89659118652344,54.71065139770508,91.33000183105469,86.71572875976562,92.64728546142578,90.6500015258789,132.3501739501953,16.087053298950195,739.3884887695312,57.42914962768555,224.67662048339844,129.2743377685547,90.55755615234375,17.417362213134766,32.013824462890625,70.55066680908203,16.21988296508789,119.40615844726562,46.06161880493164,111.9130859375,252.2569122314453,53.3781852722168,194.9623260498047,130.52328491210938,33.9698371887207,24.645444869995117,39.789466857910156,86.56144714355469,31.348045349121094
2024-04-11,165.18673706054688,109.14325714111328,171.758056640625,55.33509826660156,90.68000030517578,86.16543579101562,91.8568344116211,92.79000091552734,134.06304931640625,16.087053298950195,737.33984375,57.27408981323242,224.8976287841797,129.90936279296875,90.64842987060547,17.59897232055664,31.775121688842773,71.40819549560547,16.19280242919922,118.54399108886719,46.14995574951172,111.56979370117188,251.6441650390625,53.2318115234375,195.59185791015625,131.69805908203125,33.9242057800293,24.724353790283203,40.51205825805664,86.7245864868164,31.394697189331055
2024-04-12,165.70455932617188,107.32861328125,169.75367736816406,54.068359375,89.38999938964844,85.83702850341797,90.01860809326172,90.33999633789062,133.3704376220703,15.949263572692871,728.0304565429688,56.270713806152344,220.33059692382812,127.63233184814453,90.63934326171875,17.296283721923828,31.14163589477539,70.85824584960938,16.337221145629883,116.3732681274414,45.955604553222656,110.41002655029297,248.86422729492188,53.506263732910156,192.53933715820312,129.85968017578125,33.440486907958984,24.496400833129883,40.1929931640625,86.16798400878906,31.01217269897461
2024-04-15,164.70590209960938,104.98542785644531,166.92723083496094,52.33774185180664,86.98999786376953,84.89619445800781,88.80537414550781,87.52999877929688,129.6919403076172,15.751190185546875,709.0303955078125,55.33119583129883,216.9237518310547,124.9470443725586,89.10354614257812,16.924415588378906,30.811124801635742,69.75837707519531,16.283065795898438,115.0108871459961,45.628746032714844,107.43173217773438,243.02987670898438,52.98482131958008,190.65057373046875,127.6895523071289,32.71947479248047,24.180770874023438,39.63931655883789,85.50580596923828,30.499040603637695
2024-04-16,159.24098205566406,103.05625915527344,165.3200225830078,51.72221374511719,85.5,83.39619445800781,87.36234283447266,86.29000091552734,127.6982421875,15.346429824829102,707.1533203125,54.43729019165039,214.2627410888672,123.20524597167969,87.63134765625,16.500656127929688,30.33371925354004,69.63719177246094,15.894944190979004,112.43148803710938,44.87782287597656,106.45753479003906,239.7926788330078,52.124916076660156,186.07176208496094,125.86014556884766,32.19012451171875,23.80376434326172,39.113800048828125,84.74766540527344,29.82729148864746
2024-04-17,159.06527709960938,102.58056640625,167.13967895507812,51.69545364379883,85.13999938964844,82.5885238647461,87.61050415039062,85.45999908447266,127.06177520751953,15.561723709106445,699.9306030273438,55.10315704345703,214.21669006347656,123.46834564208984,88.18569946289062,16.206619262695312,30.36126136779785,70.04731750488281,15.885915756225586,113.34880065917969,45.30187225341797,98.80304718017578,239.41775512695312,52.40850830078125,187.17831420898438,126.38920593261719,32.25401306152344,23.847604751586914,39.62993240356445,86.08160400390625,29.407455444335938
2024-04-18,158.12210083007812,102.63343811035156,168.1280059814453,52.355587005615234,85.13999938964844,83.76010131835938,87.58293151855469,84.18000030517578,127.91355895996094,15.510054588317871,704.9712524414062,55.63220977783203,215.43209838867188,121.74468231201172,89.53974914550781,16.0768985748291,30.664226531982422,69.36687469482422,16.012279510498047,113.1853256225586,45.96444320678711,97.13299560546875,238.01858520507812,52.83845138549805,186.9207305908203,125.87806701660156,32.65558624267578,24.128164291381836,40.014686584472656,87.14683532714844,29.248849868774414
2024-04-19,158.39950561523438,101.91109466552734,170.0769805908203,53.70261764526367,84.9000015258789,84.49678802490234,88.50205993652344,84.26000213623047,128.07266235351562,15.48421859741211,712.737060546875,56.13389205932617,216.5370330810547,120.16619110107422,90.6666030883789,16.180673599243164,30.8203067779541,70.00071716308594,16.42748260498047,114.51136016845703,46.85670471191406,96.01960754394531,238.1100311279297,53.39647674560547,187.02566528320312,125.94084930419922,33.2214469909668,24.452560424804688,40.47452163696289,87.63626098632812,29.36080551147461
2024-04-22,159.32418823242188,104.44805908203125,172.60784912109375,54.71957778930664,86.04000091552734,84.3902816772461,90.13809204101562,85.30999755859375,127.16474914550781,15.699517250061035,719.1592407226562,57.04604721069336,220.883056640625,120.4201889038086,91.91159057617188,16.431468963623047,31.01310157775879,70.69979095458984,16.78852653503418,115.77381896972656,47.11288833618164,96.5670166015625,239.07936096191406,54.1649055480957,187.73158264160156,127.70748138427734,33.778175354003906,24.584074020385742,40.47452163696289,87.91456604003906,29.36080551147461
2024-04-23,161.06259155273438,105.25849151611328,174.26123046875,56.13795852661133,87.11000061035156,84.7364501953125,90.62521362304688,84.62000274658203,129.66383361816406,15.888980865478516,725.9818115234375,57.547733306884766,222.9639892578125,120.91007995605469,93.48374938964844,16.682268142700195,31.334434509277344,71.39886474609375,16.815601348876953,115.79198455810547,47.165889739990234,97.26289367675781,239.7926788330078,54.960777282714844,189.16246032714844,128.93603515625,34.01547622680664,25.057519912719727,40.87804412841797,89.18131256103516,29.584718704223633
2024-04-24,160.29510498046875,105.39945220947266,176.73667907714844,56.14688491821289,86.7699966430664,84.70980834960938,90.86419677734375,91.94999694824219,131.61074829101562,16.04399299621582,721.1603393554688,58.934207916259766,228.11109924316406,122.14385223388672,94.14713287353516,16.716859817504883,31.499698638916016,72.88089752197266,16.725341796875,116.61848449707031,47.41325759887695,95.73199462890625,239.7469482421875,54.53083038330078,189.8302001953125,128.06617736816406,34.581329345703125,24.92600440979004,40.924964904785156,89.92025756835938,29.42611312866211
2024-04-25,159.8789825439453,103.329345703125,176.71820068359375,55.26374053955078,87.0199966430664,83.61810302734375,90.26676940917969,90.33999633789062,132.43441772460938,15.794246673583984,703.5419921875,59.18048095703125,227.62307739257812,121.40902709960938,93.21112060546875,16.336341857910156,31.6557674407959,72.0140609741211,16.626056671142578,115.52860260009766,47.52808380126953,95.88972473144531,236.55543518066406,54.02769470214844,188.8094940185547,127.99442291259766,34.654354095458984,25.031213760375977,40.69036102294922,90.2081527709961,29.35147476196289
2024-04-26,158.76011657714844,102.39558410644531,176.83828735351562,54.871219635009766,87.33000183105469,83.05892944335938,91.56270599365234,92.6500015258789,133.6886749267578,16.190399169921875,697.11962890625,59.41764450073242,227.3560333251953,121.08244323730469,92.86579132080078,16.31039810180664,31.876115798950195,72.25640106201172,16.589950561523438,117.37232208251953,47.448585510253906,96.54845428466797,235.6866912841797,53.314144134521484,187.1878662109375,127.66262817382812,34.59959030151367,24.961074829101562,41.290950775146484,90.53443145751953,28.96895408630371
2024-04-29,161.81163024902344,104.95899963378906,176.44110107421875,56.057674407958984,87.94000244140625,84.60330200195312,92.16934204101562,92.5,133.2300262451172,16.310964584350586,692.0982666015625,59.5635986328125,228.36891174316406,124.62955474853516,93.86541748046875,16.595787048339844,31.747575759887695,72.67585754394531,16.978073120117188,119.09799194335938,47.97865295410156,97.42989349365234,240.44195556640625,53.98194885253906,192.5870361328125,129.87762451171875,34.94640350341797,25.469587326049805,41.919700622558594,91.91634368896484,29.09024429321289
2024-04-30,158.63990783691406,102.06964874267578,175.10177612304688,55.210208892822266,86.88999938964844,83.23644256591797,91.61787414550781,91.52999877929688,129.89785766601562,16.02676773071289,677.5861206054688,58.74265670776367,226.7391815185547,121.81726837158203,94.66512298583984,16.319046020507812,31.398706436157227,72.25640106201172,16.815601348876953,118.07166290283203,47.52328872680664,94.68354797363281,237.25958251953125,54.17405319213867,177.543701171875,126.02156066894531,34.75474548339844,25.031213760375977,41.5537223815918,91.4365234375,28.14793586730957
2024-05-01,163.5222930908203,102.88006591796875,173.5869140625,52.85514450073242,86.2699966430664,84.5234146118164,90.57926177978516,90.36000061035156,129.15843200683594,16.259288787841797,662.5501098632812,58.414283752441406,226.0209503173828,125.82701873779297,94.76508331298828,16.293100357055664,31.288537979125977,72.79701232910156,16.698265075683594,118.6347885131836,47.86058807373047,94.52581787109375,237.89968872070312,54.073421478271484,180.40545654296875,125.70771026611328,34.216270446777344,25.338077545166016,41.11265563964844,90.55363464355469,28.175926208496094
2024-05-02,166.1114044189453,104.09571838378906,177.76197814941406,53.58664321899414,86.79000091552734,85.59737396240234,92.39910888671875,89.76000213623047,131.18017578125,16.5090389251709,665.76123046875,59.80074691772461,230.0078582763672,126.81585693359375,95.33761596679688,15.95582389831543,31.674137115478516,71.77172088623047,17.113466262817383,119.5975112915039,48.73933410644531,96.9845199584961,241.3563690185547,54.905887603759766,184.9365997314453,126.765869140625,34.28927993774414,25.250404357910156,43.37427520751953,92.20425415039062,28.931636810302734
2024-05-03,168.0532684326172,106.15702056884766,178.094482421875,54.22001266479492,86.61000061035156,86.44058227539062,96.58111572265625,91.2300033569336,137.5917510986328,16.596525192260742,667.17138671875,60.119998931884766,230.47747802734375,128.7028045654297,92.70221710205078,16.128786087036133,31.573144912719727,70.2057876586914,17.239830017089844,120.7964096069336,49.05000305175781,98.24637603759766,243.02987670898438,53.972801208496094,184.19252014160156,128.17376708984375,34.89164352416992,25.250404357910156,43.9091796875,91.94513702392578,29.006277084350586
2024-05-06,165.23297119140625,105.59324645996094,180.2836151123047,54.942588806152344,86.31999969482422,85.1358413696289,97.4083251953125,91.30000305175781,134.56851196289062,16.596525192260742,661.0255126953125,60.85883712768555,235.2470703125,129.4376220703125,92.80217742919922,16.232566833496094,31.94955825805664,71.58528900146484,17.158597946166992,124.26591491699219,49.21865463256836,97.11443328857422,246.1665496826172,53.90876388549805,183.71554565429688,129.52789306640625,35.494014739990234,25.469587326049805,44.15317153930664,92.8759994506836,28.996944427490234
2024-05-07,167.62791442871094,105.45230102539062,180.93943786621094,54.2913818359375,86.51000213623047,85.33999633789062,97.41751098632812,92.45999908447266,135.37347412109375,16.797746658325195,678.310302734375,60.84060287475586,237.2543182373047,130.00010681152344,93.68367004394531,16.18932342529297,32.11480712890625,72.33096313476562,17.14054298400879,123.69371032714844,48.836978912353516,99.98138427734375,249.83358764648438,54.375308990478516,186.9684295654297,132.67552185058594,35.56703186035156,25.90796661376953,44.22824478149414,93.52857971191406,28.782358169555664
2024-05-08,167.67416381835938,104.03404998779297,180.0249786376953,53.63124465942383,86.5,86.36956787109375,95.74472045898438,90.31999969482422,131.27377319335938,16.754003524780273,660.0536499023438,60.29331588745117,234.33546447753906,127.86820983886719,92.7930908203125,15.7655611038208,31.85775375366211,72.74108123779297,17.077360153198242,120.78733825683594,48.632816314697266,98.23709106445312,246.0110626220703,53.670921325683594,188.1322479248047,132.6127471923828,34.92815017700195,25.653709411621094,44.5191535949707,94.43065643310547,28.67040252685547
2024-05-09,172.33456420898438,106.18344116210938,182.09402465820312,54.79985809326172,87.44000244140625,88.65062713623047,98.18959045410156,91.33999633789062,134.3531951904297,17.016469955444336,736.0153198242188,61.15074157714844,239.01296997070312,132.6490936279297,93.19296264648438,15.92988109588623,32.11480712890625,74.18585205078125,17.1856746673584,123.82992553710938,48.49080276489258,100.34322357177734,251.8362579345703,54.265533447265625,189.33413696289062,133.7336883544922,35.63091278076172,25.68877601623535,44.622379302978516,95.1600112915039,29.04359245300293
2024-05-10,170.59617614746094,107.10838317871094,181.8631134033203,54.862300872802734,90.22000122070312,88.32221984863281,98.01496124267578,89.87999725341797,132.40635681152344,17.103952407836914,721.960693359375,60.931827545166016,238.43292236328125,133.05731201171875,92.43867492675781,15.860696792602539,31.931196212768555,74.35360717773438,17.131513595581055,123.03975677490234,48.828102111816406,99.73086547851562,252.3392333984375,54.494232177734375,188.4088592529297,132.46923828125,35.63091278076172,25.86412811279297,44.631771087646484,95.43037414550781,28.894315719604492
2024-05-13,171.06776428222656,106.34200286865234,181.9554901123047,55.977386474609375,88.12999725341797,88.79264068603516,98.10684967041016,88.58000183105469,133.9320068359375,17.1214542388916,740.26513671875,60.886207580566406,239.9153289794922,134.16407775878906,93.11116027832031,15.95582389831543,31.903654098510742,73.06731414794922,17.28495979309082,123.58472442626953,48.78371047973633,99.90715789794922,253.2262725830078,54.70463943481445,188.90489196777344,131.79669189453125,35.70392608642578,25.9605712890625,44.67869186401367,96.05802154541016,29.11823081970215
2024-05-14,172.8801727294922,109.24897003173828,182.41729736328125,57.1370849609375,88.72000122070312,89.69795227050781,98.26310729980469,87.77999877929688,132.78076171875,17.340177536010742,752.5855712890625,61.46998977661133,243.97592163085938,134.85354614257812,93.12024688720703,16.025009155273438,32.11480712890625,75.06201934814453,17.339115142822266,124.26591491699219,48.703826904296875,100.46383666992188,255.8965301513672,54.65890121459961,189.9256134033203,134.10137939453125,35.93209457397461,26.214828491210938,45.00714111328125,95.42071533203125,29.099571228027344
2024-05-15,177.55909729003906,110.26200103759766,183.3132781982422,57.69908142089844,92.26000213623047,91.88138580322266,99.27413940429688,88.4800033569336,135.38279724121094,17.71637725830078,771.50927734375,61.63417434692383,246.61854553222656,137.9652099609375,93.5927963256836,15.981768608093262,32.72993469238281,76.7491226196289,17.45645523071289,125.07424926757812,48.91686248779297,102.05039978027344,262.13323974609375,55.39072799682617,193.035400390625,134.73806762695312,36.1602668762207,26.749649047851562,45.71095657348633,97.52572631835938,29.258180618286133
2024-05-16,180.25917053222656,109.2842025756836,182.93458557128906,56.78025817871094,92.05000305175781,92.3251724243164,97.90464782714844,88.12999725341797,135.66360473632812,17.47140884399414,761.8092041015625,61.19633483886719,243.73651123046875,137.30296325683594,92.35689544677734,16.21526527404785,32.32597351074219,76.43222045898438,17.239830017089844,124.30223846435547,48.98787307739258,102.79265594482422,262.4715270996094,54.99736785888672,193.52188110351562,133.31219482421875,35.977725982666016,26.547992706298828,45.71095657348633,97.4774398803711,29.024932861328125
2024-05-17,179.86155700683594,109.38108825683594,183.71046447753906,56.37882614135742,91.2699966430664,91.32221221923828,97.88626861572266,87.5,134.62466430664062,17.401416778564453,762.123779296875,61.23282241821289,245.19137573242188,137.7928466796875,92.99303436279297,15.92988109588623,32.54631423950195,76.23646545410156,17.34814453125,125.10148620605469,48.93461608886719,103.451416015625,263.9804382324219,55.701759338378906,190.1927032470703,133.4287872314453,36.087249755859375,26.63566780090332,45.898643493652344,97.80574798583984,29.080913543701172
2024-05-20,177.3186798095703,108.97589874267578,182.3434295654297,55.39754104614258,90.19000244140625,89.30743408203125,97.03148651123047,87.5199966430664,134.1753692626953,17.313932418823242,757.7881469726562,60.63081359863281,242.53955078125,136.34132385253906,91.79346466064453,15.895286560058594,32.527957916259766,76.52542114257812,17.06833267211914,124.30223846435547,48.80146408081055,103.96170806884766,261.44732666015625,54.841854095458984,189.26739501953125,131.2586212158203,35.95034408569336,26.495389938354492,45.729732513427734,97.37122344970703,28.83833885192871
2024-05-21,179.51019287109375,108.78209686279297,183.32252502441406,55.62055969238281,90.41999816894531,89.42282104492188,97.35315704345703,86.8499984741211,135.02713012695312,17.278934478759766,758.9569091796875,60.931827545166016,243.2301025390625,132.52207946777344,92.04790496826172,15.860696792602539,32.298431396484375,77.22449493408203,17.16762351989746,123.97526550292969,48.890228271484375,102.61637115478516,258.82281494140625,55.04310989379883,189.22923278808594,132.69346618652344,36.22415542602539,26.40771484375,45.39189147949219,97.62228393554688,29.024932861328125
2024-05-22,176.9302978515625,108.15664672851562,182.51893615722656,55.067474365234375,89.61000061035156,88.95240020751953,96.83847045898438,87.19000244140625,133.9881591796875,17.07771110534668,748.6298217773438,60.43925476074219,242.10679626464844,132.78517150878906,91.86614990234375,15.92123031616211,32.11480712890625,75.46282196044922,17.149568557739258,123.52114868164062,47.68305969238281,101.33599853515625,258.8045349121094,55.18033218383789,185.75889587402344,131.09722900390625,36.14201354980469,25.89043426513672,45.485740661621094,98.36579895019531,28.642414093017578
2024-05-23,172.54727172851562,104.46569061279297,179.15672302246094,53.310096740722656,87.6500015258789,87.8784408569336,95.59765625,85.69000244140625,133.14576721191406,16.65777015686035,735.2850341796875,59.63656234741211,237.53053283691406,129.3922882080078,89.64879608154297,15.696379661560059,31.692495346069336,73.89688873291016,16.76144790649414,120.72373962402344,46.431522369384766,98.014404296875,250.89434814453125,54.21979522705078,180.98477172851562,129.72518920898438,35.42100143432617,25.075054168701172,44.2845458984375,96.5215072631836,28.09195899963379
2024-05-24,171.92770385742188,104.2983169555664,180.431396484375,52.90867614746094,87.5,87.08850860595703,95.2208251953125,85.93000030517578,133.63250732421875,16.71026039123535,733.9342041015625,59.92844772338867,238.8472442626953,129.34693908691406,89.11263275146484,15.826099395751953,31.6557674407959,74.78240203857422,16.671186447143555,120.97804260253906,46.31613540649414,97.18865203857422,249.09288024902344,54.238094329833984,180.31370544433594,132.6127471923828,35.55790328979492,24.812028884887695,44.57546615600586,97.40019989013672,28.175926208496094
2024-05-28,171.09548950195312,103.03863525390625,177.5772247314453,51.82033920288086,86.76000213623047,86.71572875976562,93.29986572265625,83.26000213623047,134.56851196289062,16.544029235839844,736.4154663085938,58.96156692504883,235.0997314453125,129.1473388671875,89.05809783935547,15.713674545288086,31.27935218811035,74.10194396972656,16.454559326171875,118.35322570800781,45.77468490600586,97.42060852050781,247.35537719726562,53.890464782714844,179.54681396484375,131.98501586914062,34.87339401245117,24.776960372924805,44.27516174316406,97.36158752441406,27.76541519165039
2024-05-29,171.3636474609375,101.52349090576172,174.1965789794922,50.99964141845703,86.08000183105469,86.8666000366211,91.36051940917969,80.12999725341797,132.37826538085938,16.5877742767334,728.0905151367188,57.812259674072266,232.8714599609375,125.55487823486328,88.78546905517578,15.38504695892334,31.01310157775879,73.0580062866211,16.49968910217285,116.96360778808594,45.41963195800781,97.42060852050781,241.23753356933594,53.689208984375,178.6744384765625,131.9132843017578,34.28927993774414,24.478864669799805,44.49100112915039,97.17810821533203,27.392227172851562
2024-05-30,176.4124755859375,102.44844055175781,175.48046875,51.909549713134766,86.87999725341797,88.42872619628906,92.84030151367188,79.05000305175781,134.82119750976562,16.981477737426758,728.6749267578125,58.28657913208008,235.3483428955078,128.5304412841797,89.82144927978516,15.40234088897705,31.242626190185547,74.2324447631836,17.01418113708496,117.94451904296875,45.9344482421875,99.80508422851562,245.29779052734375,54.96992874145508,185.2124481201172,133.11492919921875,34.563079833984375,24.601608276367188,45.98311233520508,98.63616180419922,27.728092193603516
2024-05-31,180.99896240234375,104.82686614990234,177.97442626953125,54.12187957763672,88.06999969482422,90.97606658935547,94.34764862060547,78.16999816894531,136.0380096435547,17.410165786743164,730.9262084960938,59.31730651855469,239.20635986328125,131.33367919921875,91.73892974853516,15.514766693115234,31.940378189086914,75.2111587524414,17.47450828552246,121.44127655029297,47.09723663330078,102.51432037353516,250.40963745117188,56.16830825805664,188.54859924316406,135.68862915039062,35.24758529663086,25.171491622924805,47.165531158447266,100.10386657714844,28.207138061523438
2024-06-03,182.1363067626953,103.65525817871094,179.61856079101562,53.55988311767578,86.58999633789062,91.51748657226562,95.25757598876953,78.05000305175781,133.88522338867188,17.296432495117188,719.8900756835938,59.67304611206055,239.97979736328125,131.49697875976562,92.04790496826172,15.696379661560059,31.85775375366211,75.24844360351562,17.627952575683594,121.43218231201172,47.55485916137695,99.64736938476562,250.9217987060547,56.66229248046875,188.62527465820312,135.94869995117188,35.46662902832031,25.22410011291504,46.94969177246094,100.48045349121094,27.90656280517578
2024-06-04,185.31724548339844,103.51433563232422,181.90003967285156,53.47959518432617,85.63999938964844,91.97014617919922,97.77596282958984,78.62000274658203,135.83209228515625,17.270179748535156,732.5547485351562,59.846351623535156,242.9078369140625,134.3183135986328,92.31146240234375,15.575305938720703,32.08726501464844,75.63993072509766,17.40229606628418,123.94800567626953,48.553932189941406,100.91847229003906,255.1100616455078,56.314674377441406,190.41798400878906,136.72885131835938,36.13288497924805,25.171491622924805,46.92153549194336,100.89567565917969,27.681127548217773
2024-06-05,183.26441955566406,102.4660415649414,183.33175659179688,53.274417877197266,86.41999816894531,90.86956024169922,98.56639862060547,78.05999755859375,137.9287109375,17.1214542388916,726.7396850585938,59.96493148803711,246.83953857421875,134.6811981201172,92.44776916503906,15.653138160705566,31.885292053222656,76.7491226196289,17.411327362060547,124.20230865478516,48.19712448120117,100.89064025878906,253.4365692138672,56.04023361206055,188.7499237060547,137.60768127441406,36.28804016113281,24.88216781616211,46.7056999206543,101.39779663085938,27.6623477935791
2024-06-06,184.46653747558594,102.54533386230469,183.1377716064453,54.26461410522461,86.0,90.21276092529297,98.32743835449219,77.05000305175781,137.70408630371094,17.086462020874023,730.7824096679688,59.536224365234375,247.06051635742188,134.69932556152344,92.7294692993164,15.549361228942871,32.00464630126953,79.07937622070312,17.37476921081543,124.51110076904297,48.40229034423828,102.0689697265625,252.52212524414062,56.241485595703125,187.29273986816406,137.9036102294922,36.14201354980469,24.934772491455078,46.771385192871094,101.0501708984375,27.953527450561523
2024-06-07,179.63040161132812,100.85400390625,182.15867614746094,52.86406326293945,85.62999725341797,89.30743408203125,98.06090545654297,76.20999908447266,136.9833526611328,16.87648582458496,721.739013671875,59.353790283203125,246.83029174804688,134.35459899902344,91.79346466064453,15.40234088897705,32.14234924316406,79.66658782958984,17.17369270324707,124.1205825805664,47.56377029418945,102.24523162841797,250.40054321289062,56.021942138671875,185.3946075439453,137.9127197265625,36.205902099609375,24.87339973449707,46.649391174316406,100.23906707763672,27.577810287475586
2024-06-10,180.05575561523438,100.3519058227539,184.12612915039062,52.7034912109375,87.62000274658203,88.6240005493164,98.83294677734375,76.43000030517578,139.54798889160156,16.823997497558594,730.4951171875,60.247703552246094,248.02731323242188,135.8877410888672,91.38451385498047,15.661786079406738,32.41777801513672,81.1859130859375,16.94519805908203,125.791748046875,47.019622802734375,103.14521789550781,250.5834197998047,55.58283615112305,185.1741485595703,138.1398468017578,36.3519287109375,24.645444869995117,46.827701568603516,99.96869659423828,27.587202072143555
2024-06-11,178.71495056152344,100.03475952148438,182.1494598388672,52.08796310424805,87.13999938964844,88.9879150390625,97.61051940917969,76.70999908447266,140.28744506835938,16.788999557495117,728.339599609375,59.791629791259766,244.59286499023438,137.24851989746094,90.7483901977539,15.540711402893066,32.22498321533203,81.40030670166016,16.72584342956543,124.4021224975586,46.60036849975586,103.525634765625,251.150390625,55.43647384643555,184.39759826660156,136.99502563476562,35.86820983886719,24.671749114990234,46.53678512573242,99.90110778808594,27.371158599853516
2024-06-12,179.2235565185547,101.9463119506836,183.5903778076172,53.48851776123047,89.0199966430664,88.4642333984375,98.71346282958984,77.63999938964844,140.0159912109375,16.972728729248047,729.46044921875,60.01054382324219,249.9333038330078,140.40554809570312,91.64806365966797,15.852046012878418,32.1790771484375,81.37234497070312,16.936054229736328,124.73816680908203,47.001773834228516,104.6668472290039,254.941162109375,56.06549072265625,188.1747283935547,139.15745544433594,36.105499267578125,24.87339973449707,46.47108840942383,99.33141326904297,27.436912536621094
2024-06-13,181.9606170654297,103.13554382324219,184.65260314941406,54.68388366699219,89.04000091552734,88.60625457763672,98.33663177490234,75.19999694824219,140.17514038085938,17.1214542388916,734.3939819335938,60.16561508178711,253.3954315185547,143.81655883789062,92.49321746826172,15.826099395751953,32.16071319580078,81.8104248046875,17.10971450805664,125.5283432006836,47.474578857421875,104.26788330078125,261.2837219238281,56.999755859375,188.8649444580078,137.98538208007812,36.42494201660156,24.80326271057129,46.959075927734375,100.29700469970703,27.258447647094727
2024-06-14,183.70413208007812,102.4660415649414,186.4814910888672,54.98719024658203,86.9000015258789,89.35917663574219,99.30169677734375,73.93000030517578,141.47743225097656,17.191442489624023,734.068359375,60.84971618652344,256.43389892578125,143.5049591064453,91.95703887939453,15.410989761352539,32.59222412109375,82.04344177246094,17.13713264465332,126.53652954101562,47.60837173461914,104.18437957763672,261.8846435546875,57.13850402832031,187.8583526611328,135.22332763671875,36.76263427734375,24.80326271057129,47.015377044677734,100.4611587524414,27.239660263061523
2024-06-17,179.27540588378906,101.45301055908203,186.213623046875,54.81769943237305,87.37000274658203,86.8704605102539,99.7245101928711,73.19999694824219,140.61865234375,16.93773078918457,730.3512573242188,61.123374938964844,259.0028991699219,141.98345947265625,91.31182861328125,15.532062530517578,32.60139846801758,82.88856506347656,17.073152542114258,126.57282257080078,47.340763092041016,104.1375961303711,262.3931579589844,56.824005126953125,183.28555297851562,134.1693878173828,36.8173942565918,24.724353790283203,46.92153549194336,100.21975708007812,27.380552291870117
2024-06-18,179.74159240722656,101.89346313476562,186.9525604248047,55.35293960571289,88.66999816894531,85.96875,100.75391387939453,72.7300033569336,141.13766479492188,17.04271125793457,741.3299560546875,61.862220764160156,262.0414123535156,145.9888153076172,91.77528381347656,15.514766693115234,32.803382873535156,83.29236602783203,17.182830810546875,128.2894287109375,47.367523193359375,102.98654174804688,269.4661560058594,56.57424545288086,183.28555297851562,133.48794555664062,37.082069396972656,25.0135555267334,47.165531158447266,100.36459350585938,27.117549896240234
2024-06-20,181.03759765625,101.60276794433594,186.51844787597656,54.78201675415039,90.18000030517578,86.93358612060547,100.52413940429688,73.06999969482422,139.56173706054688,16.95522689819336,731.5202026367188,61.889583587646484,257.8887023925781,144.81561279296875,91.78437805175781,15.61854362487793,32.67485046386719,83.41443634033203,17.26508903503418,127.32665252685547,47.2872428894043,102.15367126464844,269.9469299316406,57.04600524902344,182.89251708984375,132.8701171875,37.036441802978516,24.986858367919922,46.98722839355469,99.48589324951172,26.901512145996094
2024-06-21,181.6715850830078,102.6774673461914,188.328857421875,54.862300872802734,90.37999725341797,87.0147476196289,100.82744598388672,73.94000244140625,139.995849609375,16.83274269104004,732.8612670898438,62.309165954589844,256.17608642578125,145.6680145263672,92.09671783447266,15.852046012878418,32.518768310546875,83.44261169433594,17.34734344482422,128.02606201171875,47.41212844848633,102.3782730102539,269.0963134765625,57.48076248168945,186.58335876464844,132.7974395751953,37.16421127319336,25.004657745361328,47.315677642822266,98.8003158569336,27.258447647094727
2024-06-24,183.10743713378906,103.97239685058594,190.65652465820312,55.47782897949219,89.26000213623047,87.85331726074219,102.11421203613281,74.36000061035156,138.7312774658203,17.191442489624023,720.5990600585938,63.11186981201172,257.0692443847656,146.03465270996094,92.8592300415039,15.661786079406738,32.913551330566406,83.65858459472656,17.49358367919922,130.16946411132812,47.8492317199707,104.46511840820312,270.2612609863281,57.591766357421875,189.018310546875,136.6951904296875,37.565792083740234,25.298301696777344,47.56905746459961,99.42797088623047,27.277233123779297
2024-06-25,179.64834594726562,102.42200469970703,188.6983184814453,55.04964065551758,88.30000305175781,86.24827575683594,101.02965545654297,73.9000015258789,138.19338989257812,16.788999557495117,711.6513671875,62.56456756591797,253.78213500976562,144.08238220214844,91.22399139404297,15.635842323303223,32.62894821166992,83.14212036132812,17.146272659301758,128.1713409423828,47.20695495605469,102.7806625366211,267.7279357910156,56.7130012512207,184.70437622070312,134.35107421875,37.2554817199707,24.871179580688477,46.81831359863281,97.45814514160156,26.563365936279297
2024-06-26,179.63902282714844,101.90227508544922,188.3196258544922,54.496551513671875,88.16999816894531,86.50076293945312,99.88994598388672,72.8499984741211,138.6180419921875,16.946475982666016,710.7030029296875,62.044639587402344,251.5814971923828,143.889892578125,91.09537506103516,15.44558334350586,32.23416519165039,83.0575942993164,17.155410766601562,126.3730239868164,46.992855072021484,103.32343292236328,266.3873291015625,56.805503845214844,185.56716918945312,134.0966796875,36.92691421508789,24.906770706176758,46.78076934814453,98.32718658447266,26.262788772583008
2024-06-27,182.1097869873047,102.52771759033203,190.55491638183594,54.576839447021484,88.5,87.81726837158203,100.86421203613281,74.26000213623047,140.34500122070312,16.83274269104004,720.3690795898438,62.309165954589844,251.71957397460938,142.74420166015625,92.17021942138672,15.583955764770508,32.70615005493164,83.77128601074219,17.44788360595703,127.64456939697266,46.76985549926758,104.2031021118164,264.93572998046875,57.36051559448242,188.8074188232422,136.11373901367188,37.2098503112793,25.298301696777344,47.681671142578125,99.79489135742188,26.507007598876953
2024-06-28,181.23338317871094,104.20250701904297,192.68772888183594,55.809810638427734,89.11000061035156,88.0967788696289,101.23534393310547,74.13999938964844,143.48748779296875,17.147703170776367,724.8141479492188,63.24868392944336,252.8995361328125,142.4417266845703,92.75817108154297,15.723875999450684,33.21516418457031,84.15628051757812,17.78605842590332,129.52464294433594,47.117759704589844,105.10147857666016,265.9527282714844,57.53627014160156,188.18431091308594,137.9217987060547,37.556663513183594,25.485172271728516,48.10396194458008,100.66393280029297,26.666688919067383
2024-07-01,180.897705078125,103.16912078857422,190.2941436767578,55.02107238769531,85.97000122070312,86.54586029052734,101.3095703125,73.87999725341797,143.56297302246094,17.03396987915039,727.7648315429688,62.76508712768555,253.47557067871094,139.24295043945312,92.25289154052734,15.417793273925781,33.11335754394531,84.22201538085938,17.612403869628906,128.225830078125,46.94113540649414,104.76457977294922,261.7737121582031,57.22175979614258,181.93386840820312,133.12454223632812,37.45627212524414,24.82668685913086,48.17023468017578,100.42253112792969,25.88707160949707
2024-07-02,179.2660675048828,104.28267669677734,190.18234252929688,55.80073928833008,87.08000183105469,85.9236831665039,101.06832885742188,74.22000122070312,144.29901123046875,17.086462020874023,724.6034545898438,62.82036590576172,253.63352966308594,140.89276123046875,92.89596557617188,15.435284614562988,33.36323928833008,85.31128692626953,17.740360260009766,128.07142639160156,47.00389862060547,105.94371032714844,263.86328125,57.35126876831055,181.1861114501953,134.26931762695312,37.41063690185547,24.711008071899414,49.031768798828125,102.32476043701172,25.811925888061523
2024-07-03,181.61563110351562,104.30940246582031,187.1554718017578,55.737281799316406,87.38999938964844,87.15901184082031,99.74153900146484,73.83000183105469,143.16664123535156,17.04271125793457,717.5335693359375,62.1663818359375,250.48388671875,141.33270263671875,92.46419525146484,15.461522102355957,33.32622146606445,86.1845932006836,17.612403869628906,126.63642883300781,47.02183151245117,106.02793884277344,265.6661682128906,57.018253326416016,184.23463439941406,134.7054443359375,37.054691314697266,24.693208694458008,49.06016540527344,101.7260971069336,25.40802574157715
2024-07-05,182.40814208984375,104.05106353759766,189.31622314453125,54.66749954223633,87.20999908447266,86.62700653076172,99.94566345214844,73.1500015258789,142.9118194580078,17.261436462402344,722.7929077148438,62.51640319824219,252.9367218017578,141.47935485839844,92.60199737548828,15.286616325378418,33.35398864746094,86.01555633544922,17.621538162231445,126.06423950195312,47.59559631347656,107.11349487304688,267.8204345703125,57.30500793457031,182.94046020507812,132.7338409423828,37.30111312866211,24.693208694458008,49.656620025634766,102.81722259521484,25.783748626708984
2024-07-08,182.9022979736328,103.91742706298828,189.176513671875,55.07546615600586,88.36000061035156,87.1229476928711,100.23328399658203,72.62999725341797,145.00682067871094,17.1739501953125,725.1207275390625,62.626930236816406,253.73570251464844,141.67184448242188,92.40907287597656,15.47026538848877,33.43727493286133,87.20814514160156,17.603261947631836,126.3730239868164,47.65834045410156,107.06670379638672,268.5323181152344,57.110755920410156,185.9410400390625,133.44252014160156,37.2554817199707,24.76439666748047,49.116973876953125,100.82807922363281,25.915246963500977
2024-07-09,182.70651245117188,103.3740234375,189.82846069335938,55.53782653808594,88.7699966430664,87.51969909667969,100.2147445678711,71.58999633789062,144.6670684814453,17.182695388793945,734.6143798828125,62.5900764465332,256.4022216796875,140.71861267089844,92.40907287597656,15.339089393615723,33.40951156616211,87.45227813720703,17.58498191833496,126.34577941894531,47.29973602294922,107.10411834716797,267.1916809082031,57.42526626586914,187.44613647460938,134.07852172851562,37.24635314941406,24.595327377319336,49.457801818847656,101.22399139404297,25.89646339416504
2024-07-10,183.4617462158203,104.17578125,189.73533630371094,56.054588317871094,89.94999694824219,88.18695831298828,101.1147232055664,71.83999633789062,146.86585998535156,17.340177536010742,743.3609008789062,62.48876190185547,256.7831726074219,140.89276123046875,94.2647933959961,15.63642406463623,33.16889190673828,89.34913635253906,18.023693084716797,127.17227172851562,48.034889221191406,109.05998229980469,265.7216491699219,57.62876892089844,187.1201934814453,134.86898803710938,37.490760803222656,24.817787170410156,49.33472442626953,100.95362091064453,25.905853271484375
2024-07-11,193.18629455566406,111.20457458496094,188.93435668945312,59.13700485229492,93.12000274658203,92.28070831298828,101.3095703125,75.19999694824219,148.84756469726562,17.795114517211914,764.2832641601562,62.359798431396484,258.66925048828125,145.64968872070312,96.39610290527344,15.618934631347656,32.79869842529297,88.75755310058594,18.544662475585938,128.02606201171875,49.30792236328125,112.68159484863281,274.2554016113281,58.47978973388672,201.18368530273438,135.19607543945312,37.45386505126953,26.161455154418945,50.15838623046875,101.0501708984375,27.202085494995117
2024-07-12,196.36569213867188,112.26467895507812,188.0496063232422,61.43067932128906,94.6500015258789,93.37178039550781,100.80854797363281,75.79000091552734,149.43267822265625,17.970096588134766,771.0275268554688,61.89003372192383,254.8784942626953,148.4084930419922,97.66386413574219,15.898782730102539,32.733917236328125,90.04402160644531,18.80971336364746,127.73541259765625,49.98030471801758,112.43827819824219,279.8028259277344,59.247554779052734,204.0308837890625,135.81390380859375,37.214073181152344,26.205949783325195,49.666080474853516,100.61564636230469,27.502662658691406
2024-07-15,194.71539306640625,113.191162109375,189.26036071777344,62.001834869384766,95.8499984741211,92.98404693603516,101.40235137939453,76.01000213623047,150.5179443359375,18.07508087158203,770.85498046875,62.57167053222656,256.51373291015625,148.84844970703125,97.74655151367188,16.012468338012695,32.6506233215332,91.86576080322266,19.157026290893555,128.4512939453125,50.18648910522461,113.3647232055664,279.2573547363281,59.3770637512207,201.567138671875,136.3408660888672,37.40774917602539,26.953418731689453,49.83649444580078,101.7164306640625,27.277233123779297
2024-07-16,195.93678283691406,113.66332244873047,191.40245056152344,62.872161865234375,97.2300033569336,93.68737030029297,103.20233917236328,76.97000122070312,153.18856811523438,18.442522048950195,778.4807739257812,63.594112396240234,258.9850769042969,151.05735778808594,99.85948944091797,16.231098175048828,33.15964126586914,93.88468170166016,19.36724281311035,130.91110229492188,50.53614044189453,113.69227600097656,282.59503173828125,60.24657440185547,204.2513885498047,137.6583251953125,37.88733673095703,26.935619354248047,50.272003173828125,102.29579162597656,27.92534828186035
2024-07-17,198.7059326171875,114.99068450927734,193.73081970214844,62.14689254760742,97.91999816894531,95.24732208251953,104.80747985839844,75.91999816894531,147.99827575683594,18.49502182006836,769.3989868164062,64.17440795898438,263.8442687988281,153.80702209472656,100.91595458984375,16.493453979492188,33.085594177246094,93.17100524902344,19.714555740356445,132.42552185058594,51.665740966796875,115.30187225341797,286.59844970703125,61.38434600830078,205.36341857910156,140.73838806152344,38.431480407714844,27.46953010559082,50.58442306518555,103.11656188964844,28.63921356201172
2024-07-18,196.40296936035156,112.53194427490234,194.326904296875,60.9501838684082,97.08999633789062,94.71531677246094,104.8167724609375,75.2699966430664,145.8938751220703,18.311298370361328,761.66796875,64.54286193847656,263.992919921875,153.26625061035156,100.64035034179688,15.732621192932129,33.242923736572266,91.87513732910156,19.458642959594727,132.8936309814453,51.75539016723633,114.74974822998047,280.7181701660156,61.22710418701172,202.51622009277344,139.11204528808594,38.39459228515625,27.247066497802734,50.376136779785156,102.3054428100586,28.47014045715332
2024-07-19,195.92745971679688,111.54308319091797,193.134765625,60.524085998535156,97.83000183105469,94.75139617919922,104.51985931396484,74.4000015258789,146.4317626953125,18.285045623779297,753.7646484375,64.60734558105469,264.59686279296875,150.4066162109375,100.59441375732422,15.618934631347656,33.242923736572266,92.28831481933594,19.41294288635254,131.89317321777344,51.62091064453125,115.80721282958984,278.8967590332031,61.14384841918945,200.3592529296875,139.4209442138672,38.29314041137695,26.97121238708496,50.46134948730469,103.7152328491211,28.310461044311523
2024-07-22,195.20953369140625,112.10433197021484,194.9043426513672,61.5304069519043,98.7699966430664,93.72344207763672,105.28067779541016,75.51000213623047,146.7998046875,18.381288528442383,765.2987670898438,65.43634033203125,269.5582275390625,151.93724060058594,101.7886962890625,15.680150985717773,33.59461212158203,94.02552032470703,19.623157501220703,133.11392211914062,51.60297775268555,118.53044128417969,281.4577941894531,61.80986404418945,200.1866912841797,143.31874084472656,38.76350784301758,27.07799530029297,50.811641693115234,104.89326477050781,28.742538452148438
2024-07-23,195.34938049316406,108.15786743164062,193.89849853515625,62.71802520751953,99.16000366210938,94.0390396118164,104.84459686279297,74.83999633789062,146.3562774658203,18.390039443969727,769.236083984375,65.27054595947266,270.4222412109375,152.5880126953125,100.76897430419922,15.680150985717773,33.77044677734375,94.7861557006836,19.51348114013672,131.90237426757812,51.54022979736328,117.61333465576172,279.192626953125,61.439849853515625,198.75828552246094,142.48284912109375,38.745059967041016,27.095794677734375,50.70750427246094,105.82022857666016,28.423175811767578
2024-07-24,195.2281951904297,102.955322265625,191.91468811035156,60.759788513183594,98.30000305175781,95.10305786132812,104.91881561279297,76.3499984741211,143.11944580078125,18.162565231323242,760.7867431640625,64.48759460449219,265.6838684082031,148.36268615722656,98.52741241455078,15.024259567260742,33.289207458496094,90.9924545288086,19.102191925048828,131.62701416015625,51.334022521972656,115.18022918701172,273.25689697265625,59.932071685791016,196.95599365234375,136.18641662597656,38.27469253540039,26.882230758666992,50.67909622192383,105.7816162109375,28.05685043334961
2024-07-25,195.7223358154297,103.34729766845703,188.90643310546875,61.56666946411133,107.43000030517578,95.15715026855469,102.90544128417969,77.83999633789062,139.0709991455078,18.162565231323242,736.9901733398438,64.03623962402344,262.673583984375,147.28115844726562,98.35286712646484,15.03300666809082,30.725650787353516,90.9924545288086,18.955949783325195,128.6073455810547,51.42368698120117,112.70030212402344,272.6744384765625,59.349308013916016,202.34365844726562,135.65943908691406,37.50920104980469,27.122488021850586,50.357208251953125,104.7580795288086,28.47014045715332
2024-07-26,199.26535034179688,105.93965911865234,192.30584716796875,63.914737701416016,110.55000305175781,96.95155334472656,104.8538818359375,78.51000213623047,137.44789123535156,19.159931182861328,739.9791259765625,65.1876449584961,266.4085693359375,150.87403869628906,100.64035034179688,15.260382652282715,31.53080940246582,92.4948959350586,19.36724281311035,130.79177856445312,52.06019592285156,114.80590057373047,278.0553894042969,60.45933151245117,205.83316040039062,138.51235961914062,38.06256866455078,27.478425979614258,50.887386322021484,106.00371551513672,29.68183708190918
2024-07-29,200.39349365234375,104.60338592529297,194.0195770263672,64.68535614013672,110.54000091552734,97.5015869140625,105.25284576416016,78.79000091552734,138.90113830566406,19.11618995666504,743.9260864257812,65.6666488647461,265.7210388183594,150.3057861328125,101.83463287353516,15.479010581970215,31.725156784057617,93.4151611328125,19.550039291381836,131.39755249023438,52.18571090698242,115.99436950683594,279.9599914550781,61.27334976196289,208.8146209716797,138.8576202392578,37.96112060546875,27.780969619750977,51.30394744873047,107.80938720703125,29.371868133544922
2024-07-30,207.96434020996094,106.02873992919922,191.98919677734375,65.84578704833984,112.0,98.664794921875,103.72191619873047,78.4800033569336,136.8722381591797,19.10743522644043,736.472900390625,64.08231353759766,260.88970947265625,149.4900665283203,104.64576721191406,15.566462516784668,32.38223648071289,95.11481475830078,20.13498878479004,129.69955444335938,52.32914733886719,117.99702453613281,281.41162109375,63.262142181396484,208.9296112060547,140.65660095214844,37.675209045410156,27.958942413330078,51.93825912475586,108.37908172607422,29.832124710083008
2024-07-31,205.49354553222656,104.48758697509766,190.8529510498047,64.64907836914062,112.70999908447266,99.25993347167969,102.75697326660156,78.0199966430664,141.07164001464844,19.089942932128906,757.0409545898438,64.1375732421875,258.62274169921875,146.30043029785156,102.569580078125,15.312854766845703,32.64137268066406,96.30738067626953,19.860794067382812,128.28607177734375,51.486419677734375,117.9595947265625,273.5989685058594,62.29086685180664,210.46347045898438,139.41188049316406,36.95582962036133,27.816566467285156,51.54063415527344,107.42313385009766,29.832124710083008
2024-08-01,212.51425170898438,102.46533966064453,198.40621948242188,63.72434997558594,112.38999938964844,101.25270080566406,106.76519775390625,77.13999938964844,143.7139434814453,19.011201858520508,777.1011962890625,65.09553527832031,265.43304443359375,146.5204315185547,103.62604522705078,14.648218154907227,32.881996154785156,102.86184692382812,20.116708755493164,134.3805389404297,52.245662689208984,119.52240753173828,277.4451904296875,63.419395446777344,217.7684326171875,139.41188049316406,37.564544677734375,27.88775634765625,52.35483169555664,108.52391815185547,29.98241424560547
2024-08-02,218.7704315185547,100.98654174804688,195.6028594970703,60.67819595336914,110.37999725341797,103.88568878173828,109.6692886352539,75.2699966430664,142.3455810546875,18.844972610473633,772.761474609375,64.68102264404297,261.6887512207031,151.1856689453125,103.33206939697266,14.167231559753418,32.937522888183594,100.18558502197266,20.043590545654297,137.6939239501953,53.42549133300781,116.0224609375,288.37359619140625,65.01968383789062,220.23220825195312,137.25856018066406,37.4354133605957,28.03013038635254,53.3962516784668,108.88121032714844,29.813339233398438
2024-08-05,210.89193725585938,99.89969635009766,190.06129455566406,59.51776885986328,106.62000274658203,99.8821029663086,106.66313171386719,72.69999694824219,136.33433532714844,18.401355743408203,735.965087890625,63.713844299316406,253.2897491455078,145.493896484375,100.83328247070312,13.922364234924316,32.086090087890625,97.969482421875,19.330684661865234,134.48150634765625,53.29940414428711,111.30593872070312,280.7552185058594,63.28064727783203,211.96856689453125,134.51463317871094,36.85437774658203,27.37164306640625,52.70513153076172,107.22035217285156,29.240365982055664
2024-08-06,212.72869873046875,102.64352416992188,194.80189514160156,61.96556091308594,108.12000274658203,101.86585235595703,108.7600326538086,73.55999755859375,140.2600860595703,18.969188690185547,751.6474609375,65.78636169433594,260.5088195800781,149.58169555664062,103.30451202392578,14.228448867797852,32.937522888183594,99.9602279663086,19.869935989379883,137.89585876464844,54.4342041015625,113.28050994873047,289.05780029296875,64.55717468261719,211.2112274169922,141.31983947753906,38.01646423339844,27.941144943237305,54.125240325927734,111.0055160522461,29.71940803527832
2024-08-07,210.68682861328125,100.0333251953125,193.6283721923828,61.240291595458984,106.31999969482422,100.33294677734375,109.39095306396484,73.94000244140625,138.85398864746094,18.83609962463379,747.5089111328125,64.51522064208984,257.7586669921875,148.14271545410156,102.89109802246094,14.018563270568848,32.59510040283203,99.12449645996094,19.659719467163086,138.5107879638672,54.290096282958984,112.43827819824219,286.75555419921875,64.39066314697266,206.09197998046875,138.93939208984375,37.951900482177734,28.012332916259766,54.721683502197266,110.87033081054688,29.259153366088867
2024-08-08,208.4864501953125,100.91529083251953,194.08474731445312,62.32820129394531,108.68000030517578,99.99932861328125,110.21671295166016,73.94999694824219,141.2320556640625,18.995803833007812,775.4725341796875,64.83761596679688,259.48681640625,149.56336975097656,103.20344543457031,14.193466186523438,32.80795669555664,100.82413482666016,19.915632247924805,140.49331665039062,54.2360725402832,114.16017150878906,289.5478210449219,64.64966583251953,207.9230194091797,140.97462463378906,38.14557647705078,27.807666778564453,55.84831237792969,111.74903106689453,29.212186813354492
2024-08-09,207.53541564941406,101.24488830566406,196.01266479492188,62.21034240722656,109.13999938964844,99.76488494873047,110.71773529052734,73.87999725341797,141.66612243652344,19.19099998474121,784.4777221679688,65.7219009399414,262.5992736816406,150.67239379882812,103.62604522705078,14.280920028686523,33.030067443847656,101.82889556884766,19.96133041381836,140.49331665039062,54.5512809753418,114.07596588134766,293.1258850097656,65.13068389892578,204.10757446289062,144.1636962890625,38.61594009399414,27.878856658935547,56.20806884765625,113.36158752441406,28.81768226623535
2024-08-12,210.28591918945312,99.40973663330078,194.98817443847656,60.922977447509766,107.87000274658203,99.84603881835938,110.91259002685547,72.02999877929688,140.37330627441406,19.093399047851562,784.6788940429688,65.2613296508789,261.6236877441406,150.41574096679688,102.58793640136719,14.036052703857422,32.622859954833984,102.04488372802734,19.879072189331055,139.74072265625,54.31711959838867,112.28853607177734,290.62957763671875,64.52943420410156,207.2423858642578,139.1029510498047,38.33003616333008,27.86995506286621,55.83884048461914,113.2547607421875,28.310461044311523
2024-08-13,207.6007080078125,101.25379943847656,197.21409606933594,62.409793853759766,110.3499984741211,99.50338745117188,110.94972229003906,73.16999816894531,141.1471405029297,19.466039657592773,794.7857055664062,65.53767395019531,264.29022216796875,152.09304809570312,102.6889877319336,14.071032524108887,32.64137268066406,101.31243896484375,19.979612350463867,140.42909240722656,54.31711959838867,114.80590057373047,292.5804443359375,64.64966583251953,209.5240020751953,141.66513061523438,38.44993209838867,27.96784210205078,56.122867584228516,113.78888702392578,28.488927841186523
2024-08-14,208.0854949951172,100.879638671875,198.8625946044922,62.128753662109375,110.48999786376953,99.37715148925781,111.1723861694336,73.54000091552734,142.6664581298828,19.33295440673828,806.1377563476562,65.57451629638672,265.8697204589844,152.7713165283203,103.46067810058594,14.132250785827637,32.5025520324707,102.06366729736328,20.1258487701416,140.73194885253906,54.18202209472656,115.49839782714844,296.67626953125,64.99193572998047,208.8625030517578,142.48284912109375,38.532936096191406,28.128013610839844,55.403343200683594,114.11907958984375,28.197744369506836
2024-08-15,203.31178283691406,102.48316955566406,199.9429473876953,63.12600326538086,110.56999969482422,98.43936157226562,111.16310119628906,74.55000305175781,141.42079162597656,19.146638870239258,795.2072143554688,65.62055969238281,264.79193115234375,152.30386352539062,103.92919158935547,14.368370056152344,32.63211441040039,101.96037292480469,20.354341506958008,140.75030517578125,53.77674865722656,116.7617416381836,293.30157470703125,64.76068115234375,205.89068603515625,143.42776489257812,38.385372161865234,28.261489868164062,54.948909759521484,112.98284149169922,28.26349639892578
2024-08-16,204.98074340820312,102.17137145996094,200.43658447265625,63.45237731933594,111.7300033569336,99.04351806640625,111.00537872314453,74.04000091552734,141.17543029785156,19.057910919189453,793.8468627929688,65.77716827392578,263.87213134765625,153.3120880126953,104.09455871582031,14.385862350463867,32.6506233215332,101.69744110107422,20.372623443603516,140.28221130371094,54.08294677734375,114.96498107910156,295.317138671875,64.53866577148438,209.15011596679688,142.3738250732422,38.46836853027344,28.11021614074707,55.30866622924805,112.574951171875,28.094423294067383
2024-08-19,204.80357360839844,102.99986267089844,201.2095947265625,64.62187957763672,112.5,98.7369384765625,110.79198455810547,74.91000366210938,140.2506103515625,19.253103256225586,795.4945678710938,65.94295501708984,265.1728515625,155.1085205078125,103.75464630126953,14.718178749084473,32.97454071044922,102.95574951171875,20.38176155090332,140.10781860351562,54.81245803833008,116.69624328613281,298.7102966308594,65.22319030761719,209.28431701660156,145.2721710205078,38.68050003051758,28.555137634277344,55.299198150634766,112.20592498779297,28.348033905029297
2024-08-20,205.4748992919922,102.27828216552734,201.71253967285156,63.62462615966797,111.5,99.16976165771484,111.20021057128906,74.83999633789062,140.70358276367188,19.341827392578125,794.977294921875,66.30220794677734,266.78021240234375,155.22769165039062,103.69952392578125,14.447078704833984,33.020816802978516,102.84305572509766,20.555419921875,140.5208740234375,54.54227828979492,116.18153381347656,300.9940185546875,65.15843963623047,210.41555786132812,144.8269805908203,38.828060150146484,28.46615219116211,55.79150390625,113.07025146484375,28.28228187561035
2024-08-21,204.64511108398438,103.16912078857422,202.1409454345703,63.96913146972656,112.23999786376953,98.7910385131836,111.55279541015625,75.58999633789062,141.32643127441406,19.42167854309082,787.6685791015625,66.60617065429688,268.7033996582031,156.74916076660156,104.36097717285156,14.79688549041748,33.307716369628906,105.26576232910156,20.83875274658203,140.42909240722656,54.875518798828125,116.48100280761719,303.0650634765625,65.47293853759766,210.2333984375,146.40789794921875,39.086307525634766,28.71531105041504,55.65896224975586,112.9731216430664,28.564069747924805
2024-08-22,205.21385192871094,105.44078826904297,203.05368041992188,64.25018310546875,112.8499984741211,98.72792053222656,112.2579345703125,75.55000305175781,142.2040557861328,19.62574577331543,788.5931396484375,66.86408233642578,269.7532958984375,159.20553588867188,104.8846206665039,14.945554733276367,33.261436462402344,105.90431213378906,20.857032775878906,141.5396728515625,54.488243103027344,117.89409637451172,308.1039123535156,65.43594360351562,210.28155517578125,147.3800811767578,39.2523193359375,28.76870346069336,56.08500289916992,114.42013549804688,28.423175811767578
2024-08-23,211.64715576171875,107.97078704833984,206.50900268554688,66.29000854492188,117.02999877929688,101.3338394165039,113.75174713134766,76.98999786376953,143.61013793945312,19.92740821838379,797.26904296875,67.82205200195312,275.0956115722656,163.34835815429688,106.7403335571289,15.225400924682617,33.45578384399414,106.43956756591797,21.23176383972168,143.76084899902344,55.01960754394531,120.58922576904297,315.2231140136719,66.06494903564453,218.8615264892578,151.27784729003906,39.9348030090332,29.275915145874023,56.406890869140625,115.92539978027344,29.45640754699707
2024-08-26,210.07147216796875,108.3716812133789,204.82325744628906,67.06063079833984,116.72000122070312,101.87487030029297,114.03937530517578,77.8499984741211,142.10968017578125,19.954023361206055,788.544921875,67.17726135253906,273.7298278808594,162.87173461914062,106.52903747558594,15.1641845703125,33.15964126586914,106.48652648925781,21.378000259399414,144.96319580078125,55.63204574584961,120.62665557861328,314.0397033691406,65.90770721435547,219.11187744140625,152.05923461914062,39.861026763916016,29.471677780151367,56.671974182128906,115.79916381835938,29.193401336669922
2024-08-27,210.8639678955078,107.40065002441406,206.21096801757812,67.26911926269531,115.33999633789062,102.37982940673828,114.97647094726562,77.16999816894531,142.12855529785156,19.767704010009766,787.6589965820312,67.64703369140625,274.5845642089844,163.40333557128906,105.69305419921875,15.129203796386719,33.67790222167969,107.83871459960938,21.167787551879883,147.13845825195312,55.97428512573242,120.66410064697266,316.74871826171875,65.92620086669922,220.0459747314453,152.6861572265625,40.24837875366211,29.498374938964844,57.069602966308594,116.78971862792969,28.742538452148438
2024-08-28,210.01551818847656,106.10891723632812,207.75701904296875,67.3416519165039,115.11000061035156,102.3347396850586,115.72801971435547,76.52999877929688,141.65673828125,19.554765701293945,783.53759765625,68.33787536621094,275.0956115722656,160.13125610351562,105.6471176147461,15.076733589172363,33.73342514038086,105.4535903930664,21.167787551879883,148.2398681640625,55.83019256591797,118.75504302978516,315.0659484863281,66.28695678710938,219.23707580566406,152.3772430419922,40.75563430786133,29.462778091430664,57.91221237182617,117.57633972167969,28.78011131286621
2024-08-29,208.4025421142578,104.9597396850586,207.83151245117188,67.4504623413086,114.62000274658203,100.70264434814453,115.00431823730469,77.11000061035156,141.08106994628906,19.63461685180664,788.3907470703125,68.19969940185547,276.9165954589844,160.8919677734375,105.16939544677734,15.435284614562988,33.520572662353516,105.16248321533203,21.030689239501953,147.86355590820312,55.298805236816406,117.28581237792969,315.9443054199219,66.29620361328125,218.14892578125,150.36929321289062,40.68185043334961,29.418291091918945,57.864871978759766,117.07134246826172,28.63921356201172
2024-08-30,208.90599060058594,106.51872253417969,210.23440551757812,68.19384765625,115.13999938964844,101.00923156738281,116.16409301757812,77.30000305175781,143.07223510742188,19.767704010009766,803.4318237304688,68.97344207763672,280.39141845703125,162.23016357421875,105.6471176147461,15.479010581970215,34.0943603515625,106.35505676269531,21.25918197631836,149.02919006347656,55.938255310058594,119.61598205566406,317.79345703125,67.23973083496094,218.26451110839844,152.0501708984375,41.05076217651367,29.792022705078125,58.802146911621094,117.1976089477539,28.82831382751465
2024-09-03,214.78924560546875,105.5031509399414,211.54762268066406,67.37792205810547,115.66000366210938,102.20850372314453,117.46305084228516,75.93000030517578,141.35472106933594,19.696725845336914,801.3037109375,69.69192504882812,281.22760009765625,161.40524291992188,105.30720520019531,15.190420150756836,34.49231719970703,105.9512710571289,21.23176383972168,150.13059997558594,56.329891204833984,120.13068389892578,315.9073181152344,67.06397247314453,222.26077270507812,148.93374633789062,41.42889404296875,29.792022705078125,59.11457061767578,118.53778076171875,28.629758834838867
2024-09-04,216.7938232421875,104.75483703613281,211.56625366210938,67.47764587402344,114.79000091552734,102.64131927490234,116.36822509765625,77.19999694824219,140.69415283203125,19.678979873657227,796.9127807617188,69.526123046875,280.24273681640625,161.0753173828125,105.1142807006836,14.80562973022461,34.44603729248047,105.98883056640625,21.34144401550293,149.60745239257812,56.71881866455078,120.03710174560547,318.0061340332031,67.4339828491211,224.5814971923828,149.98768615722656,41.12455368041992,29.916595458984375,59.21870422363281,120.88795471191406,28.50684356689453
2024-09-05,217.83807373046875,104.56774139404297,210.97021484375,67.68617248535156,114.1500015258789,102.6773910522461,115.17131805419922,77.36000061035156,141.4679718017578,19.59912872314453,791.2796020507812,69.45243072509766,280.5958557128906,159.0772247314453,106.51066589355469,14.630724906921387,34.50156784057617,102.42989349365234,21.341442108154297,147.90943908691406,56.375118255615234,119.2322998046875,315.43585205078125,67.80400085449219,224.7259521484375,149.1699676513672,40.96775817871094,29.88990592956543,59.47433090209961,120.42179870605469,28.525753021240234
2024-09-06,220.18763732910156,103.59673309326172,208.25064086914062,67.59550476074219,113.55000305175781,104.70623779296875,113.352783203125,77.44999694824219,139.87313842773438,19.510404586791992,787.6397094726562,68.47604370117188,277.06524658203125,159.09555053710938,106.06051635742188,14.630724906921387,33.270694732666016,102.80549621582031,21.23062515258789,146.4225616455078,56.43842697143555,119.06385803222656,319.5593566894531,67.17498016357422,229.67556762695312,149.46072387695312,40.62651443481445,29.783126831054688,59.512203216552734,121.00447845458984,28.695947647094727
2024-09-09,222.39735412597656,105.3427963256836,210.0109100341797,67.35979461669922,115.26000213623047,105.98666381835938,112.56412506103516,79.52999877929688,140.93008422851562,19.63461685180664,800.9666748046875,69.17609405517578,278.7747497558594,160.1587371826172,107.59469604492188,14.665709495544434,33.030067443847656,103.66001892089844,21.507667541503906,147.12930297851562,56.85447692871094,121.8900146484375,324.98663330078125,68.85850524902344,230.9466552734375,148.98228454589844,41.05998992919922,30.130163192749023,60.74296951293945,123.65570068359375,28.62030792236328
2024-09-10,226.40650939941406,106.68798065185547,213.615234375,67.5501708984375,116.80000305175781,108.15074920654297,114.28060913085938,79.19999694824219,147.93222045898438,19.71446990966797,832.7241821289062,70.81568145751953,286.4119873046875,162.64259338378906,107.11698913574219,14.665709495544434,33.4002571105957,107.20018768310547,21.581544876098633,150.1030731201172,56.809261322021484,123.90203094482422,332.0503845214844,69.54302978515625,233.54664611816406,150.84999084472656,42.04683303833008,30.308137893676758,61.509822845458984,125.29693603515625,29.206514358520508
2024-09-11,222.80758666992188,107.41847229003906,214.16473388671875,69.1639175415039,117.12000274658203,108.33110046386719,113.68678283691406,79.61000061035156,149.49874877929688,19.65236473083496,835.5360107421875,70.67752838134766,286.4027099609375,161.33192443847656,106.82300567626953,14.709431648254395,33.31697082519531,107.4067611694336,21.69236183166504,151.16775512695312,56.628360748291016,122.3017807006836,332.29071044921875,68.84927368164062,232.88223266601562,150.3163604736328,42.40652084350586,30.121267318725586,61.85065460205078,124.94733428955078,29.178152084350586
2024-09-12,221.10133361816406,108.60330200195312,215.7946014404297,71.26720428466797,117.4800033569336,107.36626434326172,114.21565246582031,77.97000122070312,151.45217895507812,19.88304328918457,836.6048583984375,71.27623748779297,288.2237243652344,162.48678588867188,106.80464172363281,15.04175090789795,33.57609939575195,109.26605987548828,21.84011459350586,150.9291229248047,56.447471618652344,121.92744445800781,332.0318603515625,69.40931701660156,230.96592712402344,150.64756774902344,42.932220458984375,29.872106552124023,61.538230895996094,125.1124267578125,29.698177337646484
2024-09-13,222.36935424804688,110.83932495117188,218.63522338867188,72.5817642211914,118.66000366210938,108.59522247314453,116.53522491455078,78.87000274658203,151.1288604736328,20.033872604370117,839.2335205078125,71.92102813720703,291.7821044921875,163.05503845214844,107.84273529052734,15.234148025512695,34.260955810546875,109.92337799072266,22.181800842285156,152.5261688232422,56.71881866455078,121.63734436035156,334.8662414550781,69.70801544189453,233.9510955810547,150.90518188476562,43.46714782714844,30.219146728515625,61.59503173828125,126.00586700439453,30.68149757385254
2024-09-16,224.06629943847656,111.09767150878906,216.87496948242188,73.88725280761719,119.5,109.87442779541016,115.91358947753906,77.9000015258789,152.9736328125,19.88304328918457,844.0771484375,71.63548278808594,292.8041687011719,164.3037872314453,107.68656921386719,15.269126892089844,34.02957534790039,111.66655731201172,22.218738555908203,152.9575653076172,56.69167709350586,121.8824691772461,338.43719482421875,69.79203033447266,236.01181030273438,151.71481323242188,43.319576263427734,30.29033851623535,61.254207611083984,125.45231628417969,30.738224029541016
2024-09-17,223.25511169433594,110.47409057617188,214.9470672607422,72.8990707397461,118.16999816894531,109.2256851196289,115.04142761230469,75.7300033569336,149.84512329101562,19.466039657592773,832.2908325195312,71.23939514160156,290.007568359375,165.3675079345703,106.22586822509766,15.57520580291748,33.418766021728516,109.52183532714844,21.775474548339844,150.52528381347656,56.51982116699219,121.49591827392578,333.3837890625,68.77458953857422,235.92515563964844,151.20880126953125,42.76620864868164,29.996686935424805,60.99858474731445,123.7819595336914,31.43790054321289
2024-09-18,219.9918212890625,110.34044647216797,214.5931396484375,73.69686126708984,120.3499984741211,107.6175537109375,116.21050262451172,76.8499984741211,150.48223876953125,19.62574577331543,829.0361328125,70.99991607666016,290.1004638671875,168.0221710205078,106.12482452392578,15.63642406463623,33.18740463256836,110.0225830078125,21.738536834716797,150.45184326171875,56.24848556518555,119.75179290771484,336.3207092285156,68.47589874267578,231.02371215820312,151.20880126953125,42.60019302368164,29.80108070373535,60.79030227661133,123.98589324951172,31.296072006225586
2024-09-19,216.59800720214844,108.87945556640625,214.72354125976562,74.62159729003906,122.48999786376953,105.23273468017578,117.51872253417969,79.29000091552734,151.10031127929688,19.430551528930664,838.7039794921875,70.98148345947266,290.2677307128906,166.57920837402344,104.93054962158203,16.204862594604492,33.35398864746094,107.83063507080078,21.46149253845215,150.99339294433594,54.90083694458008,121.14710235595703,334.3627624511719,67.3277816772461,229.4636993408203,153.70211791992188,42.56331253051758,29.575725555419922,58.887351989746094,121.77169799804688,31.759368896484375
2024-09-20,219.16204833984375,108.01533508300781,214.2671661376953,73.45208740234375,121.5999984741211,105.37893676757812,116.17338562011719,77.37000274658203,150.91015625,19.528152465820312,844.6837768554688,70.53935241699219,284.498046875,166.87522888183594,103.83732604980469,16.3797664642334,33.35398864746094,108.99275207519531,21.46149253845215,149.11180114746094,55.74198532104492,118.29047393798828,337.2530517578125,66.82372283935547,230.6000213623047,153.23289489746094,42.07449722290039,29.810094833374023,58.85894775390625,121.65514373779297,31.42844009399414
2024-09-23,220.29019165039062,108.84382629394531,217.16368103027344,74.49466705322266,121.80999755859375,106.77692413330078,117.72285461425781,77.37000274658203,153.0592041015625,20.02500343322754,849.2288818359375,71.33151245117188,287.69415283203125,169.400390625,105.31639099121094,16.292314529418945,33.779701232910156,111.90275573730469,21.821645736694336,150.2132110595703,56.36607360839844,119.38410186767578,340.3205261230469,67.33712005615234,231.62074279785156,154.70492553710938,42.747764587402344,29.981361389160156,60.79030227661133,124.87934875488281,31.721546173095703
2024-09-24,220.4766845703125,110.83041381835938,214.35101318359375,74.78477478027344,123.36000061035156,107.25204467773438,117.37955474853516,76.33999633789062,154.17178344726562,20.202455520629883,854.6790161132812,69.95162200927734,278.94207763671875,168.49391174316406,105.61955261230469,16.336040496826172,32.90050506591797,112.59246063232422,21.821645736694336,149.5064697265625,56.58313751220703,119.4312515258789,337.5047912597656,67.7011489868164,233.01702880859375,156.5082244873047,42.443416595458984,29.85516357421875,60.55361557006836,123.91791534423828,31.939014434814453
2024-09-25,219.69349670410156,110.69678497314453,213.8852996826172,73.25263977050781,122.36000061035156,106.6764144897461,117.05482482910156,73.69999694824219,154.90399169921875,20.229066848754883,857.0189819335938,69.86800384521484,276.4056396484375,167.7354278564453,105.48175048828125,15.925017356872559,32.92826461791992,112.73416900634766,21.57231330871582,148.28575134277344,56.65549087524414,118.21505737304688,335.2577819824219,67.57980346679688,230.46517944335938,155.57899475097656,42.12983322143555,29.783050537109375,61.43408966064453,125.35520935058594,31.173160552978516
2024-09-26,216.09454345703125,108.31822204589844,210.97952270507812,72.76307678222656,123.4800033569336,104.87638854980469,115.39400482177734,74.7300033569336,154.105224609375,19.9628963470459,846.3978271484375,69.0502700805664,273.311767578125,163.3602752685547,104.3885269165039,15.951251983642578,32.65774917602539,110.83512115478516,21.119808197021484,145.6790771484375,56.510780334472656,118.064208984375,332.3861389160156,66.19835662841797,227.5089111328125,153.1040802001953,41.69636535644531,29.647836685180664,60.4305419921875,122.89822387695312,31.35280418395996
2024-09-27,214.74261474609375,107.81043243408203,209.76873779296875,73.2254409790039,123.16999816894531,106.5484848022461,114.78163146972656,75.01000213623047,153.24942016601562,20.051616668701172,849.9703369140625,68.7343521118164,273.7112731933594,163.9337615966797,105.07752990722656,15.85505485534668,32.64842224121094,110.28713989257812,21.20292091369629,144.80714416503906,56.73689270019531,118.40361022949219,332.5167236328125,66.69305419921875,229.80075073242188,154.30010986328125,41.493465423583984,29.85516357421875,60.440006256103516,123.52945709228516,31.910646438598633
2024-09-30,216.8311004638672,106.93693542480469,211.38284301757812,73.84031677246094,124.4800033569336,108.39419555664062,115.57691955566406,75.44000244140625,153.8865203857422,20.29117774963379,854.7272338867188,69.18965911865234,276.7748718261719,166.67173767089844,105.61955261230469,15.56324577331543,32.890953063964844,112.27122497558594,21.443023681640625,145.84429931640625,57.36096954345703,119.05413818359375,339.2575988769531,67.42113494873047,231.784423828125,155.50538635253906,41.816253662109375,30.026437759399414,60.71455764770508,124.33551025390625,32.01465606689453
2024-10-01,216.37428283691406,105.46007537841797,208.51123046875,73.1244888305664,123.75,108.83277893066406,114.706787109375,74.6500015258789,152.40310668945312,20.11372947692871,850.2687377929688,68.65070343017578,274.23583984375,164.90499877929688,105.19287872314453,15.51902961730957,32.35924530029297,111.71379852294922,21.313737869262695,144.8438720703125,57.21929168701172,117.47969055175781,335.705322265625,67.36511993408203,233.65257263183594,155.99301147460938,41.41045379638672,29.53966522216797,60.91478729248047,123.89849090576172,31.863372802734375
2024-10-02,216.19712829589844,104.6766128540039,209.365234375,73.54663848876953,124.98999786376953,105.79010772705078,114.44480895996094,75.11000061035156,151.76597595214844,19.820941925048828,853.7354125976562,68.63212585449219,274.54510498046875,163.9337615966797,103.10590362548828,15.53671646118164,32.07008361816406,112.80976104736328,21.20292091369629,144.063720703125,56.692508697509766,117.07429504394531,331.26727294921875,66.31968688964844,233.0074005126953,155.0637664794922,41.60414123535156,29.53966522216797,60.29505157470703,123.36436462402344,31.78773307800293
2024-10-03,213.77294921875,103.90216827392578,207.11294555664062,73.25297546386719,122.5199966430664,104.42867279052734,113.00396728515625,73.9000015258789,149.57887268066406,19.71446990966797,843.7401123046875,68.14892578125,271.4440002441406,163.08279418945312,103.50474548339844,15.368701934814453,31.85553550720215,111.89330291748047,21.119808197021484,142.40240478515625,56.674346923828125,115.05675506591797,329.12286376953125,66.28236389160156,231.02371215820312,154.8889617919922,41.22600173950195,29.35938262939453,59.65625762939453,122.81080627441406,31.13533592224121
2024-10-04,208.53305053710938,103.46992492675781,207.4132843017578,74.09728240966797,120.83999633789062,101.86114501953125,113.07881164550781,74.0999984741211,149.2936248779297,19.62574577331543,844.3756713867188,68.32549285888672,271.58447265625,156.76519775390625,103.28214263916016,15.793156623840332,32.21933364868164,111.7515869140625,21.184452056884766,141.91598510742188,56.32012939453125,115.41499328613281,322.0369567871094,66.13299560546875,226.65185546875,156.0205841064453,41.12455368041992,29.224164962768555,59.61811828613281,121.93678283691406,31.088062286376953
2024-10-07,208.26266479492188,102.26322174072266,204.57920837402344,73.32640075683594,119.22000122070312,101.60527801513672,111.94671630859375,73.30000305175781,148.78961181640625,19.528152465820312,837.7603149414062,67.73078918457031,269.7388610839844,156.69117736816406,102.27112579345703,15.457130432128906,31.715612411499023,110.32492065429688,21.165983200073242,140.92469787597656,56.01133346557617,113.13346862792969,323.2583923339844,65.72229766845703,228.9051971435547,154.10693359375,40.774078369140625,29.224164962768555,59.703922271728516,120.68400573730469,31.059696197509766
2024-10-08,209.1111297607422,102.47935485839844,205.04840087890625,74.26246643066406,121.02999877929688,102.4276351928711,112.26481628417969,75.1500015258789,150.51075744628906,19.359577178955078,840.1676635742188,67.71220397949219,270.27288818359375,158.13418579101562,101.70531463623047,15.439446449279785,30.96003532409668,112.28067779541016,21.110572814941406,140.46578979492188,55.866004943847656,112.51123046875,324.4051513671875,65.48895263671875,229.78147888183594,153.85850524902344,40.672630310058594,29.13402557373047,59.47510528564453,121.16958618164062,31.30552864074707
2024-10-09,207.34552001953125,103.0286865234375,205.02024841308594,75.62071228027344,120.9000015258789,101.85199737548828,112.46128845214844,75.69999694824219,151.31906127929688,19.324087142944336,844.2600708007812,67.47991180419922,270.00115966796875,159.10540771484375,103.50474548339844,15.430604934692383,31.0346622467041,113.83959197998047,21.415319442749023,140.68606567382812,56.13848114013672,112.03985595703125,324.423828125,66.32901763916016,226.7481689453125,155.69857788085938,40.70951843261719,29.061912536621094,59.78020477294922,120.7519760131836,31.258255004882812
2024-10-10,204.64077758789062,103.65003967285156,203.5469207763672,75.46469116210938,119.51000213623047,100.4540023803711,111.14208221435547,74.83000183105469,151.05279541015625,19.07565689086914,838.2706298828125,67.05245971679688,267.3029479980469,157.033447265625,102.4102554321289,15.572087287902832,31.28652000427246,112.45073699951172,21.110572814941406,139.70399475097656,55.829673767089844,111.51189422607422,318.93218994140625,65.12490844726562,224.5911102294922,154.41053771972656,40.42549133300781,28.998809814453125,58.702823638916016,119.55747985839844,30.8516902923584
2024-10-11,205.9274139404297,105.90133666992188,206.0994415283203,76.14381408691406,121.93000030517578,101.24893188476562,111.62860107421875,76.2699966430664,152.84051513671875,19.226490020751953,839.2528686523438,67.9166259765625,269.8981018066406,157.7456817626953,103.3749008178711,15.748941421508789,31.482412338256836,113.69788360595703,21.406084060668945,140.80540466308594,56.083984375,113.3597412109375,319.6407775878906,65.61962890625,224.8607635498047,157.12464904785156,40.714176177978516,29.341352462768555,60.01856231689453,121.56773376464844,31.229888916015625
2024-10-14,208.2095489501953,108.06258392333984,207.98573303222656,77.44697570800781,122.08999633789062,102.3636703491211,111.94671630859375,77.33999633789062,154.02915954589844,19.41280746459961,833.9183349609375,68.41841125488281,272.9617919921875,158.3006591796875,103.44911193847656,15.828526496887207,31.49173355102539,114.51040649414062,21.618484497070312,140.86962890625,56.41095733642578,113.56715393066406,320.4705810546875,66.0023193359375,230.93701171875,157.9526824951172,40.91904830932617,29.54867935180664,60.95292282104492,123.91791534423828,30.813865661621094
2024-10-15,215.46914672851562,109.1432113647461,209.87197875976562,79.36502838134766,122.7699966430664,104.43781280517578,111.96542358398438,78.22000122070312,153.2969512939453,19.80319595336914,845.483154296875,68.72505187988281,274.151611328125,158.2914276123047,104.97954559326172,15.846212387084961,31.211894989013672,115.2662582397461,22.181800842285156,141.4720001220703,57.5462532043457,114.4439468383789,321.6546630859375,66.82372283935547,240.0755157470703,160.6668243408203,41.449859619140625,29.584739685058594,61.29616165161133,125.52030944824219,31.248796463012695
2024-10-16,213.67538452148438,110.46697235107422,211.7957763671875,80.20935821533203,124.37000274658203,105.69873809814453,113.06945037841797,77.2300033569336,154.17178344726562,20.1314697265625,847.5726318359375,69.40338134765625,278.704833984375,159.2071533203125,105.27635192871094,15.908110618591309,31.939491271972656,116.60786437988281,22.486547470092773,142.63038635253906,58.336429595947266,119.70465850830078,324.12542724609375,67.43981170654297,239.5362548828125,161.03482055664062,41.757179260253906,29.8822078704834,61.648929595947266,126.58858489990234,31.626998901367188
2024-10-17,210.51983642578125,109.18824005126953,211.58932495117188,81.60429382324219,124.93000030517578,102.10782623291016,111.62860107421875,78.33000183105469,155.65521240234375,19.794321060180664,855.9019165039062,69.57064056396484,275.6787109375,157.27394104003906,105.12794494628906,15.952327728271484,31.874183654785156,117.5904769897461,22.597360610961914,141.75003051757812,58.09120559692383,115.67897033691406,322.0369567871094,67.2064437866211,238.04368591308594,160.40919494628906,41.27293014526367,29.792064666748047,61.35336685180664,126.96732330322266,31.012422561645508
2024-10-18,212.5296173095703,109.67452239990234,213.156494140625,82.3384780883789,125.68000030517578,102.68346405029297,112.96654510498047,79.25,157.26226806640625,20.08711051940918,862.0166625976562,70.27684783935547,277.78668212890625,158.43014526367188,106.05550384521484,15.71357250213623,31.836877822875977,118.8187255859375,22.73588752746582,143.2605438232422,58.77238082885742,115.49042510986328,322.2420654296875,67.73848724365234,238.3036651611328,162.77371215820312,41.691986083984375,29.918258666992188,62.497493743896484,128.4240264892578,31.258255004882812
2024-10-21,207.9935302734375,107.63033294677734,210.35057067871094,79.77801513671875,123.5199966430664,100.68244171142578,110.46842956542969,77.36000061035156,157.0911102294922,19.678979873657227,847.322265625,68.91089630126953,272.98046875,152.4363250732422,105.01664733886719,15.589771270751953,31.445100784301758,116.59843444824219,22.218738555908203,141.4256591796875,57.936798095703125,111.03108215332031,309.4034729003906,66.83307647705078,234.4518280029297,160.28038024902344,40.77936553955078,29.377408981323242,61.65846252441406,126.30693817138672,30.53022003173828
2024-10-22,207.98414611816406,106.23452758789062,210.88548278808594,79.67707061767578,122.7300033569336,100.29866790771484,111.56310272216797,76.87000274658203,157.13864135742188,19.900789260864258,845.8104248046875,68.90160369873047,274.8823547363281,153.6850128173828,106.07404327392578,15.554404258728027,31.734275817871094,117.03305053710938,22.200273513793945,142.63038635253906,57.84597396850586,112.13412475585938,312.265869140625,67.0851058959961,232.5163116455078,160.86923217773438,41.22636413574219,29.53966522216797,61.830074310302734,126.3360595703125,29.92509651184082
2024-10-23,212.50146484375,107.97252655029297,215.4087677001953,79.8055419921875,123.12000274658203,101.13015747070312,112.8636245727539,72.81999969482422,157.66162109375,20.512981414794922,858.1262817382812,70.49057006835938,281.0283203125,156.37672424316406,106.13897705078125,15.368701934814453,32.37791061401367,118.61087036132812,22.126392364501953,144.8822784423828,58.34551239013672,113.9159927368164,316.7877502441406,67.42113494873047,234.66371154785156,159.92156982421875,41.636112213134766,29.602766036987305,62.79304504394531,127.96759796142578,30.11419677734375
2024-10-24,212.18215942382812,104.77567291259766,215.6245880126953,80.39288330078125,133.5,101.8337173461914,112.60164642333984,73.91000366210938,157.0245361328125,20.406518936157227,862.5557861328125,70.67640686035156,282.7146911621094,155.65521240234375,105.66593170166016,15.616301536560059,32.01411437988281,119.01713562011719,22.117158889770508,144.63211059570312,57.500850677490234,113.50115966796875,315.5197448730469,67.2064437866211,236.95555114746094,159.53515625,41.449859619140625,29.575725555419922,62.888389587402344,128.2297821044922,30.378938674926758
2024-10-25,209.24261474609375,101.77693939208984,212.41514587402344,79.83307647705078,132.5399932861328,99.51288604736328,110.67428588867188,74.4800033569336,172.12506103515625,19.776575088500977,880.4375610351562,69.38479614257812,276.9903564453125,153.91627502441406,104.20967864990234,15.545559883117676,31.342487335205078,120.65164947509766,21.74776840209961,142.08363342285156,55.68436813354492,110.81425476074219,313.5898132324219,66.28236389160156,232.83404541015625,156.8854522705078,40.85386657714844,28.93570899963379,61.944488525390625,126.44290924072266,30.06692123413086
2024-10-28,208.69790649414062,101.50679016113281,214.7143096923828,80.20016479492188,131.58999633789062,99.64080047607422,111.05786895751953,74.30999755859375,174.3121795654297,20.04274559020996,878.7908325195312,69.70072937011719,280.75665283203125,154.89675903320312,105.03519439697266,15.660516738891602,31.30517578125,121.0673599243164,22.052515029907227,142.51918029785156,55.66619110107422,111.06878662109375,313.84149169921875,66.97308349609375,231.05259704589844,158.72552490234375,41.068050384521484,29.170082092285156,61.7252082824707,126.80221557617188,30.2087459564209
2024-10-29,199.9544219970703,100.54322814941406,213.60693359375,79.0988998413086,130.91000366210938,97.41131591796875,109.86029815673828,73.23999786376953,173.82720947265625,19.98064613342285,872.3295288085938,68.98523712158203,279.59490966796875,153.19480895996094,104.67345428466797,15.5809326171875,30.978689193725586,120.55717468261719,21.85858726501465,139.90585327148438,54.866947174072266,108.71183776855469,308.8533630371094,67.60781860351562,223.16595458984375,158.22869873046875,40.61174392700195,29.106985092163086,62.955135345458984,133.37684631347656,29.197063446044922
2024-10-30,200.48971557617188,102.12815856933594,213.7383270263672,75.9419174194336,132.02000427246094,98.5077896118164,109.80414581298828,73.45999908447266,173.22813415527344,20.158092498779297,876.4797973632812,68.71575927734375,275.4632263183594,152.3808135986328,105.9720230102539,15.695887565612793,30.99734878540039,120.59496307373047,22.181800842285156,140.9993438720703,54.930519104003906,109.23979949951172,313.1142578125,67.85983276367188,223.29112243652344,158.32070922851562,40.55586624145508,29.224164962768555,63.38417053222656,134.45481872558594,29.99127960205078
2024-10-31,200.54608154296875,100.45317840576172,207.9669647216797,73.93209075927734,130.97000122070312,98.21539306640625,108.3352279663086,72.79000091552734,169.4815216064453,19.91853904724121,874.4190673828125,65.38915252685547,265.9444885253906,151.04885864257812,102.80908966064453,15.244905471801758,29.299631118774414,116.90076446533203,21.904760360717773,140.2487335205078,53.92236328125,106.47746276855469,306.80218505859375,66.68372344970703,220.9703826904297,155.59738159179688,39.28936767578125,28.629228591918945,62.440277099609375,130.9878387451172,29.46179962158203
2024-11-01,198.40481567382812,99.83181762695312,202.96507263183594,72.64727020263672,130.17999267578125,97.38391876220703,106.40784454345703,72.5,167.3609619140625,19.501529693603516,855.3723754882812,64.22763061523438,259.48931884765625,149.04164123535156,102.42880249023438,15.324490547180176,29.290298461914062,114.47262573242188,22.00634002685547,138.23776245117188,53.7161865234375,106.91114044189453,301.76751708984375,66.66505432128906,217.23410034179688,154.29092407226562,38.46055603027344,28.340770721435547,61.20081329345703,129.42430114746094,29.480710983276367
2024-11-04,199.20310974121094,101.74992370605469,205.04840087890625,73.72101593017578,131.5399932861328,99.01033020019531,108.44750213623047,73.83000183105469,168.61618041992188,19.78038215637207,862.7098999023438,65.24977111816406,262.8995666503906,151.25233459472656,103.34705352783203,15.377546310424805,29.654098510742188,115.59693908691406,22.36649513244629,141.0271759033203,54.09022903442383,107.34481048583984,310.06549072265625,67.46781158447266,220.29632568359375,158.3943328857422,39.177616119384766,28.56612777709961,61.35336685180664,130.43426513671875,29.981822967529297
2024-11-05,200.8372344970703,102.51536560058594,212.44329833984375,74.68463134765625,134.72000122070312,99.32099914550781,110.40294647216797,75.33999633789062,172.1345672607422,20.24812889099121,875.29541015625,66.93165588378906,272.63385009765625,155.89573669433594,105.48969268798828,15.607457160949707,30.092519760131836,118.7903823852539,22.76358985900879,143.66830444335938,53.66144943237305,107.8822021484375,317.5616760253906,68.28919982910156,219.90151977539062,160.44598388671875,40.24855422973633,28.88162612915039,61.467777252197266,131.2209014892578,30.133108139038086
2024-11-06,185.4539337158203,101.79496002197266,211.0825653076172,74.29000854492188,129.39999389648438,94.5422592163086,109.87899780273438,74.87000274658203,165.09779357910156,20.086214065551758,857.7990112304688,66.32767486572266,275.2196350097656,148.9583740234375,104.92390441894531,15.908110618591309,31.11861228942871,108.12353515625,22.458843231201172,142.33383178710938,52.00107192993164,107.23167419433594,303.3058776855469,67.97185516357422,210.6474609375,159.72836303710938,40.29511642456055,28.043302536010742,60.27598571777344,129.81275939941406,29.707632064819336
2024-11-07,185.82960510253906,102.40731048583984,214.0010986328125,75.8226089477539,132.0500030517578,95.21839904785156,110.95494842529297,76.30000305175781,169.70974731445312,20.29310417175293,874.091796875,66.70866394042969,277.82415771484375,151.8258056640625,105.40621185302734,15.91695499420166,31.062644958496094,110.46664428710938,22.772823333740234,143.35324096679688,51.43544006347656,107.6747817993164,310.5968933105469,68.95194244384766,213.37265014648438,161.697265625,40.54655456542969,27.88104820251465,61.44870376586914,132.96897888183594,30.01019287109375
2024-11-08,189.52047729492188,102.69548797607422,219.3595733642578,76.07958984375,136.0800018310547,96.7168960571289,113.90215301513672,77.38999938964844,173.04742431640625,20.473011016845703,886.9179077148438,68.32549285888672,285.4316711425781,155.1187286376953,106.06477355957031,15.925798416137695,31.435771942138672,113.10264587402344,23.02216148376465,147.4770965576172,52.466339111328125,109.20209503173828,316.46148681640625,69.29729461669922,215.62594604492188,164.70578002929688,41.42192459106445,28.29570198059082,62.11610794067383,134.21202087402344,30.15201759338379
2024-11-11,184.1485137939453,100.28207397460938,217.9143829345703,75.2169189453125,135.8000030517578,95.1178970336914,114.0986328125,75.87000274658203,173.87474060058594,20.104206085205078,879.63818359375,68.297607421875,284.9445495605469,153.06529235839844,106.5378189086914,15.970011711120605,31.557037353515625,110.95794677734375,23.1422119140625,148.28334045410156,52.59406280517578,107.57108306884766,314.11187744140625,69.07328033447266,212.0341339111328,166.8402862548828,41.5709228515625,28.196542739868164,61.82054138183594,133.6584930419922,29.641447067260742
2024-11-12,181.93214416503906,97.55350494384766,216.0375213623047,72.52796936035156,133.8000030517578,93.42752075195312,113.0226821899414,75.41000366210938,171.91586303710938,19.60047721862793,869.5466918945312,67.87945556640625,281.8246765136719,150.3643341064453,105.41549682617188,15.908110618591309,31.183908462524414,108.18021392822266,22.79129409790039,148.05166625976562,52.019309997558594,106.29833221435547,307.9023742675781,68.58789825439453,211.4659881591797,163.96975708007812,41.22636413574219,28.124433517456055,61.47731399536133,132.03668212890625,29.00796127319336
2024-11-13,183.28451538085938,98.18386840820312,218.7589569091797,72.85835266113281,135.5500030517578,93.89351654052734,115.34300231933594,75.7699966430664,169.3864288330078,19.47454833984375,871.8590087890625,69.35692596435547,287.8863220214844,151.73333740234375,105.80506134033203,15.91695499420166,31.63165855407715,109.57852935791016,22.920578002929688,149.51583862304688,51.90983963012695,109.8997573852539,312.28448486328125,68.9426040649414,210.41635131835938,164.8437957763672,42.08311080932617,28.22358512878418,61.44870376586914,131.70484924316406,29.206514358520508
2024-11-14,182.9182586669922,97.49946594238281,213.89784240722656,72.93177032470703,132.0,94.03971099853516,112.60164642333984,75.04000091552734,169.4624786376953,19.114734649658203,868.927490234375,67.89804077148438,283.63287353515625,151.16908264160156,105.15579223632812,15.439446449279785,31.28652000427246,106.87639617919922,22.828231811523438,145.83680725097656,51.152626037597656,108.18390655517578,309.34759521484375,68.75592041015625,211.3256072998047,164.0525665283203,41.487117767333984,28.214569091796875,60.542945861816406,131.18760681152344,29.178152084350586
2024-11-15,184.4960174560547,95.07707214355469,215.2867431640625,72.06909942626953,130.22999572753906,94.84378814697266,112.05899047851562,71.25,170.850830078125,18.76392936706543,868.2018432617188,68.38123321533203,282.7146911621094,152.21429443359375,105.31346893310547,15.262592315673828,31.51972198486328,108.53923797607422,22.98522186279297,146.50405883789062,51.5814208984375,106.93000030517578,312.3497009277344,68.75592041015625,213.85995483398438,165.85586547851562,41.26361846923828,28.548099517822266,60.63829040527344,132.74913024902344,29.244335174560547
2024-11-18,186.74057006835938,94.75287628173828,215.10842895507812,71.95897674560547,132.6699981689453,95.56562042236328,112.1712646484375,73.3499984741211,174.29315185546875,18.772926330566406,879.9182739257812,69.1524887084961,283.44549560546875,152.52879333496094,104.37664794921875,15.395232200622559,31.85553550720215,109.1250228881836,23.17915153503418,146.9025421142578,51.79124450683594,108.08961486816406,314.47552490234375,68.85858917236328,214.3629150390625,166.38946533203125,41.384674072265625,28.746414184570312,60.88618087768555,133.71530151367188,29.329429626464844
2024-11-19,188.9099884033203,94.09548950195312,215.25857543945312,72.88587188720703,132.16000366210938,95.45597839355469,113.48113250732422,72.08999633789062,178.07777404785156,19.249666213989258,892.9988403320312,69.22683715820312,282.73345947265625,153.09304809570312,105.03519439697266,15.324490547180176,31.743595123291016,110.07926940917969,23.13297462463379,146.54112243652344,52.165283203125,108.5421371459961,311.82763671875,69.306640625,212.29290771484375,166.72068786621094,41.4405517578125,29.04388427734375,61.25802230834961,134.857177734375,29.00796127319336
2024-11-20,188.65643310546875,93.93339538574219,214.09494018554688,73.01437377929688,131.77999877929688,95.36460876464844,112.7981185913086,76.2699966430664,176.78456115722656,19.276649475097656,889.07080078125,68.68787384033203,281.6185302734375,152.6582794189453,104.95172119140625,15.40407657623291,31.435771942138672,109.88087463378906,23.169918060302734,146.17970275878906,51.89159393310547,107.98590087890625,310.3451232910156,69.56800079345703,211.78025817871094,166.44467163085938,41.29155349731445,28.953737258911133,61.12453842163086,134.0959014892578,28.99850845336914
2024-11-21,190.468994140625,95.3562240600586,216.431640625,74.12481689453125,131.64999389648438,95.48339080810547,114.13604736328125,77.0,178.1728515625,19.52851676940918,893.5792236328125,69.73790740966797,285.1318664550781,154.36026000976562,106.11115264892578,15.819685935974121,31.54770278930664,112.17675018310547,23.373079299926758,146.91180419921875,52.35686492919922,107.44852447509766,313.1329650878906,69.5026626586914,212.25421142578125,167.26348876953125,41.72924041748047,29.179094314575195,61.305694580078125,134.56439208984375,28.932321548461914
2024-11-22,191.87774658203125,97.52648162841797,217.66099548339844,74.02385711669922,135.42999267578125,96.34227752685547,114.98748016357422,79.80999755859375,180.52163696289062,19.447561264038086,905.9342651367188,70.42552185058594,286.2467956542969,155.52574157714844,106.5378189086914,16.138023376464844,31.603673934936523,112.52632141113281,23.428485870361328,149.14517211914062,52.41160202026367,109.17382049560547,314.7458801269531,69.29729461669922,213.44400024414062,166.65628051757812,41.989990234375,29.05289649963379,60.590614318847656,134.5936737060547,29.53744125366211
2024-11-25,194.92056274414062,100.89443969726562,218.5618896484375,75.3637466430664,138.69000244140625,96.92706298828125,115.9417953491211,80.27999877929688,183.35536193847656,19.771385192871094,942.6796875,71.00164031982422,290.0599670410156,157.62542724609375,107.57667541503906,16.28835105895996,31.566362380981445,114.11359405517578,23.585479736328125,150.1089630126953,52.41160202026367,111.31391906738281,324.30255126953125,69.09196472167969,218.58999633789062,165.70863342285156,42.43698501586914,29.32332420349121,60.256919860839844,132.48561096191406,30.473487854003906
2024-11-26,195.3431854248047,100.63328552246094,220.8986053466797,76.37324523925781,140.42999267578125,97.1280746459961,117.6633529663086,79.91999816894531,184.4964599609375,20.077224731445312,946.4625854492188,71.64279174804688,290.2004089355469,158.80015563964844,107.5024642944336,16.19108009338379,31.8648624420166,116.78739166259766,23.5116024017334,151.20249938964844,52.68528747558594,109.52263641357422,326.3630676269531,70.0067138671875,219.18008422851562,168.790771484375,42.78154754638672,29.188108444213867,61.25802230834961,135.61842346191406,30.170927047729492
2024-11-27,196.5640869140625,99.525634765625,223.16961669921875,76.04285430908203,140.7100067138672,97.49356842041016,118.85157775878906,81.97000122070312,185.69459533691406,20.00526237487793,947.2753295898438,71.99590301513672,293.0954284667969,159.72511291503906,109.01437377929688,16.297191619873047,32.284629821777344,117.38262176513672,23.807113647460938,153.0929718017578,53.20530319213867,111.05936431884766,327.5937805175781,70.85614013671875,221.03729248046875,169.05760192871094,43.144737243652344,29.386423110961914,61.53451919555664,135.95025634765625,30.586944580078125
2024-11-29,196.2823486328125,99.26449584960938,220.86106872558594,75.24443817138672,139.99000549316406,97.0823974609375,117.70077514648438,81.33999633789062,186.08448791503906,19.78038215637207,949.5779418945312,71.23395538330078,290.8656005859375,158.13418579101562,108.1981430053711,16.28835105895996,31.948814392089844,116.84407806396484,23.613182067871094,152.1291961669922,52.813011169433594,110.09772491455078,324.5076904296875,70.55743408203125,218.85121154785156,168.91957092285156,42.70705032348633,29.395437240600586,61.086402893066406,134.857177734375,30.691598892211914
2024-12-02,194.71397399902344,98.78720092773438,216.59117126464844,74.22576141357422,138.38999938964844,96.23263549804688,115.96987915039062,80.06999969482422,182.72776794433594,19.47454833984375,933.4788818359375,69.9144515991211,284.89764404296875,156.99644470214844,105.9720230102539,16.261821746826172,31.622331619262695,114.8788833618164,23.289968490600586,150.40550231933594,51.955177307128906,109.21150970458984,320.79693603515625,69.66133117675781,215.64944458007812,166.8678741455078,42.185550689697266,29.034868240356445,59.360687255859375,130.8069610595703,30.41569709777832
2024-12-03,195.14598083496094,97.27433013916016,214.35769653320312,73.55583190917969,137.1300048828125,95.656982421875,114.71614074707031,80.1500015258789,181.69126892089844,19.348617553710938,932.3275756835938,68.79009246826172,282.0026550292969,153.1207733154297,105.45259857177734,16.376779556274414,31.333158493041992,113.52782440185547,23.280733108520508,149.1915283203125,51.350303649902344,109.73946380615234,313.3567199707031,69.74534606933594,215.79452514648438,166.18707275390625,41.71061325073242,28.530071258544922,59.84694290161133,129.65536499023438,30.177852630615234
2024-12-04,194.87359619140625,94.49172973632812,213.77589416503906,73.20709228515625,137.75,94.52397918701172,114.27639770507812,79.75,181.4725341796875,19.159717559814453,934.2528686523438,68.56708526611328,282.36810302734375,151.69630432128906,105.51753234863281,16.3856201171875,31.65964126586914,112.29956817626953,23.363845825195312,148.27406311035156,51.47861862182617,108.46672821044922,311.9767761230469,69.39998626708984,213.58909606933594,166.99668884277344,41.89686584472656,28.638240814208984,59.23674011230469,130.37754821777344,29.721187591552734
2024-12-05,196.4326171875,94.9419937133789,212.46206665039062,72.71151733398438,136.4199981689453,94.40519714355469,113.6495361328125,77.02999877929688,181.70077514648438,19.330623626708984,942.1476440429688,68.18610382080078,280.75665283203125,151.36334228515625,105.37840270996094,16.62437629699707,31.32383155822754,111.83660888671875,23.410480499267578,147.52345275878906,51.377811431884766,107.27882385253906,310.1680603027344,69.36264038085938,214.33392333984375,167.3371124267578,41.65473937988281,28.530071258544922,59.23674011230469,129.42112731933594,29.454801559448242
2024-12-06,194.4979705810547,93.5191650390625,212.6028289794922,73.73018646240234,137.8800048828125,93.0620346069336,114.05184936523438,77.31999969482422,183.2317352294922,19.23167610168457,952.983642578125,68.52991485595703,281.1595153808594,151.2708282470703,105.63811492919922,16.62437629699707,31.239879608154297,113.52782440185547,23.494421005249023,147.29176330566406,51.47861862182617,105.59124755859375,311.40802001953125,69.19462585449219,213.17315673828125,169.140380859375,41.757179260253906,28.530071258544922,58.77909469604492,128.2109375,29.76875877380371
2024-12-09,196.3199005126953,96.13067626953125,213.0157470703125,76.18052673339844,137.2899932861328,93.19908905029297,114.86583709716797,78.6500015258789,178.93359375,19.519519805908203,937.4842529296875,68.44628143310547,282.0026550292969,152.16807556152344,105.93492889404297,16.7481746673584,31.417116165161133,108.02904510498047,23.354522705078125,147.48638916015625,51.762733459472656,108.8155517578125,312.8719177246094,69.9320297241211,215.95895385742188,169.4847412109375,41.80373764038086,28.629228591918945,58.21657180786133,126.33712768554688,30.19687843322754
2024-12-10,187.38856506347656,94.1045150756836,211.19517517089844,74.51026153564453,135.8800048828125,91.88333892822266,114.07992553710938,76.43000030517578,176.59437561035156,19.285646438598633,930.4602661132812,67.7400894165039,278.8453674316406,148.34791564941406,104.58997344970703,16.863128662109375,31.07197380065918,105.83709716796875,23.065383911132812,146.9396209716797,51.12119674682617,106.67544555664062,305.8045654296875,69.38130950927734,210.27125549316406,166.80441284179688,41.4405517578125,28.340770721435547,58.3023796081543,126.16144561767578,29.416746139526367
2024-12-11,187.4449462890625,93.10491943359375,212.23681640625,73.40899658203125,137.66000366210938,90.62240600585938,112.7045669555664,77.58000183105469,178.03024291992188,19.132728576660156,941.925048828125,67.62857818603516,279.2295227050781,147.5524139404297,104.2189712524414,16.73933219909668,31.053316116333008,106.84803009033203,22.80423355102539,146.72645568847656,50.699623107910156,105.55353546142578,301.4690856933594,69.25996398925781,209.1395263671875,164.3846435546875,41.26361846923828,28.22358512878418,57.89241027832031,125.49779510498047,29.38820457458496
2024-12-12,185.81080627441406,92.45655059814453,213.89784240722656,73.36310577392578,139.69000244140625,90.24779510498047,113.16300964355469,78.25,177.9446563720703,18.826894760131836,943.598876953125,68.56708526611328,283.2206115722656,146.9974365234375,105.2578125,16.642061233520508,30.950706481933594,106.68742370605469,22.841541290283203,146.74501037597656,50.534637451171875,105.26127624511719,299.091552734375,70.29607391357422,208.98475646972656,164.91514587402344,41.738548278808594,28.025272369384766,57.244075775146484,125.35140228271484,28.922027587890625
2024-12-13,185.16281127929688,92.44754791259766,212.48081970214844,73.35392761230469,137.3000030517578,90.15959167480469,112.43323516845703,75.06999969482422,177.11192321777344,18.673978805541992,933.6337280273438,68.09318542480469,280.8690185546875,146.33143615722656,105.9720230102539,16.429832458496094,30.84809684753418,105.72371673583984,22.953462600708008,145.6977996826172,50.71794128417969,104.77102661132812,298.9316101074219,70.3520736694336,207.27264404296875,167.1487579345703,41.41261672973633,28.061330795288086,57.12012481689453,126.01504516601562,28.59855842590332
2024-12-16,181.94151306152344,91.2858657836914,213.4943389892578,73.94126892089844,137.92999267578125,88.86907958984375,112.61100006103516,75.22000122070312,177.5235137939453,18.628997802734375,926.8418579101562,68.26043701171875,280.1757507324219,145.4156036376953,106.13897705078125,16.50057601928711,30.904069900512695,105.82356262207031,22.785579681396484,146.9303436279297,50.02141571044922,103.53474426269531,296.65399169921875,71.04462432861328,205.33804321289062,169.31719970703125,41.66405487060547,27.88104820251465,56.710147857666016,125.60514068603516,28.20848846435547
2024-12-17,181.5001220703125,92.13236236572266,212.9688262939453,73.7485580444336,135.8300018310547,88.08918762207031,110.95494842529297,73.12999725341797,177.07363891601562,18.772926330566406,929.6089477539062,67.61927032470703,275.5381774902344,144.37826538085938,106.04621887207031,16.553632736206055,30.223115921020508,104.68251037597656,22.664331436157227,144.63211059570312,49.9664421081543,103.53474426269531,294.9222106933594,71.13883972167969,202.1556396484375,167.48379516601562,41.35674285888672,27.472387313842773,57.41569137573242,126.12240600585938,27.951616287231445
2024-12-18,173.6018829345703,88.18807983398438,206.29653930664062,68.12288665771484,128.9199981689453,86.25091552734375,106.98149871826172,70.7699966430664,169.37815856933594,17.972352981567383,896.2689208984375,65.22189331054688,266.0662536621094,137.9952850341797,101.96502685546875,15.51902961730957,29.48619270324707,98.14044952392578,21.712987899780273,139.81317138671875,48.399253845214844,98.81781005859375,282.23541259765625,68.98112487792969,194.48495483398438,159.61961364746094,39.99711608886719,26.430173873901367,55.96647262573242,122.56993103027344,26.60065460205078
2024-12-19,168.48348999023438,87.61174011230469,203.79092407226562,67.29692077636719,125.6500015258789,84.23622131347656,106.19812774658203,69.83999633789062,169.2345733642578,17.774459838867188,891.6154174804688,64.57144165039062,261.40057373046875,133.03285217285156,101.61256408691406,15.589771270751953,29.58880043029785,96.62855529785156,21.461162567138672,138.47869873046875,47.436946868896484,96.43081665039062,272.30615234375,68.23675537109375,191.75717163085938,157.52560424804688,39.5035514831543,25.84507179260254,55.04164505004883,120.80345153808594,25.887117385864258
2024-12-20,172.55001831054688,89.30471801757812,208.4924774169922,68.49913787841797,129.16000366210938,84.1712417602539,108.453857421875,71.44000244140625,170.9191436767578,18.09828758239746,897.0816040039062,66.29978942871094,265.8507995605469,137.3784942626953,103.81082916259766,16.09381103515625,29.980581283569336,99.93761444091797,21.843564987182617,142.1577606201172,48.380916595458984,98.25672912597656,279.9954528808594,69.53704833984375,196.91285705566406,159.71267700195312,40.47205352783203,26.320466995239258,56.023677825927734,121.64277648925781,26.16301918029785
2024-12-23,173.16046142578125,89.07059478759766,208.02325439453125,69.38934326171875,130.50999450683594,84.25479125976562,108.77474975585938,72.73999786376953,170.82342529296875,18.152254104614258,909.0496215820312,66.38343048095703,266.3847961425781,138.23826599121094,104.00563049316406,15.978854179382324,30.064538955688477,100.05171966552734,21.85289192199707,142.0928955078125,48.57337951660156,99.03653717041016,281.23779296875,69.48993682861328,196.6323699951172,159.49864196777344,40.47205352783203,26.49416732788086,56.18576431274414,122.59921264648438,26.714818954467773
2024-12-24,173.4703826904297,89.5478744506836,209.5341339111328,69.86656951904297,131.9199981689453,84.48690032958984,109.8884506225586,72.94999694824219,172.67074584960938,18.341154098510742,919.130859375,67.10821533203125,268.6895446777344,139.77093505859375,104.5621566772461,16.11149787902832,30.42833137512207,100.39402770996094,22.030101776123047,143.41810607910156,48.793338775634766,99.56908416748047,283.1012268066406,70.19660949707031,195.93588256835938,161.33206176757812,40.658302307128906,26.73186683654785,56.50992965698242,123.54588317871094,26.886070251464844
2024-12-26,172.78480529785156,89.72796630859375,209.5623016357422,69.95832824707031,132.0,84.61687469482422,109.86014556884766,73.0999984741211,171.8092803955078,18.22422218322754,917.5635375976562,67.24760437011719,269.5514831542969,139.80833435058594,104.61781311035156,16.16455078125,30.39068603515625,100.53665924072266,22.020774841308594,143.84439086914062,48.63753890991211,101.65177917480469,283.5906677246094,70.30025482177734,197.32879638671875,161.75086975097656,40.86317825317383,26.631301879882812,56.614810943603516,123.35070037841797,26.800445556640625
2024-12-27,172.32052612304688,88.56629943847656,207.56341552734375,68.47161102294922,130.6300048828125,84.07838439941406,108.75587463378906,72.22000122070312,170.507568359375,18.06230354309082,912.019775390625,66.51351165771484,266.47845458984375,138.3971405029297,103.3563461303711,15.89926815032959,30.211862564086914,99.57628631591797,21.79693031311035,142.48211669921875,48.26177978515625,100.08263397216797,280.5601806640625,69.67837524414062,196.55496215820312,160.08494567871094,40.42549133300781,26.45760154724121,56.14762496948242,121.99412536621094,26.629196166992188
2024-12-30,172.36790466308594,88.07100677490234,206.2589874267578,68.06781005859375,130.27000427246094,83.35420989990234,108.32170867919922,71.81999969482422,168.66983032226562,17.972352981567383,905.508544921875,66.12325286865234,264.9513244628906,137.61212158203125,102.88330078125,15.722413063049316,29.957744598388672,98.59687042236328,21.666353225708008,141.82415771484375,48.325931549072266,99.94950103759766,278.4048767089844,69.1695785522461,196.67105102539062,159.02395629882812,40.108863830566406,26.521595001220703,55.78532028198242,121.91604614257812,26.5340576171875
2024-12-31,173.7796630859375,89.0477523803711,208.03700256347656,69.15593719482422,131.2899932861328,84.26407623291016,109.52037048339844,71.58999633789062,169.73226928710938,18.233213424682617,912.2423706054688,66.68077087402344,267.4247741699219,139.80833435058594,103.83866882324219,15.758393287658691,30.089506149291992,99.94712829589844,21.85289192199707,143.24203491210938,48.949134826660156,100.52008819580078,281.8212585449219,69.65953826904297,197.13536071777344,160.27108764648438,40.42549133300781,26.704439163208008,56.58279800415039,122.99935150146484,26.781415939331055
2025-01-02,171.52464294433594,89.00211334228516,205.29434204101562,68.54212188720703,129.89999389648438,82.8714370727539,108.23677062988281,70.83000183105469,169.41641235351562,18.13426399230957,913.5387573242188,65.7286605834961,264.1456298828125,138.1167755126953,102.058837890625,15.470569610595703,29.58127212524414,99.59529113769531,21.42385482788086,141.2959442138672,48.44625473022461,99.1506576538086,279.1295471191406,68.03888702392578,193.84654235839844,161.49957275390625,39.605995178222656,26.503311157226562,55.68923568725586,121.72085571289062,26.629196166992188
2025-01-03,172.9743194580078,90.51742553710938,207.28041076660156,69.66744995117188,131.5,83.54918670654297,110.49249267578125,72.25,173.95333862304688,18.368141174316406,928.7671508789062,66.50723266601562,268.6153869628906,141.154052734375,102.69583129882812,15.695429801940918,30.051860809326172,100.50813293457031,21.610393524169922,143.6961212158203,49.07255172729492,100.45352172851562,282.77191162109375,68.81151580810547,195.2007598876953,163.86346435546875,40.11818313598633,26.93299674987793,56.02552795410156,122.79439544677734,26.98120880126953
2025-01-06,170.79507446289062,89.21206665039062,201.23704528808594,66.9518051147461,132.38999938964844,82.20296478271484,107.08531951904297,71.20999908447266,171.905029296875,18.008337020874023,909.4462280273438,64.15274047851562,257.7857971191406,138.83639526367188,99.80127716064453,15.542524337768555,29.355388641357422,98.34964752197266,20.836259841918945,138.79380798339844,48.56599044799805,101.43304443359375,278.4237060546875,66.97416687011719,192.42459106445312,162.31854248046875,38.63749694824219,27.024415969848633,54.67076873779297,121.06695556640625,27.114398956298828
2025-01-07,167.8673095703125,88.87430572509766,199.77113342285156,65.40796661376953,128.63999938964844,81.20026397705078,104.11229705810547,70.36000061035156,172.17303466796875,17.90938377380371,909.5139770507812,63.27098846435547,255.2059326171875,138.71485900878906,98.26500701904297,15.335648536682129,29.138916015625,95.74423217773438,20.491165161132812,137.39447021484375,48.36335754394531,101.3569564819336,280.6542663574219,66.10730743408203,189.4840087890625,162.09519958496094,38.24637222290039,26.741008758544922,54.8341064453125,121.25238800048828,26.648223876953125
2025-01-08,169.78125,88.90168762207031,200.84925842285156,65.03596496582031,129.77999877929688,81.2374038696289,104.8012924194336,71.33999633789062,173.12060546875,18.2781925201416,920.12744140625,63.33664321899414,257.64404296875,138.3223876953125,97.94651794433594,15.254697799682617,28.865976333618164,97.79812622070312,20.556453704833984,138.39532470703125,48.36335754394531,100.32989501953125,278.0754699707031,66.09786987304688,193.1791229248047,162.5791473388672,38.38605880737305,26.357038497924805,55.987091064453125,123.43852996826172,26.334264755249023
2025-01-10,164.3521270751953,86.71086883544922,199.33609008789062,63.38054275512695,123.66999816894531,78.2942886352539,103.02692413330078,69.87000274658203,165.9132080078125,17.684505462646484,870.5819702148438,62.83011245727539,256.9447326660156,137.18223571777344,95.22057342529297,15.36263370513916,28.498916625976562,96.19114685058594,20.2020320892334,137.32958984375,47.58969497680664,98.51348114013672,271.98614501953125,64.8541259765625,186.4563751220703,159.10775756835938,37.72269058227539,25.790218353271484,55.14156723022461,121.77941131591797,25.96323013305664
2025-01-13,167.64939880371094,89.15729522705078,204.0742950439453,64.46866607666016,123.55999755859375,79.59408569335938,105.38645935058594,69.29000091552734,164.55406188964844,17.99034309387207,870.4077758789062,64.92193603515625,267.386962890625,137.75230407714844,96.6912841796875,15.434591293334961,29.120092391967773,97.21809387207031,20.584436416625977,139.18301391601562,48.326515197753906,100.20626068115234,273.16259765625,66.67263793945312,188.5844268798828,160.82017517089844,38.56012725830078,26.265615463256836,55.72766876220703,122.69681549072266,27.266620635986328
2025-01-14,169.41172790527344,89.28508758544922,206.3724822998047,65.37077331542969,124.91000366210938,80.466796875,106.19812774658203,69.61000061035156,166.4396514892578,18.116273880004883,868.8985595703125,65.58795928955078,268.81390380859375,139.0886993408203,97.39382934570312,15.542524337768555,29.110685348510742,98.92967987060547,20.528472900390625,140.27655029296875,48.952823638916016,102.82148742675781,272.91790771484375,66.57843017578125,188.64247131347656,161.53680419921875,38.757728576660156,26.485029220581055,55.823753356933594,123.81916046142578,27.552034378051758
2025-01-15,170.85191345214844,89.85104370117188,205.3321533203125,66.96111297607422,131.3000030517578,80.43894958496094,105.55634307861328,73.22000122070312,167.4159393310547,18.2781925201416,870.756103515625,65.15644073486328,267.2924499511719,139.7055206298828,97.440673828125,15.578500747680664,28.705974578857422,100.96456909179688,20.5471248626709,139.9068145751953,48.97123718261719,102.56472778320312,273.3978576660156,67.0589599609375,190.78021240234375,159.84298706054688,38.61659240722656,26.293039321899414,55.77570724487305,123.54588317871094,28.122865676879883
2025-01-16,180.08999633789062,91.36637115478516,206.0792999267578,67.37031555175781,134.75,84.16194152832031,106.32083129882812,73.41999816894531,172.38360595703125,18.6200008392334,889.9898681640625,65.89750671386719,268.1429443359375,141.67742919921875,98.72401428222656,15.353638648986816,29.251859664916992,104.83464813232422,20.789627075195312,141.0019989013672,50.26988983154297,105.49378204345703,280.18365478515625,67.52066802978516,197.50291442871094,160.73641967773438,38.9459228515625,26.7684383392334,56.07356643676758,125.6344223022461,28.570016860961914
2025-01-17,180.39317321777344,92.91820526123047,206.30625915527344,68.06781768798828,136.91000366210938,84.5426025390625,106.27362823486328,73.8499984741211,170.78514099121094,18.69196891784668,885.8296508789062,65.44725036621094,267.8216247558594,140.7428741455078,98.72401428222656,15.344642639160156,29.47774314880371,103.8552474975586,20.789627075195312,140.8990478515625,50.306732177734375,104.1148452758789,278.64959716796875,67.1060791015625,196.9515838623047,162.0672607421875,38.76714324951172,26.832433700561523,56.5924072265625,126.2297592163086,28.731752395629883
2025-01-21,179.95730590820312,93.84930419921875,207.34661865234375,68.85833740234375,140.94000244140625,84.20835876464844,106.43408966064453,74.16000366210938,175.6953125,18.997802734375,903.6414184570312,65.78494262695312,269.5509948730469,141.9671173095703,99.62329864501953,15.479562759399414,29.364803314208984,105.46223449707031,20.985490798950195,140.88966369628906,50.896202087402344,111.52307891845703,279.5625,67.80333709716797,197.67703247070312,163.76112365722656,38.87065124511719,27.66437530517578,57.92795181274414,130.4556427001953,28.941055297851562
2025-01-22,175.5609588623047,91.85929870605469,202.77862548828125,67.6400146484375,139.44000244140625,82.10083770751953,104.74465942382812,74.01000213623047,174.62335205078125,18.485074996948242,895.1563720703125,64.14336395263672,264.5047302246094,140.24757385253906,97.86221313476562,15.551519393920898,28.931856155395508,104.57791137695312,20.724334716796875,137.72573852539062,49.69886016845703,109.48796081542969,273.642578125,67.02127838134766,191.9119415283203,160.91323852539062,38.10847473144531,26.923852920532227,56.07356643676758,127.99623107910156,28.313142776489258
2025-01-23,176.6031951904297,91.69499206542969,202.2017364501953,66.83089447021484,141.02000427246094,82.2957992553711,103.82914733886719,74.37999725341797,175.64747619628906,18.575027465820312,910.345947265625,63.96514129638672,262.35955810546875,141.58395385742188,98.4429931640625,15.677440643310547,28.72480010986328,105.84257507324219,21.162702560424805,137.51040649414062,49.85543441772461,112.73085021972656,274.4331359863281,66.9647445678711,192.1924591064453,162.73736572265625,37.93910598754883,26.77758026123047,57.11125183105469,129.06002807617188,28.484390258789062
2025-01-24,175.36196899414062,92.77214813232422,203.1001739501953,68.41192626953125,141.1300048828125,82.15653228759766,104.42375183105469,74.16000366210938,172.7664337158203,18.7369384765625,910.2686157226562,64.02142333984375,262.6430358886719,142.0792694091797,99.80127716064453,15.236711502075195,28.71538734436035,105.5953598022461,21.377220153808594,138.92388916015625,50.04884719848633,113.10173797607422,274.99786376953125,67.62429809570312,190.39328002929688,162.16966247558594,38.24020767211914,27.060989379882812,58.43718719482422,133.46157836914062,28.53196144104004
2025-01-27,181.95652770996094,93.2103042602539,208.3964080810547,69.36983489990234,143.1199951171875,85.8145523071289,107.57611083984375,76.44000244140625,157.68170166015625,19.06976318359375,870.8432006835938,65.79432678222656,267.5192565917969,145.7894287109375,102.9862289428711,15.452579498291016,29.223623275756836,98.88212585449219,21.85289192199707,143.81027221679688,51.577754974365234,115.30804443359375,279.8260192871094,68.86805725097656,201.1399688720703,164.44981384277344,39.21879577636719,27.92949676513672,59.398006439208984,135.1206817626953,29.350149154663086
2025-01-28,177.11483764648438,88.77389526367188,207.45065307617188,68.05850982666016,142.60000610351562,83.32635498046875,106.26419830322266,76.12000274658203,155.19309997558594,18.584028244018555,877.3350830078125,64.96884155273438,265.733154296875,144.9483184814453,101.83402252197266,15.335648536682129,29.261272430419922,93.92803955078125,21.386547088623047,141.73216247558594,50.6383056640625,114.31900787353516,279.9766540527344,68.34040069580078,195.0750274658203,163.44468688964844,38.85182571411133,27.43581771850586,58.446800231933594,133.85194396972656,29.27404022216797
2025-01-29,173.98812866210938,87.44115447998047,203.28932189941406,64.02224731445312,141.63999938964844,81.5994873046875,104.36713409423828,75.6500015258789,154.80064392089844,18.179243087768555,878.7089233398438,64.23717498779297,261.40509033203125,143.00448608398438,100.40079498291016,14.921903610229492,28.865976333618164,95.66815185546875,20.910877227783203,139.0643310546875,49.79096603393555,113.3299789428711,276.94610595703125,67.20972442626953,191.62176513671875,161.5926513671875,38.381351470947266,27.097557067871094,57.26498031616211,131.6853485107422,29.05522346496582
2025-01-30,176.06314086914062,87.49591827392578,207.95188903808594,67.33309936523438,144.64999389648438,82.65789031982422,106.83992004394531,76.5199966430664,157.1935272216797,18.4490966796875,892.1571044921875,65.41909790039062,265.6954040527344,144.58384704589844,101.44058990478516,14.966874122619629,29.167152404785156,96.98987579345703,21.15337371826172,142.13467407226562,50.030426025390625,114.73745727539062,280.5130920410156,67.80333709716797,192.6277618408203,163.60289001464844,38.98356246948242,27.280399322509766,57.803043365478516,133.8812255859375,29.454801559448242
2025-01-31,175.2388153076172,88.86518096923828,209.49343872070312,68.02130889892578,144.74000549316406,82.89000701904297,107.3212661743164,76.5999984741211,156.8394012451172,18.584028244018555,883.9624633789062,66.25394439697266,268.9178161621094,143.9203338623047,101.75907897949219,15.029836654663086,29.31774139404297,96.58099365234375,20.93885612487793,142.827392578125,50.32515335083008,113.40605926513672,280.9178161621094,67.69026184082031,191.0994110107422,161.8066864013672,39.2752571105957,27.216405868530273,58.052852630615234,133.19805908203125,29.13133430480957
2025-02-03,175.63674926757812,86.33660888671875,208.35855102539062,66.66349029541016,142.57000732421875,82.93641662597656,107.1230697631836,76.80000305175781,154.51348876953125,18.3321590423584,885.2587890625,65.97254943847656,268.74774169921875,142.74278259277344,101.3843765258789,14.831954956054688,29.223623275756836,95.69667053222656,20.724334716796875,142.7431182861328,50.430667877197266,112.06515502929688,278.4989929199219,67.70909881591797,191.26382446289062,161.38790893554688,39.265846252441406,27.234689712524414,58.956031799316406,137.00428771972656,29.25501251220703
2025-02-04,174.46188354492188,86.23619842529297,208.77468872070312,67.21219635009766,143.8699951171875,82.21224975585938,107.84037780761719,77.45999908447266,156.34165954589844,18.044313430786133,894.2373046875,66.24459075927734,271.34649658203125,142.05123901367188,101.29071044921875,14.742011070251465,29.45891761779785,96.29573822021484,20.64039421081543,144.74632263183594,50.00494384765625,112.51212310791016,279.2801513671875,67.63372802734375,191.08009338378906,161.33206176757812,39.23762130737305,27.24382972717285,57.831871032714844,135.5208282470703,28.67466926574707
2025-02-05,177.6170196533203,88.5639419555664,212.1132049560547,67.87252044677734,147.1300048828125,83.41919708251953,109.7374267578125,77.72000122070312,160.0267333984375,18.02631950378418,906.0599975585938,67.4734115600586,279.5206604003906,144.85487365722656,102.97686767578125,14.724023818969727,29.665977478027344,98.80606079101562,20.864242553710938,146.84315490722656,50.3751335144043,112.9591064453125,284.371826171875,68.8209457397461,196.82582092285156,166.69273376464844,39.72690963745117,27.353538513183594,58.47562026977539,138.770751953125,28.864944458007812
2025-02-06,179.78675842285156,88.19880676269531,209.74880981445312,67.32379913330078,144.5800018310547,83.78128814697266,111.08709716796875,78.19000244140625,160.90731811523438,18.09828758239746,907.8402709960938,67.6516342163086,281.67535400390625,145.83616638183594,103.7168960571289,15.011848449707031,29.750682830810547,100.98358154296875,20.901548385620117,148.70594787597656,50.24556350708008,112.73085021972656,285.05889892578125,68.73613739013672,198.2960968017578,167.67922973632812,40.45144271850586,27.54552459716797,58.15854263305664,138.9659423828125,28.95056915283203
2025-02-07,178.924560546875,87.59632873535156,208.21670532226562,67.6493148803711,142.77000427246094,83.1035385131836,112.46507263183594,77.25,160.8690185546875,17.864410400390625,902.9349975585938,66.91059112548828,276.07147216796875,145.7894287109375,103.96045684814453,15.074810028076172,29.760095596313477,100.85045623779297,20.88289451599121,148.02261352539062,50.08823013305664,111.59916687011719,284.80474853515625,69.74434661865234,199.0893096923828,167.4651641845703,40.366756439208984,27.52724266052246,58.2161979675293,139.1611328125,28.58904266357422
2025-02-10,179.90994262695312,87.18555450439453,207.3655242919922,66.14269256591797,143.86000061035156,83.25208282470703,112.63494110107422,76.97000122070312,159.26100158691406,17.621540069580078,912.4842529296875,66.51660919189453,275.1925964355469,146.31275939941406,102.8550796508789,14.885923385620117,29.80715560913086,101.00260162353516,20.64972496032715,146.8337860107422,49.940147399902344,113.61528778076172,285.75537109375,69.35802459716797,199.56326293945312,168.04220581054688,40.291481018066406,27.380966186523438,57.4187126159668,139.6686248779297,28.655641555786133
2025-02-11,183.2640838623047,86.68348693847656,207.0439453125,66.54259490966797,141.7899932861328,84.691162109375,113.09742736816406,76.0,158.56228637695312,17.6395320892334,912.9678955078125,67.01377868652344,275.5517272949219,147.19125366210938,103.95108032226562,14.831954956054688,29.703624725341797,100.99309539794922,20.873565673828125,146.0568389892578,50.3288688659668,115.80256652832031,287.3741149902344,70.12122344970703,202.3974609375,171.59738159179688,40.22561264038086,27.42667579650879,57.23615646362305,139.95164489746094,28.541475296020508
2025-02-12,179.56884765625,86.92996215820312,205.9847412109375,65.5009765625,140.64999389648438,83.30780029296875,111.74777221679688,73.2699966430664,156.22683715820312,17.504600524902344,904.80224609375,66.5728988647461,274.4460754394531,144.66796875,103.55764770507812,14.67005443572998,29.656566619873047,97.68402862548828,20.789627075195312,145.86026000976562,50.041954040527344,113.90055847167969,282.45184326171875,70.11181640625,201.8074188232422,171.13204956054688,40.03742980957031,27.234689712524414,57.591670989990234,142.9770965576172,28.15140724182129
2025-02-13,180.01419067382812,87.4685287475586,208.15997314453125,66.27288055419922,143.1300048828125,83.43777465820312,112.46507263183594,73.55999755859375,157.7487030029297,17.954360961914062,892.9988403320312,67.08881378173828,275.580078125,145.74269104003906,104.747314453125,14.768996238708496,29.957744598388672,90.5714340209961,20.929529190063477,146.9554901123047,50.82862854003906,114.9751968383789,283.515380859375,70.66773223876953,201.31407165527344,173.30979919433594,40.601993560791016,27.819791793823242,62.395774841308594,147.79832458496094,28.256059646606445
2025-02-14,179.4362030029297,86.58307647705078,206.50489807128906,65.91948699951172,143.72999572753906,81.66447448730469,112.38011932373047,74.05999755859375,157.2414093017578,17.894989013671875,903.2542724609375,66.81678009033203,272.50885009765625,144.7801055908203,98.38679504394531,14.742011070251465,29.58127212524414,90.72357177734375,20.332605361938477,146.96484375,50.430667877197266,114.92765045166016,279.9013366699219,68.161376953125,198.6540069580078,172.22093200683594,40.41380310058594,27.764942169189453,63.923484802246094,146.36366271972656,28.17043685913086
2025-02-18,179.5972900390625,87.4320297241211,206.18331909179688,66.18917846679688,143.8000030517578,82.9178466796875,112.66326904296875,75.45999908447266,158.5526885986328,17.88585090637207,901.609619140625,66.84492492675781,274.7862548828125,144.79879760742188,98.08702850341797,15.335648536682129,30.02362632751465,89.58251953125,20.127416610717773,147.48904418945312,51.115543365478516,115.3651123046875,279.5248107910156,68.6607666015625,199.6503143310547,173.1422882080078,40.52671813964844,27.75579833984375,64.15406799316406,147.1737060546875,28.28460121154785
2025-02-19,178.6592559814453,87.00298309326172,205.7672119140625,64.99876403808594,143.67999267578125,82.8714370727539,112.21967315673828,79.20999908447266,162.34304809570312,17.81277847290039,908.55615234375,66.7136001586914,275.1831970214844,143.70538330078125,98.36805725097656,15.36263370513916,29.8824462890625,88.30834197998047,20.08078384399414,147.3954315185547,51.52275848388672,115.66942596435547,279.9295654296875,69.19783782958984,200.9755401611328,173.03990173339844,40.12210464477539,27.865503311157227,64.33662414550781,146.1099090576172,27.78036880493164
2025-02-20,182.2786865234375,87.1946792602539,207.47900390625,64.70116424560547,141.6699981689453,84.700439453125,114.05067443847656,78.33000183105469,164.63063049316406,18.05940818786621,909.6881103515625,67.22015380859375,278.21661376953125,145.7333526611328,97.91841125488281,15.074810028076172,30.343629837036133,88.90739440917969,20.164724349975586,149.8479766845703,52.3094367980957,114.9751968383789,286.1694641113281,69.04708099365234,203.16160583496094,173.76583862304688,40.47026443481445,28.121488571166992,64.2309341430664,146.70526123046875,28.5129337310791
2025-02-21,181.49224853515625,87.24032592773438,207.0439453125,64.04084777832031,135.77999877929688,85.59172058105469,113.154052734375,76.79000091552734,158.27511596679688,18.03200912475586,889.7866821289062,67.12632751464844,278.5284118652344,145.74269104003906,97.65612030029297,14.697039604187012,30.01421356201172,87.27188110351562,20.071456909179688,150.40028381347656,52.83697509765625,115.0417709350586,286.29180908203125,69.09420013427734,206.03448486328125,171.0575714111328,40.3008918762207,28.596881866455078,63.491111755371094,145.00709533691406,28.265573501586914
2025-02-24,181.9186248779297,88.70999145507812,208.98275756835938,64.02224731445312,137.88999938964844,85.93524169921875,114.37157440185547,77.48999786376953,152.8480682373047,18.11421775817871,879.4635620117188,67.73606872558594,282.0533142089844,148.63043212890625,98.94883728027344,14.616087913513184,29.910686492919922,86.96758270263672,20.32328224182129,152.44093322753906,53.04059600830078,114.81353759765625,285.501220703125,70.03642272949219,205.87973022460938,171.84864807128906,40.6396369934082,29.209409713745117,65.10529327392578,147.01754760742188,28.522445678710938
2025-02-25,193.0516815185547,92.1331558227539,211.48898315429688,65.00806427001953,138.6999969482422,86.65013885498047,115.18325805664062,77.5999984741211,151.3836212158203,18.461339950561523,877.1898803710938,68.45835876464844,284.6709289550781,150.7238311767578,98.93009948730469,14.40921401977539,30.211862564086914,87.86141967773438,20.379241943359375,154.19140625,52.050289154052734,116.60140228271484,290.44232177734375,71.09173583984375,212.00271606445312,171.0575714111328,41.20420455932617,29.82193946838379,65.48001861572266,148.75271606445312,28.731752395629883
2025-02-26,190.1902618408203,90.44439697265625,209.55967712402344,65.09176635742188,140.67999267578125,85.0718002319336,114.29606628417969,76.91999816894531,152.55136108398438,18.287778854370117,885.271728515625,68.30827331542969,284.9638671875,143.8362274169922,98.39615631103516,14.40022087097168,29.713035583496094,88.50802612304688,20.220687866210938,153.72335815429688,51.920719146728516,116.1734619140625,286.3952941894531,70.90328216552734,208.4430694580078,171.4670867919922,41.138336181640625,29.602527618408203,65.60491943359375,147.6841583251953,28.379737854003906
2025-02-27,193.26010131835938,92.14228057861328,210.9215545654297,65.13827514648438,139.77999877929688,86.76154327392578,116.30640411376953,74.36000061035156,150.53176879882812,18.433937072753906,885.368896484375,69.114990234375,287.194091796875,143.4063262939453,97.43130493164062,14.391226768493652,31.360103607177734,87.2148208618164,20.155399322509766,156.2320556640625,52.35570526123047,116.75354766845703,287.71295166015625,71.19537353515625,211.06443786621094,169.9221649169922,41.72172546386719,29.556819915771484,65.97003173828125,148.53704833984375,28.59855842590332
2025-02-28,194.82347106933594,93.34724426269531,213.91012573242188,65.96598052978516,141.94000244140625,87.3650131225586,117.08975982666016,76.25,149.62245178222656,18.689708709716797,879.7671508789062,69.57462310791016,294.4327392578125,142.5745849609375,98.75212860107422,14.508153915405273,32.009517669677734,88.59359741210938,20.612415313720703,157.3740692138672,52.78144073486328,117.84720611572266,285.75537109375,72.26952362060547,210.7742462158203,173.18882751464844,42.512123107910156,29.703092575073242,66.46965026855469,150.4878692626953,28.636613845825195
2025-03-03,198.60397338867188,92.65348052978516,215.70703125,63.268943786621094,140.6199951171875,88.9990463256836,118.4771728515625,75.38999938964844,148.65570068359375,18.63490104675293,885.5634155273438,70.37196350097656,296.58734130859375,143.91099548339844,98.80833435058594,14.5171480178833,32.34833908081055,85.77898406982422,20.565780639648438,159.99510192871094,53.51417541503906,117.48583221435547,292.73876953125,73.24945068359375,214.2661895751953,174.7616424560547,43.32133865356445,29.849367141723633,67.60343170166016,153.7719268798828,29.863895416259766
2025-03-04,196.24472045898438,91.73150634765625,210.8931884765625,62.3668098449707,139.58999633789062,87.46715545654297,116.31582641601562,75.58000183105469,149.0002899169922,18.497879028320312,885.0382690429688,68.88986206054688,290.67169189453125,143.37828063964844,96.50392150878906,14.256308555603027,31.89657211303711,83.90574645996094,20.062129974365234,157.4021453857422,53.70945358276367,115.81206512451172,288.0423583984375,71.93974304199219,212.1768341064453,170.8528289794922,42.70972442626953,29.4196834564209,67.07496643066406,150.87017822265625,29.293067932128906
2025-03-05,197.73228454589844,93.28334045410156,212.29287719726562,62.94343566894531,142.3000030517578,87.85708618164062,117.42953491210938,77.80999755859375,150.5413055419922,18.653169631958008,895.7166748046875,69.1056137084961,291.26702880859375,146.80804443359375,96.99103546142578,14.463181495666504,32.065982818603516,83.9723129272461,20.24866485595703,159.1619873046875,54.034908294677734,117.9613265991211,292.9834289550781,72.63700866699219,213.17315673828125,170.6667022705078,42.512123107910156,29.620813369750977,67.70912170410156,151.80149841308594,29.426259994506836
2025-03-06,196.064697265625,91.10164642333984,206.64674377441406,62.00411605834961,133.66000366210938,88.36772918701172,114.9756088256836,76.86000061035156,142.06092834472656,18.388259887695312,847.9461059570312,67.45465087890625,284.8599548339844,144.901611328125,94.5461196899414,14.211335182189941,31.80245590209961,78.72345733642578,20.024822235107422,156.11036682128906,53.30961608886719,114.40460968017578,290.2823486328125,70.14949798583984,211.5867919921875,162.43955993652344,41.60881042480469,29.227693557739258,65.03804016113281,146.03726196289062,28.75078010559082
2025-03-07,201.1432647705078,93.55717468261719,206.59945678710938,64.17105102539062,130.4600067138672,90.73521423339844,114.66415405273438,79.38999938964844,142.7787628173828,18.735382080078125,835.9061889648438,67.51093292236328,285.1434326171875,146.97630310058594,94.9020767211914,14.688043594360352,32.178924560546875,80.2353515625,20.222991943359375,155.72657775878906,54.378963470458984,114.0337142944336,295.50579833984375,69.68780517578125,216.41358947753906,159.238037109375,41.853458404541016,29.849367141723633,65.21098327636719,144.5471649169922,29.363924026489258
2025-03-10,201.88232421875,93.26507568359375,204.63229370117188,63.39913558959961,125.91999816894531,91.46866607666016,115.17382049560547,79.91000366210938,139.39047241210938,18.881540298461914,807.8098754882812,66.48847198486328,282.6675720214844,145.56512451171875,93.42201232910156,14.301279067993164,32.244808197021484,79.30349731445312,20.072004318237305,156.6439208984375,54.38826370239258,112.09368133544922,295.1481628417969,69.66896057128906,217.5550537109375,155.74234008789062,41.65586471557617,29.840225219726562,64.8650894165039,143.32176208496094,28.80826187133789
2025-03-11,198.7650604248047,90.61783599853516,201.3883514404297,60.98109817504883,125.83000183105469,90.64236450195312,113.71090698242188,76.87000274658203,140.71133422851562,18.56182289123535,813.2657470703125,65.45661926269531,279.28448486328125,141.91104125976562,92.06372833251953,13.797588348388672,31.88715934753418,80.35897064208984,19.458616256713867,154.45350646972656,52.73309326171875,111.43749237060547,290.0752258300781,69.45223999023438,213.2118377685547,154.03688049316406,41.194793701171875,29.575098037719727,64.0868148803711,144.39031982421875,28.338823318481445
2025-03-12,195.8373260498047,89.9332046508789,198.64569091796875,61.46470642089844,127.23999786376953,88.46985626220703,111.74777221679688,76.86000061035156,145.17166137695312,18.45220947265625,831.5006103515625,64.69681549072266,276.7707824707031,139.4531707763672,90.97709655761719,13.590713500976562,31.153038024902344,82.20367431640625,19.694536209106445,151.42994689941406,52.41693878173828,110.05856323242188,285.5953369140625,68.49615478515625,209.40069580078125,156.25115966796875,40.43262481689453,29.33740234375,63.75053405761719,144.47854614257812,28.041831970214844
2025-03-13,196.860595703125,88.22618865966797,196.58395385742188,59.493080139160156,121.79000091552734,88.28416442871094,110.19047546386719,75.44000244140625,139.6871795654297,18.296913146972656,811.0386962890625,64.049560546875,272.7450866699219,135.0421142578125,88.71017456054688,13.060037612915039,30.955394744873047,80.91998291015625,18.996212005615234,151.40188598632812,51.94269561767578,104.95172119140625,278.40911865234375,66.9645004272461,208.61314392089844,150.26795959472656,40.03742980957031,28.843721389770508,63.7601432800293,143.0178680419922,27.73525619506836
2025-03-14,199.85467529296875,90.51742553710938,198.25794982910156,60.9253044128418,125.58000183105469,97.4358901977539,111.4551773071289,78.7300033569336,143.4033203125,18.698843002319336,814.666259765625,64.66867065429688,278.78363037109375,137.03639221191406,90.07783508300781,13.410823822021484,31.510690689086914,82.36532592773438,19.420866012573242,152.87152099609375,52.7144889831543,106.40673828125,283.39007568359375,67.61141967773438,212.18141174316406,151.8980255126953,40.74313735961914,29.483678817749023,64.26937103271484,144.92947387695312,28.23343849182129
2025-03-17,201.5222625732422,90.8460464477539,200.26290893554688,63.836246490478516,128.6999969482422,97.14327239990234,113.38056182861328,80.1500015258789,146.56922912597656,18.735382080078125,833.6986083984375,65.71926879882812,283.7732238769531,138.58641052246094,91.71714782714844,13.761609077453613,31.821277618408203,85.54632568359375,19.571855545043945,153.97608947753906,52.984161376953125,108.83177947998047,285.5573425292969,67.95389556884766,214.77740478515625,157.22166442871094,41.28888702392578,29.703092575073242,66.05651092529297,148.2821502685547,28.702877044677734
2025-03-18,203.5878143310547,89.81452941894531,198.8443145751953,63.62234115600586,126.30999755859375,99.05950164794922,112.87091064453125,78.36000061035156,143.49017333984375,18.698843002319336,818.14794921875,65.20335388183594,282.45965576171875,139.80564880371094,91.12698364257812,13.55473518371582,32.037750244140625,84.07817077636719,19.77002716064453,151.94482421875,52.965553283691406,107.8243408203125,283.74176025390625,67.94436645507812,216.9650421142578,155.28065490722656,40.856048583984375,29.876792907714844,65.51844787597656,147.01756286621094,28.607074737548828
2025-03-19,202.53607177734375,89.17555236816406,199.40228271484375,64.04084777832031,128.72999572753906,98.50257110595703,113.10685729980469,79.4000015258789,145.83566284179688,18.66230583190918,831.831298828125,65.44725036621094,282.7903747558594,138.73764038085938,91.36116790771484,13.599708557128906,31.858919143676758,85.02816009521484,19.78890037536621,151.4486541748047,52.482032775878906,108.39043426513672,281.004150390625,68.57225799560547,213.6981658935547,155.28065490722656,40.997188568115234,29.602527618408203,64.93233489990234,145.8313751220703,28.65497398376465
2025-03-20,203.01930236816406,88.52742767333984,200.02647399902344,63.67814636230469,130.1300048828125,98.72911071777344,113.3050537109375,79.0199966430664,146.14453125,18.58922576904297,828.3204345703125,65.82245635986328,285.4647521972656,137.86810302734375,91.1644515991211,13.455795288085938,32.037750244140625,84.85543060302734,19.732280731201172,152.17881774902344,52.5006217956543,107.52690887451172,281.8216247558594,68.5342025756836,214.84547424316406,154.95086669921875,41.06306076049805,29.660903930664062,65.05724334716797,144.97850036621094,28.846582412719727
2025-03-21,204.8763885498047,87.87931060791016,198.19174194335938,63.55723571777344,129.77999877929688,100.42825317382812,112.51225280761719,78.45999908447266,145.1503448486328,18.296913146972656,811.6610717773438,65.4847640991211,283.55584716796875,135.91163635253906,89.0848617553711,13.212944030761719,31.877750396728516,84.00140380859375,19.5812931060791,150.9619140625,51.88690948486328,104.02487182617188,276.74566650390625,68.0204849243164,215.4969024658203,152.7366180419922,40.79959487915039,29.21613121032715,64.2309341430664,143.63548278808594,27.95560646057129
2025-03-24,201.62648010253906,89.0477523803711,202.73133850097656,64.61746215820312,133.8699951171875,98.46480560302734,114.7962875366211,80.13999938964844,150.0826416015625,18.680574417114258,829.020751953125,66.93873596191406,288.4320068359375,137.98153686523438,92.04499816894531,13.50976276397705,32.225990295410156,86.44833374023438,20.128625869750977,153.24595642089844,52.3332405090332,105.79029083251953,280.3482666015625,68.91473388671875,212.628662109375,156.52439880371094,41.69350051879883,29.62384033203125,65.53765869140625,146.89012145996094,28.31966209411621
2025-03-25,198.499755859375,87.61459350585938,201.1235809326172,63.7153434753418,133.77000427246094,94.82111358642578,114.41876983642578,80.2300033569336,146.15419006347656,18.415668487548828,818.1089477539062,66.62918090820312,286.3435363769531,136.6583251953125,91.54852294921875,13.311883926391602,32.065982818603516,84.31807708740234,19.996511459350586,152.6187744140625,51.74742889404297,104.80204772949219,274.8540344238281,68.66738891601562,208.3700714111328,156.18519592285156,41.477081298828125,29.318058013916016,64.98038482666016,145.25299072265625,27.974769592285156
2025-03-26,198.9924774169922,87.75151062011719,202.47598266601562,64.09664916992188,132.6199951171875,95.42523956298828,115.34370422363281,80.37000274658203,144.2044219970703,18.55268669128418,808.2183837890625,67.13572692871094,289.386474609375,137.59400939941406,91.34242248535156,13.320878028869629,32.34833908081055,83.51201629638672,20.015382766723633,153.98545837402344,52.59361267089844,106.62500762939453,277.1258850097656,69.28575134277344,208.74925231933594,158.71983337402344,41.73113250732422,29.558979034423828,65.50882720947266,146.89993286132812,28.185535430908203
2025-03-27,202.80137634277344,87.36811828613281,201.5775146484375,63.53865051269531,131.52000427246094,96.84117889404297,115.08887481689453,80.12999725341797,139.90916442871094,18.470470428466797,802.6360473632812,66.84492492675781,288.0351257324219,137.2254180908203,90.65860748291016,13.069031715393066,32.42427062988281,82.05345916748047,19.826648712158203,154.68751525878906,52.22166061401367,106.26042175292969,277.4870910644531,68.86717224121094,210.38270568847656,156.27000427246094,41.599395751953125,29.54044532775879,65.30706787109375,146.96853637695312,28.348403930664062
2025-03-28,204.2415771484375,87.2677001953125,201.99366760253906,62.94343566894531,129.4600067138672,97.79458618164062,115.42864990234375,79.30999755859375,137.1582794189453,18.443073272705078,780.9390258789062,66.95748901367188,289.1691589355469,137.4805908203125,90.79912567138672,12.835175514221191,32.71852493286133,81.66004180908203,19.75115394592285,155.2959747314453,52.640098571777344,105.97257995605469,279.8159484863281,69.32382202148438,210.82994079589844,154.79067993164062,41.909915924072266,29.660903930664062,66.06612396240234,150.399658203125,28.128053665161133
2025-03-31,206.17445373535156,85.62935638427734,204.6540985107422,63.40583419799805,130.77999877929688,98.3893051147461,116.42823791503906,79.2300033569336,138.306884765625,18.470470428466797,792.9496459960938,67.80337524414062,292.16156005859375,140.34437561035156,91.63282775878906,12.96288776397705,33.0792121887207,82.5620346069336,20.0436954498291,156.8686065673828,53.94192123413086,107.25826263427734,284.4927062988281,70.1705093383789,213.91207885742188,156.48672485351562,42.50271224975586,30.226137161254883,66.53054809570312,150.19378662109375,28.051408767700195
2025-04-01,207.91783142089844,84.3705062866211,204.54920959472656,63.188785552978516,131.00999450683594,98.74799346923828,116.06648254394531,79.18000030517578,140.97091674804688,18.287778854370117,794.5057373046875,67.51920318603516,291.1513366699219,139.7300262451172,91.88861846923828,13.172701835632324,32.794456481933594,83.377685546875,19.94932746887207,156.7749786376953,53.38980484008789,106.93204498291016,284.0839538574219,69.98974609375,214.3107147216797,156.8541717529297,42.50271224975586,30.059349060058594,67.02400207519531,151.11524963378906,27.917285919189453
2025-04-02,206.4586944580078,85.4627456665039,205.59812927246094,64.00035095214844,133.2899932861328,97.99282836914062,116.90423583984375,79.91999816894531,143.50946044921875,18.324321746826172,808.70458984375,67.85073852539062,292.761962890625,139.38034057617188,93.86869049072266,13.36427116394043,32.870391845703125,84.53876495361328,20.24186897277832,157.26174926757812,53.36178207397461,107.78596496582031,282.2493591308594,71.1028060913086,213.26065063476562,160.5666046142578,42.681495666503906,29.827693939208984,67.14012145996094,150.0663299560547,28.243017196655273
2025-04-03,216.2084197998047,79.83496856689453,196.30087280273438,59.074344635009766,123.83999633789062,101.06070709228516,113.18195343017578,76.3499984741211,136.18341064453125,17.776233673095703,779.421875,64.93324279785156,280.5158386230469,136.2519073486328,87.8053207397461,12.13275146484375,32.262916564941406,79.74088287353516,18.939594268798828,153.18043518066406,53.30573272705078,97.47174835205078,280.16766357421875,68.58177185058594,224.4710693359375,144.33184814453125,41.1195182800293,29.336589813232422,67.34331512451172,149.42913818359375,26.279037475585938
2025-04-04,208.6094970703125,75.23461151123047,182.7983856201172,57.01712417602539,118.08000183105469,95.32140350341797,105.12812805175781,72.62000274658203,132.71826171875,16.83535385131836,745.1597290039062,60.42438507080078,258.2918701171875,130.62831115722656,84.40413665771484,11.986794471740723,30.886592864990234,74.06978607177734,18.231834411621094,143.29541015625,51.521400451660156,94.24796295166016,270.4624328613281,65.42333984375,213.8148651123047,137.6136932373047,38.05201721191406,28.345111846923828,63.385929107666016,140.4690399169922,25.15812873840332
2025-04-07,202.1855010986328,72.02268981933594,180.0426025390625,55.19581985473633,117.1500015258789,92.70662689208984,102.86238861083984,75.75,131.91712951660156,16.625255584716797,727.1972045898438,59.22138977050781,250.05799865722656,125.11811828613281,82.01668548583984,11.786102294921875,29.84248161315918,74.39603424072266,18.043100357055664,141.07688903808594,49.44746017456055,90.68834686279297,262.0594787597656,64.2531967163086,208.4867401123047,135.06024169921875,36.866424560546875,27.576021194458008,62.0797004699707,136.0772705078125,24.410860061645508
2025-04-08,193.91390991210938,71.21742248535156,178.53594970703125,53.65762710571289,113.94000244140625,89.51603698730469,101.41536712646484,73.2300033569336,131.37660217285156,16.433427810668945,719.7378540039062,58.558319091796875,242.68173217773438,119.66463470458984,79.16499328613281,11.585409164428711,28.978721618652344,73.8202896118164,17.64675521850586,140.38417053222656,48.83089065551758,86.12132263183594,253.1432647705078,62.29344940185547,202.78916931152344,132.2617950439453,35.84078598022461,27.251707077026367,61.286285400390625,133.8029327392578,23.778553009033203
2025-04-09,196.58583068847656,74.80882263183594,191.08486938476562,58.12123107910156,121.2699966430664,90.18624877929688,106.3466796875,78.69999694824219,140.70066833496094,17.027183532714844,775.52197265625,63.3324089050293,259.1686706542969,128.2465362548828,85.62628936767578,12.972010612487793,30.63031005859375,81.07469940185547,19.02452278137207,147.76051330566406,50.42838668823242,94.23835754394531,268.3332214355469,66.27002716064453,206.2602081298828,144.33184814453125,38.64482116699219,28.530437469482422,63.46332931518555,138.7045135498047,25.445541381835938
2025-04-10,197.38172912597656,69.02367401123047,184.6006317138672,56.2999267578125,116.6500015258789,89.82754516601562,102.87191772460938,75.41999816894531,137.3416748046875,16.597848892211914,749.5652465820312,60.87905502319336,250.496337890625,124.60773468017578,84.2809829711914,12.269587516784668,30.032318115234375,78.3302993774414,18.656492233276367,144.97097778320312,50.587196350097656,91.04335021972656,264.3218688964844,65.09037017822266,206.3185577392578,139.1589813232422,37.47520065307617,27.87253761291504,63.4730110168457,139.01820373535156,24.736591339111328
2025-04-11,203.68663024902344,71.19889068603516,184.03802490234375,57.2247314453125,115.94999694824219,91.2529296875,102.7481689453125,77.38999938964844,140.0443115234375,16.588716506958008,755.4879760742188,61.22953414916992,251.0967559814453,126.52637481689453,85.5125961303711,12.506769180297852,30.48792839050293,80.06714630126953,18.996212005615234,144.4374237060547,51.586795806884766,92.32904052734375,266.4796447753906,66.0226821899414,213.10508728027344,139.63951110839844,37.52275085449219,28.77135467529297,63.96646499633789,139.86126708984375,24.717430114746094
2025-04-14,208.05227661132812,73.77212524414062,191.5902557373047,59.30082702636719,119.01000213623047,94.24528503417969,105.84213256835938,79.52999877929688,141.22190856933594,17.09112548828125,762.3345947265625,63.389244079589844,259.8453063964844,130.117919921875,87.42634582519531,12.570625305175781,31.03845977783203,80.9787368774414,19.14720344543457,148.30343627929688,52.56770706176758,94.31511688232422,274.454833984375,66.98352813720703,218.50125122070312,141.21304321289062,38.787452697753906,29.271728515625,65.21464538574219,142.7238006591797,25.024003982543945
2025-04-15,208.262451171875,73.23527526855469,191.1897735595703,60.00858688354492,118.68000030517578,94.87774658203125,105.99444580078125,80.51000213623047,141.1446533203125,17.145933151245117,765.8550415039062,63.483970642089844,260.5409851074219,130.6566619873047,87.44530487060547,12.397299766540527,31.294740676879883,79.93280029296875,19.14720344543457,146.38958740234375,53.259029388427734,94.48782348632812,274.62591552734375,66.93595886230469,218.6373748779297,140.74192810058594,39.0537109375,29.697969436645508,65.58232116699219,143.70411682128906,24.765335083007812
2025-04-16,208.25289916992188,71.38402557373047,190.77020263671875,59.51787567138672,117.20999908447266,95.57628631591797,104.90917205810547,79.0199966430664,143.02685546875,16.972375869750977,757.2871704101562,63.512386322021484,259.1210021972656,130.63775634765625,87.2273941040039,12.233098983764648,31.361181259155273,79.28987884521484,19.02452278137207,145.37831115722656,53.4925651550293,96.22444915771484,274.7399597167969,66.79325103759766,219.4152069091797,139.4981689453125,38.863521575927734,29.697969436645508,65.43717956542969,142.76300048828125,24.516244888305664
2025-04-17,212.7045440673828,72.05046844482422,193.93603515625,60.28225326538086,117.62000274658203,97.78515625,106.8893051147461,79.69999694824219,145.5074920654297,17.222213745117188,768.4420166015625,64.63957977294922,262.3517150878906,133.4353790283203,88.79061889648438,12.46115779876709,31.911712646484375,80.8060073852539,19.4303035736084,148.4593963623047,54.48283386230469,97.96107482910156,281.3748779296875,68.1727066040039,222.7112579345703,141.7124481201172,39.26290512084961,30.152009963989258,65.72745513916016,144.3707275390625,24.727012634277344
2025-04-21,208.24334716796875,70.097412109375,192.41986083984375,59.0460319519043,115.55999755859375,96.40696716308594,105.4898910522461,77.80999755859375,141.25083923339844,16.9466552734375,751.9577026367188,63.93864059448242,258.1584777832031,130.6188507080078,87.43583679199219,12.324321746826172,31.702890396118164,78.31111907958984,18.958465576171875,146.3234405517578,54.146507263183594,94.6317367553711,273.3426208496094,67.33552551269531,219.29855346679688,138.697265625,38.73991012573242,29.790634155273438,64.64376831054688,140.82196044921875,23.654006958007812
2025-04-22,211.09010314941406,70.58798217773438,196.85394287109375,60.32944107055664,118.19000244140625,98.52145385742188,107.72705841064453,80.87000274658203,143.71217346191406,17.277318954467773,769.3853759765625,65.2931900024414,263.38092041015625,134.04971313476562,88.64850616455078,12.6071138381958,32.31986618041992,79.6737060546875,19.29819107055664,149.63134765625,54.669673919677734,95.89823150634766,282.0022277832031,68.80057525634766,225.005859375,142.00454711914062,39.50063705444336,30.550453186035156,66.07579040527344,144.3511199951172,24.200090408325195
2025-04-23,203.0943603515625,71.24517822265625,196.83486938476562,61.61284637451172,122.05000305175781,96.5485610961914,108.5552978515625,81.83000183105469,146.31826782226562,17.286508560180664,787.2214965820312,65.71945190429688,264.06707763671875,133.54879760742188,89.6906509399414,12.561503410339355,32.224945068359375,80.82521057128906,19.35481071472168,150.76548767089844,54.23059844970703,97.36620330810547,280.6334228515625,68.45809936523438,217.6942596435547,144.42608642578125,39.747867584228516,30.318801879882812,66.41443634033203,144.7432098388672,24.24799156188965
2025-04-24,201.4799041748047,71.51360321044922,197.13046264648438,62.3111686706543,122.87999725341797,95.10430908203125,108.54576110839844,83.22000122070312,148.4031524658203,17.277318954467773,794.7391357421875,65.65314483642578,263.60009765625,134.07809448242188,90.48646545410156,12.7074613571167,32.149009704589844,81.87113952636719,19.27931785583496,150.70877075195312,53.38980484008789,99.16999053955078,279.2646484375,67.97290802001953,216.6636505126953,147.17742919921875,39.5291633605957,30.077878952026367,66.19189453125,144.8412628173828,24.430017471313477
2025-04-25,201.39393615722656,70.23625183105469,196.2055206298828,62.14130401611328,120.7300033569336,94.57569122314453,108.52672576904297,82.81999969482422,154.31996154785156,16.377172470092773,815.0746459960938,64.91429138183594,262.5517883300781,133.31251525878906,89.41590118408203,12.661850929260254,32.06357955932617,84.17413330078125,19.203821182250977,150.63314819335938,53.146915435791016,98.09539031982422,276.52703857421875,67.94436645507812,215.93443298339844,147.61085510253906,39.27241897583008,29.855493545532227,65.95000457763672,144.0668182373047,23.768972396850586
2025-04-28,201.85247802734375,71.25444030761719,198.1508026123047,62.509334564208984,121.36000061035156,95.26477813720703,108.73617553710938,81.73999786376953,154.7736358642578,16.303693771362305,821.473876953125,65.65314483642578,264.5245361328125,134.12533569335938,89.76643371582031,12.753071784973145,32.28189468383789,84.89381408691406,19.335935592651367,151.63499450683594,53.473899841308594,99.13162231445312,277.66766357421875,68.33441925048828,217.09144592285156,149.3539581298828,39.55768585205078,29.8740291595459,66.27897644042969,146.1156768798828,24.49708366394043
2025-04-29,211.43402099609375,67.17242431640625,197.5595703125,61.45241928100586,121.75,97.88898468017578,107.57474517822266,82.69999694824219,154.31031799316406,16.31287956237793,828.25244140625,65.86153411865234,262.227783203125,133.67164611816406,89.0558853149414,12.798685073852539,31.940189361572266,84.701904296875,18.94902992248535,148.84690856933594,53.60468673706055,98.9205322265625,278.504150390625,68.35344696044922,231.8896026611328,147.7427520751953,39.215362548828125,29.892555236816406,66.89822387695312,148.49783325195312,24.70785140991211
2025-04-30,215.33160400390625,67.25575256347656,200.22955322265625,60.14070510864258,122.18000030517578,99.83354949951172,108.33633422851562,74.16999816894531,154.95701599121094,16.3863582611084,837.1024780273438,66.55301666259766,266.0302429199219,138.4824676513672,89.0748291015625,12.880786895751953,32.4527473449707,86.04530334472656,18.85466194152832,150.8883514404297,54.0531005859375,98.05701446533203,285.5763244628906,68.66738891601562,236.65379333496094,148.2892608642578,39.82394027709961,29.6701717376709,67.80775451660156,149.5859832763672,24.822816848754883
2025-05-01,214.0133056640625,67.95921325683594,199.2950439453125,60.659725189208984,123.5199966430664,100.34329223632812,109.31687927246094,76.58000183105469,156.25042724609375,16.33125114440918,838.2888793945312,66.89403533935547,271.1002197265625,140.14588928222656,90.24961853027344,13.254803657531738,33.32600402832031,88.1371841430664,19.77002716064453,153.175537109375,53.657955169677734,98.90135192871094,285.1676025390625,68.89570617675781,234.06752014160156,149.69317626953125,40.50859451293945,29.197599411010742,63.414955139160156,147.37045288085938,24.736591339111328
2025-05-02,213.60250854492188,68.9311294555664,202.34646606445312,61.38636779785156,126.56999969482422,100.88135528564453,115.06689453125,77.95999908447266,158.8275604248047,16.358806610107422,851.7874145507812,67.93598937988281,279.0577697753906,141.35568237304688,91.44334411621094,13.491985321044922,33.66770935058594,91.88912963867188,19.93045425415039,158.56272888183594,53.46085739135742,101.13689422607422,285.3101501464844,69.47602081298828,235.25372314453125,152.42567443847656,41.6591911315918,29.364389419555664,64.4018783569336,147.75279235839844,25.06232452392578
2025-05-05,213.86045837402344,68.07029724121094,200.26771545410156,61.093814849853516,125.95999908447266,100.98518371582031,113.48658752441406,77.0999984741211,160.84487915039062,16.147546768188477,858.9453735351562,67.09294128417969,274.759765625,141.18557739257812,89.65274810791016,13.455496788024902,33.21209716796875,93.24213409423828,19.552980422973633,156.2660675048828,53.44208908081055,101.06013488769531,285.49078369140625,68.95279693603516,235.24398803710938,151.5682373046875,40.91748046875,29.549711227416992,64.4599380493164,147.95863342285156,24.746171951293945
2025-05-06,213.80313110351562,66.24681091308594,198.217529296875,60.37662124633789,123.87999725341797,100.4565658569336,113.27716064453125,74.58999633789062,160.83522033691406,16.018957138061523,851.3305053710938,66.81824493408203,272.77752685546875,139.14404296875,89.73802185058594,13.209190368652344,33.126670837402344,93.00224304199219,19.449180603027344,155.6139373779297,53.30131149291992,100.26378631591797,283.2474670410156,68.47711181640625,236.09959411621094,150.91807556152344,40.7273063659668,29.22539710998535,63.69554901123047,147.53712463378906,24.46834373474121
2025-05-07,209.67630004882812,66.54302215576172,198.2366180419922,60.442684173583984,125.01000213623047,98.8801498413086,113.27716064453125,75.33999633789062,161.36610412597656,15.844435691833496,848.5101318359375,66.83719635009766,271.5481262207031,139.1534881591797,90.2022476196289,13.318660736083984,33.126670837402344,93.3764877319336,19.48692512512207,155.7746124267578,53.25437927246094,100.78189849853516,285.07257080078125,68.50566101074219,233.64942932128906,152.1429901123047,40.62269973754883,29.336589813232422,63.92776870727539,148.36058044433594,24.736591339111328
2025-05-08,208.13829040527344,68.20913696289062,194.9563446044922,59.96140670776367,125.52999877929688,97.49252319335938,111.84916687011719,75.8499984741211,160.90280151367188,15.973026275634766,837.3358154296875,66.00361633300781,268.4127502441406,139.34251403808594,90.22120666503906,13.546719551086426,32.813438415527344,92.82951354980469,19.515235900878906,152.78805541992188,52.79447937011719,101.21366119384766,285.8330078125,68.4010238647461,230.0616912841797,153.59405517578125,39.96657943725586,29.262460708618164,63.45365905761719,145.33140563964844,24.851558685302734
2025-05-09,210.13482666015625,68.56087493896484,195.9862060546875,60.59366226196289,126.58999633789062,99.11614990234375,112.3156509399414,74.56999969482422,160.77731323242188,16.046506881713867,840.6424560546875,66.2499008178711,269.4039001464844,140.27822875976562,88.5821762084961,13.47374153137207,33.00327682495117,93.14618682861328,19.647350311279297,154.07339477539062,53.20744323730469,102.57609558105469,289.0363464355469,68.85765075683594,233.04661560058594,153.76365661621094,40.21381378173828,29.521913528442383,63.86971664428711,146.24310302734375,25.110227584838867
2025-05-12,198.62359619140625,68.70897674560547,198.9040985107422,62.84906768798828,132.69000244140625,94.84942626953125,113.23908233642578,75.37999725341797,160.22714233398438,16.119993209838867,846.5553588867188,67.15925598144531,272.84423828125,140.72244262695312,93.04444885253906,14.322120666503906,32.73750686645508,93.98101043701172,20.355106353759766,154.64991760253906,52.50352096557617,105.85745239257812,290.09149169921875,70.23709869384766,223.30435180664062,161.53709411621094,40.480064392089844,29.206863403320312,63.018245697021484,142.76300048828125,25.838336944580078
2025-05-13,194.8406524658203,67.01508331298828,195.1947479248047,62.32060623168945,131.36000061035156,92.81046295166016,111.60165405273438,75.18000030517578,160.03408813476562,15.844435691833496,844.9215087890625,65.91836547851562,267.6026916503906,138.95501708984375,91.81282806396484,14.376855850219727,32.01612091064453,93.44364929199219,20.25130271911621,152.0980987548828,51.67757797241211,105.25297546386719,287.1922912597656,69.49505615234375,219.56106567382812,151.5870819091797,39.6052360534668,29.058605194091797,62.09905242919922,142.41990661621094,25.570087432861328
2025-05-14,195.3565216064453,65.70995330810547,192.23867797851562,62.386661529541016,129.05999755859375,92.72551727294922,110.18319702148438,75.69000244140625,159.90863037109375,15.587249755859375,835.6046752929688,65.41633605957031,265.54425048828125,137.81138610839844,90.21172332763672,14.13967227935791,31.769332885742188,93.21334838867188,19.91158103942871,149.65023803710938,51.18952178955078,103.23812103271484,283.4470520019531,68.68640899658203,216.5566864013672,151.8697509765625,39.14879608154297,28.817686080932617,61.673316955566406,141.22821044921875,24.928203582763672
2025-05-15,202.21546936035156,66.23755645751953,196.03387451171875,63.20766830444336,130.27000427246094,95.12317657470703,112.32516479492188,76.05000305175781,161.95489501953125,15.899547576904297,843.4140625,67.12136840820312,272.0151062011719,140.429443359375,91.62334442138672,14.048450469970703,32.30087661743164,95.47795867919922,20.185243606567383,152.0697479248047,51.99668884277344,104.80204772949219,289.9013977050781,69.05743408203125,222.74041748046875,153.61288452148438,39.842960357666016,29.308792114257812,62.72798156738281,144.6653594970703,25.35931968688965
2025-05-16,203.8394775390625,67.43161010742188,198.43687438964844,64.01921844482422,131.61000061035156,96.58631896972656,113.88642120361328,76.98999786376953,164.1363067626953,16.285320281982422,851.8556518554688,67.784423828125,275.1409606933594,143.43499755859375,92.79812622070312,14.194408416748047,32.67106246948242,96.54308319091797,20.46834945678711,154.24351501464844,52.785091400146484,106.06852722167969,293.8652038574219,70.22758483886719,226.6198272705078,155.5821533203125,40.33742904663086,29.744298934936523,63.50203323364258,146.4676513671875,25.598827362060547
2025-05-19,205.51121520996094,68.5423583984375,198.93270874023438,64.07585144042969,130.49000549316406,97.20933532714844,113.34378814697266,76.91000366210938,164.85055541992188,16.370315551757812,853.4602661132812,67.58551025390625,273.0252990722656,144.21946716308594,92.64655303955078,14.066693305969238,32.65208053588867,96.97489166259766,20.44947624206543,152.48558044433594,52.79447937011719,106.16448211669922,294.1598815917969,70.44640350341797,228.9824676513672,154.98855590820312,40.15675735473633,29.790634155273438,63.3665657043457,148.368408203125,25.388059616088867
2025-05-20,205.76914978027344,66.81144714355469,198.9040985107422,63.79274368286133,128.32000732421875,97.15269470214844,113.12484741210938,76.37000274658203,164.21351623535156,16.157833099365234,851.8264770507812,67.35816955566406,273.98785400390625,143.71853637695312,91.3675537109375,13.81126880645752,32.57614517211914,96.47591400146484,20.10031509399414,151.54994201660156,52.74755096435547,104.32231140136719,292.6009826660156,69.57115173339844,227.30043029785156,153.52806091308594,39.93804931640625,29.5775089263916,62.86343002319336,148.92977905273438,25.110227584838867
2025-05-21,204.17381286621094,63.469940185546875,192.3721923828125,61.32973861694336,120.87000274658203,95.83114624023438,109.98326873779297,73.95999908447266,161.47225952148438,15.548102378845215,840.0346069335938,65.2931900024414,264.77227783203125,137.433349609375,88.92324829101562,13.464618682861328,31.873743057250977,92.23457336425781,19.449180603027344,147.4764404296875,51.85590362548828,100.42689514160156,281.23223876953125,67.86827087402344,225.4725341796875,148.9864959716797,38.65433120727539,29.058605194091797,61.55720520019531,146.0540008544922,24.123449325561523
2025-05-22,200.8685302734375,63.50697326660156,190.57948303222656,60.99000549316406,120.43000030517578,94.32080841064453,108.90752410888672,74.13999938964844,162.10931396484375,15.538863182067871,847.2310180664062,64.69641876220703,260.89361572265625,136.837890625,88.73377227783203,13.528473854064941,31.41813087463379,91.92752075195312,19.449180603027344,145.93592834472656,51.790199279785156,100.82986450195312,281.1562194824219,67.62091827392578,223.01060485839844,148.82632446289062,38.131324768066406,28.910348892211914,61.58623504638672,144.67518615722656,24.190509796142578
2025-05-23,202.38742065429688,62.78499221801758,188.83445739746094,60.97114181518555,121.12999725341797,94.54736328125,107.6032943725586,73.98999786376953,162.2733917236328,15.557342529296875,844.258544921875,64.0428466796875,256.8052062988281,137.73577880859375,87.6916275024414,13.409883499145508,31.332704544067383,92.3209457397461,19.326499938964844,144.37648010253906,52.118709564208984,99.82243347167969,282.0307922363281,67.55433654785156,224.2318115234375,147.71450805664062,37.53226089477539,29.160533905029297,62.04099655151367,146.9108123779297,24.171348571777344
2025-05-27,204.14515686035156,65.1268081665039,192.10519409179688,63.31145477294922,123.91000366210938,94.9155044555664,109.55488586425781,74.61000061035156,164.744384765625,16.02849578857422,857.3116455078125,64.99954986572266,261.6941223144531,139.80564880371094,90.11698913574219,14.112306594848633,31.683908462524414,93.3764877319336,19.826648712158203,145.76580810546875,52.71000289916992,102.29784393310547,285.3006896972656,68.62933349609375,225.6874542236328,150.955810546875,38.074275970458984,29.41998291015625,62.94084167480469,150.16085815429688,24.746171951293945
2025-05-28,202.96060180664062,64.4881362915039,192.6010284423828,63.95315933227539,123.68000030517578,94.05650329589844,110.04039001464844,74.23999786376953,163.68263244628906,16.083927154541016,861.0369262695312,65.36897277832031,265.0963439941406,140.34437561035156,89.85171508789062,14.066693305969238,31.5130558013916,93.35729217529297,19.798337936401367,146.3234405517578,52.41904830932617,103.5451431274414,287.2207946777344,68.13463592529297,223.75308227539062,151.8980255126953,38.692359924316406,29.21613121032715,62.292564392089844,149.40252685546875,24.803653717041016
2025-05-29,204.1547088623047,65.95061492919922,196.4534454345703,64.97234344482422,124.66999816894531,94.7267074584961,111.29701232910156,74.06999969482422,166.26942443847656,16.1855525970459,867.6954345703125,66.28778839111328,268.822509765625,142.53712463378906,90.92227935791016,14.121428489685059,31.79781150817871,93.84667205810547,20.147499084472656,147.20237731933594,52.8977165222168,104.80204772949219,290.88995361328125,68.86717224121094,224.9352264404297,153.80133056640625,39.29143142700195,29.345855712890625,62.07002258300781,150.7517852783203,24.947362899780273
2025-05-30,205.0526580810547,64.9694595336914,197.1686248779297,63.5379524230957,125.0199966430664,94.7267074584961,111.84916687011719,73.55999755859375,165.55517578125,16.083927154541016,869.0546264648438,66.4393539428711,270.5570373535156,142.8584442138672,90.45805358886719,14.130550384521484,31.987648010253906,94.71987915039062,20.06256866455078,148.052978515625,53.14175033569336,104.19758605957031,293.1618347167969,68.63885498046875,226.5471954345703,153.65057373046875,39.396034240722656,29.382919311523438,62.195804595947266,151.9434356689453,25.024627685546875
2025-06-02,204.53680419921875,64.42333984375,197.53097534179688,63.78329849243164,124.55999755859375,94.29249572753906,112.1728515625,73.2699966430664,166.7134552001953,16.083927154541016,870.6874389648438,66.24043273925781,271.28131103515625,144.5975341796875,90.42015838623047,14.084938049316406,31.959171295166016,95.44916534423828,19.977636337280273,147.1267547607422,53.35770797729492,104.34149932861328,294.45452880859375,68.44857025146484,225.73629760742188,153.49981689453125,39.377017974853516,29.438518524169922,62.011962890625,152.8691864013672,24.792827606201172
2025-06-03,203.84901428222656,65.07128143310547,194.48910522460938,66.41616821289062,124.94000244140625,94.26417541503906,112.04908752441406,75.69000244140625,167.69798278808594,15.843734741210938,874.9407348632812,65.26477813720703,267.63128662109375,141.7053985595703,90.13592529296875,14.294754028320312,31.75035285949707,95.91935729980469,19.864397048950195,144.05514526367188,52.82016372680664,104.60054779052734,288.3139343261719,68.05854034423828,224.1927032470703,152.43508911132812,39.07272720336914,29.41071891784668,61.19920349121094,149.89492797851562,24.976335525512695
2025-06-04,204.77566528320312,65.3211898803711,195.10891723632812,67.21829986572266,127.41000366210938,94.61344909667969,111.93486022949219,77.05999755859375,169.87937927246094,15.797541618347168,891.9147338867188,65.36897277832031,269.4705810546875,141.4596405029297,90.13592529296875,14.112306594848633,31.551023483276367,96.15924835205078,19.779464721679688,143.52586364746094,52.735286712646484,104.03446960449219,288.2949523925781,68.18221282958984,225.43345642089844,152.28433227539062,39.11075973510742,29.077136993408203,61.1314697265625,149.74720764160156,25.391643524169922
2025-06-05,206.552490234375,64.37706756591797,193.54505920410156,67.76563262939453,127.63999938964844,94.66064453125,110.18319702148438,78.19999694824219,169.79251098632812,15.779065132141113,889.5093383789062,64.84798431396484,265.0677490234375,141.2328338623047,89.50117492675781,14.021081924438477,31.266265869140625,97.18598937988281,19.647350311279297,141.59783935546875,52.65041732788086,103.44920349121094,285.6048278808594,67.77313232421875,224.35879516601562,151.46456909179688,38.96812057495117,29.14200210571289,61.247581481933594,150.71237182617188,25.78763198852539
2025-06-06,203.03700256347656,65.28417205810547,193.71670532226562,69.94554138183594,128.57000732421875,93.40516662597656,110.26886749267578,78.5199966430664,170.69017028808594,15.945351600646973,894.0950927734375,64.88587951660156,265.97308349609375,141.61087036132812,91.34860229492188,14.376855850219727,31.503559112548828,98.07839965820312,20.048511505126953,141.66395568847656,52.810733795166016,104.37987518310547,287.9337463378906,68.50566101074219,220.4802703857422,152.7366180419922,39.0537109375,29.160533905029297,61.57655334472656,152.11087036132812,25.816606521606445
2025-06-09,203.31407165527344,66.4134292602539,197.31166076660156,68.49227142333984,128.83999633789062,93.47124481201172,111.89677429199219,78.91999816894531,170.5357208251953,15.95459270477295,887.2996215820312,65.66261291503906,270.3854675292969,142.18740844726562,91.66124725341797,14.522812843322754,31.503559112548828,97.12842559814453,20.10582160949707,142.71307373046875,53.574607849121094,104.51421356201172,287.6200256347656,68.64836883544922,219.80618286132812,153.13754272460938,39.44357681274414,29.6701717376709,60.618656158447266,148.03355407714844,26.087039947509766
2025-06-10,205.0144805908203,67.87591552734375,198.31289672851562,68.78480529785156,132.85000610351562,94.29249572753906,112.43940734863281,81.06999969482422,171.51060485839844,16.259456634521484,887.1627807617188,66.30673217773438,274.3404235839844,143.3026885986328,92.69390869140625,14.659647941589355,31.911712646484375,96.97489166259766,20.24909210205078,143.52586364746094,54.08384704589844,105.05149841308594,288.98883056640625,69.133544921875,220.94920349121094,153.58619689941406,39.890506744384766,30.06861686706543,61.392723083496094,148.6146240234375,26.637561798095703
2025-06-11,204.77566528320312,67.74633026123047,196.94927978515625,68.86974334716797,133.8300018310547,93.85826873779297,111.78253173828125,81.79000091552734,169.7249298095703,16.17630958557129,873.8261108398438,65.61524963378906,272.7393798828125,142.0267333984375,91.3864974975586,14.568425178527832,31.626956939697266,96.89812469482422,20.048511505126953,142.10818481445312,54.47049331665039,104.10162353515625,285.3196716308594,68.21612548828125,219.57171630859375,152.45022583007812,39.5291633605957,30.096412658691406,61.35401916503906,147.96461486816406,26.425079345703125
2025-06-12,207.96632385253906,67.6259994506836,199.13296508789062,69.34158325195312,135.52000427246094,94.42465209960938,112.80115509033203,82.37000274658203,170.3909454345703,16.167072296142578,876.4856567382812,66.46776580810547,276.132080078125,142.25357055664062,91.5570297241211,14.31299877166748,32.01612091064453,98.36628723144531,20.077165603637695,143.1383514404297,54.65910339355469,104.0440673828125,284.83001708984375,68.26414489746094,222.81521606445312,151.58154296875,39.8809928894043,30.198339462280273,61.65396499633789,149.60931396484375,26.367128372192383
2025-06-13,206.8109588623047,66.74665832519531,196.60598754882812,68.039306640625,132.97000122070312,93.8741226196289,110.5449447631836,81.16000366210938,169.57452392578125,16.056215286254883,872.7897338867188,65.2458267211914,271.0906677246094,141.39349365234375,90.27804565429688,13.884247779846191,31.835777282714844,97.48346710205078,19.89569091796875,141.62615966796875,54.35733413696289,102.93107604980469,283.19775390625,67.48601531982422,222.5807342529297,149.77732849121094,39.20585632324219,29.762828826904297,61.789424896240234,150.09190368652344,25.88421630859375
2025-06-16,206.98426818847656,67.23723602294922,197.5977325439453,68.71875,134.10000610351562,94.45613098144531,110.5830307006836,81.94000244140625,171.11990356445312,15.927971839904785,868.3994750976562,65.45421600341797,271.7482604980469,142.33941650390625,90.60962677001953,14.267387390136719,31.683908462524414,98.70677947998047,19.981653213500977,141.32373046875,54.1215705871582,102.48973083496094,282.8232727050781,67.63011932373047,224.81796264648438,150.69375610351562,39.139286041259766,29.78136444091797,60.78314208984375,148.2994842529297,25.78763198852539
2025-06-17,207.1383056640625,65.9228515625,196.720458984375,67.69956970214844,132.25999450683594,94.27484893798828,110.33551025390625,79.88999938964844,171.11990356445312,15.807165145874023,867.0404052734375,65.10374450683594,270.2139587402344,141.30747985839844,90.18330383300781,14.203530311584473,31.826284408569336,99.38372039794922,19.847932815551758,140.81336975097656,54.253597259521484,101.79232025146484,281.95916748046875,67.38034057617188,223.2548370361328,149.9969024658203,38.96812057495117,29.94815444946289,60.72509002685547,149.5699462890625,24.98599624633789
2025-06-18,207.4656524658203,65.6081314086914,196.93023681640625,67.6712646484375,133.47000122070312,94.81868743896484,110.06896209716797,79.56999969482422,171.64474487304688,15.844335556030273,867.12841796875,65.23635864257812,270.6618347167969,139.9315948486328,90.59069061279297,14.349488258361816,32.03510665893555,99.26768493652344,20.058061599731445,140.74722290039062,54.30075454711914,101.78263854980469,279.2226867675781,67.93753051757812,223.0594482421875,149.96826171875,39.101253509521484,30.364219665527344,60.66703414916992,150.86007690429688,25.082576751708984
2025-06-20,209.39126586914062,66.06169891357422,197.39744567871094,67.44479370117188,133.88999938964844,95.58197021484375,110.04039001464844,79.6500015258789,170.49786376953125,15.890800476074219,863.2467041015625,65.35002136230469,270.976318359375,139.56851196289062,90.45805358886719,14.294754028320312,32.01612091064453,97.99117279052734,19.9529972076416,140.406982421875,53.923526763916016,102.37349700927734,278.5217590332031,68.34100341796875,224.02664184570312,150.1305389404297,39.025184631347656,30.3078670501709,60.425140380859375,148.94949340820312,25.285400390625
2025-06-23,213.3869171142578,67.49640655517578,198.02684020996094,66.99181365966797,138.60000610351562,97.82411193847656,110.67823028564453,80.04000091552734,172.36398315429688,16.253223419189453,870.1887817382812,65.41633605957031,272.3677062988281,142.33941650390625,91.31070709228516,14.385977745056152,32.2913932800293,99.65450286865234,20.2681941986084,141.91917419433594,55.04575729370117,103.768310546875,283.01531982421875,69.4265365600586,228.72581481933594,151.8583526611328,39.35799789428711,30.815034866333008,61.47011947631836,151.78585815429688,25.67173194885254
2025-06-24,215.58212280273438,69.7641830444336,196.55833435058594,66.37842559814453,139.1300048828125,98.45382690429688,109.98326873779297,81.0,172.6750030517578,16.253223419189453,886.3414916992188,64.62501525878906,272.5869140625,141.91900634765625,91.20648956298828,14.294754028320312,32.11104202270508,101.7820053100586,20.28730010986328,140.9834747314453,54.67797088623047,104.73693084716797,283.82183837890625,68.84056091308594,231.14866638183594,152.8511505126953,38.96812057495117,30.815034866333008,61.295955657958984,151.9138946533203,25.739341735839844
2025-06-25,212.0293731689453,68.19987487792969,191.87632751464844,62.886810302734375,135.22000122070312,97.14669036865234,107.6318588256836,81.26000213623047,167.41680908203125,16.085952758789062,805.9791259765625,62.80702209472656,268.6510314941406,138.96653747558594,88.78113555908203,14.13967227935791,31.285249710083008,99.29668426513672,19.89569091796875,137.90240478515625,53.82923126220703,101.49205780029297,277.90728759765625,67.27467346191406,227.3189697265625,150.25462341308594,38.14084243774414,30.298471450805664,61.45077133178711,151.10629272460938,25.17915916442871
2025-06-26,209.42979431152344,68.69046020507812,194.65121459960938,63.943729400634766,138.08999633789062,95.7441635131836,108.84088897705078,81.5,164.83143615722656,16.243927001953125,728.9509887695312,64.54847717285156,274.1974792480469,139.1671905517578,89.85171508789062,14.331242561340332,31.52465057373047,97.58502197265625,20.077165603637695,139.36734008789062,53.94239807128906,101.11428833007812,277.0719909667969,67.76461791992188,225.38461303710938,153.30938720703125,38.815975189208984,30.232728958129883,61.276607513427734,151.15554809570312,25.420618057250977
2025-06-27,209.68011474609375,67.9129409790039,194.8896026611328,64.7364273071289,139.3800048828125,96.0303955078125,108.29825592041016,80.76000213623047,166.55178833007812,16.132413864135742,767.6508178710938,64.4432144165039,271.9960021972656,139.3678436279297,89.68118286132812,14.376855850219727,31.333131790161133,98.9292221069336,19.99120330810547,139.7359619140625,53.782081604003906,102.30570220947266,278.32977294921875,67.76461791992188,225.48231506347656,153.21392822265625,38.71137619018555,30.317256927490234,60.8411979675293,149.8260040283203,24.966678619384766
2025-06-30,212.7996368408203,68.45963287353516,195.7263641357422,64.59282684326172,140.1199951171875,98.01493835449219,108.27903747558594,80.4000015258789,169.43844604492188,16.271804809570312,777.7804565429688,64.57717895507812,272.5345764160156,140.8775177001953,89.99382781982422,14.192062377929688,31.40973472595215,99.19031524658203,20.077165603637695,139.8871612548828,54.329036712646484,101.8213882446289,281.7287292480469,68.42745971679688,229.42921447753906,153.4621124267578,38.82549285888672,30.617799758911133,61.57246398925781,151.40176391601562,24.812145233154297
2025-07-01,216.12130737304688,70.21282958984375,195.51475524902344,65.21510314941406,141.6199951171875,98.9594955444336,108.54808044433594,81.91000366210938,166.4448699951172,16.615644454956055,777.6924438476562,64.35711669921875,273.8520202636719,143.8013153076172,90.300537109375,14.663283348083496,31.390583038330078,96.6373062133789,20.22998809814453,140.72830200195312,54.76393127441406,103.23556518554688,286.212646484375,68.31218719482422,233.2393798828125,156.81277465820312,38.8540153503418,30.97469711303711,61.29945755004883,149.3040313720703,25.343351364135742
2025-07-02,214.54229736328125,71.89061737060547,194.28366088867188,65.35870361328125,142.50999450683594,98.43473815917969,108.96124267578125,81.41999816894531,167.32933044433594,17.015235900878906,777.4676513671875,63.792572021484375,272.5345764160156,145.02435302734375,90.98107147216797,14.940472602844238,31.132028579711914,96.32785034179688,20.478328704833984,141.02130126953125,54.7165641784668,104.91128540039062,285.2620849609375,68.01437377929688,232.11585998535156,158.3114776611328,38.57825469970703,31.28463363647461,61.35795593261719,148.42750549316406,25.78763198852539
2025-07-03,213.50244140625,72.50330352783203,194.8319091796875,65.89482116699219,143.17999267578125,98.19620513916016,109.54737091064453,82.12000274658203,167.75698852539062,16.931598663330078,769.4988403320312,63.99351119995117,273.3039245605469,146.07537841796875,91.8245620727539,14.97743034362793,31.23736572265625,97.36257934570312,20.650253295898438,142.21214294433594,54.65023422241211,104.63037872314453,284.5131530761719,68.00477600097656,228.54017639160156,159.17063903808594,38.79696273803711,31.397335052490234,61.35795593261719,150.45631408691406,25.526857376098633
2025-07-07,211.83680725097656,70.73124694824219,194.72608947753906,64.45879364013672,142.5399932861328,97.17532348632812,108.92281341552734,81.5999984741211,166.8239288330078,16.70857048034668,759.8385620117188,63.84041213989258,272.71728515625,142.35855102539062,90.31013488769531,14.792638778686523,30.940505981445312,97.01445770263672,20.258642196655273,141.85299682617188,54.50811004638672,102.99341583251953,280.3172607421875,67.16900634765625,228.2080078125,157.5478057861328,38.91107177734375,30.880779266357422,61.43595504760742,151.89419555664062,24.763853073120117
2025-07-08,212.4915008544922,72.5975570678711,193.77391052246094,65.3874282836914,139.88999938964844,97.871826171875,108.87476348876953,82.83000183105469,166.00750732421875,16.92230987548828,750.324951171875,63.744728088378906,275.01568603515625,143.16114807128906,90.21427154541016,14.949711799621582,30.86389923095703,96.30850219726562,20.134475708007812,142.01365661621094,54.47021484375,103.4970932006836,279.2323303222656,66.82315826416016,228.8430633544922,156.0299835205078,38.94911193847656,31.002870559692383,61.192203521728516,149.46157836914062,25.27574348449707
2025-07-09,213.57949829101562,72.64469146728516,192.9660186767578,66.08629608154297,139.75,98.66372680664062,108.58650970458984,84.5,166.37681579589844,16.968772888183594,747.7045288085938,63.65861129760742,273.8616943359375,142.0909881591797,90.71269989013672,14.921992301940918,30.902202606201172,95.97970581054688,20.201335906982422,141.98532104492188,53.930152893066406,103.05152893066406,277.4752197265625,66.30441284179688,228.87234497070312,155.53358459472656,38.720890045166016,30.946521759033203,61.192203521728516,149.9441680908203,25.256425857543945
2025-07-10,212.78997802734375,74.73722839355469,194.95692443847656,67.28299713134766,141.2100067138672,99.19801330566406,108.97086334228516,86.05000305175781,165.6964569091797,17.22896957397461,742.0140380859375,64.18488311767578,275.76580810546875,142.19610595703125,90.68394470214844,15.319297790527344,31.007539749145508,95.69925689697266,20.411468505859375,142.80758666992188,53.93962860107422,105.00814819335938,277.3311767578125,66.53497314453125,227.42645263671875,156.0299835205078,38.91310119628906,31.585174560546875,61.699214935302734,150.40707397460938,25.285400390625
2025-07-11,211.08583068847656,74.98229217529297,194.14903259277344,67.75209045410156,140.5,98.04354858398438,109.30715942382812,85.43000030517578,163.7428741455078,17.14533805847168,739.8726806640625,63.90740203857422,275.6407470703125,143.55288696289062,90.94273376464844,15.263860702514648,30.978809356689453,94.76122283935547,20.51653289794922,142.4484100341797,54.15754699707031,105.74430084228516,277.6096496582031,66.61182403564453,223.5283966064453,154.40716552734375,38.82660675048828,31.387941360473633,63.1519889831543,152.8101043701172,25.41095542907715
2025-07-14,213.53135681152344,74.09626770019531,194.23558044433594,68.1924819946289,141.02000427246094,98.50152587890625,109.63385009765625,85.63999938964844,166.13381958007812,17.22896957397461,743.294921875,64.1274642944336,273.630859375,143.7535400390625,91.02900695800781,15.245379447937012,30.940505981445312,94.77090454101562,20.736215591430664,142.95880126953125,55.616661071777344,105.91864776611328,277.12957763671875,67.1786117553711,226.98681640625,155.05630493164062,38.78816223144531,31.556997299194336,63.96125030517578,155.67605590820312,25.00531005859375
2025-07-15,210.77772521972656,72.88034057617188,191.85992431640625,66.93834686279297,137.0399932861328,97.2707290649414,108.07725524902344,84.08999633789062,166.32823181152344,16.940893173217773,743.0601806640625,63.275882720947266,269.6784362792969,141.3648223876953,89.13115692138672,15.088306427001953,30.509580612182617,94.05528259277344,20.22043800354004,140.74871826171875,53.68381118774414,105.21156311035156,272.59765625,65.92015838623047,224.73004150390625,152.6697998046875,38.4229621887207,31.068614959716797,63.561500549316406,154.33665466308594,24.483762741088867
2025-07-16,215.05258178710938,73.66268157958984,194.14903259277344,67.11066436767578,138.35000610351562,99.02627563476562,109.63385009765625,85.13999938964844,168.12631225585938,16.968772888183594,748.6138916015625,64.06048583984375,275.1118469238281,142.3203125,90.4251480102539,14.921992301940918,30.844743728637695,95.00299072265625,20.44967269897461,143.54591369628906,53.806983947753906,106.71292114257812,274.1722717285156,66.69828033447266,228.5010986328125,154.13986206054688,39.08608627319336,31.021656036376953,63.86375427246094,155.16392517089844,25.014968872070312
2025-07-17,214.74447631835938,74.36019134521484,194.40870666503906,66.08629608154297,138.77000427246094,99.45562744140625,109.68189239501953,84.94999694824219,171.8002471923828,17.06170082092285,758.3231201171875,64.3762435913086,276.0157775878906,140.715087890625,91.18235778808594,14.838836669921875,30.89262580871582,95.43816375732422,20.688459396362305,143.8323211669922,53.39957046508789,103.09028625488281,272.2424011230469,67.14979553222656,227.49484252929688,155.34266662597656,39.05725860595703,30.843210220336914,63.73700714111328,155.24270629882812,24.802486419677734
2025-07-18,216.41014099121094,73.68152618408203,194.88961791992188,66.00970458984375,139.47000122070312,100.31431579589844,109.47050476074219,84.69999694824219,172.9860076904297,17.119640350341797,760.4839477539062,64.27099609375,276.3523254394531,141.5177001953125,90.741455078125,14.912753105163574,30.873476028442383,96.3858642578125,20.69801139831543,143.93734741210938,53.50379180908203,103.4292984008789,272.7416687011719,67.1209716796875,228.51087951660156,155.46676635742188,39.14375686645508,30.89956283569336,64.15626525878906,156.64120483398438,24.44512939453125
2025-07-21,218.0758056640625,73.77578735351562,193.11988830566406,66.06714630126953,141.44000244140625,101.51648712158203,108.80751037597656,85.01000213623047,172.14044189453125,17.19439697265625,771.64013671875,64.08920288085938,274.0732116699219,141.2215118408203,90.45391082763672,14.857316017150879,30.70110511779785,95.47684478759766,20.650253295898438,143.22132873535156,53.428001403808594,104.47540283203125,273.2409362792969,67.01530456542969,228.9700469970703,156.32591247558594,39.01881408691406,30.75868034362793,64.78028106689453,157.8919677734375,24.194013595581055
2025-07-22,223.70823669433594,76.05683135986328,196.69778442382812,68.0871810913086,143.07000732421875,105.18978118896484,111.16161346435547,85.16000366210938,174.307861328125,17.74574089050293,782.7474975585938,65.3713607788086,280.862548828125,144.5943603515625,92.05460357666016,15.217660903930664,31.218212127685547,96.02806091308594,21.08007049560547,146.25723266601562,54.80183792114258,105.76367950439453,279.44354248046875,68.84056091308594,233.83531188964844,158.0537567138672,39.758827209472656,31.416118621826172,65.43353271484375,158.65029907226562,25.27574348449707
2025-07-23,221.61892700195312,78.17764282226562,195.62057495117188,68.44139099121094,144.6300048828125,104.69365692138672,110.69078063964844,91.0,174.21066284179688,17.801807403564453,778.5039672851562,65.39049530029297,281.36260986328125,144.25994873046875,91.66161346435547,15.337777137756348,31.103300094604492,96.10541534423828,21.12782859802246,145.80850219726562,54.83973693847656,106.54825592041016,278.0801086425781,68.65802764892578,231.4515380859375,158.21604919433594,39.41284942626953,31.425508499145508,65.77479553222656,159.18212890625,25.072919845581055
2025-07-24,222.63949584960938,77.3387451171875,193.88931274414062,67.72337341308594,144.58999633789062,108.68179321289062,109.15341186523438,92.95999908447266,174.96881103515625,17.633602142333984,771.9822998046875,64.73027801513672,276.390869140625,143.81088256835938,90.77979278564453,15.180702209472656,30.75855827331543,95.51551055908203,20.99410629272461,144.80609130859375,54.97237777709961,106.27705383300781,275.8621520996094,68.71566009521484,229.70277404785156,157.47145080566406,38.93232345581055,31.37855339050293,65.43353271484375,158.95559692382812,24.802486419677734
2025-07-25,221.32044982910156,77.47071075439453,194.043212890625,68.73817443847656,147.57000732421875,106.36333465576172,109.09576416015625,92.97000122070312,172.91799926757812,16.44681739807129,783.6079711914062,64.46236419677734,276.05426025390625,144.14529418945312,90.32929229736328,15.291577339172363,30.557458877563477,96.06674194335938,20.803077697753906,144.77745056152344,54.85869216918945,106.82915496826172,276.29425048828125,68.37942504882812,228.53042602539062,159.52383422851562,38.83621597290039,31.35037612915039,64.79977416992188,159.11317443847656,25.565492630004883
2025-07-28,215.87098693847656,74.57698822021484,191.1770477294922,66.63198852539062,146.55999755859375,103.80633544921875,107.83705139160156,93.36000061035156,170.7894287109375,16.12909507751465,775.9716186523438,63.352420806884766,272.30377197265625,141.70880126953125,89.32286834716797,15.152983665466309,29.89670753479004,94.77090454101562,20.583393096923828,142.58168029785156,53.87330627441406,103.75862884521484,274.5947265625,67.28428649902344,221.52561950683594,157.77691650390625,38.3460807800293,30.51449203491211,63.60050582885742,155.8927001953125,24.995649337768555
2025-07-29,206.72430419921875,74.91631317138672,195.36087036132812,67.42658996582031,158.0500030517578,104.31200408935547,110.22958374023438,95.58999633789062,173.29705810546875,16.23188591003418,793.09228515625,64.85466766357422,279.5258483886719,145.1485595703125,90.9043960571289,15.042109489440918,30.643646240234375,96.14410400390625,20.94635009765625,145.4171142578125,54.347049713134766,106.27705383300781,280.91259765625,68.93661499023438,223.6456298828125,160.44981384277344,39.01881408691406,30.87138557434082,65.16053009033203,163.446533203125,25.053604125976562
2025-07-30,200.97634887695312,73.54956817626953,188.81101989746094,63.597164154052734,157.3699951171875,102.0603256225586,107.7313461303711,96.25,172.32510375976562,16.091712951660156,779.3155517578125,62.48170471191406,258.1673583984375,142.6929473876953,89.6966781616211,14.903512954711914,30.049924850463867,94.72254180908203,20.917694091796875,142.04705810546875,53.806983947753906,105.08563232421875,277.14874267578125,69.46497344970703,221.75033569335938,157.94874572753906,38.24036407470703,30.55205726623535,64.81928253173828,163.86019897460938,24.667272567749023
2025-07-31,200.6393585205078,72.04144287109375,179.16415405273438,62.63981246948242,155.74000549316406,100.26660919189453,104.9256362915039,95.19000244140625,171.48924255371094,15.830058097839355,767.70947265625,60.47233581542969,250.20481872558594,128.3797149658203,88.33560943603516,14.524689674377441,29.350868225097656,94.1519775390625,20.277748107910156,135.9752960205078,53.18165969848633,103.4292984008789,261.1045837402344,68.59078216552734,219.54238891601562,156.35455322265625,37.75983810424805,30.617799758911133,65.50178527832031,162.5700225830078,24.194013595581055
2025-08-01,204.2113800048828,71.64555358886719,177.3944549560547,61.86436080932617,153.94000244140625,101.97445678710938,102.76371002197266,94.5999984741211,167.37794494628906,15.671198844909668,754.5880126953125,60.041751861572266,246.8774871826172,133.09983825683594,86.84992218017578,14.349136352539062,29.05400848388672,91.02841186523438,19.809724807739258,133.65542602539062,53.85664367675781,101.61798095703125,267.7776794433594,67.70698547363281,223.30369567871094,153.38572692871094,37.163978576660156,31.096790313720703,65.81379699707031,163.72232055664062,24.22298812866211
2025-08-04,205.0586395263672,72.69182586669922,175.7401580810547,62.93659591674805,156.02999877929688,102.27023315429688,101.6299057006836,96.83000183105469,168.05828857421875,15.792677879333496,761.0803833007812,59.9652099609375,244.79067993164062,131.91502380371094,87.7413330078125,14.496969223022461,28.910364151000977,91.6473159790039,20.10582160949707,133.75088500976562,54.6944465637207,101.90856170654297,269.4002990722656,69.34008026123047,225.09152221679688,156.4977569580078,36.49124526977539,31.86693572998047,66.57431030273438,166.22381591796875,24.406496047973633
2025-08-05,202.2376251220703,73.65325164794922,179.19302368164062,63.281246185302734,156.47000122070312,100.12349700927734,103.45552062988281,96.55999755859375,167.33905029296875,16.06368064880371,761.6181030273438,60.67327117919922,247.49293518066406,132.44053649902344,89.51456451416016,14.229021072387695,29.168920516967773,92.40162658691406,20.335058212280273,135.37384033203125,54.4564323425293,103.6811294555664,270.5909118652344,70.90594482421875,214.11048889160156,161.62396240234375,37.04865646362305,31.48186492919922,67.01307678222656,167.1200714111328,24.918384552001953
2025-08-06,201.13038635253906,69.60958099365234,179.37574768066406,63.20465087890625,155.8800048828125,100.45742797851562,102.30249786376953,96.29000091552734,164.7342529296875,15.74595832824707,755.8101806640625,60.66370391845703,244.76182556152344,131.9054718017578,89.31328582763672,14.136625289916992,28.977397918701172,87.07317352294922,20.373262405395508,134.23776245117188,54.18033981323242,102.4122543334961,270.20684814453125,70.31995391845703,214.70645141601562,159.92477416992188,36.837223052978516,31.002870559692383,66.788818359375,166.401123046875,24.67692756652832
2025-08-07,202.19911193847656,70.27880859375,181.04928588867188,62.888736724853516,154.36000061035156,101.335205078125,102.7829360961914,95.33999633789062,166.4254150390625,15.848745346069336,762.0092163085938,61.13255310058594,247.16595458984375,132.13478088378906,88.52730560302734,14.108906745910645,28.9390926361084,88.80419921875,20.23954200744629,135.70797729492188,54.35170364379883,102.95467376708984,272.57843017578125,69.68592071533203,217.99879455566406,158.79835510253906,37.2793083190918,31.002870559692383,66.99356842041016,167.11021423339844,24.83146095275879
2025-08-08,198.82928466796875,69.94891357421875,179.64508056640625,60.55277633666992,155.39999389648438,99.70368957519531,101.38967895507812,94.5,165.14247131347656,15.848745346069336,758.9390258789062,60.47233581542969,244.82913208007812,130.29067993164062,87.51129913330078,14.18282413482666,28.680538177490234,87.18922424316406,19.876585006713867,134.11366271972656,54.68491744995117,102.36380767822266,270.51409912109375,69.0903091430664,215.76156616210938,157.4427947998047,36.6065673828125,30.89956283569336,66.85706329345703,165.4851837158203,24.60932159423828
2025-08-11,198.415283203125,67.73384857177734,178.01002502441406,59.461395263671875,153.49000549316406,99.01673889160156,99.97723388671875,92.5,163.99557495117188,15.671198844909668,759.476806640625,59.61117935180664,242.4153594970703,129.2109832763672,87.65506744384766,14.145865440368652,28.632658004760742,86.59931945800781,19.867033004760742,132.20431518554688,54.63731384277344,100.81402587890625,268.6033935546875,68.72526550292969,214.0616455078125,157.70054626464844,36.039546966552734,30.824424743652344,66.79856872558594,165.4851837158203,24.416156768798828
2025-08-12,197.0095672607422,69.45877075195312,179.78933715820312,60.95486831665039,156.1199951171875,97.63329315185547,100.74591064453125,88.45999908447266,164.52041625976562,15.886126518249512,769.8117065429688,59.993919372558594,244.2521514892578,129.50717163085938,88.96822357177734,14.552408218383789,28.75714874267578,89.1136474609375,20.182231903076172,132.1088409423828,54.89436340332031,101.52111053466797,269.3043212890625,69.0518798828125,212.96746826171875,161.53805541992188,36.3567008972168,30.87138557434082,66.79856872558594,163.0121612548828,24.744535446166992
2025-08-13,196.5570526123047,70.67469787597656,183.76158142089844,62.70683670043945,159.66000366210938,97.14669036865234,102.81175231933594,87.55999755859375,163.8497772216797,16.016952514648438,766.5656127929688,61.228240966796875,248.81040954589844,132.058349609375,90.65519714355469,14.875795364379883,29.245532989501953,90.8736801147461,20.56429100036621,133.4358367919922,55.11332702636719,102.85781860351562,271.896728515625,69.1863784790039,214.33518981933594,164.75506591796875,37.000606536865234,30.993480682373047,66.31105041503906,161.28102111816406,25.50754165649414
2025-08-14,195.89271545410156,70.231689453125,182.08804321289062,62.42919158935547,158.5399932861328,96.41204071044922,101.8701171875,87.97000122070312,161.55601501464844,15.923507690429688,758.1275024414062,60.76895523071289,246.37742614746094,130.5486602783203,89.8404541015625,14.76491928100586,28.96782112121582,88.38836669921875,20.210886001586914,133.68405151367188,55.04669189453125,102.52847290039062,269.6979675292969,68.31218719482422,211.912353515625,164.37322998046875,36.58734893798828,30.627193450927734,65.84304809570312,160.13356018066406,25.40130043029785
2025-08-15,198.4537811279297,71.72095489501953,183.29991149902344,62.64939498901367,158.92999267578125,97.02267456054688,102.63880157470703,89.66000366210938,162.21693420410156,16.17581558227539,763.9354248046875,61.352630615234375,249.43548583984375,130.94998168945312,89.95547485351562,14.524689674377441,29.245532989501953,88.47539520263672,20.258642196655273,134.51463317871094,55.67503356933594,103.24525451660156,271.6662902832031,68.22572326660156,214.8725128173828,165.4137420654297,37.01021194458008,30.523881912231445,66.07704162597656,161.14254760742188,24.957019805908203
2025-08-18,195.57501220703125,72.77664947509766,181.0589141845703,62.38133239746094,157.83999633789062,95.93498229980469,101.6299057006836,88.16000366210938,160.38967895507812,16.036691665649414,752.5347290039062,60.51061248779297,246.62744140625,130.7684326171875,89.85002899169922,14.644804954528809,28.680538177490234,87.75010681152344,20.163129806518555,133.71270751953125,55.094295501708984,102.13134765625,269.3811340332031,67.57247161865234,210.19287109375,164.7264404296875,36.62579345703125,30.242122650146484,65.53104400634766,160.65782165527344,24.802486419677734
2025-08-19,198.9640655517578,73.77578735351562,184.13665771484375,64.01840209960938,159.97999572753906,97.71915435791016,104.04165649414062,88.94999694824219,161.89617919921875,16.18709373474121,756.260009765625,61.65882110595703,252.3012237548828,133.2527313232422,92.68721008300781,14.903512954711914,29.20722770690918,88.54308319091797,20.726667404174805,135.94664001464844,56.17961502075195,107.28440856933594,275.90057373046875,68.95582580566406,215.1851348876953,166.9411163330078,37.35619354248047,30.495708465576172,66.2623062133789,161.8053436279297,25.43027687072754
2025-08-20,201.7080841064453,73.01229858398438,183.33836364746094,63.597164154052734,160.83999633789062,98.13896942138672,104.18578338623047,88.25,160.69097900390625,16.18709373474121,763.6575317382812,61.69709396362305,251.99349975585938,133.42469787597656,92.42842102050781,14.894274711608887,29.25510597229004,88.28199005126953,20.65980339050293,135.90847778320312,57.02692794799805,106.72261047363281,275.5068664550781,68.90779113769531,218.5556640625,166.22515869140625,37.30813980102539,30.96530532836914,67.45182800292969,164.19921875,25.130870819091797
2025-08-21,201.9295196533203,72.96517181396484,183.1556396484375,63.587589263916016,159.1199951171875,98.08172607421875,103.79182434082031,88.36000061035156,159.18446350097656,16.243494033813477,759.624267578125,61.496150970458984,252.68589782714844,132.8418426513672,92.31339263916016,14.921992301940918,29.283832550048828,87.56636810302734,20.583393096923828,134.61964416503906,56.72227478027344,104.98877716064453,275.3340759277344,68.41786193847656,216.87672424316406,165.5569305419922,37.058265686035156,30.95591163635254,67.39332580566406,165.13897705078125,24.8894100189209
2025-08-22,203.9995574951172,76.28305053710938,186.22378540039062,66.41180419921875,164.41000366210938,99.02627563476562,105.15624237060547,91.22000122070312,162.37242126464844,16.685304641723633,773.671875,62.44342803955078,256.5229187011719,136.39627075195312,95.32308959960938,15.6242036819458,29.935012817382812,90.76730346679688,21.204238891601562,136.548095703125,56.09392547607422,108.75670623779297,282.0071716308594,69.5033950805664,218.8207550048828,168.54483032226562,37.673343658447266,31.36916160583496,66.09654998779297,162.65602111816406,25.913188934326172
2025-08-25,203.26780700683594,75.80233764648438,184.92535400390625,66.70857238769531,164.97999572753906,98.2439193725586,104.60855865478516,90.51000213623047,161.20611572265625,16.59130096435547,769.6484375,62.00328826904297,255.28237915039062,133.95021057128906,95.0355453491211,15.614965438842773,29.494508743286133,88.7655258178711,21.204238891601562,135.5934295654297,55.4179801940918,108.11741638183594,278.2913513183594,69.0903091430664,217.54440307617188,168.4016571044922,37.43307876586914,31.46307945251465,66.0282974243164,163.1209716796875,25.594467163085938
2025-08-26,199.7343292236328,76.18879699707031,184.67527770996094,66.5171127319336,163.4199981689453,96.73643493652344,104.9256362915039,89.37000274658203,163.2082977294922,16.478506088256836,769.0680541992188,61.69709396362305,254.61883544921875,134.30374145507812,94.6617202758789,15.642684936523438,29.379596710205078,88.41737365722656,21.118276596069336,136.1566619873047,55.341819763183594,107.85588836669922,277.3695983886719,69.23440551757812,214.8639678955078,168.80259704589844,37.24086380004883,31.416118621826172,65.91129302978516,164.0508270263672,25.27574348449707
2025-08-27,195.70977783203125,77.02769470214844,186.7046661376953,68.02015686035156,163.0399932861328,95.5533447265625,106.23240661621094,89.44999694824219,164.96751403808594,16.82630729675293,777.6953735351562,62.328609466552734,257.35955810546875,135.26881408691406,96.12823486328125,16.049226760864258,29.810522079467773,88.84288787841797,21.376163482666016,137.87510681152344,55.74168014526367,109.14415740966797,279.58758544921875,69.61866760253906,204.34857177734375,170.08175659179688,37.46190643310547,31.697874069213867,66.174560546875,165.9402313232422,25.22745132446289
2025-08-28,195.0261993408203,77.13137817382812,187.17596435546875,68.61371612548828,161.99000549316406,93.25395965576172,106.40535736083984,90.33000183105469,163.840087890625,16.788707733154297,773.5538940429688,62.47213363647461,257.6384582519531,135.9854278564453,95.677734375,15.975310325622559,29.628576278686523,88.93959045410156,21.395265579223633,137.5982666015625,55.341819763183594,109.10541534423828,280.0484619140625,69.368896484375,202.29652404785156,171.2177276611328,37.48113250732422,31.47246742248535,65.85279846191406,165.593994140625,25.063261032104492
2025-08-29,196.26821899414062,77.70635223388672,188.3686065673828,69.41789245605469,162.1199951171875,94.5896987915039,107.59683227539062,89.48999786376953,162.93617248535156,16.863910675048828,773.3965454101562,63.26631164550781,259.8502502441406,137.1893310546875,96.37744903564453,15.901392936706543,29.963741302490234,89.28772735595703,21.481229782104492,139.21168518066406,55.941612243652344,110.20963287353516,282.85211181640625,69.64749908447266,201.128173828125,172.45872497558594,38.0289306640625,31.726051330566406,66.37931823730469,166.46449279785156,25.189842224121094
2025-09-02,193.03318786621094,76.26420593261719,181.7995147705078,69.31258392333984,159.55999755859375,93.5974349975586,104.32991027832031,88.12000274658203,158.3777313232422,16.87331199645996,759.0045166015625,61.247379302978516,250.60873413085938,134.5903778076172,95.02595520019531,15.772038459777832,29.044431686401367,86.51229095458984,21.251995086669922,135.85118103027344,55.22333908081055,107.80745697021484,276.6974792480469,69.48418426513672,198.32994079589844,170.74998474121094,36.9237174987793,31.312807083129883,66.22330474853516,165.9303436279297,24.235605239868164
2025-09-03,188.96051025390625,76.87688446044922,183.7711944580078,70.63373565673828,159.1300048828125,92.61470794677734,105.12742614746094,87.86000061035156,156.9684295654297,16.666505813598633,749.8165283203125,61.87888717651367,251.4838409423828,136.82623291015625,95.91736602783203,15.882914543151855,28.94866943359375,86.85075378417969,21.471677780151367,136.910888671875,55.4241828918457,107.46843719482422,280.1348876953125,69.38812255859375,195.68882751464844,171.69503784179688,36.8948860168457,31.36916160583496,65.7650375366211,165.6236572265625,24.167448043823242
2025-09-04,187.8340301513672,78.1305160522461,185.35816955566406,72.07933807373047,161.69000244140625,91.07860565185547,106.0210189819336,89.0999984741211,158.27084350585938,16.920312881469727,755.43359375,62.759185791015625,254.35922241210938,137.437744140625,96.79918670654297,16.252498626708984,29.06358528137207,88.07891082763672,21.76777458190918,137.47415161132812,55.73979949951172,109.07634735107422,280.5765380859375,70.66578674316406,191.6240234375,173.27967834472656,37.30813980102539,31.46307945251465,66.0282974243164,165.8709716796875,24.878253936767578
2025-09-05,190.94390869140625,79.83658599853516,187.94540405273438,73.55367279052734,164.3800048828125,91.73694610595703,107.00110626220703,89.45999908447266,158.6596221923828,17.28691864013672,761.0900268554688,63.92652130126953,257.8404235839844,140.72463989257812,98.40947723388672,16.104663848876953,28.96782112121582,89.14266204833984,21.980236053466797,138.81069946289062,56.705780029296875,110.08372497558594,285.9341735839844,70.78106689453125,194.14735412597656,173.97654724121094,37.56761932373047,31.556997299194336,66.21356201171875,166.0094757080078,25.462480545043945
2025-09-08,186.43795776367188,80.64720153808594,187.04132080078125,72.55802154541016,163.52000427246094,89.57112121582031,106.57830810546875,88.05999755859375,156.68658447265625,17.202320098876953,753.052978515625,63.524654388427734,255.52281188964844,140.47621154785156,97.52764892578125,16.067707061767578,28.824180603027344,89.38442993164062,21.74846076965332,138.0946807861328,56.524051666259766,109.99654388427734,282.9768981933594,70.20468139648438,187.87344360351562,174.26292419433594,37.24086380004883,31.28463363647461,66.37931823730469,167.53285217285156,25.267738342285156
2025-09-09,187.3622589111328,78.91285705566406,187.7819061279297,69.31258392333984,162.08999633789062,90.16266632080078,107.2605209350586,88.13999938964844,159.37884521484375,16.976709365844727,766.8546752929688,63.744728088378906,258.552001953125,138.43145751953125,96.16657257080078,16.11390495300293,29.006126403808594,93.48471069335938,21.59394073486328,138.83932495117188,56.897064208984375,108.45643615722656,278.5409851074219,69.54181671142578,187.99124145507812,173.2872772216797,37.46190643310547,31.106184005737305,66.55481719970703,167.0283660888672,24.605615615844727
2025-09-10,186.55348205566406,79.17677307128906,185.28121948242188,70.71990203857422,162.6199951171875,89.71424102783203,104.58934020996094,86.30000305175781,169.0107879638672,16.87331199645996,767.8974609375,63.01753234863281,253.53216552734375,138.54612731933594,96.28158569335938,16.252498626708984,28.737993240356445,94.21967315673828,21.53599739074707,135.04925537109375,56.858802795410156,107.49750518798828,277.1871643066406,69.25362396240234,190.05311584472656,173.13272094726562,36.702674865722656,31.124963760375977,67.52008056640625,166.27655029296875,24.440086364746094
2025-09-11,189.23971557617188,79.87428283691406,189.31117248535156,72.97926330566406,165.89999389648438,91.19309997558594,106.4245834350586,87.05999755859375,169.76890563964844,17.051912307739258,784.5027465820312,64.00308227539062,258.5039367675781,141.70880126953125,97.5755844116211,16.33565330505371,29.322139739990234,95.57354736328125,21.690513610839844,137.56007385253906,57.537864685058594,111.21700286865234,283.1689758300781,70.08309173583984,195.8164520263672,177.6438446044922,37.40424728393555,31.134361267089844,67.71508026123047,166.65245056152344,25.150894165039062
2025-09-12,187.82440185546875,80.04395294189453,187.69534301757812,73.88875579833984,164.02000427246094,91.0118179321289,105.22351837158203,86.80000305175781,168.63172912597656,16.995512008666992,775.777099609375,63.572509765625,256.8498840332031,140.60043334960938,97.43180084228516,16.26173973083496,28.929515838623047,93.50405883789062,21.62291145324707,135.75570678710938,57.77696228027344,111.7303695678711,280.67254638671875,69.20996856689453,196.33682250976562,176.2624969482422,36.87566375732422,31.143749237060547,67.98809051513672,167.30532836914062,24.245344161987305
2025-09-15,185.34034729003906,80.65662384033203,185.4735565185547,74.49188232421875,165.55999755859375,90.28142547607422,104.12812805175781,88.97000122070312,171.33326721191406,17.15531349182129,778.797119140625,62.46256637573242,254.48422241210938,138.8614044189453,96.88545227050781,16.317176818847656,28.393253326416016,97.32105255126953,21.57462501525879,134.23776245117188,57.595237731933594,110.68424987792969,277.9950256347656,68.85102081298828,194.4517059326172,177.50860595703125,36.28942108154297,31.068614959716797,68.10508728027344,167.0976104736328,24.167448043823242
2025-09-16,187.48741149902344,80.82628631591797,184.93495178222656,75.56412506103516,162.83999633789062,90.28142547607422,102.92706298828125,88.12999725341797,170.1782684326172,17.136512756347656,766.62841796875,61.95543670654297,255.36895751953125,138.5618896484375,95.76400756835938,16.317176818847656,28.27834129333496,97.83777618408203,21.352506637573242,133.07305908203125,57.36570358276367,111.43675231933594,276.2973327636719,68.27862548828125,195.56117248535156,175.34481811523438,35.85695266723633,30.65536880493164,66.36955261230469,163.42764282226562,24.28429412841797
2025-09-17,189.8848114013672,80.2513198852539,185.18502807617188,73.17073822021484,164.3300018310547,91.46820068359375,102.30249786376953,87.87000274658203,167.52565002441406,17.117713928222656,766.1070556640625,61.840614318847656,256.02288818359375,138.33001708984375,95.16973114013672,16.187822341918945,28.383676528930664,96.98956298828125,21.197986602783203,133.225830078125,57.10747146606445,111.29993438720703,275.6376647949219,67.6771469116211,195.75755310058594,175.38343811035156,35.85695266723633,30.617799758911133,65.65778350830078,164.1200714111328,23.84612274169922
2025-09-18,185.85064697265625,82.42867279052734,186.23341369628906,74.4344482421875,165.72999572753906,89.69286346435547,103.11922454833984,89.26000213623047,167.731201171875,17.456117630004883,772.5209350585938,62.07026290893555,258.3308410644531,137.85662841796875,96.06114196777344,16.26173973083496,28.26876449584961,96.4435806274414,21.410449981689453,134.1709442138672,56.53362274169922,112.54106140136719,275.3078308105469,68.23013305664062,195.20773315429688,173.9634552001953,35.83772659301758,30.5892276763916,66.27205657958984,164.7333984375,23.894811630249023
2025-09-19,186.12022399902344,81.24103546142578,185.58901977539062,73.18030548095703,164.13999938964844,90.31037139892578,103.72457122802734,87.0999984741211,168.4359588623047,17.458009719848633,778.3741455078125,62.242496490478516,257.292236328125,134.60079956054688,95.48603820800781,16.095426559448242,28.383676528930664,97.3893051147461,21.188329696655273,134.47645568847656,56.58144760131836,110.92858123779297,270.6609802246094,68.17190551757812,195.4826202392578,174.57203674316406,36.09720993041992,30.322574615478516,65.45303344726562,163.4078369140625,23.46637725830078
2025-09-22,186.0239715576172,80.958251953125,185.6370849609375,72.41442108154297,162.61000061035156,90.96646881103516,103.945556640625,86.30999755859375,170.99069213867188,17.486364364624023,785.0831298828125,62.47213363647461,256.1767272949219,133.90516662597656,95.47644805908203,15.864434242248535,28.431556701660156,101.84488677978516,21.024152755737305,134.84877014160156,56.48580551147461,111.33902740478516,271.31097412109375,68.6181869506836,194.40260314941406,174.97775268554688,35.933834075927734,29.93211555480957,65.45303344726562,165.61380004882812,23.62217140197754
2025-09-23,187.0541534423828,81.97624206542969,186.97398376464844,72.94097137451172,163.08999633789062,91.03401184082031,103.81104278564453,85.30999755859375,170.43275451660156,17.854995727539062,790.2083740234375,62.845306396484375,257.5711669921875,133.85687255859375,95.90776824951172,16.104663848876953,28.431556701660156,101.48414611816406,21.149700164794922,134.7246551513672,56.954444885253906,111.83743286132812,273.8623352050781,69.34578704833984,195.20773315429688,177.8660430908203,36.049156188964844,30.408287048339844,66.82781219482422,170.68844604492188,23.739013671875
2025-09-24,185.75436401367188,80.958251953125,185.40625,72.24209594726562,157.1199951171875,90.41650390625,103.00392150878906,84.05000305175781,168.35765075683594,17.62814712524414,776.9378662109375,62.34774398803711,254.44577026367188,132.99700927734375,95.01636505126953,16.049226760864258,27.971900939941406,98.69575500488281,20.888948440551758,134.06591796875,57.36570358276367,110.29336547851562,272.31988525390625,69.24877166748047,191.6829376220703,176.90005493164062,35.62629699707031,30.37019157409668,66.76931762695312,169.12548828125,23.962968826293945
2025-09-25,186.50535583496094,79.32759094238281,184.25210571289062,72.14635467529297,156.3000030517578,90.6770248413086,101.89894104003906,83.08999633789062,167.731201171875,17.52417755126953,770.1403198242188,61.64464569091797,253.55140686035156,133.04531860351562,94.97802734375,16.003028869628906,27.952558517456055,98.27651977539062,20.744089126586914,132.45252990722656,57.18398666381836,110.63539123535156,271.8833312988281,68.94802856445312,191.87930297851562,176.39773559570312,35.280311584472656,30.513044357299805,66.476806640625,169.8476104736328,23.534536361694336
2025-09-26,187.0445098876953,79.03539276123047,187.4164276123047,71.62939453125,158.0,91.96027374267578,102.81175231933594,83.98999786376953,167.8291015625,17.902259826660156,777.4789428710938,62.40867614746094,257.5326843261719,135.093505859375,95.39018249511719,16.215539932250977,28.22338104248047,98.40326690673828,20.85032081604004,133.24490356445312,57.69088363647461,111.59310913085938,277.73309326171875,69.38459014892578,190.69129943847656,179.08314514160156,35.73200988769531,30.92255210876465,67.27632904052734,173.01307678222656,23.894811630249023
2025-09-29,187.31411743164062,79.57266235351562,186.16607666015625,72.15593719482422,158.9600067138672,92.8093490600586,102.3793716430664,84.2300033569336,166.50767517089844,17.96842384338379,768.9991455078125,62.01215362548828,256.01324462890625,136.6586151123047,95.77359008789062,16.104663848876953,28.087968826293945,97.83777618408203,20.927581787109375,132.32839965820312,57.910858154296875,111.64197540283203,279.9061584472656,70.0636978149414,192.5371551513672,179.52752685546875,35.50135803222656,31.008262634277344,67.47132110595703,174.29905700683594,24.206396102905273
2025-09-30,186.79933166503906,79.8024673461914,187.48605346679688,71.83704376220703,157.55999755859375,93.09879302978516,103.62151336669922,84.37000274658203,169.21902465820312,18.100751876831055,770.4945068359375,62.60210037231445,259.9071350097656,136.16592407226562,97.10590362548828,15.908380508422852,28.36846160888672,99.38798522949219,21.10141372680664,133.3976593017578,58.140403747558594,111.91560363769531,280.2165832519531,70.72340393066406,189.83709716796875,181.2855987548828,35.808895111083984,31.055877685546875,68.71825408935547,176.2181396484375,24.13823699951172
2025-10-01,187.77061462402344,79.91737365722656,185.739013671875,73.75038146972656,156.55999755859375,92.3462142944336,102.46671295166016,83.4800033569336,167.81930541992188,18.12911033630371,761.355712890625,61.9928092956543,258.8680725097656,136.34947204589844,96.58247375488281,15.936422348022461,28.0589542388916,99.69996643066406,20.782718658447266,131.74606323242188,58.08275604248047,113.83103942871094,281.99188232421875,69.93756866455078,188.305419921875,179.44056701660156,35.48213577270508,31.341581344604492,69.0422592163086,177.44476318359375,24.294031143188477
2025-10-02,185.6823272705078,80.14718627929688,184.5063934326172,73.06428527832031,155.6300048828125,92.10499572753906,101.3313217163086,83.9000015258789,170.0706024169922,18.12911033630371,760.027587890625,61.393192291259766,256.2366027832031,136.67796325683594,95.97180938720703,15.992505073547363,27.759117126464844,100.71393585205078,20.62820053100586,130.0849151611328,57.71770095825195,113.4792251586914,280.517333984375,69.73384857177734,188.21707153320312,178.71607971191406,34.982391357421875,31.189205169677734,68.32551574707031,173.60659790039062,24.274555206298828
2025-10-03,184.74989318847656,80.2429428100586,185.0790252685547,73.06428527832031,156.13999938964844,92.09534454345703,101.11782836914062,84.80000305175781,172.6155548095703,18.308700561523438,766.0676879882812,61.21910858154297,256.80950927734375,137.9822235107422,96.35953521728516,15.80556583404541,27.701082229614258,102.17638397216797,20.734432220458984,130.50497436523438,58.025115966796875,114.39784240722656,284.76641845703125,69.5398178100586,188.5999755859375,178.92861938476562,34.96316909790039,31.07492446899414,68.492431640625,173.1515655517578,24.45956039428711
2025-10-06,180.2430877685547,76.59466552734375,182.06053161621094,72.09795379638672,153.52000427246094,90.6866683959961,99.91450500488281,81.1500015258789,173.21263122558594,18.185821533203125,776.9871215820312,60.17461013793945,253.77015686035156,136.78424072265625,95.71009063720703,15.534507751464844,27.294851303100586,103.70707702636719,20.782718658447266,129.83670043945312,57.54478073120117,114.46625518798828,282.11798095703125,69.01593780517578,185.23231506347656,173.07476806640625,34.62679672241211,30.703514099121094,67.99169158935547,172.26129150390625,24.30376625061035
2025-10-07,181.6029052734375,74.77531433105469,182.0023193359375,71.2862319946289,152.69000244140625,91.79624938964844,100.31238555908203,80.5999984741211,171.43116760253906,18.0913028717041,774.27197265625,60.4163932800293,254.4887237548828,138.030517578125,94.60507202148438,15.356914520263672,27.21747398376465,103.23908233642578,20.63785743713379,130.04672241210938,57.28539276123047,113.33262634277344,284.7567138671875,69.34578704833984,185.1046600341797,172.83326721191406,34.722900390625,30.465425491333008,67.59896850585938,171.1335906982422,23.777965545654297
2025-10-08,180.2624969482422,72.02713775634766,180.93466186523438,70.57115173339844,151.6999969482422,93.03126525878906,100.01154327392578,79.0,170.5110626220703,17.817190170288086,790.5428466796875,60.2809944152832,254.51785278320312,137.58612060546875,94.55661010742188,15.188672065734863,27.256162643432617,102.75160217285156,20.56060028076172,129.69349670410156,56.68976974487305,113.3521728515625,284.3783874511719,69.13236236572266,184.20138549804688,172.16673278808594,34.83823013305664,29.93211555480957,66.76441192626953,167.3152313232422,24.05060386657715
2025-10-09,180.00027465820312,71.27067565917969,180.38145446777344,69.04434967041016,152.4600067138672,93.22423553466797,98.9246826171875,77.52999877929688,171.49969482421875,17.439102172851562,795.1762084960938,59.932830810546875,251.54647827148438,138.23341369628906,94.17858123779297,15.132591247558594,27.082063674926758,102.32262420654297,20.502655029296875,128.79608154296875,56.35353088378906,111.84719848632812,285.2223815917969,69.20026397705078,184.0835723876953,172.7559814453125,34.809051513671875,29.503559112548828,66.46004486083984,165.4654083251953,23.797439575195312
2025-10-10,181.3212127685547,70.78231811523438,179.1002960205078,67.15033721923828,150.3800048828125,94.15049743652344,98.66265869140625,75.58000183105469,164.9219970703125,17.061019897460938,787.572021484375,59.6426887512207,248.4488983154297,137.17066955566406,92.64706420898438,14.786755561828613,27.024032592773438,99.29048156738281,20.068071365356445,128.45240783691406,55.96925354003906,108.70043182373047,285.6200866699219,68.26893615722656,185.66432189941406,169.33642578125,34.73124313354492,29.484514236450195,66.49932098388672,164.14976501464844,23.30084800720215
2025-10-13,177.9411163330078,70.73443603515625,179.24586486816406,67.73979949951172,152.92999267578125,92.72250366210938,98.79851531982422,75.18000030517578,167.92697143554688,16.9759521484375,793.1693725585938,59.97151184082031,250.11904907226562,140.10769653320312,93.9847183227539,15.198019981384277,27.323869705200195,99.61221313476562,20.328821182250977,128.44285583496094,56.4207763671875,110.15653991699219,290.67437744140625,69.34578704833984,184.7021026611328,170.49560546875,35.15918731689453,29.43689727783203,66.22440338134766,165.04995727539062,23.30084800720215
2025-10-14,181.1560821533203,71.88350677490234,179.96409606933594,68.15532684326172,154.36000061035156,93.87068939208984,99.10905456542969,75.7300033569336,168.24020385742188,17.14609146118164,804.1182250976562,60.251983642578125,251.85720825195312,142.83216857910156,94.3530502319336,15.310179710388184,27.575345993041992,100.77242279052734,20.65717124938965,127.69818878173828,56.52645492553711,112.82445526123047,293.11907958984375,69.66593933105469,187.59854125976562,169.84840393066406,35.363426208496094,29.636890411376953,66.72514343261719,167.51307678222656,23.271635055541992
2025-10-15,184.57504272460938,72.9751205444336,178.58587646484375,69.31492614746094,156.82000732421875,94.61361694335938,98.6917724609375,75.19000244140625,171.48988342285156,17.495817184448242,808.8598022460938,60.048885345458984,249.70152282714844,144.13645935058594,95.2060546875,15.487771034240723,27.48829460144043,103.11235046386719,20.966209411621094,127.46161651611328,57.122074127197266,119.96821594238281,292.0034484863281,70.26742553710938,190.9171142578125,172.29232788085938,35.22726821899414,29.798786163330078,67.63823699951172,170.480712890625,23.106103897094727
2025-10-16,185.97373962402344,72.0367202758789,179.0323486328125,68.02003479003906,155.4199981689453,94.61361694335938,98.83734130859375,74.3499984741211,170.27615356445312,17.439102172851562,799.5439453125,59.47827911376953,250.1385040283203,146.8512725830078,95.02188110351562,15.132591247558594,27.517311096191406,103.14159393310547,20.8696346282959,126.91122436523438,56.958763122558594,118.41437530517578,297.56219482421875,69.57862854003906,193.83316040039062,170.72743225097656,34.92576217651367,29.26547622680664,68.2862548828125,170.2235107421875,23.028209686279297
2025-10-17,185.7988739013672,71.80690002441406,181.5170135498047,68.66748046875,157.1199951171875,94.05401611328125,99.3710708618164,73.98999786376953,169.0721893310547,17.631101608276367,800.68505859375,60.164939880371094,252.0999755859375,146.40682983398438,95.90396118164062,15.216712951660156,27.585018157958984,101.96188354492188,21.091754913330078,128.13755798339844,57.58319854736328,121.2582015991211,298.41583251953125,70.08309173583984,192.69422912597656,172.031494140625,35.100826263427734,29.389280319213867,69.33679962158203,173.20103454589844,22.969785690307617
2025-10-20,187.53750610351562,73.47305297851562,181.546142578125,68.29061126708984,159.8800048828125,95.39515686035156,100.0406494140625,74.95999908447266,169.2581787109375,17.792678833007812,811.712646484375,60.30033874511719,253.24578857421875,146.33921813964844,96.4952392578125,15.412997245788574,27.66239356994629,103.18059539794922,21.246273040771484,128.32102966308594,58.25567626953125,124.2876968383789,302.48065185546875,70.05399322509766,194.16697692871094,172.39859008789062,35.26616668701172,29.722597122192383,70.20082092285156,175.7927703857422,22.687410354614258
2025-10-21,186.84786987304688,73.5304946899414,181.61407470703125,69.54684448242188,160.8800048828125,95.1828842163086,100.36089324951172,76.8499984741211,167.99549865722656,17.65961265563965,808.6237182617188,60.754886627197266,254.3916473388672,145.45037841796875,97.18345642089844,15.56254768371582,27.74944496154785,101.79615020751953,21.449077606201172,128.81349182128906,57.6696662902832,123.12476348876953,299.0561218261719,70.0054931640625,194.07859802246094,172.64007568359375,35.58712387084961,29.703554153442383,68.96370697021484,173.23069763183594,23.08662986755371
2025-10-22,185.70176696777344,74.46890258789062,183.7493438720703,70.73542785644531,163.77000427246094,94.26628112792969,101.31192016601562,77.19000244140625,168.75897216796875,17.6976318359375,815.5590209960938,61.64464569091797,256.5667419433594,146.93821716308594,97.90074157714844,15.702749252319336,27.942886352539062,101.34765625,21.642227172851562,129.74049377441406,57.90022659301758,123.08566284179688,301.5881652832031,70.43234252929688,193.79388427734375,173.85720825195312,35.59684753417969,29.779741287231445,69.17971801757812,174.0418701171875,22.989261627197266
2025-10-23,184.8373260498047,73.6454086303711,183.47756958007812,71.24758911132812,164.1999969482422,94.81623077392578,101.874755859375,77.66000366210938,171.67587280273438,17.621599197387695,818.3921508789062,61.24812316894531,256.1201171875,145.70156860351562,97.68749237060547,15.543851852416992,27.962230682373047,101.32815551757812,21.458736419677734,129.80809020996094,57.85218811035156,122.90975952148438,297.1256103515625,70.31593322753906,192.5371551513672,172.6304168701172,35.31480026245117,29.922592163085938,68.68880462646484,174.1605682373047,23.222949981689453
2025-10-24,186.0222930908203,74.12418365478516,183.85610961914062,71.68243408203125,162.9600067138672,95.02850341796875,101.95238494873047,77.88999938964844,175.48350524902344,17.83069610595703,825.8291015625,61.33515930175781,256.9940185546875,145.17019653320312,98.19154357910156,15.412997245788574,27.92354393005371,102.59561920166016,21.57462501525879,129.3832244873047,57.63124084472656,123.55475616455078,293.20635986328125,70.47116088867188,195.07025146484375,172.031494140625,35.2467155456543,29.703554153442383,69.11099243164062,176.02029418945312,23.261898040771484
2025-10-27,184.28366088867188,74.56465911865234,182.82730102539062,72.0206527709961,161.1300048828125,94.16978454589844,101.07901000976562,78.12000274658203,174.36764526367188,18.11583709716797,829.0557861328125,61.22877883911133,254.72177124023438,144.4456024169922,97.89104461669922,15.553199768066406,27.933212280273438,103.7948226928711,21.60359764099121,128.43690490722656,58.025115966796875,124.18997192382812,291.3631591796875,70.99503326416016,193.71533203125,173.6640167236328,35.02301788330078,29.494035720825195,70.24990844726562,180.63990783691406,23.38848114013672
2025-10-28,177.4748992919922,60.26838684082031,178.7023468017578,71.59546661376953,159.44000244140625,91.25592803955078,98.42005920410156,78.2300033569336,170.37403869628906,17.136857986450195,802.8493041992188,59.43959045410156,248.73048400878906,141.94332885742188,94.99280548095703,15.244752883911133,27.26583480834961,101.44515228271484,21.043468475341797,126.21598815917969,56.88190460205078,122.86090087890625,289.1319274902344,69.40400695800781,189.88619995117188,170.75640869140625,34.07960891723633,28.913110733032227,68.77716827392578,177.7613067626953,23.115842819213867
2025-10-29,173.93939208984375,56.26581573486328,171.1027374267578,67.99105072021484,152.7100067138672,89.07536315917969,94.69364166259766,70.51000213623047,163.60057067871094,16.709150314331055,784.7487182617188,56.97342300415039,240.0203094482422,136.9581298828125,92.54043579101562,15.244752883911133,26.569438934326172,98.80299377441406,20.666828155517578,121.93828582763672,56.065330505371094,120.66207122802734,280.5367431640625,67.27938079833984,186.9603271484375,167.73289489746094,32.64017105102539,28.284563064575195,68.51206970214844,175.05087280273438,22.59004020690918
2025-10-30,174.2987518310547,53.97726821899414,169.56924438476562,68.0586929321289,152.88999938964844,88.11050415039062,96.4112777709961,69.63999938964844,167.13412475585938,16.69964599609375,819.6021118164062,58.3274040222168,242.5838623046875,130.23388671875,91.95884704589844,15.02977466583252,27.478622436523438,98.76400756835938,20.270875930786133,124.38130950927734,55.633018493652344,121.40479278564453,272.46539306640625,67.31819152832031,187.66725158691406,167.4527587890625,32.708251953125,28.113140106201172,73.00885009765625,178.9285888671875,22.891889572143555
2025-10-31,173.84225463867188,55.748741149902344,168.802490234375,68.7931137084961,152.42999267578125,87.04916381835938,96.53744506835938,68.80999755859375,166.8013458251953,17.060823440551758,832.2430419921875,57.48599624633789,244.4773712158203,129.0165557861328,93.23834228515625,14.973694801330566,27.22714614868164,100.37268829345703,19.95218276977539,123.82124328613281,55.961181640625,121.2679672241211,270.2341613769531,66.8913345336914,188.00106811523438,169.78076171875,32.76660919189453,28.560741424560547,72.44920349121094,179.0868377685547,22.39529800415039
2025-11-03,171.56944274902344,53.32612609863281,170.20980834960938,68.23263549804688,150.61000061035156,86.37376403808594,97.03235626220703,69.37999725341797,168.31851196289062,16.813703536987305,819.2874145507812,57.13783645629883,246.95350646972656,126.75582122802734,92.7439956665039,15.076507568359375,27.43026351928711,101.07466125488281,19.672117233276367,123.2032470703125,56.173526763916016,121.39501190185547,269.3222351074219,66.85252380371094,190.00401306152344,170.65982055664062,32.863868713378906,28.655975341796875,72.78302001953125,180.35304260253906,21.918182373046875
2025-11-04,175.17294311523438,51.69829177856445,170.87950134277344,67.38226318359375,151.44000244140625,87.1456527709961,98.40065002441406,69.79000091552734,164.70664978027344,16.671131134033203,816.4049682617188,57.42797088623047,249.12863159179688,126.9683837890625,93.1123275756836,15.00173282623291,27.681739807128906,100.73342895507812,19.739721298217773,124.65167236328125,54.18524932861328,121.18000793457031,267.7700500488281,67.05625915527344,192.6352996826172,176.37841796875,33.33071517944336,28.808351516723633,73.55867004394531,182.36114501953125,21.996078491210938
2025-11-05,174.27932739257812,52.15791702270508,172.51007080078125,67.03437805175781,150.07000732421875,86.67288208007812,98.8082275390625,70.44000244140625,162.9936981201172,16.98478889465332,808.7417602539062,57.805152893066406,252.81854248046875,128.5045166015625,93.24803924560547,15.151283264160156,27.44960594177246,97.95477294921875,19.730064392089844,124.08197021484375,54.16594314575195,121.00411224365234,270.5833740234375,67.34729766845703,192.23275756835938,175.22889709472656,33.4279670715332,28.73216438293457,73.61759185791016,184.3395538330078,21.888967514038086
2025-11-06,172.97779846191406,50.91309356689453,170.08364868164062,67.73979949951172,149.99000549316406,84.72386169433594,96.35305786132812,67.36000061035156,164.7849578857422,16.690141677856445,805.9971313476562,56.770328521728516,248.8373260498047,126.62057495117188,92.93785858154297,16.18878746032715,26.898290634155273,98.33501434326172,19.546573638916016,122.67216491699219,54.36863327026367,121.18000793457031,265.7716064453125,66.66819763183594,191.211669921875,174.5913543701172,32.844417572021484,28.360750198364258,73.58812713623047,185.73434448242188,22.229766845703125
2025-11-07,172.84181213378906,53.2495231628418,172.16067504882812,69.9237060546875,152.64999389648438,86.39306640625,98.76940155029297,67.5199966430664,166.29234313964844,16.9372615814209,811.3289794921875,57.74712371826172,252.87684631347656,128.6687469482422,94.3530502319336,16.674823760986328,27.09173583984375,101.51341247558594,19.836294174194336,125.19242095947266,54.889827728271484,122.7436294555664,269.7393798828125,67.68685150146484,193.81350708007812,177.3540802001953,33.52522659301758,28.894062042236328,74.68777465820312,188.19749450683594,22.473194122314453
2025-11-10,174.56100463867188,51.956825256347656,171.54920959472656,69.19895935058594,151.8300018310547,88.60257720947266,99.3710708618164,67.2300033569336,165.62673950195312,16.82320785522461,814.6539916992188,57.55369567871094,252.61460876464844,126.07954406738281,93.81023406982422,16.992618560791016,27.12075424194336,99.7682113647461,19.633487701416016,125.09587097167969,54.416893005371094,122.0595474243164,264.62689208984375,67.9972915649414,195.7967987060547,176.7165069580078,33.62248992919922,28.979772567749023,74.589599609375,189.7367401123047,22.083711624145508
2025-11-11,179.48545837402344,52.52178192138672,173.5777130126953,69.981689453125,154.89999389648438,90.9182357788086,100.61321258544922,68.41000366210938,165.0003204345703,17.0132999420166,807.6793212890625,58.50148010253906,254.1294403076172,129.3933563232422,96.02027130126953,16.77764129638672,27.701082229614258,98.61775970458984,19.981157302856445,127.04642486572266,55.16973114013672,123.38861846923828,269.5550537109375,69.13236236572266,199.15467834472656,178.7064208984375,34.09906005859375,29.17024040222168,74.78595733642578,190.97808837890625,22.142133712768555
2025-11-12,178.08682250976562,51.49720001220703,172.81097412109375,69.23761749267578,155.39999389648438,90.3779067993164,99.65249633789062,69.0199966430664,160.42918395996094,16.766176223754883,800.0062866210938,57.66007995605469,247.58468627929688,128.1374053955078,94.6535415649414,16.880456924438477,27.962230682373047,95.63436126708984,19.884580612182617,126.97881317138672,54.9477424621582,122.00090789794922,266.9260559082031,67.90998077392578,197.96665954589844,177.55691528320312,33.894813537597656,29.122621536254883,75.50270080566406,190.312744140625,21.859758377075195
2025-11-13,175.9305419921875,50.0225715637207,171.77243041992188,68.4162368774414,153.1699981689453,87.42545318603516,98.75,68.52999877929688,154.7617950439453,16.64261817932129,773.7407836914062,57.33125686645508,246.26406860351562,127.47074890136719,94.6341552734375,16.422460556030273,27.333539962768555,89.08259582519531,19.730064392089844,126.06148529052734,54.61957931518555,121.18000793457031,266.0820617675781,67.7353515625,191.48031616210938,177.3637237548828,33.57386016845703,28.998821258544922,75.83651733398438,189.74668884277344,21.850021362304688
2025-11-14,178.3199005126953,50.07044982910156,172.47125244140625,68.26162719726562,153.66000366210938,88.45784759521484,99.6233901977539,68.05000305175781,154.83030700683594,16.587169647216797,772.7865600585938,57.46665954589844,247.21568298339844,128.4079132080078,94.05256652832031,16.441152572631836,27.459278106689453,89.08259582519531,19.72040557861328,126.43807220458984,54.822269439697266,120.03662109375,266.06268310546875,67.51221466064453,194.6988067626953,176.51365661621094,33.72947311401367,28.913110733032227,76.58271026611328,192.47764587402344,21.54817008972168
2025-11-17,175.28948974609375,48.68199920654297,172.28683471679688,66.78313446044922,149.41000366210938,87.3675765991211,99.12846374511719,67.0,154.36048889160156,16.52980613708496,764.2379760742188,57.10881805419922,244.9822998046875,126.12784576416016,93.0541763305664,16.104663848876953,27.12075424194336,86.4599380493164,19.4210262298584,125.79112243652344,55.01530075073242,120.71092224121094,262.19189453125,67.06595611572266,193.2870330810547,174.8328399658203,33.53495788574219,28.694068908691406,77.56453704833984,195.90374755859375,20.94447135925293
2025-11-18,176.33848571777344,48.64369201660156,172.18978881835938,66.80245971679688,150.0800018310547,87.84034729003906,99.01201629638672,66.80999755859375,156.2398223876953,16.912220001220703,766.4906616210938,57.23454666137695,246.23495483398438,125.9249496459961,93.78115844726562,16.07662582397461,26.637144088745117,87.044921875,19.536914825439453,125.94560241699219,55.34346389770508,120.98456573486328,263.3851623535156,67.41520690917969,195.1825714111328,175.74085998535156,33.52522659301758,28.160757064819336,78.4089126586914,196.9166717529297,21.00289535522461
2025-11-19,175.31863403320312,47.408451080322266,171.76272583007812,67.0440444946289,151.7899932861328,87.8499984741211,99.13816833496094,66.0199966430664,155.9265899658203,16.835737228393555,757.1876831054688,57.00243377685547,247.25453186035156,125.03612518310547,93.21895599365234,15.889686584472656,26.55009651184082,84.52950286865234,19.324453353881836,125.36624145507812,54.73539352416992,119.61640167236328,258.2048034667969,67.02715301513672,193.5930633544922,174.0021209716797,33.60303497314453,27.760774612426758,78.54637145996094,195.5363006591797,20.788679122924805
2025-11-20,173.9782257080078,46.786041259765625,171.83067321777344,66.34829711914062,151.5800018310547,86.95268249511719,100.69083404541016,65.5199966430664,154.2528076171875,16.63496971130371,745.0442504882812,57.21520233154297,248.32266235351562,124.44678497314453,93.30619812011719,15.712096214294434,27.03370475769043,80.92212677001953,19.189250946044922,126.3704833984375,54.33967590332031,120.32003784179688,257.5159912109375,67.33759307861328,192.76376342773438,173.94415283203125,33.72947311401367,27.427453994750977,78.33036041259766,196.2115936279297,20.80815315246582
2025-11-21,174.4055938720703,48.72987365722656,175.36355590820312,67.68182373046875,156.7899932861328,86.84654235839844,102.11736297607422,67.25,153.8514862060547,17.055622100830078,746.8949584960938,58.55950927734375,253.63424682617188,127.00702667236328,94.9637222290039,16.282257080078125,27.26583480834961,82.89155578613281,19.662460327148438,129.0162811279297,54.6967887878418,122.92930603027344,261.45465087890625,68.75401306152344,192.53671264648438,176.8517608642578,34.61452865600586,27.44649887084961,77.8001708984375,198.54531860351562,21.207374572753906
2025-11-24,174.4153289794922,49.04587173461914,175.10153198242188,68.28095245361328,158.0500030517578,85.8913345336914,101.54480743408203,67.55000305175781,155.64273071289062,17.065185546875,752.773681640625,58.55950927734375,252.71173095703125,125.93462371826172,94.15919494628906,16.19813346862793,27.21747398376465,82.60882568359375,19.749378204345703,128.72657775878906,54.52306365966797,123.57429504394531,261.12481689453125,69.0450439453125,190.6312713623047,176.44602966308594,34.65343475341797,27.351266860961914,77.36817932128906,200.89891052246094,20.94447135925293
2025-11-25,174.599853515625,50.41516876220703,176.29531860351562,69.99134826660156,162.2100067138672,86.25798797607422,103.03926086425781,69.19999694824219,154.03746032714844,17.313753128051758,740.4323120117188,59.0914306640625,253.59536743164062,127.88619232177734,95.36113739013672,16.628089904785156,27.12075424194336,83.51554870605469,19.971498489379883,130.4164276123047,54.745052337646484,124.492919921875,264.1903381347656,68.94802856445312,190.83860778808594,178.83200073242188,35.091102600097656,27.379837036132812,77.99654388427734,203.17303466796875,21.55790901184082
2025-11-26,176.03738403320312,51.29611587524414,176.51853942871094,70.26191711425781,162.2100067138672,87.3675765991211,102.8936996459961,67.81999969482422,155.54486083984375,17.418914794921875,742.6689453125,59.5556526184082,254.52757263183594,128.7750244140625,95.5453109741211,16.58135414123535,27.014360427856445,84.0615234375,19.913555145263672,130.85093688964844,55.150428771972656,125.24541473388672,266.01416015625,69.13236236572266,192.3096160888672,179.24737548828125,35.100826263427734,27.456026077270508,78.62491607666016,204.821533203125,21.674753189086914
2025-11-28,176.06651306152344,51.391868591308594,176.5865020751953,69.9237060546875,161.8300018310547,88.07190704345703,103.19451904296875,68.80000305175781,156.72923278808594,17.457157135009766,745.5390625,59.720062255859375,255.984130859375,128.65908813476562,95.70040130615234,16.478540420532227,27.275508880615234,84.18826293945312,19.95218276977539,131.21788024902344,55.8680534362793,125.60699462890625,266.33428955078125,69.03534698486328,191.79624938964844,179.98153686523438,35.42177963256836,27.44649887084961,79.16492462158203,206.7779083251953,21.832029342651367
2025-12-01,171.21005249023438,50.846065521240234,174.36386108398438,69.54684448242188,159.33999633789062,85.38961791992188,102.92280578613281,68.0199966430664,153.07821655273438,17.390233993530273,725.7156982421875,59.420249938964844,252.70201110839844,127.47074890136719,95.302978515625,16.403764724731445,26.878950119018555,80.75639343261719,19.788005828857422,130.7157440185547,55.6934928894043,125.99788665771484,263.0456237792969,68.72489929199219,186.16883850097656,178.84165954589844,35.100826263427734,27.227462768554688,78.92928314208984,202.48782348632812,21.74356460571289
2025-12-02,170.7632598876953,51.545082092285156,175.79061889648438,69.3342514038086,159.3300018310547,85.1773452758789,102.86458587646484,68.19999694824219,153.18589782714844,17.24683380126953,719.8765869140625,59.942501068115234,253.1778564453125,128.0311279296875,94.60507202148438,16.385072708129883,26.985342025756836,80.69789123535156,19.604515075683594,130.6095428466797,55.76137924194336,125.99788665771484,264.9955749511719,67.9390869140625,184.58920288085938,175.97271728515625,35.295345306396484,27.094135284423828,78.62491607666016,201.79266357421875,21.517475128173828
2025-12-03,171.12261962890625,46.36471939086914,176.17884826660156,68.75444793701172,162.27999877929688,85.22559356689453,102.4375991821289,69.0199966430664,156.308349609375,16.52980613708496,725.1614990234375,59.9908561706543,252.25535583496094,127.76060485839844,94.87648010253906,16.506580352783203,26.753210067749023,82.17008972167969,19.71074867248535,129.89498901367188,56.33354568481445,126.25199127197266,269.9333801269531,67.85177612304688,184.95448303222656,176.09829711914062,34.77014923095703,26.951282501220703,78.54637145996094,200.52154541015625,21.497817993164062
2025-12-04,173.69656372070312,44.612396240234375,174.14064025878906,68.18431091308594,161.47000122070312,85.4957504272461,101.41865539550781,68.19000244140625,157.6101837158203,16.424646377563477,718.5999145507812,59.58466339111328,250.10935974121094,126.64955139160156,94.14949798583984,16.039236068725586,26.48238754272461,82.90130615234375,19.662460327148438,128.2920684814453,56.44990539550781,125.26494598388672,268.36181640625,67.00775146484375,187.5806121826172,177.08358764648438,34.25467300415039,26.665578842163086,78.9881820678711,202.45802307128906,21.035816192626953
2025-12-05,173.7257080078125,43.54951477050781,172.78182983398438,66.9474105834961,160.86000061035156,86.14219665527344,100.80729675292969,68.01000213623047,161.24160766601562,16.271678924560547,733.9301147460938,59.0527458190918,247.9730682373047,125.17137145996094,94.21734619140625,16.132705688476562,26.25025749206543,82.1993408203125,19.69180679321289,127.1429672241211,56.71174621582031,125.06951141357422,263.92840576171875,66.64878845214844,187.1659698486328,176.3494415283203,34.23522186279297,26.408447265625,79.14527893066406,202.89498901367188,21.320880889892578
2025-12-08,177.9411163330078,43.0611572265625,172.3839111328125,66.22266387939453,155.38999938964844,87.6280746459961,99.65249633789062,66.33000183105469,160.3117218017578,16.003986358642578,732.297119140625,58.60786437988281,244.91433715820312,124.18592834472656,92.58889770507812,15.983156204223633,25.785993576049805,82.31633758544922,19.34942626953125,126.49600982666016,55.58682632446289,123.78929138183594,261.4934387207031,65.84358215332031,188.54812622070312,173.94415283203125,33.933719635009766,26.589393615722656,79.5281982421875,199.48875427246094,21.900840759277344
2025-12-09,174.39590454101562,43.367576599121094,170.21951293945312,66.65751647949219,156.02000427246094,87.02986145019531,98.68207550048828,67.93000030517578,159.31332397460938,15.76497745513916,733.0294799804688,58.07594299316406,244.89491271972656,122.39859771728516,93.95563507080078,16.3102970123291,25.23468017578125,82.96955871582031,19.466814041137695,126.0228500366211,55.32498550415039,124.55155181884766,256.798095703125,65.76596069335938,186.87965393066406,174.8908233642578,33.94344711303711,26.4370174407959,78.55618286132812,194.4439239501953,21.74356460571289
2025-12-10,175.0854949951172,44.49748992919922,171.15126037597656,67.97172546386719,156.64999389648438,87.45439910888672,100.07947540283203,67.87000274658203,156.1321563720703,15.898821830749512,726.8241577148438,58.67556381225586,247.81771850585938,125.374267578125,94.50814056396484,16.665477752685547,25.611894607543945,83.35955047607422,19.623329162597656,127.36505889892578,54.95647048950195,126.76016998291016,259.6211242675781,65.19357299804688,186.810546875,177.62881469726562,34.25467300415039,26.4370174407959,76.31761169433594,189.74668884277344,22.638076782226562
2025-12-11,176.493896484375,43.63569259643555,170.88922119140625,69.20863342285156,160.4600067138672,88.61222076416016,101.08871459960938,67.47000122070312,155.45677185058594,15.946627616882324,746.3506469726562,58.63688278198242,250.65313720703125,128.51419067382812,95.74886322021484,16.945884704589844,25.67959976196289,85.82621002197266,19.69180679321289,128.3886260986328,55.48984909057617,127.59082794189453,265.52911376953125,65.73686218261719,190.3745880126953,177.82440185546875,34.64371109008789,26.779863357543945,75.865966796875,183.68893432617188,22.80518341064453
2025-12-12,175.5128631591797,44.660274505615234,171.69479370117188,69.00569915771484,159.5800018310547,87.76315307617188,101.1469497680664,68.2300033569336,150.37667846679688,15.889263153076172,742.5798950195312,58.94635772705078,250.1579132080078,129.9247283935547,96.5243148803711,17.160863876342773,25.486156463623047,81.26337432861328,19.721153259277344,127.5678482055664,55.9747314453125,127.2194595336914,266.7514343261719,65.73686218261719,189.21949768066406,177.9906463623047,34.556175231933594,27.294126510620117,76.44525909423828,185.43673706054688,22.99195098876953
2025-12-15,175.0854949951172,45.39759063720703,172.55859375,69.20863342285156,158.8699951171875,87.36581420898438,101.55451202392578,63.75,150.85028076171875,15.927505493164062,753.5357666015625,59.0914306640625,251.7504425048828,130.35501098632812,97.81350708007812,17.422574996948242,26.018125534057617,81.21804809570312,20.053752899169922,128.13755798339844,56.3238410949707,127.68855285644531,267.1535949707031,66.95829772949219,190.6707763671875,180.09303283691406,34.809051513671875,27.236988067626953,77.2798080444336,189.15084838867188,22.9526309967041
2025-12-16,173.9879608154297,44.97626876831055,171.73361206054688,68.31959533691406,160.6999969482422,85.81355285644531,102.29203796386719,63.619998931884766,148.27508544921875,15.64069652557373,750.3291625976562,58.73358917236328,248.0410614013672,127.81244659423828,97.04774475097656,17.095436096191406,25.960092544555664,79.79939270019531,19.64289665222168,128.61073303222656,55.70319366455078,125.6794204711914,262.3476257324219,65.88893127441406,187.5608673095703,178.4893341064453,34.488094329833984,26.960803985595703,76.82816314697266,189.08131408691406,22.88382339477539
2025-12-17,173.36631774902344,45.54122543334961,175.92649841308594,67.19865417480469,160.00999450683594,86.1552505493164,105.65406799316406,64.83000183105469,146.41030883789062,15.678936004638672,740.1651000976562,59.942501068115234,254.84800720214844,128.9663848876953,98.57926177978516,17.357145309448242,26.463045120239258,78.2132568359375,20.00484275817871,132.37661743164062,56.01351547241211,126.1324691772461,262.0435485839844,66.7620849609375,188.51852416992188,180.14193725585938,35.41205596923828,27.47369956970215,77.46635437011719,187.84991455078125,23.32616424560547
2025-12-18,169.28688049316406,46.872222900390625,175.89736938476562,66.86044311523438,160.55999755859375,84.83729553222656,105.97753143310547,64.87999725341797,145.95643615722656,15.688498497009277,736.4043579101562,60.048885345458984,253.50799560546875,127.99825286865234,98.53079223632812,17.254331588745117,26.51140785217285,77.69111633300781,19.838542938232422,131.62342834472656,55.05345153808594,125.72866821289062,256.3548278808594,66.42852020263672,187.93603515625,180.97312927246094,35.130008697509766,27.19306182861328,78.4580078125,186.1914825439453,23.19837760925293
2025-12-19,167.4608612060547,45.90509033203125,173.85919189453125,66.39659881591797,161.6300048828125,84.05628204345703,105.1541748046875,65.2300033569336,147.9889678955078,15.382575988769531,750.6854858398438,59.35255432128906,249.93458557128906,127.19637298583984,98.25939178466797,17.30106544494629,26.163206100463867,78.90287780761719,19.554855346679688,129.61495971679688,54.62675857543945,125.30516815185547,254.17742919921875,67.25261688232422,187.59048461914062,180.83621215820312,34.672889709472656,26.805971145629883,77.6627197265625,184.72171020507812,23.08041763305664
2025-12-22,167.57740783691406,46.55622863769531,177.14942932128906,67.11167907714844,164.05999755859375,84.37844848632812,106.36959838867188,66.5999984741211,151.4619903564453,15.430679321289062,750.1015625,60.2423095703125,253.28463745117188,127.87110900878906,98.55018615722656,17.413225173950195,26.443700790405273,79.819091796875,19.59398651123047,131.980712890625,54.95647048950195,125.65972137451172,256.3940734863281,67.80201721191406,188.20260620117188,182.52792358398438,35.12028121948242,26.96080780029297,77.74126434326172,185.13880920410156,23.306503295898438
2025-12-23,169.5005645751953,46.02957534790039,176.29531860351562,66.48357391357422,163.85000610351562,85.3449478149414,105.66387939453125,66.63999938964844,151.8270721435547,15.180553436279297,752.2886962890625,60.2809944152832,252.16795349121094,126.5411605834961,98.02674865722656,17.160863876342773,26.297008514404297,79.60236358642578,19.672243118286133,131.55584716796875,54.238853454589844,125.83699798583984,254.4520721435547,67.81183624267578,189.46629333496094,183.44712829589844,35.061920166015625,26.864032745361328,77.67254638671875,185.5658416748047,23.14922523498535
2025-12-24,169.78225708007812,46.690284729003906,177.68325805664062,66.88943481445312,164.94000244140625,85.76473999023438,106.41860961914062,66.88999938964844,153.1195831298828,15.421058654785156,750.8932495117188,60.6678466796875,253.5565185546875,127.38216400146484,99.18994140625,17.310413360595703,26.717525482177734,80.25257873535156,19.975494384765625,132.714599609375,54.95647048950195,127.19611358642578,257.0511779785156,68.23369598388672,190.14752197265625,184.12184143066406,35.43151092529297,27.05757713317871,78.17327880859375,186.4000244140625,23.35565185546875
2025-12-26,171.34603881835938,46.537078857421875,177.8191375732422,67.0053939819336,164.7100067138672,86.18453979492188,107.0949478149414,67.01000213623047,152.94198608398438,15.498019218444824,755.426025390625,61.01601028442383,254.56643676757812,127.90045166015625,99.20932006835938,17.235637664794922,26.84465980529785,80.77471923828125,19.91680145263672,133.0622100830078,54.975868225097656,126.76278686523438,255.65847778320312,68.23369598388672,190.14752197265625,183.5546875,35.50931167602539,27.222091674804688,78.17327880859375,186.5589141845703,23.335994720458984
2025-12-29,172.44447326660156,47.082881927490234,178.4888153076172,66.68650817871094,164.1699981689453,86.55552673339844,107.81047058105469,67.5999984741211,153.5734405517578,15.449919700622559,757.1085205078125,61.19976043701172,255.37234497070312,127.8515625,98.93791198730469,17.18890380859375,27.128263473510742,81.40522766113281,19.946147918701172,134.394775390625,55.092247009277344,126.5362548828125,254.3441925048828,68.46914672851562,191.2236328125,183.4666748046875,35.655208587646484,27.38660430908203,78.20272827148438,188.3265838623047,23.404802322387695
2025-12-30,173.31732177734375,47.370147705078125,179.55645751953125,66.937744140625,163.30999755859375,86.98507690429688,108.52600860595703,67.86000061035156,154.30357360839844,15.565361022949219,761.7699584960938,61.41252899169922,256.27545166015625,128.6534423828125,98.6858901977539,17.095436096191406,27.343412399291992,82.12442016601562,19.91680145263672,135.09967041015625,55.30558776855469,127.05823516845703,256.11944580078125,68.28274536132812,192.27999877929688,182.69415283203125,35.97616195678711,27.425315856933594,77.41726684570312,186.69793701171875,23.58173942565918
2025-12-31,172.18948364257812,47.554771423339844,177.6555633544922,65.87369537353516,160.7899932861328,86.76053619384766,107.89869689941406,67.23999786376953,152.64599609375,15.469160079956055,758.2565307617188,60.967655181884766,254.10031127929688,127.34305572509766,97.7068862915039,16.895320892333984,27.177162170410156,81.72048950195312,19.828760147094727,134.13404846191406,54.92558288574219,125.72866821289062,254.5207061767578,67.72352600097656,190.96693420410156,181.01222229003906,35.67465591430664,27.21241569519043,76.43929290771484,184.32449340820312,23.286846160888672
2026-01-02,171.43429565429688,47.58392333984375,176.84228515625,66.20560455322266,160.19000244140625,86.59456634521484,107.98690795898438,65.69000244140625,152.9617156982422,15.584603309631348,756.2276611328125,60.65766525268555,251.9232635498047,128.07647705078125,97.07948303222656,17.305076599121094,27.10870361328125,82.00618743896484,19.623329162597656,134.34649658203125,55.84149932861328,127.0976333618164,253.48106384277344,66.67378234863281,190.02903747558594,179.89747619628906,35.684383392333984,27.241445541381836,76.38990783691406,185.64529418945312,23.39497184753418
2026-01-05,172.85638427734375,48.13779067993164,176.64630126953125,65.49297332763672,164.39999389648438,86.32121276855469,106.9381103515625,66.41999816894531,153.6918487548828,15.767382621765137,764.05615234375,59.57221984863281,248.16729736328125,128.20361328125,97.59904479980469,17.26696014404297,26.86421775817871,82.42981719970703,19.701589584350586,132.627685546875,56.36766052246094,127.72795867919922,255.8938446044922,67.2722396850586,187.63986206054688,179.0565185546875,35.130008697509766,27.222091674804688,75.5107192993164,183.45059204101562,23.847145080566406
2026-01-06,172.43466186523438,50.897403717041016,180.0365753173828,66.47893524169922,166.9199981689453,85.06182861328125,108.12413024902344,67.19999694824219,154.68838500976562,15.87320327758789,779.9306030273438,61.02926254272461,251.6486358642578,132.46728515625,98.93225860595703,17.40036964416504,27.48032569885254,83.62187957763672,19.89723777770996,133.4194793701172,55.94867706298828,125.53169250488281,265.13311767578125,68.3023681640625,185.72454833984375,182.1759033203125,36.092872619628906,26.951129913330078,75.21437072753906,184.3741455078125,23.58173942565918
2026-01-07,166.177490234375,50.70306396484375,175.88204956054688,64.55583190917969,166.3300018310547,83.07025146484375,106.0853500366211,61.65999984741211,152.80384826660156,16.296489715576172,768.539306640625,60.56965637207031,246.20596313476562,130.9221954345703,99.66748809814453,16.952495574951172,25.827594757080078,85.75971984863281,19.867889404296875,130.33917236328125,55.880470275878906,124.98016357421875,260.5821228027344,68.66535949707031,179.10986328125,179.87791442871094,35.81081771850586,26.670490264892578,74.76984405517578,184.3642120361328,22.785524368286133
2026-01-08,167.0503692626953,51.762210845947266,180.36973571777344,65.45393371582031,165.9600067138672,82.51377868652344,109.16313171386719,61.36000061035156,150.8897247314453,16.392690658569336,773.8143920898438,61.47908401489258,251.98208618164062,133.33763122558594,100.77523803710938,17.35272216796875,26.052520751953125,86.02571868896484,20.171142578125,133.77676391601562,56.79638671875,126.44761657714844,265.9177551269531,69.28343963623047,179.05064392089844,180.88511657714844,36.29711151123047,26.96080780029297,74.1672592163086,185.0196533203125,23.58173942565918
2026-01-09,165.26541137695312,52.44240188598633,175.754638671875,66.3617935180664,165.4600067138672,81.68396759033203,106.64405822753906,58.4900016784668,156.43475341796875,16.075225830078125,792.0938110351562,59.102840423583984,246.16673278808594,136.12464904785156,99.63807678222656,17.571895599365234,25.91560935974121,87.86800384521484,19.96571159362793,131.2275390625,56.67946243286133,127.44232940673828,272.8128662109375,68.40047454833984,178.89266967773438,180.60153198242188,35.81081771850586,26.864032745361328,73.98944091796875,184.79124450683594,25.29212760925293
2026-01-12,168.2272491455078,52.82136154174805,174.79440307617188,65.31726837158203,166.72000122070312,82.9726333618164,105.25218963623047,59.29999923706055,155.7638397216797,16.171428680419922,775.77392578125,58.92682647705078,245.2547149658203,137.26881408691406,99.79493713378906,17.47660255432129,26.052520751953125,88.17340850830078,20.151575088500977,129.61495971679688,57.381011962890625,127.10748291015625,273.8427429199219,68.86158752441406,182.644287109375,180.73843383789062,35.623844146728516,26.989837646484375,74.75996398925781,185.3870849609375,25.311786651611328
2026-01-13,170.61048889160156,53.09343338012695,175.20594787597656,64.7413101196289,164.7100067138672,84.74942779541016,105.46783447265625,61.81999969482422,158.56594848632812,16.296489715576172,793.0439453125,58.85837173461914,245.0880126953125,137.39593505859375,100.07921600341797,17.638599395751953,25.65156364440918,90.76441955566406,20.11244773864746,129.8177490234375,57.71229553222656,128.2499237060547,274.46063232421875,68.63593292236328,185.64556884765625,180.29840087890625,35.55495834350586,26.91242027282715,75.99476623535156,186.9462127685547,25.01689338684082
2026-01-14,174.06268310546875,54.55097579956055,176.5287322998047,64.79011535644531,164.89999389648438,86.56527709960938,105.70307922363281,63.869998931884766,157.13526916503906,16.60433578491211,790.777587890625,59.846031188964844,248.28497314453125,141.522705078125,100.0105972290039,17.36225128173828,26.16009521484375,90.18316650390625,20.190704345703125,131.58480834960938,58.76462936401367,130.2098388671875,282.2482604980469,68.59668731689453,189.6143798828125,181.60873413085938,36.145408630371094,27.241445541381836,75.9848861694336,187.40304565429688,26.166982650756836
2026-01-15,178.0543212890625,55.63927459716797,177.1558380126953,65.51250457763672,170.8300018310547,88.26398468017578,106.20297241210938,63.380001068115234,158.42782592773438,16.883317947387695,793.5487060546875,59.81669235229492,248.618408203125,143.8794708251953,99.79493713378906,17.600481033325195,26.463258743286133,91.29641723632812,20.32765769958496,132.2684326171875,59.16412353515625,130.7416534423828,287.4073486328125,68.52800750732422,189.5452880859375,178.2742156982422,36.48984146118164,27.50273323059082,75.9848861694336,186.87667846679688,26.343917846679688
2026-01-16,180.0354461669922,56.251441955566406,178.74317932128906,66.33250427246094,171.58999633789062,88.71306610107422,107.33018493652344,65.33999633789062,161.41738891601562,17.252954483032227,793.5091552734375,60.66744613647461,253.27655029296875,145.5810089111328,101.62809753417969,17.714834213256836,27.04024887084961,94.50809478759766,20.6015625,133.87977600097656,59.84617614746094,131.1947021484375,288.2508544921875,70.11735534667969,191.63829040527344,180.82643127441406,37.040924072265625,28.04465675354004,77.49628448486328,190.05453491210938,26.5994930267334
2026-01-20,174.32749938964844,55.89191436767578,174.66702270507812,64.06773376464844,165.36000061035156,84.74942779541016,105.12477111816406,63.81999969482422,157.490478515625,17.252954483032227,776.1104125976562,59.670013427734375,251.29562377929688,142.31480407714844,100.57917022705078,17.381309509277344,26.688188552856445,90.98115539550781,20.513521194458008,131.27230834960938,60.04105758666992,128.8310089111328,279.70794677734375,69.19514465332031,183.51307678222656,180.23973083496094,36.568565368652344,27.889820098876953,77.22956848144531,186.69793701171875,26.501195907592773
2026-01-21,174.73941040039062,56.79559326171875,175.35292053222656,64.36058807373047,170.2899932861328,85.10088348388672,106.28138732910156,64.7699966430664,156.87875366210938,17.330364227294922,787.2740478515625,59.99271011352539,252.26646423339844,142.2072296142578,100.44193267822266,17.80059814453125,26.893558502197266,92.41951751708984,20.464611053466797,132.2098388671875,60.206703186035156,129.156005859375,283.16046142578125,69.67586517333984,183.75990295410156,181.07090759277344,37.0704460144043,27.454347610473633,76.83442687988281,184.7117919921875,26.609323501586914
2026-01-22,173.5428924560547,56.44578170776367,172.2174072265625,63.843204498291016,170.1699981689453,84.14414978027344,104.36022186279297,66.26000213623047,156.59262084960938,17.214252471923828,784.5821533203125,59.6113395690918,248.05941772460938,140.5839080810547,99.65768432617188,17.924476623535156,26.424142837524414,92.45892333984375,20.308094024658203,131.50669860839844,59.29078674316406,124.7536392211914,281.0810852050781,69.5188980102539,182.9305877685547,181.00247192382812,36.95235824584961,27.280155181884766,75.6490249633789,180.6997833251953,26.334089279174805
2026-01-23,175.3082275390625,58.00049591064453,175.16676330566406,63.931060791015625,169.22999572753906,84.54441833496094,105.72268676757812,65.5999984741211,157.03662109375,17.494863510131836,783.1074829101562,60.716339111328125,249.16757202148438,138.39340209960938,99.76551818847656,17.819656372070312,26.590394973754883,92.2027816772461,20.503740310668945,132.61021423339844,59.18360900878906,125.22637939453125,277.2069091796875,69.7936019897461,184.7767791748047,180.64065551757812,37.119651794433594,27.618860244750977,76.05403137207031,182.40785217285156,26.21613121032715
2026-01-26,176.0045623779297,55.54210662841797,174.18692016601562,63.22819900512695,170.30999755859375,85.17898559570312,105.87950897216797,65.80999755859375,159.4144744873047,17.185222625732422,798.0319213867188,60.74567413330078,248.03981018066406,136.9949951171875,99.5694580078125,17.848241806030273,26.306787490844727,92.4490737915039,20.396135330200195,131.7996826171875,58.85232162475586,124.51727294921875,273.4013671875,69.93095397949219,185.28028869628906,181.2273712158203,36.41111373901367,27.589826583862305,75.35266876220703,182.35821533203125,26.147323608398438
2026-01-27,176.6028289794922,56.49436569213867,172.4819793701172,63.66749572753906,169.38999938964844,84.69085693359375,106.76167297363281,66.22000122070312,160.98326110839844,17.136837005615234,801.1989135742188,60.7750129699707,246.86300659179688,136.7016143798828,99.48123168945312,17.705305099487305,26.179655075073242,90.36050415039062,20.484174728393555,131.57505798339844,59.35899353027344,126.7529296875,272.3714904785156,69.94075775146484,184.41148376464844,180.4744110107422,36.509517669677734,27.580150604248047,75.02667999267578,182.21917724609375,25.783618927001953
2026-01-28,174.0921173095703,53.06428527832031,169.48365783691406,62.62296676635742,169.5,82.87500762939453,105.0953598022461,65.19999694824219,161.0325927734375,16.594961166381836,807.7308959960938,59.4157600402832,240.7338409423828,134.1297149658203,97.85392761230469,17.571895599365234,25.632003784179688,90.87278747558594,20.034189224243164,129.35821533203125,58.53077697753906,125.20668029785156,268.60516357421875,69.11666107177734,181.8149871826172,179.69212341308594,35.85018539428711,26.989837646484375,74.9970474243164,182.6660614013672,25.606679916381836
2026-01-29,177.84835815429688,52.52013397216797,171.27676391601562,63.462493896484375,171.61000061035156,84.85681915283203,106.84009552001953,61.93000030517578,165.20616149902344,16.585283279418945,817.5287475585938,60.49142837524414,245.0487823486328,135.80194091796875,98.60875701904297,17.781538009643555,25.768917083740234,91.65107727050781,20.25918197631836,130.5496368408203,59.22258377075195,128.4370574951172,272.1263122558594,70.6176986694336,185.37901306152344,185.59841918945312,36.32254409790039,27.20273780822754,75.93549346923828,184.40394592285156,25.488725662231445
2026-01-30,175.82803344726562,53.09343338012695,174.0889129638672,63.130584716796875,170.3300018310547,84.74942779541016,106.88910675048828,61.5,163.73602294921875,16.682050704956055,812.4615478515625,60.94124984741211,247.0002899169922,134.9218292236328,99.16753387451172,17.657657623291016,26.14053726196289,90.76441955566406,20.621126174926758,131.15512084960938,59.8587532043457,128.5847930908203,270.8904724121094,71.49085998535156,181.765625,187.07498168945312,36.55872344970703,27.1737060546875,76.72576904296875,187.05545043945312,25.341278076171875
2026-02-02,170.35548400878906,52.617305755615234,171.7863006591797,61.55891036987305,169.36000061035156,82.9433364868164,105.17378234863281,61.18000030517578,162.90724182128906,16.372407913208008,802.0203857421875,60.2469596862793,243.65623474121094,132.21302795410156,98.3538818359375,17.791067123413086,25.671123504638672,88.09458923339844,20.376569747924805,129.21173095703125,59.242156982421875,127.71810150146484,266.5945129394531,70.6176986694336,178.83343505859375,186.9869842529297,36.16509246826172,27.047903060913086,76.46893310546875,186.1318817138672,25.40025520324707
2026-02-03,169.7964630126953,52.2966423034668,170.77703857421875,61.266048431396484,163.35000610351562,82.40640258789062,104.80130767822266,51.72999954223633,162.25604248046875,15.917617797851562,793.55859375,60.422977447509766,242.8030548095703,135.06851196289062,98.38329315185547,17.981653213500977,25.6026668548584,87.29660034179688,20.445045471191406,129.1042938232422,60.15237045288086,129.88482666015625,274.1761779785156,71.11804962158203,177.36241149902344,185.22682189941406,36.04700469970703,27.144672393798828,76.74552917480469,186.20140075683594,26.22595977783203
2026-02-04,173.15060424804688,53.74447250366211,174.22610473632812,62.21295928955078,165.88999938964844,84.06604766845703,106.55583953857422,52.34000015258789,164.5648193359375,16.236936569213867,793.8555297851562,61.68444061279297,247.68678283691406,138.57920837402344,101.55947875976562,18.400938034057617,25.886268615722656,88.7349624633789,21.041767120361328,131.88755798339844,61.131099700927734,132.80003356933594,282.9642639160156,72.84473419189453,182.5159454345703,191.26023864746094,37.01140213012695,27.918855667114258,76.78504180908203,184.1953887939453,26.245620727539062
2026-02-05,168.1880340576172,53.579280853271484,166.27957153320312,61.666290283203125,166.17999267578125,76.509765625,104.45824432373047,50.9900016784668,162.45338439941406,16.140174865722656,799.2294921875,60.403419494628906,246.62765502929688,135.47923278808594,102.78485870361328,18.105531692504883,25.827594757080078,87.63155364990234,21.217849731445312,127.65895080566406,62.01194763183594,134.0803680419922,277.39324951171875,74.05146026611328,178.21145629882812,192.8932647705078,36.53904342651367,27.812402725219727,78.869384765625,189.7367401123047,26.255449295043945
2026-02-06,167.97225952148438,54.317771911621094,170.32632446289062,63.17939758300781,169.6699981689453,78.9601821899414,104.51705169677734,50.279998779296875,169.33038330078125,16.304670333862305,839.3710327148438,62.47651672363281,253.0706329345703,136.916748046875,103.67693328857422,18.439054489135742,25.759138107299805,94.36032104492188,21.354801177978516,129.03594970703125,61.884708404541016,134.87811279296875,281.4930419921875,73.79637908935547,178.43853759765625,195.1814727783203,36.95235824584961,27.831758499145508,81.54644775390625,194.56309509277344,26.186641693115234
2026-02-09,170.3652801513672,54.60927963256836,169.9637908935547,63.462493896484375,170.97999572753906,81.10796356201172,105.74227905273438,50.959999084472656,169.83358764648438,16.294994354248047,848.8917846679688,63.2392578125,252.81564331054688,137.259033203125,104.0200424194336,18.6201114654541,25.856931686401367,95.64105987548828,21.286325454711914,130.4519805908203,61.7476921081543,135.203125,283.3468017578125,74.6204833984375,182.27899169921875,192.2185516357422,37.149173736572266,28.122074127197266,81.74401092529297,195.88388061523438,26.206302642822266
2026-02-10,175.07286071777344,55.2505989074707,173.85374450683594,64.52654266357422,170.3300018310547,82.53330993652344,108.22215270996094,50.849998474121094,170.22824096679688,16.44981575012207,847.902099609375,64.11934661865234,257.4346008300781,138.31517028808594,105.52970886230469,18.991750717163086,26.776201248168945,97.83799743652344,21.70696449279785,133.25477600097656,62.54045486450195,138.35470581054688,286.72076416015625,75.61136627197266,186.67233276367188,191.95452880859375,38.75323486328125,28.30594253540039,82.88003540039062,199.4490203857422,26.481536865234375
2026-02-11,177.00491333007812,52.23834228515625,176.20538330078125,60.30937957763672,149.49000549316406,84.02699279785156,108.56521606445312,47.869998931884766,172.2410430908203,16.411109924316406,858.5709838867188,63.219703674316406,256.3558349609375,139.33218383789062,104.84349060058594,19.02033805847168,26.60017204284668,98.73451232910156,21.51131820678711,132.8446044921875,63.127689361572266,137.7637939453125,288.2017822265625,75.0227279663086,188.5283966064453,190.45840454101562,39.137027740478516,28.228525161743164,84.64826965332031,206.4402618408203,26.638813018798828
2026-02-12,184.5664825439453,48.97344970703125,171.7274932861328,57.66388702392578,136.27999877929688,85.72569274902344,105.35021209716797,45.029998779296875,177.90444946289062,15.753119468688965,947.9888916015625,61.65510177612305,246.5001678466797,141.15109252929688,102.68682861328125,18.6201114654541,26.248111724853516,104.42884063720703,21.834135055541992,130.3152618408203,63.401737213134766,134.31674194335938,286.760009765625,74.19861602783203,196.7523193359375,187.19232177734375,37.5624885559082,28.122074127197266,84.16422271728516,206.69845581054688,26.579833984375
2026-02-13,188.4011993408203,51.00429153442383,172.63876342773438,60.026283264160156,142.30999755859375,88.23468780517578,106.37940216064453,44.9900016784668,178.5556640625,16.26140785217285,946.3262329101562,62.447181701660156,246.3040313720703,143.12648010253906,102.73584747314453,18.953632354736328,26.394804000854492,108.20207214355469,22.21564483642578,132.3758544921875,64.26301574707031,136.86756896972656,294.5868835449219,74.73821258544922,198.21348571777344,192.47279357910156,37.4837646484375,28.354328155517578,84.20374298095703,209.26058959960938,26.294769287109375
2026-02-17,189.3721160888672,52.86994552612305,174.06930541992188,59.21603775024414,141.24000549316406,89.6795654296875,106.22257995605469,45.7400016784668,177.49005126953125,16.767751693725586,942.1497192382812,62.07558822631836,248.45169067382812,144.57376098632812,104.1180648803711,19.067983627319336,26.541494369506836,107.17748260498047,22.646066665649414,131.26255798339844,65.07534790039062,139.6251983642578,296.2052307128906,75.7291030883789,200.53355407714844,197.53811645507812,37.39519500732422,28.896257400512695,85.83367919921875,213.9876251220703,26.422557830810547
2026-02-18,183.02670288085938,52.62702178955078,174.47105407714844,60.08485412597656,152.00999450683594,85.3547134399414,106.41860961914062,48.939998626708984,173.67169189453125,16.670379638671875,914.705810546875,62.18315505981445,251.22695922851562,141.9725341796875,103.37303161621094,19.306215286254883,26.248111724853516,104.26136016845703,22.16673469543457,131.95591735839844,63.68556594848633,137.517578125,293.2627868652344,74.28691864013672,194.9456329345703,195.2108154296875,37.64122009277344,28.760772705078125,84.69766235351562,207.1453399658203,25.822938919067383
2026-02-19,181.23194885253906,51.88853454589844,173.99093627929688,60.73890686035156,149.19000244140625,84.4175033569336,106.43821716308594,49.06999969482422,174.53993225097656,16.611955642700195,908.5599365234375,61.65510177612305,249.5107879638672,142.8624267578125,103.7847671508789,19.125158309936523,25.113691329956055,106.5469741821289,22.078693389892578,131.90708923339844,64.10641479492188,136.93649291992188,292.77239990234375,74.37521362304688,195.76504516601562,195.298828125,37.129493713378906,28.905933380126953,84.44083404541016,206.56935119628906,25.115190505981445
2026-02-20,183.7034149169922,52.1314582824707,173.82435607910156,59.43080139160156,147.00999450683594,85.92094421386719,105.07575988769531,49.869998931884766,173.33621215820312,16.543790817260742,918.535888671875,61.215057373046875,249.59906005859375,149.3752899169922,105.3336410522461,19.43962287902832,24.7420711517334,108.6552505493164,22.665632247924805,130.34457397460938,64.73279571533203,139.36912536621094,299.1476745605469,75.3955307006836,196.99913024902344,197.2349853515625,36.578407287597656,29.118831634521484,84.89523315429688,206.74810791015625,24.84978675842285
2026-02-23,186.3906707763672,52.2286262512207,172.80532836914062,58.2007942199707,144.17999267578125,85.61830139160156,106.05594635009766,47.869998931884766,173.74075317382812,16.84564971923828,935.8851318359375,61.91912841796875,250.39341735839844,147.08700561523438,106.98055267333984,18.829753875732422,25.094133377075195,109.54190826416016,22.900407791137695,130.2078399658203,65.26132202148438,138.61077880859375,299.4026794433594,76.30792999267578,197.09786987304688,195.64108276367188,36.77522277832031,29.24463653564453,85.56697082519531,208.0887451171875,24.70233726501465
2026-02-24,186.52796936035156,52.1994743347168,174.000732421875,58.08365249633789,146.1699981689453,86.53599548339844,106.59504699707031,49.150001525878906,175.86207580566406,16.796960830688477,942.08056640625,62.1538200378418,253.404052734375,146.37310791015625,105.57872009277344,18.953632354736328,25.103914260864258,111.5615234375,22.792800903320312,130.95004272460938,65.1047134399414,138.1774444580078,298.27471923828125,75.80757904052734,199.0329132080078,194.9663543701172,36.94252014160156,29.30270004272461,85.3792724609375,207.85043334960938,24.46642303466797
2026-02-25,178.96641540527344,52.52985382080078,174.6768341064453,58.86460876464844,147.24000549316406,83.99771118164062,106.68325805664062,44.779998779296875,177.19406127929688,17.05013656616211,955.792724609375,61.99736022949219,254.90444946289062,143.6251983642578,105.86300659179688,18.7821044921875,25.055015563964844,110.12316131591797,22.812366485595703,130.91099548339844,64.58599853515625,137.91151428222656,293.6061096191406,76.45509338378906,194.65931701660156,196.54071044921875,37.0704460144043,29.26399040222168,85.3595199584961,207.54147338867188,23.945444107055664
2026-02-26,181.44769287109375,53.559844970703125,176.04861450195312,59.713897705078125,150.0,84.34915924072266,108.0555191040039,45.0,174.0170135498047,17.05013656616211,943.354248046875,62.70143127441406,257.6601257324219,144.37818908691406,106.30414581298828,19.344329833984375,25.72001838684082,107.72917938232422,23.12540054321289,132.6883544921875,65.18299865722656,140.50173950195312,298.1178283691406,76.93582153320312,189.72299194335938,198.1150665283203,37.4837646484375,28.818838119506836,85.38916015625,207.74078369140625,24.102720260620117
2026-02-27,188.1658172607422,52.51041793823242,173.6577911376953,56.20935821533203,147.66000366210938,87.41463470458984,106.19316864013672,44.630001068115234,174.8359375,17.215669631958008,969.465087890625,61.811561584472656,250.17767333984375,147.69329833984375,106.62763977050781,18.667757034301758,25.759138107299805,106.72430419921875,23.0373592376709,130.72543334960938,65.84142303466797,140.41310119628906,301.1681213378906,77.50483703613281,198.5985107421875,199.33740234375,36.90315246582031,29.23495864868164,85.11256408691406,206.41531372070312,24.112550735473633
2026-03-02,186.5377655029297,51.14032745361328,175.4019012451172,54.9012565612793,144.97000122070312,87.40486907958984,107.11454010009766,45.16999816894531,176.3060760498047,17.1669864654541,961.34521484375,61.733333587646484,251.0798797607422,149.2775115966797,108.1667251586914,18.772579193115234,25.573326110839844,108.69466400146484,23.047142028808594,130.96957397460938,66.39173889160156,140.56082153320312,304.97369384765625,78.03462219238281,196.38702392578125,198.66265869140625,36.85395050048828,29.38011932373047,85.60648345947266,209.44497680664062,24.201019287109375
2026-03-03,186.58680725097656,50.7419319152832,173.74598693847656,53.93482208251953,142.6300048828125,88.11754608154297,106.04615020751953,46.779998779296875,175.7535400390625,17.03066062927246,967.2261352539062,61.332401275634766,250.56011962890625,146.45135498046875,108.39219665527344,18.67728614807129,25.700462341308594,106.18244934082031,23.017797470092773,130.44223022460938,65.4090347290039,138.86685180664062,300.26580810546875,78.25045776367188,194.8666534423828,197.4794464111328,36.86378860473633,29.225282669067383,85.44842529296875,207.29232788085938,24.348464965820312
2026-03-04,187.126220703125,52.063438415527344,174.51025390625,55.01839828491211,141.74000549316406,88.98641967773438,106.59504699707031,47.599998474121094,180.18362426757812,17.186460494995117,964.270751953125,61.391075134277344,251.11911010742188,147.03810119628906,108.02947998046875,19.172805786132812,26.238332748413086,106.24156188964844,23.047142028808594,130.6472930908203,64.85871887207031,137.3107452392578,304.7971496582031,78.0934829711914,193.92874145507812,198.60398864746094,37.149173736572266,28.9252872467041,85.69538879394531,206.146240234375,24.397613525390625
2026-03-05,184.02706909179688,50.324100494384766,175.67625427246094,54.14958572387695,141.19000244140625,87.97109985351562,106.48722839355469,48.90999984741211,177.3519287109375,16.952760696411133,948.3096923828125,61.713775634765625,253.24713134765625,144.2412872314453,106.52960968017578,19.02033805847168,25.837373733520508,105.70956420898438,22.99822998046875,131.26255798339844,63.67947769165039,135.76451110839844,301.0504150390625,77.80897521972656,193.1981658935547,196.57981872558594,37.0704460144043,28.73174285888672,83.9271469116211,204.35235595703125,24.210847854614258
2026-03-06,184.95877075195312,49.29410171508789,174.3044891357422,51.679805755615234,136.8300018310547,88.28350830078125,104.41903686523438,48.380001068115234,173.83941650390625,16.826175689697266,932.5874633789062,61.332401275634766,250.19728088378906,143.38070678710938,105.43167877197266,18.324703216552734,25.632003784179688,103.62098693847656,23.02790641784668,129.68048095703125,63.876014709472656,132.50457763671875,302.2176208496094,77.17127990722656,194.07684326171875,190.51707458496094,36.657135009765625,28.71238899230957,83.83824157714844,203.59494018554688,24.083059310913086
2026-03-09,183.0463104248047,49.73136901855469,173.1482696533203,51.23075485229492,136.94000244140625,87.6001205444336,103.02717590332031,48.41999816894531,177.25326538085938,16.962499618530273,940.2594604492188,60.80434799194336,250.40321350097656,143.05801391601562,104.44156646728516,18.257999420166016,25.397296905517578,105.55194091796875,22.948772430419922,129.0457000732422,63.81705093383789,133.1053466796875,300.5992736816406,76.7494125366211,193.43508911132812,188.56134033203125,36.617767333984375,28.547874450683594,85.16194915771484,206.97340393066406,24.033910751342773
2026-03-10,182.53631591796875,49.60504913330078,170.93382263183594,52.167903900146484,134.58999633789062,86.41883850097656,101.55690002441406,46.33000183105469,178.44711303710938,16.943025588989258,951.3646240234375,60.119834899902344,249.37350463867188,143.43939208984375,104.69644927978516,18.343761444091797,25.182147979736328,106.17259979248047,22.909204483032227,127.08277893066406,63.75808334350586,134.10008239746094,300.11865234375,76.68074035644531,191.23348999023438,189.9857177734375,36.194610595703125,28.36400604248047,85.03353118896484,207.01327514648438,23.974422454833984
2026-03-11,179.3292999267578,48.74995422363281,168.35684204101562,50.90861511230469,132.49000549316406,85.48162841796875,99.82196807861328,45.34000015258789,178.1807098388672,16.621688842773438,968.63916015625,58.829036712646484,245.3822021484375,138.39340209960938,104.89250946044922,18.28658676147461,24.654056549072266,105.9952621459961,22.919095993041992,124.92452239990234,63.591026306152344,132.36668395996094,294.15533447265625,76.94325256347656,186.15895080566406,187.50294494628906,35.48607635498047,27.50273323059082,84.76680755615234,204.63140869140625,23.03249740600586
2026-03-12,176.39688110351562,48.82769012451172,167.59254455566406,51.47480392456055,131.83999633789062,84.06604766845703,99.72395324707031,43.36000061035156,177.9932403564453,16.456157684326172,966.6887817382812,58.93660354614258,246.519775390625,137.08299255371094,103.27500915527344,17.819656372070312,24.556262969970703,105.78837585449219,22.701480865478516,124.75850677490234,63.90549087524414,129.90451049804688,292.0269470214844,75.833740234375,182.37771606445312,185.5345458984375,35.466392517089844,27.75434112548828,85.15206909179688,205.49844360351562,22.834199905395508
2026-03-13,180.85926818847656,47.039772033691406,165.5544891357422,50.771942138671875,133.8000030517578,86.46109771728516,98.61634826660156,43.630001068115234,178.42041015625,16.534055709838867,965.1265258789062,58.662803649902344,245.117431640625,138.24671936035156,102.43194580078125,17.638599395751953,24.438907623291016,105.25638580322266,22.66191291809082,123.36199188232422,63.32569885253906,129.7567901611328,292.0073547363281,75.86345672607422,186.9103240966797,184.7926788330078,34.84642028808594,27.50273323059082,85.50769805908203,207.11294555664062,23.260541915893555
2026-03-16,181.1534881591797,46.942604064941406,165.73085021972656,51.04528045654297,135.07000732421875,86.51051330566406,98.78297424316406,43.619998931884766,180.04954528808594,16.904075622558594,979.6148681640625,58.73125076293945,244.2838592529297,137.99940490722656,104.25531005859375,17.82918357849121,24.556262969970703,106.78990173339844,22.938880920410156,123.41082000732422,63.79739761352539,132.0417022705078,287.13262939453125,76.66587829589844,186.48291015625,187.2754364013672,35.06291580200195,27.696277618408203,86.72274780273438,209.46490478515625,23.528247833251953
2026-03-17,181.50656127929688,48.00175094604492,167.1320343017578,52.21671676635742,136.27999877929688,86.9157943725586,99.79256439208984,44.25,179.1952362060547,17.288034439086914,972.0722045898438,59.670013427734375,246.20596313476562,136.87167358398438,104.71604919433594,17.914945602416992,24.839866638183594,107.22691345214844,22.97844696044922,125.0710220336914,62.98174285888672,132.25018310546875,283.4964294433594,76.64606475830078,186.02566528320312,188.46241760253906,35.240055084228516,27.696277618408203,86.93019104003906,212.4347686767578,23.88518714904785
2026-03-18,177.2108917236328,46.942604064941406,162.76193237304688,51.6700439453125,133.91000366210938,83.93062591552734,98.36149597167969,43.11000061035156,177.75485229492188,17.033367156982422,968.7684936523438,58.52589797973633,241.93026733398438,134.90306091308594,103.4710693359375,18.1722354888916,24.409568786621094,105.02198791503906,22.602561950683594,122.85416412353516,61.94990539550781,130.25465393066406,275.0350036621094,75.68514251708984,181.930419921875,187.83924865722656,34.777530670166016,27.19306182861328,86.26834106445312,208.4982147216797,23.230798721313477
2026-03-19,179.2410125732422,48.11835479736328,161.9094696044922,52.13861846923828,133.2100067138672,84.08877563476562,97.70478057861328,42.81999969482422,178.65882873535156,17.366392135620117,969.962646484375,57.99784469604492,241.51837158203125,134.52716064453125,104.19649505615234,18.200824737548828,24.448688507080078,104.22742462158203,22.839963912963867,121.5943832397461,61.55682373046875,130.14544677734375,274.77740478515625,75.97242736816406,181.1849365234375,189.23394775390625,34.67912673950195,27.517606735229492,84.50997924804688,205.38882446289062,22.764793395996094
2026-03-20,173.38597106933594,46.04864501953125,158.11744689941406,50.84028244018555,131.99000549316406,81.4100341796875,95.43074798583984,42.900001525878906,172.15220642089844,16.700340270996094,954.4393310546875,56.697269439697266,235.54612731933594,128.85879516601562,101.11833953857422,17.724363327026367,23.85213851928711,98.9336166381836,22.098085403442383,118.93807220458984,59.89604949951172,127.08763885498047,263.3337097167969,74.1694564819336,173.10377502441406,182.51763916015625,33.56711196899414,26.38661003112793,81.49705505371094,195.2733612060547,22.278959274291992
2026-03-23,173.1015625,46.787132263183594,159.97915649414062,51.777427673339844,135.75,80.39192199707031,96.20509338378906,42.90999984741211,175.30120849609375,16.817880630493164,962.2009887695312,57.11775588989258,237.88992309570312,130.4119110107422,101.7163314819336,18.238941192626953,24.21398162841797,101.24779510498047,22.454187393188477,119.52401733398438,59.79777526855469,129.37106323242188,268.8227233886719,73.9515151977539,170.94680786132812,179.52052307128906,33.7147216796875,26.60297393798828,80.8549575805664,194.3365478515625,22.963092803955078
2026-03-24,167.0797882080078,46.0389289855957,160.26332092285156,51.64076232910156,132.9199981689453,77.68351745605469,95.96985626220703,41.459999084472656,173.55287170410156,16.357521057128906,959.782958984375,57.37200164794922,238.79212951660156,128.3938446044922,101.08893585205078,18.07694435119629,24.458467483520508,100.0261459350586,22.315702438354492,118.95759582519531,59.414520263671875,129.41078186035156,265.4738464355469,73.88217163085938,165.75816345214844,176.33546447753906,33.56711196899414,26.84884262084961,81.18093872070312,195.94107055664062,23.339862823486328
2026-03-25,164.04928588867188,45.94175338745117,160.35150146484375,51.58218765258789,134.75,76.07231903076172,95.41114044189453,41.40999984741211,175.26145935058594,16.46526336669922,961.1959838867188,57.166648864746094,237.4584197998047,128.59170532226562,101.23597717285156,18.56293296813965,24.341114044189453,99.84736633300781,22.167325973510742,118.79158020019531,59.02143859863281,129.42071533203125,265.16668701171875,73.73357391357422,164.1578369140625,179.5996551513672,33.38997268676758,26.622644424438477,81.69461822509766,196.0606689453125,23.44892692565918
2026-03-26,165.66751098632812,46.651092529296875,160.11634826660156,51.894569396972656,134.80999755859375,77.07067108154297,95.73460388183594,41.29999923706055,173.59259033203125,16.4456729888916,958.6485595703125,58.193416595458984,238.99807739257812,129.08633422851562,101.65750885009766,18.50575828552246,24.578683853149414,99.529541015625,22.018951416015625,119.28964233398438,59.227806091308594,128.80517578125,265.543212890625,73.67414093017578,165.1717071533203,179.82716369628906,33.52774429321289,26.711156845092773,81.65510559082031,194.86474609375,23.39935302734375
2026-03-27,166.25596618652344,44.736854553222656,157.56875610351562,50.205753326416016,131.77000427246094,77.68351745605469,95.0386734008789,39.77000045776367,174.25814819335938,16.249773025512695,958.260498046875,57.450233459472656,234.9773406982422,127.57278442382812,100.84385681152344,17.95306396484375,24.222326278686523,97.63251495361328,21.97938346862793,117.74663543701172,59.64053726196289,127.97122192382812,263.5616149902344,73.60478973388672,166.05636596679688,178.23463439941406,33.04554748535156,26.17024803161621,80.91423034667969,195.10394287109375,23.657142639160156
2026-03-30,167.0797882080078,44.97977828979492,158.30361938476562,50.58646774291992,133.13999938964844,78.76094818115234,95.90122985839844,40.880001068115234,174.01974487304688,16.210596084594727,959.3052978515625,57.977752685546875,237.91934204101562,126.90009307861328,102.40253448486328,18.067413330078125,24.519290924072266,96.93726348876953,22.07830047607422,118.86971282958984,60.09259033203125,127.85208892822266,262.689697265625,74.18927001953125,168.80972290039062,180.37118530273438,33.124271392822266,26.661983489990234,80.62775421142578,194.63552856445312,24.073572158813477
2026-03-31,169.25704956054688,45.81876754760742,161.8406524658203,51.35832977294922,135.4600067138672,80.37214660644531,96.77325439453125,40.34000015258789,179.0164337158203,16.09305763244629,975.4156494140625,58.541893005371094,239.8820037841797,129.7194366455078,104.1180648803711,18.452648162841797,24.598482131958008,101.4464340209961,22.22667694091797,119.26034545898438,60.38969802856445,131.2275848388672,268.38677978515625,74.95207214355469,171.07603454589844,184.50582885742188,33.24235916137695,26.868513107299805,81.30378723144531,197.03733825683594,24.2222957611084
2026-04-01,167.72708129882812,42.72930908203125,163.37631225585938,50.48751449584961,134.49000549316406,79.89768981933594,97.3777084350586,39.630001068115234,179.2548370361328,16.04408073425293,991.078125,58.93777847290039,240.9525604248047,131.0648193359375,105.08909606933594,18.39486312866211,24.598482131958008,100.26451110839844,22.206893920898438,119.6802749633789,61.080657958984375,132.3693084716797,273.69744873046875,75.39785766601562,170.52932739257812,186.04888916015625,33.69504165649414,27.00619888305664,81.53245544433594,198.1834259033203,23.994251251220703
2026-04-02,170.3848876953125,42.67008590698242,164.48597717285156,51.23957824707031,136.60000610351562,83.8021240234375,99.84510040283203,39.95000076293945,180.48663330078125,16.181211471557617,995.446533203125,59.6503791809082,245.17526245117188,132.42007446289062,105.81241607666016,18.433385848999023,25.29139518737793,102.59856414794922,22.355270385742188,121.95570373535156,61.40639114379883,132.80613708496094,277.7696228027344,76.25971984863281,202.81419372558594,186.6226043701172,34.08867263793945,27.20289421081543,82.78511047363281,201.64161682128906,24.2222957611084
2026-04-06,172.74850463867188,42.49241638183594,164.9318084716797,51.35832977294922,136.19000244140625,85.57147979736328,100.1720962524414,41.18000030517578,180.78465270996094,16.32813262939453,1011.0792846679688,59.442535400390625,245.5420379638672,132.617919921875,105.80250549316406,18.520063400268555,25.21220588684082,103.65135955810547,22.21678352355957,121.89710998535156,61.031307220458984,131.39637756347656,278.3046569824219,75.9129867553711,211.14385986328125,188.16566467285156,34.226444244384766,27.20289421081543,82.46697235107422,200.22645568847656,23.994251251220703
2026-04-07,170.72816467285156,43.55842971801758,166.18016052246094,51.16041564941406,138.02000427246094,83.93062591552734,99.91446685791016,39.47999954223633,181.2117919921875,16.533824920654297,1002.3324584960938,59.59099197387695,246.1268768310547,131.5198516845703,106.09976196289062,18.38523292541504,25.360689163208008,104.01885223388672,22.404727935791016,121.38929748535156,61.4261360168457,132.26010131835938,276.6698303222656,76.60643768310547,204.62327575683594,188.50198364257812,34.15755844116211,27.370084762573242,83.1529541015625,200.8941650390625,23.81578254699707
2026-04-08,172.7877197265625,44.25923538208008,166.94305419921875,51.99164962768555,142.49000549316406,84.53358459472656,101.34138488769531,38.81999969482422,184.40054321289062,16.33793067932129,1012.6514282226562,60.1749267578125,249.6953582763672,136.24844360351562,106.40692138671875,18.982341766357422,25.548765182495117,106.24363708496094,22.424510955810547,123.13736724853516,61.97890090942383,136.41990661621094,287.330810546875,77.13147735595703,217.39608764648438,191.934326171875,34.46262741088867,27.271738052368164,83.5605697631836,204.0035400390625,24.68829917907715
2026-04-09,176.46551513671875,43.42024612426758,166.9529571533203,51.932273864746094,142.4600067138672,85.57147979736328,99.92436981201172,37.31999969482422,186.90383911132812,16.34772300720215,1026.492919921875,59.83842086791992,247.8417205810547,137.7125244140625,106.40692138671875,19.174959182739258,25.736841201782227,107.95195770263672,22.820178985595703,122.67838287353516,62.38360595703125,137.0255126953125,290.5706787109375,77.61688995361328,217.1475830078125,196.8108367919922,34.305171966552734,27.596282958984375,84.45532989501953,205.63796997070312,24.608980178833008
2026-04-10,175.8378448486328,42.0581169128418,168.2112274169922,52.44684600830078,141.22000122070312,85.29470825195312,101.0242919921875,36.47999954223633,187.6190643310547,16.396697998046875,1025.1695556640625,60.51143264770508,247.88137817382812,137.3761749267578,108.05172729492188,19.396467208862305,25.75663948059082,108.6273422241211,22.919095993041992,123.43035125732422,62.9265022277832,136.2014923095703,292.2847900390625,77.66642761230469,222.40579223632812,198.3934783935547,34.55119323730469,27.645458221435547,84.46527099609375,206.8837127685547,24.430509567260742
2026-04-13,177.45606994628906,43.183349609375,167.9833526611328,53.01089859008789,145.94000244140625,86.07559967041016,99.90455627441406,37.060001373291016,190.579345703125,16.16162109375,1051.6385498046875,60.15513229370117,246.77117919921875,138.24671936035156,107.99227142333984,19.521669387817383,25.697246551513672,111.12029266357422,22.948772430419922,122.94205474853516,62.502052307128906,136.16177368164062,293.50347900390625,77.59708404541016,218.91688537597656,198.53195190429688,34.196922302246094,27.8618221282959,83.9184799194336,206.2658233642578,24.608980178833008
2026-04-14,174.74197387695312,44.80210876464844,169.41995239257812,54.45566177368164,147.07000732421875,85.27493286132812,100.8558349609375,37.599998474121094,194.4932403564453,16.52403450012207,1052.166015625,60.72917175292969,249.2195587158203,139.90863037109375,109.20111083984375,20.13804054260254,26.202083587646484,113.25569915771484,23.344440460205078,123.38151550292969,62.98572540283203,137.36306762695312,301.2019348144531,78.82547760009766,216.76986694335938,200.75753784179688,34.561031341552734,27.891326904296875,84.84305572509766,210.27215576171875,24.569320678710938
2026-04-15,175.31649780273438,46.99335861206055,169.707275390625,55.34626770019531,147.47999572753906,84.64231872558594,100.45946502685547,39.310001373291016,194.39390563964844,16.847265243530273,1047.797607421875,60.6697883605957,249.5070343017578,139.54261779785156,109.14166259765625,19.926164627075195,26.014009475708008,112.77896118164062,23.225740432739258,122.76862335205078,63.133785247802734,138.76290893554688,297.0703125,78.77594757080078,212.9131622314453,199.42218017578125,34.735408782958984,27.66512680053711,84.37580108642578,210.61099243164062,24.004165649414062
2026-04-16,176.91127014160156,47.32895278930664,168.0626220703125,55.583763122558594,147.8000030517578,85.8680191040039,99.2703628540039,40.040000915527344,197.73165893554688,16.827674865722656,1065.6295166015625,59.86811828613281,245.82949829101562,140.1163787841797,109.03266906738281,19.810592651367188,26.00411033630371,116.93058013916016,23.492816925048828,121.69109344482422,63.80500030517578,141.14561462402344,298.9627380371094,78.90473175048828,220.42774963378906,199.16500854492188,34.127586364746094,27.930665969848633,85.01206970214844,213.78016662597656,24.152891159057617
2026-04-17,180.63571166992188,48.000144958496094,172.2832489013672,57.44414138793945,151.50999450683594,87.6867904663086,102.46112823486328,39.720001220703125,202.27137756347656,17.11539649963379,1083.26220703125,62.03559875488281,252.73849487304688,143.79637145996094,111.49987030029297,20.340290069580078,26.756418228149414,117.26826477050781,23.92805290222168,126.47570037841797,64.24918365478516,144.05450439453125,306.3739013671875,80.1727523803711,221.79945373535156,203.99203491210938,35.15390396118164,28.53058433532715,84.60445404052734,209.8037567138672,24.956005096435547
2026-04-20,179.9423370361328,48.345611572265625,174.7304229736328,58.295166015625,152.60000610351562,86.55005645751953,103.80878448486328,40.060001373291016,202.55946350097656,16.849353790283203,1098.53662109375,62.777889251708984,256.2772521972656,145.3692626953125,111.30170440673828,20.504013061523438,27.182064056396484,119.71155548095703,23.79945945739746,127.98818969726562,64.08139038085938,143.98500061035156,309.2967529296875,80.36097717285156,219.0858612060547,205.3076171875,35.662086486816406,28.304386138916016,84.1570816040039,208.7373809814453,25.223709106445312
2026-04-21,173.10757446289062,47.19076919555664,170.54942321777344,57.88944625854492,149.85000610351562,83.94050598144531,101.54948425292969,38.90999984741211,199.93695068359375,16.228586196899414,1088.9541015625,61.21413040161133,250.9443359375,142.09486389160156,110.11268615722656,20.340290069580078,26.667327880859375,117.02989959716797,23.4334659576416,124.30087280273438,63.17327117919922,140.8974151611328,305.4920654296875,79.26136779785156,211.8197784423828,202.53799438476562,34.854976654052734,27.950334548950195,81.63186645507812,205.68780517578125,24.67838478088379
2026-04-22,174.64291381835938,46.04579162597656,169.72708129882812,57.681636810302734,153.52000427246094,85.01793670654297,100.55856323242188,38.77000045776367,199.5296630859375,16.090639114379883,1096.85498046875,61.065677642822266,249.98281860351562,139.7701416015625,109.12184143066406,20.080257415771484,26.40995979309082,116.43397521972656,23.31476593017578,123.1640396118164,62.52179718017578,140.40101623535156,302.0044860839844,78.26081085205078,210.5872344970703,199.4914093017578,34.38665771484375,27.733970642089844,79.6335678100586,199.0205535888672,24.559406280517578
2026-04-23,177.3173828125,45.77928924560547,171.7482452392578,56.40510177612305,149.30999755859375,86.51051330566406,101.49993896484375,37.380001068115234,198.67535400390625,16.169466018676758,1109.801025390625,62.00590896606445,252.82769775390625,141.1254119873047,110.47930145263672,20.292133331298828,27.023683547973633,115.33150482177734,23.58184242248535,124.55789947509766,63.25223922729492,141.3143768310547,307.95916748046875,79.98452758789062,218.28073120117188,201.44993591308594,34.78522872924805,28.038846969604492,82.44709014892578,207.53150939941406,24.78744888305664
2026-04-24,176.52496337890625,46.78607940673828,170.78720092773438,57.127479553222656,148.2899932861328,85.34412384033203,100.82611083984375,36.439998626708984,198.67535400390625,16.18917465209961,1103.3031005859375,61.61991500854492,253.13497924804688,140.56153869628906,110.02351379394531,20.12841033935547,26.855403900146484,115.24211883544922,23.4334659576416,124.22179412841797,62.51192855834961,141.0761260986328,305.45245361328125,79.43968200683594,218.15150451660156,198.97706604003906,34.645729064941406,27.950334548950195,83.1330795288086,208.03976440429688,24.817195892333984
2026-04-27,173.64247131347656,44.96990966796875,172.66964721679688,57.42435073852539,146.22000122070312,82.47758483886719,100.67747497558594,36.2400016784668,195.0395965576172,15.962546348571777,1084.4862060546875,61.67930221557617,254.5821990966797,138.03897094726562,110.1523208618164,20.109148025512695,26.954391479492188,111.98439025878906,23.621408462524414,123.95487976074219,61.93941879272461,139.0111083984375,302.6683349609375,79.20191955566406,213.70835876464844,199.10565185546875,34.41655349731445,27.97000503540039,84.20677947998047,209.2855224609375,24.807279586791992
2026-04-28,176.71315002441406,39.88661193847656,181.80445861816406,58.54255676269531,146.92999267578125,85.17608642578125,104.96815490722656,35.959999084472656,193.291259765625,15.814743041992188,1071.1024169921875,64.48020935058594,265.5354919433594,139.5030517578125,111.36115264892578,20.166934967041016,27.855180740356445,111.85527801513672,23.542274475097656,128.8877716064453,62.72908401489258,140.51022338867188,294.40509033203125,79.55855560302734,216.28280639648438,200.5498046875,36.08058166503906,28.176532745361328,87.06007385253906,213.50112915039062,24.608980178833008
2026-04-29,176.50514221191406,40.5183219909668,182.66641235351562,56.998836517333984,142.50999450683594,84.87955474853516,104.36369323730469,34.13999938964844,193.27139282226562,15.755622863769531,1083.7099609375,64.75733184814453,262.6014099121094,139.01832580566406,109.59745025634766,20.282503128051758,27.785890579223633,113.74237060546875,23.38400650024414,128.22544860839844,62.472442626953125,137.81976318359375,291.3831481933594,78.63725280761719,214.6725311279297,197.91867065429688,36.03076171875,28.127361297607422,86.86124420166016,211.368408203125,24.043827056884766
2026-04-30,180.98240661621094,39.985313415527344,181.30906677246094,57.84986114501953,142.72999572753906,87.75598907470703,104.06641387939453,34.61000061035156,199.609130859375,15.9329833984375,1077.500732421875,64.70783996582031,260.9063720703125,141.7882080078125,109.88479614257812,20.349918365478516,28.478805541992188,125.13448333740234,23.38400650024414,127.70149993896484,63.68285369873047,140.9967041015625,299.6662292480469,77.12157440185547,219.87110900878906,201.49940490722656,36.21011734008789,28.717445373535156,87.348388671875,216.6005401611328,24.31153106689453
2026-05-01,179.89280700683594,40.85391616821289,181.75491333007812,58.750362396240234,141.80999755859375,88.23045349121094,103.50159454345703,34.720001220703125,199.37071228027344,16.179319381713867,1079.68994140625,64.5,261.045166015625,140.49229431152344,114.26432800292969,20.349918365478516,28.241235733032227,126.32633972167969,23.126821517944336,127.0886001586914,63.25658416748047,140.39109802246094,298.77447509765625,77.91409301757812,217.26686096191406,200.24317932128906,36.25993728637695,28.107690811157227,87.5074462890625,216.17201232910156,23.78603744506836
2026-05-04,179.16970825195312,40.607154846191406,180.75425720214844,57.96861267089844,140.0500030517578,89.13983917236328,103.4322280883789,35.380001068115234,197.19522094726562,16.051225662231445,1077.868896484375,64.56928253173828,262.3536071777344,137.83123779296875,113.42211151123047,20.089887619018555,28.261032104492188,127.3493423461914,23.1466064453125,127.58287811279297,62.89970397949219,137.7601776123047,292.6414489746094,78.01315307617188,216.60089111328125,199.32325744628906,36.23004913330078,27.62578773498535,87.27879333496094,216.40122985839844,23.32994842529297
2026-05-05,176.43580627441406,43.232704162597656,183.5382843017578,57.919132232666016,142.57000732421875,88.07229614257812,103.779052734375,34.900001525878906,195.3872833251953,16.268001556396484,1073.1522216796875,65.56890106201172,264.3559265136719,138.28627014160156,114.23460388183594,20.523273468017578,28.36001968383789,130.8057098388672,23.285091400146484,128.6702880859375,63.01866149902344,139.25930786132812,296.0696105957031,78.15184020996094,216.07406616210938,200.1145782470703,36.8079719543457,27.802814483642578,86.27467346191406,213.57089233398438,23.498502731323242
2026-05-06,178.45652770996094,45.236412048339844,184.71728515625,59.21546173095703,145.16000366210938,89.19914245605469,103.85832214355469,34.06999969482422,198.3574676513672,19.214174270629883,1082.60546875,65.47982788085938,264.9209289550781,142.3026123046875,115.70105743408203,20.879613876342773,28.449108123779297,131.16326904296875,23.542274475097656,128.80868530273438,63.45484924316406,141.87034606933594,306.1361083984375,78.3400650024414,217.12770080566406,203.27984619140625,36.907615661621094,28.176532745361328,86.11560821533203,215.73350524902344,23.835613250732422
2026-05-07,178.07020568847656,44.98965072631836,184.0732879638672,58.83942413330078,146.6999969482422,90.01957702636719,103.12504577636719,34.97999954223633,193.48992919921875,19.371828079223633,1061.5098876953125,65.18290710449219,265.02996826171875,141.72885131835938,114.61112213134766,20.869983673095703,28.676780700683594,125.94891357421875,23.27519989013672,128.8679962158203,61.25410079956055,141.26473999023438,306.4828796386719,77.13147735595703,217.30661010742188,199.21444702148438,36.79800796508789,28.314220428466797,86.04601287841797,212.22547912597656,23.498502731323242
2026-05-08,174.86083984375,45.66083908081055,182.37908935546875,58.80973815917969,146.3300018310547,89.52533721923828,102.82776641845703,32.77000045776367,194.01641845703125,19.352121353149414,1066.8035888671875,64.86619567871094,261.2433776855469,141.75852966308594,114.62103271484375,21.447832107543945,28.439208984375,127.96512603759766,23.225740432739258,127.83001708984375,61.382972717285156,143.05177307128906,308.1771545410156,76.86400604248047,216.85931396484375,199.9266357421875,36.778079986572266,28.363393783569336,86.75187683105469,213.89976501464844,23.32994842529297
2026-05-11,175.79196166992188,45.40420913696289,185.5396270751953,58.324851989746094,146.11000061035156,89.62418365478516,103.96732330322266,32.91999816894531,194.9402618408203,19.47036361694336,1080.8740234375,65.49961853027344,266.4176940917969,143.02476501464844,114.36341094970703,20.975923538208008,28.627286911010742,129.07752990722656,23.21584701538086,128.23532104492188,61.81916046142578,143.0319366455078,308.68243408203125,76.99279022216797,215.9547882080078,198.8188018798828,37.0172233581543,28.44207191467285,87.17937469482422,214.1090545654297,23.220882415771484
2026-05-12,177.1291961669922,45.89773178100586,185.29193115234375,58.39411926269531,144.05999755859375,90.44461059570312,104.2745132446289,33.04999923706055,193.9766845703125,19.49007225036621,1075.3115234375,65.21260070800781,266.28887939453125,143.2324981689453,114.49222564697266,20.956661224365234,28.17194175720215,125.35298919677734,23.294981002807617,127.74105072021484,61.9876823425293,142.72415161132812,308.4149169921875,76.88381958007812,212.32672119140625,203.42823791503906,37.23643493652344,28.07818603515625,88.01448059082031,216.75999450683594,23.250629425048828
2026-05-13,172.22598266601562,46.65776062011719,184.7371063232422,57.790489196777344,140.64999389648438,88.5863037109375,104.39342498779297,31.969999313354492,192.0296630859375,19.263439178466797,1071.97802734375,65.1532211303711,269.5599670410156,140.8780975341797,113.08522033691406,20.7640438079834,28.17194175720215,125.26360321044922,22.83007049560547,127.85967254638672,60.98644256591797,140.97683715820312,300.90472412109375,75.9526138305664,206.41246032714844,198.38357543945312,37.425758361816406,27.743804931640625,89.82388305664062,220.13999938964844,22.90360450744629
2026-05-14,168.8878631591797,45.57200622558594,181.8440704345703,58.344642639160156,132.4499969482422,86.30294036865234,103.04576873779297,31.850000381469727,191.56277465820312,19.27329444885254,1074.3663330078125,64.3515396118164,266.1798095703125,140.66046142578125,112.77806091308594,20.744783401489258,28.191740036010742,126.88253784179688,22.92898941040039,125.7738265991211,61.42262649536133,141.632080078125,300.2408752441406,76.20027160644531,200.001220703125,200.59927368164062,37.20654296875,27.41925811767578,89.4361572265625,217.75,23.151477813720703
2026-05-15,169.01663208007812,44.387550354003906,179.1690216064453,57.88944625854492,129.9499969482422,85.66044616699219,101.65847778320312,32.68000030517578,187.26145935058594,19.07622718811035,1054.225830078125,63.223262786865234,264.7226867675781,135.4273681640625,112.12410736083984,20.590688705444336,27.647308349609375,124.22073364257812,22.750938415527344,124.2712173461914,60.58991241455078,139.51742553710938,289.778076171875,75.34832000732422,198.42076110839844,197.8494415283203,36.78804397583008,27.438928604125977,86.94076538085938,213.74000549316406,22.48717498779297
2026-05-18,175.60374450683594,46.075401306152344,183.5382843017578,59.29462432861328,130.44000244140625,88.8828353881836,103.66014099121094,33.20000076293945,187.25152587890625,19.3060359954834,1057.39013671875,64.75733184814453,269.8573303222656,137.77188110351562,113.87789916992188,21.06260108947754,28.459007263183594,123.11827087402344,23.21584701538086,126.78215026855469,61.1747932434082,141.28460693359375,293.4241943359375,76.60643768310547,202.118408203125,198.24508666992188,37.326114654541016,28.02901268005371,87.62675476074219,212.61000061035156,22.675559997558594
2026-05-19,181.26966857910156,45.246280670166016,183.3995819091797,58.05767059326172,128.14999389648438,91.2749252319336,104.1060562133789,33.79999923706055,185.04623413085938,19.117830276489258,1043.2701416015625,65.06414031982422,270.2439270019531,138.80068969726562,113.7887191772461,20.985553741455078,28.369918823242188,122.6812515258789,23.097148895263672,126.9996337890625,61.5515022277832,141.41366577148438,294.7320556640625,76.61634063720703,206.2633514404297,198.68031311035156,37.26633071899414,27.901161193847656,87.83553314208984,218.0,22.695388793945312
2026-05-20,182.280029296875,47.22037887573242,184.96498107910156,59.27483367919922,131.1199951171875,91.57146453857422,105.32489013671875,34.0099983215332,189.3872833251953,19.474430084228516,1065.06005859375,65.59858703613281,272.6229248046875,140.71981811523438,114.99755096435547,21.47672462463379,28.874757766723633,124.95570373535156,23.552165985107422,128.76913452148438,61.700199127197266,143.6375274658203,300.08233642578125,77.01260375976562,206.4919891357422,201.88516235351562,37.694793701171875,27.930665969848633,88.08407592773438,218.61000061035156,23.04241371154785
2026-05-21,182.0422821044922,47.230247497558594,182.4088134765625,59.50243377685547,131.0399932861328,90.97838592529297,105.20597839355469,33.93000030517578,192.98330688476562,19.454620361328125,1078.4200439453125,65.08393859863281,271.4036865234375,142.36196899414062,117.52421569824219,21.582664489746094,28.736173629760742,126.46538543701172,23.789566040039062,128.52200317382812,61.690284729003906,143.587890625,302.1828308105469,77.60698699951172,206.82000732421875,202.6764678955078,37.37593460083008,28.048683166503906,87.4875717163086,216.00999450683594,23.32003402709961
2026-05-22,182.11163330078125,47.74351119995117,183.93458557128906,59.660762786865234,131.07000732421875,90.40507507324219,106.49417114257812,33.95000076293945,190.75814819335938,19.54376983642578,1079.7900390625,65.5194091796875,274.2783203125,141.75852966308594,118.65377807617188,21.553770065307617,28.99354362487793,125.6012954711914,23.848918914794922,129.63906860351562,61.48210525512695,144.84872436523438,302.4404296875,78.10231018066406,205.57000732421875,202.19180297851562,37.874149322509766,28.02901268005371,87.66651916503906,216.1699981689453,23.458843231201172
2026-05-26,183.2012176513672,47.842220306396484,183.3797607421875,59.97742462158203,129.75999450683594,89.59453582763672,106.76171875,32.52000045776367,192.3872833251953,19.840938568115234,1077.6300048828125,65.45012664794922,274.823486328125,142.4411163330078,119.06002807617188,22.25682258605957,29.102428436279297,127.52811431884766,24.274261474609375,129.04592895507812,61.90837860107422,145.88124084472656,301.6676025390625,78.25090789794922,201.72999572753906,204.6943359375,37.89407730102539,28.147029876708984,87.85541534423828,218.1300048828125,23.617481231689453
2026-05-27,183.23094177246094,49.28330993652344,184.5092315673828,60.08627700805664,130.14999389648438,89.82188415527344,107.1085433959961,32.31999969482422,190.44027709960938,19.682449340820312,1070.219970703125,65.94499206542969,274.40716552734375,142.87635803222656,119.9517822265625,22.613161087036133,29.112327575683594,126.1475601196289,24.155561447143555,129.08547973632812,61.650630950927734,145.4642791748047,303.9662780761719,78.2112808227539,200.1999969482422,204.52618408203125,37.89407730102539,28.156864166259766,87.53728485107422,214.17999267578125,24.301616668701172
2026-05-28,184.91485595703125,49.411624908447266,183.12216186523438,59.997215270996094,126.41999816894531,90.03933715820312,107.03917694091797,32.29999923706055,190.162109375,19.325847625732422,1069.43994140625,65.57879638671875,274.0205993652344,144.2415313720703,119.91214752197266,22.42054557800293,29.082630157470703,125.96878051757812,23.908267974853516,129.32273864746094,61.15496826171875,144.59060668945312,306.40362548828125,77.7853012084961,204.6199951171875,204.52618408203125,37.74461364746094,27.8618221282959,85.29043579101562,210.2899932861328,24.3511905670166
2026-05-29,185.19223022460938,49.03654479980469,180.82359313964844,59.38368225097656,125.04000091552734,90.44461059570312,105.5924301147461,32.20000076293945,188.74159240722656,18.96924591064453,1068.0400390625,64.7771224975586,270.25384521484375,142.75765991210938,118.53487396240234,22.131620407104492,28.953947067260742,127.37913513183594,23.819242477416992,127.5927734375,61.016563415527344,142.43624877929688,300.8948059082031,76.62625122070312,203.16000366210938,202.68637084960938,36.76811981201172,27.753639221191406,83.92841339111328,205.3300018310547,24.301616668701172
2026-06-01,185.7568359375,48.000144958496094,181.18026733398438,58.51287078857422,124.63999938964844,89.98003387451172,105.1167984008789,33.86000061035156,183.7747039794922,18.820659637451172,1050.77001953125,65.13341522216797,274.50628662109375,138.8105926513672,117.67284393310547,22.324237823486328,28.805465698242188,125.52183532714844,23.38400650024414,126.66352844238281,59.294002532958984,138.018310546875,293.077392578125,75.42757415771484,204.0500030517578,200.50035095214844,36.46918869018555,27.311077117919922,81.23419189453125,197.36000061035156,23.5084171295166
2026-06-02,183.77574157714844,52.056915283203125,181.68556213378906,60.57115936279297,127.86000061035156,88.8828353881836,105.13661193847656,33.65999984741211,186.0197296142578,19.266414642333984,1071.800048828125,65.52930450439453,275.14068603515625,140.75938415527344,118.22771453857422,22.776885986328125,28.577795028686523,127.58772277832031,23.453248977661133,127.4840316772461,59.6524543762207,139.39830017089844,296.3866882324219,75.318603515625,196.2100067138672,201.32135009765625,36.70833206176758,27.08487892150879,79.66339111328125,195.35000610351562,24.182636260986328
2026-06-03,180.51686096191406,50.605953216552734,181.497314453125,60.26439666748047,126.02999877929688,87.59783172607422,107.90127563476562,33.400001525878906,182.28463745117188,18.889999389648438,1077.0,65.46002960205078,275.3587646484375,141.50131225585938,118.32679748535156,22.969501495361328,28.68667984008789,127.0811767578125,23.51259994506836,131.02304077148438,59.46327209472656,140.7981414794922,299.19061279296875,75.59597778320312,196.5800018310547,201.34112548828125,37.47557830810547,26.82917594909668,78.57974243164062,199.58999633789062,24.26195526123047
2026-06-04,192.07650756835938,52.43199157714844,187.44187927246094,61.40239334106445,130.9499969482422,92.70819854736328,110.99295043945312,33.65999984741211,187.4501953125,19.41499900817871,1089.1500244140625,67.20193481445312,282.11907958984375,144.30087280273438,119.70407104492188,23.547351837158203,29.18161964416504,129.3655548095703,23.75,135.30348205566406,59.493141174316406,142.75393676757812,303.83746337890625,75.9625244140625,207.85000610351562,203.98216247558594,38.76097106933594,26.760330200195312,78.63939666748047,200.85000610351562,24.490001678466797
2026-06-05,192.28451538085938,50.615821838378906,187.96697998046875,61.679473876953125,130.92999267578125,93.4001235961914,111.57759094238281,33.88999938964844,185.55284118652344,19.603206634521484,1080.949951171875,67.48895263671875,282.931884765625,143.7469024658203,121.43804931640625,23.711074829101562,29.735952377319336,123.81352233886719,24.229999542236328,135.9658203125,60.57845687866211,143.49853515625,306.82965087890625,76.99279022216797,208.02000427246094,208.02777099609375,39.059898376464844,27.39958953857422,81.54238891601562,206.92999267578125,24.479999542236328
2026-06-08,187.31199645996094,49.609031677246094,185.87648010253906,63.856510162353516,131.7100067138672,90.73126983642578,111.9442367553711,33.38999938964844,180.94357299804688,19.583393096923828,1062.739990234375,66.64768981933594,279.53192138671875,143.44024658203125,120.98226165771484,23.5377197265625,29.082630157470703,122.66139221191406,24.239999771118164,135.5802764892578,59.75202178955078,141.751220703125,308.2167663574219,76.83428192138672,200.10000610351562,205.08999633789062,38.47200393676758,26.94719123840332,79.1563720703125,200.0,24.06999969482422
2026-06-09,189.025634765625,52.26419448852539,185.12350463867188,65.91480255126953,136.10000610351562,91.50227355957031,114.3521728515625,33.93000030517578,183.70516967773438,20.306503295898438,1059.8399658203125,67.16234588623047,282.28759765625,146.63548278808594,123.30084991455078,23.566612243652344,29.49837875366211,125.28346252441406,25.190000534057617,137.3201446533203,60.9866943359375,146.45706176757812,319.8883361816406,78.80567169189453,204.77999877929688,211.88999938964844,39.229286193847656,27.55694580078125,81.9897689819336,206.77000427246094,24.649999618530273
2026-06-10,190.67984008789062,51.632484436035156,184.86590576171875,64.79660034179688,134.05999755859375,92.30292510986328,114.26298522949219,34.22999954223633,179.58265686035156,20.276784896850586,1038.3299560546875,66.9149169921875,282.1488342285156,147.9907684326172,122.48834991455078,23.065811157226562,29.409290313720703,122.52234649658203,25.3799991607666,138.18019104003906,61.84299850463867,144.7196807861328,320.8890380859375,79.35051727294922,207.3300018310547,212.82000732421875,39.179466247558594,27.940500259399414,83.85882568359375,211.36000061035156,24.15999984741211
2026-06-11,187.52000427246094,52.086524963378906,182.65650939941406,65.53877258300781,131.91000366210938,90.97838592529297,113.40088653564453,32.650001525878906,181.62901306152344,20.306503295898438,1043.1800537109375,65.96479034423828,278.1342468261719,148.64364624023438,123.57828521728516,23.4414119720459,29.15192413330078,124.32005310058594,25.75,136.51942443847656,61.643856048583984,146.1294403076172,321.7213134765625,79.93500518798828,203.64999389648438,214.86000061035156,38.970218658447266,27.62578773498535,83.40150451660156,210.6699981689453,24.329999923706055
2026-06-12,187.17999267578125,52.48134231567383,185.3018341064453,65.58824920654297,133.41000366210938,91.09700775146484,113.93598937988281,32.84000015258789,182.97999572753906,20.494709014892578,1055.8499755859375,66.64768981933594,281.2666015625,148.98001098632812,124.68802642822266,23.971105575561523,29.379594802856445,126.37599182128906,25.90999984741211,137.33990478515625,62.450374603271484,147.66827392578125,322.94000244140625,80.27999877929688,204.7899932861328,219.0399932861328,39.25918197631836,28.048683166503906,84.10736846923828,214.22999572753906,24.850000381469727
2026-06-15,185.75999450683594,51.701576232910156,182.775390625,65.2913818359375,134.16000366210938,88.73999786376953,112.46942138671875,32.040000915527344,184.89999389648438,20.337425231933594,1064.3800048828125,65.49961853027344,278.9272766113281,146.64999389648438,123.56837463378906,23.894060134887695,28.874757766723633,126.27999877929688,25.350000381469727,135.7582244873047,61.872867584228516,147.4300079345703,320.9800109863281,79.26000213623047,195.82000732421875,215.66000366210938,38.76097106933594,27.527441024780273,82.97400665283203,212.82000732421875,24.649999618530273
2026-06-16,184.47000122070312,51.089603424072266,183.02308654785156,65.04399108886719,135.47000122070312,88.12999725341797,111.33977508544922,31.969999313354492,190.4499969482422,19.998966217041016,1094.6800537109375,65.71735382080078,278.1045227050781,146.39999389648438,122.25054168701172,23.980737686157227,28.706478118896484,128.2100067138672,25.100000381469727,134.87841796875,61.90273666381836,146.1199951171875,320.1700134277344,78.9000015258789,195.72999572753906,215.22999572753906,38.47200393676758,27.54711151123047,83.40150451660156,213.5,24.790000915527344
2026-06-17,181.08999633789062,48.5726318359375,177.97021484375,62.40185546875,130.7899932861328,85.7699966430664,108.35710144042969,30.459999084472656,187.0800018310547,19.312091827392578,1088.52001953125,63.96554946899414,271.9984436035156,143.9199981689453,119.3770980834961,23.711074829101562,28.20163917541504,125.44000244140625,24.489999771118164,131.58653259277344,60.30961608886719,140.94000244140625,312.5799865722656,77.37000274658203,191.57000732421875,209.86000061035156,37.515438079833984,26.780000686645508,81.67163848876953,206.5500030517578,24.329999923706055
2026-06-18,176.0500030517578,50.36906051635742,175.6815643310547,64.02473449707031,131.5500030517578,82.05000305175781,108.0003662109375,30.1200008392334,188.14999389648438,19.47136688232422,1092.18994140625,63.43109893798828,271.3144836425781,145.3300018310547,119.28791809082031,24.08667755126953,28.12244987487793,127.83000183105469,24.3799991607666,130.98350524902344,59.98103713989258,140.5399932861328,318.1199951171875,76.87999725341797,186.8699951171875,211.3300018310547,37.425758361816406,26.280000686645508,81.12483215332031,206.64999389648438,24.31999969482422
2026-06-22,176.42999267578125,50.07294464111328,178.22781372070312,64.23255157470703,129.9499969482422,83.12000274658203,107.99046325683594,29.219999313354492,195.5399932861328,19.889463424682617,1115.93994140625,64.06452941894531,273.8619689941406,146.0800018310547,120.60574340820312,24.202245712280273,28.152145385742188,131.86000061035156,24.690000534057617,130.6177520751953,60.319576263427734,143.8300018310547,320.2200012207031,77.36000061035156,187.58999633789062,214.57000732421875,37.60511779785156,26.09000015258789,82.55644989013672,211.4499969482422,24.25
2026-06-23,179.3800048828125,50.93167495727539,180.5561065673828,63.66849136352539,133.2100067138672,84.33000183105469,109.49665832519531,30.260000228881836,195.0,20.466835021972656,1115.9300537109375,65.02455139160156,276.85552978515625,147.75999450683594,122.54779815673828,23.903690338134766,28.755970001220703,133.05999755859375,25.190000534057617,132.35760498046875,61.26548767089844,145.25,321.2900085449219,78.66999816894531,189.58999633789062,216.74000549316406,38.143184661865234,26.6200008392334,84.87288665771484,217.6699981689453,24.440000534057617
2026-06-24,174.4600067138672,50.57634353637695,181.90353393554688,63.4705810546875,133.94000244140625,82.13999938964844,110.24976348876953,29.809999465942383,193.02000427246094,20.725658416748047,1095.0,65.5392074584961,279.1849670410156,145.86000061035156,123.47920227050781,23.67255210876465,29.339998245239258,130.58999633789062,25.420000076293945,132.88153076171875,61.723514556884766,140.8699951171875,317.9200134277344,79.87000274658203,185.4600067138672,222.14999389648438,38.25279235839844,26.719999313354492,86.0658950805664,221.42999267578125,25.299999237060547
2026-06-25,168.72000122070312,52.599788665771484,184.41015625,64.98461151123047,134.5800018310547,79.52999877929688,112.55860137939453,28.639999389648438,192.44000244140625,21.133798599243164,1087.6099853515625,66.47943878173828,283.0706787109375,147.19000244140625,123.40984344482422,24.057783126831055,29.90999984741211,131.05999755859375,25.520000457763672,136.49964904785156,61.77330017089844,140.52999877929688,320.739990234375,80.25,180.9499969482422,225.49000549316406,38.96025085449219,26.530000686645508,86.92089080810547,223.72999572753906,25.760000228881836
2026-06-26,175.58999633789062,54.50479507446289,188.36328125,66.6965560913086,137.39999389648438,82.62000274658203,115.25390625,30.25,193.0,21.452348709106445,1091.300048828125,67.67699432373047,292.7551574707031,149.2100067138672,123.93498992919922,24.134830474853516,30.459999084472656,132.44000244140625,25.889999389648438,139.10943603515625,62.848655700683594,139.97000122070312,324.3900146484375,81.80999755859375,183.75999450683594,226.88999938964844,39.83710861206055,27.209999084472656,88.53145599365234,227.3300018310547,25.309999465942383
2026-06-29,168.6699981689453,54.869998931884766,190.86000061035156,66.37000274658203,136.08999633789062,78.62999725341797,115.68000030517578,29.31999969482422,190.5800018310547,21.77090072631836,1085.1700439453125,68.33999633789062,293.3399963378906,148.25999450683594,124.2718734741211,24.0,30.59000015258789,129.97000122070312,25.829999923706055,139.04022216796875,62.76900100708008,138.88999938964844,324.45001220703125,81.30000305175781,179.5,227.55999755859375,39.986572265625,27.18000030517578,88.77999877929688,227.72999572753906,24.6200008392334
2026-06-30,163.57000732421875,52.849998474121094,188.69000244140625,66.30999755859375,134.69000244140625,75.7300033569336,114.48999786376953,28.31999969482422,179.5800018310547,21.303030014038086,1042.3900146484375,67.93000030517578,291.5899963378906,145.3000030517578,122.30999755859375,23.709999084472656,30.209999084472656,126.30999755859375,25.350000381469727,137.3498077392578,61.959999084472656,135.47000122070312,318.30999755859375,79.73999786376953,176.4600067138672,223.64999389648438,39.777320861816406,26.549999237060547,88.80000305175781,226.97000122070312,23.940000534057617
2026-07-01,166.0800018310547,53.0099983215332,190.42999267578125,67.76000213623047,138.3000030517578,76.52999877929688,115.66000366210938,29.360000610351562,176.32000732421875,21.541940689086914,1013.6199951171875,68.62999725341797,295.17999267578125,147.2899932861328,120.41000366210938,23.350000381469727,30.350000381469727,121.9000015258789,25.079999923706055,138.33836364746094,61.81999969482422,136.8000030517578,323.0400085449219,79.37000274658203,180.75,223.0,40.47481918334961,26.270000457763672,89.6500015258789,230.19000244140625,23.559999465942383
2026-07-02,166.02999877929688,52.58000183105469,193.9600067138672,69.31999969482422,141.5800018310547,76.5999984741211,117.25,30.0,173.3000030517578,21.790809631347656,1002.02001953125,69.83000183105469,298.3299865722656,149.33999633789062,121.69000244140625,23.350000381469727,30.530000686645508,117.16000366210938,25.31999969482422,140.56260681152344,63.84000015258789,139.42999267578125,329.6400146484375,80.95999908447266,184.55999755859375,226.05999755859375,40.94314193725586,27.190000534057617,92.5199966430664,236.05999755859375,23.790000915527344
2026-07-06,162.11000061035156,49.869998931884766,194.35000610351562,69.97000122070312,140.5500030517578,74.91999816894531,116.94999694824219,28.700000762939453,173.6999969482422,21.651443481445312,998.8400268554688,69.93000030517578,298.0,146.13999938964844,120.55999755859375,23.25,30.020000457763672,116.37999725341797,25.049999237060547,139.1588592529297,63.189998626708984,140.1999969482422,324.0,79.83999633789062,180.57000732421875,225.0,40.81360626220703,26.700000762939453,92.20999908447266,232.69000244140625,23.399999618530273
2026-07-07,165.25,49.40999984741211,195.38999938964844,68.58999633789062,143.72999572753906,77.22000122070312,117.58000183105469,29.8700008392334,174.89999389648438,21.83062744140625,1022.9299926757812,70.1500015258789,298.32000732421875,147.72999572753906,122.11000061035156,23.350000381469727,30.200000762939453,115.75,25.290000915527344,140.08810424804688,64.01000213623047,143.61000061035156,328.69000244140625,80.73999786376953,183.22999572753906,227.19000244140625,41.09260559082031,26.770000457763672,94.06999969482422,237.58999633789062,23.290000915527344
2026-07-08,165.0399932861328,48.040000915527344,189.1199951171875,66.77999877929688,139.94000244140625,76.9000015258789,113.9800033569336,29.34000015258789,176.3000030517578,21.671354293823242,1015.969970703125,68.30999755859375,291.5799865722656,143.99000549316406,120.43000030517578,22.760000228881836,29.6299991607666,115.45999908447266,24.969999313354492,136.28216552734375,63.22999954223633,141.0,320.7699890136719,79.72000122070312,181.99000549316406,219.08999633789062,39.687644958496094,26.09000015258789,92.41000366210938,233.89999389648438,22.459999084472656
2026-07-09,165.0,48.5099983215332,189.4600067138672,66.93000030517578,141.05999755859375,76.68000030517578,113.29000091552734,29.190000534057617,179.3300018310547,21.472259521484375,1034.8699951171875,68.08999633789062,291.1199951171875,142.67999267578125,120.7300033569336,23.15999984741211,29.3700008392334,119.4800033569336,24.93000030517578,134.44345092773438,63.16999816894531,141.36000061035156,319.3500061035156,79.44000244140625,182.47999572753906,219.7100067138672,39.54814529418945,25.93000030517578,91.73999786376953,232.1199951171875,22.5
2026-07-10,168.58999633789062,47.880001068115234,191.83999633789062,66.81999969482422,139.52999877929688,79.66000366210938,112.95999908447266,28.389999389648438,180.41000366210938,21.551897048950195,1051.2099609375,68.69000244140625,293.54998779296875,143.9600067138672,120.94000244140625,23.18000030517578,29.600000381469727,121.51000213623047,24.8799991607666,133.7020263671875,63.310001373291016,140.8699951171875,320.55999755859375,79.62000274658203,190.02999877929688,218.77000427246094,39.5880012512207,26.010000228881836,90.66000366210938,231.58999633789062,23.450000762939453
2026-07-13,169.5,48.08000183105469,194.52999877929688,67.04000091552734,138.02999877929688,79.83999633789062,114.19000244140625,28.770000457763672,177.9199981689453,21.631534576416016,1039.530029296875,69.72000122070312,297.4800109863281,145.32000732421875,121.83999633789062,23.06999969482422,30.110000610351562,122.37000274658203,25.110000610351562,134.33470153808594,64.16999816894531,142.16000366210938,321.8599853515625,79.94000244140625,187.10000610351562,219.49000549316406,40.03639221191406,26.399999618530273,92.05999755859375,234.5500030517578,23.40999984741211
2026-07-14,168.8300018310547,47.5,191.75,67.72000122070312,133.1300048828125,79.05000305175781,112.9800033569336,27.68000030517578,173.11000061035156,21.561851501464844,1023.5399780273438,68.72000122070312,298.1300048828125,145.5,122.11000061035156,23.3799991607666,30.229999542236328,122.66000366210938,25.25,132.14999389648438,63.77000045776367,142.49000549316406,318.92999267578125,80.33000183105469,187.25,221.27999877929688,39.827144622802734,26.280000686645508,92.4000015258789,236.0,23.799999237060547
2026-07-15,168.6300048828125,48.70000076293945,190.2899932861328,68.94000244140625,141.41000366210938,79.47000122070312,111.87000274658203,28.489999771118164,176.07000732421875,21.641489028930664,1022.5999755859375,68.26000213623047,292.7900085449219,144.63999938964844,122.23999786376953,23.799999237060547,29.81999969482422,123.5199966430664,25.09000015258789,131.77000427246094,63.2599983215332,143.4199981689453,314.67999267578125,79.98999786376953,187.08999633789062,222.00999450683594,39.318965911865234,26.309999465942383,92.29000091552734,233.2899932861328,23.90999984741211
2026-07-16,168.9199981689453,50.13999938964844,195.5,70.6500015258789,143.69000244140625,78.7300033569336,114.56999969482422,30.3700008392334,173.60000610351562,22.22881507873535,1009.1400146484375,70.0,297.4200134277344,150.3300018310547,125.36000061035156,23.670000076293945,30.420000076293945,121.66000366210938,26.030000686645508,134.86000061035156,65.75,150.05999755859375,324.5,82.37999725341797,185.0399932861328,228.49000549316406,40.42499923706055,27.149999618530273,95.04000091552734,241.49000549316406,24.450000762939453
2026-07-17,170.05999755859375,50.220001220703125,192.52999877929688,69.8499984741211,140.9600067138672,79.16999816894531,112.97000122070312,29.780000686645508,173.8800048828125,22.408000946044922,1020.0,69.0,292.92999267578125,148.16000366210938,126.0199966430664,23.940000534057617,30.1200008392334,123.81999969482422,26.1200008392334,132.9600067138672,65.70999908447266,149.7899932861328,318.0400085449219,82.68000030517578,185.69000244140625,228.6999969482422,39.7599983215332,26.8700008392334,96.0999984741211,243.25,24.489999771118164
2026-07-20,167.05999755859375,50.04999923706055,191.83999633789062,67.9000015258789,138.6199951171875,78.18000030517578,112.86000061035156,29.68000030517578,176.25,22.290000915527344,1017.3099975585938,68.80000305175781,293.8299865722656,147.27999877929688,125.58999633789062,24.059999465942383,30.079999923706055,124.2300033569336,26.030000686645508,133.7100067138672,65.18000030517578,147.47999572753906,315.5299987792969,82.13999938964844,181.97000122070312,228.19000244140625,39.7400016784668,26.84000015258789,96.25,244.83999633789062,23.959999084472656
2026-07-21,163.38999938964844,50.61000061035156,190.64999389648438,68.30999755859375,138.27000427246094,76.19999694824219,112.08999633789062,28.5,179.30999755859375,22.600000381469727,1027.8800048828125,68.29000091552734,294.010009765625,145.5500030517578,125.58999633789062,24.440000534057617,29.850000381469727,125.55999755859375,26.100000381469727,132.24000549316406,64.98999786376953,149.94000244140625,309.75,82.08999633789062,176.82000732421875,226.7899932861328,39.56999969482422,26.579999923706055,97.62000274658203,246.3699951171875,23.610000610351562
2026-07-22,166.05999755859375,49.63999938964844,190.27000427246094,67.41000366210938,137.08999633789062,77.5,112.01000213623047,27.690000534057617,178.41000366210938,22.190000534057617,1028.739990234375,68.29000091552734,293.07000732421875,145.0500030517578,125.05000305175781,24.5,29.5,124.51000213623047,26.139999389648438,131.57000732421875,65.02999877929688,144.6999969482422,311.70001220703125,82.22000122070312,178.02000427246094,226.22000122070312,39.540000915527344,26.579999923706055,97.18000030517578,245.0399932861328,23.81999969482422
2026-07-23,164.64999389648438,50.119998931884766,190.8000030517578,67.83999633789062,135.5500030517578,74.56999969482422,112.83999633789062,27.139999389648438,179.33999633789062,22.079999923706055,1033.550048828125,68.27999877929688,293.20001220703125,145.4199981689453,124.83000183105469,23.959999084472656,29.440000534057617,124.55000305175781,25.739999771118164,132.75,64.72000122070312,145.1199951171875,315.010009765625,81.18000030517578,174.85000610351562,225.1999969482422,39.47999954223633,26.31999969482422,97.91999816894531,247.0500030517578,23.639999389648438
2026-07-24,166.6699981689453,50.939998626708984,189.61000061035156,69.11000061035156,139.4600067138672,74.9000015258789,113.7300033569336,27.65999984741211,199.0800018310547,22.270000457763672,1084.239990234375,67.86000061035156,293.4599914550781,147.7100067138672,126.08000183105469,24.5,29.780000686645508,128.30999755859375,26.100000381469727,133.8800048828125,65.5999984741211,147.6300048828125,322.4800109863281,82.1500015258789,173.57000732421875,229.77999877929688,39.59000015258789,26.729999542236328,100.52999877929688,252.07000732421875,23.940000534057617
