Date,ABNB,AMZN,APTV,AZO,BBY,BKNG,CCL,CMG,CZR,DASH,DECK,DHI,DPZ,DRI,EBAY,EXPE,F,GM,GPC,GRMN,HAS,HD,HLT,KMX,LEN,LKQ,LOW,LULU,LVS,MAR,MCD,MGM,MHK,NCLH,NKE,NVR,ORLY,PHM,POOL,RCL,RL,ROST,SBUX,TJX,TPR,TSCO,TSLA,ULTA,WSM,WYNN,YUM
2021-07-26,,2.87,3.92,90.41,9.48,3.8899999999999997,-7.8,20.060000000000002,-10.219999999999999,,15.46,10.02,12.46,4.3100000000000005,3.79,-6.010000000000001,1.0100000000000002,5.6499999999999995,6.390000000000001,6.17,5.2,13.709999999999999,0.54,7.11,9.379999999999999,3.51,10.27,5.59,-1.55,1.07,8.21,-2.82,14.739999999999998,-8.639999999999999,3.56,287.70000000000005,27.86,5.96,13.16,-20.14,5.779999999999999,3.09,2.75,1.47,2.9800000000000004,8.0,1.31,9.850000000000001,11.24,-13.02,4.390000000000001
2021-07-27,,2.87,3.92,90.41,9.48,3.8899999999999997,-7.8,20.060000000000002,-10.219999999999999,,15.46,10.02,12.46,4.3100000000000005,3.79,-6.010000000000001,1.0100000000000002,5.6499999999999995,6.390000000000001,6.17,5.2,13.709999999999999,0.54,7.11,9.379999999999999,3.51,10.27,5.59,-1.55,1.07,8.21,-2.82,14.739999999999998,-8.639999999999999,3.56,287.70000000000005,27.86,5.96,13.16,-20.14,5.779999999999999,3.09,2.75,1.47,2.9800000000000004,8.0,1.31,9.850000000000001,11.24,-13.02,4.390000000000001
2021-07-28,,2.87,3.92,90.41,9.48,3.8899999999999997,-7.8,20.060000000000002,-10.219999999999999,,15.46,10.02,12.46,4.3100000000000005,3.79,-6.010000000000001,1.0100000000000002,5.6499999999999995,6.390000000000001,6.17,5.2,13.709999999999999,0.54,7.11,9.379999999999999,3.51,10.27,5.59,-1.55,1.07,8.21,-2.82,14.739999999999998,-8.639999999999999,3.56,287.70000000000005,27.86,5.96,13.16,-20.14,5.779999999999999,3.09,2.75,1.47,2.9800000000000004,8.0,1.31,9.850000000000001,11.24,-13.02,4.390000000000001
2021-07-29,,2.87,3.92,90.41,9.48,3.8899999999999997,-7.8,20.060000000000002,-10.219999999999999,,15.46,10.02,12.46,4.3100000000000005,3.79,-6.010000000000001,1.0100000000000002,5.6499999999999995,6.390000000000001,6.17,5.2,13.709999999999999,0.54,7.11,9.379999999999999,3.51,10.27,5.59,-1.55,1.07,8.21,-2.82,14.739999999999998,-8.639999999999999,3.56,287.70000000000005,27.86,5.96,13.16,-20.14,5.779999999999999,3.09,2.75,1.47,2.9800000000000004,8.0,1.31,9.850000000000001,11.24,-13.02,4.390000000000001
2021-07-30,,2.87,3.92,90.41,9.48,3.8899999999999997,-7.8,20.060000000000002,-10.219999999999999,,15.46,10.02,12.46,4.3100000000000005,3.79,-6.010000000000001,1.0100000000000002,5.6499999999999995,6.390000000000001,6.17,5.2,13.709999999999999,0.54,7.11,9.379999999999999,3.51,10.27,5.59,-1.55,1.07,8.21,-2.82,14.739999999999998,-8.639999999999999,3.56,287.70000000000005,27.86,5.96,13.16,-20.14,5.779999999999999,3.09,2.75,1.47,2.9800000000000004,8.0,1.31,9.850000000000001,11.24,-13.02,4.390000000000001
2021-08-02,,2.87,3.92,90.41,10.75,3.8899999999999997,-7.8,20.060000000000002,-10.219999999999999,,15.46,10.02,12.46,4.3100000000000005,3.79,-6.010000000000001,1.0100000000000002,5.6499999999999995,6.390000000000001,6.17,5.2,14.219999999999999,0.54,7.11,9.379999999999999,3.51,10.77,6.550000000000001,-1.55,1.07,8.21,-2.82,14.739999999999998,-8.639999999999999,3.56,287.70000000000005,27.86,5.96,13.16,-20.14,5.779999999999999,4.42,2.75,2.44,2.9800000000000004,8.0,1.31,13.68,12.68,-13.02,4.390000000000001
2021-08-03,,2.87,3.92,90.41,10.75,3.8899999999999997,-7.8,20.060000000000002,-10.219999999999999,,15.46,10.02,12.46,4.3100000000000005,3.79,-6.010000000000001,1.0100000000000002,5.6499999999999995,6.390000000000001,6.17,5.2,14.219999999999999,0.54,7.11,9.379999999999999,3.51,10.77,6.550000000000001,-1.55,1.07,8.21,-2.82,14.739999999999998,-8.639999999999999,3.56,287.70000000000005,27.86,5.96,13.16,-20.14,5.779999999999999,4.42,2.75,2.44,2.9800000000000004,8.0,1.31,13.68,12.68,-13.02,4.390000000000001
2021-08-04,,2.87,3.92,90.41,10.75,3.8899999999999997,-7.8,20.060000000000002,-10.219999999999999,,15.46,10.02,12.46,4.3100000000000005,3.79,-6.010000000000001,1.0100000000000002,5.6499999999999995,6.390000000000001,6.17,5.2,14.219999999999999,0.54,7.11,9.379999999999999,3.51,10.77,6.550000000000001,-1.55,1.07,8.21,-2.82,14.739999999999998,-8.639999999999999,3.56,287.70000000000005,27.86,5.96,13.16,-20.14,5.779999999999999,4.42,2.75,2.44,2.9800000000000004,8.0,1.31,13.68,12.68,-13.02,4.390000000000001
2021-08-05,,2.87,3.92,90.41,10.75,3.8899999999999997,-7.8,20.060000000000002,-10.219999999999999,,15.46,10.02,12.46,4.3100000000000005,3.79,-6.010000000000001,1.0100000000000002,5.6499999999999995,6.390000000000001,6.17,5.2,14.219999999999999,0.54,7.11,9.379999999999999,3.51,10.77,6.550000000000001,-1.55,1.07,8.21,-2.82,14.739999999999998,-8.639999999999999,3.56,287.70000000000005,27.86,5.96,13.16,-20.14,5.779999999999999,4.42,2.75,2.44,2.9800000000000004,8.0,1.31,13.68,12.68,-13.02,4.390000000000001
2021-08-06,,2.87,3.92,90.41,10.75,3.8899999999999997,-7.8,20.060000000000002,-10.219999999999999,,15.46,10.02,12.46,4.3100000000000005,3.79,-6.010000000000001,1.0100000000000002,5.6499999999999995,6.390000000000001,6.17,5.2,14.219999999999999,0.54,7.11,9.379999999999999,3.51,10.77,6.550000000000001,-1.55,1.07,8.21,-2.82,14.739999999999998,-8.639999999999999,3.56,287.70000000000005,27.86,5.96,13.16,-20.14,5.779999999999999,4.42,2.75,2.44,2.9800000000000004,8.0,1.31,13.68,12.68,-13.02,4.390000000000001
2021-08-09,,2.87,3.92,90.41,10.75,3.8899999999999997,-7.8,20.060000000000002,-10.219999999999999,,15.46,10.02,12.46,4.3100000000000005,3.79,-6.010000000000001,1.0100000000000002,5.6499999999999995,6.390000000000001,6.17,5.2,14.219999999999999,0.54,7.11,9.379999999999999,3.51,10.77,6.550000000000001,-1.55,1.07,8.21,-2.82,14.739999999999998,-8.639999999999999,3.56,287.70000000000005,27.86,5.96,13.16,-20.14,5.779999999999999,4.42,2.75,2.44,2.9800000000000004,8.0,1.31,13.68,12.68,-13.02,4.390000000000001
2021-08-10,,2.87,3.92,90.41,10.75,3.8899999999999997,-7.8,20.060000000000002,-10.219999999999999,,15.46,10.02,12.46,4.3100000000000005,3.79,-6.010000000000001,1.0100000000000002,5.6499999999999995,6.390000000000001,6.17,5.2,14.219999999999999,0.54,7.11,9.379999999999999,3.51,10.77,6.550000000000001,-1.55,1.07,8.21,-2.82,14.739999999999998,-8.639999999999999,3.56,287.70000000000005,27.86,5.96,13.16,-20.14,5.779999999999999,4.42,2.75,2.44,2.9800000000000004,8.0,1.31,13.68,12.68,-13.02,4.390000000000001
2021-08-11,,2.87,3.92,90.41,10.75,3.8899999999999997,-7.8,20.060000000000002,-10.219999999999999,,15.46,10.02,12.46,4.3100000000000005,3.79,-6.010000000000001,1.0100000000000002,5.6499999999999995,6.390000000000001,6.17,5.2,14.219999999999999,0.54,7.11,9.379999999999999,3.51,10.77,6.550000000000001,-1.55,1.07,8.21,-2.82,14.739999999999998,-8.639999999999999,3.56,287.70000000000005,27.86,5.96,13.16,-20.14,5.779999999999999,4.42,2.75,2.44,2.9800000000000004,8.0,1.31,13.68,12.68,-13.02,4.390000000000001
2021-08-12,,2.87,3.92,90.41,10.75,3.8899999999999997,-7.8,20.060000000000002,-10.219999999999999,,15.46,10.02,12.46,4.3100000000000005,3.79,-6.010000000000001,1.0100000000000002,5.6499999999999995,6.390000000000001,6.17,5.2,14.219999999999999,0.54,7.11,9.379999999999999,3.51,10.77,6.550000000000001,-1.55,1.07,8.21,-2.82,14.739999999999998,-8.639999999999999,3.56,287.70000000000005,27.86,5.96,13.16,-20.14,5.779999999999999,4.42,2.75,2.44,2.9800000000000004,8.0,1.31,13.68,12.68,-13.02,4.390000000000001
2021-08-13,,2.87,3.92,90.41,10.75,3.8899999999999997,-7.8,20.060000000000002,-10.219999999999999,,15.46,10.02,12.46,4.3100000000000005,3.79,-6.010000000000001,1.0100000000000002,5.6499999999999995,6.390000000000001,6.17,5.2,14.219999999999999,0.54,7.11,9.379999999999999,3.51,10.77,6.550000000000001,-1.55,1.07,8.21,-2.82,14.739999999999998,-8.639999999999999,3.56,287.70000000000005,27.86,5.96,13.16,-20.14,5.779999999999999,4.42,2.75,2.44,2.9800000000000004,8.0,1.31,13.68,12.68,-13.02,4.390000000000001
2021-08-16,,2.87,3.92,90.41,10.75,3.8899999999999997,-7.8,20.060000000000002,-10.219999999999999,,15.46,10.02,12.46,4.3100000000000005,3.79,-6.010000000000001,1.0100000000000002,5.6499999999999995,6.390000000000001,6.17,5.2,14.219999999999999,0.54,7.11,9.379999999999999,3.51,10.77,6.550000000000001,-1.55,1.07,8.21,-2.82,14.739999999999998,-8.639999999999999,3.56,287.70000000000005,27.86,5.96,13.16,-20.14,5.779999999999999,4.42,2.75,2.44,2.9800000000000004,8.0,1.31,13.68,12.68,-13.02,4.390000000000001
2021-08-17,,2.87,3.92,90.41,10.75,3.8899999999999997,-7.8,20.060000000000002,-10.219999999999999,,15.46,10.02,12.46,4.3100000000000005,3.79,-6.010000000000001,1.0100000000000002,5.6499999999999995,6.390000000000001,6.17,5.2,14.219999999999999,0.54,7.11,9.379999999999999,3.51,10.77,6.550000000000001,-1.55,1.07,8.21,-2.82,14.739999999999998,-8.639999999999999,3.56,287.70000000000005,27.86,5.96,13.16,-20.14,5.779999999999999,4.42,2.75,2.44,2.9800000000000004,8.0,1.31,13.68,12.68,-13.02,4.390000000000001
2021-08-18,,2.87,3.92,90.41,10.75,3.8899999999999997,-7.8,20.060000000000002,-10.219999999999999,,15.46,10.02,12.46,4.3100000000000005,3.79,-6.010000000000001,1.0100000000000002,5.6499999999999995,6.390000000000001,6.17,5.2,14.219999999999999,0.54,7.11,9.379999999999999,3.51,10.77,6.550000000000001,-1.55,1.07,8.21,-2.82,14.739999999999998,-8.639999999999999,3.56,287.70000000000005,27.86,5.96,13.16,-20.14,5.779999999999999,4.42,2.75,2.44,2.9800000000000004,8.0,1.31,13.68,12.68,-13.02,4.390000000000001
2021-08-19,,2.87,3.92,90.41,10.75,3.8899999999999997,-7.8,20.060000000000002,-10.219999999999999,,15.46,10.02,12.46,4.3100000000000005,3.79,-6.010000000000001,1.0100000000000002,5.6499999999999995,6.390000000000001,6.17,5.2,14.219999999999999,0.54,7.11,9.379999999999999,3.51,10.77,6.550000000000001,-1.55,1.07,8.21,-2.82,14.739999999999998,-8.639999999999999,3.56,287.70000000000005,27.86,5.96,13.16,-20.14,5.779999999999999,4.42,2.75,2.44,2.9800000000000004,8.0,1.31,13.68,12.68,-13.02,4.390000000000001
2021-08-20,,2.87,3.92,90.41,10.75,3.8899999999999997,-7.8,20.060000000000002,-10.219999999999999,,15.46,10.02,12.46,4.3100000000000005,3.79,-6.010000000000001,1.0100000000000002,5.6499999999999995,6.390000000000001,6.17,5.2,14.219999999999999,0.54,7.11,9.379999999999999,3.51,10.77,6.550000000000001,-1.55,1.07,8.21,-2.82,14.739999999999998,-8.639999999999999,3.56,287.70000000000005,27.86,5.96,13.16,-20.14,5.779999999999999,4.42,2.75,2.44,2.9800000000000004,8.0,1.31,13.68,12.68,-13.02,4.390000000000001
2021-08-23,,2.87,3.92,90.41,10.75,3.8899999999999997,-7.8,20.060000000000002,-10.219999999999999,,15.46,10.02,12.46,4.3100000000000005,3.79,-6.010000000000001,1.0100000000000002,5.6499999999999995,6.390000000000001,6.17,5.2,14.219999999999999,0.54,7.11,9.379999999999999,3.51,10.77,6.550000000000001,-1.55,1.07,8.21,-2.82,14.739999999999998,-8.639999999999999,3.56,287.70000000000005,27.86,5.96,13.16,-20.14,5.779999999999999,4.42,2.75,2.44,2.9800000000000004,8.0,1.31,13.68,12.68,-13.02,4.390000000000001
2021-08-24,,2.87,3.92,90.41,10.75,3.8899999999999997,-7.8,20.060000000000002,-10.219999999999999,,15.46,10.02,12.46,4.3100000000000005,3.79,-6.010000000000001,1.0100000000000002,5.6499999999999995,6.390000000000001,6.17,5.2,14.219999999999999,0.54,7.11,9.379999999999999,3.51,10.77,6.550000000000001,-1.55,1.07,8.21,-2.82,14.739999999999998,-8.639999999999999,3.56,287.70000000000005,27.86,5.96,13.16,-20.14,5.779999999999999,4.42,2.75,2.44,2.9800000000000004,8.0,1.31,13.68,12.68,-13.02,4.390000000000001
2021-08-25,,2.87,3.92,90.41,10.75,3.8899999999999997,-7.8,20.060000000000002,-10.219999999999999,,15.46,10.02,12.46,4.3100000000000005,3.79,-6.010000000000001,1.0100000000000002,5.6499999999999995,6.390000000000001,6.17,5.2,14.219999999999999,0.54,7.11,9.379999999999999,3.51,10.77,6.550000000000001,-1.55,1.07,8.21,-2.82,14.739999999999998,-8.639999999999999,3.56,287.70000000000005,27.86,5.96,13.16,-20.14,5.779999999999999,4.42,2.75,2.44,2.9800000000000004,8.0,1.31,13.68,12.68,-13.02,4.390000000000001
2021-08-26,,2.87,3.92,90.41,10.75,3.8899999999999997,-7.8,20.060000000000002,-10.219999999999999,,15.46,10.02,12.46,4.3100000000000005,3.79,-6.010000000000001,1.0100000000000002,5.6499999999999995,6.390000000000001,6.17,5.2,14.219999999999999,0.54,7.11,9.379999999999999,3.51,10.77,6.550000000000001,-1.55,1.07,8.21,-2.82,14.739999999999998,-8.639999999999999,3.56,287.70000000000005,27.86,5.96,13.16,-20.14,5.779999999999999,4.42,2.75,2.44,2.9800000000000004,8.0,1.31,13.68,12.68,-13.02,4.390000000000001
2021-08-27,,2.87,3.92,90.41,10.75,3.8899999999999997,-7.8,20.060000000000002,-10.219999999999999,,15.46,10.02,12.46,4.3100000000000005,3.79,-6.010000000000001,1.0100000000000002,5.6499999999999995,6.390000000000001,6.17,5.2,14.219999999999999,0.54,7.11,9.379999999999999,3.51,10.77,6.550000000000001,-1.55,1.07,8.21,-2.82,14.739999999999998,-8.639999999999999,3.56,287.70000000000005,27.86,5.96,13.16,-20.14,5.779999999999999,4.42,2.75,2.44,2.9800000000000004,8.0,1.31,13.68,12.68,-13.02,4.390000000000001
2021-08-30,,2.87,3.92,90.41,10.75,3.8899999999999997,-7.8,20.060000000000002,-10.219999999999999,,15.46,10.02,12.46,4.3100000000000005,3.79,-6.010000000000001,1.0100000000000002,5.6499999999999995,6.390000000000001,6.17,5.2,14.219999999999999,0.54,7.11,9.379999999999999,3.51,10.77,6.550000000000001,-1.55,1.07,8.21,-2.82,14.739999999999998,-8.639999999999999,3.56,287.70000000000005,27.86,5.96,13.16,-20.14,5.779999999999999,4.42,2.75,2.44,2.9800000000000004,8.0,1.31,13.68,12.68,-13.02,4.390000000000001
2021-08-31,,2.87,3.92,111.74,10.75,3.8899999999999997,-7.36,20.060000000000002,-10.219999999999999,,15.46,10.02,12.46,5.51,3.79,-6.010000000000001,1.0100000000000002,5.6499999999999995,6.390000000000001,6.17,5.2,14.219999999999999,0.54,7.04,11.78,3.51,10.77,6.550000000000001,-1.55,1.07,8.21,-2.82,14.739999999999998,-8.639999999999999,3.7700000000000005,287.70000000000005,27.86,5.96,13.16,-20.14,5.779999999999999,4.42,2.75,2.44,2.9800000000000004,8.0,1.31,13.68,12.68,-13.02,4.390000000000001
2021-09-01,,2.87,3.92,111.74,10.75,3.8899999999999997,-7.36,20.060000000000002,-10.219999999999999,,15.46,10.02,12.46,5.51,3.79,-6.010000000000001,1.0100000000000002,5.6499999999999995,6.390000000000001,6.17,5.2,14.219999999999999,0.54,7.04,11.78,3.51,10.77,6.550000000000001,-1.55,1.07,8.21,-2.82,14.739999999999998,-8.639999999999999,3.7700000000000005,287.70000000000005,27.86,5.96,13.16,-20.14,5.779999999999999,4.42,2.75,2.44,2.9800000000000004,8.0,1.31,13.68,12.68,-13.02,4.390000000000001
2021-09-02,,2.87,3.92,111.74,10.75,3.8899999999999997,-7.36,20.060000000000002,-10.219999999999999,,15.46,10.02,12.46,5.51,3.79,-6.010000000000001,1.0100000000000002,5.6499999999999995,6.390000000000001,6.17,5.2,14.219999999999999,0.54,7.04,11.78,3.51,10.77,6.550000000000001,-1.55,1.07,8.21,-2.82,14.739999999999998,-8.639999999999999,3.7700000000000005,287.70000000000005,27.86,5.96,13.16,-20.14,5.779999999999999,4.42,2.75,2.44,2.9800000000000004,8.0,1.31,13.68,12.68,-13.02,4.390000000000001
2021-09-03,,2.87,3.92,111.74,10.75,3.8899999999999997,-7.36,20.060000000000002,-10.219999999999999,,15.46,10.02,12.46,5.51,3.79,-6.010000000000001,1.0100000000000002,5.6499999999999995,6.390000000000001,6.17,5.2,14.219999999999999,0.54,7.04,11.78,3.51,10.77,6.550000000000001,-1.55,1.07,8.21,-2.82,14.739999999999998,-8.639999999999999,3.7700000000000005,287.70000000000005,27.86,5.96,13.16,-20.14,5.779999999999999,4.42,2.75,2.44,2.9800000000000004,8.0,1.31,13.68,12.68,-13.02,4.390000000000001
2021-09-07,,2.87,3.92,111.74,10.75,3.8899999999999997,-7.36,20.060000000000002,-10.219999999999999,,15.46,10.02,12.46,5.51,3.79,-6.010000000000001,1.0100000000000002,5.6499999999999995,6.390000000000001,6.17,5.2,14.219999999999999,0.54,7.04,11.78,3.51,10.77,6.550000000000001,-1.55,1.07,8.21,-2.82,14.739999999999998,-8.639999999999999,3.7700000000000005,287.70000000000005,27.86,5.96,13.16,-20.14,5.779999999999999,4.42,2.75,2.44,2.9800000000000004,8.0,1.31,13.68,12.68,-13.02,4.390000000000001
2021-09-08,,2.87,3.92,111.74,10.75,3.8899999999999997,-7.36,20.060000000000002,-10.219999999999999,,15.46,10.02,12.46,5.51,3.79,-6.010000000000001,1.0100000000000002,5.6499999999999995,6.390000000000001,6.17,5.2,14.219999999999999,0.54,7.04,11.78,3.51,10.77,6.550000000000001,-1.55,1.07,8.21,-2.82,14.739999999999998,-8.639999999999999,3.7700000000000005,287.70000000000005,27.86,5.96,13.16,-20.14,5.779999999999999,4.42,2.75,2.44,2.9800000000000004,8.0,1.31,13.68,12.68,-13.02,4.390000000000001
2021-09-09,,2.87,3.92,111.74,10.75,3.8899999999999997,-7.36,20.060000000000002,-10.219999999999999,,15.46,10.02,12.46,5.51,3.79,-6.010000000000001,1.0100000000000002,5.6499999999999995,6.390000000000001,6.17,5.2,14.219999999999999,0.54,7.04,11.78,3.51,10.77,6.550000000000001,-1.55,1.07,8.21,-2.82,14.739999999999998,-8.639999999999999,3.7700000000000005,287.70000000000005,27.86,5.96,13.16,-20.14,5.779999999999999,4.42,2.75,2.44,2.9800000000000004,8.0,1.31,13.68,12.68,-13.02,4.390000000000001
2021-09-10,,2.87,3.92,111.74,10.75,3.8899999999999997,-7.36,20.060000000000002,-10.219999999999999,,15.46,10.02,12.46,5.51,3.79,-6.010000000000001,1.0100000000000002,5.6499999999999995,6.390000000000001,6.17,5.2,14.219999999999999,0.54,7.04,11.78,3.51,10.77,6.550000000000001,-1.55,1.07,8.21,-2.82,14.739999999999998,-8.639999999999999,3.7700000000000005,287.70000000000005,27.86,5.96,13.16,-20.14,5.779999999999999,4.42,2.75,2.44,2.9800000000000004,8.0,1.31,13.68,12.68,-13.02,4.390000000000001
2021-09-13,,2.87,3.92,111.74,10.75,3.8899999999999997,-7.36,20.060000000000002,-10.219999999999999,,15.46,10.02,12.46,5.51,3.79,-6.010000000000001,1.0100000000000002,5.6499999999999995,6.390000000000001,6.17,5.2,14.219999999999999,0.54,7.04,11.78,3.51,10.77,6.550000000000001,-1.55,1.07,8.21,-2.82,14.739999999999998,-8.639999999999999,3.7700000000000005,287.70000000000005,27.86,5.96,13.16,-20.14,5.779999999999999,4.42,2.75,2.44,2.9800000000000004,8.0,1.31,13.68,12.68,-13.02,4.390000000000001
2021-09-14,,2.87,3.92,111.74,10.75,3.8899999999999997,-7.36,20.060000000000002,-10.219999999999999,,15.46,10.02,12.46,5.51,3.79,-6.010000000000001,1.0100000000000002,5.6499999999999995,6.390000000000001,6.17,5.2,14.219999999999999,0.54,7.04,11.78,3.51,10.77,6.550000000000001,-1.55,1.07,8.21,-2.82,14.739999999999998,-8.639999999999999,3.7700000000000005,287.70000000000005,27.86,5.96,13.16,-20.14,5.779999999999999,4.42,2.75,2.44,2.9800000000000004,8.0,1.31,13.68,12.68,-13.02,4.390000000000001
2021-09-15,,2.87,3.92,111.74,10.75,3.8899999999999997,-7.36,20.060000000000002,-10.219999999999999,,15.46,10.02,12.46,5.51,3.79,-6.010000000000001,1.0100000000000002,5.6499999999999995,6.390000000000001,6.17,5.2,14.219999999999999,0.54,7.04,11.78,3.51,10.77,6.550000000000001,-1.55,1.07,8.21,-2.82,14.739999999999998,-8.639999999999999,3.7700000000000005,287.70000000000005,27.86,5.96,13.16,-20.14,5.779999999999999,4.42,2.75,2.44,2.9800000000000004,8.0,1.31,13.68,12.68,-13.02,4.390000000000001
2021-09-16,,2.87,3.92,111.74,10.75,3.8899999999999997,-7.36,20.060000000000002,-10.219999999999999,,15.46,10.02,12.46,5.51,3.79,-6.010000000000001,1.0100000000000002,5.6499999999999995,6.390000000000001,6.17,5.2,14.219999999999999,0.54,7.04,11.78,3.51,10.77,6.550000000000001,-1.55,1.07,8.21,-2.82,14.739999999999998,-8.639999999999999,3.7700000000000005,287.70000000000005,27.86,5.96,13.16,-20.14,5.779999999999999,4.42,2.75,2.44,2.9800000000000004,8.0,1.31,13.68,12.68,-13.02,4.390000000000001
2021-09-17,,2.87,3.92,111.74,10.75,3.8899999999999997,-7.36,20.060000000000002,-10.219999999999999,,15.46,10.02,12.46,5.51,3.79,-6.010000000000001,1.0100000000000002,5.6499999999999995,6.390000000000001,6.17,5.2,14.219999999999999,0.54,7.04,11.78,3.51,10.77,6.550000000000001,-1.55,1.07,8.21,-2.82,14.739999999999998,-8.639999999999999,3.7700000000000005,287.70000000000005,27.86,5.96,13.16,-20.14,5.779999999999999,4.42,2.75,2.44,2.9800000000000004,8.0,1.31,13.68,12.68,-13.02,4.390000000000001
2021-09-20,,2.87,3.92,111.74,10.75,3.8899999999999997,-7.36,20.060000000000002,-10.219999999999999,,15.46,10.02,12.46,5.51,3.79,-6.010000000000001,1.0100000000000002,5.6499999999999995,6.390000000000001,6.17,5.2,14.219999999999999,0.54,7.04,11.78,3.51,10.77,6.550000000000001,-1.55,1.07,8.21,-2.82,14.739999999999998,-8.639999999999999,3.7700000000000005,287.70000000000005,27.86,5.96,13.16,-20.14,5.779999999999999,4.42,2.75,2.44,2.9800000000000004,8.0,1.31,13.68,12.68,-13.02,4.390000000000001
2021-09-21,,2.87,3.92,111.74,10.75,3.8899999999999997,-7.36,20.060000000000002,-10.219999999999999,,15.46,10.02,12.46,5.51,3.79,-6.010000000000001,1.0100000000000002,5.6499999999999995,6.390000000000001,6.17,5.2,14.219999999999999,0.54,7.04,11.78,3.51,10.77,6.550000000000001,-1.55,1.07,8.21,-2.82,14.739999999999998,-8.639999999999999,3.7700000000000005,287.70000000000005,27.86,5.96,13.16,-20.14,5.779999999999999,4.42,2.75,2.44,2.9800000000000004,8.0,1.31,13.68,12.68,-13.02,4.390000000000001
2021-09-22,,2.87,3.92,111.74,10.75,3.8899999999999997,-7.36,20.060000000000002,-10.219999999999999,,15.46,10.02,12.46,5.51,3.79,-6.010000000000001,1.0100000000000002,5.6499999999999995,6.390000000000001,6.17,5.2,14.219999999999999,0.54,7.04,11.78,3.51,10.77,6.550000000000001,-1.55,1.07,8.21,-2.82,14.739999999999998,-8.639999999999999,3.7700000000000005,287.70000000000005,27.86,5.96,13.16,-20.14,5.779999999999999,4.42,2.75,2.44,2.9800000000000004,8.0,1.31,13.68,12.68,-13.02,4.390000000000001
2021-09-23,,2.87,3.92,111.74,10.75,3.8899999999999997,-7.36,20.060000000000002,-10.219999999999999,,15.46,10.02,12.46,5.51,3.79,-6.010000000000001,1.0100000000000002,5.6499999999999995,6.390000000000001,6.17,5.2,14.219999999999999,0.54,7.04,11.78,3.51,10.77,6.550000000000001,-1.55,1.07,8.21,-2.82,14.739999999999998,-8.639999999999999,3.7700000000000005,287.70000000000005,27.86,5.96,13.16,-20.14,5.779999999999999,4.42,2.75,2.44,2.9800000000000004,8.0,1.31,13.68,12.68,-13.02,4.390000000000001
2021-09-24,,2.87,3.92,111.74,10.75,3.8899999999999997,-7.36,20.060000000000002,-10.219999999999999,,15.46,10.02,12.46,5.51,3.79,-6.010000000000001,1.0100000000000002,5.6499999999999995,6.390000000000001,6.17,5.2,14.219999999999999,0.54,7.04,11.78,3.51,10.77,6.550000000000001,-1.55,1.07,8.21,-2.82,14.739999999999998,-8.639999999999999,3.7700000000000005,287.70000000000005,27.86,5.96,13.16,-20.14,5.779999999999999,4.42,2.75,2.44,2.9800000000000004,8.0,1.31,13.68,12.68,-13.02,4.390000000000001
2021-09-27,,2.87,3.92,111.74,10.75,3.8899999999999997,-7.36,20.060000000000002,-10.219999999999999,,15.46,10.02,12.46,5.51,3.79,-6.010000000000001,1.0100000000000002,5.6499999999999995,6.390000000000001,6.17,5.2,14.219999999999999,0.54,7.04,11.78,3.51,10.77,6.550000000000001,-1.55,1.07,8.21,-2.82,14.739999999999998,-8.639999999999999,3.7700000000000005,287.70000000000005,27.86,5.96,13.16,-20.14,5.779999999999999,4.42,2.75,2.44,2.9800000000000004,8.0,1.31,13.68,12.68,-13.02,4.390000000000001
2021-09-28,,2.87,3.92,111.74,10.75,3.8899999999999997,-7.36,20.060000000000002,-10.219999999999999,,15.46,10.02,12.46,5.51,3.79,-6.010000000000001,1.0100000000000002,5.6499999999999995,6.390000000000001,6.17,5.2,14.219999999999999,0.54,7.04,11.78,3.51,10.77,6.550000000000001,-1.55,1.07,8.21,-2.82,14.739999999999998,-8.639999999999999,3.7700000000000005,287.70000000000005,27.86,5.96,13.16,-20.14,5.779999999999999,4.42,2.75,2.44,2.9800000000000004,8.0,1.31,13.68,12.68,-13.02,4.390000000000001
2021-09-29,,2.87,3.92,111.74,10.75,3.8899999999999997,-7.36,20.060000000000002,-10.219999999999999,,15.46,10.02,12.46,5.51,3.79,-6.010000000000001,1.0100000000000002,5.6499999999999995,6.390000000000001,6.17,5.2,14.219999999999999,0.54,7.04,11.78,3.51,10.77,6.550000000000001,-1.55,1.07,8.21,-2.82,14.739999999999998,-8.639999999999999,3.7700000000000005,287.70000000000005,27.86,5.96,13.16,-20.14,5.779999999999999,4.42,2.75,2.44,2.9800000000000004,8.0,1.31,13.68,12.68,-13.02,4.390000000000001
2021-09-30,-10.85,2.56,3.17,111.74,10.75,29.320000000000004,-7.36,23.32,-5.229999999999999,-0.47000000000000003,15.54,11.48,13.209999999999999,5.51,3.8400000000000003,-2.2600000000000002,1.6199999999999999,7.5,6.64,6.0,5.28,14.219999999999999,1.26,7.04,11.78,3.78,10.77,6.550000000000001,-1.33,2.0,8.75,-1.7099999999999997,15.43,-8.459999999999999,3.7700000000000005,309.03000000000003,28.86,6.44,14.75,-19.43,6.96,4.42,3.24,2.44,3.2199999999999998,8.33,1.6800000000000002,13.68,12.68,-7.220000000000001,4.6
2021-10-01,-10.85,2.56,3.17,111.74,10.75,29.320000000000004,-7.36,23.32,-5.229999999999999,-0.47000000000000003,15.54,11.48,13.209999999999999,5.51,3.8400000000000003,-2.2600000000000002,1.6199999999999999,7.5,6.64,6.0,5.28,14.219999999999999,1.26,7.04,11.78,3.78,10.77,6.550000000000001,-1.33,2.0,8.75,-1.7099999999999997,15.43,-8.459999999999999,3.7700000000000005,309.03000000000003,28.86,6.44,14.75,-19.43,6.96,4.42,3.24,2.44,3.2199999999999998,8.33,1.6800000000000002,13.68,12.68,-7.220000000000001,4.6
2021-10-04,-10.85,2.56,3.17,111.74,10.75,29.320000000000004,-7.36,23.32,-5.229999999999999,-0.47000000000000003,15.54,11.48,13.209999999999999,5.51,3.8400000000000003,-2.2600000000000002,1.6199999999999999,7.5,6.64,6.0,5.28,14.219999999999999,1.26,7.04,11.78,3.78,10.77,6.550000000000001,-1.33,2.0,8.75,-1.7099999999999997,15.43,-8.459999999999999,3.7700000000000005,309.03000000000003,28.86,6.44,14.75,-19.43,6.96,4.42,3.24,2.44,3.2199999999999998,8.33,1.6800000000000002,13.68,12.68,-7.220000000000001,4.6
2021-10-05,-10.85,2.56,3.17,111.74,10.75,29.320000000000004,-7.36,23.32,-5.229999999999999,-0.47000000000000003,15.54,11.48,13.209999999999999,5.51,3.8400000000000003,-2.2600000000000002,1.6199999999999999,7.5,6.64,6.0,5.28,14.219999999999999,1.26,7.04,11.78,3.78,10.77,6.550000000000001,-1.33,2.0,8.75,-1.7099999999999997,15.43,-8.459999999999999,3.7700000000000005,309.03000000000003,28.86,6.44,14.75,-19.43,6.96,4.42,3.24,2.44,3.2199999999999998,8.33,1.6800000000000002,13.68,12.68,-7.220000000000001,4.6
2021-10-06,-10.85,2.56,3.17,111.74,10.75,29.320000000000004,-7.36,23.32,-5.229999999999999,-0.47000000000000003,15.54,11.48,13.209999999999999,5.51,3.8400000000000003,-2.2600000000000002,1.6199999999999999,7.5,6.64,6.0,5.28,14.219999999999999,1.26,7.04,11.78,3.78,10.77,6.550000000000001,-1.33,2.0,8.75,-1.7099999999999997,15.43,-8.459999999999999,3.7700000000000005,309.03000000000003,28.86,6.44,14.75,-19.43,6.96,4.42,3.24,2.44,3.2199999999999998,8.33,1.6800000000000002,13.68,12.68,-7.220000000000001,4.6
2021-10-07,-10.85,2.56,3.17,111.74,10.75,29.320000000000004,-7.36,23.32,-5.229999999999999,-0.47000000000000003,15.54,11.48,13.209999999999999,5.51,3.8400000000000003,-2.2600000000000002,1.6199999999999999,7.5,6.64,6.0,5.28,14.219999999999999,1.26,7.04,11.78,3.78,10.77,6.550000000000001,-1.33,2.0,8.75,-1.7099999999999997,15.43,-8.459999999999999,3.7700000000000005,309.03000000000003,28.86,6.44,14.75,-19.43,6.96,4.42,3.24,2.44,3.2199999999999998,8.33,1.6800000000000002,13.68,12.68,-7.220000000000001,4.6
2021-10-08,-10.85,2.56,3.17,111.74,10.75,29.320000000000004,-7.36,23.32,-5.229999999999999,-0.47000000000000003,15.54,11.48,13.209999999999999,5.51,3.8400000000000003,-2.2600000000000002,1.6199999999999999,7.5,6.64,6.0,5.28,14.219999999999999,1.26,7.04,11.78,3.78,10.77,6.550000000000001,-1.33,2.0,8.75,-1.7099999999999997,15.43,-8.459999999999999,3.7700000000000005,309.03000000000003,28.86,6.44,14.75,-19.43,6.96,4.42,3.24,2.44,3.2199999999999998,8.33,1.6800000000000002,13.68,12.68,-7.220000000000001,4.6
2021-10-11,-10.85,2.56,3.17,111.74,10.75,29.320000000000004,-7.36,23.32,-5.229999999999999,-0.47000000000000003,15.54,11.48,13.209999999999999,5.51,3.8400000000000003,-2.2600000000000002,1.6199999999999999,7.5,6.64,6.0,5.28,14.219999999999999,1.26,7.04,11.78,3.78,10.77,6.550000000000001,-1.33,2.0,8.75,-1.7099999999999997,15.43,-8.459999999999999,3.7700000000000005,309.03000000000003,28.86,6.44,14.75,-19.43,6.96,4.42,3.24,2.44,3.2199999999999998,8.33,1.6800000000000002,13.68,12.68,-7.220000000000001,4.6
2021-10-12,-10.85,2.56,3.17,111.74,10.75,29.320000000000004,-7.36,23.32,-5.229999999999999,-0.47000000000000003,15.54,11.48,13.209999999999999,5.51,3.8400000000000003,-2.2600000000000002,1.6199999999999999,7.5,6.64,6.0,5.28,14.219999999999999,1.26,7.04,11.78,3.78,10.77,6.550000000000001,-1.33,2.0,8.75,-1.7099999999999997,15.43,-8.459999999999999,3.7700000000000005,309.03000000000003,28.86,6.44,14.75,-19.43,6.96,4.42,3.24,2.44,3.2199999999999998,8.33,1.6800000000000002,13.68,12.68,-7.220000000000001,4.6
2021-10-13,-10.85,2.56,3.17,111.74,10.75,29.320000000000004,-7.36,23.32,-5.229999999999999,-0.47000000000000003,15.54,11.48,13.209999999999999,5.51,3.8400000000000003,-2.2600000000000002,1.6199999999999999,7.5,6.64,6.0,5.28,14.219999999999999,1.26,7.04,11.78,3.78,10.77,6.550000000000001,-1.33,2.0,8.75,-1.7099999999999997,15.43,-8.459999999999999,3.7700000000000005,309.03000000000003,28.86,6.44,14.75,-19.43,6.96,4.42,3.24,2.44,3.2199999999999998,8.33,1.6800000000000002,13.68,12.68,-7.220000000000001,4.6
2021-10-14,-10.85,2.56,3.17,111.74,10.75,29.320000000000004,-7.36,23.32,-5.229999999999999,-0.47000000000000003,15.54,11.48,13.209999999999999,5.51,3.8400000000000003,-2.2600000000000002,1.6199999999999999,7.5,6.64,6.0,5.28,14.219999999999999,1.26,7.04,11.78,3.78,10.77,6.550000000000001,-1.33,2.0,8.75,-1.7099999999999997,15.43,-8.459999999999999,3.7700000000000005,309.03000000000003,28.86,6.44,14.75,-19.43,6.96,4.42,3.24,2.44,3.2199999999999998,8.33,1.6800000000000002,13.68,12.68,-7.220000000000001,4.6
2021-10-15,-10.85,2.56,3.17,111.74,10.75,29.320000000000004,-7.36,23.32,-5.229999999999999,-0.47000000000000003,15.54,11.48,13.209999999999999,5.51,3.8400000000000003,-2.2600000000000002,1.6199999999999999,7.5,6.64,6.0,5.28,14.219999999999999,1.26,7.04,11.78,3.78,10.77,6.550000000000001,-1.33,2.0,8.75,-1.7099999999999997,15.43,-8.459999999999999,3.7700000000000005,309.03000000000003,28.86,6.44,14.75,-19.43,6.96,4.42,3.24,2.44,3.2199999999999998,8.33,1.6800000000000002,13.68,12.68,-7.220000000000001,4.6
2021-10-18,-10.85,2.56,3.17,111.74,10.75,29.320000000000004,-7.36,23.32,-5.229999999999999,-0.47000000000000003,15.54,11.48,13.209999999999999,5.51,3.8400000000000003,-2.2600000000000002,1.6199999999999999,7.5,6.64,6.0,5.28,14.219999999999999,1.26,7.04,11.78,3.78,10.77,6.550000000000001,-1.33,2.0,8.75,-1.7099999999999997,15.43,-8.459999999999999,3.7700000000000005,309.03000000000003,28.86,6.44,14.75,-19.43,6.96,4.42,3.24,2.44,3.2199999999999998,8.33,1.6800000000000002,13.68,12.68,-7.220000000000001,4.6
2021-10-19,-10.85,2.56,3.17,111.74,10.75,29.320000000000004,-7.36,23.32,-5.229999999999999,-0.47000000000000003,15.54,11.48,13.209999999999999,5.51,3.8400000000000003,-2.2600000000000002,1.6199999999999999,7.5,6.64,6.0,5.28,14.219999999999999,1.26,7.04,11.78,3.78,10.77,6.550000000000001,-1.33,2.0,8.75,-1.7099999999999997,15.43,-8.459999999999999,3.7700000000000005,309.03000000000003,28.86,6.44,14.75,-19.43,6.96,4.42,3.24,2.44,3.2199999999999998,8.33,1.6800000000000002,13.68,12.68,-7.220000000000001,4.6
2021-10-20,-10.85,2.56,3.17,111.74,10.75,29.320000000000004,-7.36,23.32,-5.229999999999999,-0.47000000000000003,15.54,11.48,13.209999999999999,5.51,3.8400000000000003,-2.2600000000000002,1.6199999999999999,7.5,6.64,6.0,5.28,14.219999999999999,1.26,7.04,11.78,3.78,10.77,6.550000000000001,-1.33,2.0,8.75,-1.7099999999999997,15.43,-8.459999999999999,3.7700000000000005,309.03000000000003,28.86,6.44,14.75,-19.43,6.96,4.42,3.24,2.44,3.2199999999999998,8.33,1.6800000000000002,13.68,12.68,-7.220000000000001,4.6
2021-10-21,-10.85,2.56,3.17,111.74,10.75,29.320000000000004,-7.36,23.32,-5.229999999999999,-0.47000000000000003,15.54,11.48,13.209999999999999,5.51,3.8400000000000003,-2.2600000000000002,1.6199999999999999,7.5,6.64,6.0,5.28,14.219999999999999,1.26,7.04,11.78,3.78,10.77,6.550000000000001,-1.33,2.0,8.75,-1.7099999999999997,15.43,-8.459999999999999,3.7700000000000005,309.03000000000003,28.86,6.44,14.75,-19.43,6.96,4.42,3.24,2.44,3.2199999999999998,8.33,1.6800000000000002,13.68,12.68,-7.220000000000001,4.6
2021-10-22,-10.85,2.56,3.17,111.74,10.75,29.320000000000004,-7.36,23.32,-5.229999999999999,-0.47000000000000003,15.54,11.48,13.209999999999999,5.51,3.8400000000000003,-2.2600000000000002,1.6199999999999999,7.5,6.64,6.0,5.28,14.219999999999999,1.26,7.04,11.78,3.78,10.77,6.550000000000001,-1.33,2.0,8.75,-1.7099999999999997,15.43,-8.459999999999999,3.7700000000000005,309.03000000000003,28.86,6.44,14.75,-19.43,6.96,4.42,3.24,2.44,3.2199999999999998,8.33,1.6800000000000002,13.68,12.68,-7.220000000000001,4.6
2021-10-25,-10.85,2.56,3.17,111.74,10.75,29.320000000000004,-7.36,23.32,-5.229999999999999,-0.47000000000000003,15.54,11.48,13.209999999999999,5.51,3.8400000000000003,-2.2600000000000002,1.6199999999999999,7.5,6.64,6.0,5.28,14.219999999999999,1.26,7.04,11.78,3.78,10.77,6.550000000000001,-1.33,2.0,8.75,-1.7099999999999997,15.43,-8.459999999999999,3.7700000000000005,309.03000000000003,28.86,6.44,14.75,-19.43,6.96,4.42,3.24,2.44,3.2199999999999998,8.33,1.6800000000000002,13.68,12.68,-7.220000000000001,4.6
2021-10-26,-10.85,2.56,3.17,111.74,10.75,29.320000000000004,-7.36,23.32,-5.229999999999999,-0.47000000000000003,15.54,11.48,13.209999999999999,5.51,3.8400000000000003,-2.2600000000000002,1.6199999999999999,7.5,6.64,6.0,5.28,14.219999999999999,1.26,7.04,11.78,3.78,10.77,6.550000000000001,-1.33,2.0,8.75,-1.7099999999999997,15.43,-8.459999999999999,3.7700000000000005,309.03000000000003,28.86,6.44,14.75,-19.43,6.96,4.42,3.24,2.44,3.2199999999999998,8.33,1.6800000000000002,13.68,12.68,-7.220000000000001,4.6
2021-10-27,-10.85,2.56,3.17,111.74,10.75,29.320000000000004,-7.36,23.32,-5.229999999999999,-0.47000000000000003,15.54,11.48,13.209999999999999,5.51,3.8400000000000003,-2.2600000000000002,1.6199999999999999,7.5,6.64,6.0,5.28,14.219999999999999,1.26,7.04,11.78,3.78,10.77,6.550000000000001,-1.33,2.0,8.75,-1.7099999999999997,15.43,-8.459999999999999,3.7700000000000005,309.03000000000003,28.86,6.44,14.75,-19.43,6.96,4.42,3.24,2.44,3.2199999999999998,8.33,1.6800000000000002,13.68,12.68,-7.220000000000001,4.6
2021-10-28,-10.85,2.56,3.17,111.74,10.75,29.320000000000004,-7.36,23.32,-5.229999999999999,-0.47000000000000003,15.54,11.48,13.209999999999999,5.51,3.8400000000000003,-2.2600000000000002,1.6199999999999999,7.5,6.64,6.0,5.28,14.219999999999999,1.26,7.04,11.78,3.78,10.77,6.550000000000001,-1.33,2.0,8.75,-1.7099999999999997,15.43,-8.459999999999999,3.7700000000000005,309.03000000000003,28.86,6.44,14.75,-19.43,6.96,4.42,3.24,2.44,3.2199999999999998,8.33,1.6800000000000002,13.68,12.68,-7.220000000000001,4.6
2021-10-29,-10.85,2.56,3.17,111.74,10.75,29.320000000000004,-7.36,23.32,-5.229999999999999,-0.47000000000000003,15.54,11.48,13.209999999999999,5.51,3.8400000000000003,-2.2600000000000002,1.6199999999999999,7.5,6.64,6.0,5.28,14.219999999999999,1.26,7.04,11.78,3.78,10.77,6.550000000000001,-1.33,2.0,8.75,-1.7099999999999997,15.43,-8.459999999999999,3.7700000000000005,309.03000000000003,28.86,6.44,14.75,-19.43,6.96,4.42,3.24,2.44,3.2199999999999998,8.33,1.6800000000000002,13.68,12.68,-7.220000000000001,4.6
2021-11-01,-10.85,2.56,3.17,111.74,10.77,29.320000000000004,-7.36,23.32,-5.229999999999999,-0.47000000000000003,15.54,11.48,13.209999999999999,5.51,3.8400000000000003,-2.2600000000000002,1.6199999999999999,7.5,6.64,6.0,5.28,14.959999999999999,1.26,7.04,11.78,3.78,11.52,7.010000000000001,-1.33,2.0,8.75,-1.7099999999999997,15.43,-8.459999999999999,3.7700000000000005,309.03000000000003,28.86,6.44,14.75,-19.43,6.96,4.49,3.24,2.57,3.2199999999999998,8.33,1.6800000000000002,15.979999999999999,13.440000000000001,-7.220000000000001,4.6
2021-11-02,-10.85,2.56,3.17,111.74,10.77,29.320000000000004,-7.36,23.32,-5.229999999999999,-0.47000000000000003,15.54,11.48,13.209999999999999,5.51,3.8400000000000003,-2.2600000000000002,1.6199999999999999,7.5,6.64,6.0,5.28,14.959999999999999,1.26,7.04,11.78,3.78,11.52,7.010000000000001,-1.33,2.0,8.75,-1.7099999999999997,15.43,-8.459999999999999,3.7700000000000005,309.03000000000003,28.86,6.44,14.75,-19.43,6.96,4.49,3.24,2.57,3.2199999999999998,8.33,1.6800000000000002,15.979999999999999,13.440000000000001,-7.220000000000001,4.6
2021-11-03,-10.85,2.56,3.17,111.74,10.77,29.320000000000004,-7.36,23.32,-5.229999999999999,-0.47000000000000003,15.54,11.48,13.209999999999999,5.51,3.8400000000000003,-2.2600000000000002,1.6199999999999999,7.5,6.64,6.0,5.28,14.959999999999999,1.26,7.04,11.78,3.78,11.52,7.010000000000001,-1.33,2.0,8.75,-1.7099999999999997,15.43,-8.459999999999999,3.7700000000000005,309.03000000000003,28.86,6.44,14.75,-19.43,6.96,4.49,3.24,2.57,3.2199999999999998,8.33,1.6800000000000002,15.979999999999999,13.440000000000001,-7.220000000000001,4.6
2021-11-04,-10.85,2.56,3.17,111.74,10.77,29.320000000000004,-7.36,23.32,-5.229999999999999,-0.47000000000000003,15.54,11.48,13.209999999999999,5.51,3.8400000000000003,-2.2600000000000002,1.6199999999999999,7.5,6.64,6.0,5.28,14.959999999999999,1.26,7.04,11.78,3.78,11.52,7.010000000000001,-1.33,2.0,8.75,-1.7099999999999997,15.43,-8.459999999999999,3.7700000000000005,309.03000000000003,28.86,6.44,14.75,-19.43,6.96,4.49,3.24,2.57,3.2199999999999998,8.33,1.6800000000000002,15.979999999999999,13.440000000000001,-7.220000000000001,4.6
2021-11-05,-10.85,2.56,3.17,111.74,10.77,29.320000000000004,-7.36,23.32,-5.229999999999999,-0.47000000000000003,15.54,11.48,13.209999999999999,5.51,3.8400000000000003,-2.2600000000000002,1.6199999999999999,7.5,6.64,6.0,5.28,14.959999999999999,1.26,7.04,11.78,3.78,11.52,7.010000000000001,-1.33,2.0,8.75,-1.7099999999999997,15.43,-8.459999999999999,3.7700000000000005,309.03000000000003,28.86,6.44,14.75,-19.43,6.96,4.49,3.24,2.57,3.2199999999999998,8.33,1.6800000000000002,15.979999999999999,13.440000000000001,-7.220000000000001,4.6
2021-11-08,-10.85,2.56,3.17,111.74,10.77,29.320000000000004,-7.36,23.32,-5.229999999999999,-0.47000000000000003,15.54,11.48,13.209999999999999,5.51,3.8400000000000003,-2.2600000000000002,1.6199999999999999,7.5,6.64,6.0,5.28,14.959999999999999,1.26,7.04,11.78,3.78,11.52,7.010000000000001,-1.33,2.0,8.75,-1.7099999999999997,15.43,-8.459999999999999,3.7700000000000005,309.03000000000003,28.86,6.44,14.75,-19.43,6.96,4.49,3.24,2.57,3.2199999999999998,8.33,1.6800000000000002,15.979999999999999,13.440000000000001,-7.220000000000001,4.6
2021-11-09,-10.85,2.56,3.17,111.74,10.77,29.320000000000004,-7.36,23.32,-5.229999999999999,-0.47000000000000003,15.54,11.48,13.209999999999999,5.51,3.8400000000000003,-2.2600000000000002,1.6199999999999999,7.5,6.64,6.0,5.28,14.959999999999999,1.26,7.04,11.78,3.78,11.52,7.010000000000001,-1.33,2.0,8.75,-1.7099999999999997,15.43,-8.459999999999999,3.7700000000000005,309.03000000000003,28.86,6.44,14.75,-19.43,6.96,4.49,3.24,2.57,3.2199999999999998,8.33,1.6800000000000002,15.979999999999999,13.440000000000001,-7.220000000000001,4.6
2021-11-10,-10.85,2.56,3.17,111.74,10.77,29.320000000000004,-7.36,23.32,-5.229999999999999,-0.47000000000000003,15.54,11.48,13.209999999999999,5.51,3.8400000000000003,-2.2600000000000002,1.6199999999999999,7.5,6.64,6.0,5.28,14.959999999999999,1.26,7.04,11.78,3.78,11.52,7.010000000000001,-1.33,2.0,8.75,-1.7099999999999997,15.43,-8.459999999999999,3.7700000000000005,309.03000000000003,28.86,6.44,14.75,-19.43,6.96,4.49,3.24,2.57,3.2199999999999998,8.33,1.6800000000000002,15.979999999999999,13.440000000000001,-7.220000000000001,4.6
2021-11-11,-10.85,2.56,3.17,111.74,10.77,29.320000000000004,-7.36,23.32,-5.229999999999999,-0.47000000000000003,15.54,11.48,13.209999999999999,5.51,3.8400000000000003,-2.2600000000000002,1.6199999999999999,7.5,6.64,6.0,5.28,14.959999999999999,1.26,7.04,11.78,3.78,11.52,7.010000000000001,-1.33,2.0,8.75,-1.7099999999999997,15.43,-8.459999999999999,3.7700000000000005,309.03000000000003,28.86,6.44,14.75,-19.43,6.96,4.49,3.24,2.57,3.2199999999999998,8.33,1.6800000000000002,15.979999999999999,13.440000000000001,-7.220000000000001,4.6
2021-11-12,-10.85,2.56,3.17,111.74,10.77,29.320000000000004,-7.36,23.32,-5.229999999999999,-0.47000000000000003,15.54,11.48,13.209999999999999,5.51,3.8400000000000003,-2.2600000000000002,1.6199999999999999,7.5,6.64,6.0,5.28,14.959999999999999,1.26,7.04,11.78,3.78,11.52,7.010000000000001,-1.33,2.0,8.75,-1.7099999999999997,15.43,-8.459999999999999,3.7700000000000005,309.03000000000003,28.86,6.44,14.75,-19.43,6.96,4.49,3.24,2.57,3.2199999999999998,8.33,1.6800000000000002,15.979999999999999,13.440000000000001,-7.220000000000001,4.6
2021-11-15,-10.85,2.56,3.17,111.74,10.77,29.320000000000004,-7.36,23.32,-5.229999999999999,-0.47000000000000003,15.54,11.48,13.209999999999999,5.51,3.8400000000000003,-2.2600000000000002,1.6199999999999999,7.5,6.64,6.0,5.28,14.959999999999999,1.26,7.04,11.78,3.78,11.52,7.010000000000001,-1.33,2.0,8.75,-1.7099999999999997,15.43,-8.459999999999999,3.7700000000000005,309.03000000000003,28.86,6.44,14.75,-19.43,6.96,4.49,3.24,2.57,3.2199999999999998,8.33,1.6800000000000002,15.979999999999999,13.440000000000001,-7.220000000000001,4.6
2021-11-16,-10.85,2.56,3.17,111.74,10.77,29.320000000000004,-7.36,23.32,-5.229999999999999,-0.47000000000000003,15.54,11.48,13.209999999999999,5.51,3.8400000000000003,-2.2600000000000002,1.6199999999999999,7.5,6.64,6.0,5.28,14.959999999999999,1.26,7.04,11.78,3.78,11.52,7.010000000000001,-1.33,2.0,8.75,-1.7099999999999997,15.43,-8.459999999999999,3.7700000000000005,309.03000000000003,28.86,6.44,14.75,-19.43,6.96,4.49,3.24,2.57,3.2199999999999998,8.33,1.6800000000000002,15.979999999999999,13.440000000000001,-7.220000000000001,4.6
2021-11-17,-10.85,2.56,3.17,111.74,10.77,29.320000000000004,-7.36,23.32,-5.229999999999999,-0.47000000000000003,15.54,11.48,13.209999999999999,5.51,3.8400000000000003,-2.2600000000000002,1.6199999999999999,7.5,6.64,6.0,5.28,14.959999999999999,1.26,7.04,11.78,3.78,11.52,7.010000000000001,-1.33,2.0,8.75,-1.7099999999999997,15.43,-8.459999999999999,3.7700000000000005,309.03000000000003,28.86,6.44,14.75,-19.43,6.96,4.49,3.24,2.57,3.2199999999999998,8.33,1.6800000000000002,15.979999999999999,13.440000000000001,-7.220000000000001,4.6
2021-11-18,-10.85,2.56,3.17,111.74,10.77,29.320000000000004,-7.36,23.32,-5.229999999999999,-0.47000000000000003,15.54,11.48,13.209999999999999,5.51,3.8400000000000003,-2.2600000000000002,1.6199999999999999,7.5,6.64,6.0,5.28,14.959999999999999,1.26,7.04,11.78,3.78,11.52,7.010000000000001,-1.33,2.0,8.75,-1.7099999999999997,15.43,-8.459999999999999,3.7700000000000005,309.03000000000003,28.86,6.44,14.75,-19.43,6.96,4.49,3.24,2.57,3.2199999999999998,8.33,1.6800000000000002,15.979999999999999,13.440000000000001,-7.220000000000001,4.6
2021-11-19,-10.85,2.56,3.17,111.74,10.77,29.320000000000004,-7.36,23.32,-5.229999999999999,-0.47000000000000003,15.54,11.48,13.209999999999999,5.51,3.8400000000000003,-2.2600000000000002,1.6199999999999999,7.5,6.64,6.0,5.28,14.959999999999999,1.26,7.04,11.78,3.78,11.52,7.010000000000001,-1.33,2.0,8.75,-1.7099999999999997,15.43,-8.459999999999999,3.7700000000000005,309.03000000000003,28.86,6.44,14.75,-19.43,6.96,4.49,3.24,2.57,3.2199999999999998,8.33,1.6800000000000002,15.979999999999999,13.440000000000001,-7.220000000000001,4.6
2021-11-22,-10.85,2.56,3.17,111.74,10.77,29.320000000000004,-7.36,23.32,-5.229999999999999,-0.47000000000000003,15.54,11.48,13.209999999999999,5.51,3.8400000000000003,-2.2600000000000002,1.6199999999999999,7.5,6.64,6.0,5.28,14.959999999999999,1.26,7.04,11.78,3.78,11.52,7.010000000000001,-1.33,2.0,8.75,-1.7099999999999997,15.43,-8.459999999999999,3.7700000000000005,309.03000000000003,28.86,6.44,14.75,-19.43,6.96,4.49,3.24,2.57,3.2199999999999998,8.33,1.6800000000000002,15.979999999999999,13.440000000000001,-7.220000000000001,4.6
2021-11-23,-10.85,2.56,3.17,111.74,10.77,29.320000000000004,-7.36,23.32,-5.229999999999999,-0.47000000000000003,15.54,11.48,13.209999999999999,5.51,3.8400000000000003,-2.2600000000000002,1.6199999999999999,7.5,6.64,6.0,5.28,14.959999999999999,1.26,7.04,11.78,3.78,11.52,7.010000000000001,-1.33,2.0,8.75,-1.7099999999999997,15.43,-8.459999999999999,3.7700000000000005,309.03000000000003,28.86,6.44,14.75,-19.43,6.96,4.49,3.24,2.57,3.2199999999999998,8.33,1.6800000000000002,15.979999999999999,13.440000000000001,-7.220000000000001,4.6
2021-11-24,-10.85,2.56,3.17,111.74,10.77,29.320000000000004,-7.36,23.32,-5.229999999999999,-0.47000000000000003,15.54,11.48,13.209999999999999,5.51,3.8400000000000003,-2.2600000000000002,1.6199999999999999,7.5,6.64,6.0,5.28,14.959999999999999,1.26,7.04,11.78,3.78,11.52,7.010000000000001,-1.33,2.0,8.75,-1.7099999999999997,15.43,-8.459999999999999,3.7700000000000005,309.03000000000003,28.86,6.44,14.75,-19.43,6.96,4.49,3.24,2.57,3.2199999999999998,8.33,1.6800000000000002,15.979999999999999,13.440000000000001,-7.220000000000001,4.6
2021-11-26,-10.85,2.56,3.17,111.74,10.77,29.320000000000004,-7.36,23.32,-5.229999999999999,-0.47000000000000003,15.54,11.48,13.209999999999999,5.51,3.8400000000000003,-2.2600000000000002,1.6199999999999999,7.5,6.64,6.0,5.28,14.959999999999999,1.26,7.04,11.78,3.78,11.52,7.010000000000001,-1.33,2.0,8.75,-1.7099999999999997,15.43,-8.459999999999999,3.7700000000000005,309.03000000000003,28.86,6.44,14.75,-19.43,6.96,4.49,3.24,2.57,3.2199999999999998,8.33,1.6800000000000002,15.979999999999999,13.440000000000001,-7.220000000000001,4.6
2021-11-29,-10.85,2.56,3.17,111.74,10.77,29.320000000000004,-7.36,23.32,-5.229999999999999,-0.47000000000000003,15.54,11.48,13.209999999999999,5.51,3.8400000000000003,-2.2600000000000002,1.6199999999999999,7.5,6.64,6.0,5.28,14.959999999999999,1.26,7.04,11.78,3.78,11.52,7.010000000000001,-1.33,2.0,8.75,-1.7099999999999997,15.43,-8.459999999999999,3.7700000000000005,309.03000000000003,28.86,6.44,14.75,-19.43,6.96,4.49,3.24,2.57,3.2199999999999998,8.33,1.6800000000000002,15.979999999999999,13.440000000000001,-7.220000000000001,4.6
2021-11-30,-10.85,2.56,3.17,106.5,10.77,29.320000000000004,-7.06,23.32,-5.229999999999999,-0.47000000000000003,15.54,11.48,13.209999999999999,6.25,3.8400000000000003,-2.2600000000000002,1.6199999999999999,7.5,6.64,6.0,5.28,14.959999999999999,1.26,7.25,12.87,3.78,11.52,7.010000000000001,-1.33,2.0,8.75,-1.7099999999999997,15.43,-8.459999999999999,3.8200000000000003,309.03000000000003,28.86,6.44,14.75,-19.43,6.96,4.49,3.24,2.57,3.2199999999999998,8.33,1.6800000000000002,15.979999999999999,13.440000000000001,-7.220000000000001,4.6
2021-12-01,-10.85,2.56,3.17,106.5,10.77,29.320000000000004,-7.06,23.32,-5.229999999999999,-0.47000000000000003,15.54,11.48,13.209999999999999,6.25,3.8400000000000003,-2.2600000000000002,1.6199999999999999,7.5,6.64,6.0,5.28,14.959999999999999,1.26,7.25,12.87,3.78,11.52,7.010000000000001,-1.33,2.0,8.75,-1.7099999999999997,15.43,-8.459999999999999,3.8200000000000003,309.03000000000003,28.86,6.44,14.75,-19.43,6.96,4.49,3.24,2.57,3.2199999999999998,8.33,1.6800000000000002,15.979999999999999,13.440000000000001,-7.220000000000001,4.6
2021-12-02,-10.85,2.56,3.17,106.5,10.77,29.320000000000004,-7.06,23.32,-5.229999999999999,-0.47000000000000003,15.54,11.48,13.209999999999999,6.25,3.8400000000000003,-2.2600000000000002,1.6199999999999999,7.5,6.64,6.0,5.28,14.959999999999999,1.26,7.25,12.87,3.78,11.52,7.010000000000001,-1.33,2.0,8.75,-1.7099999999999997,15.43,-8.459999999999999,3.8200000000000003,309.03000000000003,28.86,6.44,14.75,-19.43,6.96,4.49,3.24,2.57,3.2199999999999998,8.33,1.6800000000000002,15.979999999999999,13.440000000000001,-7.220000000000001,4.6
2021-12-03,-10.85,2.56,3.17,106.5,10.77,29.320000000000004,-7.06,23.32,-5.229999999999999,-0.47000000000000003,15.54,11.48,13.209999999999999,6.25,3.8400000000000003,-2.2600000000000002,1.6199999999999999,7.5,6.64,6.0,5.28,14.959999999999999,1.26,7.25,12.87,3.78,11.52,7.010000000000001,-1.33,2.0,8.75,-1.7099999999999997,15.43,-8.459999999999999,3.8200000000000003,309.03000000000003,28.86,6.44,14.75,-19.43,6.96,4.49,3.24,2.57,3.2199999999999998,8.33,1.6800000000000002,15.979999999999999,13.440000000000001,-7.220000000000001,4.6
2021-12-06,-10.85,2.56,3.17,106.5,10.77,29.320000000000004,-7.06,23.32,-5.229999999999999,-0.47000000000000003,15.54,11.48,13.209999999999999,6.25,3.8400000000000003,-2.2600000000000002,1.6199999999999999,7.5,6.64,6.0,5.28,14.959999999999999,1.26,7.25,12.87,3.78,11.52,7.010000000000001,-1.33,2.0,8.75,-1.7099999999999997,15.43,-8.459999999999999,3.8200000000000003,309.03000000000003,28.86,6.44,14.75,-19.43,6.96,4.49,3.24,2.57,3.2199999999999998,8.33,1.6800000000000002,15.979999999999999,13.440000000000001,-7.220000000000001,4.6
2021-12-07,-10.85,2.56,3.17,106.5,10.77,29.320000000000004,-7.06,23.32,-5.229999999999999,-0.47000000000000003,15.54,11.48,13.209999999999999,6.25,3.8400000000000003,-2.2600000000000002,1.6199999999999999,7.5,6.64,6.0,5.28,14.959999999999999,1.26,7.25,12.87,3.78,11.52,7.010000000000001,-1.33,2.0,8.75,-1.7099999999999997,15.43,-8.459999999999999,3.8200000000000003,309.03000000000003,28.86,6.44,14.75,-19.43,6.96,4.49,3.24,2.57,3.2199999999999998,8.33,1.6800000000000002,15.979999999999999,13.440000000000001,-7.220000000000001,4.6
2021-12-08,-10.85,2.56,3.17,106.5,10.77,29.320000000000004,-7.06,23.32,-5.229999999999999,-0.47000000000000003,15.54,11.48,13.209999999999999,6.25,3.8400000000000003,-2.2600000000000002,1.6199999999999999,7.5,6.64,6.0,5.28,14.959999999999999,1.26,7.25,12.87,3.78,11.52,7.010000000000001,-1.33,2.0,8.75,-1.7099999999999997,15.43,-8.459999999999999,3.8200000000000003,309.03000000000003,28.86,6.44,14.75,-19.43,6.96,4.49,3.24,2.57,3.2199999999999998,8.33,1.6800000000000002,15.979999999999999,13.440000000000001,-7.220000000000001,4.6
2021-12-09,-10.85,2.56,3.17,106.5,10.77,29.320000000000004,-7.06,23.32,-5.229999999999999,-0.47000000000000003,15.54,11.48,13.209999999999999,6.25,3.8400000000000003,-2.2600000000000002,1.6199999999999999,7.5,6.64,6.0,5.28,14.959999999999999,1.26,7.25,12.87,3.78,11.52,7.010000000000001,-1.33,2.0,8.75,-1.7099999999999997,15.43,-8.459999999999999,3.8200000000000003,309.03000000000003,28.86,6.44,14.75,-19.43,6.96,4.49,3.24,2.57,3.2199999999999998,8.33,1.6800000000000002,15.979999999999999,13.440000000000001,-7.220000000000001,4.6
2021-12-10,-10.85,2.56,3.17,106.5,10.77,29.320000000000004,-7.06,23.32,-5.229999999999999,-0.47000000000000003,15.54,11.48,13.209999999999999,6.25,3.8400000000000003,-2.2600000000000002,1.6199999999999999,7.5,6.64,6.0,5.28,14.959999999999999,1.26,7.25,12.87,3.78,11.52,7.010000000000001,-1.33,2.0,8.75,-1.7099999999999997,15.43,-8.459999999999999,3.8200000000000003,309.03000000000003,28.86,6.44,14.75,-19.43,6.96,4.49,3.24,2.57,3.2199999999999998,8.33,1.6800000000000002,15.979999999999999,13.440000000000001,-7.220000000000001,4.6
2021-12-13,-10.85,2.56,3.17,106.5,10.77,29.320000000000004,-7.06,23.32,-5.229999999999999,-0.47000000000000003,15.54,11.48,13.209999999999999,6.25,3.8400000000000003,-2.2600000000000002,1.6199999999999999,7.5,6.64,6.0,5.28,14.959999999999999,1.26,7.25,12.87,3.78,11.52,7.010000000000001,-1.33,2.0,8.75,-1.7099999999999997,15.43,-8.459999999999999,3.8200000000000003,309.03000000000003,28.86,6.44,14.75,-19.43,6.96,4.49,3.24,2.57,3.2199999999999998,8.33,1.6800000000000002,15.979999999999999,13.440000000000001,-7.220000000000001,4.6
2021-12-14,-10.85,2.56,3.17,106.5,10.77,29.320000000000004,-7.06,23.32,-5.229999999999999,-0.47000000000000003,15.54,11.48,13.209999999999999,6.25,3.8400000000000003,-2.2600000000000002,1.6199999999999999,7.5,6.64,6.0,5.28,14.959999999999999,1.26,7.25,12.87,3.78,11.52,7.010000000000001,-1.33,2.0,8.75,-1.7099999999999997,15.43,-8.459999999999999,3.8200000000000003,309.03000000000003,28.86,6.44,14.75,-19.43,6.96,4.49,3.24,2.57,3.2199999999999998,8.33,1.6800000000000002,15.979999999999999,13.440000000000001,-7.220000000000001,4.6
2021-12-15,-10.85,2.56,3.17,106.5,10.77,29.320000000000004,-7.06,23.32,-5.229999999999999,-0.47000000000000003,15.54,11.48,13.209999999999999,6.25,3.8400000000000003,-2.2600000000000002,1.6199999999999999,7.5,6.64,6.0,5.28,14.959999999999999,1.26,7.25,12.87,3.78,11.52,7.010000000000001,-1.33,2.0,8.75,-1.7099999999999997,15.43,-8.459999999999999,3.8200000000000003,309.03000000000003,28.86,6.44,14.75,-19.43,6.96,4.49,3.24,2.57,3.2199999999999998,8.33,1.6800000000000002,15.979999999999999,13.440000000000001,-7.220000000000001,4.6
2021-12-16,-10.85,2.56,3.17,106.5,10.77,29.320000000000004,-7.06,23.32,-5.229999999999999,-0.47000000000000003,15.54,11.48,13.209999999999999,6.25,3.8400000000000003,-2.2600000000000002,1.6199999999999999,7.5,6.64,6.0,5.28,14.959999999999999,1.26,7.25,12.87,3.78,11.52,7.010000000000001,-1.33,2.0,8.75,-1.7099999999999997,15.43,-8.459999999999999,3.8200000000000003,309.03000000000003,28.86,6.44,14.75,-19.43,6.96,4.49,3.24,2.57,3.2199999999999998,8.33,1.6800000000000002,15.979999999999999,13.440000000000001,-7.220000000000001,4.6
2021-12-17,-10.85,2.56,3.17,106.5,10.77,29.320000000000004,-7.06,23.32,-5.229999999999999,-0.47000000000000003,15.54,11.48,13.209999999999999,6.25,3.8400000000000003,-2.2600000000000002,1.6199999999999999,7.5,6.64,6.0,5.28,14.959999999999999,1.26,7.25,12.87,3.78,11.52,7.010000000000001,-1.33,2.0,8.75,-1.7099999999999997,15.43,-8.459999999999999,3.8200000000000003,309.03000000000003,28.86,6.44,14.75,-19.43,6.96,4.49,3.24,2.57,3.2199999999999998,8.33,1.6800000000000002,15.979999999999999,13.440000000000001,-7.220000000000001,4.6
2021-12-20,-10.85,2.56,3.17,106.5,10.77,29.320000000000004,-7.06,23.32,-5.229999999999999,-0.47000000000000003,15.54,11.48,13.209999999999999,6.25,3.8400000000000003,-2.2600000000000002,1.6199999999999999,7.5,6.64,6.0,5.28,14.959999999999999,1.26,7.25,12.87,3.78,11.52,7.010000000000001,-1.33,2.0,8.75,-1.7099999999999997,15.43,-8.459999999999999,3.8200000000000003,309.03000000000003,28.86,6.44,14.75,-19.43,6.96,4.49,3.24,2.57,3.2199999999999998,8.33,1.6800000000000002,15.979999999999999,13.440000000000001,-7.220000000000001,4.6
2021-12-21,-10.85,2.56,3.17,106.5,10.77,29.320000000000004,-7.06,23.32,-5.229999999999999,-0.47000000000000003,15.54,11.48,13.209999999999999,6.25,3.8400000000000003,-2.2600000000000002,1.6199999999999999,7.5,6.64,6.0,5.28,14.959999999999999,1.26,7.25,12.87,3.78,11.52,7.010000000000001,-1.33,2.0,8.75,-1.7099999999999997,15.43,-8.459999999999999,3.8200000000000003,309.03000000000003,28.86,6.44,14.75,-19.43,6.96,4.49,3.24,2.57,3.2199999999999998,8.33,1.6800000000000002,15.979999999999999,13.440000000000001,-7.220000000000001,4.6
2021-12-22,-10.85,2.56,3.17,106.5,10.77,29.320000000000004,-7.06,23.32,-5.229999999999999,-0.47000000000000003,15.54,11.48,13.209999999999999,6.25,3.8400000000000003,-2.2600000000000002,1.6199999999999999,7.5,6.64,6.0,5.28,14.959999999999999,1.26,7.25,12.87,3.78,11.52,7.010000000000001,-1.33,2.0,8.75,-1.7099999999999997,15.43,-8.459999999999999,3.8200000000000003,309.03000000000003,28.86,6.44,14.75,-19.43,6.96,4.49,3.24,2.57,3.2199999999999998,8.33,1.6800000000000002,15.979999999999999,13.440000000000001,-7.220000000000001,4.6
2021-12-23,-10.85,2.56,3.17,106.5,10.77,29.320000000000004,-7.06,23.32,-5.229999999999999,-0.47000000000000003,15.54,11.48,13.209999999999999,6.25,3.8400000000000003,-2.2600000000000002,1.6199999999999999,7.5,6.64,6.0,5.28,14.959999999999999,1.26,7.25,12.87,3.78,11.52,7.010000000000001,-1.33,2.0,8.75,-1.7099999999999997,15.43,-8.459999999999999,3.8200000000000003,309.03000000000003,28.86,6.44,14.75,-19.43,6.96,4.49,3.24,2.57,3.2199999999999998,8.33,1.6800000000000002,15.979999999999999,13.440000000000001,-7.220000000000001,4.6
2021-12-27,-10.85,2.56,3.17,106.5,10.77,29.320000000000004,-7.06,23.32,-5.229999999999999,-0.47000000000000003,15.54,11.48,13.209999999999999,6.25,3.8400000000000003,-2.2600000000000002,1.6199999999999999,7.5,6.64,6.0,5.28,14.959999999999999,1.26,7.25,12.87,3.78,11.52,7.010000000000001,-1.33,2.0,8.75,-1.7099999999999997,15.43,-8.459999999999999,3.8200000000000003,309.03000000000003,28.86,6.44,14.75,-19.43,6.96,4.49,3.24,2.57,3.2199999999999998,8.33,1.6800000000000002,15.979999999999999,13.440000000000001,-7.220000000000001,4.6
2021-12-28,-10.85,2.56,3.17,106.5,10.77,29.320000000000004,-7.06,23.32,-5.229999999999999,-0.47000000000000003,15.54,11.48,13.209999999999999,6.25,3.8400000000000003,-2.2600000000000002,1.6199999999999999,7.5,6.64,6.0,5.28,14.959999999999999,1.26,7.25,12.87,3.78,11.52,7.010000000000001,-1.33,2.0,8.75,-1.7099999999999997,15.43,-8.459999999999999,3.8200000000000003,309.03000000000003,28.86,6.44,14.75,-19.43,6.96,4.49,3.24,2.57,3.2199999999999998,8.33,1.6800000000000002,15.979999999999999,13.440000000000001,-7.220000000000001,4.6
2021-12-29,-10.85,2.56,3.17,106.5,10.77,29.320000000000004,-7.06,23.32,-5.229999999999999,-0.47000000000000003,15.54,11.48,13.209999999999999,6.25,3.8400000000000003,-2.2600000000000002,1.6199999999999999,7.5,6.64,6.0,5.28,14.959999999999999,1.26,7.25,12.87,3.78,11.52,7.010000000000001,-1.33,2.0,8.75,-1.7099999999999997,15.43,-8.459999999999999,3.8200000000000003,309.03000000000003,28.86,6.44,14.75,-19.43,6.96,4.49,3.24,2.57,3.2199999999999998,8.33,1.6800000000000002,15.979999999999999,13.440000000000001,-7.220000000000001,4.6
2021-12-30,-10.85,2.56,3.17,106.5,10.77,29.320000000000004,-7.06,23.32,-5.229999999999999,-0.47000000000000003,15.54,11.48,13.209999999999999,6.25,3.8400000000000003,-2.2600000000000002,1.6199999999999999,7.5,6.64,6.0,5.28,14.959999999999999,1.26,7.25,12.87,3.78,11.52,7.010000000000001,-1.33,2.0,8.75,-1.7099999999999997,15.43,-8.459999999999999,3.8200000000000003,309.03000000000003,28.86,6.44,14.75,-19.43,6.96,4.49,3.24,2.57,3.2199999999999998,8.33,1.6800000000000002,15.979999999999999,13.440000000000001,-7.220000000000001,4.6
2021-12-31,0.06999999999999977,2.15,2.6,106.5,10.77,45.720000000000006,-7.06,25.42,-4.59,-1.39,14.9,12.51,13.61,6.25,4.03,1.44,1.6199999999999999,7.5,6.91,5.819999999999999,5.22,14.959999999999999,2.08,7.25,12.87,3.96,11.52,7.010000000000001,-1.18,3.1799999999999997,9.28,-0.6699999999999999,14.84,-8.08,3.8200000000000003,321.19,31.1,7.33,15.93,-19.19,8.23,4.49,3.3499999999999996,2.57,3.4,8.620000000000001,2.2600000000000002,15.979999999999999,13.440000000000001,-6.140000000000001,4.470000000000001
2022-01-03,0.06999999999999977,2.15,2.6,106.5,10.77,45.720000000000006,-7.06,25.42,-4.59,-1.39,14.9,12.51,13.61,6.25,4.03,1.44,1.6199999999999999,7.5,6.91,5.819999999999999,5.22,14.959999999999999,2.08,7.25,12.87,3.96,11.52,7.010000000000001,-1.18,3.1799999999999997,9.28,-0.6699999999999999,14.84,-8.08,3.8200000000000003,321.19,31.1,7.33,15.93,-19.19,8.23,4.49,3.3499999999999996,2.57,3.4,8.620000000000001,2.2600000000000002,15.979999999999999,13.440000000000001,-6.140000000000001,4.470000000000001
2022-01-04,0.06999999999999977,2.15,2.6,106.5,10.77,45.720000000000006,-7.06,25.42,-4.59,-1.39,14.9,12.51,13.61,6.25,4.03,1.44,1.6199999999999999,7.5,6.91,5.819999999999999,5.22,14.959999999999999,2.08,7.25,12.87,3.96,11.52,7.010000000000001,-1.18,3.1799999999999997,9.28,-0.6699999999999999,14.84,-8.08,3.8200000000000003,321.19,31.1,7.33,15.93,-19.19,8.23,4.49,3.3499999999999996,2.57,3.4,8.620000000000001,2.2600000000000002,15.979999999999999,13.440000000000001,-6.140000000000001,4.470000000000001
2022-01-05,0.06999999999999977,2.15,2.6,106.5,10.77,45.720000000000006,-7.06,25.42,-4.59,-1.39,14.9,12.51,13.61,6.25,4.03,1.44,1.6199999999999999,7.5,6.91,5.819999999999999,5.22,14.959999999999999,2.08,7.25,12.87,3.96,11.52,7.010000000000001,-1.18,3.1799999999999997,9.28,-0.6699999999999999,14.84,-8.08,3.8200000000000003,321.19,31.1,7.33,15.93,-19.19,8.23,4.49,3.3499999999999996,2.57,3.4,8.620000000000001,2.2600000000000002,15.979999999999999,13.440000000000001,-6.140000000000001,4.470000000000001
2022-01-06,0.06999999999999977,2.15,2.6,106.5,10.77,45.720000000000006,-7.06,25.42,-4.59,-1.39,14.9,12.51,13.61,6.25,4.03,1.44,1.6199999999999999,7.5,6.91,5.819999999999999,5.22,14.959999999999999,2.08,7.25,12.87,3.96,11.52,7.010000000000001,-1.18,3.1799999999999997,9.28,-0.6699999999999999,14.84,-8.08,3.8200000000000003,321.19,31.1,7.33,15.93,-19.19,8.23,4.49,3.3499999999999996,2.57,3.4,8.620000000000001,2.2600000000000002,15.979999999999999,13.440000000000001,-6.140000000000001,4.470000000000001
2022-01-07,0.06999999999999977,2.15,2.6,106.5,10.77,45.720000000000006,-7.06,25.42,-4.59,-1.39,14.9,12.51,13.61,6.25,4.03,1.44,1.6199999999999999,7.5,6.91,5.819999999999999,5.22,14.959999999999999,2.08,7.25,12.87,3.96,11.52,7.010000000000001,-1.18,3.1799999999999997,9.28,-0.6699999999999999,14.84,-8.08,3.8200000000000003,321.19,31.1,7.33,15.93,-19.19,8.23,4.49,3.3499999999999996,2.57,3.4,8.620000000000001,2.2600000000000002,15.979999999999999,13.440000000000001,-6.140000000000001,4.470000000000001
2022-01-10,0.06999999999999977,2.15,2.6,106.5,10.77,45.720000000000006,-7.06,25.42,-4.59,-1.39,14.9,12.51,13.61,6.25,4.03,1.44,1.6199999999999999,7.5,6.91,5.819999999999999,5.22,14.959999999999999,2.08,7.25,12.87,3.96,11.52,7.010000000000001,-1.18,3.1799999999999997,9.28,-0.6699999999999999,14.84,-8.08,3.8200000000000003,321.19,31.1,7.33,15.93,-19.19,8.23,4.49,3.3499999999999996,2.57,3.4,8.620000000000001,2.2600000000000002,15.979999999999999,13.440000000000001,-6.140000000000001,4.470000000000001
2022-01-11,0.06999999999999977,2.15,2.6,106.5,10.77,45.720000000000006,-7.06,25.42,-4.59,-1.39,14.9,12.51,13.61,6.25,4.03,1.44,1.6199999999999999,7.5,6.91,5.819999999999999,5.22,14.959999999999999,2.08,7.25,12.87,3.96,11.52,7.010000000000001,-1.18,3.1799999999999997,9.28,-0.6699999999999999,14.84,-8.08,3.8200000000000003,321.19,31.1,7.33,15.93,-19.19,8.23,4.49,3.3499999999999996,2.57,3.4,8.620000000000001,2.2600000000000002,15.979999999999999,13.440000000000001,-6.140000000000001,4.470000000000001
2022-01-12,0.06999999999999977,2.15,2.6,106.5,10.77,45.720000000000006,-7.06,25.42,-4.59,-1.39,14.9,12.51,13.61,6.25,4.03,1.44,1.6199999999999999,7.5,6.91,5.819999999999999,5.22,14.959999999999999,2.08,7.25,12.87,3.96,11.52,7.010000000000001,-1.18,3.1799999999999997,9.28,-0.6699999999999999,14.84,-8.08,3.8200000000000003,321.19,31.1,7.33,15.93,-19.19,8.23,4.49,3.3499999999999996,2.57,3.4,8.620000000000001,2.2600000000000002,15.979999999999999,13.440000000000001,-6.140000000000001,4.470000000000001
2022-01-13,0.06999999999999977,2.15,2.6,106.5,10.77,45.720000000000006,-7.06,25.42,-4.59,-1.39,14.9,12.51,13.61,6.25,4.03,1.44,1.6199999999999999,7.5,6.91,5.819999999999999,5.22,14.959999999999999,2.08,7.25,12.87,3.96,11.52,7.010000000000001,-1.18,3.1799999999999997,9.28,-0.6699999999999999,14.84,-8.08,3.8200000000000003,321.19,31.1,7.33,15.93,-19.19,8.23,4.49,3.3499999999999996,2.57,3.4,8.620000000000001,2.2600000000000002,15.979999999999999,13.440000000000001,-6.140000000000001,4.470000000000001
2022-01-14,0.06999999999999977,2.15,2.6,106.5,10.77,45.720000000000006,-7.06,25.42,-4.59,-1.39,14.9,12.51,13.61,6.25,4.03,1.44,1.6199999999999999,7.5,6.91,5.819999999999999,5.22,14.959999999999999,2.08,7.25,12.87,3.96,11.52,7.010000000000001,-1.18,3.1799999999999997,9.28,-0.6699999999999999,14.84,-8.08,3.8200000000000003,321.19,31.1,7.33,15.93,-19.19,8.23,4.49,3.3499999999999996,2.57,3.4,8.620000000000001,2.2600000000000002,15.979999999999999,13.440000000000001,-6.140000000000001,4.470000000000001
2022-01-18,0.06999999999999977,2.15,2.6,106.5,10.77,45.720000000000006,-7.06,25.42,-4.59,-1.39,14.9,12.51,13.61,6.25,4.03,1.44,1.6199999999999999,7.5,6.91,5.819999999999999,5.22,14.959999999999999,2.08,7.25,12.87,3.96,11.52,7.010000000000001,-1.18,3.1799999999999997,9.28,-0.6699999999999999,14.84,-8.08,3.8200000000000003,321.19,31.1,7.33,15.93,-19.19,8.23,4.49,3.3499999999999996,2.57,3.4,8.620000000000001,2.2600000000000002,15.979999999999999,13.440000000000001,-6.140000000000001,4.470000000000001
2022-01-19,0.06999999999999977,2.15,2.6,106.5,10.77,45.720000000000006,-7.06,25.42,-4.59,-1.39,14.9,12.51,13.61,6.25,4.03,1.44,1.6199999999999999,7.5,6.91,5.819999999999999,5.22,14.959999999999999,2.08,7.25,12.87,3.96,11.52,7.010000000000001,-1.18,3.1799999999999997,9.28,-0.6699999999999999,14.84,-8.08,3.8200000000000003,321.19,31.1,7.33,15.93,-19.19,8.23,4.49,3.3499999999999996,2.57,3.4,8.620000000000001,2.2600000000000002,15.979999999999999,13.440000000000001,-6.140000000000001,4.470000000000001
2022-01-20,0.06999999999999977,2.15,2.6,106.5,10.77,45.720000000000006,-7.06,25.42,-4.59,-1.39,14.9,12.51,13.61,6.25,4.03,1.44,1.6199999999999999,7.5,6.91,5.819999999999999,5.22,14.959999999999999,2.08,7.25,12.87,3.96,11.52,7.010000000000001,-1.18,3.1799999999999997,9.28,-0.6699999999999999,14.84,-8.08,3.8200000000000003,321.19,31.1,7.33,15.93,-19.19,8.23,4.49,3.3499999999999996,2.57,3.4,8.620000000000001,2.2600000000000002,15.979999999999999,13.440000000000001,-6.140000000000001,4.470000000000001
2022-01-21,0.06999999999999977,2.15,2.6,106.5,10.77,45.720000000000006,-7.06,25.42,-4.59,-1.39,14.9,12.51,13.61,6.25,4.03,1.44,1.6199999999999999,7.5,6.91,5.819999999999999,5.22,14.959999999999999,2.08,7.25,12.87,3.96,11.52,7.010000000000001,-1.18,3.1799999999999997,9.28,-0.6699999999999999,14.84,-8.08,3.8200000000000003,321.19,31.1,7.33,15.93,-19.19,8.23,4.49,3.3499999999999996,2.57,3.4,8.620000000000001,2.2600000000000002,15.979999999999999,13.440000000000001,-6.140000000000001,4.470000000000001
2022-01-24,0.06999999999999977,2.15,2.6,106.5,10.77,45.720000000000006,-7.06,25.42,-4.59,-1.39,14.9,12.51,13.61,6.25,4.03,1.44,1.6199999999999999,7.5,6.91,5.819999999999999,5.22,14.959999999999999,2.08,7.25,12.87,3.96,11.52,7.010000000000001,-1.18,3.1799999999999997,9.28,-0.6699999999999999,14.84,-8.08,3.8200000000000003,321.19,31.1,7.33,15.93,-19.19,8.23,4.49,3.3499999999999996,2.57,3.4,8.620000000000001,2.2600000000000002,15.979999999999999,13.440000000000001,-6.140000000000001,4.470000000000001
2022-01-25,0.06999999999999977,2.15,2.6,106.5,10.77,45.720000000000006,-7.06,25.42,-4.59,-1.39,14.9,12.51,13.61,6.25,4.03,1.44,1.6199999999999999,7.5,6.91,5.819999999999999,5.22,14.959999999999999,2.08,7.25,12.87,3.96,11.52,7.010000000000001,-1.18,3.1799999999999997,9.28,-0.6699999999999999,14.84,-8.08,3.8200000000000003,321.19,31.1,7.33,15.93,-19.19,8.23,4.49,3.3499999999999996,2.57,3.4,8.620000000000001,2.2600000000000002,15.979999999999999,13.440000000000001,-6.140000000000001,4.470000000000001
2022-01-26,0.06999999999999977,2.15,2.6,106.5,10.77,45.720000000000006,-7.06,25.42,-4.59,-1.39,14.9,12.51,13.61,6.25,4.03,1.44,1.6199999999999999,7.5,6.91,5.819999999999999,5.22,14.959999999999999,2.08,7.25,12.87,3.96,11.52,7.010000000000001,-1.18,3.1799999999999997,9.28,-0.6699999999999999,14.84,-8.08,3.8200000000000003,321.19,31.1,7.33,15.93,-19.19,8.23,4.49,3.3499999999999996,2.57,3.4,8.620000000000001,2.2600000000000002,15.979999999999999,13.440000000000001,-6.140000000000001,4.470000000000001
2022-01-27,0.06999999999999977,2.15,2.6,106.5,10.77,45.720000000000006,-7.06,25.42,-4.59,-1.39,14.9,12.51,13.61,6.25,4.03,1.44,1.6199999999999999,7.5,6.91,5.819999999999999,5.22,14.959999999999999,2.08,7.25,12.87,3.96,11.52,7.010000000000001,-1.18,3.1799999999999997,9.28,-0.6699999999999999,14.84,-8.08,3.8200000000000003,321.19,31.1,7.33,15.93,-19.19,8.23,4.49,3.3499999999999996,2.57,3.4,8.620000000000001,2.2600000000000002,15.979999999999999,13.440000000000001,-6.140000000000001,4.470000000000001
2022-01-28,0.06999999999999977,2.15,2.6,106.5,10.77,45.720000000000006,-7.06,25.42,-4.59,-1.39,14.9,12.51,13.61,6.25,4.03,1.44,1.6199999999999999,7.5,6.91,5.819999999999999,5.22,14.959999999999999,2.08,7.25,12.87,3.96,11.52,7.010000000000001,-1.18,3.1799999999999997,9.28,-0.6699999999999999,14.84,-8.08,3.8200000000000003,321.19,31.1,7.33,15.93,-19.19,8.23,4.49,3.3499999999999996,2.57,3.4,8.620000000000001,2.2600000000000002,15.979999999999999,13.440000000000001,-6.140000000000001,4.470000000000001
2022-01-31,0.06999999999999977,2.15,2.6,106.5,10.02,45.720000000000006,-7.06,25.42,-4.59,-1.39,14.9,12.51,13.61,6.25,4.03,1.44,1.6199999999999999,7.5,6.91,5.819999999999999,5.22,15.52,2.08,7.25,12.87,3.96,11.969999999999999,7.8,-1.18,3.1799999999999997,9.28,-0.6699999999999999,14.84,-8.08,3.8200000000000003,321.19,31.1,7.33,15.93,-19.19,8.23,4.86,3.3499999999999996,2.8499999999999996,3.4,8.620000000000001,2.2600000000000002,17.979999999999997,14.91,-6.140000000000001,4.470000000000001
2022-02-01,0.06999999999999977,2.15,2.6,106.5,10.02,45.720000000000006,-7.06,25.42,-4.59,-1.39,14.9,12.51,13.61,6.25,4.03,1.44,1.6199999999999999,7.5,6.91,5.819999999999999,5.22,15.52,2.08,7.25,12.87,3.96,11.969999999999999,7.8,-1.18,3.1799999999999997,9.28,-0.6699999999999999,14.84,-8.08,3.8200000000000003,321.19,31.1,7.33,15.93,-19.19,8.23,4.86,3.3499999999999996,2.8499999999999996,3.4,8.620000000000001,2.2600000000000002,17.979999999999997,14.91,-6.140000000000001,4.470000000000001
2022-02-02,0.06999999999999977,2.15,2.6,106.5,10.02,45.720000000000006,-7.06,25.42,-4.59,-1.39,14.9,12.51,13.61,6.25,4.03,1.44,1.6199999999999999,7.5,6.91,5.819999999999999,5.22,15.52,2.08,7.25,12.87,3.96,11.969999999999999,7.8,-1.18,3.1799999999999997,9.28,-0.6699999999999999,14.84,-8.08,3.8200000000000003,321.19,31.1,7.33,15.93,-19.19,8.23,4.86,3.3499999999999996,2.8499999999999996,3.4,8.620000000000001,2.2600000000000002,17.979999999999997,14.91,-6.140000000000001,4.470000000000001
2022-02-03,0.06999999999999977,2.15,2.6,106.5,10.02,45.720000000000006,-7.06,25.42,-4.59,-1.39,14.9,12.51,13.61,6.25,4.03,1.44,1.6199999999999999,7.5,6.91,5.819999999999999,5.22,15.52,2.08,7.25,12.87,3.96,11.969999999999999,7.8,-1.18,3.1799999999999997,9.28,-0.6699999999999999,14.84,-8.08,3.8200000000000003,321.19,31.1,7.33,15.93,-19.19,8.23,4.86,3.3499999999999996,2.8499999999999996,3.4,8.620000000000001,2.2600000000000002,17.979999999999997,14.91,-6.140000000000001,4.470000000000001
2022-02-04,0.06999999999999977,2.15,2.6,106.5,10.02,45.720000000000006,-7.06,25.42,-4.59,-1.39,14.9,12.51,13.61,6.25,4.03,1.44,1.6199999999999999,7.5,6.91,5.819999999999999,5.22,15.52,2.08,7.25,12.87,3.96,11.969999999999999,7.8,-1.18,3.1799999999999997,9.28,-0.6699999999999999,14.84,-8.08,3.8200000000000003,321.19,31.1,7.33,15.93,-19.19,8.23,4.86,3.3499999999999996,2.8499999999999996,3.4,8.620000000000001,2.2600000000000002,17.979999999999997,14.91,-6.140000000000001,4.470000000000001
2022-02-07,0.06999999999999977,2.15,2.6,106.5,10.02,45.720000000000006,-7.06,25.42,-4.59,-1.39,14.9,12.51,13.61,6.25,4.03,1.44,1.6199999999999999,7.5,6.91,5.819999999999999,5.22,15.52,2.08,7.25,12.87,3.96,11.969999999999999,7.8,-1.18,3.1799999999999997,9.28,-0.6699999999999999,14.84,-8.08,3.8200000000000003,321.19,31.1,7.33,15.93,-19.19,8.23,4.86,3.3499999999999996,2.8499999999999996,3.4,8.620000000000001,2.2600000000000002,17.979999999999997,14.91,-6.140000000000001,4.470000000000001
2022-02-08,0.06999999999999977,2.15,2.6,106.5,10.02,45.720000000000006,-7.06,25.42,-4.59,-1.39,14.9,12.51,13.61,6.25,4.03,1.44,1.6199999999999999,7.5,6.91,5.819999999999999,5.22,15.52,2.08,7.25,12.87,3.96,11.969999999999999,7.8,-1.18,3.1799999999999997,9.28,-0.6699999999999999,14.84,-8.08,3.8200000000000003,321.19,31.1,7.33,15.93,-19.19,8.23,4.86,3.3499999999999996,2.8499999999999996,3.4,8.620000000000001,2.2600000000000002,17.979999999999997,14.91,-6.140000000000001,4.470000000000001
2022-02-09,0.06999999999999977,2.15,2.6,106.5,10.02,45.720000000000006,-7.06,25.42,-4.59,-1.39,14.9,12.51,13.61,6.25,4.03,1.44,1.6199999999999999,7.5,6.91,5.819999999999999,5.22,15.52,2.08,7.25,12.87,3.96,11.969999999999999,7.8,-1.18,3.1799999999999997,9.28,-0.6699999999999999,14.84,-8.08,3.8200000000000003,321.19,31.1,7.33,15.93,-19.19,8.23,4.86,3.3499999999999996,2.8499999999999996,3.4,8.620000000000001,2.2600000000000002,17.979999999999997,14.91,-6.140000000000001,4.470000000000001
2022-02-10,0.06999999999999977,2.15,2.6,106.5,10.02,45.720000000000006,-7.06,25.42,-4.59,-1.39,14.9,12.51,13.61,6.25,4.03,1.44,1.6199999999999999,7.5,6.91,5.819999999999999,5.22,15.52,2.08,7.25,12.87,3.96,11.969999999999999,7.8,-1.18,3.1799999999999997,9.28,-0.6699999999999999,14.84,-8.08,3.8200000000000003,321.19,31.1,7.33,15.93,-19.19,8.23,4.86,3.3499999999999996,2.8499999999999996,3.4,8.620000000000001,2.2600000000000002,17.979999999999997,14.91,-6.140000000000001,4.470000000000001
2022-02-11,0.06999999999999977,2.15,2.6,106.5,10.02,45.720000000000006,-7.06,25.42,-4.59,-1.39,14.9,12.51,13.61,6.25,4.03,1.44,1.6199999999999999,7.5,6.91,5.819999999999999,5.22,15.52,2.08,7.25,12.87,3.96,11.969999999999999,7.8,-1.18,3.1799999999999997,9.28,-0.6699999999999999,14.84,-8.08,3.8200000000000003,321.19,31.1,7.33,15.93,-19.19,8.23,4.86,3.3499999999999996,2.8499999999999996,3.4,8.620000000000001,2.2600000000000002,17.979999999999997,14.91,-6.140000000000001,4.470000000000001
2022-02-14,0.06999999999999977,2.15,2.6,106.5,10.02,45.720000000000006,-7.06,25.42,-4.59,-1.39,14.9,12.51,13.61,6.25,4.03,1.44,1.6199999999999999,7.5,6.91,5.819999999999999,5.22,15.52,2.08,7.25,12.87,3.96,11.969999999999999,7.8,-1.18,3.1799999999999997,9.28,-0.6699999999999999,14.84,-8.08,3.8200000000000003,321.19,31.1,7.33,15.93,-19.19,8.23,4.86,3.3499999999999996,2.8499999999999996,3.4,8.620000000000001,2.2600000000000002,17.979999999999997,14.91,-6.140000000000001,4.470000000000001
2022-02-15,0.06999999999999977,2.15,2.6,106.5,10.02,45.720000000000006,-7.06,25.42,-4.59,-1.39,14.9,12.51,13.61,6.25,4.03,1.44,1.6199999999999999,7.5,6.91,5.819999999999999,5.22,15.52,2.08,7.25,12.87,3.96,11.969999999999999,7.8,-1.18,3.1799999999999997,9.28,-0.6699999999999999,14.84,-8.08,3.8200000000000003,321.19,31.1,7.33,15.93,-19.19,8.23,4.86,3.3499999999999996,2.8499999999999996,3.4,8.620000000000001,2.2600000000000002,17.979999999999997,14.91,-6.140000000000001,4.470000000000001
2022-02-16,0.06999999999999977,2.15,2.6,106.5,10.02,45.720000000000006,-7.06,25.42,-4.59,-1.39,14.9,12.51,13.61,6.25,4.03,1.44,1.6199999999999999,7.5,6.91,5.819999999999999,5.22,15.52,2.08,7.25,12.87,3.96,11.969999999999999,7.8,-1.18,3.1799999999999997,9.28,-0.6699999999999999,14.84,-8.08,3.8200000000000003,321.19,31.1,7.33,15.93,-19.19,8.23,4.86,3.3499999999999996,2.8499999999999996,3.4,8.620000000000001,2.2600000000000002,17.979999999999997,14.91,-6.140000000000001,4.470000000000001
2022-02-17,0.06999999999999977,2.15,2.6,106.5,10.02,45.720000000000006,-7.06,25.42,-4.59,-1.39,14.9,12.51,13.61,6.25,4.03,1.44,1.6199999999999999,7.5,6.91,5.819999999999999,5.22,15.52,2.08,7.25,12.87,3.96,11.969999999999999,7.8,-1.18,3.1799999999999997,9.28,-0.6699999999999999,14.84,-8.08,3.8200000000000003,321.19,31.1,7.33,15.93,-19.19,8.23,4.86,3.3499999999999996,2.8499999999999996,3.4,8.620000000000001,2.2600000000000002,17.979999999999997,14.91,-6.140000000000001,4.470000000000001
2022-02-18,0.06999999999999977,2.15,2.6,106.5,10.02,45.720000000000006,-7.06,25.42,-4.59,-1.39,14.9,12.51,13.61,6.25,4.03,1.44,1.6199999999999999,7.5,6.91,5.819999999999999,5.22,15.52,2.08,7.25,12.87,3.96,11.969999999999999,7.8,-1.18,3.1799999999999997,9.28,-0.6699999999999999,14.84,-8.08,3.8200000000000003,321.19,31.1,7.33,15.93,-19.19,8.23,4.86,3.3499999999999996,2.8499999999999996,3.4,8.620000000000001,2.2600000000000002,17.979999999999997,14.91,-6.140000000000001,4.470000000000001
2022-02-22,0.06999999999999977,2.15,2.6,106.5,10.02,45.720000000000006,-7.06,25.42,-4.59,-1.39,14.9,12.51,13.61,6.25,4.03,1.44,1.6199999999999999,7.5,6.91,5.819999999999999,5.22,15.52,2.08,7.25,12.87,3.96,11.969999999999999,7.8,-1.18,3.1799999999999997,9.28,-0.6699999999999999,14.84,-8.08,3.8200000000000003,321.19,31.1,7.33,15.93,-19.19,8.23,4.86,3.3499999999999996,2.8499999999999996,3.4,8.620000000000001,2.2600000000000002,17.979999999999997,14.91,-6.140000000000001,4.470000000000001
2022-02-23,0.06999999999999977,2.15,2.6,106.5,10.02,45.720000000000006,-7.06,25.42,-4.59,-1.39,14.9,12.51,13.61,6.25,4.03,1.44,1.6199999999999999,7.5,6.91,5.819999999999999,5.22,15.52,2.08,7.25,12.87,3.96,11.969999999999999,7.8,-1.18,3.1799999999999997,9.28,-0.6699999999999999,14.84,-8.08,3.8200000000000003,321.19,31.1,7.33,15.93,-19.19,8.23,4.86,3.3499999999999996,2.8499999999999996,3.4,8.620000000000001,2.2600000000000002,17.979999999999997,14.91,-6.140000000000001,4.470000000000001
2022-02-24,0.06999999999999977,2.15,2.6,106.5,10.02,45.720000000000006,-7.06,25.42,-4.59,-1.39,14.9,12.51,13.61,6.25,4.03,1.44,1.6199999999999999,7.5,6.91,5.819999999999999,5.22,15.52,2.08,7.25,12.87,3.96,11.969999999999999,7.8,-1.18,3.1799999999999997,9.28,-0.6699999999999999,14.84,-8.08,3.8200000000000003,321.19,31.1,7.33,15.93,-19.19,8.23,4.86,3.3499999999999996,2.8499999999999996,3.4,8.620000000000001,2.2600000000000002,17.979999999999997,14.91,-6.140000000000001,4.470000000000001
2022-02-25,0.06999999999999977,2.15,2.6,106.5,10.02,45.720000000000006,-7.06,25.42,-4.59,-1.39,14.9,12.51,13.61,6.25,4.03,1.44,1.6199999999999999,7.5,6.91,5.819999999999999,5.22,15.52,2.08,7.25,12.87,3.96,11.969999999999999,7.8,-1.18,3.1799999999999997,9.28,-0.6699999999999999,14.84,-8.08,3.8200000000000003,321.19,31.1,7.33,15.93,-19.19,8.23,4.86,3.3499999999999996,2.8499999999999996,3.4,8.620000000000001,2.2600000000000002,17.979999999999997,14.91,-6.140000000000001,4.470000000000001
2022-02-28,0.06999999999999977,2.15,2.6,116.92,10.02,45.720000000000006,-6.93,25.42,-4.59,-1.39,14.9,12.51,13.61,7.18,4.03,1.44,1.6199999999999999,7.5,6.91,5.819999999999999,5.22,15.52,2.08,6.959999999999999,12.52,3.96,11.969999999999999,7.8,-1.18,3.1799999999999997,9.28,-0.6699999999999999,14.84,-8.08,3.79,321.19,31.1,7.33,15.93,-19.19,8.23,4.86,3.3499999999999996,2.8499999999999996,3.4,8.620000000000001,2.2600000000000002,17.979999999999997,14.91,-6.140000000000001,4.470000000000001
2022-03-01,0.06999999999999977,2.15,2.6,116.92,10.02,45.720000000000006,-6.93,25.42,-4.59,-1.39,14.9,12.51,13.61,7.18,4.03,1.44,1.6199999999999999,7.5,6.91,5.819999999999999,5.22,15.52,2.08,6.959999999999999,12.52,3.96,11.969999999999999,7.8,-1.18,3.1799999999999997,9.28,-0.6699999999999999,14.84,-8.08,3.79,321.19,31.1,7.33,15.93,-19.19,8.23,4.86,3.3499999999999996,2.8499999999999996,3.4,8.620000000000001,2.2600000000000002,17.979999999999997,14.91,-6.140000000000001,4.470000000000001
2022-03-02,0.06999999999999977,2.15,2.6,116.92,10.02,45.720000000000006,-6.93,25.42,-4.59,-1.39,14.9,12.51,13.61,7.18,4.03,1.44,1.6199999999999999,7.5,6.91,5.819999999999999,5.22,15.52,2.08,6.959999999999999,12.52,3.96,11.969999999999999,7.8,-1.18,3.1799999999999997,9.28,-0.6699999999999999,14.84,-8.08,3.79,321.19,31.1,7.33,15.93,-19.19,8.23,4.86,3.3499999999999996,2.8499999999999996,3.4,8.620000000000001,2.2600000000000002,17.979999999999997,14.91,-6.140000000000001,4.470000000000001
2022-03-03,0.06999999999999977,2.15,2.6,116.92,10.02,45.720000000000006,-6.93,25.42,-4.59,-1.39,14.9,12.51,13.61,7.18,4.03,1.44,1.6199999999999999,7.5,6.91,5.819999999999999,5.22,15.52,2.08,6.959999999999999,12.52,3.96,11.969999999999999,7.8,-1.18,3.1799999999999997,9.28,-0.6699999999999999,14.84,-8.08,3.79,321.19,31.1,7.33,15.93,-19.19,8.23,4.86,3.3499999999999996,2.8499999999999996,3.4,8.620000000000001,2.2600000000000002,17.979999999999997,14.91,-6.140000000000001,4.470000000000001
2022-03-04,0.06999999999999977,2.15,2.6,116.92,10.02,45.720000000000006,-6.93,25.42,-4.59,-1.39,14.9,12.51,13.61,7.18,4.03,1.44,1.6199999999999999,7.5,6.91,5.819999999999999,5.22,15.52,2.08,6.959999999999999,12.52,3.96,11.969999999999999,7.8,-1.18,3.1799999999999997,9.28,-0.6699999999999999,14.84,-8.08,3.79,321.19,31.1,7.33,15.93,-19.19,8.23,4.86,3.3499999999999996,2.8499999999999996,3.4,8.620000000000001,2.2600000000000002,17.979999999999997,14.91,-6.140000000000001,4.470000000000001
2022-03-07,0.06999999999999977,2.15,2.6,116.92,10.02,45.720000000000006,-6.93,25.42,-4.59,-1.39,14.9,12.51,13.61,7.18,4.03,1.44,1.6199999999999999,7.5,6.91,5.819999999999999,5.22,15.52,2.08,6.959999999999999,12.52,3.96,11.969999999999999,7.8,-1.18,3.1799999999999997,9.28,-0.6699999999999999,14.84,-8.08,3.79,321.19,31.1,7.33,15.93,-19.19,8.23,4.86,3.3499999999999996,2.8499999999999996,3.4,8.620000000000001,2.2600000000000002,17.979999999999997,14.91,-6.140000000000001,4.470000000000001
2022-03-08,0.06999999999999977,2.15,2.6,116.92,10.02,45.720000000000006,-6.93,25.42,-4.59,-1.39,14.9,12.51,13.61,7.18,4.03,1.44,1.6199999999999999,7.5,6.91,5.819999999999999,5.22,15.52,2.08,6.959999999999999,12.52,3.96,11.969999999999999,7.8,-1.18,3.1799999999999997,9.28,-0.6699999999999999,14.84,-8.08,3.79,321.19,31.1,7.33,15.93,-19.19,8.23,4.86,3.3499999999999996,2.8499999999999996,3.4,8.620000000000001,2.2600000000000002,17.979999999999997,14.91,-6.140000000000001,4.470000000000001
2022-03-09,0.06999999999999977,2.15,2.6,116.92,10.02,45.720000000000006,-6.93,25.42,-4.59,-1.39,14.9,12.51,13.61,7.18,4.03,1.44,1.6199999999999999,7.5,6.91,5.819999999999999,5.22,15.52,2.08,6.959999999999999,12.52,3.96,11.969999999999999,7.8,-1.18,3.1799999999999997,9.28,-0.6699999999999999,14.84,-8.08,3.79,321.19,31.1,7.33,15.93,-19.19,8.23,4.86,3.3499999999999996,2.8499999999999996,3.4,8.620000000000001,2.2600000000000002,17.979999999999997,14.91,-6.140000000000001,4.470000000000001
2022-03-10,0.06999999999999977,2.15,2.6,116.92,10.02,45.720000000000006,-6.93,25.42,-4.59,-1.39,14.9,12.51,13.61,7.18,4.03,1.44,1.6199999999999999,7.5,6.91,5.819999999999999,5.22,15.52,2.08,6.959999999999999,12.52,3.96,11.969999999999999,7.8,-1.18,3.1799999999999997,9.28,-0.6699999999999999,14.84,-8.08,3.79,321.19,31.1,7.33,15.93,-19.19,8.23,4.86,3.3499999999999996,2.8499999999999996,3.4,8.620000000000001,2.2600000000000002,17.979999999999997,14.91,-6.140000000000001,4.470000000000001
2022-03-11,0.06999999999999977,2.15,2.6,116.92,10.02,45.720000000000006,-6.93,25.42,-4.59,-1.39,14.9,12.51,13.61,7.18,4.03,1.44,1.6199999999999999,7.5,6.91,5.819999999999999,5.22,15.52,2.08,6.959999999999999,12.52,3.96,11.969999999999999,7.8,-1.18,3.1799999999999997,9.28,-0.6699999999999999,14.84,-8.08,3.79,321.19,31.1,7.33,15.93,-19.19,8.23,4.86,3.3499999999999996,2.8499999999999996,3.4,8.620000000000001,2.2600000000000002,17.979999999999997,14.91,-6.140000000000001,4.470000000000001
2022-03-14,0.06999999999999977,2.15,2.6,116.92,10.02,45.720000000000006,-6.93,25.42,-4.59,-1.39,14.9,12.51,13.61,7.18,4.03,1.44,1.6199999999999999,7.5,6.91,5.819999999999999,5.22,15.52,2.08,6.959999999999999,12.52,3.96,11.969999999999999,7.8,-1.18,3.1799999999999997,9.28,-0.6699999999999999,14.84,-8.08,3.79,321.19,31.1,7.33,15.93,-19.19,8.23,4.86,3.3499999999999996,2.8499999999999996,3.4,8.620000000000001,2.2600000000000002,17.979999999999997,14.91,-6.140000000000001,4.470000000000001
2022-03-15,0.06999999999999977,2.15,2.6,116.92,10.02,45.720000000000006,-6.93,25.42,-4.59,-1.39,14.9,12.51,13.61,7.18,4.03,1.44,1.6199999999999999,7.5,6.91,5.819999999999999,5.22,15.52,2.08,6.959999999999999,12.52,3.96,11.969999999999999,7.8,-1.18,3.1799999999999997,9.28,-0.6699999999999999,14.84,-8.08,3.79,321.19,31.1,7.33,15.93,-19.19,8.23,4.86,3.3499999999999996,2.8499999999999996,3.4,8.620000000000001,2.2600000000000002,17.979999999999997,14.91,-6.140000000000001,4.470000000000001
2022-03-16,0.06999999999999977,2.15,2.6,116.92,10.02,45.720000000000006,-6.93,25.42,-4.59,-1.39,14.9,12.51,13.61,7.18,4.03,1.44,1.6199999999999999,7.5,6.91,5.819999999999999,5.22,15.52,2.08,6.959999999999999,12.52,3.96,11.969999999999999,7.8,-1.18,3.1799999999999997,9.28,-0.6699999999999999,14.84,-8.08,3.79,321.19,31.1,7.33,15.93,-19.19,8.23,4.86,3.3499999999999996,2.8499999999999996,3.4,8.620000000000001,2.2600000000000002,17.979999999999997,14.91,-6.140000000000001,4.470000000000001
2022-03-17,0.06999999999999977,2.15,2.6,116.92,10.02,45.720000000000006,-6.93,25.42,-4.59,-1.39,14.9,12.51,13.61,7.18,4.03,1.44,1.6199999999999999,7.5,6.91,5.819999999999999,5.22,15.52,2.08,6.959999999999999,12.52,3.96,11.969999999999999,7.8,-1.18,3.1799999999999997,9.28,-0.6699999999999999,14.84,-8.08,3.79,321.19,31.1,7.33,15.93,-19.19,8.23,4.86,3.3499999999999996,2.8499999999999996,3.4,8.620000000000001,2.2600000000000002,17.979999999999997,14.91,-6.140000000000001,4.470000000000001
2022-03-18,0.06999999999999977,2.15,2.6,116.92,10.02,45.720000000000006,-6.93,25.42,-4.59,-1.39,14.9,12.51,13.61,7.18,4.03,1.44,1.6199999999999999,7.5,6.91,5.819999999999999,5.22,15.52,2.08,6.959999999999999,12.52,3.96,11.969999999999999,7.8,-1.18,3.1799999999999997,9.28,-0.6699999999999999,14.84,-8.08,3.79,321.19,31.1,7.33,15.93,-19.19,8.23,4.86,3.3499999999999996,2.8499999999999996,3.4,8.620000000000001,2.2600000000000002,17.979999999999997,14.91,-6.140000000000001,4.470000000000001
2022-03-21,0.06999999999999977,2.15,2.6,116.92,10.02,45.720000000000006,-6.93,25.42,-4.59,-1.39,14.9,12.51,13.61,7.18,4.03,1.44,1.6199999999999999,7.5,6.91,5.819999999999999,5.22,15.52,2.08,6.959999999999999,12.52,3.96,11.969999999999999,7.8,-1.18,3.1799999999999997,9.28,-0.6699999999999999,14.84,-8.08,3.79,321.19,31.1,7.33,15.93,-19.19,8.23,4.86,3.3499999999999996,2.8499999999999996,3.4,8.620000000000001,2.2600000000000002,17.979999999999997,14.91,-6.140000000000001,4.470000000000001
2022-03-22,0.06999999999999977,2.15,2.6,116.92,10.02,45.720000000000006,-6.93,25.42,-4.59,-1.39,14.9,12.51,13.61,7.18,4.03,1.44,1.6199999999999999,7.5,6.91,5.819999999999999,5.22,15.52,2.08,6.959999999999999,12.52,3.96,11.969999999999999,7.8,-1.18,3.1799999999999997,9.28,-0.6699999999999999,14.84,-8.08,3.79,321.19,31.1,7.33,15.93,-19.19,8.23,4.86,3.3499999999999996,2.8499999999999996,3.4,8.620000000000001,2.2600000000000002,17.979999999999997,14.91,-6.140000000000001,4.470000000000001
2022-03-23,0.06999999999999977,2.15,2.6,116.92,10.02,45.720000000000006,-6.93,25.42,-4.59,-1.39,14.9,12.51,13.61,7.18,4.03,1.44,1.6199999999999999,7.5,6.91,5.819999999999999,5.22,15.52,2.08,6.959999999999999,12.52,3.96,11.969999999999999,7.8,-1.18,3.1799999999999997,9.28,-0.6699999999999999,14.84,-8.08,3.79,321.19,31.1,7.33,15.93,-19.19,8.23,4.86,3.3499999999999996,2.8499999999999996,3.4,8.620000000000001,2.2600000000000002,17.979999999999997,14.91,-6.140000000000001,4.470000000000001
2022-03-24,0.06999999999999977,2.15,2.6,116.92,10.02,45.720000000000006,-6.93,25.42,-4.59,-1.39,14.9,12.51,13.61,7.18,4.03,1.44,1.6199999999999999,7.5,6.91,5.819999999999999,5.22,15.52,2.08,6.959999999999999,12.52,3.96,11.969999999999999,7.8,-1.18,3.1799999999999997,9.28,-0.6699999999999999,14.84,-8.08,3.79,321.19,31.1,7.33,15.93,-19.19,8.23,4.86,3.3499999999999996,2.8499999999999996,3.4,8.620000000000001,2.2600000000000002,17.979999999999997,14.91,-6.140000000000001,4.470000000000001
2022-03-25,0.06999999999999977,2.15,2.6,116.92,10.02,45.720000000000006,-6.93,25.42,-4.59,-1.39,14.9,12.51,13.61,7.18,4.03,1.44,1.6199999999999999,7.5,6.91,5.819999999999999,5.22,15.52,2.08,6.959999999999999,12.52,3.96,11.969999999999999,7.8,-1.18,3.1799999999999997,9.28,-0.6699999999999999,14.84,-8.08,3.79,321.19,31.1,7.33,15.93,-19.19,8.23,4.86,3.3499999999999996,2.8499999999999996,3.4,8.620000000000001,2.2600000000000002,17.979999999999997,14.91,-6.140000000000001,4.470000000000001
2022-03-28,0.06999999999999977,2.15,2.6,116.92,10.02,45.720000000000006,-6.93,25.42,-4.59,-1.39,14.9,12.51,13.61,7.18,4.03,1.44,1.6199999999999999,7.5,6.91,5.819999999999999,5.22,15.52,2.08,6.959999999999999,12.52,3.96,11.969999999999999,7.8,-1.18,3.1799999999999997,9.28,-0.6699999999999999,14.84,-8.08,3.79,321.19,31.1,7.33,15.93,-19.19,8.23,4.86,3.3499999999999996,2.8499999999999996,3.4,8.620000000000001,2.2600000000000002,17.979999999999997,14.91,-6.140000000000001,4.470000000000001
2022-03-29,0.06999999999999977,2.15,2.6,116.92,10.02,45.720000000000006,-6.93,25.42,-4.59,-1.39,14.9,12.51,13.61,7.18,4.03,1.44,1.6199999999999999,7.5,6.91,5.819999999999999,5.22,15.52,2.08,6.959999999999999,12.52,3.96,11.969999999999999,7.8,-1.18,3.1799999999999997,9.28,-0.6699999999999999,14.84,-8.08,3.79,321.19,31.1,7.33,15.93,-19.19,8.23,4.86,3.3499999999999996,2.8499999999999996,3.4,8.620000000000001,2.2600000000000002,17.979999999999997,14.91,-6.140000000000001,4.470000000000001
2022-03-30,0.06999999999999977,2.15,2.6,116.92,10.02,45.720000000000006,-6.93,25.42,-4.59,-1.39,14.9,12.51,13.61,7.18,4.03,1.44,1.6199999999999999,7.5,6.91,5.819999999999999,5.22,15.52,2.08,6.959999999999999,12.52,3.96,11.969999999999999,7.8,-1.18,3.1799999999999997,9.28,-0.6699999999999999,14.84,-8.08,3.79,321.19,31.1,7.33,15.93,-19.19,8.23,4.86,3.3499999999999996,2.8499999999999996,3.4,8.620000000000001,2.2600000000000002,17.979999999999997,14.91,-6.140000000000001,4.470000000000001
2022-03-31,1.16,1.73,2.17,116.92,10.02,54.88,-6.93,25.76,-5.74,-1.53,16.299999999999997,14.010000000000002,13.11,7.18,3.99,2.99,1.6600000000000001,7.66,7.2700000000000005,5.75,4.79,15.52,2.77,6.959999999999999,12.52,4.02,11.969999999999999,7.8,-1.33,4.33,9.639999999999999,0.029999999999999992,15.13,-7.87,3.79,374.54,31.21,7.88,17.74,-19.32,8.34,4.86,3.3199999999999994,2.8499999999999996,3.4000000000000004,8.719999999999999,3.0200000000000005,17.979999999999997,14.91,-4.94,4.45
2022-04-01,1.16,1.73,2.17,116.92,10.02,54.88,-6.93,25.76,-5.74,-1.53,16.299999999999997,14.010000000000002,13.11,7.18,3.99,2.99,1.6600000000000001,7.66,7.2700000000000005,5.75,4.79,15.52,2.77,6.959999999999999,12.52,4.02,11.969999999999999,7.8,-1.33,4.33,9.639999999999999,0.029999999999999992,15.13,-7.87,3.79,374.54,31.21,7.88,17.74,-19.32,8.34,4.86,3.3199999999999994,2.8499999999999996,3.4000000000000004,8.719999999999999,3.0200000000000005,17.979999999999997,14.91,-4.94,4.45
2022-04-04,1.16,1.73,2.17,116.92,10.02,54.88,-6.93,25.76,-5.74,-1.53,16.299999999999997,14.010000000000002,13.11,7.18,3.99,2.99,1.6600000000000001,7.66,7.2700000000000005,5.75,4.79,15.52,2.77,6.959999999999999,12.52,4.02,11.969999999999999,7.8,-1.33,4.33,9.639999999999999,0.029999999999999992,15.13,-7.87,3.79,374.54,31.21,7.88,17.74,-19.32,8.34,4.86,3.3199999999999994,2.8499999999999996,3.4000000000000004,8.719999999999999,3.0200000000000005,17.979999999999997,14.91,-4.94,4.45
2022-04-05,1.16,1.73,2.17,116.92,10.02,54.88,-6.93,25.76,-5.74,-1.53,16.299999999999997,14.010000000000002,13.11,7.18,3.99,2.99,1.6600000000000001,7.66,7.2700000000000005,5.75,4.79,15.52,2.77,6.959999999999999,12.52,4.02,11.969999999999999,7.8,-1.33,4.33,9.639999999999999,0.029999999999999992,15.13,-7.87,3.79,374.54,31.21,7.88,17.74,-19.32,8.34,4.86,3.3199999999999994,2.8499999999999996,3.4000000000000004,8.719999999999999,3.0200000000000005,17.979999999999997,14.91,-4.94,4.45
2022-04-06,1.16,1.73,2.17,116.92,10.02,54.88,-6.93,25.76,-5.74,-1.53,16.299999999999997,14.010000000000002,13.11,7.18,3.99,2.99,1.6600000000000001,7.66,7.2700000000000005,5.75,4.79,15.52,2.77,6.959999999999999,12.52,4.02,11.969999999999999,7.8,-1.33,4.33,9.639999999999999,0.029999999999999992,15.13,-7.87,3.79,374.54,31.21,7.88,17.74,-19.32,8.34,4.86,3.3199999999999994,2.8499999999999996,3.4000000000000004,8.719999999999999,3.0200000000000005,17.979999999999997,14.91,-4.94,4.45
2022-04-07,1.16,1.73,2.17,116.92,10.02,54.88,-6.93,25.76,-5.74,-1.53,16.299999999999997,14.010000000000002,13.11,7.18,3.99,2.99,1.6600000000000001,7.66,7.2700000000000005,5.75,4.79,15.52,2.77,6.959999999999999,12.52,4.02,11.969999999999999,7.8,-1.33,4.33,9.639999999999999,0.029999999999999992,15.13,-7.87,3.79,374.54,31.21,7.88,17.74,-19.32,8.34,4.86,3.3199999999999994,2.8499999999999996,3.4000000000000004,8.719999999999999,3.0200000000000005,17.979999999999997,14.91,-4.94,4.45
2022-04-08,1.16,1.73,2.17,116.92,10.02,54.88,-6.93,25.76,-5.74,-1.53,16.299999999999997,14.010000000000002,13.11,7.18,3.99,2.99,1.6600000000000001,7.66,7.2700000000000005,5.75,4.79,15.52,2.77,6.959999999999999,12.52,4.02,11.969999999999999,7.8,-1.33,4.33,9.639999999999999,0.029999999999999992,15.13,-7.87,3.79,374.54,31.21,7.88,17.74,-19.32,8.34,4.86,3.3199999999999994,2.8499999999999996,3.4000000000000004,8.719999999999999,3.0200000000000005,17.979999999999997,14.91,-4.94,4.45
2022-04-11,1.16,1.73,2.17,116.92,10.02,54.88,-6.93,25.76,-5.74,-1.53,16.299999999999997,14.010000000000002,13.11,7.18,3.99,2.99,1.6600000000000001,7.66,7.2700000000000005,5.75,4.79,15.52,2.77,6.959999999999999,12.52,4.02,11.969999999999999,7.8,-1.33,4.33,9.639999999999999,0.029999999999999992,15.13,-7.87,3.79,374.54,31.21,7.88,17.74,-19.32,8.34,4.86,3.3199999999999994,2.8499999999999996,3.4000000000000004,8.719999999999999,3.0200000000000005,17.979999999999997,14.91,-4.94,4.45
2022-04-12,1.16,1.73,2.17,116.92,10.02,54.88,-6.93,25.76,-5.74,-1.53,16.299999999999997,14.010000000000002,13.11,7.18,3.99,2.99,1.6600000000000001,7.66,7.2700000000000005,5.75,4.79,15.52,2.77,6.959999999999999,12.52,4.02,11.969999999999999,7.8,-1.33,4.33,9.639999999999999,0.029999999999999992,15.13,-7.87,3.79,374.54,31.21,7.88,17.74,-19.32,8.34,4.86,3.3199999999999994,2.8499999999999996,3.4000000000000004,8.719999999999999,3.0200000000000005,17.979999999999997,14.91,-4.94,4.45
2022-04-13,1.16,1.73,2.17,116.92,10.02,54.88,-6.93,25.76,-5.74,-1.53,16.299999999999997,14.010000000000002,13.11,7.18,3.99,2.99,1.6600000000000001,7.66,7.2700000000000005,5.75,4.79,15.52,2.77,6.959999999999999,12.52,4.02,11.969999999999999,7.8,-1.33,4.33,9.639999999999999,0.029999999999999992,15.13,-7.87,3.79,374.54,31.21,7.88,17.74,-19.32,8.34,4.86,3.3199999999999994,2.8499999999999996,3.4000000000000004,8.719999999999999,3.0200000000000005,17.979999999999997,14.91,-4.94,4.45
2022-04-14,1.16,1.73,2.17,116.92,10.02,54.88,-6.93,25.76,-5.74,-1.53,16.299999999999997,14.010000000000002,13.11,7.18,3.99,2.99,1.6600000000000001,7.66,7.2700000000000005,5.75,4.79,15.52,2.77,6.959999999999999,12.52,4.02,11.969999999999999,7.8,-1.33,4.33,9.639999999999999,0.029999999999999992,15.13,-7.87,3.79,374.54,31.21,7.88,17.74,-19.32,8.34,4.86,3.3199999999999994,2.8499999999999996,3.4000000000000004,8.719999999999999,3.0200000000000005,17.979999999999997,14.91,-4.94,4.45
2022-04-18,1.16,1.73,2.17,116.92,10.02,54.88,-6.93,25.76,-5.74,-1.53,16.299999999999997,14.010000000000002,13.11,7.18,3.99,2.99,1.6600000000000001,7.66,7.2700000000000005,5.75,4.79,15.52,2.77,6.959999999999999,12.52,4.02,11.969999999999999,7.8,-1.33,4.33,9.639999999999999,0.029999999999999992,15.13,-7.87,3.79,374.54,31.21,7.88,17.74,-19.32,8.34,4.86,3.3199999999999994,2.8499999999999996,3.4000000000000004,8.719999999999999,3.0200000000000005,17.979999999999997,14.91,-4.94,4.45
2022-04-19,1.16,1.73,2.17,116.92,10.02,54.88,-6.93,25.76,-5.74,-1.53,16.299999999999997,14.010000000000002,13.11,7.18,3.99,2.99,1.6600000000000001,7.66,7.2700000000000005,5.75,4.79,15.52,2.77,6.959999999999999,12.52,4.02,11.969999999999999,7.8,-1.33,4.33,9.639999999999999,0.029999999999999992,15.13,-7.87,3.79,374.54,31.21,7.88,17.74,-19.32,8.34,4.86,3.3199999999999994,2.8499999999999996,3.4000000000000004,8.719999999999999,3.0200000000000005,17.979999999999997,14.91,-4.94,4.45
2022-04-20,1.16,1.73,2.17,116.92,10.02,54.88,-6.93,25.76,-5.74,-1.53,16.299999999999997,14.010000000000002,13.11,7.18,3.99,2.99,1.6600000000000001,7.66,7.2700000000000005,5.75,4.79,15.52,2.77,6.959999999999999,12.52,4.02,11.969999999999999,7.8,-1.33,4.33,9.639999999999999,0.029999999999999992,15.13,-7.87,3.79,374.54,31.21,7.88,17.74,-19.32,8.34,4.86,3.3199999999999994,2.8499999999999996,3.4000000000000004,8.719999999999999,3.0200000000000005,17.979999999999997,14.91,-4.94,4.45
2022-04-21,1.16,1.73,2.17,116.92,10.02,54.88,-6.93,25.76,-5.74,-1.53,16.299999999999997,14.010000000000002,13.11,7.18,3.99,2.99,1.6600000000000001,7.66,7.2700000000000005,5.75,4.79,15.52,2.77,6.959999999999999,12.52,4.02,11.969999999999999,7.8,-1.33,4.33,9.639999999999999,0.029999999999999992,15.13,-7.87,3.79,374.54,31.21,7.88,17.74,-19.32,8.34,4.86,3.3199999999999994,2.8499999999999996,3.4000000000000004,8.719999999999999,3.0200000000000005,17.979999999999997,14.91,-4.94,4.45
2022-04-22,1.16,1.73,2.17,116.92,10.02,54.88,-6.93,25.76,-5.74,-1.53,16.299999999999997,14.010000000000002,13.11,7.18,3.99,2.99,1.6600000000000001,7.66,7.2700000000000005,5.75,4.79,15.52,2.77,6.959999999999999,12.52,4.02,11.969999999999999,7.8,-1.33,4.33,9.639999999999999,0.029999999999999992,15.13,-7.87,3.79,374.54,31.21,7.88,17.74,-19.32,8.34,4.86,3.3199999999999994,2.8499999999999996,3.4000000000000004,8.719999999999999,3.0200000000000005,17.979999999999997,14.91,-4.94,4.45
2022-04-25,1.16,1.73,2.17,116.92,10.02,54.88,-6.93,25.76,-5.74,-1.53,16.299999999999997,14.010000000000002,13.11,7.18,3.99,2.99,1.6600000000000001,7.66,7.2700000000000005,5.75,4.79,15.52,2.77,6.959999999999999,12.52,4.02,11.969999999999999,7.8,-1.33,4.33,9.639999999999999,0.029999999999999992,15.13,-7.87,3.79,374.54,31.21,7.88,17.74,-19.32,8.34,4.86,3.3199999999999994,2.8499999999999996,3.4000000000000004,8.719999999999999,3.0200000000000005,17.979999999999997,14.91,-4.94,4.45
2022-04-26,1.16,1.73,2.17,116.92,10.02,54.88,-6.93,25.76,-5.74,-1.53,16.299999999999997,14.010000000000002,13.11,7.18,3.99,2.99,1.6600000000000001,7.66,7.2700000000000005,5.75,4.79,15.52,2.77,6.959999999999999,12.52,4.02,11.969999999999999,7.8,-1.33,4.33,9.639999999999999,0.029999999999999992,15.13,-7.87,3.79,374.54,31.21,7.88,17.74,-19.32,8.34,4.86,3.3199999999999994,2.8499999999999996,3.4000000000000004,8.719999999999999,3.0200000000000005,17.979999999999997,14.91,-4.94,4.45
2022-04-27,1.16,1.73,2.17,116.92,10.02,54.88,-6.93,25.76,-5.74,-1.53,16.299999999999997,14.010000000000002,13.11,7.18,3.99,2.99,1.6600000000000001,7.66,7.2700000000000005,5.75,4.79,15.52,2.77,6.959999999999999,12.52,4.02,11.969999999999999,7.8,-1.33,4.33,9.639999999999999,0.029999999999999992,15.13,-7.87,3.79,374.54,31.21,7.88,17.74,-19.32,8.34,4.86,3.3199999999999994,2.8499999999999996,3.4000000000000004,8.719999999999999,3.0200000000000005,17.979999999999997,14.91,-4.94,4.45
2022-04-28,1.16,1.73,2.17,116.92,10.02,54.88,-6.93,25.76,-5.74,-1.53,16.299999999999997,14.010000000000002,13.11,7.18,3.99,2.99,1.6600000000000001,7.66,7.2700000000000005,5.75,4.79,15.52,2.77,6.959999999999999,12.52,4.02,11.969999999999999,7.8,-1.33,4.33,9.639999999999999,0.029999999999999992,15.13,-7.87,3.79,374.54,31.21,7.88,17.74,-19.32,8.34,4.86,3.3199999999999994,2.8499999999999996,3.4000000000000004,8.719999999999999,3.0200000000000005,17.979999999999997,14.91,-4.94,4.45
2022-04-29,1.16,1.73,2.17,116.92,10.02,54.88,-6.93,25.76,-5.74,-1.53,16.299999999999997,14.010000000000002,13.11,7.18,3.99,2.99,1.6600000000000001,7.66,7.2700000000000005,5.75,4.79,15.52,2.77,6.959999999999999,12.52,4.02,11.969999999999999,7.8,-1.33,4.33,9.639999999999999,0.029999999999999992,15.13,-7.87,3.79,374.54,31.21,7.88,17.74,-19.32,8.34,4.86,3.3199999999999994,2.8499999999999996,3.4000000000000004,8.719999999999999,3.0200000000000005,17.979999999999997,14.91,-4.94,4.45
2022-05-02,1.16,1.73,2.17,116.92,9.360000000000001,54.88,-6.93,25.76,-5.74,-1.53,16.299999999999997,14.010000000000002,13.11,7.18,3.99,2.99,1.6600000000000001,7.66,7.2700000000000005,5.75,4.79,15.75,2.77,6.959999999999999,12.52,4.02,12.27,8.120000000000001,-1.33,4.33,9.639999999999999,0.029999999999999992,15.13,-7.87,3.79,374.54,31.21,7.88,17.74,-19.32,8.34,4.43,3.3199999999999994,3.0900000000000003,3.4000000000000004,8.719999999999999,3.0200000000000005,20.21,15.48,-4.94,4.45
2022-05-03,1.16,1.73,2.17,116.92,9.360000000000001,54.88,-6.93,25.76,-5.74,-1.53,16.299999999999997,14.010000000000002,13.11,7.18,3.99,2.99,1.6600000000000001,7.66,7.2700000000000005,5.75,4.79,15.75,2.77,6.959999999999999,12.52,4.02,12.27,8.120000000000001,-1.33,4.33,9.639999999999999,0.029999999999999992,15.13,-7.87,3.79,374.54,31.21,7.88,17.74,-19.32,8.34,4.43,3.3199999999999994,3.0900000000000003,3.4000000000000004,8.719999999999999,3.0200000000000005,20.21,15.48,-4.94,4.45
2022-05-04,1.16,1.73,2.17,116.92,9.360000000000001,54.88,-6.93,25.76,-5.74,-1.53,16.299999999999997,14.010000000000002,13.11,7.18,3.99,2.99,1.6600000000000001,7.66,7.2700000000000005,5.75,4.79,15.75,2.77,6.959999999999999,12.52,4.02,12.27,8.120000000000001,-1.33,4.33,9.639999999999999,0.029999999999999992,15.13,-7.87,3.79,374.54,31.21,7.88,17.74,-19.32,8.34,4.43,3.3199999999999994,3.0900000000000003,3.4000000000000004,8.719999999999999,3.0200000000000005,20.21,15.48,-4.94,4.45
2022-05-05,1.16,1.73,2.17,116.92,9.360000000000001,54.88,-6.93,25.76,-5.74,-1.53,16.299999999999997,14.010000000000002,13.11,7.18,3.99,2.99,1.6600000000000001,7.66,7.2700000000000005,5.75,4.79,15.75,2.77,6.959999999999999,12.52,4.02,12.27,8.120000000000001,-1.33,4.33,9.639999999999999,0.029999999999999992,15.13,-7.87,3.79,374.54,31.21,7.88,17.74,-19.32,8.34,4.43,3.3199999999999994,3.0900000000000003,3.4000000000000004,8.719999999999999,3.0200000000000005,20.21,15.48,-4.94,4.45
2022-05-06,1.16,1.73,2.17,116.92,9.360000000000001,54.88,-6.93,25.76,-5.74,-1.53,16.299999999999997,14.010000000000002,13.11,7.18,3.99,2.99,1.6600000000000001,7.66,7.2700000000000005,5.75,4.79,15.75,2.77,6.959999999999999,12.52,4.02,12.27,8.120000000000001,-1.33,4.33,9.639999999999999,0.029999999999999992,15.13,-7.87,3.79,374.54,31.21,7.88,17.74,-19.32,8.34,4.43,3.3199999999999994,3.0900000000000003,3.4000000000000004,8.719999999999999,3.0200000000000005,20.21,15.48,-4.94,4.45
2022-05-09,1.16,1.73,2.17,116.92,9.360000000000001,54.88,-6.93,25.76,-5.74,-1.53,16.299999999999997,14.010000000000002,13.11,7.18,3.99,2.99,1.6600000000000001,7.66,7.2700000000000005,5.75,4.79,15.75,2.77,6.959999999999999,12.52,4.02,12.27,8.120000000000001,-1.33,4.33,9.639999999999999,0.029999999999999992,15.13,-7.87,3.79,374.54,31.21,7.88,17.74,-19.32,8.34,4.43,3.3199999999999994,3.0900000000000003,3.4000000000000004,8.719999999999999,3.0200000000000005,20.21,15.48,-4.94,4.45
2022-05-10,1.16,1.73,2.17,116.92,9.360000000000001,54.88,-6.93,25.76,-5.74,-1.53,16.299999999999997,14.010000000000002,13.11,7.18,3.99,2.99,1.6600000000000001,7.66,7.2700000000000005,5.75,4.79,15.75,2.77,6.959999999999999,12.52,4.02,12.27,8.120000000000001,-1.33,4.33,9.639999999999999,0.029999999999999992,15.13,-7.87,3.79,374.54,31.21,7.88,17.74,-19.32,8.34,4.43,3.3199999999999994,3.0900000000000003,3.4000000000000004,8.719999999999999,3.0200000000000005,20.21,15.48,-4.94,4.45
2022-05-11,1.16,1.73,2.17,116.92,9.360000000000001,54.88,-6.93,25.76,-5.74,-1.53,16.299999999999997,14.010000000000002,13.11,7.18,3.99,2.99,1.6600000000000001,7.66,7.2700000000000005,5.75,4.79,15.75,2.77,6.959999999999999,12.52,4.02,12.27,8.120000000000001,-1.33,4.33,9.639999999999999,0.029999999999999992,15.13,-7.87,3.79,374.54,31.21,7.88,17.74,-19.32,8.34,4.43,3.3199999999999994,3.0900000000000003,3.4000000000000004,8.719999999999999,3.0200000000000005,20.21,15.48,-4.94,4.45
2022-05-12,1.16,1.73,2.17,116.92,9.360000000000001,54.88,-6.93,25.76,-5.74,-1.53,16.299999999999997,14.010000000000002,13.11,7.18,3.99,2.99,1.6600000000000001,7.66,7.2700000000000005,5.75,4.79,15.75,2.77,6.959999999999999,12.52,4.02,12.27,8.120000000000001,-1.33,4.33,9.639999999999999,0.029999999999999992,15.13,-7.87,3.79,374.54,31.21,7.88,17.74,-19.32,8.34,4.43,3.3199999999999994,3.0900000000000003,3.4000000000000004,8.719999999999999,3.0200000000000005,20.21,15.48,-4.94,4.45
2022-05-13,1.16,1.73,2.17,116.92,9.360000000000001,54.88,-6.93,25.76,-5.74,-1.53,16.299999999999997,14.010000000000002,13.11,7.18,3.99,2.99,1.6600000000000001,7.66,7.2700000000000005,5.75,4.79,15.75,2.77,6.959999999999999,12.52,4.02,12.27,8.120000000000001,-1.33,4.33,9.639999999999999,0.029999999999999992,15.13,-7.87,3.79,374.54,31.21,7.88,17.74,-19.32,8.34,4.43,3.3199999999999994,3.0900000000000003,3.4000000000000004,8.719999999999999,3.0200000000000005,20.21,15.48,-4.94,4.45
2022-05-16,1.16,1.73,2.17,116.92,9.360000000000001,54.88,-6.93,25.76,-5.74,-1.53,16.299999999999997,14.010000000000002,13.11,7.18,3.99,2.99,1.6600000000000001,7.66,7.2700000000000005,5.75,4.79,15.75,2.77,6.959999999999999,12.52,4.02,12.27,8.120000000000001,-1.33,4.33,9.639999999999999,0.029999999999999992,15.13,-7.87,3.79,374.54,31.21,7.88,17.74,-19.32,8.34,4.43,3.3199999999999994,3.0900000000000003,3.4000000000000004,8.719999999999999,3.0200000000000005,20.21,15.48,-4.94,4.45
2022-05-17,1.16,1.73,2.17,116.92,9.360000000000001,54.88,-6.93,25.76,-5.74,-1.53,16.299999999999997,14.010000000000002,13.11,7.18,3.99,2.99,1.6600000000000001,7.66,7.2700000000000005,5.75,4.79,15.75,2.77,6.959999999999999,12.52,4.02,12.27,8.120000000000001,-1.33,4.33,9.639999999999999,0.029999999999999992,15.13,-7.87,3.79,374.54,31.21,7.88,17.74,-19.32,8.34,4.43,3.3199999999999994,3.0900000000000003,3.4000000000000004,8.719999999999999,3.0200000000000005,20.21,15.48,-4.94,4.45
2022-05-18,1.16,1.73,2.17,116.92,9.360000000000001,54.88,-6.93,25.76,-5.74,-1.53,16.299999999999997,14.010000000000002,13.11,7.18,3.99,2.99,1.6600000000000001,7.66,7.2700000000000005,5.75,4.79,15.75,2.77,6.959999999999999,12.52,4.02,12.27,8.120000000000001,-1.33,4.33,9.639999999999999,0.029999999999999992,15.13,-7.87,3.79,374.54,31.21,7.88,17.74,-19.32,8.34,4.43,3.3199999999999994,3.0900000000000003,3.4000000000000004,8.719999999999999,3.0200000000000005,20.21,15.48,-4.94,4.45
2022-05-19,1.16,1.73,2.17,116.92,9.360000000000001,54.88,-6.93,25.76,-5.74,-1.53,16.299999999999997,14.010000000000002,13.11,7.18,3.99,2.99,1.6600000000000001,7.66,7.2700000000000005,5.75,4.79,15.75,2.77,6.959999999999999,12.52,4.02,12.27,8.120000000000001,-1.33,4.33,9.639999999999999,0.029999999999999992,15.13,-7.87,3.79,374.54,31.21,7.88,17.74,-19.32,8.34,4.43,3.3199999999999994,3.0900000000000003,3.4000000000000004,8.719999999999999,3.0200000000000005,20.21,15.48,-4.94,4.45
2022-05-20,1.16,1.73,2.17,116.92,9.360000000000001,54.88,-6.93,25.76,-5.74,-1.53,16.299999999999997,14.010000000000002,13.11,7.18,3.99,2.99,1.6600000000000001,7.66,7.2700000000000005,5.75,4.79,15.75,2.77,6.959999999999999,12.52,4.02,12.27,8.120000000000001,-1.33,4.33,9.639999999999999,0.029999999999999992,15.13,-7.87,3.79,374.54,31.21,7.88,17.74,-19.32,8.34,4.43,3.3199999999999994,3.0900000000000003,3.4000000000000004,8.719999999999999,3.0200000000000005,20.21,15.48,-4.94,4.45
2022-05-23,1.16,1.73,2.17,116.92,9.360000000000001,54.88,-6.93,25.76,-5.74,-1.53,16.299999999999997,14.010000000000002,13.11,7.18,3.99,2.99,1.6600000000000001,7.66,7.2700000000000005,5.75,4.79,15.75,2.77,6.959999999999999,12.52,4.02,12.27,8.120000000000001,-1.33,4.33,9.639999999999999,0.029999999999999992,15.13,-7.87,3.79,374.54,31.21,7.88,17.74,-19.32,8.34,4.43,3.3199999999999994,3.0900000000000003,3.4000000000000004,8.719999999999999,3.0200000000000005,20.21,15.48,-4.94,4.45
2022-05-24,1.16,1.73,2.17,116.92,9.360000000000001,54.88,-6.93,25.76,-5.74,-1.53,16.299999999999997,14.010000000000002,13.11,7.18,3.99,2.99,1.6600000000000001,7.66,7.2700000000000005,5.75,4.79,15.75,2.77,6.959999999999999,12.52,4.02,12.27,8.120000000000001,-1.33,4.33,9.639999999999999,0.029999999999999992,15.13,-7.87,3.79,374.54,31.21,7.88,17.74,-19.32,8.34,4.43,3.3199999999999994,3.0900000000000003,3.4000000000000004,8.719999999999999,3.0200000000000005,20.21,15.48,-4.94,4.45
2022-05-25,1.16,1.73,2.17,116.92,9.360000000000001,54.88,-6.93,25.76,-5.74,-1.53,16.299999999999997,14.010000000000002,13.11,7.18,3.99,2.99,1.6600000000000001,7.66,7.2700000000000005,5.75,4.79,15.75,2.77,6.959999999999999,12.52,4.02,12.27,8.120000000000001,-1.33,4.33,9.639999999999999,0.029999999999999992,15.13,-7.87,3.79,374.54,31.21,7.88,17.74,-19.32,8.34,4.43,3.3199999999999994,3.0900000000000003,3.4000000000000004,8.719999999999999,3.0200000000000005,20.21,15.48,-4.94,4.45
2022-05-26,1.16,1.73,2.17,116.92,9.360000000000001,54.88,-6.93,25.76,-5.74,-1.53,16.299999999999997,14.010000000000002,13.11,7.18,3.99,2.99,1.6600000000000001,7.66,7.2700000000000005,5.75,4.79,15.75,2.77,6.959999999999999,12.52,4.02,12.27,8.120000000000001,-1.33,4.33,9.639999999999999,0.029999999999999992,15.13,-7.87,3.79,374.54,31.21,7.88,17.74,-19.32,8.34,4.43,3.3199999999999994,3.0900000000000003,3.4000000000000004,8.719999999999999,3.0200000000000005,20.21,15.48,-4.94,4.45
2022-05-27,1.16,1.73,2.17,116.92,9.360000000000001,54.88,-6.93,25.76,-5.74,-1.53,16.299999999999997,14.010000000000002,13.11,7.18,3.99,2.99,1.6600000000000001,7.66,7.2700000000000005,5.75,4.79,15.75,2.77,6.959999999999999,12.52,4.02,12.27,8.120000000000001,-1.33,4.33,9.639999999999999,0.029999999999999992,15.13,-7.87,3.79,374.54,31.21,7.88,17.74,-19.32,8.34,4.43,3.3199999999999994,3.0900000000000003,3.4000000000000004,8.719999999999999,3.0200000000000005,20.21,15.48,-4.94,4.45
2022-05-31,1.16,1.73,2.17,116.92,9.360000000000001,54.88,-6.77,25.76,-5.74,-1.53,16.299999999999997,14.010000000000002,13.11,7.42,3.99,2.99,1.6600000000000001,7.66,7.2700000000000005,5.75,4.79,15.75,2.77,5.890000000000001,14.61,4.02,12.27,8.120000000000001,-1.33,4.33,9.639999999999999,0.029999999999999992,15.13,-7.87,3.76,374.54,31.21,7.88,17.74,-19.32,8.34,4.43,3.3199999999999994,3.0900000000000003,3.4000000000000004,8.719999999999999,3.0200000000000005,20.21,15.48,-4.94,4.45
2022-06-01,1.16,1.73,2.17,116.92,9.360000000000001,54.88,-6.77,25.76,-5.74,-1.53,16.299999999999997,14.010000000000002,13.11,7.42,3.99,2.99,1.6600000000000001,7.66,7.2700000000000005,5.75,4.79,15.75,2.77,5.890000000000001,14.61,4.02,12.27,8.120000000000001,-1.33,4.33,9.639999999999999,0.029999999999999992,15.13,-7.87,3.76,374.54,31.21,7.88,17.74,-19.32,8.34,4.43,3.3199999999999994,3.0900000000000003,3.4000000000000004,8.719999999999999,3.0200000000000005,20.21,15.48,-4.94,4.45
2022-06-02,1.16,1.73,2.17,116.92,9.360000000000001,54.88,-6.77,25.76,-5.74,-1.53,16.299999999999997,14.010000000000002,13.11,7.42,3.99,2.99,1.6600000000000001,7.66,7.2700000000000005,5.75,4.79,15.75,2.77,5.890000000000001,14.61,4.02,12.27,8.120000000000001,-1.33,4.33,9.639999999999999,0.029999999999999992,15.13,-7.87,3.76,374.54,31.21,7.88,17.74,-19.32,8.34,4.43,3.3199999999999994,3.0900000000000003,3.4000000000000004,8.719999999999999,3.0200000000000005,20.21,15.48,-4.94,4.45
2022-06-03,1.16,1.73,2.17,116.92,9.360000000000001,54.88,-6.77,25.76,-5.74,-1.53,16.299999999999997,14.010000000000002,13.11,7.42,3.99,2.99,1.6600000000000001,7.66,7.2700000000000005,5.75,4.79,15.75,2.77,5.890000000000001,14.61,4.02,12.27,8.120000000000001,-1.33,4.33,9.639999999999999,0.029999999999999992,15.13,-7.87,3.76,374.54,31.21,7.88,17.74,-19.32,8.34,4.43,3.3199999999999994,3.0900000000000003,3.4000000000000004,8.719999999999999,3.0200000000000005,20.21,15.48,-4.94,4.45
2022-06-06,1.16,1.73,2.17,116.92,9.360000000000001,54.88,-6.77,25.76,-5.74,-1.53,16.299999999999997,14.010000000000002,13.11,7.42,3.99,2.99,1.6600000000000001,7.66,7.2700000000000005,5.75,4.79,15.75,2.77,5.890000000000001,14.61,4.02,12.27,8.120000000000001,-1.33,4.33,9.639999999999999,0.029999999999999992,15.13,-7.87,3.76,374.54,31.21,7.88,17.74,-19.32,8.34,4.43,3.3199999999999994,3.0900000000000003,3.4000000000000004,8.719999999999999,3.0200000000000005,20.21,15.48,-4.94,4.45
2022-06-07,1.16,1.73,2.17,116.92,9.360000000000001,54.88,-6.77,25.76,-5.74,-1.53,16.299999999999997,14.010000000000002,13.11,7.42,3.99,2.99,1.6600000000000001,7.66,7.2700000000000005,5.75,4.79,15.75,2.77,5.890000000000001,14.61,4.02,12.27,8.120000000000001,-1.33,4.33,9.639999999999999,0.029999999999999992,15.13,-7.87,3.76,374.54,31.21,7.88,17.74,-19.32,8.34,4.43,3.3199999999999994,3.0900000000000003,3.4000000000000004,8.719999999999999,3.0200000000000005,20.21,15.48,-4.94,4.45
2022-06-08,1.16,1.73,2.17,116.92,9.360000000000001,54.88,-6.77,25.76,-5.74,-1.53,16.299999999999997,14.010000000000002,13.11,7.42,3.99,2.99,1.6600000000000001,7.66,7.2700000000000005,5.75,4.79,15.75,2.77,5.890000000000001,14.61,4.02,12.27,8.120000000000001,-1.33,4.33,9.639999999999999,0.029999999999999992,15.13,-7.87,3.76,374.54,31.21,7.88,17.74,-19.32,8.34,4.43,3.3199999999999994,3.0900000000000003,3.4000000000000004,8.719999999999999,3.0200000000000005,20.21,15.48,-4.94,4.45
2022-06-09,1.16,1.73,2.17,116.92,9.360000000000001,54.88,-6.77,25.76,-5.74,-1.53,16.299999999999997,14.010000000000002,13.11,7.42,3.99,2.99,1.6600000000000001,7.66,7.2700000000000005,5.75,4.79,15.75,2.77,5.890000000000001,14.61,4.02,12.27,8.120000000000001,-1.33,4.33,9.639999999999999,0.029999999999999992,15.13,-7.87,3.76,374.54,31.21,7.88,17.74,-19.32,8.34,4.43,3.3199999999999994,3.0900000000000003,3.4000000000000004,8.719999999999999,3.0200000000000005,20.21,15.48,-4.94,4.45
2022-06-10,1.16,1.73,2.17,116.92,9.360000000000001,54.88,-6.77,25.76,-5.74,-1.53,16.299999999999997,14.010000000000002,13.11,7.42,3.99,2.99,1.6600000000000001,7.66,7.2700000000000005,5.75,4.79,15.75,2.77,5.890000000000001,14.61,4.02,12.27,8.120000000000001,-1.33,4.33,9.639999999999999,0.029999999999999992,15.13,-7.87,3.76,374.54,31.21,7.88,17.74,-19.32,8.34,4.43,3.3199999999999994,3.0900000000000003,3.4000000000000004,8.719999999999999,3.0200000000000005,20.21,15.48,-4.94,4.45
2022-06-13,1.16,1.73,2.17,116.92,9.360000000000001,54.88,-6.77,25.76,-5.74,-1.53,16.299999999999997,14.010000000000002,13.11,7.42,3.99,2.99,1.6600000000000001,7.66,7.2700000000000005,5.75,4.79,15.75,2.77,5.890000000000001,14.61,4.02,12.27,8.120000000000001,-1.33,4.33,9.639999999999999,0.029999999999999992,15.13,-7.87,3.76,374.54,31.21,7.88,17.74,-19.32,8.34,4.43,3.3199999999999994,3.0900000000000003,3.4000000000000004,8.719999999999999,3.0200000000000005,20.21,15.48,-4.94,4.45
2022-06-14,1.16,1.73,2.17,116.92,9.360000000000001,54.88,-6.77,25.76,-5.74,-1.53,16.299999999999997,14.010000000000002,13.11,7.42,3.99,2.99,1.6600000000000001,7.66,7.2700000000000005,5.75,4.79,15.75,2.77,5.890000000000001,14.61,4.02,12.27,8.120000000000001,-1.33,4.33,9.639999999999999,0.029999999999999992,15.13,-7.87,3.76,374.54,31.21,7.88,17.74,-19.32,8.34,4.43,3.3199999999999994,3.0900000000000003,3.4000000000000004,8.719999999999999,3.0200000000000005,20.21,15.48,-4.94,4.45
2022-06-15,1.16,1.73,2.17,116.92,9.360000000000001,54.88,-6.77,25.76,-5.74,-1.53,16.299999999999997,14.010000000000002,13.11,7.42,3.99,2.99,1.6600000000000001,7.66,7.2700000000000005,5.75,4.79,15.75,2.77,5.890000000000001,14.61,4.02,12.27,8.120000000000001,-1.33,4.33,9.639999999999999,0.029999999999999992,15.13,-7.87,3.76,374.54,31.21,7.88,17.74,-19.32,8.34,4.43,3.3199999999999994,3.0900000000000003,3.4000000000000004,8.719999999999999,3.0200000000000005,20.21,15.48,-4.94,4.45
2022-06-16,1.16,1.73,2.17,116.92,9.360000000000001,54.88,-6.77,25.76,-5.74,-1.53,16.299999999999997,14.010000000000002,13.11,7.42,3.99,2.99,1.6600000000000001,7.66,7.2700000000000005,5.75,4.79,15.75,2.77,5.890000000000001,14.61,4.02,12.27,8.120000000000001,-1.33,4.33,9.639999999999999,0.029999999999999992,15.13,-7.87,3.76,374.54,31.21,7.88,17.74,-19.32,8.34,4.43,3.3199999999999994,3.0900000000000003,3.4000000000000004,8.719999999999999,3.0200000000000005,20.21,15.48,-4.94,4.45
2022-06-17,1.16,1.73,2.17,116.92,9.360000000000001,54.88,-6.77,25.76,-5.74,-1.53,16.299999999999997,14.010000000000002,13.11,7.42,3.99,2.99,1.6600000000000001,7.66,7.2700000000000005,5.75,4.79,15.75,2.77,5.890000000000001,14.61,4.02,12.27,8.120000000000001,-1.33,4.33,9.639999999999999,0.029999999999999992,15.13,-7.87,3.76,374.54,31.21,7.88,17.74,-19.32,8.34,4.43,3.3199999999999994,3.0900000000000003,3.4000000000000004,8.719999999999999,3.0200000000000005,20.21,15.48,-4.94,4.45
2022-06-21,1.16,1.73,2.17,116.92,9.360000000000001,54.88,-6.77,25.76,-5.74,-1.53,16.299999999999997,14.010000000000002,13.11,7.42,3.99,2.99,1.6600000000000001,7.66,7.2700000000000005,5.75,4.79,15.75,2.77,5.890000000000001,14.61,4.02,12.27,8.120000000000001,-1.33,4.33,9.639999999999999,0.029999999999999992,15.13,-7.87,3.76,374.54,31.21,7.88,17.74,-19.32,8.34,4.43,3.3199999999999994,3.0900000000000003,3.4000000000000004,8.719999999999999,3.0200000000000005,20.21,15.48,-4.94,4.45
2022-06-22,1.16,1.73,2.17,116.92,9.360000000000001,54.88,-6.77,25.76,-5.74,-1.53,16.299999999999997,14.010000000000002,13.11,7.42,3.99,2.99,1.6600000000000001,7.66,7.2700000000000005,5.75,4.79,15.75,2.77,5.890000000000001,14.61,4.02,12.27,8.120000000000001,-1.33,4.33,9.639999999999999,0.029999999999999992,15.13,-7.87,3.76,374.54,31.21,7.88,17.74,-19.32,8.34,4.43,3.3199999999999994,3.0900000000000003,3.4000000000000004,8.719999999999999,3.0200000000000005,20.21,15.48,-4.94,4.45
2022-06-23,1.16,1.73,2.17,116.92,9.360000000000001,54.88,-6.77,25.76,-5.74,-1.53,16.299999999999997,14.010000000000002,13.11,7.42,3.99,2.99,1.6600000000000001,7.66,7.2700000000000005,5.75,4.79,15.75,2.77,5.890000000000001,14.61,4.02,12.27,8.120000000000001,-1.33,4.33,9.639999999999999,0.029999999999999992,15.13,-7.87,3.76,374.54,31.21,7.88,17.74,-19.32,8.34,4.43,3.3199999999999994,3.0900000000000003,3.4000000000000004,8.719999999999999,3.0200000000000005,20.21,15.48,-4.94,4.45
2022-06-24,1.16,1.73,2.17,116.92,9.360000000000001,54.88,-6.77,25.76,-5.74,-1.53,16.299999999999997,14.010000000000002,13.11,7.42,3.99,2.99,1.6600000000000001,7.66,7.2700000000000005,5.75,4.79,15.75,2.77,5.890000000000001,14.61,4.02,12.27,8.120000000000001,-1.33,4.33,9.639999999999999,0.029999999999999992,15.13,-7.87,3.76,374.54,31.21,7.88,17.74,-19.32,8.34,4.43,3.3199999999999994,3.0900000000000003,3.4000000000000004,8.719999999999999,3.0200000000000005,20.21,15.48,-4.94,4.45
2022-06-27,1.16,1.73,2.17,116.92,9.360000000000001,54.88,-6.77,25.76,-5.74,-1.53,16.299999999999997,14.010000000000002,13.11,7.42,3.99,2.99,1.6600000000000001,7.66,7.2700000000000005,5.75,4.79,15.75,2.77,5.890000000000001,14.61,4.02,12.27,8.120000000000001,-1.33,4.33,9.639999999999999,0.029999999999999992,15.13,-7.87,3.76,374.54,31.21,7.88,17.74,-19.32,8.34,4.43,3.3199999999999994,3.0900000000000003,3.4000000000000004,8.719999999999999,3.0200000000000005,20.21,15.48,-4.94,4.45
2022-06-28,1.16,1.73,2.17,116.92,9.360000000000001,54.88,-6.77,25.76,-5.74,-1.53,16.299999999999997,14.010000000000002,13.11,7.42,3.99,2.99,1.6600000000000001,7.66,7.2700000000000005,5.75,4.79,15.75,2.77,5.890000000000001,14.61,4.02,12.27,8.120000000000001,-1.33,4.33,9.639999999999999,0.029999999999999992,15.13,-7.87,3.76,374.54,31.21,7.88,17.74,-19.32,8.34,4.43,3.3199999999999994,3.0900000000000003,3.4000000000000004,8.719999999999999,3.0200000000000005,20.21,15.48,-4.94,4.45
2022-06-29,1.16,1.73,2.17,116.92,9.360000000000001,54.88,-6.77,25.76,-5.74,-1.53,16.299999999999997,14.010000000000002,13.11,7.42,3.99,2.99,1.6600000000000001,7.66,7.2700000000000005,5.75,4.79,15.75,2.77,5.890000000000001,14.61,4.02,12.27,8.120000000000001,-1.33,4.33,9.639999999999999,0.029999999999999992,15.13,-7.87,3.76,374.54,31.21,7.88,17.74,-19.32,8.34,4.43,3.3199999999999994,3.0900000000000003,3.4000000000000004,8.719999999999999,3.0200000000000005,20.21,15.48,-4.94,4.45
2022-06-30,1.83,1.15,1.79,116.92,9.360000000000001,76.50999999999999,-6.77,27.6,-6.880000000000001,-1.95,16.25,15.57,12.81,7.42,3.99,6.08,1.4500000000000002,6.55,7.73,5.51,4.89,15.75,3.5,5.890000000000001,14.61,3.9800000000000004,12.27,8.120000000000001,-1.4100000000000001,5.34,9.82,0.19,15.09,-7.08,3.76,415.74,31.660000000000004,8.89,19.0,-16.340000000000003,7.930000000000001,4.43,3.15,3.0900000000000003,3.4400000000000004,9.059999999999999,3.3,20.21,15.48,-4.640000000000001,4.34
2022-07-01,1.83,1.15,1.79,116.92,9.360000000000001,76.50999999999999,-6.77,27.6,-6.880000000000001,-1.95,16.25,15.57,12.81,7.42,3.99,6.08,1.4500000000000002,6.55,7.73,5.51,4.89,15.75,3.5,5.890000000000001,14.61,3.9800000000000004,12.27,8.120000000000001,-1.4100000000000001,5.34,9.82,0.19,15.09,-7.08,3.76,415.74,31.660000000000004,8.89,19.0,-16.340000000000003,7.930000000000001,4.43,3.15,3.0900000000000003,3.4400000000000004,9.059999999999999,3.3,20.21,15.48,-4.640000000000001,4.34
2022-07-05,1.83,1.15,1.79,116.92,9.360000000000001,76.50999999999999,-6.77,27.6,-6.880000000000001,-1.95,16.25,15.57,12.81,7.42,3.99,6.08,1.4500000000000002,6.55,7.73,5.51,4.89,15.75,3.5,5.890000000000001,14.61,3.9800000000000004,12.27,8.120000000000001,-1.4100000000000001,5.34,9.82,0.19,15.09,-7.08,3.76,415.74,31.660000000000004,8.89,19.0,-16.340000000000003,7.930000000000001,4.43,3.15,3.0900000000000003,3.4400000000000004,9.059999999999999,3.3,20.21,15.48,-4.640000000000001,4.34
2022-07-06,1.83,1.15,1.79,116.92,9.360000000000001,76.50999999999999,-6.77,27.6,-6.880000000000001,-1.95,16.25,15.57,12.81,7.42,3.99,6.08,1.4500000000000002,6.55,7.73,5.51,4.89,15.75,3.5,5.890000000000001,14.61,3.9800000000000004,12.27,8.120000000000001,-1.4100000000000001,5.34,9.82,0.19,15.09,-7.08,3.76,415.74,31.660000000000004,8.89,19.0,-16.340000000000003,7.930000000000001,4.43,3.15,3.0900000000000003,3.4400000000000004,9.059999999999999,3.3,20.21,15.48,-4.640000000000001,4.34
2022-07-07,1.83,1.15,1.79,116.92,9.360000000000001,76.50999999999999,-6.77,27.6,-6.880000000000001,-1.95,16.25,15.57,12.81,7.42,3.99,6.08,1.4500000000000002,6.55,7.73,5.51,4.89,15.75,3.5,5.890000000000001,14.61,3.9800000000000004,12.27,8.120000000000001,-1.4100000000000001,5.34,9.82,0.19,15.09,-7.08,3.76,415.74,31.660000000000004,8.89,19.0,-16.340000000000003,7.930000000000001,4.43,3.15,3.0900000000000003,3.4400000000000004,9.059999999999999,3.3,20.21,15.48,-4.640000000000001,4.34
2022-07-08,1.83,1.15,1.79,116.92,9.360000000000001,76.50999999999999,-6.77,27.6,-6.880000000000001,-1.95,16.25,15.57,12.81,7.42,3.99,6.08,1.4500000000000002,6.55,7.73,5.51,4.89,15.75,3.5,5.890000000000001,14.61,3.9800000000000004,12.27,8.120000000000001,-1.4100000000000001,5.34,9.82,0.19,15.09,-7.08,3.76,415.74,31.660000000000004,8.89,19.0,-16.340000000000003,7.930000000000001,4.43,3.15,3.0900000000000003,3.4400000000000004,9.059999999999999,3.3,20.21,15.48,-4.640000000000001,4.34
2022-07-11,1.83,1.15,1.79,116.92,9.360000000000001,76.50999999999999,-6.77,27.6,-6.880000000000001,-1.95,16.25,15.57,12.81,7.42,3.99,6.08,1.4500000000000002,6.55,7.73,5.51,4.89,15.75,3.5,5.890000000000001,14.61,3.9800000000000004,12.27,8.120000000000001,-1.4100000000000001,5.34,9.82,0.19,15.09,-7.08,3.76,415.74,31.660000000000004,8.89,19.0,-16.340000000000003,7.930000000000001,4.43,3.15,3.0900000000000003,3.4400000000000004,9.059999999999999,3.3,20.21,15.48,-4.640000000000001,4.34
2022-07-12,1.83,1.15,1.79,116.92,9.360000000000001,76.50999999999999,-6.77,27.6,-6.880000000000001,-1.95,16.25,15.57,12.81,7.42,3.99,6.08,1.4500000000000002,6.55,7.73,5.51,4.89,15.75,3.5,5.890000000000001,14.61,3.9800000000000004,12.27,8.120000000000001,-1.4100000000000001,5.34,9.82,0.19,15.09,-7.08,3.76,415.74,31.660000000000004,8.89,19.0,-16.340000000000003,7.930000000000001,4.43,3.15,3.0900000000000003,3.4400000000000004,9.059999999999999,3.3,20.21,15.48,-4.640000000000001,4.34
2022-07-13,1.83,1.15,1.79,116.92,9.360000000000001,76.50999999999999,-6.77,27.6,-6.880000000000001,-1.95,16.25,15.57,12.81,7.42,3.99,6.08,1.4500000000000002,6.55,7.73,5.51,4.89,15.75,3.5,5.890000000000001,14.61,3.9800000000000004,12.27,8.120000000000001,-1.4100000000000001,5.34,9.82,0.19,15.09,-7.08,3.76,415.74,31.660000000000004,8.89,19.0,-16.340000000000003,7.930000000000001,4.43,3.15,3.0900000000000003,3.4400000000000004,9.059999999999999,3.3,20.21,15.48,-4.640000000000001,4.34
2022-07-14,1.83,1.15,1.79,116.92,9.360000000000001,76.50999999999999,-6.77,27.6,-6.880000000000001,-1.95,16.25,15.57,12.81,7.42,3.99,6.08,1.4500000000000002,6.55,7.73,5.51,4.89,15.75,3.5,5.890000000000001,14.61,3.9800000000000004,12.27,8.120000000000001,-1.4100000000000001,5.34,9.82,0.19,15.09,-7.08,3.76,415.74,31.660000000000004,8.89,19.0,-16.340000000000003,7.930000000000001,4.43,3.15,3.0900000000000003,3.4400000000000004,9.059999999999999,3.3,20.21,15.48,-4.640000000000001,4.34
2022-07-15,1.83,1.15,1.79,116.92,9.360000000000001,76.50999999999999,-6.77,27.6,-6.880000000000001,-1.95,16.25,15.57,12.81,7.42,3.99,6.08,1.4500000000000002,6.55,7.73,5.51,4.89,15.75,3.5,5.890000000000001,14.61,3.9800000000000004,12.27,8.120000000000001,-1.4100000000000001,5.34,9.82,0.19,15.09,-7.08,3.76,415.74,31.660000000000004,8.89,19.0,-16.340000000000003,7.930000000000001,4.43,3.15,3.0900000000000003,3.4400000000000004,9.059999999999999,3.3,20.21,15.48,-4.640000000000001,4.34
2022-07-18,1.83,1.15,1.79,116.92,9.360000000000001,76.50999999999999,-6.77,27.6,-6.880000000000001,-1.95,16.25,15.57,12.81,7.42,3.99,6.08,1.4500000000000002,6.55,7.73,5.51,4.89,15.75,3.5,5.890000000000001,14.61,3.9800000000000004,12.27,8.120000000000001,-1.4100000000000001,5.34,9.82,0.19,15.09,-7.08,3.76,415.74,31.660000000000004,8.89,19.0,-16.340000000000003,7.930000000000001,4.43,3.15,3.0900000000000003,3.4400000000000004,9.059999999999999,3.3,20.21,15.48,-4.640000000000001,4.34
2022-07-19,1.83,1.15,1.79,116.92,9.360000000000001,76.50999999999999,-6.77,27.6,-6.880000000000001,-1.95,16.25,15.57,12.81,7.42,3.99,6.08,1.4500000000000002,6.55,7.73,5.51,4.89,15.75,3.5,5.890000000000001,14.61,3.9800000000000004,12.27,8.120000000000001,-1.4100000000000001,5.34,9.82,0.19,15.09,-7.08,3.76,415.74,31.660000000000004,8.89,19.0,-16.340000000000003,7.930000000000001,4.43,3.15,3.0900000000000003,3.4400000000000004,9.059999999999999,3.3,20.21,15.48,-4.640000000000001,4.34
2022-07-20,1.83,1.15,1.79,116.92,9.360000000000001,76.50999999999999,-6.77,27.6,-6.880000000000001,-1.95,16.25,15.57,12.81,7.42,3.99,6.08,1.4500000000000002,6.55,7.73,5.51,4.89,15.75,3.5,5.890000000000001,14.61,3.9800000000000004,12.27,8.120000000000001,-1.4100000000000001,5.34,9.82,0.19,15.09,-7.08,3.76,415.74,31.660000000000004,8.89,19.0,-16.340000000000003,7.930000000000001,4.43,3.15,3.0900000000000003,3.4400000000000004,9.059999999999999,3.3,20.21,15.48,-4.640000000000001,4.34
2022-07-21,1.83,1.15,1.79,116.92,9.360000000000001,76.50999999999999,-6.77,27.6,-6.880000000000001,-1.95,16.25,15.57,12.81,7.42,3.99,6.08,1.4500000000000002,6.55,7.73,5.51,4.89,15.75,3.5,5.890000000000001,14.61,3.9800000000000004,12.27,8.120000000000001,-1.4100000000000001,5.34,9.82,0.19,15.09,-7.08,3.76,415.74,31.660000000000004,8.89,19.0,-16.340000000000003,7.930000000000001,4.43,3.15,3.0900000000000003,3.4400000000000004,9.059999999999999,3.3,20.21,15.48,-4.640000000000001,4.34
2022-07-22,1.83,1.15,1.79,116.92,9.360000000000001,76.50999999999999,-6.77,27.6,-6.880000000000001,-1.95,16.25,15.57,12.81,7.42,3.99,6.08,1.4500000000000002,6.55,7.73,5.51,4.89,15.75,3.5,5.890000000000001,14.61,3.9800000000000004,12.27,8.120000000000001,-1.4100000000000001,5.34,9.82,0.19,15.09,-7.08,3.76,415.74,31.660000000000004,8.89,19.0,-16.340000000000003,7.930000000000001,4.43,3.15,3.0900000000000003,3.4400000000000004,9.059999999999999,3.3,20.21,15.48,-4.640000000000001,4.34
2022-07-25,1.83,1.15,1.79,116.92,9.360000000000001,76.50999999999999,-6.77,27.6,-6.880000000000001,-1.95,16.25,15.57,12.81,7.42,3.99,6.08,1.4500000000000002,6.55,7.73,5.51,4.89,15.75,3.5,5.890000000000001,14.61,3.9800000000000004,12.27,8.120000000000001,-1.4100000000000001,5.34,9.82,0.19,15.09,-7.08,3.76,415.74,31.660000000000004,8.89,19.0,-16.340000000000003,7.930000000000001,4.43,3.15,3.0900000000000003,3.4400000000000004,9.059999999999999,3.3,20.21,15.48,-4.640000000000001,4.34
2022-07-26,1.83,1.15,1.79,116.92,9.360000000000001,76.50999999999999,-6.77,27.6,-6.880000000000001,-1.95,16.25,15.57,12.81,7.42,3.99,6.08,1.4500000000000002,6.55,7.73,5.51,4.89,15.75,3.5,5.890000000000001,14.61,3.9800000000000004,12.27,8.120000000000001,-1.4100000000000001,5.34,9.82,0.19,15.09,-7.08,3.76,415.74,31.660000000000004,8.89,19.0,-16.340000000000003,7.930000000000001,4.43,3.15,3.0900000000000003,3.4400000000000004,9.059999999999999,3.3,20.21,15.48,-4.640000000000001,4.34
2022-07-27,1.83,1.15,1.79,116.92,9.360000000000001,76.50999999999999,-6.77,27.6,-6.880000000000001,-1.95,16.25,15.57,12.81,7.42,3.99,6.08,1.4500000000000002,6.55,7.73,5.51,4.89,15.75,3.5,5.890000000000001,14.61,3.9800000000000004,12.27,8.120000000000001,-1.4100000000000001,5.34,9.82,0.19,15.09,-7.08,3.76,415.74,31.660000000000004,8.89,19.0,-16.340000000000003,7.930000000000001,4.43,3.15,3.0900000000000003,3.4400000000000004,9.059999999999999,3.3,20.21,15.48,-4.640000000000001,4.34
2022-07-28,1.83,1.15,1.79,116.92,9.360000000000001,76.50999999999999,-6.77,27.6,-6.880000000000001,-1.95,16.25,15.57,12.81,7.42,3.99,6.08,1.4500000000000002,6.55,7.73,5.51,4.89,15.75,3.5,5.890000000000001,14.61,3.9800000000000004,12.27,8.120000000000001,-1.4100000000000001,5.34,9.82,0.19,15.09,-7.08,3.76,415.74,31.660000000000004,8.89,19.0,-16.340000000000003,7.930000000000001,4.43,3.15,3.0900000000000003,3.4400000000000004,9.059999999999999,3.3,20.21,15.48,-4.640000000000001,4.34
2022-07-29,1.83,1.15,1.79,116.92,9.360000000000001,76.50999999999999,-6.77,27.6,-6.880000000000001,-1.95,16.25,15.57,12.81,7.42,3.99,6.08,1.4500000000000002,6.55,7.73,5.51,4.89,15.75,3.5,5.890000000000001,14.61,3.9800000000000004,12.27,8.120000000000001,-1.4100000000000001,5.34,9.82,0.19,15.09,-7.08,3.76,415.74,31.660000000000004,8.89,19.0,-16.340000000000003,7.930000000000001,4.43,3.15,3.0900000000000003,3.4400000000000004,9.059999999999999,3.3,20.21,15.48,-4.640000000000001,4.34
2022-08-01,1.83,1.15,1.79,116.92,7.920000000000001,76.50999999999999,-6.77,27.6,-6.880000000000001,-1.95,16.25,15.57,12.81,7.42,3.99,6.08,1.4500000000000002,6.55,7.73,5.51,4.89,16.27,3.5,5.890000000000001,14.61,3.9800000000000004,12.69,8.670000000000002,-1.4100000000000001,5.34,9.82,0.19,15.09,-7.08,3.76,415.74,31.660000000000004,8.89,19.0,-16.340000000000003,7.930000000000001,4.15,3.15,2.99,3.4400000000000004,9.059999999999999,3.3,21.349999999999998,16.11,-4.640000000000001,4.34
2022-08-02,1.83,1.15,1.79,116.92,7.920000000000001,76.50999999999999,-6.77,27.6,-6.880000000000001,-1.95,16.25,15.57,12.81,7.42,3.99,6.08,1.4500000000000002,6.55,7.73,5.51,4.89,16.27,3.5,5.890000000000001,14.61,3.9800000000000004,12.69,8.670000000000002,-1.4100000000000001,5.34,9.82,0.19,15.09,-7.08,3.76,415.74,31.660000000000004,8.89,19.0,-16.340000000000003,7.930000000000001,4.15,3.15,2.99,3.4400000000000004,9.059999999999999,3.3,21.349999999999998,16.11,-4.640000000000001,4.34
2022-08-03,1.83,1.15,1.79,116.92,7.920000000000001,76.50999999999999,-6.77,27.6,-6.880000000000001,-1.95,16.25,15.57,12.81,7.42,3.99,6.08,1.4500000000000002,6.55,7.73,5.51,4.89,16.27,3.5,5.890000000000001,14.61,3.9800000000000004,12.69,8.670000000000002,-1.4100000000000001,5.34,9.82,0.19,15.09,-7.08,3.76,415.74,31.660000000000004,8.89,19.0,-16.340000000000003,7.930000000000001,4.15,3.15,2.99,3.4400000000000004,9.059999999999999,3.3,21.349999999999998,16.11,-4.640000000000001,4.34
2022-08-04,1.83,1.15,1.79,116.92,7.920000000000001,76.50999999999999,-6.77,27.6,-6.880000000000001,-1.95,16.25,15.57,12.81,7.42,3.99,6.08,1.4500000000000002,6.55,7.73,5.51,4.89,16.27,3.5,5.890000000000001,14.61,3.9800000000000004,12.69,8.670000000000002,-1.4100000000000001,5.34,9.82,0.19,15.09,-7.08,3.76,415.74,31.660000000000004,8.89,19.0,-16.340000000000003,7.930000000000001,4.15,3.15,2.99,3.4400000000000004,9.059999999999999,3.3,21.349999999999998,16.11,-4.640000000000001,4.34
2022-08-05,1.83,1.15,1.79,116.92,7.920000000000001,76.50999999999999,-6.77,27.6,-6.880000000000001,-1.95,16.25,15.57,12.81,7.42,3.99,6.08,1.4500000000000002,6.55,7.73,5.51,4.89,16.27,3.5,5.890000000000001,14.61,3.9800000000000004,12.69,8.670000000000002,-1.4100000000000001,5.34,9.82,0.19,15.09,-7.08,3.76,415.74,31.660000000000004,8.89,19.0,-16.340000000000003,7.930000000000001,4.15,3.15,2.99,3.4400000000000004,9.059999999999999,3.3,21.349999999999998,16.11,-4.640000000000001,4.34
2022-08-08,1.83,1.15,1.79,116.92,7.920000000000001,76.50999999999999,-6.77,27.6,-6.880000000000001,-1.95,16.25,15.57,12.81,7.42,3.99,6.08,1.4500000000000002,6.55,7.73,5.51,4.89,16.27,3.5,5.890000000000001,14.61,3.9800000000000004,12.69,8.670000000000002,-1.4100000000000001,5.34,9.82,0.19,15.09,-7.08,3.76,415.74,31.660000000000004,8.89,19.0,-16.340000000000003,7.930000000000001,4.15,3.15,2.99,3.4400000000000004,9.059999999999999,3.3,21.349999999999998,16.11,-4.640000000000001,4.34
2022-08-09,1.83,1.15,1.79,116.92,7.920000000000001,76.50999999999999,-6.77,27.6,-6.880000000000001,-1.95,16.25,15.57,12.81,7.42,3.99,6.08,1.4500000000000002,6.55,7.73,5.51,4.89,16.27,3.5,5.890000000000001,14.61,3.9800000000000004,12.69,8.670000000000002,-1.4100000000000001,5.34,9.82,0.19,15.09,-7.08,3.76,415.74,31.660000000000004,8.89,19.0,-16.340000000000003,7.930000000000001,4.15,3.15,2.99,3.4400000000000004,9.059999999999999,3.3,21.349999999999998,16.11,-4.640000000000001,4.34
2022-08-10,1.83,1.15,1.79,116.92,7.920000000000001,76.50999999999999,-6.77,27.6,-6.880000000000001,-1.95,16.25,15.57,12.81,7.42,3.99,6.08,1.4500000000000002,6.55,7.73,5.51,4.89,16.27,3.5,5.890000000000001,14.61,3.9800000000000004,12.69,8.670000000000002,-1.4100000000000001,5.34,9.82,0.19,15.09,-7.08,3.76,415.74,31.660000000000004,8.89,19.0,-16.340000000000003,7.930000000000001,4.15,3.15,2.99,3.4400000000000004,9.059999999999999,3.3,21.349999999999998,16.11,-4.640000000000001,4.34
2022-08-11,1.83,1.15,1.79,116.92,7.920000000000001,76.50999999999999,-6.77,27.6,-6.880000000000001,-1.95,16.25,15.57,12.81,7.42,3.99,6.08,1.4500000000000002,6.55,7.73,5.51,4.89,16.27,3.5,5.890000000000001,14.61,3.9800000000000004,12.69,8.670000000000002,-1.4100000000000001,5.34,9.82,0.19,15.09,-7.08,3.76,415.74,31.660000000000004,8.89,19.0,-16.340000000000003,7.930000000000001,4.15,3.15,2.99,3.4400000000000004,9.059999999999999,3.3,21.349999999999998,16.11,-4.640000000000001,4.34
2022-08-12,1.83,1.15,1.79,116.92,7.920000000000001,76.50999999999999,-6.77,27.6,-6.880000000000001,-1.95,16.25,15.57,12.81,7.42,3.99,6.08,1.4500000000000002,6.55,7.73,5.51,4.89,16.27,3.5,5.890000000000001,14.61,3.9800000000000004,12.69,8.670000000000002,-1.4100000000000001,5.34,9.82,0.19,15.09,-7.08,3.76,415.74,31.660000000000004,8.89,19.0,-16.340000000000003,7.930000000000001,4.15,3.15,2.99,3.4400000000000004,9.059999999999999,3.3,21.349999999999998,16.11,-4.640000000000001,4.34
2022-08-15,1.83,1.15,1.79,116.92,7.920000000000001,76.50999999999999,-6.77,27.6,-6.880000000000001,-1.95,16.25,15.57,12.81,7.42,3.99,6.08,1.4500000000000002,6.55,7.73,5.51,4.89,16.27,3.5,5.890000000000001,14.61,3.9800000000000004,12.69,8.670000000000002,-1.4100000000000001,5.34,9.82,0.19,15.09,-7.08,3.76,415.74,31.660000000000004,8.89,19.0,-16.340000000000003,7.930000000000001,4.15,3.15,2.99,3.4400000000000004,9.059999999999999,3.3,21.349999999999998,16.11,-4.640000000000001,4.34
2022-08-16,1.83,1.15,1.79,116.92,7.920000000000001,76.50999999999999,-6.77,27.6,-6.880000000000001,-1.95,16.25,15.57,12.81,7.42,3.99,6.08,1.4500000000000002,6.55,7.73,5.51,4.89,16.27,3.5,5.890000000000001,14.61,3.9800000000000004,12.69,8.670000000000002,-1.4100000000000001,5.34,9.82,0.19,15.09,-7.08,3.76,415.74,31.660000000000004,8.89,19.0,-16.340000000000003,7.930000000000001,4.15,3.15,2.99,3.4400000000000004,9.059999999999999,3.3,21.349999999999998,16.11,-4.640000000000001,4.34
2022-08-17,1.83,1.15,1.79,116.92,7.920000000000001,76.50999999999999,-6.77,27.6,-6.880000000000001,-1.95,16.25,15.57,12.81,7.42,3.99,6.08,1.4500000000000002,6.55,7.73,5.51,4.89,16.27,3.5,5.890000000000001,14.61,3.9800000000000004,12.69,8.670000000000002,-1.4100000000000001,5.34,9.82,0.19,15.09,-7.08,3.76,415.74,31.660000000000004,8.89,19.0,-16.340000000000003,7.930000000000001,4.15,3.15,2.99,3.4400000000000004,9.059999999999999,3.3,21.349999999999998,16.11,-4.640000000000001,4.34
2022-08-18,1.83,1.15,1.79,116.92,7.920000000000001,76.50999999999999,-6.77,27.6,-6.880000000000001,-1.95,16.25,15.57,12.81,7.42,3.99,6.08,1.4500000000000002,6.55,7.73,5.51,4.89,16.27,3.5,5.890000000000001,14.61,3.9800000000000004,12.69,8.670000000000002,-1.4100000000000001,5.34,9.82,0.19,15.09,-7.08,3.76,415.74,31.660000000000004,8.89,19.0,-16.340000000000003,7.930000000000001,4.15,3.15,2.99,3.4400000000000004,9.059999999999999,3.3,21.349999999999998,16.11,-4.640000000000001,4.34
2022-08-19,1.83,1.15,1.79,116.92,7.920000000000001,76.50999999999999,-6.77,27.6,-6.880000000000001,-1.95,16.25,15.57,12.81,7.42,3.99,6.08,1.4500000000000002,6.55,7.73,5.51,4.89,16.27,3.5,5.890000000000001,14.61,3.9800000000000004,12.69,8.670000000000002,-1.4100000000000001,5.34,9.82,0.19,15.09,-7.08,3.76,415.74,31.660000000000004,8.89,19.0,-16.340000000000003,7.930000000000001,4.15,3.15,2.99,3.4400000000000004,9.059999999999999,3.3,21.349999999999998,16.11,-4.640000000000001,4.34
2022-08-22,1.83,1.15,1.79,116.92,7.920000000000001,76.50999999999999,-6.77,27.6,-6.880000000000001,-1.95,16.25,15.57,12.81,7.42,3.99,6.08,1.4500000000000002,6.55,7.73,5.51,4.89,16.27,3.5,5.890000000000001,14.61,3.9800000000000004,12.69,8.670000000000002,-1.4100000000000001,5.34,9.82,0.19,15.09,-7.08,3.76,415.74,31.660000000000004,8.89,19.0,-16.340000000000003,7.930000000000001,4.15,3.15,2.99,3.4400000000000004,9.059999999999999,3.3,21.349999999999998,16.11,-4.640000000000001,4.34
2022-08-23,1.83,1.15,1.79,116.92,7.920000000000001,76.50999999999999,-6.77,27.6,-6.880000000000001,-1.95,16.25,15.57,12.81,7.42,3.99,6.08,1.4500000000000002,6.55,7.73,5.51,4.89,16.27,3.5,5.890000000000001,14.61,3.9800000000000004,12.69,8.670000000000002,-1.4100000000000001,5.34,9.82,0.19,15.09,-7.08,3.76,415.74,31.660000000000004,8.89,19.0,-16.340000000000003,7.930000000000001,4.15,3.15,2.99,3.4400000000000004,9.059999999999999,3.3,21.349999999999998,16.11,-4.640000000000001,4.34
2022-08-24,1.83,1.15,1.79,116.92,7.920000000000001,76.50999999999999,-6.77,27.6,-6.880000000000001,-1.95,16.25,15.57,12.81,7.42,3.99,6.08,1.4500000000000002,6.55,7.73,5.51,4.89,16.27,3.5,5.890000000000001,14.61,3.9800000000000004,12.69,8.670000000000002,-1.4100000000000001,5.34,9.82,0.19,15.09,-7.08,3.76,415.74,31.660000000000004,8.89,19.0,-16.340000000000003,7.930000000000001,4.15,3.15,2.99,3.4400000000000004,9.059999999999999,3.3,21.349999999999998,16.11,-4.640000000000001,4.34
2022-08-25,1.83,1.15,1.79,116.92,7.920000000000001,76.50999999999999,-6.77,27.6,-6.880000000000001,-1.95,16.25,15.57,12.81,7.42,3.99,6.08,1.4500000000000002,6.55,7.73,5.51,4.89,16.27,3.5,5.890000000000001,14.61,3.9800000000000004,12.69,8.670000000000002,-1.4100000000000001,5.34,9.82,0.19,15.09,-7.08,3.76,415.74,31.660000000000004,8.89,19.0,-16.340000000000003,7.930000000000001,4.15,3.15,2.99,3.4400000000000004,9.059999999999999,3.3,21.349999999999998,16.11,-4.640000000000001,4.34
2022-08-26,1.83,1.15,1.79,116.92,7.920000000000001,76.50999999999999,-6.77,27.6,-6.880000000000001,-1.95,16.25,15.57,12.81,7.42,3.99,6.08,1.4500000000000002,6.55,7.73,5.51,4.89,16.27,3.5,5.890000000000001,14.61,3.9800000000000004,12.69,8.670000000000002,-1.4100000000000001,5.34,9.82,0.19,15.09,-7.08,3.76,415.74,31.660000000000004,8.89,19.0,-16.340000000000003,7.930000000000001,4.15,3.15,2.99,3.4400000000000004,9.059999999999999,3.3,21.349999999999998,16.11,-4.640000000000001,4.34
2022-08-29,1.83,1.15,1.79,116.92,7.920000000000001,76.50999999999999,-6.77,27.6,-6.880000000000001,-1.95,16.25,15.57,12.81,7.42,3.99,6.08,1.4500000000000002,6.55,7.73,5.51,4.89,16.27,3.5,5.890000000000001,14.61,3.9800000000000004,12.69,8.670000000000002,-1.4100000000000001,5.34,9.82,0.19,15.09,-7.08,3.76,415.74,31.660000000000004,8.89,19.0,-16.340000000000003,7.930000000000001,4.15,3.15,2.99,3.4400000000000004,9.059999999999999,3.3,21.349999999999998,16.11,-4.640000000000001,4.34
2022-08-30,1.83,1.15,1.79,116.92,7.920000000000001,76.50999999999999,-6.77,27.6,-6.880000000000001,-1.95,16.25,15.57,12.81,7.42,3.99,6.08,1.4500000000000002,6.55,7.73,5.51,4.89,16.27,3.5,5.890000000000001,14.61,3.9800000000000004,12.69,8.670000000000002,-1.4100000000000001,5.34,9.82,0.19,15.09,-7.08,3.76,415.74,31.660000000000004,8.89,19.0,-16.340000000000003,7.930000000000001,4.15,3.15,2.99,3.4400000000000004,9.059999999999999,3.3,21.349999999999998,16.11,-4.640000000000001,4.34
2022-08-31,1.83,1.15,1.79,130.95,7.920000000000001,76.50999999999999,-5.6,27.6,-6.880000000000001,-1.95,16.25,15.57,12.81,7.19,3.99,6.08,1.4500000000000002,6.55,7.73,5.51,4.89,16.27,3.5,4.96,15.280000000000001,3.9800000000000004,12.69,8.670000000000002,-1.4100000000000001,5.34,9.82,0.19,15.09,-7.08,3.5300000000000002,415.74,31.660000000000004,8.89,19.0,-16.340000000000003,7.930000000000001,4.15,3.15,2.99,3.4400000000000004,9.059999999999999,3.3,21.349999999999998,16.11,-4.640000000000001,4.34
2022-09-01,1.83,1.15,1.79,130.95,7.920000000000001,76.50999999999999,-5.6,27.6,-6.880000000000001,-1.95,16.25,15.57,12.81,7.19,3.99,6.08,1.4500000000000002,6.55,7.73,5.51,4.89,16.27,3.5,4.96,15.280000000000001,3.9800000000000004,12.69,8.670000000000002,-1.4100000000000001,5.34,9.82,0.19,15.09,-7.08,3.5300000000000002,415.74,31.660000000000004,8.89,19.0,-16.340000000000003,7.930000000000001,4.15,3.15,2.99,3.4400000000000004,9.059999999999999,3.3,21.349999999999998,16.11,-4.640000000000001,4.34
2022-09-02,1.83,1.15,1.79,130.95,7.920000000000001,76.50999999999999,-5.6,27.6,-6.880000000000001,-1.95,16.25,15.57,12.81,7.19,3.99,6.08,1.4500000000000002,6.55,7.73,5.51,4.89,16.27,3.5,4.96,15.280000000000001,3.9800000000000004,12.69,8.670000000000002,-1.4100000000000001,5.34,9.82,0.19,15.09,-7.08,3.5300000000000002,415.74,31.660000000000004,8.89,19.0,-16.340000000000003,7.930000000000001,4.15,3.15,2.99,3.4400000000000004,9.059999999999999,3.3,21.349999999999998,16.11,-4.640000000000001,4.34
2022-09-06,1.83,1.15,1.79,130.95,7.920000000000001,76.50999999999999,-5.6,27.6,-6.880000000000001,-1.95,16.25,15.57,12.81,7.19,3.99,6.08,1.4500000000000002,6.55,7.73,5.51,4.89,16.27,3.5,4.96,15.280000000000001,3.9800000000000004,12.69,8.670000000000002,-1.4100000000000001,5.34,9.82,0.19,15.09,-7.08,3.5300000000000002,415.74,31.660000000000004,8.89,19.0,-16.340000000000003,7.930000000000001,4.15,3.15,2.99,3.4400000000000004,9.059999999999999,3.3,21.349999999999998,16.11,-4.640000000000001,4.34
2022-09-07,1.83,1.15,1.79,130.95,7.920000000000001,76.50999999999999,-5.6,27.6,-6.880000000000001,-1.95,16.25,15.57,12.81,7.19,3.99,6.08,1.4500000000000002,6.55,7.73,5.51,4.89,16.27,3.5,4.96,15.280000000000001,3.9800000000000004,12.69,8.670000000000002,-1.4100000000000001,5.34,9.82,0.19,15.09,-7.08,3.5300000000000002,415.74,31.660000000000004,8.89,19.0,-16.340000000000003,7.930000000000001,4.15,3.15,2.99,3.4400000000000004,9.059999999999999,3.3,21.349999999999998,16.11,-4.640000000000001,4.34
2022-09-08,1.83,1.15,1.79,130.95,7.920000000000001,76.50999999999999,-5.6,27.6,-6.880000000000001,-1.95,16.25,15.57,12.81,7.19,3.99,6.08,1.4500000000000002,6.55,7.73,5.51,4.89,16.27,3.5,4.96,15.280000000000001,3.9800000000000004,12.69,8.670000000000002,-1.4100000000000001,5.34,9.82,0.19,15.09,-7.08,3.5300000000000002,415.74,31.660000000000004,8.89,19.0,-16.340000000000003,7.930000000000001,4.15,3.15,2.99,3.4400000000000004,9.059999999999999,3.3,21.349999999999998,16.11,-4.640000000000001,4.34
2022-09-09,1.83,1.15,1.79,130.95,7.920000000000001,76.50999999999999,-5.6,27.6,-6.880000000000001,-1.95,16.25,15.57,12.81,7.19,3.99,6.08,1.4500000000000002,6.55,7.73,5.51,4.89,16.27,3.5,4.96,15.280000000000001,3.9800000000000004,12.69,8.670000000000002,-1.4100000000000001,5.34,9.82,0.19,15.09,-7.08,3.5300000000000002,415.74,31.660000000000004,8.89,19.0,-16.340000000000003,7.930000000000001,4.15,3.15,2.99,3.4400000000000004,9.059999999999999,3.3,21.349999999999998,16.11,-4.640000000000001,4.34
2022-09-12,1.83,1.15,1.79,130.95,7.920000000000001,76.50999999999999,-5.6,27.6,-6.880000000000001,-1.95,16.25,15.57,12.81,7.19,3.99,6.08,1.4500000000000002,6.55,7.73,5.51,4.89,16.27,3.5,4.96,15.280000000000001,3.9800000000000004,12.69,8.670000000000002,-1.4100000000000001,5.34,9.82,0.19,15.09,-7.08,3.5300000000000002,415.74,31.660000000000004,8.89,19.0,-16.340000000000003,7.930000000000001,4.15,3.15,2.99,3.4400000000000004,9.059999999999999,3.3,21.349999999999998,16.11,-4.640000000000001,4.34
2022-09-13,1.83,1.15,1.79,130.95,7.920000000000001,76.50999999999999,-5.6,27.6,-6.880000000000001,-1.95,16.25,15.57,12.81,7.19,3.99,6.08,1.4500000000000002,6.55,7.73,5.51,4.89,16.27,3.5,4.96,15.280000000000001,3.9800000000000004,12.69,8.670000000000002,-1.4100000000000001,5.34,9.82,0.19,15.09,-7.08,3.5300000000000002,415.74,31.660000000000004,8.89,19.0,-16.340000000000003,7.930000000000001,4.15,3.15,2.99,3.4400000000000004,9.059999999999999,3.3,21.349999999999998,16.11,-4.640000000000001,4.34
2022-09-14,1.83,1.15,1.79,130.95,7.920000000000001,76.50999999999999,-5.6,27.6,-6.880000000000001,-1.95,16.25,15.57,12.81,7.19,3.99,6.08,1.4500000000000002,6.55,7.73,5.51,4.89,16.27,3.5,4.96,15.280000000000001,3.9800000000000004,12.69,8.670000000000002,-1.4100000000000001,5.34,9.82,0.19,15.09,-7.08,3.5300000000000002,415.74,31.660000000000004,8.89,19.0,-16.340000000000003,7.930000000000001,4.15,3.15,2.99,3.4400000000000004,9.059999999999999,3.3,21.349999999999998,16.11,-4.640000000000001,4.34
2022-09-15,1.83,1.15,1.79,130.95,7.920000000000001,76.50999999999999,-5.6,27.6,-6.880000000000001,-1.95,16.25,15.57,12.81,7.19,3.99,6.08,1.4500000000000002,6.55,7.73,5.51,4.89,16.27,3.5,4.96,15.280000000000001,3.9800000000000004,12.69,8.670000000000002,-1.4100000000000001,5.34,9.82,0.19,15.09,-7.08,3.5300000000000002,415.74,31.660000000000004,8.89,19.0,-16.340000000000003,7.930000000000001,4.15,3.15,2.99,3.4400000000000004,9.059999999999999,3.3,21.349999999999998,16.11,-4.640000000000001,4.34
2022-09-16,1.83,1.15,1.79,130.95,7.920000000000001,76.50999999999999,-5.6,27.6,-6.880000000000001,-1.95,16.25,15.57,12.81,7.19,3.99,6.08,1.4500000000000002,6.55,7.73,5.51,4.89,16.27,3.5,4.96,15.280000000000001,3.9800000000000004,12.69,8.670000000000002,-1.4100000000000001,5.34,9.82,0.19,15.09,-7.08,3.5300000000000002,415.74,31.660000000000004,8.89,19.0,-16.340000000000003,7.930000000000001,4.15,3.15,2.99,3.4400000000000004,9.059999999999999,3.3,21.349999999999998,16.11,-4.640000000000001,4.34
2022-09-19,1.83,1.15,1.79,130.95,7.920000000000001,76.50999999999999,-5.6,27.6,-6.880000000000001,-1.95,16.25,15.57,12.81,7.19,3.99,6.08,1.4500000000000002,6.55,7.73,5.51,4.89,16.27,3.5,4.96,15.280000000000001,3.9800000000000004,12.69,8.670000000000002,-1.4100000000000001,5.34,9.82,0.19,15.09,-7.08,3.5300000000000002,415.74,31.660000000000004,8.89,19.0,-16.340000000000003,7.930000000000001,4.15,3.15,2.99,3.4400000000000004,9.059999999999999,3.3,21.349999999999998,16.11,-4.640000000000001,4.34
2022-09-20,1.83,1.15,1.79,130.95,7.920000000000001,76.50999999999999,-5.6,27.6,-6.880000000000001,-1.95,16.25,15.57,12.81,7.19,3.99,6.08,1.4500000000000002,6.55,7.73,5.51,4.89,16.27,3.5,4.96,15.280000000000001,3.9800000000000004,12.69,8.670000000000002,-1.4100000000000001,5.34,9.82,0.19,15.09,-7.08,3.5300000000000002,415.74,31.660000000000004,8.89,19.0,-16.340000000000003,7.930000000000001,4.15,3.15,2.99,3.4400000000000004,9.059999999999999,3.3,21.349999999999998,16.11,-4.640000000000001,4.34
2022-09-21,1.83,1.15,1.79,130.95,7.920000000000001,76.50999999999999,-5.6,27.6,-6.880000000000001,-1.95,16.25,15.57,12.81,7.19,3.99,6.08,1.4500000000000002,6.55,7.73,5.51,4.89,16.27,3.5,4.96,15.280000000000001,3.9800000000000004,12.69,8.670000000000002,-1.4100000000000001,5.34,9.82,0.19,15.09,-7.08,3.5300000000000002,415.74,31.660000000000004,8.89,19.0,-16.340000000000003,7.930000000000001,4.15,3.15,2.99,3.4400000000000004,9.059999999999999,3.3,21.349999999999998,16.11,-4.640000000000001,4.34
2022-09-22,1.83,1.15,1.79,130.95,7.920000000000001,76.50999999999999,-5.6,27.6,-6.880000000000001,-1.95,16.25,15.57,12.81,7.19,3.99,6.08,1.4500000000000002,6.55,7.73,5.51,4.89,16.27,3.5,4.96,15.280000000000001,3.9800000000000004,12.69,8.670000000000002,-1.4100000000000001,5.34,9.82,0.19,15.09,-7.08,3.5300000000000002,415.74,31.660000000000004,8.89,19.0,-16.340000000000003,7.930000000000001,4.15,3.15,2.99,3.4400000000000004,9.059999999999999,3.3,21.349999999999998,16.11,-4.640000000000001,4.34
2022-09-23,1.83,1.15,1.79,130.95,7.920000000000001,76.50999999999999,-5.6,27.6,-6.880000000000001,-1.95,16.25,15.57,12.81,7.19,3.99,6.08,1.4500000000000002,6.55,7.73,5.51,4.89,16.27,3.5,4.96,15.280000000000001,3.9800000000000004,12.69,8.670000000000002,-1.4100000000000001,5.34,9.82,0.19,15.09,-7.08,3.5300000000000002,415.74,31.660000000000004,8.89,19.0,-16.340000000000003,7.930000000000001,4.15,3.15,2.99,3.4400000000000004,9.059999999999999,3.3,21.349999999999998,16.11,-4.640000000000001,4.34
2022-09-26,1.83,1.15,1.79,130.95,7.920000000000001,76.50999999999999,-5.6,27.6,-6.880000000000001,-1.95,16.25,15.57,12.81,7.19,3.99,6.08,1.4500000000000002,6.55,7.73,5.51,4.89,16.27,3.5,4.96,15.280000000000001,3.9800000000000004,12.69,8.670000000000002,-1.4100000000000001,5.34,9.82,0.19,15.09,-7.08,3.5300000000000002,415.74,31.660000000000004,8.89,19.0,-16.340000000000003,7.930000000000001,4.15,3.15,2.99,3.4400000000000004,9.059999999999999,3.3,21.349999999999998,16.11,-4.640000000000001,4.34
2022-09-27,1.83,1.15,1.79,130.95,7.920000000000001,76.50999999999999,-5.6,27.6,-6.880000000000001,-1.95,16.25,15.57,12.81,7.19,3.99,6.08,1.4500000000000002,6.55,7.73,5.51,4.89,16.27,3.5,4.96,15.280000000000001,3.9800000000000004,12.69,8.670000000000002,-1.4100000000000001,5.34,9.82,0.19,15.09,-7.08,3.5300000000000002,415.74,31.660000000000004,8.89,19.0,-16.340000000000003,7.930000000000001,4.15,3.15,2.99,3.4400000000000004,9.059999999999999,3.3,21.349999999999998,16.11,-4.640000000000001,4.34
2022-09-28,1.83,1.15,1.79,130.95,7.920000000000001,76.50999999999999,-5.6,27.6,-6.880000000000001,-1.95,16.25,15.57,12.81,7.19,3.99,6.08,1.4500000000000002,6.55,7.73,5.51,4.89,16.27,3.5,4.96,15.280000000000001,3.9800000000000004,12.69,8.670000000000002,-1.4100000000000001,5.34,9.82,0.19,15.09,-7.08,3.5300000000000002,415.74,31.660000000000004,8.89,19.0,-16.340000000000003,7.930000000000001,4.15,3.15,2.99,3.4400000000000004,9.059999999999999,3.3,21.349999999999998,16.11,-4.640000000000001,4.34
2022-09-29,1.83,1.15,1.79,130.95,7.920000000000001,76.50999999999999,-5.6,27.6,-6.880000000000001,-1.95,16.25,15.57,12.81,7.19,3.99,6.08,1.4500000000000002,6.55,7.73,5.51,4.89,16.27,3.5,4.96,15.280000000000001,3.9800000000000004,12.69,8.670000000000002,-1.4100000000000001,5.34,9.82,0.19,15.09,-7.08,3.5300000000000002,415.74,31.660000000000004,8.89,19.0,-16.340000000000003,7.930000000000001,4.15,3.15,2.99,3.4400000000000004,9.059999999999999,3.3,21.349999999999998,16.11,-4.640000000000001,4.34
2022-09-30,2.4000000000000004,1.0099999999999998,2.69,130.95,7.920000000000001,91.84,-5.6,30.090000000000003,-5.54,-2.42,16.39,16.54,12.36,7.19,4.09,6.6,1.83,6.7,8.08,5.34,4.35,16.27,4.029999999999999,4.96,15.280000000000001,3.9299999999999997,12.69,8.670000000000002,-1.23,6.039999999999999,9.74,-1.23,14.48,-5.55,3.5300000000000002,447.81,32.76,9.76,19.27,-11.170000000000002,7.539999999999999,4.15,2.96,2.99,3.41,9.209999999999999,3.7299999999999995,21.349999999999998,16.11,-4.6,4.21
2022-10-03,2.4000000000000004,1.0099999999999998,2.69,130.95,7.920000000000001,91.84,-5.6,30.090000000000003,-5.54,-2.42,16.39,16.54,12.36,7.19,4.09,6.6,1.83,6.7,8.08,5.34,4.35,16.27,4.029999999999999,4.96,15.280000000000001,3.9299999999999997,12.69,8.670000000000002,-1.23,6.039999999999999,9.74,-1.23,14.48,-5.55,3.5300000000000002,447.81,32.76,9.76,19.27,-11.170000000000002,7.539999999999999,4.15,2.96,2.99,3.41,9.209999999999999,3.7299999999999995,21.349999999999998,16.11,-4.6,4.21
2022-10-04,2.4000000000000004,1.0099999999999998,2.69,130.95,7.920000000000001,91.84,-5.6,30.090000000000003,-5.54,-2.42,16.39,16.54,12.36,7.19,4.09,6.6,1.83,6.7,8.08,5.34,4.35,16.27,4.029999999999999,4.96,15.280000000000001,3.9299999999999997,12.69,8.670000000000002,-1.23,6.039999999999999,9.74,-1.23,14.48,-5.55,3.5300000000000002,447.81,32.76,9.76,19.27,-11.170000000000002,7.539999999999999,4.15,2.96,2.99,3.41,9.209999999999999,3.7299999999999995,21.349999999999998,16.11,-4.6,4.21
2022-10-05,2.4000000000000004,1.0099999999999998,2.69,130.95,7.920000000000001,91.84,-5.6,30.090000000000003,-5.54,-2.42,16.39,16.54,12.36,7.19,4.09,6.6,1.83,6.7,8.08,5.34,4.35,16.27,4.029999999999999,4.96,15.280000000000001,3.9299999999999997,12.69,8.670000000000002,-1.23,6.039999999999999,9.74,-1.23,14.48,-5.55,3.5300000000000002,447.81,32.76,9.76,19.27,-11.170000000000002,7.539999999999999,4.15,2.96,2.99,3.41,9.209999999999999,3.7299999999999995,21.349999999999998,16.11,-4.6,4.21
2022-10-06,2.4000000000000004,1.0099999999999998,2.69,130.95,7.920000000000001,91.84,-5.6,30.090000000000003,-5.54,-2.42,16.39,16.54,12.36,7.19,4.09,6.6,1.83,6.7,8.08,5.34,4.35,16.27,4.029999999999999,4.96,15.280000000000001,3.9299999999999997,12.69,8.670000000000002,-1.23,6.039999999999999,9.74,-1.23,14.48,-5.55,3.5300000000000002,447.81,32.76,9.76,19.27,-11.170000000000002,7.539999999999999,4.15,2.96,2.99,3.41,9.209999999999999,3.7299999999999995,21.349999999999998,16.11,-4.6,4.21
2022-10-07,2.4000000000000004,1.0099999999999998,2.69,130.95,7.920000000000001,91.84,-5.6,30.090000000000003,-5.54,-2.42,16.39,16.54,12.36,7.19,4.09,6.6,1.83,6.7,8.08,5.34,4.35,16.27,4.029999999999999,4.96,15.280000000000001,3.9299999999999997,12.69,8.670000000000002,-1.23,6.039999999999999,9.74,-1.23,14.48,-5.55,3.5300000000000002,447.81,32.76,9.76,19.27,-11.170000000000002,7.539999999999999,4.15,2.96,2.99,3.41,9.209999999999999,3.7299999999999995,21.349999999999998,16.11,-4.6,4.21
2022-10-10,2.4000000000000004,1.0099999999999998,2.69,130.95,7.920000000000001,91.84,-5.6,30.090000000000003,-5.54,-2.42,16.39,16.54,12.36,7.19,4.09,6.6,1.83,6.7,8.08,5.34,4.35,16.27,4.029999999999999,4.96,15.280000000000001,3.9299999999999997,12.69,8.670000000000002,-1.23,6.039999999999999,9.74,-1.23,14.48,-5.55,3.5300000000000002,447.81,32.76,9.76,19.27,-11.170000000000002,7.539999999999999,4.15,2.96,2.99,3.41,9.209999999999999,3.7299999999999995,21.349999999999998,16.11,-4.6,4.21
2022-10-11,2.4000000000000004,1.0099999999999998,2.69,130.95,7.920000000000001,91.84,-5.6,30.090000000000003,-5.54,-2.42,16.39,16.54,12.36,7.19,4.09,6.6,1.83,6.7,8.08,5.34,4.35,16.27,4.029999999999999,4.96,15.280000000000001,3.9299999999999997,12.69,8.670000000000002,-1.23,6.039999999999999,9.74,-1.23,14.48,-5.55,3.5300000000000002,447.81,32.76,9.76,19.27,-11.170000000000002,7.539999999999999,4.15,2.96,2.99,3.41,9.209999999999999,3.7299999999999995,21.349999999999998,16.11,-4.6,4.21
2022-10-12,2.4000000000000004,1.0099999999999998,2.69,130.95,7.920000000000001,91.84,-5.6,30.090000000000003,-5.54,-2.42,16.39,16.54,12.36,7.19,4.09,6.6,1.83,6.7,8.08,5.34,4.35,16.27,4.029999999999999,4.96,15.280000000000001,3.9299999999999997,12.69,8.670000000000002,-1.23,6.039999999999999,9.74,-1.23,14.48,-5.55,3.5300000000000002,447.81,32.76,9.76,19.27,-11.170000000000002,7.539999999999999,4.15,2.96,2.99,3.41,9.209999999999999,3.7299999999999995,21.349999999999998,16.11,-4.6,4.21
2022-10-13,2.4000000000000004,1.0099999999999998,2.69,130.95,7.920000000000001,91.84,-5.6,30.090000000000003,-5.54,-2.42,16.39,16.54,12.36,7.19,4.09,6.6,1.83,6.7,8.08,5.34,4.35,16.27,4.029999999999999,4.96,15.280000000000001,3.9299999999999997,12.69,8.670000000000002,-1.23,6.039999999999999,9.74,-1.23,14.48,-5.55,3.5300000000000002,447.81,32.76,9.76,19.27,-11.170000000000002,7.539999999999999,4.15,2.96,2.99,3.41,9.209999999999999,3.7299999999999995,21.349999999999998,16.11,-4.6,4.21
2022-10-14,2.4000000000000004,1.0099999999999998,2.69,130.95,7.920000000000001,91.84,-5.6,30.090000000000003,-5.54,-2.42,16.39,16.54,12.36,7.19,4.09,6.6,1.83,6.7,8.08,5.34,4.35,16.27,4.029999999999999,4.96,15.280000000000001,3.9299999999999997,12.69,8.670000000000002,-1.23,6.039999999999999,9.74,-1.23,14.48,-5.55,3.5300000000000002,447.81,32.76,9.76,19.27,-11.170000000000002,7.539999999999999,4.15,2.96,2.99,3.41,9.209999999999999,3.7299999999999995,21.349999999999998,16.11,-4.6,4.21
2022-10-17,2.4000000000000004,1.0099999999999998,2.69,130.95,7.920000000000001,91.84,-5.6,30.090000000000003,-5.54,-2.42,16.39,16.54,12.36,7.19,4.09,6.6,1.83,6.7,8.08,5.34,4.35,16.27,4.029999999999999,4.96,15.280000000000001,3.9299999999999997,12.69,8.670000000000002,-1.23,6.039999999999999,9.74,-1.23,14.48,-5.55,3.5300000000000002,447.81,32.76,9.76,19.27,-11.170000000000002,7.539999999999999,4.15,2.96,2.99,3.41,9.209999999999999,3.7299999999999995,21.349999999999998,16.11,-4.6,4.21
2022-10-18,2.4000000000000004,1.0099999999999998,2.69,130.95,7.920000000000001,91.84,-5.6,30.090000000000003,-5.54,-2.42,16.39,16.54,12.36,7.19,4.09,6.6,1.83,6.7,8.08,5.34,4.35,16.27,4.029999999999999,4.96,15.280000000000001,3.9299999999999997,12.69,8.670000000000002,-1.23,6.039999999999999,9.74,-1.23,14.48,-5.55,3.5300000000000002,447.81,32.76,9.76,19.27,-11.170000000000002,7.539999999999999,4.15,2.96,2.99,3.41,9.209999999999999,3.7299999999999995,21.349999999999998,16.11,-4.6,4.21
2022-10-19,2.4000000000000004,1.0099999999999998,2.69,130.95,7.920000000000001,91.84,-5.6,30.090000000000003,-5.54,-2.42,16.39,16.54,12.36,7.19,4.09,6.6,1.83,6.7,8.08,5.34,4.35,16.27,4.029999999999999,4.96,15.280000000000001,3.9299999999999997,12.69,8.670000000000002,-1.23,6.039999999999999,9.74,-1.23,14.48,-5.55,3.5300000000000002,447.81,32.76,9.76,19.27,-11.170000000000002,7.539999999999999,4.15,2.96,2.99,3.41,9.209999999999999,3.7299999999999995,21.349999999999998,16.11,-4.6,4.21
2022-10-20,2.4000000000000004,1.0099999999999998,2.69,130.95,7.920000000000001,91.84,-5.6,30.090000000000003,-5.54,-2.42,16.39,16.54,12.36,7.19,4.09,6.6,1.83,6.7,8.08,5.34,4.35,16.27,4.029999999999999,4.96,15.280000000000001,3.9299999999999997,12.69,8.670000000000002,-1.23,6.039999999999999,9.74,-1.23,14.48,-5.55,3.5300000000000002,447.81,32.76,9.76,19.27,-11.170000000000002,7.539999999999999,4.15,2.96,2.99,3.41,9.209999999999999,3.7299999999999995,21.349999999999998,16.11,-4.6,4.21
2022-10-21,2.4000000000000004,1.0099999999999998,2.69,130.95,7.920000000000001,91.84,-5.6,30.090000000000003,-5.54,-2.42,16.39,16.54,12.36,7.19,4.09,6.6,1.83,6.7,8.08,5.34,4.35,16.27,4.029999999999999,4.96,15.280000000000001,3.9299999999999997,12.69,8.670000000000002,-1.23,6.039999999999999,9.74,-1.23,14.48,-5.55,3.5300000000000002,447.81,32.76,9.76,19.27,-11.170000000000002,7.539999999999999,4.15,2.96,2.99,3.41,9.209999999999999,3.7299999999999995,21.349999999999998,16.11,-4.6,4.21
2022-10-24,2.4000000000000004,1.0099999999999998,2.69,130.95,7.920000000000001,91.84,-5.6,30.090000000000003,-5.54,-2.42,16.39,16.54,12.36,7.19,4.09,6.6,1.83,6.7,8.08,5.34,4.35,16.27,4.029999999999999,4.96,15.280000000000001,3.9299999999999997,12.69,8.670000000000002,-1.23,6.039999999999999,9.74,-1.23,14.48,-5.55,3.5300000000000002,447.81,32.76,9.76,19.27,-11.170000000000002,7.539999999999999,4.15,2.96,2.99,3.41,9.209999999999999,3.7299999999999995,21.349999999999998,16.11,-4.6,4.21
2022-10-25,2.4000000000000004,1.0099999999999998,2.69,130.95,7.920000000000001,91.84,-5.6,30.090000000000003,-5.54,-2.42,16.39,16.54,12.36,7.19,4.09,6.6,1.83,6.7,8.08,5.34,4.35,16.27,4.029999999999999,4.96,15.280000000000001,3.9299999999999997,12.69,8.670000000000002,-1.23,6.039999999999999,9.74,-1.23,14.48,-5.55,3.5300000000000002,447.81,32.76,9.76,19.27,-11.170000000000002,7.539999999999999,4.15,2.96,2.99,3.41,9.209999999999999,3.7299999999999995,21.349999999999998,16.11,-4.6,4.21
2022-10-26,2.4000000000000004,1.0099999999999998,2.69,130.95,7.920000000000001,91.84,-5.6,30.090000000000003,-5.54,-2.42,16.39,16.54,12.36,7.19,4.09,6.6,1.83,6.7,8.08,5.34,4.35,16.27,4.029999999999999,4.96,15.280000000000001,3.9299999999999997,12.69,8.670000000000002,-1.23,6.039999999999999,9.74,-1.23,14.48,-5.55,3.5300000000000002,447.81,32.76,9.76,19.27,-11.170000000000002,7.539999999999999,4.15,2.96,2.99,3.41,9.209999999999999,3.7299999999999995,21.349999999999998,16.11,-4.6,4.21
2022-10-27,2.4000000000000004,1.0099999999999998,2.69,130.95,7.920000000000001,91.84,-5.6,30.090000000000003,-5.54,-2.42,16.39,16.54,12.36,7.19,4.09,6.6,1.83,6.7,8.08,5.34,4.35,16.27,4.029999999999999,4.96,15.280000000000001,3.9299999999999997,12.69,8.670000000000002,-1.23,6.039999999999999,9.74,-1.23,14.48,-5.55,3.5300000000000002,447.81,32.76,9.76,19.27,-11.170000000000002,7.539999999999999,4.15,2.96,2.99,3.41,9.209999999999999,3.7299999999999995,21.349999999999998,16.11,-4.6,4.21
2022-10-28,2.4000000000000004,1.0099999999999998,2.69,130.95,7.920000000000001,91.84,-5.6,30.090000000000003,-5.54,-2.42,16.39,16.54,12.36,7.19,4.09,6.6,1.83,6.7,8.08,5.34,4.35,16.27,4.029999999999999,4.96,15.280000000000001,3.9299999999999997,12.69,8.670000000000002,-1.23,6.039999999999999,9.74,-1.23,14.48,-5.55,3.5300000000000002,447.81,32.76,9.76,19.27,-11.170000000000002,7.539999999999999,4.15,2.96,2.99,3.41,9.209999999999999,3.7299999999999995,21.349999999999998,16.11,-4.6,4.21
2022-10-31,2.4000000000000004,1.0099999999999998,2.69,130.95,7.22,91.84,-5.6,30.090000000000003,-5.54,-2.42,16.39,16.54,12.36,7.19,4.09,6.6,1.83,6.7,8.08,5.34,4.35,16.59,4.029999999999999,4.96,15.280000000000001,3.9299999999999997,13.23,9.05,-1.23,6.039999999999999,9.74,-1.23,14.48,-5.55,3.5300000000000002,447.81,32.76,9.76,19.27,-11.170000000000002,7.539999999999999,4.0600000000000005,2.96,3.01,3.41,9.209999999999999,3.7299999999999995,22.75,16.509999999999998,-4.6,4.21
2022-11-01,2.4000000000000004,1.0099999999999998,2.69,130.95,7.22,91.84,-5.6,30.090000000000003,-5.54,-2.42,16.39,16.54,12.36,7.19,4.09,6.6,1.83,6.7,8.08,5.34,4.35,16.59,4.029999999999999,4.96,15.280000000000001,3.9299999999999997,13.23,9.05,-1.23,6.039999999999999,9.74,-1.23,14.48,-5.55,3.5300000000000002,447.81,32.76,9.76,19.27,-11.170000000000002,7.539999999999999,4.0600000000000005,2.96,3.01,3.41,9.209999999999999,3.7299999999999995,22.75,16.509999999999998,-4.6,4.21
2022-11-02,2.4000000000000004,1.0099999999999998,2.69,130.95,7.22,91.84,-5.6,30.090000000000003,-5.54,-2.42,16.39,16.54,12.36,7.19,4.09,6.6,1.83,6.7,8.08,5.34,4.35,16.59,4.029999999999999,4.96,15.280000000000001,3.9299999999999997,13.23,9.05,-1.23,6.039999999999999,9.74,-1.23,14.48,-5.55,3.5300000000000002,447.81,32.76,9.76,19.27,-11.170000000000002,7.539999999999999,4.0600000000000005,2.96,3.01,3.41,9.209999999999999,3.7299999999999995,22.75,16.509999999999998,-4.6,4.21
2022-11-03,2.4000000000000004,1.0099999999999998,2.69,130.95,7.22,91.84,-5.6,30.090000000000003,-5.54,-2.42,16.39,16.54,12.36,7.19,4.09,6.6,1.83,6.7,8.08,5.34,4.35,16.59,4.029999999999999,4.96,15.280000000000001,3.9299999999999997,13.23,9.05,-1.23,6.039999999999999,9.74,-1.23,14.48,-5.55,3.5300000000000002,447.81,32.76,9.76,19.27,-11.170000000000002,7.539999999999999,4.0600000000000005,2.96,3.01,3.41,9.209999999999999,3.7299999999999995,22.75,16.509999999999998,-4.6,4.21
2022-11-04,2.4000000000000004,1.0099999999999998,2.69,130.95,7.22,91.84,-5.6,30.090000000000003,-5.54,-2.42,16.39,16.54,12.36,7.19,4.09,6.6,1.83,6.7,8.08,5.34,4.35,16.59,4.029999999999999,4.96,15.280000000000001,3.9299999999999997,13.23,9.05,-1.23,6.039999999999999,9.74,-1.23,14.48,-5.55,3.5300000000000002,447.81,32.76,9.76,19.27,-11.170000000000002,7.539999999999999,4.0600000000000005,2.96,3.01,3.41,9.209999999999999,3.7299999999999995,22.75,16.509999999999998,-4.6,4.21
2022-11-07,2.4000000000000004,1.0099999999999998,2.69,130.95,7.22,91.84,-5.6,30.090000000000003,-5.54,-2.42,16.39,16.54,12.36,7.19,4.09,6.6,1.83,6.7,8.08,5.34,4.35,16.59,4.029999999999999,4.96,15.280000000000001,3.9299999999999997,13.23,9.05,-1.23,6.039999999999999,9.74,-1.23,14.48,-5.55,3.5300000000000002,447.81,32.76,9.76,19.27,-11.170000000000002,7.539999999999999,4.0600000000000005,2.96,3.01,3.41,9.209999999999999,3.7299999999999995,22.75,16.509999999999998,-4.6,4.21
2022-11-08,2.4000000000000004,1.0099999999999998,2.69,130.95,7.22,91.84,-5.6,30.090000000000003,-5.54,-2.42,16.39,16.54,12.36,7.19,4.09,6.6,1.83,6.7,8.08,5.34,4.35,16.59,4.029999999999999,4.96,15.280000000000001,3.9299999999999997,13.23,9.05,-1.23,6.039999999999999,9.74,-1.23,14.48,-5.55,3.5300000000000002,447.81,32.76,9.76,19.27,-11.170000000000002,7.539999999999999,4.0600000000000005,2.96,3.01,3.41,9.209999999999999,3.7299999999999995,22.75,16.509999999999998,-4.6,4.21
2022-11-09,2.4000000000000004,1.0099999999999998,2.69,130.95,7.22,91.84,-5.6,30.090000000000003,-5.54,-2.42,16.39,16.54,12.36,7.19,4.09,6.6,1.83,6.7,8.08,5.34,4.35,16.59,4.029999999999999,4.96,15.280000000000001,3.9299999999999997,13.23,9.05,-1.23,6.039999999999999,9.74,-1.23,14.48,-5.55,3.5300000000000002,447.81,32.76,9.76,19.27,-11.170000000000002,7.539999999999999,4.0600000000000005,2.96,3.01,3.41,9.209999999999999,3.7299999999999995,22.75,16.509999999999998,-4.6,4.21
2022-11-10,2.4000000000000004,1.0099999999999998,2.69,130.95,7.22,91.84,-5.6,30.090000000000003,-5.54,-2.42,16.39,16.54,12.36,7.19,4.09,6.6,1.83,6.7,8.08,5.34,4.35,16.59,4.029999999999999,4.96,15.280000000000001,3.9299999999999997,13.23,9.05,-1.23,6.039999999999999,9.74,-1.23,14.48,-5.55,3.5300000000000002,447.81,32.76,9.76,19.27,-11.170000000000002,7.539999999999999,4.0600000000000005,2.96,3.01,3.41,9.209999999999999,3.7299999999999995,22.75,16.509999999999998,-4.6,4.21
2022-11-11,2.4000000000000004,1.0099999999999998,2.69,130.95,7.22,91.84,-5.6,30.090000000000003,-5.54,-2.42,16.39,16.54,12.36,7.19,4.09,6.6,1.83,6.7,8.08,5.34,4.35,16.59,4.029999999999999,4.96,15.280000000000001,3.9299999999999997,13.23,9.05,-1.23,6.039999999999999,9.74,-1.23,14.48,-5.55,3.5300000000000002,447.81,32.76,9.76,19.27,-11.170000000000002,7.539999999999999,4.0600000000000005,2.96,3.01,3.41,9.209999999999999,3.7299999999999995,22.75,16.509999999999998,-4.6,4.21
2022-11-14,2.4000000000000004,1.0099999999999998,2.69,130.95,7.22,91.84,-5.6,30.090000000000003,-5.54,-2.42,16.39,16.54,12.36,7.19,4.09,6.6,1.83,6.7,8.08,5.34,4.35,16.59,4.029999999999999,4.96,15.280000000000001,3.9299999999999997,13.23,9.05,-1.23,6.039999999999999,9.74,-1.23,14.48,-5.55,3.5300000000000002,447.81,32.76,9.76,19.27,-11.170000000000002,7.539999999999999,4.0600000000000005,2.96,3.01,3.41,9.209999999999999,3.7299999999999995,22.75,16.509999999999998,-4.6,4.21
2022-11-15,2.4000000000000004,1.0099999999999998,2.69,130.95,7.22,91.84,-5.6,30.090000000000003,-5.54,-2.42,16.39,16.54,12.36,7.19,4.09,6.6,1.83,6.7,8.08,5.34,4.35,16.59,4.029999999999999,4.96,15.280000000000001,3.9299999999999997,13.23,9.05,-1.23,6.039999999999999,9.74,-1.23,14.48,-5.55,3.5300000000000002,447.81,32.76,9.76,19.27,-11.170000000000002,7.539999999999999,4.0600000000000005,2.96,3.01,3.41,9.209999999999999,3.7299999999999995,22.75,16.509999999999998,-4.6,4.21
2022-11-16,2.4000000000000004,1.0099999999999998,2.69,130.95,7.22,91.84,-5.6,30.090000000000003,-5.54,-2.42,16.39,16.54,12.36,7.19,4.09,6.6,1.83,6.7,8.08,5.34,4.35,16.59,4.029999999999999,4.96,15.280000000000001,3.9299999999999997,13.23,9.05,-1.23,6.039999999999999,9.74,-1.23,14.48,-5.55,3.5300000000000002,447.81,32.76,9.76,19.27,-11.170000000000002,7.539999999999999,4.0600000000000005,2.96,3.01,3.41,9.209999999999999,3.7299999999999995,22.75,16.509999999999998,-4.6,4.21
2022-11-17,2.4000000000000004,1.0099999999999998,2.69,130.95,7.22,91.84,-5.6,30.090000000000003,-5.54,-2.42,16.39,16.54,12.36,7.19,4.09,6.6,1.83,6.7,8.08,5.34,4.35,16.59,4.029999999999999,4.96,15.280000000000001,3.9299999999999997,13.23,9.05,-1.23,6.039999999999999,9.74,-1.23,14.48,-5.55,3.5300000000000002,447.81,32.76,9.76,19.27,-11.170000000000002,7.539999999999999,4.0600000000000005,2.96,3.01,3.41,9.209999999999999,3.7299999999999995,22.75,16.509999999999998,-4.6,4.21
2022-11-18,2.4000000000000004,1.0099999999999998,2.69,130.95,7.22,91.84,-5.6,30.090000000000003,-5.54,-2.42,16.39,16.54,12.36,7.19,4.09,6.6,1.83,6.7,8.08,5.34,4.35,16.59,4.029999999999999,4.96,15.280000000000001,3.9299999999999997,13.23,9.05,-1.23,6.039999999999999,9.74,-1.23,14.48,-5.55,3.5300000000000002,447.81,32.76,9.76,19.27,-11.170000000000002,7.539999999999999,4.0600000000000005,2.96,3.01,3.41,9.209999999999999,3.7299999999999995,22.75,16.509999999999998,-4.6,4.21
2022-11-21,2.4000000000000004,1.0099999999999998,2.69,130.95,7.22,91.84,-5.6,30.090000000000003,-5.54,-2.42,16.39,16.54,12.36,7.19,4.09,6.6,1.83,6.7,8.08,5.34,4.35,16.59,4.029999999999999,4.96,15.280000000000001,3.9299999999999997,13.23,9.05,-1.23,6.039999999999999,9.74,-1.23,14.48,-5.55,3.5300000000000002,447.81,32.76,9.76,19.27,-11.170000000000002,7.539999999999999,4.0600000000000005,2.96,3.01,3.41,9.209999999999999,3.7299999999999995,22.75,16.509999999999998,-4.6,4.21
2022-11-22,2.4000000000000004,1.0099999999999998,2.69,130.95,7.22,91.84,-5.6,30.090000000000003,-5.54,-2.42,16.39,16.54,12.36,7.19,4.09,6.6,1.83,6.7,8.08,5.34,4.35,16.59,4.029999999999999,4.96,15.280000000000001,3.9299999999999997,13.23,9.05,-1.23,6.039999999999999,9.74,-1.23,14.48,-5.55,3.5300000000000002,447.81,32.76,9.76,19.27,-11.170000000000002,7.539999999999999,4.0600000000000005,2.96,3.01,3.41,9.209999999999999,3.7299999999999995,22.75,16.509999999999998,-4.6,4.21
2022-11-23,2.4000000000000004,1.0099999999999998,2.69,130.95,7.22,91.84,-5.6,30.090000000000003,-5.54,-2.42,16.39,16.54,12.36,7.19,4.09,6.6,1.83,6.7,8.08,5.34,4.35,16.59,4.029999999999999,4.96,15.280000000000001,3.9299999999999997,13.23,9.05,-1.23,6.039999999999999,9.74,-1.23,14.48,-5.55,3.5300000000000002,447.81,32.76,9.76,19.27,-11.170000000000002,7.539999999999999,4.0600000000000005,2.96,3.01,3.41,9.209999999999999,3.7299999999999995,22.75,16.509999999999998,-4.6,4.21
2022-11-25,2.4000000000000004,1.0099999999999998,2.69,130.95,7.22,91.84,-5.6,30.090000000000003,-5.54,-2.42,16.39,16.54,12.36,7.19,4.09,6.6,1.83,6.7,8.08,5.34,4.35,16.59,4.029999999999999,4.96,15.280000000000001,3.9299999999999997,13.23,9.05,-1.23,6.039999999999999,9.74,-1.23,14.48,-5.55,3.5300000000000002,447.81,32.76,9.76,19.27,-11.170000000000002,7.539999999999999,4.0600000000000005,2.96,3.01,3.41,9.209999999999999,3.7299999999999995,22.75,16.509999999999998,-4.6,4.21
2022-11-28,2.4000000000000004,1.0099999999999998,2.69,130.95,7.22,91.84,-5.6,30.090000000000003,-5.54,-2.42,16.39,16.54,12.36,7.19,4.09,6.6,1.83,6.7,8.08,5.34,4.35,16.59,4.029999999999999,4.96,15.280000000000001,3.9299999999999997,13.23,9.05,-1.23,6.039999999999999,9.74,-1.23,14.48,-5.55,3.5300000000000002,447.81,32.76,9.76,19.27,-11.170000000000002,7.539999999999999,4.0600000000000005,2.96,3.01,3.41,9.209999999999999,3.7299999999999995,22.75,16.509999999999998,-4.6,4.21
2022-11-29,2.4000000000000004,1.0099999999999998,2.69,130.95,7.22,91.84,-5.6,30.090000000000003,-5.54,-2.42,16.39,16.54,12.36,7.19,4.09,6.6,1.83,6.7,8.08,5.34,4.35,16.59,4.029999999999999,4.96,15.280000000000001,3.9299999999999997,13.23,9.05,-1.23,6.039999999999999,9.74,-1.23,14.48,-5.55,3.5300000000000002,447.81,32.76,9.76,19.27,-11.170000000000002,7.539999999999999,4.0600000000000005,2.96,3.01,3.41,9.209999999999999,3.7299999999999995,22.75,16.509999999999998,-4.6,4.21
2022-11-30,2.4000000000000004,1.0099999999999998,2.69,122.67999999999999,7.22,91.84,-4.7299999999999995,30.090000000000003,-5.54,-2.42,16.39,16.54,12.36,7.23,4.09,6.6,1.83,6.7,8.08,5.34,4.35,16.59,4.029999999999999,3.5700000000000003,15.920000000000002,3.9299999999999997,13.23,9.05,-1.23,6.039999999999999,9.74,-1.23,14.48,-5.55,3.5500000000000003,447.81,32.76,9.76,19.27,-11.170000000000002,7.539999999999999,4.0600000000000005,2.96,3.01,3.41,9.209999999999999,3.7299999999999995,22.75,16.509999999999998,-4.6,4.21
2022-12-01,2.4000000000000004,1.0099999999999998,2.69,122.67999999999999,7.22,91.84,-4.7299999999999995,30.090000000000003,-5.54,-2.42,16.39,16.54,12.36,7.23,4.09,6.6,1.83,6.7,8.08,5.34,4.35,16.59,4.029999999999999,3.5700000000000003,15.920000000000002,3.9299999999999997,13.23,9.05,-1.23,6.039999999999999,9.74,-1.23,14.48,-5.55,3.5500000000000003,447.81,32.76,9.76,19.27,-11.170000000000002,7.539999999999999,4.0600000000000005,2.96,3.01,3.41,9.209999999999999,3.7299999999999995,22.75,16.509999999999998,-4.6,4.21
2022-12-02,2.4000000000000004,1.0099999999999998,2.69,122.67999999999999,7.22,91.84,-4.7299999999999995,30.090000000000003,-5.54,-2.42,16.39,16.54,12.36,7.23,4.09,6.6,1.83,6.7,8.08,5.34,4.35,16.59,4.029999999999999,3.5700000000000003,15.920000000000002,3.9299999999999997,13.23,9.05,-1.23,6.039999999999999,9.74,-1.23,14.48,-5.55,3.5500000000000003,447.81,32.76,9.76,19.27,-11.170000000000002,7.539999999999999,4.0600000000000005,2.96,3.01,3.41,9.209999999999999,3.7299999999999995,22.75,16.509999999999998,-4.6,4.21
2022-12-05,2.4000000000000004,1.0099999999999998,2.69,122.67999999999999,7.22,91.84,-4.7299999999999995,30.090000000000003,-5.54,-2.42,16.39,16.54,12.36,7.23,4.09,6.6,1.83,6.7,8.08,5.34,4.35,16.59,4.029999999999999,3.5700000000000003,15.920000000000002,3.9299999999999997,13.23,9.05,-1.23,6.039999999999999,9.74,-1.23,14.48,-5.55,3.5500000000000003,447.81,32.76,9.76,19.27,-11.170000000000002,7.539999999999999,4.0600000000000005,2.96,3.01,3.41,9.209999999999999,3.7299999999999995,22.75,16.509999999999998,-4.6,4.21
2022-12-06,2.4000000000000004,1.0099999999999998,2.69,122.67999999999999,7.22,91.84,-4.7299999999999995,30.090000000000003,-5.54,-2.42,16.39,16.54,12.36,7.23,4.09,6.6,1.83,6.7,8.08,5.34,4.35,16.59,4.029999999999999,3.5700000000000003,15.920000000000002,3.9299999999999997,13.23,9.05,-1.23,6.039999999999999,9.74,-1.23,14.48,-5.55,3.5500000000000003,447.81,32.76,9.76,19.27,-11.170000000000002,7.539999999999999,4.0600000000000005,2.96,3.01,3.41,9.209999999999999,3.7299999999999995,22.75,16.509999999999998,-4.6,4.21
2022-12-07,2.4000000000000004,1.0099999999999998,2.69,122.67999999999999,7.22,91.84,-4.7299999999999995,30.090000000000003,-5.54,-2.42,16.39,16.54,12.36,7.23,4.09,6.6,1.83,6.7,8.08,5.34,4.35,16.59,4.029999999999999,3.5700000000000003,15.920000000000002,3.9299999999999997,13.23,9.05,-1.23,6.039999999999999,9.74,-1.23,14.48,-5.55,3.5500000000000003,447.81,32.76,9.76,19.27,-11.170000000000002,7.539999999999999,4.0600000000000005,2.96,3.01,3.41,9.209999999999999,3.7299999999999995,22.75,16.509999999999998,-4.6,4.21
2022-12-08,2.4000000000000004,1.0099999999999998,2.69,122.67999999999999,7.22,91.84,-4.7299999999999995,30.090000000000003,-5.54,-2.42,16.39,16.54,12.36,7.23,4.09,6.6,1.83,6.7,8.08,5.34,4.35,16.59,4.029999999999999,3.5700000000000003,15.920000000000002,3.9299999999999997,13.23,9.05,-1.23,6.039999999999999,9.74,-1.23,14.48,-5.55,3.5500000000000003,447.81,32.76,9.76,19.27,-11.170000000000002,7.539999999999999,4.0600000000000005,2.96,3.01,3.41,9.209999999999999,3.7299999999999995,22.75,16.509999999999998,-4.6,4.21
2022-12-09,2.4000000000000004,1.0099999999999998,2.69,122.67999999999999,7.22,91.84,-4.7299999999999995,30.090000000000003,-5.54,-2.42,16.39,16.54,12.36,7.23,4.09,6.6,1.83,6.7,8.08,5.34,4.35,16.59,4.029999999999999,3.5700000000000003,15.920000000000002,3.9299999999999997,13.23,9.05,-1.23,6.039999999999999,9.74,-1.23,14.48,-5.55,3.5500000000000003,447.81,32.76,9.76,19.27,-11.170000000000002,7.539999999999999,4.0600000000000005,2.96,3.01,3.41,9.209999999999999,3.7299999999999995,22.75,16.509999999999998,-4.6,4.21
2022-12-12,2.4000000000000004,1.0099999999999998,2.69,122.67999999999999,7.22,91.84,-4.7299999999999995,30.090000000000003,-5.54,-2.42,16.39,16.54,12.36,7.23,4.09,6.6,1.83,6.7,8.08,5.34,4.35,16.59,4.029999999999999,3.5700000000000003,15.920000000000002,3.9299999999999997,13.23,9.05,-1.23,6.039999999999999,9.74,-1.23,14.48,-5.55,3.5500000000000003,447.81,32.76,9.76,19.27,-11.170000000000002,7.539999999999999,4.0600000000000005,2.96,3.01,3.41,9.209999999999999,3.7299999999999995,22.75,16.509999999999998,-4.6,4.21
2022-12-13,2.4000000000000004,1.0099999999999998,2.69,122.67999999999999,7.22,91.84,-4.7299999999999995,30.090000000000003,-5.54,-2.42,16.39,16.54,12.36,7.23,4.09,6.6,1.83,6.7,8.08,5.34,4.35,16.59,4.029999999999999,3.5700000000000003,15.920000000000002,3.9299999999999997,13.23,9.05,-1.23,6.039999999999999,9.74,-1.23,14.48,-5.55,3.5500000000000003,447.81,32.76,9.76,19.27,-11.170000000000002,7.539999999999999,4.0600000000000005,2.96,3.01,3.41,9.209999999999999,3.7299999999999995,22.75,16.509999999999998,-4.6,4.21
2022-12-14,2.4000000000000004,1.0099999999999998,2.69,122.67999999999999,7.22,91.84,-4.7299999999999995,30.090000000000003,-5.54,-2.42,16.39,16.54,12.36,7.23,4.09,6.6,1.83,6.7,8.08,5.34,4.35,16.59,4.029999999999999,3.5700000000000003,15.920000000000002,3.9299999999999997,13.23,9.05,-1.23,6.039999999999999,9.74,-1.23,14.48,-5.55,3.5500000000000003,447.81,32.76,9.76,19.27,-11.170000000000002,7.539999999999999,4.0600000000000005,2.96,3.01,3.41,9.209999999999999,3.7299999999999995,22.75,16.509999999999998,-4.6,4.21
2022-12-15,2.4000000000000004,1.0099999999999998,2.69,122.67999999999999,7.22,91.84,-4.7299999999999995,30.090000000000003,-5.54,-2.42,16.39,16.54,12.36,7.23,4.09,6.6,1.83,6.7,8.08,5.34,4.35,16.59,4.029999999999999,3.5700000000000003,15.920000000000002,3.9299999999999997,13.23,9.05,-1.23,6.039999999999999,9.74,-1.23,14.48,-5.55,3.5500000000000003,447.81,32.76,9.76,19.27,-11.170000000000002,7.539999999999999,4.0600000000000005,2.96,3.01,3.41,9.209999999999999,3.7299999999999995,22.75,16.509999999999998,-4.6,4.21
2022-12-16,2.4000000000000004,1.0099999999999998,2.69,122.67999999999999,7.22,91.84,-4.7299999999999995,30.090000000000003,-5.54,-2.42,16.39,16.54,12.36,7.23,4.09,6.6,1.83,6.7,8.08,5.34,4.35,16.59,4.029999999999999,3.5700000000000003,15.920000000000002,3.9299999999999997,13.23,9.05,-1.23,6.039999999999999,9.74,-1.23,14.48,-5.55,3.5500000000000003,447.81,32.76,9.76,19.27,-11.170000000000002,7.539999999999999,4.0600000000000005,2.96,3.01,3.41,9.209999999999999,3.7299999999999995,22.75,16.509999999999998,-4.6,4.21
2022-12-19,2.4000000000000004,1.0099999999999998,2.69,122.67999999999999,7.22,91.84,-4.7299999999999995,30.090000000000003,-5.54,-2.42,16.39,16.54,12.36,7.23,4.09,6.6,1.83,6.7,8.08,5.34,4.35,16.59,4.029999999999999,3.5700000000000003,15.920000000000002,3.9299999999999997,13.23,9.05,-1.23,6.039999999999999,9.74,-1.23,14.48,-5.55,3.5500000000000003,447.81,32.76,9.76,19.27,-11.170000000000002,7.539999999999999,4.0600000000000005,2.96,3.01,3.41,9.209999999999999,3.7299999999999995,22.75,16.509999999999998,-4.6,4.21
2022-12-20,2.4000000000000004,1.0099999999999998,2.69,122.67999999999999,7.22,91.84,-4.7299999999999995,30.090000000000003,-5.54,-2.42,16.39,16.54,12.36,7.23,4.09,6.6,1.83,6.7,8.08,5.34,4.35,16.59,4.029999999999999,3.5700000000000003,15.920000000000002,3.9299999999999997,13.23,9.05,-1.23,6.039999999999999,9.74,-1.23,14.48,-5.55,3.5500000000000003,447.81,32.76,9.76,19.27,-11.170000000000002,7.539999999999999,4.0600000000000005,2.96,3.01,3.41,9.209999999999999,3.7299999999999995,22.75,16.509999999999998,-4.6,4.21
2022-12-21,2.4000000000000004,1.0099999999999998,2.69,122.67999999999999,7.22,91.84,-4.7299999999999995,30.090000000000003,-5.54,-2.42,16.39,16.54,12.36,7.23,4.09,6.6,1.83,6.7,8.08,5.34,4.35,16.59,4.029999999999999,3.5700000000000003,15.920000000000002,3.9299999999999997,13.23,9.05,-1.23,6.039999999999999,9.74,-1.23,14.48,-5.55,3.5500000000000003,447.81,32.76,9.76,19.27,-11.170000000000002,7.539999999999999,4.0600000000000005,2.96,3.01,3.41,9.209999999999999,3.7299999999999995,22.75,16.509999999999998,-4.6,4.21
2022-12-22,2.4000000000000004,1.0099999999999998,2.69,122.67999999999999,7.22,91.84,-4.7299999999999995,30.090000000000003,-5.54,-2.42,16.39,16.54,12.36,7.23,4.09,6.6,1.83,6.7,8.08,5.34,4.35,16.59,4.029999999999999,3.5700000000000003,15.920000000000002,3.9299999999999997,13.23,9.05,-1.23,6.039999999999999,9.74,-1.23,14.48,-5.55,3.5500000000000003,447.81,32.76,9.76,19.27,-11.170000000000002,7.539999999999999,4.0600000000000005,2.96,3.01,3.41,9.209999999999999,3.7299999999999995,22.75,16.509999999999998,-4.6,4.21
2022-12-23,2.4000000000000004,1.0099999999999998,2.69,122.67999999999999,7.22,91.84,-4.7299999999999995,30.090000000000003,-5.54,-2.42,16.39,16.54,12.36,7.23,4.09,6.6,1.83,6.7,8.08,5.34,4.35,16.59,4.029999999999999,3.5700000000000003,15.920000000000002,3.9299999999999997,13.23,9.05,-1.23,6.039999999999999,9.74,-1.23,14.48,-5.55,3.5500000000000003,447.81,32.76,9.76,19.27,-11.170000000000002,7.539999999999999,4.0600000000000005,2.96,3.01,3.41,9.209999999999999,3.7299999999999995,22.75,16.509999999999998,-4.6,4.21
2022-12-27,2.4000000000000004,1.0099999999999998,2.69,122.67999999999999,7.22,91.84,-4.7299999999999995,30.090000000000003,-5.54,-2.42,16.39,16.54,12.36,7.23,4.09,6.6,1.83,6.7,8.08,5.34,4.35,16.59,4.029999999999999,3.5700000000000003,15.920000000000002,3.9299999999999997,13.23,9.05,-1.23,6.039999999999999,9.74,-1.23,14.48,-5.55,3.5500000000000003,447.81,32.76,9.76,19.27,-11.170000000000002,7.539999999999999,4.0600000000000005,2.96,3.01,3.41,9.209999999999999,3.7299999999999995,22.75,16.509999999999998,-4.6,4.21
2022-12-28,2.4000000000000004,1.0099999999999998,2.69,122.67999999999999,7.22,91.84,-4.7299999999999995,30.090000000000003,-5.54,-2.42,16.39,16.54,12.36,7.23,4.09,6.6,1.83,6.7,8.08,5.34,4.35,16.59,4.029999999999999,3.5700000000000003,15.920000000000002,3.9299999999999997,13.23,9.05,-1.23,6.039999999999999,9.74,-1.23,14.48,-5.55,3.5500000000000003,447.81,32.76,9.76,19.27,-11.170000000000002,7.539999999999999,4.0600000000000005,2.96,3.01,3.41,9.209999999999999,3.7299999999999995,22.75,16.509999999999998,-4.6,4.21
2022-12-29,2.4000000000000004,1.0099999999999998,2.69,122.67999999999999,7.22,91.84,-4.7299999999999995,30.090000000000003,-5.54,-2.42,16.39,16.54,12.36,7.23,4.09,6.6,1.83,6.7,8.08,5.34,4.35,16.59,4.029999999999999,3.5700000000000003,15.920000000000002,3.9299999999999997,13.23,9.05,-1.23,6.039999999999999,9.74,-1.23,14.48,-5.55,3.5500000000000003,447.81,32.76,9.76,19.27,-11.170000000000002,7.539999999999999,4.0600000000000005,2.96,3.01,3.41,9.209999999999999,3.7299999999999995,22.75,16.509999999999998,-4.6,4.21
2022-12-30,2.4000000000000004,1.0099999999999998,2.69,122.67999999999999,7.22,91.84,-4.7299999999999995,30.090000000000003,-5.54,-2.42,16.39,16.54,12.36,7.23,4.09,6.6,1.83,6.7,8.08,5.34,4.35,16.59,4.029999999999999,3.5700000000000003,15.920000000000002,3.9299999999999997,13.23,9.05,-1.23,6.039999999999999,9.74,-1.23,14.48,-5.55,3.5500000000000003,447.81,32.76,9.76,19.27,-11.170000000000002,7.539999999999999,4.0600000000000005,2.96,3.01,3.41,9.209999999999999,3.7299999999999995,22.75,16.509999999999998,-4.6,4.21
2023-01-03,2.8000000000000003,0.9700000000000001,3.4,122.67999999999999,7.22,100.74999999999999,-4.7299999999999995,32.8,-4.21,-3.62,18.45,16.13,12.08,7.23,4.11,6.8,1.83,6.7,8.34,5.140000000000001,4.449999999999999,16.59,4.9,3.5700000000000003,15.920000000000002,3.84,13.23,9.05,-1.2,6.7,10.1,-2.88,12.85,-4.640000000000001,3.5500000000000003,492.16,33.489999999999995,10.879999999999999,18.46,-7.510000000000001,7.949999999999999,4.0600000000000005,2.99,3.01,3.4400000000000004,9.709999999999999,4.07,22.75,16.509999999999998,-4.459999999999999,4.5
2023-01-04,2.8000000000000003,0.9700000000000001,3.4,122.67999999999999,7.22,100.74999999999999,-4.7299999999999995,32.8,-4.21,-3.62,18.45,16.13,12.08,7.23,4.11,6.8,1.83,6.7,8.34,5.140000000000001,4.449999999999999,16.59,4.9,3.5700000000000003,15.920000000000002,3.84,13.23,9.05,-1.2,6.7,10.1,-2.88,12.85,-4.640000000000001,3.5500000000000003,492.16,33.489999999999995,10.879999999999999,18.46,-7.510000000000001,7.949999999999999,4.0600000000000005,2.99,3.01,3.4400000000000004,9.709999999999999,4.07,22.75,16.509999999999998,-4.459999999999999,4.5
2023-01-05,2.8000000000000003,0.9700000000000001,3.4,122.67999999999999,7.22,100.74999999999999,-4.7299999999999995,32.8,-4.21,-3.62,18.45,16.13,12.08,7.23,4.11,6.8,1.83,6.7,8.34,5.140000000000001,4.449999999999999,16.59,4.9,3.5700000000000003,15.920000000000002,3.84,13.23,9.05,-1.2,6.7,10.1,-2.88,12.85,-4.640000000000001,3.5500000000000003,492.16,33.489999999999995,10.879999999999999,18.46,-7.510000000000001,7.949999999999999,4.0600000000000005,2.99,3.01,3.4400000000000004,9.709999999999999,4.07,22.75,16.509999999999998,-4.459999999999999,4.5
2023-01-06,2.8000000000000003,0.9700000000000001,3.4,122.67999999999999,7.22,100.74999999999999,-4.7299999999999995,32.8,-4.21,-3.62,18.45,16.13,12.08,7.23,4.11,6.8,1.83,6.7,8.34,5.140000000000001,4.449999999999999,16.59,4.9,3.5700000000000003,15.920000000000002,3.84,13.23,9.05,-1.2,6.7,10.1,-2.88,12.85,-4.640000000000001,3.5500000000000003,492.16,33.489999999999995,10.879999999999999,18.46,-7.510000000000001,7.949999999999999,4.0600000000000005,2.99,3.01,3.4400000000000004,9.709999999999999,4.07,22.75,16.509999999999998,-4.459999999999999,4.5
2023-01-09,2.8000000000000003,0.9700000000000001,3.4,122.67999999999999,7.22,100.74999999999999,-4.7299999999999995,32.8,-4.21,-3.62,18.45,16.13,12.08,7.23,4.11,6.8,1.83,6.7,8.34,5.140000000000001,4.449999999999999,16.59,4.9,3.5700000000000003,15.920000000000002,3.84,13.23,9.05,-1.2,6.7,10.1,-2.88,12.85,-4.640000000000001,3.5500000000000003,492.16,33.489999999999995,10.879999999999999,18.46,-7.510000000000001,7.949999999999999,4.0600000000000005,2.99,3.01,3.4400000000000004,9.709999999999999,4.07,22.75,16.509999999999998,-4.459999999999999,4.5
2023-01-10,2.8000000000000003,0.9700000000000001,3.4,122.67999999999999,7.22,100.74999999999999,-4.7299999999999995,32.8,-4.21,-3.62,18.45,16.13,12.08,7.23,4.11,6.8,1.83,6.7,8.34,5.140000000000001,4.449999999999999,16.59,4.9,3.5700000000000003,15.920000000000002,3.84,13.23,9.05,-1.2,6.7,10.1,-2.88,12.85,-4.640000000000001,3.5500000000000003,492.16,33.489999999999995,10.879999999999999,18.46,-7.510000000000001,7.949999999999999,4.0600000000000005,2.99,3.01,3.4400000000000004,9.709999999999999,4.07,22.75,16.509999999999998,-4.459999999999999,4.5
2023-01-11,2.8000000000000003,0.9700000000000001,3.4,122.67999999999999,7.22,100.74999999999999,-4.7299999999999995,32.8,-4.21,-3.62,18.45,16.13,12.08,7.23,4.11,6.8,1.83,6.7,8.34,5.140000000000001,4.449999999999999,16.59,4.9,3.5700000000000003,15.920000000000002,3.84,13.23,9.05,-1.2,6.7,10.1,-2.88,12.85,-4.640000000000001,3.5500000000000003,492.16,33.489999999999995,10.879999999999999,18.46,-7.510000000000001,7.949999999999999,4.0600000000000005,2.99,3.01,3.4400000000000004,9.709999999999999,4.07,22.75,16.509999999999998,-4.459999999999999,4.5
2023-01-12,2.8000000000000003,0.9700000000000001,3.4,122.67999999999999,7.22,100.74999999999999,-4.7299999999999995,32.8,-4.21,-3.62,18.45,16.13,12.08,7.23,4.11,6.8,1.83,6.7,8.34,5.140000000000001,4.449999999999999,16.59,4.9,3.5700000000000003,15.920000000000002,3.84,13.23,9.05,-1.2,6.7,10.1,-2.88,12.85,-4.640000000000001,3.5500000000000003,492.16,33.489999999999995,10.879999999999999,18.46,-7.510000000000001,7.949999999999999,4.0600000000000005,2.99,3.01,3.4400000000000004,9.709999999999999,4.07,22.75,16.509999999999998,-4.459999999999999,4.5
2023-01-13,2.8000000000000003,0.9700000000000001,3.4,122.67999999999999,7.22,100.74999999999999,-4.7299999999999995,32.8,-4.21,-3.62,18.45,16.13,12.08,7.23,4.11,6.8,1.83,6.7,8.34,5.140000000000001,4.449999999999999,16.59,4.9,3.5700000000000003,15.920000000000002,3.84,13.23,9.05,-1.2,6.7,10.1,-2.88,12.85,-4.640000000000001,3.5500000000000003,492.16,33.489999999999995,10.879999999999999,18.46,-7.510000000000001,7.949999999999999,4.0600000000000005,2.99,3.01,3.4400000000000004,9.709999999999999,4.07,22.75,16.509999999999998,-4.459999999999999,4.5
2023-01-17,2.8000000000000003,0.9700000000000001,3.4,122.67999999999999,7.22,100.74999999999999,-4.7299999999999995,32.8,-4.21,-3.62,18.45,16.13,12.08,7.23,4.11,6.8,1.83,6.7,8.34,5.140000000000001,4.449999999999999,16.59,4.9,3.5700000000000003,15.920000000000002,3.84,13.23,9.05,-1.2,6.7,10.1,-2.88,12.85,-4.640000000000001,3.5500000000000003,492.16,33.489999999999995,10.879999999999999,18.46,-7.510000000000001,7.949999999999999,4.0600000000000005,2.99,3.01,3.4400000000000004,9.709999999999999,4.07,22.75,16.509999999999998,-4.459999999999999,4.5
2023-01-18,2.8000000000000003,0.9700000000000001,3.4,122.67999999999999,7.22,100.74999999999999,-4.7299999999999995,32.8,-4.21,-3.62,18.45,16.13,12.08,7.23,4.11,6.8,1.83,6.7,8.34,5.140000000000001,4.449999999999999,16.59,4.9,3.5700000000000003,15.920000000000002,3.84,13.23,9.05,-1.2,6.7,10.1,-2.88,12.85,-4.640000000000001,3.5500000000000003,492.16,33.489999999999995,10.879999999999999,18.46,-7.510000000000001,7.949999999999999,4.0600000000000005,2.99,3.01,3.4400000000000004,9.709999999999999,4.07,22.75,16.509999999999998,-4.459999999999999,4.5
2023-01-19,2.8000000000000003,0.9700000000000001,3.4,122.67999999999999,7.22,100.74999999999999,-4.7299999999999995,32.8,-4.21,-3.62,18.45,16.13,12.08,7.23,4.11,6.8,1.83,6.7,8.34,5.140000000000001,4.449999999999999,16.59,4.9,3.5700000000000003,15.920000000000002,3.84,13.23,9.05,-1.2,6.7,10.1,-2.88,12.85,-4.640000000000001,3.5500000000000003,492.16,33.489999999999995,10.879999999999999,18.46,-7.510000000000001,7.949999999999999,4.0600000000000005,2.99,3.01,3.4400000000000004,9.709999999999999,4.07,22.75,16.509999999999998,-4.459999999999999,4.5
2023-01-20,2.8000000000000003,0.9700000000000001,3.4,122.67999999999999,7.22,100.74999999999999,-4.7299999999999995,32.8,-4.21,-3.62,18.45,16.13,12.08,7.23,4.11,6.8,1.83,6.7,8.34,5.140000000000001,4.449999999999999,16.59,4.9,3.5700000000000003,15.920000000000002,3.84,13.23,9.05,-1.2,6.7,10.1,-2.88,12.85,-4.640000000000001,3.5500000000000003,492.16,33.489999999999995,10.879999999999999,18.46,-7.510000000000001,7.949999999999999,4.0600000000000005,2.99,3.01,3.4400000000000004,9.709999999999999,4.07,22.75,16.509999999999998,-4.459999999999999,4.5
2023-01-23,2.8000000000000003,0.9700000000000001,3.4,122.67999999999999,7.22,100.74999999999999,-4.7299999999999995,32.8,-4.21,-3.62,18.45,16.13,12.08,7.23,4.11,6.8,1.83,6.7,8.34,5.140000000000001,4.449999999999999,16.59,4.9,3.5700000000000003,15.920000000000002,3.84,13.23,9.05,-1.2,6.7,10.1,-2.88,12.85,-4.640000000000001,3.5500000000000003,492.16,33.489999999999995,10.879999999999999,18.46,-7.510000000000001,7.949999999999999,4.0600000000000005,2.99,3.01,3.4400000000000004,9.709999999999999,4.07,22.75,16.509999999999998,-4.459999999999999,4.5
2023-01-24,2.8000000000000003,0.9700000000000001,3.4,122.67999999999999,7.22,100.74999999999999,-4.7299999999999995,32.8,-4.21,-3.62,18.45,16.13,12.08,7.23,4.11,6.8,1.83,6.7,8.34,5.140000000000001,4.449999999999999,16.59,4.9,3.5700000000000003,15.920000000000002,3.84,13.23,9.05,-1.2,6.7,10.1,-2.88,12.85,-4.640000000000001,3.5500000000000003,492.16,33.489999999999995,10.879999999999999,18.46,-7.510000000000001,7.949999999999999,4.0600000000000005,2.99,3.01,3.4400000000000004,9.709999999999999,4.07,22.75,16.509999999999998,-4.459999999999999,4.5
2023-01-25,2.8000000000000003,0.9700000000000001,3.4,122.67999999999999,7.22,100.74999999999999,-4.7299999999999995,32.8,-4.21,-3.62,18.45,16.13,12.08,7.23,4.11,6.8,1.83,6.7,8.34,5.140000000000001,4.449999999999999,16.59,4.9,3.5700000000000003,15.920000000000002,3.84,13.23,9.05,-1.2,6.7,10.1,-2.88,12.85,-4.640000000000001,3.5500000000000003,492.16,33.489999999999995,10.879999999999999,18.46,-7.510000000000001,7.949999999999999,4.0600000000000005,2.99,3.01,3.4400000000000004,9.709999999999999,4.07,22.75,16.509999999999998,-4.459999999999999,4.5
2023-01-26,2.8000000000000003,0.9700000000000001,3.4,122.67999999999999,7.22,100.74999999999999,-4.7299999999999995,32.8,-4.21,-3.62,18.45,16.13,12.08,7.23,4.11,6.8,1.83,6.7,8.34,5.140000000000001,4.449999999999999,16.59,4.9,3.5700000000000003,15.920000000000002,3.84,13.23,9.05,-1.2,6.7,10.1,-2.88,12.85,-4.640000000000001,3.5500000000000003,492.16,33.489999999999995,10.879999999999999,18.46,-7.510000000000001,7.949999999999999,4.0600000000000005,2.99,3.01,3.4400000000000004,9.709999999999999,4.07,22.75,16.509999999999998,-4.459999999999999,4.5
2023-01-27,2.8000000000000003,0.9700000000000001,3.4,122.67999999999999,7.22,100.74999999999999,-4.7299999999999995,32.8,-4.21,-3.62,18.45,16.13,12.08,7.23,4.11,6.8,1.83,6.7,8.34,5.140000000000001,4.449999999999999,16.59,4.9,3.5700000000000003,15.920000000000002,3.84,13.23,9.05,-1.2,6.7,10.1,-2.88,12.85,-4.640000000000001,3.5500000000000003,492.16,33.489999999999995,10.879999999999999,18.46,-7.510000000000001,7.949999999999999,4.0600000000000005,2.99,3.01,3.4400000000000004,9.709999999999999,4.07,22.75,16.509999999999998,-4.459999999999999,4.5
2023-01-30,2.8000000000000003,0.9700000000000001,3.4,122.67999999999999,7.22,100.74999999999999,-4.7299999999999995,32.8,-4.21,-3.62,18.45,16.13,12.08,7.23,4.11,6.8,1.83,6.7,8.34,5.140000000000001,4.449999999999999,16.59,4.9,3.5700000000000003,15.920000000000002,3.84,13.23,9.05,-1.2,6.7,10.1,-2.88,12.85,-4.640000000000001,3.5500000000000003,492.16,33.489999999999995,10.879999999999999,18.46,-7.510000000000001,7.949999999999999,4.0600000000000005,2.99,3.01,3.4400000000000004,9.709999999999999,4.07,22.75,16.509999999999998,-4.459999999999999,4.5
2023-01-31,2.8000000000000003,0.9700000000000001,3.4,122.67999999999999,7.1,100.74999999999999,-4.7299999999999995,32.8,-4.21,-3.62,18.45,16.13,12.08,7.23,4.11,6.8,1.83,6.7,8.34,5.140000000000001,4.449999999999999,16.68,4.9,3.5700000000000003,15.920000000000002,3.84,13.729999999999999,10.08,-1.2,6.7,10.1,-2.88,12.85,-4.640000000000001,3.5500000000000003,492.16,33.489999999999995,10.879999999999999,18.46,-7.510000000000001,7.949999999999999,4.33,2.99,3.12,3.4400000000000004,9.709999999999999,4.07,24.02,16.59,-4.459999999999999,4.5
2023-02-01,2.8000000000000003,0.9700000000000001,3.4,122.67999999999999,7.1,100.74999999999999,-4.7299999999999995,32.8,-4.21,-3.62,18.45,16.13,12.08,7.23,4.11,6.8,1.83,6.7,8.34,5.140000000000001,4.449999999999999,16.68,4.9,3.5700000000000003,15.920000000000002,3.84,13.729999999999999,10.08,-1.2,6.7,10.1,-2.88,12.85,-4.640000000000001,3.5500000000000003,492.16,33.489999999999995,10.879999999999999,18.46,-7.510000000000001,7.949999999999999,4.33,2.99,3.12,3.4400000000000004,9.709999999999999,4.07,24.02,16.59,-4.459999999999999,4.5
2023-02-02,2.8000000000000003,0.9700000000000001,3.4,122.67999999999999,7.1,100.74999999999999,-4.7299999999999995,32.8,-4.21,-3.62,18.45,16.13,12.08,7.23,4.11,6.8,1.83,6.7,8.34,5.140000000000001,4.449999999999999,16.68,4.9,3.5700000000000003,15.920000000000002,3.84,13.729999999999999,10.08,-1.2,6.7,10.1,-2.88,12.85,-4.640000000000001,3.5500000000000003,492.16,33.489999999999995,10.879999999999999,18.46,-7.510000000000001,7.949999999999999,4.33,2.99,3.12,3.4400000000000004,9.709999999999999,4.07,24.02,16.59,-4.459999999999999,4.5
2023-02-03,2.8000000000000003,0.9700000000000001,3.4,122.67999999999999,7.1,100.74999999999999,-4.7299999999999995,32.8,-4.21,-3.62,18.45,16.13,12.08,7.23,4.11,6.8,1.83,6.7,8.34,5.140000000000001,4.449999999999999,16.68,4.9,3.5700000000000003,15.920000000000002,3.84,13.729999999999999,10.08,-1.2,6.7,10.1,-2.88,12.85,-4.640000000000001,3.5500000000000003,492.16,33.489999999999995,10.879999999999999,18.46,-7.510000000000001,7.949999999999999,4.33,2.99,3.12,3.4400000000000004,9.709999999999999,4.07,24.02,16.59,-4.459999999999999,4.5
2023-02-06,2.8000000000000003,0.9700000000000001,3.4,122.67999999999999,7.1,100.74999999999999,-4.7299999999999995,32.8,-4.21,-3.62,18.45,16.13,12.08,7.23,4.11,6.8,1.83,6.7,8.34,5.140000000000001,4.449999999999999,16.68,4.9,3.5700000000000003,15.920000000000002,3.84,13.729999999999999,10.08,-1.2,6.7,10.1,-2.88,12.85,-4.640000000000001,3.5500000000000003,492.16,33.489999999999995,10.879999999999999,18.46,-7.510000000000001,7.949999999999999,4.33,2.99,3.12,3.4400000000000004,9.709999999999999,4.07,24.02,16.59,-4.459999999999999,4.5
2023-02-07,2.8000000000000003,0.9700000000000001,3.4,122.67999999999999,7.1,100.74999999999999,-4.7299999999999995,32.8,-4.21,-3.62,18.45,16.13,12.08,7.23,4.11,6.8,1.83,6.7,8.34,5.140000000000001,4.449999999999999,16.68,4.9,3.5700000000000003,15.920000000000002,3.84,13.729999999999999,10.08,-1.2,6.7,10.1,-2.88,12.85,-4.640000000000001,3.5500000000000003,492.16,33.489999999999995,10.879999999999999,18.46,-7.510000000000001,7.949999999999999,4.33,2.99,3.12,3.4400000000000004,9.709999999999999,4.07,24.02,16.59,-4.459999999999999,4.5
2023-02-08,2.8000000000000003,0.9700000000000001,3.4,122.67999999999999,7.1,100.74999999999999,-4.7299999999999995,32.8,-4.21,-3.62,18.45,16.13,12.08,7.23,4.11,6.8,1.83,6.7,8.34,5.140000000000001,4.449999999999999,16.68,4.9,3.5700000000000003,15.920000000000002,3.84,13.729999999999999,10.08,-1.2,6.7,10.1,-2.88,12.85,-4.640000000000001,3.5500000000000003,492.16,33.489999999999995,10.879999999999999,18.46,-7.510000000000001,7.949999999999999,4.33,2.99,3.12,3.4400000000000004,9.709999999999999,4.07,24.02,16.59,-4.459999999999999,4.5
2023-02-09,2.8000000000000003,0.9700000000000001,3.4,122.67999999999999,7.1,100.74999999999999,-4.7299999999999995,32.8,-4.21,-3.62,18.45,16.13,12.08,7.23,4.11,6.8,1.83,6.7,8.34,5.140000000000001,4.449999999999999,16.68,4.9,3.5700000000000003,15.920000000000002,3.84,13.729999999999999,10.08,-1.2,6.7,10.1,-2.88,12.85,-4.640000000000001,3.5500000000000003,492.16,33.489999999999995,10.879999999999999,18.46,-7.510000000000001,7.949999999999999,4.33,2.99,3.12,3.4400000000000004,9.709999999999999,4.07,24.02,16.59,-4.459999999999999,4.5
2023-02-10,2.8000000000000003,0.9700000000000001,3.4,122.67999999999999,7.1,100.74999999999999,-4.7299999999999995,32.8,-4.21,-3.62,18.45,16.13,12.08,7.23,4.11,6.8,1.83,6.7,8.34,5.140000000000001,4.449999999999999,16.68,4.9,3.5700000000000003,15.920000000000002,3.84,13.729999999999999,10.08,-1.2,6.7,10.1,-2.88,12.85,-4.640000000000001,3.5500000000000003,492.16,33.489999999999995,10.879999999999999,18.46,-7.510000000000001,7.949999999999999,4.33,2.99,3.12,3.4400000000000004,9.709999999999999,4.07,24.02,16.59,-4.459999999999999,4.5
2023-02-13,2.8000000000000003,0.9700000000000001,3.4,122.67999999999999,7.1,100.74999999999999,-4.7299999999999995,32.8,-4.21,-3.62,18.45,16.13,12.08,7.23,4.11,6.8,1.83,6.7,8.34,5.140000000000001,4.449999999999999,16.68,4.9,3.5700000000000003,15.920000000000002,3.84,13.729999999999999,10.08,-1.2,6.7,10.1,-2.88,12.85,-4.640000000000001,3.5500000000000003,492.16,33.489999999999995,10.879999999999999,18.46,-7.510000000000001,7.949999999999999,4.33,2.99,3.12,3.4400000000000004,9.709999999999999,4.07,24.02,16.59,-4.459999999999999,4.5
2023-02-14,2.8000000000000003,0.9700000000000001,3.4,122.67999999999999,7.1,100.74999999999999,-4.7299999999999995,32.8,-4.21,-3.62,18.45,16.13,12.08,7.23,4.11,6.8,1.83,6.7,8.34,5.140000000000001,4.449999999999999,16.68,4.9,3.5700000000000003,15.920000000000002,3.84,13.729999999999999,10.08,-1.2,6.7,10.1,-2.88,12.85,-4.640000000000001,3.5500000000000003,492.16,33.489999999999995,10.879999999999999,18.46,-7.510000000000001,7.949999999999999,4.33,2.99,3.12,3.4400000000000004,9.709999999999999,4.07,24.02,16.59,-4.459999999999999,4.5
2023-02-15,2.8000000000000003,0.9700000000000001,3.4,122.67999999999999,7.1,100.74999999999999,-4.7299999999999995,32.8,-4.21,-3.62,18.45,16.13,12.08,7.23,4.11,6.8,1.83,6.7,8.34,5.140000000000001,4.449999999999999,16.68,4.9,3.5700000000000003,15.920000000000002,3.84,13.729999999999999,10.08,-1.2,6.7,10.1,-2.88,12.85,-4.640000000000001,3.5500000000000003,492.16,33.489999999999995,10.879999999999999,18.46,-7.510000000000001,7.949999999999999,4.33,2.99,3.12,3.4400000000000004,9.709999999999999,4.07,24.02,16.59,-4.459999999999999,4.5
2023-02-16,2.8000000000000003,0.9700000000000001,3.4,122.67999999999999,7.1,100.74999999999999,-4.7299999999999995,32.8,-4.21,-3.62,18.45,16.13,12.08,7.23,4.11,6.8,1.83,6.7,8.34,5.140000000000001,4.449999999999999,16.68,4.9,3.5700000000000003,15.920000000000002,3.84,13.729999999999999,10.08,-1.2,6.7,10.1,-2.88,12.85,-4.640000000000001,3.5500000000000003,492.16,33.489999999999995,10.879999999999999,18.46,-7.510000000000001,7.949999999999999,4.33,2.99,3.12,3.4400000000000004,9.709999999999999,4.07,24.02,16.59,-4.459999999999999,4.5
2023-02-17,2.8000000000000003,0.9700000000000001,3.4,122.67999999999999,7.1,100.74999999999999,-4.7299999999999995,32.8,-4.21,-3.62,18.45,16.13,12.08,7.23,4.11,6.8,1.83,6.7,8.34,5.140000000000001,4.449999999999999,16.68,4.9,3.5700000000000003,15.920000000000002,3.84,13.729999999999999,10.08,-1.2,6.7,10.1,-2.88,12.85,-4.640000000000001,3.5500000000000003,492.16,33.489999999999995,10.879999999999999,18.46,-7.510000000000001,7.949999999999999,4.33,2.99,3.12,3.4400000000000004,9.709999999999999,4.07,24.02,16.59,-4.459999999999999,4.5
2023-02-21,2.8000000000000003,0.9700000000000001,3.4,122.67999999999999,7.1,100.74999999999999,-4.7299999999999995,32.8,-4.21,-3.62,18.45,16.13,12.08,7.23,4.11,6.8,1.83,6.7,8.34,5.140000000000001,4.449999999999999,16.68,4.9,3.5700000000000003,15.920000000000002,3.84,13.729999999999999,10.08,-1.2,6.7,10.1,-2.88,12.85,-4.640000000000001,3.5500000000000003,492.16,33.489999999999995,10.879999999999999,18.46,-7.510000000000001,7.949999999999999,4.33,2.99,3.12,3.4400000000000004,9.709999999999999,4.07,24.02,16.59,-4.459999999999999,4.5
2023-02-22,2.8000000000000003,0.9700000000000001,3.4,122.67999999999999,7.1,100.74999999999999,-4.7299999999999995,32.8,-4.21,-3.62,18.45,16.13,12.08,7.23,4.11,6.8,1.83,6.7,8.34,5.140000000000001,4.449999999999999,16.68,4.9,3.5700000000000003,15.920000000000002,3.84,13.729999999999999,10.08,-1.2,6.7,10.1,-2.88,12.85,-4.640000000000001,3.5500000000000003,492.16,33.489999999999995,10.879999999999999,18.46,-7.510000000000001,7.949999999999999,4.33,2.99,3.12,3.4400000000000004,9.709999999999999,4.07,24.02,16.59,-4.459999999999999,4.5
2023-02-23,2.8000000000000003,0.9700000000000001,3.4,122.67999999999999,7.1,100.74999999999999,-4.7299999999999995,32.8,-4.21,-3.62,18.45,16.13,12.08,7.23,4.11,6.8,1.83,6.7,8.34,5.140000000000001,4.449999999999999,16.68,4.9,3.5700000000000003,15.920000000000002,3.84,13.729999999999999,10.08,-1.2,6.7,10.1,-2.88,12.85,-4.640000000000001,3.5500000000000003,492.16,33.489999999999995,10.879999999999999,18.46,-7.510000000000001,7.949999999999999,4.33,2.99,3.12,3.4400000000000004,9.709999999999999,4.07,24.02,16.59,-4.459999999999999,4.5
2023-02-24,2.8000000000000003,0.9700000000000001,3.4,122.67999999999999,7.1,100.74999999999999,-4.7299999999999995,32.8,-4.21,-3.62,18.45,16.13,12.08,7.23,4.11,6.8,1.83,6.7,8.34,5.140000000000001,4.449999999999999,16.68,4.9,3.5700000000000003,15.920000000000002,3.84,13.729999999999999,10.08,-1.2,6.7,10.1,-2.88,12.85,-4.640000000000001,3.5500000000000003,492.16,33.489999999999995,10.879999999999999,18.46,-7.510000000000001,7.949999999999999,4.33,2.99,3.12,3.4400000000000004,9.709999999999999,4.07,24.02,16.59,-4.459999999999999,4.5
2023-02-27,2.8000000000000003,0.9700000000000001,3.4,122.67999999999999,7.1,100.74999999999999,-4.7299999999999995,32.8,-4.21,-3.62,18.45,16.13,12.08,7.23,4.11,6.8,1.83,6.7,8.34,5.140000000000001,4.449999999999999,16.68,4.9,3.5700000000000003,15.920000000000002,3.84,13.729999999999999,10.08,-1.2,6.7,10.1,-2.88,12.85,-4.640000000000001,3.5500000000000003,492.16,33.489999999999995,10.879999999999999,18.46,-7.510000000000001,7.949999999999999,4.33,2.99,3.12,3.4400000000000004,9.709999999999999,4.07,24.02,16.59,-4.459999999999999,4.5
2023-02-28,2.8000000000000003,0.9700000000000001,3.4,131.10999999999999,7.1,100.74999999999999,-3.62,32.8,-4.21,-3.62,18.45,16.13,12.08,7.66,4.11,6.8,1.83,6.7,8.34,5.140000000000001,4.449999999999999,16.68,4.9,3.03,16.29,3.84,13.729999999999999,10.08,-1.2,6.7,10.1,-2.88,12.85,-4.640000000000001,3.47,492.16,33.489999999999995,10.879999999999999,18.46,-7.510000000000001,7.949999999999999,4.33,2.99,3.12,3.4400000000000004,9.709999999999999,4.07,24.02,16.59,-4.459999999999999,4.5
2023-03-01,2.8000000000000003,0.9700000000000001,3.4,131.10999999999999,7.1,100.74999999999999,-3.62,32.8,-4.21,-3.62,18.45,16.13,12.08,7.66,4.11,6.8,1.83,6.7,8.34,5.140000000000001,4.449999999999999,16.68,4.9,3.03,16.29,3.84,13.729999999999999,10.08,-1.2,6.7,10.1,-2.88,12.85,-4.640000000000001,3.47,492.16,33.489999999999995,10.879999999999999,18.46,-7.510000000000001,7.949999999999999,4.33,2.99,3.12,3.4400000000000004,9.709999999999999,4.07,24.02,16.59,-4.459999999999999,4.5
2023-03-02,2.8000000000000003,0.9700000000000001,3.4,131.10999999999999,7.1,100.74999999999999,-3.62,32.8,-4.21,-3.62,18.45,16.13,12.08,7.66,4.11,6.8,1.83,6.7,8.34,5.140000000000001,4.449999999999999,16.68,4.9,3.03,16.29,3.84,13.729999999999999,10.08,-1.2,6.7,10.1,-2.88,12.85,-4.640000000000001,3.47,492.16,33.489999999999995,10.879999999999999,18.46,-7.510000000000001,7.949999999999999,4.33,2.99,3.12,3.4400000000000004,9.709999999999999,4.07,24.02,16.59,-4.459999999999999,4.5
2023-03-03,2.8000000000000003,0.9700000000000001,3.4,131.10999999999999,7.1,100.74999999999999,-3.62,32.8,-4.21,-3.62,18.45,16.13,12.08,7.66,4.11,6.8,1.83,6.7,8.34,5.140000000000001,4.449999999999999,16.68,4.9,3.03,16.29,3.84,13.729999999999999,10.08,-1.2,6.7,10.1,-2.88,12.85,-4.640000000000001,3.47,492.16,33.489999999999995,10.879999999999999,18.46,-7.510000000000001,7.949999999999999,4.33,2.99,3.12,3.4400000000000004,9.709999999999999,4.07,24.02,16.59,-4.459999999999999,4.5
2023-03-06,2.8000000000000003,0.9700000000000001,3.4,131.10999999999999,7.1,100.74999999999999,-3.62,32.8,-4.21,-3.62,18.45,16.13,12.08,7.66,4.11,6.8,1.83,6.7,8.34,5.140000000000001,4.449999999999999,16.68,4.9,3.03,16.29,3.84,13.729999999999999,10.08,-1.2,6.7,10.1,-2.88,12.85,-4.640000000000001,3.47,492.16,33.489999999999995,10.879999999999999,18.46,-7.510000000000001,7.949999999999999,4.33,2.99,3.12,3.4400000000000004,9.709999999999999,4.07,24.02,16.59,-4.459999999999999,4.5
2023-03-07,2.8000000000000003,0.9700000000000001,3.4,131.10999999999999,7.1,100.74999999999999,-3.62,32.8,-4.21,-3.62,18.45,16.13,12.08,7.66,4.11,6.8,1.83,6.7,8.34,5.140000000000001,4.449999999999999,16.68,4.9,3.03,16.29,3.84,13.729999999999999,10.08,-1.2,6.7,10.1,-2.88,12.85,-4.640000000000001,3.47,492.16,33.489999999999995,10.879999999999999,18.46,-7.510000000000001,7.949999999999999,4.33,2.99,3.12,3.4400000000000004,9.709999999999999,4.07,24.02,16.59,-4.459999999999999,4.5
2023-03-08,2.8000000000000003,0.9700000000000001,3.4,131.10999999999999,7.1,100.74999999999999,-3.62,32.8,-4.21,-3.62,18.45,16.13,12.08,7.66,4.11,6.8,1.83,6.7,8.34,5.140000000000001,4.449999999999999,16.68,4.9,3.03,16.29,3.84,13.729999999999999,10.08,-1.2,6.7,10.1,-2.88,12.85,-4.640000000000001,3.47,492.16,33.489999999999995,10.879999999999999,18.46,-7.510000000000001,7.949999999999999,4.33,2.99,3.12,3.4400000000000004,9.709999999999999,4.07,24.02,16.59,-4.459999999999999,4.5
2023-03-09,2.8000000000000003,0.9700000000000001,3.4,131.10999999999999,7.1,100.74999999999999,-3.62,32.8,-4.21,-3.62,18.45,16.13,12.08,7.66,4.11,6.8,1.83,6.7,8.34,5.140000000000001,4.449999999999999,16.68,4.9,3.03,16.29,3.84,13.729999999999999,10.08,-1.2,6.7,10.1,-2.88,12.85,-4.640000000000001,3.47,492.16,33.489999999999995,10.879999999999999,18.46,-7.510000000000001,7.949999999999999,4.33,2.99,3.12,3.4400000000000004,9.709999999999999,4.07,24.02,16.59,-4.459999999999999,4.5
2023-03-10,2.8000000000000003,0.9700000000000001,3.4,131.10999999999999,7.1,100.74999999999999,-3.62,32.8,-4.21,-3.62,18.45,16.13,12.08,7.66,4.11,6.8,1.83,6.7,8.34,5.140000000000001,4.449999999999999,16.68,4.9,3.03,16.29,3.84,13.729999999999999,10.08,-1.2,6.7,10.1,-2.88,12.85,-4.640000000000001,3.47,492.16,33.489999999999995,10.879999999999999,18.46,-7.510000000000001,7.949999999999999,4.33,2.99,3.12,3.4400000000000004,9.709999999999999,4.07,24.02,16.59,-4.459999999999999,4.5
2023-03-13,2.8000000000000003,0.9700000000000001,3.4,131.10999999999999,7.1,100.74999999999999,-3.62,32.8,-4.21,-3.62,18.45,16.13,12.08,7.66,4.11,6.8,1.83,6.7,8.34,5.140000000000001,4.449999999999999,16.68,4.9,3.03,16.29,3.84,13.729999999999999,10.08,-1.2,6.7,10.1,-2.88,12.85,-4.640000000000001,3.47,492.16,33.489999999999995,10.879999999999999,18.46,-7.510000000000001,7.949999999999999,4.33,2.99,3.12,3.4400000000000004,9.709999999999999,4.07,24.02,16.59,-4.459999999999999,4.5
2023-03-14,2.8000000000000003,0.9700000000000001,3.4,131.10999999999999,7.1,100.74999999999999,-3.62,32.8,-4.21,-3.62,18.45,16.13,12.08,7.66,4.11,6.8,1.83,6.7,8.34,5.140000000000001,4.449999999999999,16.68,4.9,3.03,16.29,3.84,13.729999999999999,10.08,-1.2,6.7,10.1,-2.88,12.85,-4.640000000000001,3.47,492.16,33.489999999999995,10.879999999999999,18.46,-7.510000000000001,7.949999999999999,4.33,2.99,3.12,3.4400000000000004,9.709999999999999,4.07,24.02,16.59,-4.459999999999999,4.5
2023-03-15,2.8000000000000003,0.9700000000000001,3.4,131.10999999999999,7.1,100.74999999999999,-3.62,32.8,-4.21,-3.62,18.45,16.13,12.08,7.66,4.11,6.8,1.83,6.7,8.34,5.140000000000001,4.449999999999999,16.68,4.9,3.03,16.29,3.84,13.729999999999999,10.08,-1.2,6.7,10.1,-2.88,12.85,-4.640000000000001,3.47,492.16,33.489999999999995,10.879999999999999,18.46,-7.510000000000001,7.949999999999999,4.33,2.99,3.12,3.4400000000000004,9.709999999999999,4.07,24.02,16.59,-4.459999999999999,4.5
2023-03-16,2.8000000000000003,0.9700000000000001,3.4,131.10999999999999,7.1,100.74999999999999,-3.62,32.8,-4.21,-3.62,18.45,16.13,12.08,7.66,4.11,6.8,1.83,6.7,8.34,5.140000000000001,4.449999999999999,16.68,4.9,3.03,16.29,3.84,13.729999999999999,10.08,-1.2,6.7,10.1,-2.88,12.85,-4.640000000000001,3.47,492.16,33.489999999999995,10.879999999999999,18.46,-7.510000000000001,7.949999999999999,4.33,2.99,3.12,3.4400000000000004,9.709999999999999,4.07,24.02,16.59,-4.459999999999999,4.5
2023-03-17,2.8000000000000003,0.9700000000000001,3.4,131.10999999999999,7.1,100.74999999999999,-3.62,32.8,-4.21,-3.62,18.45,16.13,12.08,7.66,4.11,6.8,1.83,6.7,8.34,5.140000000000001,4.449999999999999,16.68,4.9,3.03,16.29,3.84,13.729999999999999,10.08,-1.2,6.7,10.1,-2.88,12.85,-4.640000000000001,3.47,492.16,33.489999999999995,10.879999999999999,18.46,-7.510000000000001,7.949999999999999,4.33,2.99,3.12,3.4400000000000004,9.709999999999999,4.07,24.02,16.59,-4.459999999999999,4.5
2023-03-20,2.8000000000000003,0.9700000000000001,3.4,131.10999999999999,7.1,100.74999999999999,-3.62,32.8,-4.21,-3.62,18.45,16.13,12.08,7.66,4.11,6.8,1.83,6.7,8.34,5.140000000000001,4.449999999999999,16.68,4.9,3.03,16.29,3.84,13.729999999999999,10.08,-1.2,6.7,10.1,-2.88,12.85,-4.640000000000001,3.47,492.16,33.489999999999995,10.879999999999999,18.46,-7.510000000000001,7.949999999999999,4.33,2.99,3.12,3.4400000000000004,9.709999999999999,4.07,24.02,16.59,-4.459999999999999,4.5
2023-03-21,2.8000000000000003,0.9700000000000001,3.4,131.10999999999999,7.1,100.74999999999999,-3.62,32.8,-4.21,-3.62,18.45,16.13,12.08,7.66,4.11,6.8,1.83,6.7,8.34,5.140000000000001,4.449999999999999,16.68,4.9,3.03,16.29,3.84,13.729999999999999,10.08,-1.2,6.7,10.1,-2.88,12.85,-4.640000000000001,3.47,492.16,33.489999999999995,10.879999999999999,18.46,-7.510000000000001,7.949999999999999,4.33,2.99,3.12,3.4400000000000004,9.709999999999999,4.07,24.02,16.59,-4.459999999999999,4.5
2023-03-22,2.8000000000000003,0.9700000000000001,3.4,131.10999999999999,7.1,100.74999999999999,-3.62,32.8,-4.21,-3.62,18.45,16.13,12.08,7.66,4.11,6.8,1.83,6.7,8.34,5.140000000000001,4.449999999999999,16.68,4.9,3.03,16.29,3.84,13.729999999999999,10.08,-1.2,6.7,10.1,-2.88,12.85,-4.640000000000001,3.47,492.16,33.489999999999995,10.879999999999999,18.46,-7.510000000000001,7.949999999999999,4.33,2.99,3.12,3.4400000000000004,9.709999999999999,4.07,24.02,16.59,-4.459999999999999,4.5
2023-03-23,2.8000000000000003,0.9700000000000001,3.4,131.10999999999999,7.1,100.74999999999999,-3.62,32.8,-4.21,-3.62,18.45,16.13,12.08,7.66,4.11,6.8,1.83,6.7,8.34,5.140000000000001,4.449999999999999,16.68,4.9,3.03,16.29,3.84,13.729999999999999,10.08,-1.2,6.7,10.1,-2.88,12.85,-4.640000000000001,3.47,492.16,33.489999999999995,10.879999999999999,18.46,-7.510000000000001,7.949999999999999,4.33,2.99,3.12,3.4400000000000004,9.709999999999999,4.07,24.02,16.59,-4.459999999999999,4.5
2023-03-24,2.8000000000000003,0.9700000000000001,3.4,131.10999999999999,7.1,100.74999999999999,-3.62,32.8,-4.21,-3.62,18.45,16.13,12.08,7.66,4.11,6.8,1.83,6.7,8.34,5.140000000000001,4.449999999999999,16.68,4.9,3.03,16.29,3.84,13.729999999999999,10.08,-1.2,6.7,10.1,-2.88,12.85,-4.640000000000001,3.47,492.16,33.489999999999995,10.879999999999999,18.46,-7.510000000000001,7.949999999999999,4.33,2.99,3.12,3.4400000000000004,9.709999999999999,4.07,24.02,16.59,-4.459999999999999,4.5
2023-03-27,2.8000000000000003,0.9700000000000001,3.4,131.10999999999999,7.1,100.74999999999999,-3.62,32.8,-4.21,-3.62,18.45,16.13,12.08,7.66,4.11,6.8,1.83,6.7,8.34,5.140000000000001,4.449999999999999,16.68,4.9,3.03,16.29,3.84,13.729999999999999,10.08,-1.2,6.7,10.1,-2.88,12.85,-4.640000000000001,3.47,492.16,33.489999999999995,10.879999999999999,18.46,-7.510000000000001,7.949999999999999,4.33,2.99,3.12,3.4400000000000004,9.709999999999999,4.07,24.02,16.59,-4.459999999999999,4.5
2023-03-28,2.8000000000000003,0.9700000000000001,3.4,131.10999999999999,7.1,100.74999999999999,-3.62,32.8,-4.21,-3.62,18.45,16.13,12.08,7.66,4.11,6.8,1.83,6.7,8.34,5.140000000000001,4.449999999999999,16.68,4.9,3.03,16.29,3.84,13.729999999999999,10.08,-1.2,6.7,10.1,-2.88,12.85,-4.640000000000001,3.47,492.16,33.489999999999995,10.879999999999999,18.46,-7.510000000000001,7.949999999999999,4.33,2.99,3.12,3.4400000000000004,9.709999999999999,4.07,24.02,16.59,-4.459999999999999,4.5
2023-03-29,2.8000000000000003,0.9700000000000001,3.4,131.10999999999999,7.1,100.74999999999999,-3.62,32.8,-4.21,-3.62,18.45,16.13,12.08,7.66,4.11,6.8,1.83,6.7,8.34,5.140000000000001,4.449999999999999,16.68,4.9,3.03,16.29,3.84,13.729999999999999,10.08,-1.2,6.7,10.1,-2.88,12.85,-4.640000000000001,3.47,492.16,33.489999999999995,10.879999999999999,18.46,-7.510000000000001,7.949999999999999,4.33,2.99,3.12,3.4400000000000004,9.709999999999999,4.07,24.02,16.59,-4.459999999999999,4.5
2023-03-30,2.8000000000000003,0.9700000000000001,3.4,131.10999999999999,7.1,100.74999999999999,-3.62,32.8,-4.21,-3.62,18.45,16.13,12.08,7.66,4.11,6.8,1.83,6.7,8.34,5.140000000000001,4.449999999999999,16.68,4.9,3.03,16.29,3.84,13.729999999999999,10.08,-1.2,6.7,10.1,-2.88,12.85,-4.640000000000001,3.47,492.16,33.489999999999995,10.879999999999999,18.46,-7.510000000000001,7.949999999999999,4.33,2.99,3.12,3.4400000000000004,9.709999999999999,4.07,24.02,16.59,-4.459999999999999,4.5
2023-03-31,3.0100000000000002,0.9099999999999999,3.68,131.10999999999999,7.1,108.44999999999999,-3.62,37.6,-1.6599999999999997,-3.55,19.400000000000002,14.83,12.51,7.66,4.17,7.069999999999999,2.2,7.56,8.62,5.049999999999999,3.8899999999999997,16.68,5.430000000000001,3.03,16.29,3.88,13.729999999999999,10.08,-0.52,7.54,10.45,-2.4499999999999997,10.82,-3.1199999999999997,3.47,475.49,34.6,11.4,16.810000000000002,-3.1700000000000004,8.36,4.33,3.1399999999999997,3.12,3.71,9.71,3.85,24.02,16.59,-2.96,4.51
2023-04-03,3.0100000000000002,0.9099999999999999,3.68,131.10999999999999,7.1,108.44999999999999,-3.62,37.6,-1.6599999999999997,-3.55,19.400000000000002,14.83,12.51,7.66,4.17,7.069999999999999,2.2,7.56,8.62,5.049999999999999,3.8899999999999997,16.68,5.430000000000001,3.03,16.29,3.88,13.729999999999999,10.08,-0.52,7.54,10.45,-2.4499999999999997,10.82,-3.1199999999999997,3.47,475.49,34.6,11.4,16.810000000000002,-3.1700000000000004,8.36,4.33,3.1399999999999997,3.12,3.71,9.71,3.85,24.02,16.59,-2.96,4.51
2023-04-04,3.0100000000000002,0.9099999999999999,3.68,131.10999999999999,7.1,108.44999999999999,-3.62,37.6,-1.6599999999999997,-3.55,19.400000000000002,14.83,12.51,7.66,4.17,7.069999999999999,2.2,7.56,8.62,5.049999999999999,3.8899999999999997,16.68,5.430000000000001,3.03,16.29,3.88,13.729999999999999,10.08,-0.52,7.54,10.45,-2.4499999999999997,10.82,-3.1199999999999997,3.47,475.49,34.6,11.4,16.810000000000002,-3.1700000000000004,8.36,4.33,3.1399999999999997,3.12,3.71,9.71,3.85,24.02,16.59,-2.96,4.51
2023-04-05,3.0100000000000002,0.9099999999999999,3.68,131.10999999999999,7.1,108.44999999999999,-3.62,37.6,-1.6599999999999997,-3.55,19.400000000000002,14.83,12.51,7.66,4.17,7.069999999999999,2.2,7.56,8.62,5.049999999999999,3.8899999999999997,16.68,5.430000000000001,3.03,16.29,3.88,13.729999999999999,10.08,-0.52,7.54,10.45,-2.4499999999999997,10.82,-3.1199999999999997,3.47,475.49,34.6,11.4,16.810000000000002,-3.1700000000000004,8.36,4.33,3.1399999999999997,3.12,3.71,9.71,3.85,24.02,16.59,-2.96,4.51
2023-04-06,3.0100000000000002,0.9099999999999999,3.68,131.10999999999999,7.1,108.44999999999999,-3.62,37.6,-1.6599999999999997,-3.55,19.400000000000002,14.83,12.51,7.66,4.17,7.069999999999999,2.2,7.56,8.62,5.049999999999999,3.8899999999999997,16.68,5.430000000000001,3.03,16.29,3.88,13.729999999999999,10.08,-0.52,7.54,10.45,-2.4499999999999997,10.82,-3.1199999999999997,3.47,475.49,34.6,11.4,16.810000000000002,-3.1700000000000004,8.36,4.33,3.1399999999999997,3.12,3.71,9.71,3.85,24.02,16.59,-2.96,4.51
2023-04-10,3.0100000000000002,0.9099999999999999,3.68,131.10999999999999,7.1,108.44999999999999,-3.62,37.6,-1.6599999999999997,-3.55,19.400000000000002,14.83,12.51,7.66,4.17,7.069999999999999,2.2,7.56,8.62,5.049999999999999,3.8899999999999997,16.68,5.430000000000001,3.03,16.29,3.88,13.729999999999999,10.08,-0.52,7.54,10.45,-2.4499999999999997,10.82,-3.1199999999999997,3.47,475.49,34.6,11.4,16.810000000000002,-3.1700000000000004,8.36,4.33,3.1399999999999997,3.12,3.71,9.71,3.85,24.02,16.59,-2.96,4.51
2023-04-11,3.0100000000000002,0.9099999999999999,3.68,131.10999999999999,7.1,108.44999999999999,-3.62,37.6,-1.6599999999999997,-3.55,19.400000000000002,14.83,12.51,7.66,4.17,7.069999999999999,2.2,7.56,8.62,5.049999999999999,3.8899999999999997,16.68,5.430000000000001,3.03,16.29,3.88,13.729999999999999,10.08,-0.52,7.54,10.45,-2.4499999999999997,10.82,-3.1199999999999997,3.47,475.49,34.6,11.4,16.810000000000002,-3.1700000000000004,8.36,4.33,3.1399999999999997,3.12,3.71,9.71,3.85,24.02,16.59,-2.96,4.51
2023-04-12,3.0100000000000002,0.9099999999999999,3.68,131.10999999999999,7.1,108.44999999999999,-3.62,37.6,-1.6599999999999997,-3.55,19.400000000000002,14.83,12.51,7.66,4.17,7.069999999999999,2.2,7.56,8.62,5.049999999999999,3.8899999999999997,16.68,5.430000000000001,3.03,16.29,3.88,13.729999999999999,10.08,-0.52,7.54,10.45,-2.4499999999999997,10.82,-3.1199999999999997,3.47,475.49,34.6,11.4,16.810000000000002,-3.1700000000000004,8.36,4.33,3.1399999999999997,3.12,3.71,9.71,3.85,24.02,16.59,-2.96,4.51
2023-04-13,3.0100000000000002,0.9099999999999999,3.68,131.10999999999999,7.1,108.44999999999999,-3.62,37.6,-1.6599999999999997,-3.55,19.400000000000002,14.83,12.51,7.66,4.17,7.069999999999999,2.2,7.56,8.62,5.049999999999999,3.8899999999999997,16.68,5.430000000000001,3.03,16.29,3.88,13.729999999999999,10.08,-0.52,7.54,10.45,-2.4499999999999997,10.82,-3.1199999999999997,3.47,475.49,34.6,11.4,16.810000000000002,-3.1700000000000004,8.36,4.33,3.1399999999999997,3.12,3.71,9.71,3.85,24.02,16.59,-2.96,4.51
2023-04-14,3.0100000000000002,0.9099999999999999,3.68,131.10999999999999,7.1,108.44999999999999,-3.62,37.6,-1.6599999999999997,-3.55,19.400000000000002,14.83,12.51,7.66,4.17,7.069999999999999,2.2,7.56,8.62,5.049999999999999,3.8899999999999997,16.68,5.430000000000001,3.03,16.29,3.88,13.729999999999999,10.08,-0.52,7.54,10.45,-2.4499999999999997,10.82,-3.1199999999999997,3.47,475.49,34.6,11.4,16.810000000000002,-3.1700000000000004,8.36,4.33,3.1399999999999997,3.12,3.71,9.71,3.85,24.02,16.59,-2.96,4.51
2023-04-17,3.0100000000000002,0.9099999999999999,3.68,131.10999999999999,7.1,108.44999999999999,-3.62,37.6,-1.6599999999999997,-3.55,19.400000000000002,14.83,12.51,7.66,4.17,7.069999999999999,2.2,7.56,8.62,5.049999999999999,3.8899999999999997,16.68,5.430000000000001,3.03,16.29,3.88,13.729999999999999,10.08,-0.52,7.54,10.45,-2.4499999999999997,10.82,-3.1199999999999997,3.47,475.49,34.6,11.4,16.810000000000002,-3.1700000000000004,8.36,4.33,3.1399999999999997,3.12,3.71,9.71,3.85,24.02,16.59,-2.96,4.51
2023-04-18,3.0100000000000002,0.9099999999999999,3.68,131.10999999999999,7.1,108.44999999999999,-3.62,37.6,-1.6599999999999997,-3.55,19.400000000000002,14.83,12.51,7.66,4.17,7.069999999999999,2.2,7.56,8.62,5.049999999999999,3.8899999999999997,16.68,5.430000000000001,3.03,16.29,3.88,13.729999999999999,10.08,-0.52,7.54,10.45,-2.4499999999999997,10.82,-3.1199999999999997,3.47,475.49,34.6,11.4,16.810000000000002,-3.1700000000000004,8.36,4.33,3.1399999999999997,3.12,3.71,9.71,3.85,24.02,16.59,-2.96,4.51
2023-04-19,3.0100000000000002,0.9099999999999999,3.68,131.10999999999999,7.1,108.44999999999999,-3.62,37.6,-1.6599999999999997,-3.55,19.400000000000002,14.83,12.51,7.66,4.17,7.069999999999999,2.2,7.56,8.62,5.049999999999999,3.8899999999999997,16.68,5.430000000000001,3.03,16.29,3.88,13.729999999999999,10.08,-0.52,7.54,10.45,-2.4499999999999997,10.82,-3.1199999999999997,3.47,475.49,34.6,11.4,16.810000000000002,-3.1700000000000004,8.36,4.33,3.1399999999999997,3.12,3.71,9.71,3.85,24.02,16.59,-2.96,4.51
2023-04-20,3.0100000000000002,0.9099999999999999,3.68,131.10999999999999,7.1,108.44999999999999,-3.62,37.6,-1.6599999999999997,-3.55,19.400000000000002,14.83,12.51,7.66,4.17,7.069999999999999,2.2,7.56,8.62,5.049999999999999,3.8899999999999997,16.68,5.430000000000001,3.03,16.29,3.88,13.729999999999999,10.08,-0.52,7.54,10.45,-2.4499999999999997,10.82,-3.1199999999999997,3.47,475.49,34.6,11.4,16.810000000000002,-3.1700000000000004,8.36,4.33,3.1399999999999997,3.12,3.71,9.71,3.85,24.02,16.59,-2.96,4.51
2023-04-21,3.0100000000000002,0.9099999999999999,3.68,131.10999999999999,7.1,108.44999999999999,-3.62,37.6,-1.6599999999999997,-3.55,19.400000000000002,14.83,12.51,7.66,4.17,7.069999999999999,2.2,7.56,8.62,5.049999999999999,3.8899999999999997,16.68,5.430000000000001,3.03,16.29,3.88,13.729999999999999,10.08,-0.52,7.54,10.45,-2.4499999999999997,10.82,-3.1199999999999997,3.47,475.49,34.6,11.4,16.810000000000002,-3.1700000000000004,8.36,4.33,3.1399999999999997,3.12,3.71,9.71,3.85,24.02,16.59,-2.96,4.51
2023-04-24,3.0100000000000002,0.9099999999999999,3.68,131.10999999999999,7.1,108.44999999999999,-3.62,37.6,-1.6599999999999997,-3.55,19.400000000000002,14.83,12.51,7.66,4.17,7.069999999999999,2.2,7.56,8.62,5.049999999999999,3.8899999999999997,16.68,5.430000000000001,3.03,16.29,3.88,13.729999999999999,10.08,-0.52,7.54,10.45,-2.4499999999999997,10.82,-3.1199999999999997,3.47,475.49,34.6,11.4,16.810000000000002,-3.1700000000000004,8.36,4.33,3.1399999999999997,3.12,3.71,9.71,3.85,24.02,16.59,-2.96,4.51
2023-04-25,3.0100000000000002,0.9099999999999999,3.68,131.10999999999999,7.1,108.44999999999999,-3.62,37.6,-1.6599999999999997,-3.55,19.400000000000002,14.83,12.51,7.66,4.17,7.069999999999999,2.2,7.56,8.62,5.049999999999999,3.8899999999999997,16.68,5.430000000000001,3.03,16.29,3.88,13.729999999999999,10.08,-0.52,7.54,10.45,-2.4499999999999997,10.82,-3.1199999999999997,3.47,475.49,34.6,11.4,16.810000000000002,-3.1700000000000004,8.36,4.33,3.1399999999999997,3.12,3.71,9.71,3.85,24.02,16.59,-2.96,4.51
2023-04-26,3.0100000000000002,0.9099999999999999,3.68,131.10999999999999,7.1,108.44999999999999,-3.62,37.6,-1.6599999999999997,-3.55,19.400000000000002,14.83,12.51,7.66,4.17,7.069999999999999,2.2,7.56,8.62,5.049999999999999,3.8899999999999997,16.68,5.430000000000001,3.03,16.29,3.88,13.729999999999999,10.08,-0.52,7.54,10.45,-2.4499999999999997,10.82,-3.1199999999999997,3.47,475.49,34.6,11.4,16.810000000000002,-3.1700000000000004,8.36,4.33,3.1399999999999997,3.12,3.71,9.71,3.85,24.02,16.59,-2.96,4.51
2023-04-27,3.0100000000000002,0.9099999999999999,3.68,131.10999999999999,7.1,108.44999999999999,-3.62,37.6,-1.6599999999999997,-3.55,19.400000000000002,14.83,12.51,7.66,4.17,7.069999999999999,2.2,7.56,8.62,5.049999999999999,3.8899999999999997,16.68,5.430000000000001,3.03,16.29,3.88,13.729999999999999,10.08,-0.52,7.54,10.45,-2.4499999999999997,10.82,-3.1199999999999997,3.47,475.49,34.6,11.4,16.810000000000002,-3.1700000000000004,8.36,4.33,3.1399999999999997,3.12,3.71,9.71,3.85,24.02,16.59,-2.96,4.51
2023-04-28,3.0100000000000002,0.9099999999999999,3.68,131.10999999999999,7.1,108.44999999999999,-3.62,37.6,-1.6599999999999997,-3.55,19.400000000000002,14.83,12.51,7.66,4.17,7.069999999999999,2.2,7.56,8.62,5.049999999999999,3.8899999999999997,16.68,5.430000000000001,3.03,16.29,3.88,13.729999999999999,10.08,-0.52,7.54,10.45,-2.4499999999999997,10.82,-3.1199999999999997,3.47,475.49,34.6,11.4,16.810000000000002,-3.1700000000000004,8.36,4.33,3.1399999999999997,3.12,3.71,9.71,3.85,24.02,16.59,-2.96,4.51
2023-05-01,3.0100000000000002,0.9099999999999999,3.68,131.10999999999999,6.68,108.44999999999999,-3.62,37.6,-1.6599999999999997,-3.55,19.400000000000002,14.83,12.51,7.66,4.17,7.069999999999999,2.2,7.56,8.62,5.049999999999999,3.8899999999999997,16.41,5.430000000000001,3.03,16.29,3.88,13.889999999999999,10.88,-0.52,7.54,10.45,-2.4499999999999997,10.82,-3.1199999999999997,3.47,475.49,34.6,11.4,16.810000000000002,-3.1700000000000004,8.36,4.510000000000001,3.1399999999999997,3.2,3.71,9.71,3.85,24.599999999999998,15.44,-2.96,4.51
2023-05-02,3.0100000000000002,0.9099999999999999,3.68,131.10999999999999,6.68,108.44999999999999,-3.62,37.6,-1.6599999999999997,-3.55,19.400000000000002,14.83,12.51,7.66,4.17,7.069999999999999,2.2,7.56,8.62,5.049999999999999,3.8899999999999997,16.41,5.430000000000001,3.03,16.29,3.88,13.889999999999999,10.88,-0.52,7.54,10.45,-2.4499999999999997,10.82,-3.1199999999999997,3.47,475.49,34.6,11.4,16.810000000000002,-3.1700000000000004,8.36,4.510000000000001,3.1399999999999997,3.2,3.71,9.71,3.85,24.599999999999998,15.44,-2.96,4.51
2023-05-03,3.0100000000000002,0.9099999999999999,3.68,131.10999999999999,6.68,108.44999999999999,-3.62,37.6,-1.6599999999999997,-3.55,19.400000000000002,14.83,12.51,7.66,4.17,7.069999999999999,2.2,7.56,8.62,5.049999999999999,3.8899999999999997,16.41,5.430000000000001,3.03,16.29,3.88,13.889999999999999,10.88,-0.52,7.54,10.45,-2.4499999999999997,10.82,-3.1199999999999997,3.47,475.49,34.6,11.4,16.810000000000002,-3.1700000000000004,8.36,4.510000000000001,3.1399999999999997,3.2,3.71,9.71,3.85,24.599999999999998,15.44,-2.96,4.51
2023-05-04,3.0100000000000002,0.9099999999999999,3.68,131.10999999999999,6.68,108.44999999999999,-3.62,37.6,-1.6599999999999997,-3.55,19.400000000000002,14.83,12.51,7.66,4.17,7.069999999999999,2.2,7.56,8.62,5.049999999999999,3.8899999999999997,16.41,5.430000000000001,3.03,16.29,3.88,13.889999999999999,10.88,-0.52,7.54,10.45,-2.4499999999999997,10.82,-3.1199999999999997,3.47,475.49,34.6,11.4,16.810000000000002,-3.1700000000000004,8.36,4.510000000000001,3.1399999999999997,3.2,3.71,9.71,3.85,24.599999999999998,15.44,-2.96,4.51
2023-05-05,3.0100000000000002,0.9099999999999999,3.68,131.10999999999999,6.68,108.44999999999999,-3.62,37.6,-1.6599999999999997,-3.55,19.400000000000002,14.83,12.51,7.66,4.17,7.069999999999999,2.2,7.56,8.62,5.049999999999999,3.8899999999999997,16.41,5.430000000000001,3.03,16.29,3.88,13.889999999999999,10.88,-0.52,7.54,10.45,-2.4499999999999997,10.82,-3.1199999999999997,3.47,475.49,34.6,11.4,16.810000000000002,-3.1700000000000004,8.36,4.510000000000001,3.1399999999999997,3.2,3.71,9.71,3.85,24.599999999999998,15.44,-2.96,4.51
2023-05-08,3.0100000000000002,0.9099999999999999,3.68,131.10999999999999,6.68,108.44999999999999,-3.62,37.6,-1.6599999999999997,-3.55,19.400000000000002,14.83,12.51,7.66,4.17,7.069999999999999,2.2,7.56,8.62,5.049999999999999,3.8899999999999997,16.41,5.430000000000001,3.03,16.29,3.88,13.889999999999999,10.88,-0.52,7.54,10.45,-2.4499999999999997,10.82,-3.1199999999999997,3.47,475.49,34.6,11.4,16.810000000000002,-3.1700000000000004,8.36,4.510000000000001,3.1399999999999997,3.2,3.71,9.71,3.85,24.599999999999998,15.44,-2.96,4.51
2023-05-09,3.0100000000000002,0.9099999999999999,3.68,131.10999999999999,6.68,108.44999999999999,-3.62,37.6,-1.6599999999999997,-3.55,19.400000000000002,14.83,12.51,7.66,4.17,7.069999999999999,2.2,7.56,8.62,5.049999999999999,3.8899999999999997,16.41,5.430000000000001,3.03,16.29,3.88,13.889999999999999,10.88,-0.52,7.54,10.45,-2.4499999999999997,10.82,-3.1199999999999997,3.47,475.49,34.6,11.4,16.810000000000002,-3.1700000000000004,8.36,4.510000000000001,3.1399999999999997,3.2,3.71,9.71,3.85,24.599999999999998,15.44,-2.96,4.51
2023-05-10,3.0100000000000002,0.9099999999999999,3.68,131.10999999999999,6.68,108.44999999999999,-3.62,37.6,-1.6599999999999997,-3.55,19.400000000000002,14.83,12.51,7.66,4.17,7.069999999999999,2.2,7.56,8.62,5.049999999999999,3.8899999999999997,16.41,5.430000000000001,3.03,16.29,3.88,13.889999999999999,10.88,-0.52,7.54,10.45,-2.4499999999999997,10.82,-3.1199999999999997,3.47,475.49,34.6,11.4,16.810000000000002,-3.1700000000000004,8.36,4.510000000000001,3.1399999999999997,3.2,3.71,9.71,3.85,24.599999999999998,15.44,-2.96,4.51
2023-05-11,3.0100000000000002,0.9099999999999999,3.68,131.10999999999999,6.68,108.44999999999999,-3.62,37.6,-1.6599999999999997,-3.55,19.400000000000002,14.83,12.51,7.66,4.17,7.069999999999999,2.2,7.56,8.62,5.049999999999999,3.8899999999999997,16.41,5.430000000000001,3.03,16.29,3.88,13.889999999999999,10.88,-0.52,7.54,10.45,-2.4499999999999997,10.82,-3.1199999999999997,3.47,475.49,34.6,11.4,16.810000000000002,-3.1700000000000004,8.36,4.510000000000001,3.1399999999999997,3.2,3.71,9.71,3.85,24.599999999999998,15.44,-2.96,4.51
2023-05-12,3.0100000000000002,0.9099999999999999,3.68,131.10999999999999,6.68,108.44999999999999,-3.62,37.6,-1.6599999999999997,-3.55,19.400000000000002,14.83,12.51,7.66,4.17,7.069999999999999,2.2,7.56,8.62,5.049999999999999,3.8899999999999997,16.41,5.430000000000001,3.03,16.29,3.88,13.889999999999999,10.88,-0.52,7.54,10.45,-2.4499999999999997,10.82,-3.1199999999999997,3.47,475.49,34.6,11.4,16.810000000000002,-3.1700000000000004,8.36,4.510000000000001,3.1399999999999997,3.2,3.71,9.71,3.85,24.599999999999998,15.44,-2.96,4.51
2023-05-15,3.0100000000000002,0.9099999999999999,3.68,131.10999999999999,6.68,108.44999999999999,-3.62,37.6,-1.6599999999999997,-3.55,19.400000000000002,14.83,12.51,7.66,4.17,7.069999999999999,2.2,7.56,8.62,5.049999999999999,3.8899999999999997,16.41,5.430000000000001,3.03,16.29,3.88,13.889999999999999,10.88,-0.52,7.54,10.45,-2.4499999999999997,10.82,-3.1199999999999997,3.47,475.49,34.6,11.4,16.810000000000002,-3.1700000000000004,8.36,4.510000000000001,3.1399999999999997,3.2,3.71,9.71,3.85,24.599999999999998,15.44,-2.96,4.51
2023-05-16,3.0100000000000002,0.9099999999999999,3.68,131.10999999999999,6.68,108.44999999999999,-3.62,37.6,-1.6599999999999997,-3.55,19.400000000000002,14.83,12.51,7.66,4.17,7.069999999999999,2.2,7.56,8.62,5.049999999999999,3.8899999999999997,16.41,5.430000000000001,3.03,16.29,3.88,13.889999999999999,10.88,-0.52,7.54,10.45,-2.4499999999999997,10.82,-3.1199999999999997,3.47,475.49,34.6,11.4,16.810000000000002,-3.1700000000000004,8.36,4.510000000000001,3.1399999999999997,3.2,3.71,9.71,3.85,24.599999999999998,15.44,-2.96,4.51
2023-05-17,3.0100000000000002,0.9099999999999999,3.68,131.10999999999999,6.68,108.44999999999999,-3.62,37.6,-1.6599999999999997,-3.55,19.400000000000002,14.83,12.51,7.66,4.17,7.069999999999999,2.2,7.56,8.62,5.049999999999999,3.8899999999999997,16.41,5.430000000000001,3.03,16.29,3.88,13.889999999999999,10.88,-0.52,7.54,10.45,-2.4499999999999997,10.82,-3.1199999999999997,3.47,475.49,34.6,11.4,16.810000000000002,-3.1700000000000004,8.36,4.510000000000001,3.1399999999999997,3.2,3.71,9.71,3.85,24.599999999999998,15.44,-2.96,4.51
2023-05-18,3.0100000000000002,0.9099999999999999,3.68,131.10999999999999,6.68,108.44999999999999,-3.62,37.6,-1.6599999999999997,-3.55,19.400000000000002,14.83,12.51,7.66,4.17,7.069999999999999,2.2,7.56,8.62,5.049999999999999,3.8899999999999997,16.41,5.430000000000001,3.03,16.29,3.88,13.889999999999999,10.88,-0.52,7.54,10.45,-2.4499999999999997,10.82,-3.1199999999999997,3.47,475.49,34.6,11.4,16.810000000000002,-3.1700000000000004,8.36,4.510000000000001,3.1399999999999997,3.2,3.71,9.71,3.85,24.599999999999998,15.44,-2.96,4.51
2023-05-19,3.0100000000000002,0.9099999999999999,3.68,131.10999999999999,6.68,108.44999999999999,-3.62,37.6,-1.6599999999999997,-3.55,19.400000000000002,14.83,12.51,7.66,4.17,7.069999999999999,2.2,7.56,8.62,5.049999999999999,3.8899999999999997,16.41,5.430000000000001,3.03,16.29,3.88,13.889999999999999,10.88,-0.52,7.54,10.45,-2.4499999999999997,10.82,-3.1199999999999997,3.47,475.49,34.6,11.4,16.810000000000002,-3.1700000000000004,8.36,4.510000000000001,3.1399999999999997,3.2,3.71,9.71,3.85,24.599999999999998,15.44,-2.96,4.51
2023-05-22,3.0100000000000002,0.9099999999999999,3.68,131.10999999999999,6.68,108.44999999999999,-3.62,37.6,-1.6599999999999997,-3.55,19.400000000000002,14.83,12.51,7.66,4.17,7.069999999999999,2.2,7.56,8.62,5.049999999999999,3.8899999999999997,16.41,5.430000000000001,3.03,16.29,3.88,13.889999999999999,10.88,-0.52,7.54,10.45,-2.4499999999999997,10.82,-3.1199999999999997,3.47,475.49,34.6,11.4,16.810000000000002,-3.1700000000000004,8.36,4.510000000000001,3.1399999999999997,3.2,3.71,9.71,3.85,24.599999999999998,15.44,-2.96,4.51
2023-05-23,3.0100000000000002,0.9099999999999999,3.68,131.10999999999999,6.68,108.44999999999999,-3.62,37.6,-1.6599999999999997,-3.55,19.400000000000002,14.83,12.51,7.66,4.17,7.069999999999999,2.2,7.56,8.62,5.049999999999999,3.8899999999999997,16.41,5.430000000000001,3.03,16.29,3.88,13.889999999999999,10.88,-0.52,7.54,10.45,-2.4499999999999997,10.82,-3.1199999999999997,3.47,475.49,34.6,11.4,16.810000000000002,-3.1700000000000004,8.36,4.510000000000001,3.1399999999999997,3.2,3.71,9.71,3.85,24.599999999999998,15.44,-2.96,4.51
2023-05-24,3.0100000000000002,0.9099999999999999,3.68,131.10999999999999,6.68,108.44999999999999,-3.62,37.6,-1.6599999999999997,-3.55,19.400000000000002,14.83,12.51,7.66,4.17,7.069999999999999,2.2,7.56,8.62,5.049999999999999,3.8899999999999997,16.41,5.430000000000001,3.03,16.29,3.88,13.889999999999999,10.88,-0.52,7.54,10.45,-2.4499999999999997,10.82,-3.1199999999999997,3.47,475.49,34.6,11.4,16.810000000000002,-3.1700000000000004,8.36,4.510000000000001,3.1399999999999997,3.2,3.71,9.71,3.85,24.599999999999998,15.44,-2.96,4.51
2023-05-25,3.0100000000000002,0.9099999999999999,3.68,131.10999999999999,6.68,108.44999999999999,-3.62,37.6,-1.6599999999999997,-3.55,19.400000000000002,14.83,12.51,7.66,4.17,7.069999999999999,2.2,7.56,8.62,5.049999999999999,3.8899999999999997,16.41,5.430000000000001,3.03,16.29,3.88,13.889999999999999,10.88,-0.52,7.54,10.45,-2.4499999999999997,10.82,-3.1199999999999997,3.47,475.49,34.6,11.4,16.810000000000002,-3.1700000000000004,8.36,4.510000000000001,3.1399999999999997,3.2,3.71,9.71,3.85,24.599999999999998,15.44,-2.96,4.51
2023-05-26,3.0100000000000002,0.9099999999999999,3.68,131.10999999999999,6.68,108.44999999999999,-3.62,37.6,-1.6599999999999997,-3.55,19.400000000000002,14.83,12.51,7.66,4.17,7.069999999999999,2.2,7.56,8.62,5.049999999999999,3.8899999999999997,16.41,5.430000000000001,3.03,16.29,3.88,13.889999999999999,10.88,-0.52,7.54,10.45,-2.4499999999999997,10.82,-3.1199999999999997,3.47,475.49,34.6,11.4,16.810000000000002,-3.1700000000000004,8.36,4.510000000000001,3.1399999999999997,3.2,3.71,9.71,3.85,24.599999999999998,15.44,-2.96,4.51
2023-05-30,3.0100000000000002,0.9099999999999999,3.68,131.10999999999999,6.68,108.44999999999999,-3.62,37.6,-1.6599999999999997,-3.55,19.400000000000002,14.83,12.51,7.66,4.17,7.069999999999999,2.2,7.56,8.62,5.049999999999999,3.8899999999999997,16.41,5.430000000000001,3.03,16.29,3.88,13.889999999999999,10.88,-0.52,7.54,10.45,-2.4499999999999997,10.82,-3.1199999999999997,3.47,475.49,34.6,11.4,16.810000000000002,-3.1700000000000004,8.36,4.510000000000001,3.1399999999999997,3.2,3.71,9.71,3.85,24.599999999999998,15.44,-2.96,4.51
2023-05-31,3.0100000000000002,0.9099999999999999,3.68,131.10999999999999,6.68,108.44999999999999,-2.29,37.6,-1.6599999999999997,-3.55,19.400000000000002,14.83,12.51,7.97,4.17,7.069999999999999,2.2,7.56,8.62,5.049999999999999,3.8899999999999997,16.41,5.430000000000001,2.63,14.81,3.88,13.889999999999999,10.88,-0.52,7.54,10.45,-2.4499999999999997,10.82,-3.1199999999999997,3.2300000000000004,475.49,34.6,11.4,16.810000000000002,-3.1700000000000004,8.36,4.510000000000001,3.1399999999999997,3.2,3.71,9.71,3.85,24.599999999999998,15.44,-2.96,4.51
2023-06-01,3.0100000000000002,0.9099999999999999,3.68,131.10999999999999,6.68,108.44999999999999,-2.29,37.6,-1.6599999999999997,-3.55,19.400000000000002,14.83,12.51,7.97,4.17,7.069999999999999,2.2,7.56,8.62,5.049999999999999,3.8899999999999997,16.41,5.430000000000001,2.63,14.81,3.88,13.889999999999999,10.88,-0.52,7.54,10.45,-2.4499999999999997,10.82,-3.1199999999999997,3.2300000000000004,475.49,34.6,11.4,16.810000000000002,-3.1700000000000004,8.36,4.510000000000001,3.1399999999999997,3.2,3.71,9.71,3.85,24.599999999999998,15.44,-2.96,4.51
2023-06-02,3.0100000000000002,0.9099999999999999,3.68,131.10999999999999,6.68,108.44999999999999,-2.29,37.6,-1.6599999999999997,-3.55,19.400000000000002,14.83,12.51,7.97,4.17,7.069999999999999,2.2,7.56,8.62,5.049999999999999,3.8899999999999997,16.41,5.430000000000001,2.63,14.81,3.88,13.889999999999999,10.88,-0.52,7.54,10.45,-2.4499999999999997,10.82,-3.1199999999999997,3.2300000000000004,475.49,34.6,11.4,16.810000000000002,-3.1700000000000004,8.36,4.510000000000001,3.1399999999999997,3.2,3.71,9.71,3.85,24.599999999999998,15.44,-2.96,4.51
2023-06-05,3.0100000000000002,0.9099999999999999,3.68,131.10999999999999,6.68,108.44999999999999,-2.29,37.6,-1.6599999999999997,-3.55,19.400000000000002,14.83,12.51,7.97,4.17,7.069999999999999,2.2,7.56,8.62,5.049999999999999,3.8899999999999997,16.41,5.430000000000001,2.63,14.81,3.88,13.889999999999999,10.88,-0.52,7.54,10.45,-2.4499999999999997,10.82,-3.1199999999999997,3.2300000000000004,475.49,34.6,11.4,16.810000000000002,-3.1700000000000004,8.36,4.510000000000001,3.1399999999999997,3.2,3.71,9.71,3.85,24.599999999999998,15.44,-2.96,4.51
2023-06-06,3.0100000000000002,0.9099999999999999,3.68,131.10999999999999,6.68,108.44999999999999,-2.29,37.6,-1.6599999999999997,-3.55,19.400000000000002,14.83,12.51,7.97,4.17,7.069999999999999,2.2,7.56,8.62,5.049999999999999,3.8899999999999997,16.41,5.430000000000001,2.63,14.81,3.88,13.889999999999999,10.88,-0.52,7.54,10.45,-2.4499999999999997,10.82,-3.1199999999999997,3.2300000000000004,475.49,34.6,11.4,16.810000000000002,-3.1700000000000004,8.36,4.510000000000001,3.1399999999999997,3.2,3.71,9.71,3.85,24.599999999999998,15.44,-2.96,4.51
2023-06-07,3.0100000000000002,0.9099999999999999,3.68,131.10999999999999,6.68,108.44999999999999,-2.29,37.6,-1.6599999999999997,-3.55,19.400000000000002,14.83,12.51,7.97,4.17,7.069999999999999,2.2,7.56,8.62,5.049999999999999,3.8899999999999997,16.41,5.430000000000001,2.63,14.81,3.88,13.889999999999999,10.88,-0.52,7.54,10.45,-2.4499999999999997,10.82,-3.1199999999999997,3.2300000000000004,475.49,34.6,11.4,16.810000000000002,-3.1700000000000004,8.36,4.510000000000001,3.1399999999999997,3.2,3.71,9.71,3.85,24.599999999999998,15.44,-2.96,4.51
2023-06-08,3.0100000000000002,0.9099999999999999,3.68,131.10999999999999,6.68,108.44999999999999,-2.29,37.6,-1.6599999999999997,-3.55,19.400000000000002,14.83,12.51,7.97,4.17,7.069999999999999,2.2,7.56,8.62,5.049999999999999,3.8899999999999997,16.41,5.430000000000001,2.63,14.81,3.88,13.889999999999999,10.88,-0.52,7.54,10.45,-2.4499999999999997,10.82,-3.1199999999999997,3.2300000000000004,475.49,34.6,11.4,16.810000000000002,-3.1700000000000004,8.36,4.510000000000001,3.1399999999999997,3.2,3.71,9.71,3.85,24.599999999999998,15.44,-2.96,4.51
2023-06-09,3.0100000000000002,0.9099999999999999,3.68,131.10999999999999,6.68,108.44999999999999,-2.29,37.6,-1.6599999999999997,-3.55,19.400000000000002,14.83,12.51,7.97,4.17,7.069999999999999,2.2,7.56,8.62,5.049999999999999,3.8899999999999997,16.41,5.430000000000001,2.63,14.81,3.88,13.889999999999999,10.88,-0.52,7.54,10.45,-2.4499999999999997,10.82,-3.1199999999999997,3.2300000000000004,475.49,34.6,11.4,16.810000000000002,-3.1700000000000004,8.36,4.510000000000001,3.1399999999999997,3.2,3.71,9.71,3.85,24.599999999999998,15.44,-2.96,4.51
2023-06-12,3.0100000000000002,0.9099999999999999,3.68,131.10999999999999,6.68,108.44999999999999,-2.29,37.6,-1.6599999999999997,-3.55,19.400000000000002,14.83,12.51,7.97,4.17,7.069999999999999,2.2,7.56,8.62,5.049999999999999,3.8899999999999997,16.41,5.430000000000001,2.63,14.81,3.88,13.889999999999999,10.88,-0.52,7.54,10.45,-2.4499999999999997,10.82,-3.1199999999999997,3.2300000000000004,475.49,34.6,11.4,16.810000000000002,-3.1700000000000004,8.36,4.510000000000001,3.1399999999999997,3.2,3.71,9.71,3.85,24.599999999999998,15.44,-2.96,4.51
2023-06-13,3.0100000000000002,0.9099999999999999,3.68,131.10999999999999,6.68,108.44999999999999,-2.29,37.6,-1.6599999999999997,-3.55,19.400000000000002,14.83,12.51,7.97,4.17,7.069999999999999,2.2,7.56,8.62,5.049999999999999,3.8899999999999997,16.41,5.430000000000001,2.63,14.81,3.88,13.889999999999999,10.88,-0.52,7.54,10.45,-2.4499999999999997,10.82,-3.1199999999999997,3.2300000000000004,475.49,34.6,11.4,16.810000000000002,-3.1700000000000004,8.36,4.510000000000001,3.1399999999999997,3.2,3.71,9.71,3.85,24.599999999999998,15.44,-2.96,4.51
2023-06-14,3.0100000000000002,0.9099999999999999,3.68,131.10999999999999,6.68,108.44999999999999,-2.29,37.6,-1.6599999999999997,-3.55,19.400000000000002,14.83,12.51,7.97,4.17,7.069999999999999,2.2,7.56,8.62,5.049999999999999,3.8899999999999997,16.41,5.430000000000001,2.63,14.81,3.88,13.889999999999999,10.88,-0.52,7.54,10.45,-2.4499999999999997,10.82,-3.1199999999999997,3.2300000000000004,475.49,34.6,11.4,16.810000000000002,-3.1700000000000004,8.36,4.510000000000001,3.1399999999999997,3.2,3.71,9.71,3.85,24.599999999999998,15.44,-2.96,4.51
2023-06-15,3.0100000000000002,0.9099999999999999,3.68,131.10999999999999,6.68,108.44999999999999,-2.29,37.6,-1.6599999999999997,-3.55,19.400000000000002,14.83,12.51,7.97,4.17,7.069999999999999,2.2,7.56,8.62,5.049999999999999,3.8899999999999997,16.41,5.430000000000001,2.63,14.81,3.88,13.889999999999999,10.88,-0.52,7.54,10.45,-2.4499999999999997,10.82,-3.1199999999999997,3.2300000000000004,475.49,34.6,11.4,16.810000000000002,-3.1700000000000004,8.36,4.510000000000001,3.1399999999999997,3.2,3.71,9.71,3.85,24.599999999999998,15.44,-2.96,4.51
2023-06-16,3.0100000000000002,0.9099999999999999,3.68,131.10999999999999,6.68,108.44999999999999,-2.29,37.6,-1.6599999999999997,-3.55,19.400000000000002,14.83,12.51,7.97,4.17,7.069999999999999,2.2,7.56,8.62,5.049999999999999,3.8899999999999997,16.41,5.430000000000001,2.63,14.81,3.88,13.889999999999999,10.88,-0.52,7.54,10.45,-2.4499999999999997,10.82,-3.1199999999999997,3.2300000000000004,475.49,34.6,11.4,16.810000000000002,-3.1700000000000004,8.36,4.510000000000001,3.1399999999999997,3.2,3.71,9.71,3.85,24.599999999999998,15.44,-2.96,4.51
2023-06-20,3.0100000000000002,0.9099999999999999,3.68,131.10999999999999,6.68,108.44999999999999,-2.29,37.6,-1.6599999999999997,-3.55,19.400000000000002,14.83,12.51,7.97,4.17,7.069999999999999,2.2,7.56,8.62,5.049999999999999,3.8899999999999997,16.41,5.430000000000001,2.63,14.81,3.88,13.889999999999999,10.88,-0.52,7.54,10.45,-2.4499999999999997,10.82,-3.1199999999999997,3.2300000000000004,475.49,34.6,11.4,16.810000000000002,-3.1700000000000004,8.36,4.510000000000001,3.1399999999999997,3.2,3.71,9.71,3.85,24.599999999999998,15.44,-2.96,4.51
2023-06-21,3.0100000000000002,0.9099999999999999,3.68,131.10999999999999,6.68,108.44999999999999,-2.29,37.6,-1.6599999999999997,-3.55,19.400000000000002,14.83,12.51,7.97,4.17,7.069999999999999,2.2,7.56,8.62,5.049999999999999,3.8899999999999997,16.41,5.430000000000001,2.63,14.81,3.88,13.889999999999999,10.88,-0.52,7.54,10.45,-2.4499999999999997,10.82,-3.1199999999999997,3.2300000000000004,475.49,34.6,11.4,16.810000000000002,-3.1700000000000004,8.36,4.510000000000001,3.1399999999999997,3.2,3.71,9.71,3.85,24.599999999999998,15.44,-2.96,4.51
2023-06-22,3.0100000000000002,0.9099999999999999,3.68,131.10999999999999,6.68,108.44999999999999,-2.29,37.6,-1.6599999999999997,-3.55,19.400000000000002,14.83,12.51,7.97,4.17,7.069999999999999,2.2,7.56,8.62,5.049999999999999,3.8899999999999997,16.41,5.430000000000001,2.63,14.81,3.88,13.889999999999999,10.88,-0.52,7.54,10.45,-2.4499999999999997,10.82,-3.1199999999999997,3.2300000000000004,475.49,34.6,11.4,16.810000000000002,-3.1700000000000004,8.36,4.510000000000001,3.1399999999999997,3.2,3.71,9.71,3.85,24.599999999999998,15.44,-2.96,4.51
2023-06-23,3.0100000000000002,0.9099999999999999,3.68,131.10999999999999,6.68,108.44999999999999,-2.29,37.6,-1.6599999999999997,-3.55,19.400000000000002,14.83,12.51,7.97,4.17,7.069999999999999,2.2,7.56,8.62,5.049999999999999,3.8899999999999997,16.41,5.430000000000001,2.63,14.81,3.88,13.889999999999999,10.88,-0.52,7.54,10.45,-2.4499999999999997,10.82,-3.1199999999999997,3.2300000000000004,475.49,34.6,11.4,16.810000000000002,-3.1700000000000004,8.36,4.510000000000001,3.1399999999999997,3.2,3.71,9.71,3.85,24.599999999999998,15.44,-2.96,4.51
2023-06-26,3.0100000000000002,0.9099999999999999,3.68,131.10999999999999,6.68,108.44999999999999,-2.29,37.6,-1.6599999999999997,-3.55,19.400000000000002,14.83,12.51,7.97,4.17,7.069999999999999,2.2,7.56,8.62,5.049999999999999,3.8899999999999997,16.41,5.430000000000001,2.63,14.81,3.88,13.889999999999999,10.88,-0.52,7.54,10.45,-2.4499999999999997,10.82,-3.1199999999999997,3.2300000000000004,475.49,34.6,11.4,16.810000000000002,-3.1700000000000004,8.36,4.510000000000001,3.1399999999999997,3.2,3.71,9.71,3.85,24.599999999999998,15.44,-2.96,4.51
2023-06-27,3.0100000000000002,0.9099999999999999,3.68,131.10999999999999,6.68,108.44999999999999,-2.29,37.6,-1.6599999999999997,-3.55,19.400000000000002,14.83,12.51,7.97,4.17,7.069999999999999,2.2,7.56,8.62,5.049999999999999,3.8899999999999997,16.41,5.430000000000001,2.63,14.81,3.88,13.889999999999999,10.88,-0.52,7.54,10.45,-2.4499999999999997,10.82,-3.1199999999999997,3.2300000000000004,475.49,34.6,11.4,16.810000000000002,-3.1700000000000004,8.36,4.510000000000001,3.1399999999999997,3.2,3.71,9.71,3.85,24.599999999999998,15.44,-2.96,4.51
2023-06-28,3.0100000000000002,0.9099999999999999,3.68,131.10999999999999,6.68,108.44999999999999,-2.29,37.6,-1.6599999999999997,-3.55,19.400000000000002,14.83,12.51,7.97,4.17,7.069999999999999,2.2,7.56,8.62,5.049999999999999,3.8899999999999997,16.41,5.430000000000001,2.63,14.81,3.88,13.889999999999999,10.88,-0.52,7.54,10.45,-2.4499999999999997,10.82,-3.1199999999999997,3.2300000000000004,475.49,34.6,11.4,16.810000000000002,-3.1700000000000004,8.36,4.510000000000001,3.1399999999999997,3.2,3.71,9.71,3.85,24.599999999999998,15.44,-2.96,4.51
2023-06-29,3.0100000000000002,0.9099999999999999,3.68,131.10999999999999,6.68,108.44999999999999,-2.29,37.6,-1.6599999999999997,-3.55,19.400000000000002,14.83,12.51,7.97,4.17,7.069999999999999,2.2,7.56,8.62,5.049999999999999,3.8899999999999997,16.41,5.430000000000001,2.63,14.81,3.88,13.889999999999999,10.88,-0.52,7.54,10.45,-2.4499999999999997,10.82,-3.1199999999999997,3.2300000000000004,475.49,34.6,11.4,16.810000000000002,-3.1700000000000004,8.36,4.510000000000001,3.1399999999999997,3.2,3.71,9.71,3.85,24.599999999999998,15.44,-2.96,4.51
2023-06-30,3.43,1.38,4.71,131.10999999999999,6.68,126.98999999999998,-2.29,40.949999999999996,-1.18,-3.27,20.150000000000002,14.06,12.77,7.97,4.210000000000001,8.0,2.54,7.38,8.86,5.06,3.2299999999999995,16.41,5.7700000000000005,2.63,14.81,3.88,13.889999999999999,10.88,0.28,8.0,11.07,-1.8900000000000001,9.17,-1.6800000000000002,3.2300000000000004,468.38,36.04,11.67,15.09,0.73,8.82,4.510000000000001,3.3,3.2,3.880000000000001,10.01,4.0,24.599999999999998,15.44,-1.2299999999999995,4.87
2023-07-03,3.43,1.38,4.71,131.10999999999999,6.68,126.98999999999998,-2.29,40.949999999999996,-1.18,-3.27,20.150000000000002,14.06,12.77,7.97,4.210000000000001,8.0,2.54,7.38,8.86,5.06,3.2299999999999995,16.41,5.7700000000000005,2.63,14.81,3.88,13.889999999999999,10.88,0.28,8.0,11.07,-1.8900000000000001,9.17,-1.6800000000000002,3.2300000000000004,468.38,36.04,11.67,15.09,0.73,8.82,4.510000000000001,3.3,3.2,3.880000000000001,10.01,4.0,24.599999999999998,15.44,-1.2299999999999995,4.87
2023-07-05,3.43,1.38,4.71,131.10999999999999,6.68,126.98999999999998,-2.29,40.949999999999996,-1.18,-3.27,20.150000000000002,14.06,12.77,7.97,4.210000000000001,8.0,2.54,7.38,8.86,5.06,3.2299999999999995,16.41,5.7700000000000005,2.63,14.81,3.88,13.889999999999999,10.88,0.28,8.0,11.07,-1.8900000000000001,9.17,-1.6800000000000002,3.2300000000000004,468.38,36.04,11.67,15.09,0.73,8.82,4.510000000000001,3.3,3.2,3.880000000000001,10.01,4.0,24.599999999999998,15.44,-1.2299999999999995,4.87
2023-07-06,3.43,1.38,4.71,131.10999999999999,6.68,126.98999999999998,-2.29,40.949999999999996,-1.18,-3.27,20.150000000000002,14.06,12.77,7.97,4.210000000000001,8.0,2.54,7.38,8.86,5.06,3.2299999999999995,16.41,5.7700000000000005,2.63,14.81,3.88,13.889999999999999,10.88,0.28,8.0,11.07,-1.8900000000000001,9.17,-1.6800000000000002,3.2300000000000004,468.38,36.04,11.67,15.09,0.73,8.82,4.510000000000001,3.3,3.2,3.880000000000001,10.01,4.0,24.599999999999998,15.44,-1.2299999999999995,4.87
2023-07-07,3.43,1.38,4.71,131.10999999999999,6.68,126.98999999999998,-2.29,40.949999999999996,-1.18,-3.27,20.150000000000002,14.06,12.77,7.97,4.210000000000001,8.0,2.54,7.38,8.86,5.06,3.2299999999999995,16.41,5.7700000000000005,2.63,14.81,3.88,13.889999999999999,10.88,0.28,8.0,11.07,-1.8900000000000001,9.17,-1.6800000000000002,3.2300000000000004,468.38,36.04,11.67,15.09,0.73,8.82,4.510000000000001,3.3,3.2,3.880000000000001,10.01,4.0,24.599999999999998,15.44,-1.2299999999999995,4.87
2023-07-10,3.43,1.38,4.71,131.10999999999999,6.68,126.98999999999998,-2.29,40.949999999999996,-1.18,-3.27,20.150000000000002,14.06,12.77,7.97,4.210000000000001,8.0,2.54,7.38,8.86,5.06,3.2299999999999995,16.41,5.7700000000000005,2.63,14.81,3.88,13.889999999999999,10.88,0.28,8.0,11.07,-1.8900000000000001,9.17,-1.6800000000000002,3.2300000000000004,468.38,36.04,11.67,15.09,0.73,8.82,4.510000000000001,3.3,3.2,3.880000000000001,10.01,4.0,24.599999999999998,15.44,-1.2299999999999995,4.87
2023-07-11,3.43,1.38,4.71,131.10999999999999,6.68,126.98999999999998,-2.29,40.949999999999996,-1.18,-3.27,20.150000000000002,14.06,12.77,7.97,4.210000000000001,8.0,2.54,7.38,8.86,5.06,3.2299999999999995,16.41,5.7700000000000005,2.63,14.81,3.88,13.889999999999999,10.88,0.28,8.0,11.07,-1.8900000000000001,9.17,-1.6800000000000002,3.2300000000000004,468.38,36.04,11.67,15.09,0.73,8.82,4.510000000000001,3.3,3.2,3.880000000000001,10.01,4.0,24.599999999999998,15.44,-1.2299999999999995,4.87
2023-07-12,3.43,1.38,4.71,131.10999999999999,6.68,126.98999999999998,-2.29,40.949999999999996,-1.18,-3.27,20.150000000000002,14.06,12.77,7.97,4.210000000000001,8.0,2.54,7.38,8.86,5.06,3.2299999999999995,16.41,5.7700000000000005,2.63,14.81,3.88,13.889999999999999,10.88,0.28,8.0,11.07,-1.8900000000000001,9.17,-1.6800000000000002,3.2300000000000004,468.38,36.04,11.67,15.09,0.73,8.82,4.510000000000001,3.3,3.2,3.880000000000001,10.01,4.0,24.599999999999998,15.44,-1.2299999999999995,4.87
2023-07-13,3.43,1.38,4.71,131.10999999999999,6.68,126.98999999999998,-2.29,40.949999999999996,-1.18,-3.27,20.150000000000002,14.06,12.77,7.97,4.210000000000001,8.0,2.54,7.38,8.86,5.06,3.2299999999999995,16.41,5.7700000000000005,2.63,14.81,3.88,13.889999999999999,10.88,0.28,8.0,11.07,-1.8900000000000001,9.17,-1.6800000000000002,3.2300000000000004,468.38,36.04,11.67,15.09,0.73,8.82,4.510000000000001,3.3,3.2,3.880000000000001,10.01,4.0,24.599999999999998,15.44,-1.2299999999999995,4.87
2023-07-14,3.43,1.38,4.71,131.10999999999999,6.68,126.98999999999998,-2.29,40.949999999999996,-1.18,-3.27,20.150000000000002,14.06,12.77,7.97,4.210000000000001,8.0,2.54,7.38,8.86,5.06,3.2299999999999995,16.41,5.7700000000000005,2.63,14.81,3.88,13.889999999999999,10.88,0.28,8.0,11.07,-1.8900000000000001,9.17,-1.6800000000000002,3.2300000000000004,468.38,36.04,11.67,15.09,0.73,8.82,4.510000000000001,3.3,3.2,3.880000000000001,10.01,4.0,24.599999999999998,15.44,-1.2299999999999995,4.87
2023-07-17,3.43,1.38,4.71,131.10999999999999,6.68,126.98999999999998,-2.29,40.949999999999996,-1.18,-3.27,20.150000000000002,14.06,12.77,7.97,4.210000000000001,8.0,2.54,7.38,8.86,5.06,3.2299999999999995,16.41,5.7700000000000005,2.63,14.81,3.88,13.889999999999999,10.88,0.28,8.0,11.07,-1.8900000000000001,9.17,-1.6800000000000002,3.2300000000000004,468.38,36.04,11.67,15.09,0.73,8.82,4.510000000000001,3.3,3.2,3.880000000000001,10.01,4.0,24.599999999999998,15.44,-1.2299999999999995,4.87
2023-07-18,3.43,1.38,4.71,131.10999999999999,6.68,126.98999999999998,-2.29,40.949999999999996,-1.18,-3.27,20.150000000000002,14.06,12.77,7.97,4.210000000000001,8.0,2.54,7.38,8.86,5.06,3.2299999999999995,16.41,5.7700000000000005,2.63,14.81,3.88,13.889999999999999,10.88,0.28,8.0,11.07,-1.8900000000000001,9.17,-1.6800000000000002,3.2300000000000004,468.38,36.04,11.67,15.09,0.73,8.82,4.510000000000001,3.3,3.2,3.880000000000001,10.01,4.0,24.599999999999998,15.44,-1.2299999999999995,4.87
2023-07-19,3.43,1.38,4.71,131.10999999999999,6.68,126.98999999999998,-2.29,40.949999999999996,-1.18,-3.27,20.150000000000002,14.06,12.77,7.97,4.210000000000001,8.0,2.54,7.38,8.86,5.06,3.2299999999999995,16.41,5.7700000000000005,2.63,14.81,3.88,13.889999999999999,10.88,0.28,8.0,11.07,-1.8900000000000001,9.17,-1.6800000000000002,3.2300000000000004,468.38,36.04,11.67,15.09,0.73,8.82,4.510000000000001,3.3,3.2,3.880000000000001,10.01,4.0,24.599999999999998,15.44,-1.2299999999999995,4.87
2023-07-20,3.43,1.38,4.71,131.10999999999999,6.68,126.98999999999998,-2.29,40.949999999999996,-1.18,-3.27,20.150000000000002,14.06,12.77,7.97,4.210000000000001,8.0,2.54,7.38,8.86,5.06,3.2299999999999995,16.41,5.7700000000000005,2.63,14.81,3.88,13.889999999999999,10.88,0.28,8.0,11.07,-1.8900000000000001,9.17,-1.6800000000000002,3.2300000000000004,468.38,36.04,11.67,15.09,0.73,8.82,4.510000000000001,3.3,3.2,3.880000000000001,10.01,4.0,24.599999999999998,15.44,-1.2299999999999995,4.87
2023-07-21,3.43,1.38,4.71,131.10999999999999,6.68,126.98999999999998,-2.29,40.949999999999996,-1.18,-3.27,20.150000000000002,14.06,12.77,7.97,4.210000000000001,8.0,2.54,7.38,8.86,5.06,3.2299999999999995,16.41,5.7700000000000005,2.63,14.81,3.88,13.889999999999999,10.88,0.28,8.0,11.07,-1.8900000000000001,9.17,-1.6800000000000002,3.2300000000000004,468.38,36.04,11.67,15.09,0.73,8.82,4.510000000000001,3.3,3.2,3.880000000000001,10.01,4.0,24.599999999999998,15.44,-1.2299999999999995,4.87
2023-07-24,3.43,1.38,4.71,131.10999999999999,6.68,126.98999999999998,-2.29,40.949999999999996,-1.18,-3.27,20.150000000000002,14.06,12.77,7.97,4.210000000000001,8.0,2.54,7.38,8.86,5.06,3.2299999999999995,16.41,5.7700000000000005,2.63,14.81,3.88,13.889999999999999,10.88,0.28,8.0,11.07,-1.8900000000000001,9.17,-1.6800000000000002,3.2300000000000004,468.38,36.04,11.67,15.09,0.73,8.82,4.510000000000001,3.3,3.2,3.880000000000001,10.01,4.0,24.599999999999998,15.44,-1.2299999999999995,4.87
2023-07-25,3.43,1.38,4.71,131.10999999999999,6.68,126.98999999999998,-2.29,40.949999999999996,-1.18,-3.27,20.150000000000002,14.06,12.77,7.97,4.210000000000001,8.0,2.54,7.38,8.86,5.06,3.2299999999999995,16.41,5.7700000000000005,2.63,14.81,3.88,13.889999999999999,10.88,0.28,8.0,11.07,-1.8900000000000001,9.17,-1.6800000000000002,3.2300000000000004,468.38,36.04,11.67,15.09,0.73,8.82,4.510000000000001,3.3,3.2,3.880000000000001,10.01,4.0,24.599999999999998,15.44,-1.2299999999999995,4.87
2023-07-26,3.43,1.38,4.71,131.10999999999999,6.68,126.98999999999998,-2.29,40.949999999999996,-1.18,-3.27,20.150000000000002,14.06,12.77,7.97,4.210000000000001,8.0,2.54,7.38,8.86,5.06,3.2299999999999995,16.41,5.7700000000000005,2.63,14.81,3.88,13.889999999999999,10.88,0.28,8.0,11.07,-1.8900000000000001,9.17,-1.6800000000000002,3.2300000000000004,468.38,36.04,11.67,15.09,0.73,8.82,4.510000000000001,3.3,3.2,3.880000000000001,10.01,4.0,24.599999999999998,15.44,-1.2299999999999995,4.87
2023-07-27,3.43,1.38,4.71,131.10999999999999,6.68,126.98999999999998,-2.29,40.949999999999996,-1.18,-3.27,20.150000000000002,14.06,12.77,7.97,4.210000000000001,8.0,2.54,7.38,8.86,5.06,3.2299999999999995,16.41,5.7700000000000005,2.63,14.81,3.88,13.889999999999999,10.88,0.28,8.0,11.07,-1.8900000000000001,9.17,-1.6800000000000002,3.2300000000000004,468.38,36.04,11.67,15.09,0.73,8.82,4.510000000000001,3.3,3.2,3.880000000000001,10.01,4.0,24.599999999999998,15.44,-1.2299999999999995,4.87
2023-07-28,3.43,1.38,4.71,131.10999999999999,6.68,126.98999999999998,-2.29,40.949999999999996,-1.18,-3.27,20.150000000000002,14.06,12.77,7.97,4.210000000000001,8.0,2.54,7.38,8.86,5.06,3.2299999999999995,16.41,5.7700000000000005,2.63,14.81,3.88,13.889999999999999,10.88,0.28,8.0,11.07,-1.8900000000000001,9.17,-1.6800000000000002,3.2300000000000004,468.38,36.04,11.67,15.09,0.73,8.82,4.510000000000001,3.3,3.2,3.880000000000001,10.01,4.0,24.599999999999998,15.44,-1.2299999999999995,4.87
2023-07-31,3.43,1.38,4.71,131.10999999999999,6.359999999999999,126.98999999999998,-2.29,40.949999999999996,-1.18,-3.27,20.150000000000002,14.06,12.77,7.97,4.210000000000001,8.0,2.54,7.38,8.86,5.06,3.2299999999999995,16.009999999999998,5.7700000000000005,2.63,14.81,3.88,13.779999999999998,11.36,0.28,8.0,11.07,-1.8900000000000001,9.17,-1.6800000000000002,3.2300000000000004,468.38,36.04,11.67,15.09,0.73,8.82,4.720000000000001,3.3,3.36,3.880000000000001,10.01,4.0,24.919999999999998,14.690000000000001,-1.2299999999999995,4.87
2023-08-01,3.43,1.38,4.71,131.10999999999999,6.359999999999999,126.98999999999998,-2.29,40.949999999999996,-1.18,-3.27,20.150000000000002,14.06,12.77,7.97,4.210000000000001,8.0,2.54,7.38,8.86,5.06,3.2299999999999995,16.009999999999998,5.7700000000000005,2.63,14.81,3.88,13.779999999999998,11.36,0.28,8.0,11.07,-1.8900000000000001,9.17,-1.6800000000000002,3.2300000000000004,468.38,36.04,11.67,15.09,0.73,8.82,4.720000000000001,3.3,3.36,3.880000000000001,10.01,4.0,24.919999999999998,14.690000000000001,-1.2299999999999995,4.87
2023-08-02,3.43,1.38,4.71,131.10999999999999,6.359999999999999,126.98999999999998,-2.29,40.949999999999996,-1.18,-3.27,20.150000000000002,14.06,12.77,7.97,4.210000000000001,8.0,2.54,7.38,8.86,5.06,3.2299999999999995,16.009999999999998,5.7700000000000005,2.63,14.81,3.88,13.779999999999998,11.36,0.28,8.0,11.07,-1.8900000000000001,9.17,-1.6800000000000002,3.2300000000000004,468.38,36.04,11.67,15.09,0.73,8.82,4.720000000000001,3.3,3.36,3.880000000000001,10.01,4.0,24.919999999999998,14.690000000000001,-1.2299999999999995,4.87
2023-08-03,3.43,1.38,4.71,131.10999999999999,6.359999999999999,126.98999999999998,-2.29,40.949999999999996,-1.18,-3.27,20.150000000000002,14.06,12.77,7.97,4.210000000000001,8.0,2.54,7.38,8.86,5.06,3.2299999999999995,16.009999999999998,5.7700000000000005,2.63,14.81,3.88,13.779999999999998,11.36,0.28,8.0,11.07,-1.8900000000000001,9.17,-1.6800000000000002,3.2300000000000004,468.38,36.04,11.67,15.09,0.73,8.82,4.720000000000001,3.3,3.36,3.880000000000001,10.01,4.0,24.919999999999998,14.690000000000001,-1.2299999999999995,4.87
2023-08-04,3.43,1.38,4.71,131.10999999999999,6.359999999999999,126.98999999999998,-2.29,40.949999999999996,-1.18,-3.27,20.150000000000002,14.06,12.77,7.97,4.210000000000001,8.0,2.54,7.38,8.86,5.06,3.2299999999999995,16.009999999999998,5.7700000000000005,2.63,14.81,3.88,13.779999999999998,11.36,0.28,8.0,11.07,-1.8900000000000001,9.17,-1.6800000000000002,3.2300000000000004,468.38,36.04,11.67,15.09,0.73,8.82,4.720000000000001,3.3,3.36,3.880000000000001,10.01,4.0,24.919999999999998,14.690000000000001,-1.2299999999999995,4.87
2023-08-07,3.43,1.38,4.71,131.10999999999999,6.359999999999999,126.98999999999998,-2.29,40.949999999999996,-1.18,-3.27,20.150000000000002,14.06,12.77,7.97,4.210000000000001,8.0,2.54,7.38,8.86,5.06,3.2299999999999995,16.009999999999998,5.7700000000000005,2.63,14.81,3.88,13.779999999999998,11.36,0.28,8.0,11.07,-1.8900000000000001,9.17,-1.6800000000000002,3.2300000000000004,468.38,36.04,11.67,15.09,0.73,8.82,4.720000000000001,3.3,3.36,3.880000000000001,10.01,4.0,24.919999999999998,14.690000000000001,-1.2299999999999995,4.87
2023-08-08,3.43,1.38,4.71,131.10999999999999,6.359999999999999,126.98999999999998,-2.29,40.949999999999996,-1.18,-3.27,20.150000000000002,14.06,12.77,7.97,4.210000000000001,8.0,2.54,7.38,8.86,5.06,3.2299999999999995,16.009999999999998,5.7700000000000005,2.63,14.81,3.88,13.779999999999998,11.36,0.28,8.0,11.07,-1.8900000000000001,9.17,-1.6800000000000002,3.2300000000000004,468.38,36.04,11.67,15.09,0.73,8.82,4.720000000000001,3.3,3.36,3.880000000000001,10.01,4.0,24.919999999999998,14.690000000000001,-1.2299999999999995,4.87
2023-08-09,3.43,1.38,4.71,131.10999999999999,6.359999999999999,126.98999999999998,-2.29,40.949999999999996,-1.18,-3.27,20.150000000000002,14.06,12.77,7.97,4.210000000000001,8.0,2.54,7.38,8.86,5.06,3.2299999999999995,16.009999999999998,5.7700000000000005,2.63,14.81,3.88,13.779999999999998,11.36,0.28,8.0,11.07,-1.8900000000000001,9.17,-1.6800000000000002,3.2300000000000004,468.38,36.04,11.67,15.09,0.73,8.82,4.720000000000001,3.3,3.36,3.880000000000001,10.01,4.0,24.919999999999998,14.690000000000001,-1.2299999999999995,4.87
2023-08-10,3.43,1.38,4.71,131.10999999999999,6.359999999999999,126.98999999999998,-2.29,40.949999999999996,-1.18,-3.27,20.150000000000002,14.06,12.77,7.97,4.210000000000001,8.0,2.54,7.38,8.86,5.06,3.2299999999999995,16.009999999999998,5.7700000000000005,2.63,14.81,3.88,13.779999999999998,11.36,0.28,8.0,11.07,-1.8900000000000001,9.17,-1.6800000000000002,3.2300000000000004,468.38,36.04,11.67,15.09,0.73,8.82,4.720000000000001,3.3,3.36,3.880000000000001,10.01,4.0,24.919999999999998,14.690000000000001,-1.2299999999999995,4.87
2023-08-11,3.43,1.38,4.71,131.10999999999999,6.359999999999999,126.98999999999998,-2.29,40.949999999999996,-1.18,-3.27,20.150000000000002,14.06,12.77,7.97,4.210000000000001,8.0,2.54,7.38,8.86,5.06,3.2299999999999995,16.009999999999998,5.7700000000000005,2.63,14.81,3.88,13.779999999999998,11.36,0.28,8.0,11.07,-1.8900000000000001,9.17,-1.6800000000000002,3.2300000000000004,468.38,36.04,11.67,15.09,0.73,8.82,4.720000000000001,3.3,3.36,3.880000000000001,10.01,4.0,24.919999999999998,14.690000000000001,-1.2299999999999995,4.87
2023-08-14,3.43,1.38,4.71,131.10999999999999,6.359999999999999,126.98999999999998,-2.29,40.949999999999996,-1.18,-3.27,20.150000000000002,14.06,12.77,7.97,4.210000000000001,8.0,2.54,7.38,8.86,5.06,3.2299999999999995,16.009999999999998,5.7700000000000005,2.63,14.81,3.88,13.779999999999998,11.36,0.28,8.0,11.07,-1.8900000000000001,9.17,-1.6800000000000002,3.2300000000000004,468.38,36.04,11.67,15.09,0.73,8.82,4.720000000000001,3.3,3.36,3.880000000000001,10.01,4.0,24.919999999999998,14.690000000000001,-1.2299999999999995,4.87
2023-08-15,3.43,1.38,4.71,131.10999999999999,6.359999999999999,126.98999999999998,-2.29,40.949999999999996,-1.18,-3.27,20.150000000000002,14.06,12.77,7.97,4.210000000000001,8.0,2.54,7.38,8.86,5.06,3.2299999999999995,16.009999999999998,5.7700000000000005,2.63,14.81,3.88,13.779999999999998,11.36,0.28,8.0,11.07,-1.8900000000000001,9.17,-1.6800000000000002,3.2300000000000004,468.38,36.04,11.67,15.09,0.73,8.82,4.720000000000001,3.3,3.36,3.880000000000001,10.01,4.0,24.919999999999998,14.690000000000001,-1.2299999999999995,4.87
2023-08-16,3.43,1.38,4.71,131.10999999999999,6.359999999999999,126.98999999999998,-2.29,40.949999999999996,-1.18,-3.27,20.150000000000002,14.06,12.77,7.97,4.210000000000001,8.0,2.54,7.38,8.86,5.06,3.2299999999999995,16.009999999999998,5.7700000000000005,2.63,14.81,3.88,13.779999999999998,11.36,0.28,8.0,11.07,-1.8900000000000001,9.17,-1.6800000000000002,3.2300000000000004,468.38,36.04,11.67,15.09,0.73,8.82,4.720000000000001,3.3,3.36,3.880000000000001,10.01,4.0,24.919999999999998,14.690000000000001,-1.2299999999999995,4.87
2023-08-17,3.43,1.38,4.71,131.10999999999999,6.359999999999999,126.98999999999998,-2.29,40.949999999999996,-1.18,-3.27,20.150000000000002,14.06,12.77,7.97,4.210000000000001,8.0,2.54,7.38,8.86,5.06,3.2299999999999995,16.009999999999998,5.7700000000000005,2.63,14.81,3.88,13.779999999999998,11.36,0.28,8.0,11.07,-1.8900000000000001,9.17,-1.6800000000000002,3.2300000000000004,468.38,36.04,11.67,15.09,0.73,8.82,4.720000000000001,3.3,3.36,3.880000000000001,10.01,4.0,24.919999999999998,14.690000000000001,-1.2299999999999995,4.87
2023-08-18,3.43,1.38,4.71,131.10999999999999,6.359999999999999,126.98999999999998,-2.29,40.949999999999996,-1.18,-3.27,20.150000000000002,14.06,12.77,7.97,4.210000000000001,8.0,2.54,7.38,8.86,5.06,3.2299999999999995,16.009999999999998,5.7700000000000005,2.63,14.81,3.88,13.779999999999998,11.36,0.28,8.0,11.07,-1.8900000000000001,9.17,-1.6800000000000002,3.2300000000000004,468.38,36.04,11.67,15.09,0.73,8.82,4.720000000000001,3.3,3.36,3.880000000000001,10.01,4.0,24.919999999999998,14.690000000000001,-1.2299999999999995,4.87
2023-08-21,3.43,1.38,4.71,131.10999999999999,6.359999999999999,126.98999999999998,-2.29,40.949999999999996,-1.18,-3.27,20.150000000000002,14.06,12.77,7.97,4.210000000000001,8.0,2.54,7.38,8.86,5.06,3.2299999999999995,16.009999999999998,5.7700000000000005,2.63,14.81,3.88,13.779999999999998,11.36,0.28,8.0,11.07,-1.8900000000000001,9.17,-1.6800000000000002,3.2300000000000004,468.38,36.04,11.67,15.09,0.73,8.82,4.720000000000001,3.3,3.36,3.880000000000001,10.01,4.0,24.919999999999998,14.690000000000001,-1.2299999999999995,4.87
2023-08-22,3.43,1.38,4.71,131.10999999999999,6.359999999999999,126.98999999999998,-2.29,40.949999999999996,-1.18,-3.27,20.150000000000002,14.06,12.77,7.97,4.210000000000001,8.0,2.54,7.38,8.86,5.06,3.2299999999999995,16.009999999999998,5.7700000000000005,2.63,14.81,3.88,13.779999999999998,11.36,0.28,8.0,11.07,-1.8900000000000001,9.17,-1.6800000000000002,3.2300000000000004,468.38,36.04,11.67,15.09,0.73,8.82,4.720000000000001,3.3,3.36,3.880000000000001,10.01,4.0,24.919999999999998,14.690000000000001,-1.2299999999999995,4.87
2023-08-23,3.43,1.38,4.71,131.10999999999999,6.359999999999999,126.98999999999998,-2.29,40.949999999999996,-1.18,-3.27,20.150000000000002,14.06,12.77,7.97,4.210000000000001,8.0,2.54,7.38,8.86,5.06,3.2299999999999995,16.009999999999998,5.7700000000000005,2.63,14.81,3.88,13.779999999999998,11.36,0.28,8.0,11.07,-1.8900000000000001,9.17,-1.6800000000000002,3.2300000000000004,468.38,36.04,11.67,15.09,0.73,8.82,4.720000000000001,3.3,3.36,3.880000000000001,10.01,4.0,24.919999999999998,14.690000000000001,-1.2299999999999995,4.87
2023-08-24,3.43,1.38,4.71,131.10999999999999,6.359999999999999,126.98999999999998,-2.29,40.949999999999996,-1.18,-3.27,20.150000000000002,14.06,12.77,7.97,4.210000000000001,8.0,2.54,7.38,8.86,5.06,3.2299999999999995,16.009999999999998,5.7700000000000005,2.63,14.81,3.88,13.779999999999998,11.36,0.28,8.0,11.07,-1.8900000000000001,9.17,-1.6800000000000002,3.2300000000000004,468.38,36.04,11.67,15.09,0.73,8.82,4.720000000000001,3.3,3.36,3.880000000000001,10.01,4.0,24.919999999999998,14.690000000000001,-1.2299999999999995,4.87
2023-08-25,3.43,1.38,4.71,131.10999999999999,6.359999999999999,126.98999999999998,-2.29,40.949999999999996,-1.18,-3.27,20.150000000000002,14.06,12.77,7.97,4.210000000000001,8.0,2.54,7.38,8.86,5.06,3.2299999999999995,16.009999999999998,5.7700000000000005,2.63,14.81,3.88,13.779999999999998,11.36,0.28,8.0,11.07,-1.8900000000000001,9.17,-1.6800000000000002,3.2300000000000004,468.38,36.04,11.67,15.09,0.73,8.82,4.720000000000001,3.3,3.36,3.880000000000001,10.01,4.0,24.919999999999998,14.690000000000001,-1.2299999999999995,4.87
2023-08-28,3.43,1.38,4.71,131.10999999999999,6.359999999999999,126.98999999999998,-2.29,40.949999999999996,-1.18,-3.27,20.150000000000002,14.06,12.77,7.97,4.210000000000001,8.0,2.54,7.38,8.86,5.06,3.2299999999999995,16.009999999999998,5.7700000000000005,2.63,14.81,3.88,13.779999999999998,11.36,0.28,8.0,11.07,-1.8900000000000001,9.17,-1.6800000000000002,3.2300000000000004,468.38,36.04,11.67,15.09,0.73,8.82,4.720000000000001,3.3,3.36,3.880000000000001,10.01,4.0,24.919999999999998,14.690000000000001,-1.2299999999999995,4.87
2023-08-29,3.43,1.38,4.71,131.10999999999999,6.359999999999999,126.98999999999998,-2.29,40.949999999999996,-1.18,-3.27,20.150000000000002,14.06,12.77,7.97,4.210000000000001,8.0,2.54,7.38,8.86,5.06,3.2299999999999995,16.009999999999998,5.7700000000000005,2.63,14.81,3.88,13.779999999999998,11.36,0.28,8.0,11.07,-1.8900000000000001,9.17,-1.6800000000000002,3.2300000000000004,468.38,36.04,11.67,15.09,0.73,8.82,4.720000000000001,3.3,3.36,3.880000000000001,10.01,4.0,24.919999999999998,14.690000000000001,-1.2299999999999995,4.87
2023-08-30,3.43,1.38,4.71,131.10999999999999,6.359999999999999,126.98999999999998,-2.29,40.949999999999996,-1.18,-3.27,20.150000000000002,14.06,12.77,7.97,4.210000000000001,8.0,2.54,7.38,8.86,5.06,3.2299999999999995,16.009999999999998,5.7700000000000005,2.63,14.81,3.88,13.779999999999998,11.36,0.28,8.0,11.07,-1.8900000000000001,9.17,-1.6800000000000002,3.2300000000000004,468.38,36.04,11.67,15.09,0.73,8.82,4.720000000000001,3.3,3.36,3.880000000000001,10.01,4.0,24.919999999999998,14.690000000000001,-1.2299999999999995,4.87
2023-08-31,3.43,1.38,4.71,148.54,6.359999999999999,126.98999999999998,-0.85,40.949999999999996,-1.18,-3.27,20.150000000000002,14.06,12.77,8.219999999999999,4.210000000000001,8.0,2.54,7.38,8.86,5.06,3.2299999999999995,16.009999999999998,5.7700000000000005,2.59,13.48,3.88,13.779999999999998,11.36,0.28,8.0,11.07,-1.8900000000000001,9.17,-1.6800000000000002,3.24,468.38,36.04,11.67,15.09,0.73,8.82,4.720000000000001,3.3,3.36,3.880000000000001,10.01,4.0,24.919999999999998,14.690000000000001,-1.2299999999999995,4.87
2023-09-01,3.43,1.38,4.71,148.54,6.359999999999999,126.98999999999998,-0.85,40.949999999999996,-1.18,-3.27,20.150000000000002,14.06,12.77,8.219999999999999,4.210000000000001,8.0,2.54,7.38,8.86,5.06,3.2299999999999995,16.009999999999998,5.7700000000000005,2.59,13.48,3.88,13.779999999999998,11.36,0.28,8.0,11.07,-1.8900000000000001,9.17,-1.6800000000000002,3.24,468.38,36.04,11.67,15.09,0.73,8.82,4.720000000000001,3.3,3.36,3.880000000000001,10.01,4.0,24.919999999999998,14.690000000000001,-1.2299999999999995,4.87
2023-09-05,3.43,1.38,4.71,148.54,6.359999999999999,126.98999999999998,-0.85,40.949999999999996,-1.18,-3.27,20.150000000000002,14.06,12.77,8.219999999999999,4.210000000000001,8.0,2.54,7.38,8.86,5.06,3.2299999999999995,16.009999999999998,5.7700000000000005,2.59,13.48,3.88,13.779999999999998,11.36,0.28,8.0,11.07,-1.8900000000000001,9.17,-1.6800000000000002,3.24,468.38,36.04,11.67,15.09,0.73,8.82,4.720000000000001,3.3,3.36,3.880000000000001,10.01,4.0,24.919999999999998,14.690000000000001,-1.2299999999999995,4.87
2023-09-06,3.43,1.38,4.71,148.54,6.359999999999999,126.98999999999998,-0.85,40.949999999999996,-1.18,-3.27,20.150000000000002,14.06,12.77,8.219999999999999,4.210000000000001,8.0,2.54,7.38,8.86,5.06,3.2299999999999995,16.009999999999998,5.7700000000000005,2.59,13.48,3.88,13.779999999999998,11.36,0.28,8.0,11.07,-1.8900000000000001,9.17,-1.6800000000000002,3.24,468.38,36.04,11.67,15.09,0.73,8.82,4.720000000000001,3.3,3.36,3.880000000000001,10.01,4.0,24.919999999999998,14.690000000000001,-1.2299999999999995,4.87
2023-09-07,3.43,1.38,4.71,148.54,6.359999999999999,126.98999999999998,-0.85,40.949999999999996,-1.18,-3.27,20.150000000000002,14.06,12.77,8.219999999999999,4.210000000000001,8.0,2.54,7.38,8.86,5.06,3.2299999999999995,16.009999999999998,5.7700000000000005,2.59,13.48,3.88,13.779999999999998,11.36,0.28,8.0,11.07,-1.8900000000000001,9.17,-1.6800000000000002,3.24,468.38,36.04,11.67,15.09,0.73,8.82,4.720000000000001,3.3,3.36,3.880000000000001,10.01,4.0,24.919999999999998,14.690000000000001,-1.2299999999999995,4.87
2023-09-08,3.43,1.38,4.71,148.54,6.359999999999999,126.98999999999998,-0.85,40.949999999999996,-1.18,-3.27,20.150000000000002,14.06,12.77,8.219999999999999,4.210000000000001,8.0,2.54,7.38,8.86,5.06,3.2299999999999995,16.009999999999998,5.7700000000000005,2.59,13.48,3.88,13.779999999999998,11.36,0.28,8.0,11.07,-1.8900000000000001,9.17,-1.6800000000000002,3.24,468.38,36.04,11.67,15.09,0.73,8.82,4.720000000000001,3.3,3.36,3.880000000000001,10.01,4.0,24.919999999999998,14.690000000000001,-1.2299999999999995,4.87
2023-09-11,3.43,1.38,4.71,148.54,6.359999999999999,126.98999999999998,-0.85,40.949999999999996,-1.18,-3.27,20.150000000000002,14.06,12.77,8.219999999999999,4.210000000000001,8.0,2.54,7.38,8.86,5.06,3.2299999999999995,16.009999999999998,5.7700000000000005,2.59,13.48,3.88,13.779999999999998,11.36,0.28,8.0,11.07,-1.8900000000000001,9.17,-1.6800000000000002,3.24,468.38,36.04,11.67,15.09,0.73,8.82,4.720000000000001,3.3,3.36,3.880000000000001,10.01,4.0,24.919999999999998,14.690000000000001,-1.2299999999999995,4.87
2023-09-12,3.43,1.38,4.71,148.54,6.359999999999999,126.98999999999998,-0.85,40.949999999999996,-1.18,-3.27,20.150000000000002,14.06,12.77,8.219999999999999,4.210000000000001,8.0,2.54,7.38,8.86,5.06,3.2299999999999995,16.009999999999998,5.7700000000000005,2.59,13.48,3.88,13.779999999999998,11.36,0.28,8.0,11.07,-1.8900000000000001,9.17,-1.6800000000000002,3.24,468.38,36.04,11.67,15.09,0.73,8.82,4.720000000000001,3.3,3.36,3.880000000000001,10.01,4.0,24.919999999999998,14.690000000000001,-1.2299999999999995,4.87
2023-09-13,3.43,1.38,4.71,148.54,6.359999999999999,126.98999999999998,-0.85,40.949999999999996,-1.18,-3.27,20.150000000000002,14.06,12.77,8.219999999999999,4.210000000000001,8.0,2.54,7.38,8.86,5.06,3.2299999999999995,16.009999999999998,5.7700000000000005,2.59,13.48,3.88,13.779999999999998,11.36,0.28,8.0,11.07,-1.8900000000000001,9.17,-1.6800000000000002,3.24,468.38,36.04,11.67,15.09,0.73,8.82,4.720000000000001,3.3,3.36,3.880000000000001,10.01,4.0,24.919999999999998,14.690000000000001,-1.2299999999999995,4.87
2023-09-14,3.43,1.38,4.71,148.54,6.359999999999999,126.98999999999998,-0.85,40.949999999999996,-1.18,-3.27,20.150000000000002,14.06,12.77,8.219999999999999,4.210000000000001,8.0,2.54,7.38,8.86,5.06,3.2299999999999995,16.009999999999998,5.7700000000000005,2.59,13.48,3.88,13.779999999999998,11.36,0.28,8.0,11.07,-1.8900000000000001,9.17,-1.6800000000000002,3.24,468.38,36.04,11.67,15.09,0.73,8.82,4.720000000000001,3.3,3.36,3.880000000000001,10.01,4.0,24.919999999999998,14.690000000000001,-1.2299999999999995,4.87
2023-09-15,3.43,1.38,4.71,148.54,6.359999999999999,126.98999999999998,-0.85,40.949999999999996,-1.18,-3.27,20.150000000000002,14.06,12.77,8.219999999999999,4.210000000000001,8.0,2.54,7.38,8.86,5.06,3.2299999999999995,16.009999999999998,5.7700000000000005,2.59,13.48,3.88,13.779999999999998,11.36,0.28,8.0,11.07,-1.8900000000000001,9.17,-1.6800000000000002,3.24,468.38,36.04,11.67,15.09,0.73,8.82,4.720000000000001,3.3,3.36,3.880000000000001,10.01,4.0,24.919999999999998,14.690000000000001,-1.2299999999999995,4.87
2023-09-18,3.43,1.38,4.71,148.54,6.359999999999999,126.98999999999998,-0.85,40.949999999999996,-1.18,-3.27,20.150000000000002,14.06,12.77,8.219999999999999,4.210000000000001,8.0,2.54,7.38,8.86,5.06,3.2299999999999995,16.009999999999998,5.7700000000000005,2.59,13.48,3.88,13.779999999999998,11.36,0.28,8.0,11.07,-1.8900000000000001,9.17,-1.6800000000000002,3.24,468.38,36.04,11.67,15.09,0.73,8.82,4.720000000000001,3.3,3.36,3.880000000000001,10.01,4.0,24.919999999999998,14.690000000000001,-1.2299999999999995,4.87
2023-09-19,3.43,1.38,4.71,148.54,6.359999999999999,126.98999999999998,-0.85,40.949999999999996,-1.18,-3.27,20.150000000000002,14.06,12.77,8.219999999999999,4.210000000000001,8.0,2.54,7.38,8.86,5.06,3.2299999999999995,16.009999999999998,5.7700000000000005,2.59,13.48,3.88,13.779999999999998,11.36,0.28,8.0,11.07,-1.8900000000000001,9.17,-1.6800000000000002,3.24,468.38,36.04,11.67,15.09,0.73,8.82,4.720000000000001,3.3,3.36,3.880000000000001,10.01,4.0,24.919999999999998,14.690000000000001,-1.2299999999999995,4.87
2023-09-20,3.43,1.38,4.71,148.54,6.359999999999999,126.98999999999998,-0.85,40.949999999999996,-1.18,-3.27,20.150000000000002,14.06,12.77,8.219999999999999,4.210000000000001,8.0,2.54,7.38,8.86,5.06,3.2299999999999995,16.009999999999998,5.7700000000000005,2.59,13.48,3.88,13.779999999999998,11.36,0.28,8.0,11.07,-1.8900000000000001,9.17,-1.6800000000000002,3.24,468.38,36.04,11.67,15.09,0.73,8.82,4.720000000000001,3.3,3.36,3.880000000000001,10.01,4.0,24.919999999999998,14.690000000000001,-1.2299999999999995,4.87
2023-09-21,3.43,1.38,4.71,148.54,6.359999999999999,126.98999999999998,-0.85,40.949999999999996,-1.18,-3.27,20.150000000000002,14.06,12.77,8.219999999999999,4.210000000000001,8.0,2.54,7.38,8.86,5.06,3.2299999999999995,16.009999999999998,5.7700000000000005,2.59,13.48,3.88,13.779999999999998,11.36,0.28,8.0,11.07,-1.8900000000000001,9.17,-1.6800000000000002,3.24,468.38,36.04,11.67,15.09,0.73,8.82,4.720000000000001,3.3,3.36,3.880000000000001,10.01,4.0,24.919999999999998,14.690000000000001,-1.2299999999999995,4.87
2023-09-22,3.43,1.38,4.71,148.54,6.359999999999999,126.98999999999998,-0.85,40.949999999999996,-1.18,-3.27,20.150000000000002,14.06,12.77,8.219999999999999,4.210000000000001,8.0,2.54,7.38,8.86,5.06,3.2299999999999995,16.009999999999998,5.7700000000000005,2.59,13.48,3.88,13.779999999999998,11.36,0.28,8.0,11.07,-1.8900000000000001,9.17,-1.6800000000000002,3.24,468.38,36.04,11.67,15.09,0.73,8.82,4.720000000000001,3.3,3.36,3.880000000000001,10.01,4.0,24.919999999999998,14.690000000000001,-1.2299999999999995,4.87
2023-09-25,3.43,1.38,4.71,148.54,6.359999999999999,126.98999999999998,-0.85,40.949999999999996,-1.18,-3.27,20.150000000000002,14.06,12.77,8.219999999999999,4.210000000000001,8.0,2.54,7.38,8.86,5.06,3.2299999999999995,16.009999999999998,5.7700000000000005,2.59,13.48,3.88,13.779999999999998,11.36,0.28,8.0,11.07,-1.8900000000000001,9.17,-1.6800000000000002,3.24,468.38,36.04,11.67,15.09,0.73,8.82,4.720000000000001,3.3,3.36,3.880000000000001,10.01,4.0,24.919999999999998,14.690000000000001,-1.2299999999999995,4.87
2023-09-26,3.43,1.38,4.71,148.54,6.359999999999999,126.98999999999998,-0.85,40.949999999999996,-1.18,-3.27,20.150000000000002,14.06,12.77,8.219999999999999,4.210000000000001,8.0,2.54,7.38,8.86,5.06,3.2299999999999995,16.009999999999998,5.7700000000000005,2.59,13.48,3.88,13.779999999999998,11.36,0.28,8.0,11.07,-1.8900000000000001,9.17,-1.6800000000000002,3.24,468.38,36.04,11.67,15.09,0.73,8.82,4.720000000000001,3.3,3.36,3.880000000000001,10.01,4.0,24.919999999999998,14.690000000000001,-1.2299999999999995,4.87
2023-09-27,3.43,1.38,4.71,148.54,6.359999999999999,126.98999999999998,-0.85,40.949999999999996,-1.18,-3.27,20.150000000000002,14.06,12.77,8.219999999999999,4.210000000000001,8.0,2.54,7.38,8.86,5.06,3.2299999999999995,16.009999999999998,5.7700000000000005,2.59,13.48,3.88,13.779999999999998,11.36,0.28,8.0,11.07,-1.8900000000000001,9.17,-1.6800000000000002,3.24,468.38,36.04,11.67,15.09,0.73,8.82,4.720000000000001,3.3,3.36,3.880000000000001,10.01,4.0,24.919999999999998,14.690000000000001,-1.2299999999999995,4.87
2023-09-28,3.43,1.38,4.71,148.54,6.359999999999999,126.98999999999998,-0.85,40.949999999999996,-1.18,-3.27,20.150000000000002,14.06,12.77,8.219999999999999,4.210000000000001,8.0,2.54,7.38,8.86,5.06,3.2299999999999995,16.009999999999998,5.7700000000000005,2.59,13.48,3.88,13.779999999999998,11.36,0.28,8.0,11.07,-1.8900000000000001,9.17,-1.6800000000000002,3.24,468.38,36.04,11.67,15.09,0.73,8.82,4.720000000000001,3.3,3.36,3.880000000000001,10.01,4.0,24.919999999999998,14.690000000000001,-1.2299999999999995,4.87
2023-09-29,3.43,1.38,4.71,148.54,6.359999999999999,126.98999999999998,-0.85,40.949999999999996,-1.18,-3.27,20.150000000000002,14.06,12.77,8.219999999999999,4.210000000000001,8.0,2.54,7.38,8.86,5.06,3.2299999999999995,16.009999999999998,5.7700000000000005,2.59,13.48,3.88,13.779999999999998,11.36,0.28,8.0,11.07,-1.8900000000000001,9.17,-1.6800000000000002,3.24,468.38,36.04,11.67,15.09,0.73,8.82,4.720000000000001,3.3,3.36,3.880000000000001,10.01,4.0,24.919999999999998,14.690000000000001,-1.2299999999999995,4.87
2023-10-02,8.22,1.91,8.03,148.54,6.359999999999999,141.37,-0.85,42.15,3.28,-2.73,23.13,13.82,14.61,8.219999999999999,4.97,5.46,1.53,7.12,8.86,5.42,-4.02,16.009999999999998,4.95,2.59,13.48,3.57,13.779999999999998,11.36,0.87,9.43,11.34,2.98,-8.58,-0.53,3.24,475.18,37.56,12.24,13.88,3.28,7.83,4.720000000000001,3.58,3.36,3.93,10.25,3.1,24.919999999999998,14.690000000000001,0.28,5.26
2023-10-03,8.22,1.91,8.03,148.54,6.359999999999999,141.37,-0.85,42.15,3.28,-2.73,23.13,13.82,14.61,8.219999999999999,4.97,5.46,1.53,7.12,8.86,5.42,-4.02,16.009999999999998,4.95,2.59,13.48,3.57,13.779999999999998,11.36,0.87,9.43,11.34,2.98,-8.58,-0.53,3.24,475.18,37.56,12.24,13.88,3.28,7.83,4.720000000000001,3.58,3.36,3.93,10.25,3.1,24.919999999999998,14.690000000000001,0.28,5.26
2023-10-04,8.22,1.91,8.03,148.54,6.359999999999999,141.37,-0.85,42.15,3.28,-2.73,23.13,13.82,14.61,8.219999999999999,4.97,5.46,1.53,7.12,8.86,5.42,-4.02,16.009999999999998,4.95,2.59,13.48,3.57,13.779999999999998,11.36,0.87,9.43,11.34,2.98,-8.58,-0.53,3.24,475.18,37.56,12.24,13.88,3.28,7.83,4.720000000000001,3.58,3.36,3.93,10.25,3.1,24.919999999999998,14.690000000000001,0.28,5.26
2023-10-05,8.22,1.91,8.03,148.54,6.359999999999999,141.37,-0.85,42.15,3.28,-2.73,23.13,13.82,14.61,8.219999999999999,4.97,5.46,1.53,7.12,8.86,5.42,-4.02,16.009999999999998,4.95,2.59,13.48,3.57,13.779999999999998,11.36,0.87,9.43,11.34,2.98,-8.58,-0.53,3.24,475.18,37.56,12.24,13.88,3.28,7.83,4.720000000000001,3.58,3.36,3.93,10.25,3.1,24.919999999999998,14.690000000000001,0.28,5.26
2023-10-06,8.22,1.91,8.03,148.54,6.359999999999999,141.37,-0.85,42.15,3.28,-2.73,23.13,13.82,14.61,8.219999999999999,4.97,5.46,1.53,7.12,8.86,5.42,-4.02,16.009999999999998,4.95,2.59,13.48,3.57,13.779999999999998,11.36,0.87,9.43,11.34,2.98,-8.58,-0.53,3.24,475.18,37.56,12.24,13.88,3.28,7.83,4.720000000000001,3.58,3.36,3.93,10.25,3.1,24.919999999999998,14.690000000000001,0.28,5.26
2023-10-09,8.22,1.91,8.03,148.54,6.359999999999999,141.37,-0.85,42.15,3.28,-2.73,23.13,13.82,14.61,8.219999999999999,4.97,5.46,1.53,7.12,8.86,5.42,-4.02,16.009999999999998,4.95,2.59,13.48,3.57,13.779999999999998,11.36,0.87,9.43,11.34,2.98,-8.58,-0.53,3.24,475.18,37.56,12.24,13.88,3.28,7.83,4.720000000000001,3.58,3.36,3.93,10.25,3.1,24.919999999999998,14.690000000000001,0.28,5.26
2023-10-10,8.22,1.91,8.03,148.54,6.359999999999999,141.37,-0.85,42.15,3.28,-2.73,23.13,13.82,14.61,8.219999999999999,4.97,5.46,1.53,7.12,8.86,5.42,-4.02,16.009999999999998,4.95,2.59,13.48,3.57,13.779999999999998,11.36,0.87,9.43,11.34,2.98,-8.58,-0.53,3.24,475.18,37.56,12.24,13.88,3.28,7.83,4.720000000000001,3.58,3.36,3.93,10.25,3.1,24.919999999999998,14.690000000000001,0.28,5.26
2023-10-11,8.22,1.91,8.03,148.54,6.359999999999999,141.37,-0.85,42.15,3.28,-2.73,23.13,13.82,14.61,8.219999999999999,4.97,5.46,1.53,7.12,8.86,5.42,-4.02,16.009999999999998,4.95,2.59,13.48,3.57,13.779999999999998,11.36,0.87,9.43,11.34,2.98,-8.58,-0.53,3.24,475.18,37.56,12.24,13.88,3.28,7.83,4.720000000000001,3.58,3.36,3.93,10.25,3.1,24.919999999999998,14.690000000000001,0.28,5.26
2023-10-12,8.22,1.91,8.03,148.54,6.359999999999999,141.37,-0.85,42.15,3.28,-2.73,23.13,13.82,14.61,8.219999999999999,4.97,5.46,1.53,7.12,8.86,5.42,-4.02,16.009999999999998,4.95,2.59,13.48,3.57,13.779999999999998,11.36,0.87,9.43,11.34,2.98,-8.58,-0.53,3.24,475.18,37.56,12.24,13.88,3.28,7.83,4.720000000000001,3.58,3.36,3.93,10.25,3.1,24.919999999999998,14.690000000000001,0.28,5.26
2023-10-13,8.22,1.91,8.03,148.54,6.359999999999999,141.37,-0.85,42.15,3.28,-2.73,23.13,13.82,14.61,8.219999999999999,4.97,5.46,1.53,7.12,8.86,5.42,-4.02,16.009999999999998,4.95,2.59,13.48,3.57,13.779999999999998,11.36,0.87,9.43,11.34,2.98,-8.58,-0.53,3.24,475.18,37.56,12.24,13.88,3.28,7.83,4.720000000000001,3.58,3.36,3.93,10.25,3.1,24.919999999999998,14.690000000000001,0.28,5.26
2023-10-16,8.22,1.91,8.03,148.54,6.359999999999999,141.37,-0.85,42.15,3.28,-2.73,23.13,13.82,14.61,8.219999999999999,4.97,5.46,1.53,7.12,8.86,5.42,-4.02,16.009999999999998,4.95,2.59,13.48,3.57,13.779999999999998,11.36,0.87,9.43,11.34,2.98,-8.58,-0.53,3.24,475.18,37.56,12.24,13.88,3.28,7.83,4.720000000000001,3.58,3.36,3.93,10.25,3.1,24.919999999999998,14.690000000000001,0.28,5.26
2023-10-17,8.22,1.91,8.03,148.54,6.359999999999999,141.37,-0.85,42.15,3.28,-2.73,23.13,13.82,14.61,8.219999999999999,4.97,5.46,1.53,7.12,8.86,5.42,-4.02,16.009999999999998,4.95,2.59,13.48,3.57,13.779999999999998,11.36,0.87,9.43,11.34,2.98,-8.58,-0.53,3.24,475.18,37.56,12.24,13.88,3.28,7.83,4.720000000000001,3.58,3.36,3.93,10.25,3.1,24.919999999999998,14.690000000000001,0.28,5.26
2023-10-18,8.22,1.91,8.03,148.54,6.359999999999999,141.37,-0.85,42.15,3.28,-2.73,23.13,13.82,14.61,8.219999999999999,4.97,5.46,1.53,7.12,8.86,5.42,-4.02,16.009999999999998,4.95,2.59,13.48,3.57,13.779999999999998,11.36,0.87,9.43,11.34,2.98,-8.58,-0.53,3.24,475.18,37.56,12.24,13.88,3.28,7.83,4.720000000000001,3.58,3.36,3.93,10.25,3.1,24.919999999999998,14.690000000000001,0.28,5.26
2023-10-19,8.22,1.91,8.03,148.54,6.359999999999999,141.37,-0.85,42.15,3.28,-2.73,23.13,13.82,14.61,8.219999999999999,4.97,5.46,1.53,7.12,8.86,5.42,-4.02,16.009999999999998,4.95,2.59,13.48,3.57,13.779999999999998,11.36,0.87,9.43,11.34,2.98,-8.58,-0.53,3.24,475.18,37.56,12.24,13.88,3.28,7.83,4.720000000000001,3.58,3.36,3.93,10.25,3.1,24.919999999999998,14.690000000000001,0.28,5.26
2023-10-20,8.22,1.91,8.03,148.54,6.359999999999999,141.37,-0.85,42.15,3.28,-2.73,23.13,13.82,14.61,8.219999999999999,4.97,5.46,1.53,7.12,8.86,5.42,-4.02,16.009999999999998,4.95,2.59,13.48,3.57,13.779999999999998,11.36,0.87,9.43,11.34,2.98,-8.58,-0.53,3.24,475.18,37.56,12.24,13.88,3.28,7.83,4.720000000000001,3.58,3.36,3.93,10.25,3.1,24.919999999999998,14.690000000000001,0.28,5.26
2023-10-23,8.22,1.91,8.03,148.54,6.359999999999999,141.37,-0.85,42.15,3.28,-2.73,23.13,13.82,14.61,8.219999999999999,4.97,5.46,1.53,7.12,8.86,5.42,-4.02,16.009999999999998,4.95,2.59,13.48,3.57,13.779999999999998,11.36,0.87,9.43,11.34,2.98,-8.58,-0.53,3.24,475.18,37.56,12.24,13.88,3.28,7.83,4.720000000000001,3.58,3.36,3.93,10.25,3.1,24.919999999999998,14.690000000000001,0.28,5.26
2023-10-24,8.22,1.91,8.03,148.54,6.359999999999999,141.37,-0.85,42.15,3.28,-2.73,23.13,13.82,14.61,8.219999999999999,4.97,5.46,1.53,7.12,8.86,5.42,-4.02,16.009999999999998,4.95,2.59,13.48,3.57,13.779999999999998,11.36,0.87,9.43,11.34,2.98,-8.58,-0.53,3.24,475.18,37.56,12.24,13.88,3.28,7.83,4.720000000000001,3.58,3.36,3.93,10.25,3.1,24.919999999999998,14.690000000000001,0.28,5.26
2023-10-25,8.22,1.91,8.03,148.54,6.359999999999999,141.37,-0.85,42.15,3.28,-2.73,23.13,13.82,14.61,8.219999999999999,4.97,5.46,1.53,7.12,8.86,5.42,-4.02,16.009999999999998,4.95,2.59,13.48,3.57,13.779999999999998,11.36,0.87,9.43,11.34,2.98,-8.58,-0.53,3.24,475.18,37.56,12.24,13.88,3.28,7.83,4.720000000000001,3.58,3.36,3.93,10.25,3.1,24.919999999999998,14.690000000000001,0.28,5.26
2023-10-26,8.22,1.91,8.03,148.54,6.359999999999999,141.37,-0.85,42.15,3.28,-2.73,23.13,13.82,14.61,8.219999999999999,4.97,5.46,1.53,7.12,8.86,5.42,-4.02,16.009999999999998,4.95,2.59,13.48,3.57,13.779999999999998,11.36,0.87,9.43,11.34,2.98,-8.58,-0.53,3.24,475.18,37.56,12.24,13.88,3.28,7.83,4.720000000000001,3.58,3.36,3.93,10.25,3.1,24.919999999999998,14.690000000000001,0.28,5.26
2023-10-27,8.22,1.91,8.03,148.54,6.359999999999999,141.37,-0.85,42.15,3.28,-2.73,23.13,13.82,14.61,8.219999999999999,4.97,5.46,1.53,7.12,8.86,5.42,-4.02,16.009999999999998,4.95,2.59,13.48,3.57,13.779999999999998,11.36,0.87,9.43,11.34,2.98,-8.58,-0.53,3.24,475.18,37.56,12.24,13.88,3.28,7.83,4.720000000000001,3.58,3.36,3.93,10.25,3.1,24.919999999999998,14.690000000000001,0.28,5.26
2023-10-30,8.22,1.91,8.03,148.54,6.359999999999999,141.37,-0.85,42.15,3.28,-2.73,23.13,13.82,14.61,8.219999999999999,4.97,5.46,1.53,7.12,8.86,5.42,-4.02,16.009999999999998,4.95,2.59,13.48,3.57,13.779999999999998,11.36,0.87,9.43,11.34,2.98,-8.58,-0.53,3.24,475.18,37.56,12.24,13.88,3.28,7.83,4.720000000000001,3.58,3.36,3.93,10.25,3.1,24.919999999999998,14.690000000000001,0.28,5.26
2023-10-31,8.22,1.91,8.03,148.54,5.79,141.37,-0.85,42.15,3.28,-2.73,23.13,13.82,14.61,8.219999999999999,4.97,5.46,1.53,7.12,8.86,5.42,-4.02,15.6,4.95,2.59,13.48,3.57,13.04,7.86,0.87,9.43,11.34,2.98,-8.58,-0.53,3.24,475.18,37.56,12.24,13.88,3.28,7.83,5.04,3.58,3.54,3.93,10.25,3.1,24.65,14.36,0.28,5.26
2023-11-01,8.22,1.91,8.03,148.54,5.79,141.37,-0.85,42.15,3.28,-2.73,23.13,13.82,14.61,8.219999999999999,4.97,5.46,1.53,7.12,8.86,5.42,-4.02,15.6,4.95,2.59,13.48,3.57,13.04,7.86,0.87,9.43,11.34,2.98,-8.58,-0.53,3.24,475.18,37.56,12.24,13.88,3.28,7.83,5.04,3.58,3.54,3.93,10.25,3.1,24.65,14.36,0.28,5.26
2023-11-02,8.22,1.91,8.03,148.54,5.79,141.37,-0.85,42.15,3.28,-2.73,23.13,13.82,14.61,8.219999999999999,4.97,5.46,1.53,7.12,8.86,5.42,-4.02,15.6,4.95,2.59,13.48,3.57,13.04,7.86,0.87,9.43,11.34,2.98,-8.58,-0.53,3.24,475.18,37.56,12.24,13.88,3.28,7.83,5.04,3.58,3.54,3.93,10.25,3.1,24.65,14.36,0.28,5.26
2023-11-03,8.22,1.91,8.03,148.54,5.79,141.37,-0.85,42.15,3.28,-2.73,23.13,13.82,14.61,8.219999999999999,4.97,5.46,1.53,7.12,8.86,5.42,-4.02,15.6,4.95,2.59,13.48,3.57,13.04,7.86,0.87,9.43,11.34,2.98,-8.58,-0.53,3.24,475.18,37.56,12.24,13.88,3.28,7.83,5.04,3.58,3.54,3.93,10.25,3.1,24.65,14.36,0.28,5.26
2023-11-06,8.22,1.91,8.03,148.54,5.79,141.37,-0.85,42.15,3.28,-2.73,23.13,13.82,14.61,8.219999999999999,4.97,5.46,1.53,7.12,8.86,5.42,-4.02,15.6,4.95,2.59,13.48,3.57,13.04,7.86,0.87,9.43,11.34,2.98,-8.58,-0.53,3.24,475.18,37.56,12.24,13.88,3.28,7.83,5.04,3.58,3.54,3.93,10.25,3.1,24.65,14.36,0.28,5.26
2023-11-07,8.22,1.91,8.03,148.54,5.79,141.37,-0.85,42.15,3.28,-2.73,23.13,13.82,14.61,8.219999999999999,4.97,5.46,1.53,7.12,8.86,5.42,-4.02,15.6,4.95,2.59,13.48,3.57,13.04,7.86,0.87,9.43,11.34,2.98,-8.58,-0.53,3.24,475.18,37.56,12.24,13.88,3.28,7.83,5.04,3.58,3.54,3.93,10.25,3.1,24.65,14.36,0.28,5.26
2023-11-08,8.22,1.91,8.03,148.54,5.79,141.37,-0.85,42.15,3.28,-2.73,23.13,13.82,14.61,8.219999999999999,4.97,5.46,1.53,7.12,8.86,5.42,-4.02,15.6,4.95,2.59,13.48,3.57,13.04,7.86,0.87,9.43,11.34,2.98,-8.58,-0.53,3.24,475.18,37.56,12.24,13.88,3.28,7.83,5.04,3.58,3.54,3.93,10.25,3.1,24.65,14.36,0.28,5.26
2023-11-09,8.22,1.91,8.03,148.54,5.79,141.37,-0.85,42.15,3.28,-2.73,23.13,13.82,14.61,8.219999999999999,4.97,5.46,1.53,7.12,8.86,5.42,-4.02,15.6,4.95,2.59,13.48,3.57,13.04,7.86,0.87,9.43,11.34,2.98,-8.58,-0.53,3.24,475.18,37.56,12.24,13.88,3.28,7.83,5.04,3.58,3.54,3.93,10.25,3.1,24.65,14.36,0.28,5.26
2023-11-10,8.22,1.91,8.03,148.54,5.79,141.37,-0.85,42.15,3.28,-2.73,23.13,13.82,14.61,8.219999999999999,4.97,5.46,1.53,7.12,8.86,5.42,-4.02,15.6,4.95,2.59,13.48,3.57,13.04,7.86,0.87,9.43,11.34,2.98,-8.58,-0.53,3.24,475.18,37.56,12.24,13.88,3.28,7.83,5.04,3.58,3.54,3.93,10.25,3.1,24.65,14.36,0.28,5.26
2023-11-13,8.22,1.91,8.03,148.54,5.79,141.37,-0.85,42.15,3.28,-2.73,23.13,13.82,14.61,8.219999999999999,4.97,5.46,1.53,7.12,8.86,5.42,-4.02,15.6,4.95,2.59,13.48,3.57,13.04,7.86,0.87,9.43,11.34,2.98,-8.58,-0.53,3.24,475.18,37.56,12.24,13.88,3.28,7.83,5.04,3.58,3.54,3.93,10.25,3.1,24.65,14.36,0.28,5.26
2023-11-14,8.22,1.91,8.03,148.54,5.79,141.37,-0.85,42.15,3.28,-2.73,23.13,13.82,14.61,8.219999999999999,4.97,5.46,1.53,7.12,8.86,5.42,-4.02,15.6,4.95,2.59,13.48,3.57,13.04,7.86,0.87,9.43,11.34,2.98,-8.58,-0.53,3.24,475.18,37.56,12.24,13.88,3.28,7.83,5.04,3.58,3.54,3.93,10.25,3.1,24.65,14.36,0.28,5.26
2023-11-15,8.22,1.91,8.03,148.54,5.79,141.37,-0.85,42.15,3.28,-2.73,23.13,13.82,14.61,8.219999999999999,4.97,5.46,1.53,7.12,8.86,5.42,-4.02,15.6,4.95,2.59,13.48,3.57,13.04,7.86,0.87,9.43,11.34,2.98,-8.58,-0.53,3.24,475.18,37.56,12.24,13.88,3.28,7.83,5.04,3.58,3.54,3.93,10.25,3.1,24.65,14.36,0.28,5.26
2023-11-16,8.22,1.91,8.03,148.54,5.79,141.37,-0.85,42.15,3.28,-2.73,23.13,13.82,14.61,8.219999999999999,4.97,5.46,1.53,7.12,8.86,5.42,-4.02,15.6,4.95,2.59,13.48,3.57,13.04,7.86,0.87,9.43,11.34,2.98,-8.58,-0.53,3.24,475.18,37.56,12.24,13.88,3.28,7.83,5.04,3.58,3.54,3.93,10.25,3.1,24.65,14.36,0.28,5.26
2023-11-17,8.22,1.91,8.03,148.54,5.79,141.37,-0.85,42.15,3.28,-2.73,23.13,13.82,14.61,8.219999999999999,4.97,5.46,1.53,7.12,8.86,5.42,-4.02,15.6,4.95,2.59,13.48,3.57,13.04,7.86,0.87,9.43,11.34,2.98,-8.58,-0.53,3.24,475.18,37.56,12.24,13.88,3.28,7.83,5.04,3.58,3.54,3.93,10.25,3.1,24.65,14.36,0.28,5.26
2023-11-20,8.22,1.91,8.03,148.54,5.79,141.37,-0.85,42.15,3.28,-2.73,23.13,13.82,14.61,8.219999999999999,4.97,5.46,1.53,7.12,8.86,5.42,-4.02,15.6,4.95,2.59,13.48,3.57,13.04,7.86,0.87,9.43,11.34,2.98,-8.58,-0.53,3.24,475.18,37.56,12.24,13.88,3.28,7.83,5.04,3.58,3.54,3.93,10.25,3.1,24.65,14.36,0.28,5.26
2023-11-21,8.22,1.91,8.03,148.54,5.79,141.37,-0.85,42.15,3.28,-2.73,23.13,13.82,14.61,8.219999999999999,4.97,5.46,1.53,7.12,8.86,5.42,-4.02,15.6,4.95,2.59,13.48,3.57,13.04,7.86,0.87,9.43,11.34,2.98,-8.58,-0.53,3.24,475.18,37.56,12.24,13.88,3.28,7.83,5.04,3.58,3.54,3.93,10.25,3.1,24.65,14.36,0.28,5.26
2023-11-22,8.22,1.91,8.03,148.54,5.79,141.37,-0.85,42.15,3.28,-2.73,23.13,13.82,14.61,8.219999999999999,4.97,5.46,1.53,7.12,8.86,5.42,-4.02,15.6,4.95,2.59,13.48,3.57,13.04,7.86,0.87,9.43,11.34,2.98,-8.58,-0.53,3.24,475.18,37.56,12.24,13.88,3.28,7.83,5.04,3.58,3.54,3.93,10.25,3.1,24.65,14.36,0.28,5.26
2023-11-24,8.22,1.91,8.03,148.54,5.79,141.37,-0.85,42.15,3.28,-2.73,23.13,13.82,14.61,8.219999999999999,4.97,5.46,1.53,7.12,8.86,5.42,-4.02,15.6,4.95,2.59,13.48,3.57,13.04,7.86,0.87,9.43,11.34,2.98,-8.58,-0.53,3.24,475.18,37.56,12.24,13.88,3.28,7.83,5.04,3.58,3.54,3.93,10.25,3.1,24.65,14.36,0.28,5.26
2023-11-27,8.22,1.91,8.03,148.54,5.79,141.37,-0.85,42.15,3.28,-2.73,23.13,13.82,14.61,8.219999999999999,4.97,5.46,1.53,7.12,8.86,5.42,-4.02,15.6,4.95,2.59,13.48,3.57,13.04,7.86,0.87,9.43,11.34,2.98,-8.58,-0.53,3.24,475.18,37.56,12.24,13.88,3.28,7.83,5.04,3.58,3.54,3.93,10.25,3.1,24.65,14.36,0.28,5.26
2023-11-28,8.22,1.91,8.03,148.54,5.79,141.37,-0.85,42.15,3.28,-2.73,23.13,13.82,14.61,8.219999999999999,4.97,5.46,1.53,7.12,8.86,5.42,-4.02,15.6,4.95,2.59,13.48,3.57,13.04,7.86,0.87,9.43,11.34,2.98,-8.58,-0.53,3.24,475.18,37.56,12.24,13.88,3.28,7.83,5.04,3.58,3.54,3.93,10.25,3.1,24.65,14.36,0.28,5.26
2023-11-29,8.22,1.91,8.03,148.54,5.79,141.37,-0.85,42.15,3.28,-2.73,23.13,13.82,14.61,8.219999999999999,4.97,5.46,1.53,7.12,8.86,5.42,-4.02,15.6,4.95,2.59,13.48,3.57,13.04,7.86,0.87,9.43,11.34,2.98,-8.58,-0.53,3.24,475.18,37.56,12.24,13.88,3.28,7.83,5.04,3.58,3.54,3.93,10.25,3.1,24.65,14.36,0.28,5.26
2023-11-30,8.22,1.91,8.03,137.46,5.79,141.37,-0.06,42.15,3.28,-2.73,23.13,13.82,14.61,8.26,4.97,5.46,1.53,7.12,8.86,5.42,-4.02,15.6,4.95,3.13,13.73,3.57,13.04,7.86,0.87,9.43,11.34,2.98,-8.58,-0.53,3.43,475.18,37.56,12.24,13.88,3.28,7.83,5.04,3.58,3.54,3.93,10.25,3.1,24.65,14.36,0.28,5.26
2023-12-01,8.22,1.91,8.03,137.46,5.79,141.37,-0.06,42.15,3.28,-2.73,23.13,13.82,14.61,8.26,4.97,5.46,1.53,7.12,8.86,5.42,-4.02,15.6,4.95,3.13,13.73,3.57,13.04,7.86,0.87,9.43,11.34,2.98,-8.58,-0.53,3.43,475.18,37.56,12.24,13.88,3.28,7.83,5.04,3.58,3.54,3.93,10.25,3.1,24.65,14.36,0.28,5.26
2023-12-04,8.22,1.91,8.03,137.46,5.79,141.37,-0.06,42.15,3.28,-2.73,23.13,13.82,14.61,8.26,4.97,5.46,1.53,7.12,8.86,5.42,-4.02,15.6,4.95,3.13,13.73,3.57,13.04,7.86,0.87,9.43,11.34,2.98,-8.58,-0.53,3.43,475.18,37.56,12.24,13.88,3.28,7.83,5.04,3.58,3.54,3.93,10.25,3.1,24.65,14.36,0.28,5.26
2023-12-05,8.22,1.91,8.03,137.46,5.79,141.37,-0.06,42.15,3.28,-2.73,23.13,13.82,14.61,8.26,4.97,5.46,1.53,7.12,8.86,5.42,-4.02,15.6,4.95,3.13,13.73,3.57,13.04,7.86,0.87,9.43,11.34,2.98,-8.58,-0.53,3.43,475.18,37.56,12.24,13.88,3.28,7.83,5.04,3.58,3.54,3.93,10.25,3.1,24.65,14.36,0.28,5.26
2023-12-06,8.22,1.91,8.03,137.46,5.79,141.37,-0.06,42.15,3.28,-2.73,23.13,13.82,14.61,8.26,4.97,5.46,1.53,7.12,8.86,5.42,-4.02,15.6,4.95,3.13,13.73,3.57,13.04,7.86,0.87,9.43,11.34,2.98,-8.58,-0.53,3.43,475.18,37.56,12.24,13.88,3.28,7.83,5.04,3.58,3.54,3.93,10.25,3.1,24.65,14.36,0.28,5.26
2023-12-07,8.22,1.91,8.03,137.46,5.79,141.37,-0.06,42.15,3.28,-2.73,23.13,13.82,14.61,8.26,4.97,5.46,1.53,7.12,8.86,5.42,-4.02,15.6,4.95,3.13,13.73,3.57,13.04,7.86,0.87,9.43,11.34,2.98,-8.58,-0.53,3.43,475.18,37.56,12.24,13.88,3.28,7.83,5.04,3.58,3.54,3.93,10.25,3.1,24.65,14.36,0.28,5.26
2023-12-08,8.22,1.91,8.03,137.46,5.79,141.37,-0.06,42.15,3.28,-2.73,23.13,13.82,14.61,8.26,4.97,5.46,1.53,7.12,8.86,5.42,-4.02,15.6,4.95,3.13,13.73,3.57,13.04,7.86,0.87,9.43,11.34,2.98,-8.58,-0.53,3.43,475.18,37.56,12.24,13.88,3.28,7.83,5.04,3.58,3.54,3.93,10.25,3.1,24.65,14.36,0.28,5.26
2023-12-11,8.22,1.91,8.03,137.46,5.79,141.37,-0.06,42.15,3.28,-2.73,23.13,13.82,14.61,8.26,4.97,5.46,1.53,7.12,8.86,5.42,-4.02,15.6,4.95,3.13,13.73,3.57,13.04,7.86,0.87,9.43,11.34,2.98,-8.58,-0.53,3.43,475.18,37.56,12.24,13.88,3.28,7.83,5.04,3.58,3.54,3.93,10.25,3.1,24.65,14.36,0.28,5.26
2023-12-12,8.22,1.91,8.03,137.46,5.79,141.37,-0.06,42.15,3.28,-2.73,23.13,13.82,14.61,8.26,4.97,5.46,1.53,7.12,8.86,5.42,-4.02,15.6,4.95,3.13,13.73,3.57,13.04,7.86,0.87,9.43,11.34,2.98,-8.58,-0.53,3.43,475.18,37.56,12.24,13.88,3.28,7.83,5.04,3.58,3.54,3.93,10.25,3.1,24.65,14.36,0.28,5.26
2023-12-13,8.22,1.91,8.03,137.46,5.79,141.37,-0.06,42.15,3.28,-2.73,23.13,13.82,14.61,8.26,4.97,5.46,1.53,7.12,8.86,5.42,-4.02,15.6,4.95,3.13,13.73,3.57,13.04,7.86,0.87,9.43,11.34,2.98,-8.58,-0.53,3.43,475.18,37.56,12.24,13.88,3.28,7.83,5.04,3.58,3.54,3.93,10.25,3.1,24.65,14.36,0.28,5.26
2023-12-14,8.22,1.91,8.03,137.46,5.79,141.37,-0.06,42.15,3.28,-2.73,23.13,13.82,14.61,8.26,4.97,5.46,1.53,7.12,8.86,5.42,-4.02,15.6,4.95,3.13,13.73,3.57,13.04,7.86,0.87,9.43,11.34,2.98,-8.58,-0.53,3.43,475.18,37.56,12.24,13.88,3.28,7.83,5.04,3.58,3.54,3.93,10.25,3.1,24.65,14.36,0.28,5.26
2023-12-15,8.22,1.91,8.03,137.46,5.79,141.37,-0.06,42.15,3.28,-2.73,23.13,13.82,14.61,8.26,4.97,5.46,1.53,7.12,8.86,5.42,-4.02,15.6,4.95,3.13,13.73,3.57,13.04,7.86,0.87,9.43,11.34,2.98,-8.58,-0.53,3.43,475.18,37.56,12.24,13.88,3.28,7.83,5.04,3.58,3.54,3.93,10.25,3.1,24.65,14.36,0.28,5.26
2023-12-18,8.22,1.91,8.03,137.46,5.79,141.37,-0.06,42.15,3.28,-2.73,23.13,13.82,14.61,8.26,4.97,5.46,1.53,7.12,8.86,5.42,-4.02,15.6,4.95,3.13,13.73,3.57,13.04,7.86,0.87,9.43,11.34,2.98,-8.58,-0.53,3.43,475.18,37.56,12.24,13.88,3.28,7.83,5.04,3.58,3.54,3.93,10.25,3.1,24.65,14.36,0.28,5.26
2023-12-19,8.22,1.91,8.03,137.46,5.79,141.37,-0.06,42.15,3.28,-2.73,23.13,13.82,14.61,8.26,4.97,5.46,1.53,7.12,8.86,5.42,-4.02,15.6,4.95,3.13,13.73,3.57,13.04,7.86,0.87,9.43,11.34,2.98,-8.58,-0.53,3.43,475.18,37.56,12.24,13.88,3.28,7.83,5.04,3.58,3.54,3.93,10.25,3.1,24.65,14.36,0.28,5.26
2023-12-20,8.22,1.91,8.03,137.46,5.79,141.37,-0.06,42.15,3.28,-2.73,23.13,13.82,14.61,8.26,4.97,5.46,1.53,7.12,8.86,5.42,-4.02,15.6,4.95,3.13,13.73,3.57,13.04,7.86,0.87,9.43,11.34,2.98,-8.58,-0.53,3.43,475.18,37.56,12.24,13.88,3.28,7.83,5.04,3.58,3.54,3.93,10.25,3.1,24.65,14.36,0.28,5.26
2023-12-21,8.22,1.91,8.03,137.46,5.79,141.37,-0.06,42.15,3.28,-2.73,23.13,13.82,14.61,8.26,4.97,5.46,1.53,7.12,8.86,5.42,-4.02,15.6,4.95,3.13,13.73,3.57,13.04,7.86,0.87,9.43,11.34,2.98,-8.58,-0.53,3.43,475.18,37.56,12.24,13.88,3.28,7.83,5.04,3.58,3.54,3.93,10.25,3.1,24.65,14.36,0.28,5.26
2023-12-22,8.22,1.91,8.03,137.46,5.79,141.37,-0.06,42.15,3.28,-2.73,23.13,13.82,14.61,8.26,4.97,5.46,1.53,7.12,8.86,5.42,-4.02,15.6,4.95,3.13,13.73,3.57,13.04,7.86,0.87,9.43,11.34,2.98,-8.58,-0.53,3.43,475.18,37.56,12.24,13.88,3.28,7.83,5.04,3.58,3.54,3.93,10.25,3.1,24.65,14.36,0.28,5.26
2023-12-26,8.22,1.91,8.03,137.46,5.79,141.37,-0.06,42.15,3.28,-2.73,23.13,13.82,14.61,8.26,4.97,5.46,1.53,7.12,8.86,5.42,-4.02,15.6,4.95,3.13,13.73,3.57,13.04,7.86,0.87,9.43,11.34,2.98,-8.58,-0.53,3.43,475.18,37.56,12.24,13.88,3.28,7.83,5.04,3.58,3.54,3.93,10.25,3.1,24.65,14.36,0.28,5.26
2023-12-27,8.22,1.91,8.03,137.46,5.79,141.37,-0.06,42.15,3.28,-2.73,23.13,13.82,14.61,8.26,4.97,5.46,1.53,7.12,8.86,5.42,-4.02,15.6,4.95,3.13,13.73,3.57,13.04,7.86,0.87,9.43,11.34,2.98,-8.58,-0.53,3.43,475.18,37.56,12.24,13.88,3.28,7.83,5.04,3.58,3.54,3.93,10.25,3.1,24.65,14.36,0.28,5.26
2023-12-28,8.22,1.91,8.03,137.46,5.79,141.37,-0.06,42.15,3.28,-2.73,23.13,13.82,14.61,8.26,4.97,5.46,1.53,7.12,8.86,5.42,-4.02,15.6,4.95,3.13,13.73,3.57,13.04,7.86,0.87,9.43,11.34,2.98,-8.58,-0.53,3.43,475.18,37.56,12.24,13.88,3.28,7.83,5.04,3.58,3.54,3.93,10.25,3.1,24.65,14.36,0.28,5.26
2023-12-29,8.22,1.91,8.03,137.46,5.79,141.37,-0.06,42.15,3.28,-2.73,23.13,13.82,14.61,8.26,4.97,5.46,1.53,7.12,8.86,5.42,-4.02,15.6,4.95,3.13,13.73,3.57,13.04,7.86,0.87,9.43,11.34,2.98,-8.58,-0.53,3.43,475.18,37.56,12.24,13.88,3.28,7.83,5.04,3.58,3.54,3.93,10.25,3.1,24.65,14.36,0.28,5.26
2024-01-02,7.24,2.9,10.39,137.46,5.79,153.54,-0.06,44.87,-0.72,-1.42,27.67,13.88,14.66,8.26,5.19,9.82,1.53,7.32,9.33,5.6,-10.73,15.6,6.22,3.13,13.73,3.8299999999999996,13.04,7.86,1.8599999999999999,10.03,11.56,3.19,-6.9,0.39,3.43,463.31,38.47,11.72,13.35,6.31,8.82,5.04,3.74,3.54,3.97,10.09,4.3,24.65,14.36,6.32,5.17
2024-01-03,7.24,2.9,10.39,137.46,5.79,153.54,-0.06,44.87,-0.72,-1.42,27.67,13.88,14.66,8.26,5.19,9.82,1.53,7.32,9.33,5.6,-10.73,15.6,6.22,3.13,13.73,3.8299999999999996,13.04,7.86,1.8599999999999999,10.03,11.56,3.19,-6.9,0.39,3.43,463.31,38.47,11.72,13.35,6.31,8.82,5.04,3.74,3.54,3.97,10.09,4.3,24.65,14.36,6.32,5.17
2024-01-04,7.24,2.9,10.39,137.46,5.79,153.54,-0.06,44.87,-0.72,-1.42,27.67,13.88,14.66,8.26,5.19,9.82,1.53,7.32,9.33,5.6,-10.73,15.6,6.22,3.13,13.73,3.8299999999999996,13.04,7.86,1.8599999999999999,10.03,11.56,3.19,-6.9,0.39,3.43,463.31,38.47,11.72,13.35,6.31,8.82,5.04,3.74,3.54,3.97,10.09,4.3,24.65,14.36,6.32,5.17
2024-01-05,7.24,2.9,10.39,137.46,5.79,153.54,-0.06,44.87,-0.72,-1.42,27.67,13.88,14.66,8.26,5.19,9.82,1.53,7.32,9.33,5.6,-10.73,15.6,6.22,3.13,13.73,3.8299999999999996,13.04,7.86,1.8599999999999999,10.03,11.56,3.19,-6.9,0.39,3.43,463.31,38.47,11.72,13.35,6.31,8.82,5.04,3.74,3.54,3.97,10.09,4.3,24.65,14.36,6.32,5.17
2024-01-08,7.24,2.9,10.39,137.46,5.79,153.54,-0.06,44.87,-0.72,-1.42,27.67,13.88,14.66,8.26,5.19,9.82,1.53,7.32,9.33,5.6,-10.73,15.6,6.22,3.13,13.73,3.8299999999999996,13.04,7.86,1.8599999999999999,10.03,11.56,3.19,-6.9,0.39,3.43,463.31,38.47,11.72,13.35,6.31,8.82,5.04,3.74,3.54,3.97,10.09,4.3,24.65,14.36,6.32,5.17
2024-01-09,7.24,2.9,10.39,137.46,5.79,153.54,-0.06,44.87,-0.72,-1.42,27.67,13.88,14.66,8.26,5.19,9.82,1.53,7.32,9.33,5.6,-10.73,15.6,6.22,3.13,13.73,3.8299999999999996,13.04,7.86,1.8599999999999999,10.03,11.56,3.19,-6.9,0.39,3.43,463.31,38.47,11.72,13.35,6.31,8.82,5.04,3.74,3.54,3.97,10.09,4.3,24.65,14.36,6.32,5.17
2024-01-10,7.24,2.9,10.39,137.46,5.79,153.54,-0.06,44.87,-0.72,-1.42,27.67,13.88,14.66,8.26,5.19,9.82,1.53,7.32,9.33,5.6,-10.73,15.6,6.22,3.13,13.73,3.8299999999999996,13.04,7.86,1.8599999999999999,10.03,11.56,3.19,-6.9,0.39,3.43,463.31,38.47,11.72,13.35,6.31,8.82,5.04,3.74,3.54,3.97,10.09,4.3,24.65,14.36,6.32,5.17
2024-01-11,7.24,2.9,10.39,137.46,5.79,153.54,-0.06,44.87,-0.72,-1.42,27.67,13.88,14.66,8.26,5.19,9.82,1.53,7.32,9.33,5.6,-10.73,15.6,6.22,3.13,13.73,3.8299999999999996,13.04,7.86,1.8599999999999999,10.03,11.56,3.19,-6.9,0.39,3.43,463.31,38.47,11.72,13.35,6.31,8.82,5.04,3.74,3.54,3.97,10.09,4.3,24.65,14.36,6.32,5.17
2024-01-12,7.24,2.9,10.39,137.46,5.79,153.54,-0.06,44.87,-0.72,-1.42,27.67,13.88,14.66,8.26,5.19,9.82,1.53,7.32,9.33,5.6,-10.73,15.6,6.22,3.13,13.73,3.8299999999999996,13.04,7.86,1.8599999999999999,10.03,11.56,3.19,-6.9,0.39,3.43,463.31,38.47,11.72,13.35,6.31,8.82,5.04,3.74,3.54,3.97,10.09,4.3,24.65,14.36,6.32,5.17
2024-01-16,7.24,2.9,10.39,137.46,5.79,153.54,-0.06,44.87,-0.72,-1.42,27.67,13.88,14.66,8.26,5.19,9.82,1.53,7.32,9.33,5.6,-10.73,15.6,6.22,3.13,13.73,3.8299999999999996,13.04,7.86,1.8599999999999999,10.03,11.56,3.19,-6.9,0.39,3.43,463.31,38.47,11.72,13.35,6.31,8.82,5.04,3.74,3.54,3.97,10.09,4.3,24.65,14.36,6.32,5.17
2024-01-17,7.24,2.9,10.39,137.46,5.79,153.54,-0.06,44.87,-0.72,-1.42,27.67,13.88,14.66,8.26,5.19,9.82,1.53,7.32,9.33,5.6,-10.73,15.6,6.22,3.13,13.73,3.8299999999999996,13.04,7.86,1.8599999999999999,10.03,11.56,3.19,-6.9,0.39,3.43,463.31,38.47,11.72,13.35,6.31,8.82,5.04,3.74,3.54,3.97,10.09,4.3,24.65,14.36,6.32,5.17
2024-01-18,7.24,2.9,10.39,137.46,5.79,153.54,-0.06,44.87,-0.72,-1.42,27.67,13.88,14.66,8.26,5.19,9.82,1.53,7.32,9.33,5.6,-10.73,15.6,6.22,3.13,13.73,3.8299999999999996,13.04,7.86,1.8599999999999999,10.03,11.56,3.19,-6.9,0.39,3.43,463.31,38.47,11.72,13.35,6.31,8.82,5.04,3.74,3.54,3.97,10.09,4.3,24.65,14.36,6.32,5.17
2024-01-19,7.24,2.9,10.39,137.46,5.79,153.54,-0.06,44.87,-0.72,-1.42,27.67,13.88,14.66,8.26,5.19,9.82,1.53,7.32,9.33,5.6,-10.73,15.6,6.22,3.13,13.73,3.8299999999999996,13.04,7.86,1.8599999999999999,10.03,11.56,3.19,-6.9,0.39,3.43,463.31,38.47,11.72,13.35,6.31,8.82,5.04,3.74,3.54,3.97,10.09,4.3,24.65,14.36,6.32,5.17
2024-01-22,7.24,2.9,10.39,137.46,5.79,153.54,-0.06,44.87,-0.72,-1.42,27.67,13.88,14.66,8.26,5.19,9.82,1.53,7.32,9.33,5.6,-10.73,15.6,6.22,3.13,13.73,3.8299999999999996,13.04,7.86,1.8599999999999999,10.03,11.56,3.19,-6.9,0.39,3.43,463.31,38.47,11.72,13.35,6.31,8.82,5.04,3.74,3.54,3.97,10.09,4.3,24.65,14.36,6.32,5.17
2024-01-23,7.24,2.9,10.39,137.46,5.79,153.54,-0.06,44.87,-0.72,-1.42,27.67,13.88,14.66,8.26,5.19,9.82,1.53,7.32,9.33,5.6,-10.73,15.6,6.22,3.13,13.73,3.8299999999999996,13.04,7.86,1.8599999999999999,10.03,11.56,3.19,-6.9,0.39,3.43,463.31,38.47,11.72,13.35,6.31,8.82,5.04,3.74,3.54,3.97,10.09,4.3,24.65,14.36,6.32,5.17
2024-01-24,7.24,2.9,10.39,137.46,5.79,153.54,-0.06,44.87,-0.72,-1.42,27.67,13.88,14.66,8.26,5.19,9.82,1.53,7.32,9.33,5.6,-10.73,15.6,6.22,3.13,13.73,3.8299999999999996,13.04,7.86,1.8599999999999999,10.03,11.56,3.19,-6.9,0.39,3.43,463.31,38.47,11.72,13.35,6.31,8.82,5.04,3.74,3.54,3.97,10.09,4.3,24.65,14.36,6.32,5.17
2024-01-25,7.24,2.9,10.39,137.46,5.79,153.54,-0.06,44.87,-0.72,-1.42,27.67,13.88,14.66,8.26,5.19,9.82,1.53,7.32,9.33,5.6,-10.73,15.6,6.22,3.13,13.73,3.8299999999999996,13.04,7.86,1.8599999999999999,10.03,11.56,3.19,-6.9,0.39,3.43,463.31,38.47,11.72,13.35,6.31,8.82,5.04,3.74,3.54,3.97,10.09,4.3,24.65,14.36,6.32,5.17
2024-01-26,7.24,2.9,10.39,137.46,5.79,153.54,-0.06,44.87,-0.72,-1.42,27.67,13.88,14.66,8.26,5.19,9.82,1.53,7.32,9.33,5.6,-10.73,15.6,6.22,3.13,13.73,3.8299999999999996,13.04,7.86,1.8599999999999999,10.03,11.56,3.19,-6.9,0.39,3.43,463.31,38.47,11.72,13.35,6.31,8.82,5.04,3.74,3.54,3.97,10.09,4.3,24.65,14.36,6.32,5.17
2024-01-29,7.24,2.9,10.39,137.46,5.79,153.54,-0.06,44.87,-0.72,-1.42,27.67,13.88,14.66,8.26,5.19,9.82,1.53,7.32,9.33,5.6,-10.73,15.6,6.22,3.13,13.73,3.8299999999999996,13.04,7.86,1.8599999999999999,10.03,11.56,3.19,-6.9,0.39,3.43,463.31,38.47,11.72,13.35,6.31,8.82,5.04,3.74,3.54,3.97,10.09,4.3,24.65,14.36,6.32,5.17
2024-01-30,7.24,2.9,10.39,137.46,5.79,153.54,-0.06,44.87,-0.72,-1.42,27.67,13.88,14.66,8.26,5.19,9.82,1.53,7.32,9.33,5.6,-10.73,15.6,6.22,3.13,13.73,3.8299999999999996,13.04,7.86,1.8599999999999999,10.03,11.56,3.19,-6.9,0.39,3.43,463.31,38.47,11.72,13.35,6.31,8.82,5.04,3.74,3.54,3.97,10.09,4.3,24.65,14.36,6.32,5.17
2024-01-31,7.24,2.9,10.39,137.46,5.68,153.54,-0.06,44.87,-0.72,-1.42,27.67,13.88,14.66,8.26,5.19,9.82,1.53,7.32,9.33,5.6,-10.73,15.11,6.22,3.13,13.73,3.8299999999999996,13.2,12.2,1.8599999999999999,10.03,11.56,3.19,-6.9,0.39,3.43,463.31,38.47,11.72,13.35,6.31,8.82,5.56,3.74,3.86,3.97,10.09,4.3,26.03,14.55,6.32,5.17
2024-02-01,7.24,2.9,10.39,137.46,5.68,153.54,-0.06,44.87,-0.72,-1.42,27.67,13.88,14.66,8.26,5.19,9.82,1.53,7.32,9.33,5.6,-10.73,15.11,6.22,3.13,13.73,3.8299999999999996,13.2,12.2,1.8599999999999999,10.03,11.56,3.19,-6.9,0.39,3.43,463.31,38.47,11.72,13.35,6.31,8.82,5.56,3.74,3.86,3.97,10.09,4.3,26.03,14.55,6.32,5.17
2024-02-02,7.24,2.9,10.39,137.46,5.68,153.54,-0.06,44.87,-0.72,-1.42,27.67,13.88,14.66,8.26,5.19,9.82,1.53,7.32,9.33,5.6,-10.73,15.11,6.22,3.13,13.73,3.8299999999999996,13.2,12.2,1.8599999999999999,10.03,11.56,3.19,-6.9,0.39,3.43,463.31,38.47,11.72,13.35,6.31,8.82,5.56,3.74,3.86,3.97,10.09,4.3,26.03,14.55,6.32,5.17
2024-02-05,7.24,2.9,10.39,137.46,5.68,153.54,-0.06,44.87,-0.72,-1.42,27.67,13.88,14.66,8.26,5.19,9.82,1.53,7.32,9.33,5.6,-10.73,15.11,6.22,3.13,13.73,3.8299999999999996,13.2,12.2,1.8599999999999999,10.03,11.56,3.19,-6.9,0.39,3.43,463.31,38.47,11.72,13.35,6.31,8.82,5.56,3.74,3.86,3.97,10.09,4.3,26.03,14.55,6.32,5.17
2024-02-06,7.24,2.9,10.39,137.46,5.68,153.54,-0.06,44.87,-0.72,-1.42,27.67,13.88,14.66,8.26,5.19,9.82,1.53,7.32,9.33,5.6,-10.73,15.11,6.22,3.13,13.73,3.8299999999999996,13.2,12.2,1.8599999999999999,10.03,11.56,3.19,-6.9,0.39,3.43,463.31,38.47,11.72,13.35,6.31,8.82,5.56,3.74,3.86,3.97,10.09,4.3,26.03,14.55,6.32,5.17
2024-02-07,7.24,2.9,10.39,137.46,5.68,153.54,-0.06,44.87,-0.72,-1.42,27.67,13.88,14.66,8.26,5.19,9.82,1.53,7.32,9.33,5.6,-10.73,15.11,6.22,3.13,13.73,3.8299999999999996,13.2,12.2,1.8599999999999999,10.03,11.56,3.19,-6.9,0.39,3.43,463.31,38.47,11.72,13.35,6.31,8.82,5.56,3.74,3.86,3.97,10.09,4.3,26.03,14.55,6.32,5.17
2024-02-08,7.24,2.9,10.39,137.46,5.68,153.54,-0.06,44.87,-0.72,-1.42,27.67,13.88,14.66,8.26,5.19,9.82,1.53,7.32,9.33,5.6,-10.73,15.11,6.22,3.13,13.73,3.8299999999999996,13.2,12.2,1.8599999999999999,10.03,11.56,3.19,-6.9,0.39,3.43,463.31,38.47,11.72,13.35,6.31,8.82,5.56,3.74,3.86,3.97,10.09,4.3,26.03,14.55,6.32,5.17
2024-02-09,7.24,2.9,10.39,137.46,5.68,153.54,-0.06,44.87,-0.72,-1.42,27.67,13.88,14.66,8.26,5.19,9.82,1.53,7.32,9.33,5.6,-10.73,15.11,6.22,3.13,13.73,3.8299999999999996,13.2,12.2,1.8599999999999999,10.03,11.56,3.19,-6.9,0.39,3.43,463.31,38.47,11.72,13.35,6.31,8.82,5.56,3.74,3.86,3.97,10.09,4.3,26.03,14.55,6.32,5.17
2024-02-12,7.24,2.9,10.39,137.46,5.68,153.54,-0.06,44.87,-0.72,-1.42,27.67,13.88,14.66,8.26,5.19,9.82,1.53,7.32,9.33,5.6,-10.73,15.11,6.22,3.13,13.73,3.8299999999999996,13.2,12.2,1.8599999999999999,10.03,11.56,3.19,-6.9,0.39,3.43,463.31,38.47,11.72,13.35,6.31,8.82,5.56,3.74,3.86,3.97,10.09,4.3,26.03,14.55,6.32,5.17
2024-02-13,7.24,2.9,10.39,137.46,5.68,153.54,-0.06,44.87,-0.72,-1.42,27.67,13.88,14.66,8.26,5.19,9.82,1.53,7.32,9.33,5.6,-10.73,15.11,6.22,3.13,13.73,3.8299999999999996,13.2,12.2,1.8599999999999999,10.03,11.56,3.19,-6.9,0.39,3.43,463.31,38.47,11.72,13.35,6.31,8.82,5.56,3.74,3.86,3.97,10.09,4.3,26.03,14.55,6.32,5.17
2024-02-14,7.24,2.9,10.39,137.46,5.68,153.54,-0.06,44.87,-0.72,-1.42,27.67,13.88,14.66,8.26,5.19,9.82,1.53,7.32,9.33,5.6,-10.73,15.11,6.22,3.13,13.73,3.8299999999999996,13.2,12.2,1.8599999999999999,10.03,11.56,3.19,-6.9,0.39,3.43,463.31,38.47,11.72,13.35,6.31,8.82,5.56,3.74,3.86,3.97,10.09,4.3,26.03,14.55,6.32,5.17
2024-02-15,7.24,2.9,10.39,137.46,5.68,153.54,-0.06,44.87,-0.72,-1.42,27.67,13.88,14.66,8.26,5.19,9.82,1.53,7.32,9.33,5.6,-10.73,15.11,6.22,3.13,13.73,3.8299999999999996,13.2,12.2,1.8599999999999999,10.03,11.56,3.19,-6.9,0.39,3.43,463.31,38.47,11.72,13.35,6.31,8.82,5.56,3.74,3.86,3.97,10.09,4.3,26.03,14.55,6.32,5.17
2024-02-16,7.24,2.9,10.39,137.46,5.68,153.54,-0.06,44.87,-0.72,-1.42,27.67,13.88,14.66,8.26,5.19,9.82,1.53,7.32,9.33,5.6,-10.73,15.11,6.22,3.13,13.73,3.8299999999999996,13.2,12.2,1.8599999999999999,10.03,11.56,3.19,-6.9,0.39,3.43,463.31,38.47,11.72,13.35,6.31,8.82,5.56,3.74,3.86,3.97,10.09,4.3,26.03,14.55,6.32,5.17
2024-02-20,7.24,2.9,10.39,137.46,5.68,153.54,-0.06,44.87,-0.72,-1.42,27.67,13.88,14.66,8.26,5.19,9.82,1.53,7.32,9.33,5.6,-10.73,15.11,6.22,3.13,13.73,3.8299999999999996,13.2,12.2,1.8599999999999999,10.03,11.56,3.19,-6.9,0.39,3.43,463.31,38.47,11.72,13.35,6.31,8.82,5.56,3.74,3.86,3.97,10.09,4.3,26.03,14.55,6.32,5.17
2024-02-21,7.24,2.9,10.39,137.46,5.68,153.54,-0.06,44.87,-0.72,-1.42,27.67,13.88,14.66,8.26,5.19,9.82,1.53,7.32,9.33,5.6,-10.73,15.11,6.22,3.13,13.73,3.8299999999999996,13.2,12.2,1.8599999999999999,10.03,11.56,3.19,-6.9,0.39,3.43,463.31,38.47,11.72,13.35,6.31,8.82,5.56,3.74,3.86,3.97,10.09,4.3,26.03,14.55,6.32,5.17
2024-02-22,7.24,2.9,10.39,137.46,5.68,153.54,-0.06,44.87,-0.72,-1.42,27.67,13.88,14.66,8.26,5.19,9.82,1.53,7.32,9.33,5.6,-10.73,15.11,6.22,3.13,13.73,3.8299999999999996,13.2,12.2,1.8599999999999999,10.03,11.56,3.19,-6.9,0.39,3.43,463.31,38.47,11.72,13.35,6.31,8.82,5.56,3.74,3.86,3.97,10.09,4.3,26.03,14.55,6.32,5.17
2024-02-23,7.24,2.9,10.39,137.46,5.68,153.54,-0.06,44.87,-0.72,-1.42,27.67,13.88,14.66,8.26,5.19,9.82,1.53,7.32,9.33,5.6,-10.73,15.11,6.22,3.13,13.73,3.8299999999999996,13.2,12.2,1.8599999999999999,10.03,11.56,3.19,-6.9,0.39,3.43,463.31,38.47,11.72,13.35,6.31,8.82,5.56,3.74,3.86,3.97,10.09,4.3,26.03,14.55,6.32,5.17
2024-02-26,7.24,2.9,10.39,137.46,5.68,153.54,-0.06,44.87,-0.72,-1.42,27.67,13.88,14.66,8.26,5.19,9.82,1.53,7.32,9.33,5.6,-10.73,15.11,6.22,3.13,13.73,3.8299999999999996,13.2,12.2,1.8599999999999999,10.03,11.56,3.19,-6.9,0.39,3.43,463.31,38.47,11.72,13.35,6.31,8.82,5.56,3.74,3.86,3.97,10.09,4.3,26.03,14.55,6.32,5.17
2024-02-27,7.24,2.9,10.39,137.46,5.68,153.54,-0.06,44.87,-0.72,-1.42,27.67,13.88,14.66,8.26,5.19,9.82,1.53,7.32,9.33,5.6,-10.73,15.11,6.22,3.13,13.73,3.8299999999999996,13.2,12.2,1.8599999999999999,10.03,11.56,3.19,-6.9,0.39,3.43,463.31,38.47,11.72,13.35,6.31,8.82,5.56,3.74,3.86,3.97,10.09,4.3,26.03,14.55,6.32,5.17
2024-02-28,7.24,2.9,10.39,137.46,5.68,153.54,-0.06,44.87,-0.72,-1.42,27.67,13.88,14.66,8.26,5.19,9.82,1.53,7.32,9.33,5.6,-10.73,15.11,6.22,3.13,13.73,3.8299999999999996,13.2,12.2,1.8599999999999999,10.03,11.56,3.19,-6.9,0.39,3.43,463.31,38.47,11.72,13.35,6.31,8.82,5.56,3.74,3.86,3.97,10.09,4.3,26.03,14.55,6.32,5.17
2024-02-29,7.24,2.9,10.39,141.72,5.68,153.54,0.32,44.87,-0.72,-1.42,27.67,13.88,14.66,8.53,5.19,9.82,1.53,7.32,9.33,5.6,-10.73,15.11,6.22,3.02,14.24,3.8299999999999996,13.2,12.2,1.8599999999999999,10.03,11.56,3.19,-6.9,0.39,3.4,463.31,38.47,11.72,13.35,6.31,8.82,5.56,3.74,3.86,3.97,10.09,4.3,26.03,14.55,6.32,5.17
2024-03-01,7.24,2.9,10.39,141.72,5.68,153.54,0.32,44.87,-0.72,-1.42,27.67,13.88,14.66,8.53,5.19,9.82,1.53,7.32,9.33,5.6,-10.73,15.11,6.22,3.02,14.24,3.8299999999999996,13.2,12.2,1.8599999999999999,10.03,11.56,3.19,-6.9,0.39,3.4,463.31,38.47,11.72,13.35,6.31,8.82,5.56,3.74,3.86,3.97,10.09,4.3,26.03,14.55,6.32,5.17
2024-03-04,7.24,2.9,10.39,141.72,5.68,153.54,0.32,44.87,-0.72,-1.42,27.67,13.88,14.66,8.53,5.19,9.82,1.53,7.32,9.33,5.6,-10.73,15.11,6.22,3.02,14.24,3.8299999999999996,13.2,12.2,1.8599999999999999,10.03,11.56,3.19,-6.9,0.39,3.4,463.31,38.47,11.72,13.35,6.31,8.82,5.56,3.74,3.86,3.97,10.09,4.3,26.03,14.55,6.32,5.17
2024-03-05,7.24,2.9,10.39,141.72,5.68,153.54,0.32,44.87,-0.72,-1.42,27.67,13.88,14.66,8.53,5.19,9.82,1.53,7.32,9.33,5.6,-10.73,15.11,6.22,3.02,14.24,3.8299999999999996,13.2,12.2,1.8599999999999999,10.03,11.56,3.19,-6.9,0.39,3.4,463.31,38.47,11.72,13.35,6.31,8.82,5.56,3.74,3.86,3.97,10.09,4.3,26.03,14.55,6.32,5.17
2024-03-06,7.24,2.9,10.39,141.72,5.68,153.54,0.32,44.87,-0.72,-1.42,27.67,13.88,14.66,8.53,5.19,9.82,1.53,7.32,9.33,5.6,-10.73,15.11,6.22,3.02,14.24,3.8299999999999996,13.2,12.2,1.8599999999999999,10.03,11.56,3.19,-6.9,0.39,3.4,463.31,38.47,11.72,13.35,6.31,8.82,5.56,3.74,3.86,3.97,10.09,4.3,26.03,14.55,6.32,5.17
2024-03-07,7.24,2.9,10.39,141.72,5.68,153.54,0.32,44.87,-0.72,-1.42,27.67,13.88,14.66,8.53,5.19,9.82,1.53,7.32,9.33,5.6,-10.73,15.11,6.22,3.02,14.24,3.8299999999999996,13.2,12.2,1.8599999999999999,10.03,11.56,3.19,-6.9,0.39,3.4,463.31,38.47,11.72,13.35,6.31,8.82,5.56,3.74,3.86,3.97,10.09,4.3,26.03,14.55,6.32,5.17
2024-03-08,7.24,2.9,10.39,141.72,5.68,153.54,0.32,44.87,-0.72,-1.42,27.67,13.88,14.66,8.53,5.19,9.82,1.53,7.32,9.33,5.6,-10.73,15.11,6.22,3.02,14.24,3.8299999999999996,13.2,12.2,1.8599999999999999,10.03,11.56,3.19,-6.9,0.39,3.4,463.31,38.47,11.72,13.35,6.31,8.82,5.56,3.74,3.86,3.97,10.09,4.3,26.03,14.55,6.32,5.17
2024-03-11,7.24,2.9,10.39,141.72,5.68,153.54,0.32,44.87,-0.72,-1.42,27.67,13.88,14.66,8.53,5.19,9.82,1.53,7.32,9.33,5.6,-10.73,15.11,6.22,3.02,14.24,3.8299999999999996,13.2,12.2,1.8599999999999999,10.03,11.56,3.19,-6.9,0.39,3.4,463.31,38.47,11.72,13.35,6.31,8.82,5.56,3.74,3.86,3.97,10.09,4.3,26.03,14.55,6.32,5.17
2024-03-12,7.24,2.9,10.39,141.72,5.68,153.54,0.32,44.87,-0.72,-1.42,27.67,13.88,14.66,8.53,5.19,9.82,1.53,7.32,9.33,5.6,-10.73,15.11,6.22,3.02,14.24,3.8299999999999996,13.2,12.2,1.8599999999999999,10.03,11.56,3.19,-6.9,0.39,3.4,463.31,38.47,11.72,13.35,6.31,8.82,5.56,3.74,3.86,3.97,10.09,4.3,26.03,14.55,6.32,5.17
2024-03-13,7.24,2.9,10.39,141.72,5.68,153.54,0.32,44.87,-0.72,-1.42,27.67,13.88,14.66,8.53,5.19,9.82,1.53,7.32,9.33,5.6,-10.73,15.11,6.22,3.02,14.24,3.8299999999999996,13.2,12.2,1.8599999999999999,10.03,11.56,3.19,-6.9,0.39,3.4,463.31,38.47,11.72,13.35,6.31,8.82,5.56,3.74,3.86,3.97,10.09,4.3,26.03,14.55,6.32,5.17
2024-03-14,7.24,2.9,10.39,141.72,5.68,153.54,0.32,44.87,-0.72,-1.42,27.67,13.88,14.66,8.53,5.19,9.82,1.53,7.32,9.33,5.6,-10.73,15.11,6.22,3.02,14.24,3.8299999999999996,13.2,12.2,1.8599999999999999,10.03,11.56,3.19,-6.9,0.39,3.4,463.31,38.47,11.72,13.35,6.31,8.82,5.56,3.74,3.86,3.97,10.09,4.3,26.03,14.55,6.32,5.17
2024-03-15,7.24,2.9,10.39,141.72,5.68,153.54,0.32,44.87,-0.72,-1.42,27.67,13.88,14.66,8.53,5.19,9.82,1.53,7.32,9.33,5.6,-10.73,15.11,6.22,3.02,14.24,3.8299999999999996,13.2,12.2,1.8599999999999999,10.03,11.56,3.19,-6.9,0.39,3.4,463.31,38.47,11.72,13.35,6.31,8.82,5.56,3.74,3.86,3.97,10.09,4.3,26.03,14.55,6.32,5.17
2024-03-18,7.24,2.9,10.39,141.72,5.68,153.54,0.32,44.87,-0.72,-1.42,27.67,13.88,14.66,8.53,5.19,9.82,1.53,7.32,9.33,5.6,-10.73,15.11,6.22,3.02,14.24,3.8299999999999996,13.2,12.2,1.8599999999999999,10.03,11.56,3.19,-6.9,0.39,3.4,463.31,38.47,11.72,13.35,6.31,8.82,5.56,3.74,3.86,3.97,10.09,4.3,26.03,14.55,6.32,5.17
2024-03-19,7.24,2.9,10.39,141.72,5.68,153.54,0.32,44.87,-0.72,-1.42,27.67,13.88,14.66,8.53,5.19,9.82,1.53,7.32,9.33,5.6,-10.73,15.11,6.22,3.02,14.24,3.8299999999999996,13.2,12.2,1.8599999999999999,10.03,11.56,3.19,-6.9,0.39,3.4,463.31,38.47,11.72,13.35,6.31,8.82,5.56,3.74,3.86,3.97,10.09,4.3,26.03,14.55,6.32,5.17
2024-03-20,7.24,2.9,10.39,141.72,5.68,153.54,0.32,44.87,-0.72,-1.42,27.67,13.88,14.66,8.53,5.19,9.82,1.53,7.32,9.33,5.6,-10.73,15.11,6.22,3.02,14.24,3.8299999999999996,13.2,12.2,1.8599999999999999,10.03,11.56,3.19,-6.9,0.39,3.4,463.31,38.47,11.72,13.35,6.31,8.82,5.56,3.74,3.86,3.97,10.09,4.3,26.03,14.55,6.32,5.17
2024-03-21,7.24,2.9,10.39,141.72,5.68,153.54,0.32,44.87,-0.72,-1.42,27.67,13.88,14.66,8.53,5.19,9.82,1.53,7.32,9.33,5.6,-10.73,15.11,6.22,3.02,14.24,3.8299999999999996,13.2,12.2,1.8599999999999999,10.03,11.56,3.19,-6.9,0.39,3.4,463.31,38.47,11.72,13.35,6.31,8.82,5.56,3.74,3.86,3.97,10.09,4.3,26.03,14.55,6.32,5.17
2024-03-22,7.24,2.9,10.39,141.72,5.68,153.54,0.32,44.87,-0.72,-1.42,27.67,13.88,14.66,8.53,5.19,9.82,1.53,7.32,9.33,5.6,-10.73,15.11,6.22,3.02,14.24,3.8299999999999996,13.2,12.2,1.8599999999999999,10.03,11.56,3.19,-6.9,0.39,3.4,463.31,38.47,11.72,13.35,6.31,8.82,5.56,3.74,3.86,3.97,10.09,4.3,26.03,14.55,6.32,5.17
2024-03-25,7.24,2.9,10.39,141.72,5.68,153.54,0.32,44.87,-0.72,-1.42,27.67,13.88,14.66,8.53,5.19,9.82,1.53,7.32,9.33,5.6,-10.73,15.11,6.22,3.02,14.24,3.8299999999999996,13.2,12.2,1.8599999999999999,10.03,11.56,3.19,-6.9,0.39,3.4,463.31,38.47,11.72,13.35,6.31,8.82,5.56,3.74,3.86,3.97,10.09,4.3,26.03,14.55,6.32,5.17
2024-03-26,7.24,2.9,10.39,141.72,5.68,153.54,0.32,44.87,-0.72,-1.42,27.67,13.88,14.66,8.53,5.19,9.82,1.53,7.32,9.33,5.6,-10.73,15.11,6.22,3.02,14.24,3.8299999999999996,13.2,12.2,1.8599999999999999,10.03,11.56,3.19,-6.9,0.39,3.4,463.31,38.47,11.72,13.35,6.31,8.82,5.56,3.74,3.86,3.97,10.09,4.3,26.03,14.55,6.32,5.17
2024-03-27,7.24,2.9,10.39,141.72,5.68,153.54,0.32,44.87,-0.72,-1.42,27.67,13.88,14.66,8.53,5.19,9.82,1.53,7.32,9.33,5.6,-10.73,15.11,6.22,3.02,14.24,3.8299999999999996,13.2,12.2,1.8599999999999999,10.03,11.56,3.19,-6.9,0.39,3.4,463.31,38.47,11.72,13.35,6.31,8.82,5.56,3.74,3.86,3.97,10.09,4.3,26.03,14.55,6.32,5.17
2024-03-28,7.24,2.9,10.39,141.72,5.68,153.54,0.32,44.87,-0.72,-1.42,27.67,13.88,14.66,8.53,5.19,9.82,1.53,7.32,9.33,5.6,-10.73,15.11,6.22,3.02,14.24,3.8299999999999996,13.2,12.2,1.8599999999999999,10.03,11.56,3.19,-6.9,0.39,3.4,463.31,38.47,11.72,13.35,6.31,8.82,5.56,3.74,3.86,3.97,10.09,4.3,26.03,14.55,6.32,5.17
2024-04-01,7.47,3.57,10.64,141.72,5.68,132.77,0.32,46.85,3.54,-1.07,29.16,14.66,15.31,8.53,4.99,5.27,0.97,8.19,8.97,7.09,-10.15,15.11,4.6,3.02,14.24,3.08,13.2,12.2,2.07,9.68,11.77,2.62,-6.52,0.81,3.4,479.83,39.39,12.47,12.81,7.85,10.32,5.56,3.63,3.86,3.77,10.27,3.91,26.03,14.55,7.64,5.64
2024-04-02,7.47,3.57,10.64,141.72,5.68,132.77,0.32,46.85,3.54,-1.07,29.16,14.66,15.31,8.53,4.99,5.27,0.97,8.19,8.97,7.09,-10.15,15.11,4.6,3.02,14.24,3.08,13.2,12.2,2.07,9.68,11.77,2.62,-6.52,0.81,3.4,479.83,39.39,12.47,12.81,7.85,10.32,5.56,3.63,3.86,3.77,10.27,3.91,26.03,14.55,7.64,5.64
2024-04-03,7.47,3.57,10.64,141.72,5.68,132.77,0.32,46.85,3.54,-1.07,29.16,14.66,15.31,8.53,4.99,5.27,0.97,8.19,8.97,7.09,-10.15,15.11,4.6,3.02,14.24,3.08,13.2,12.2,2.07,9.68,11.77,2.62,-6.52,0.81,3.4,479.83,39.39,12.47,12.81,7.85,10.32,5.56,3.63,3.86,3.77,10.27,3.91,26.03,14.55,7.64,5.64
2024-04-04,7.47,3.57,10.64,141.72,5.68,132.77,0.32,46.85,3.54,-1.07,29.16,14.66,15.31,8.53,4.99,5.27,0.97,8.19,8.97,7.09,-10.15,15.11,4.6,3.02,14.24,3.08,13.2,12.2,2.07,9.68,11.77,2.62,-6.52,0.81,3.4,479.83,39.39,12.47,12.81,7.85,10.32,5.56,3.63,3.86,3.77,10.27,3.91,26.03,14.55,7.64,5.64
2024-04-05,7.47,3.57,10.64,141.72,5.68,132.77,0.32,46.85,3.54,-1.07,29.16,14.66,15.31,8.53,4.99,5.27,0.97,8.19,8.97,7.09,-10.15,15.11,4.6,3.02,14.24,3.08,13.2,12.2,2.07,9.68,11.77,2.62,-6.52,0.81,3.4,479.83,39.39,12.47,12.81,7.85,10.32,5.56,3.63,3.86,3.77,10.27,3.91,26.03,14.55,7.64,5.64
2024-04-08,7.47,3.57,10.64,141.72,5.68,132.77,0.32,46.85,3.54,-1.07,29.16,14.66,15.31,8.53,4.99,5.27,0.97,8.19,8.97,7.09,-10.15,15.11,4.6,3.02,14.24,3.08,13.2,12.2,2.07,9.68,11.77,2.62,-6.52,0.81,3.4,479.83,39.39,12.47,12.81,7.85,10.32,5.56,3.63,3.86,3.77,10.27,3.91,26.03,14.55,7.64,5.64
2024-04-09,7.47,3.57,10.64,141.72,5.68,132.77,0.32,46.85,3.54,-1.07,29.16,14.66,15.31,8.53,4.99,5.27,0.97,8.19,8.97,7.09,-10.15,15.11,4.6,3.02,14.24,3.08,13.2,12.2,2.07,9.68,11.77,2.62,-6.52,0.81,3.4,479.83,39.39,12.47,12.81,7.85,10.32,5.56,3.63,3.86,3.77,10.27,3.91,26.03,14.55,7.64,5.64
2024-04-10,7.47,3.57,10.64,141.72,5.68,132.77,0.32,46.85,3.54,-1.07,29.16,14.66,15.31,8.53,4.99,5.27,0.97,8.19,8.97,7.09,-10.15,15.11,4.6,3.02,14.24,3.08,13.2,12.2,2.07,9.68,11.77,2.62,-6.52,0.81,3.4,479.83,39.39,12.47,12.81,7.85,10.32,5.56,3.63,3.86,3.77,10.27,3.91,26.03,14.55,7.64,5.64
2024-04-11,7.47,3.57,10.64,141.72,5.68,132.77,0.32,46.85,3.54,-1.07,29.16,14.66,15.31,8.53,4.99,5.27,0.97,8.19,8.97,7.09,-10.15,15.11,4.6,3.02,14.24,3.08,13.2,12.2,2.07,9.68,11.77,2.62,-6.52,0.81,3.4,479.83,39.39,12.47,12.81,7.85,10.32,5.56,3.63,3.86,3.77,10.27,3.91,26.03,14.55,7.64,5.64
2024-04-12,7.47,3.57,10.64,141.72,5.68,132.77,0.32,46.85,3.54,-1.07,29.16,14.66,15.31,8.53,4.99,5.27,0.97,8.19,8.97,7.09,-10.15,15.11,4.6,3.02,14.24,3.08,13.2,12.2,2.07,9.68,11.77,2.62,-6.52,0.81,3.4,479.83,39.39,12.47,12.81,7.85,10.32,5.56,3.63,3.86,3.77,10.27,3.91,26.03,14.55,7.64,5.64
2024-04-15,7.47,3.57,10.64,141.72,5.68,132.77,0.32,46.85,3.54,-1.07,29.16,14.66,15.31,8.53,4.99,5.27,0.97,8.19,8.97,7.09,-10.15,15.11,4.6,3.02,14.24,3.08,13.2,12.2,2.07,9.68,11.77,2.62,-6.52,0.81,3.4,479.83,39.39,12.47,12.81,7.85,10.32,5.56,3.63,3.86,3.77,10.27,3.91,26.03,14.55,7.64,5.64
2024-04-16,7.47,3.57,10.64,141.72,5.68,132.77,0.32,46.85,3.54,-1.07,29.16,14.66,15.31,8.53,4.99,5.27,0.97,8.19,8.97,7.09,-10.15,15.11,4.6,3.02,14.24,3.08,13.2,12.2,2.07,9.68,11.77,2.62,-6.52,0.81,3.4,479.83,39.39,12.47,12.81,7.85,10.32,5.56,3.63,3.86,3.77,10.27,3.91,26.03,14.55,7.64,5.64
2024-04-17,7.47,3.57,10.64,141.72,5.68,132.77,0.32,46.85,3.54,-1.07,29.16,14.66,15.31,8.53,4.99,5.27,0.97,8.19,8.97,7.09,-10.15,15.11,4.6,3.02,14.24,3.08,13.2,12.2,2.07,9.68,11.77,2.62,-6.52,0.81,3.4,479.83,39.39,12.47,12.81,7.85,10.32,5.56,3.63,3.86,3.77,10.27,3.91,26.03,14.55,7.64,5.64
2024-04-18,7.47,3.57,10.64,141.72,5.68,132.77,0.32,46.85,3.54,-1.07,29.16,14.66,15.31,8.53,4.99,5.27,0.97,8.19,8.97,7.09,-10.15,15.11,4.6,3.02,14.24,3.08,13.2,12.2,2.07,9.68,11.77,2.62,-6.52,0.81,3.4,479.83,39.39,12.47,12.81,7.85,10.32,5.56,3.63,3.86,3.77,10.27,3.91,26.03,14.55,7.64,5.64
2024-04-19,7.47,3.57,10.64,141.72,5.68,132.77,0.32,46.85,3.54,-1.07,29.16,14.66,15.31,8.53,4.99,5.27,0.97,8.19,8.97,7.09,-10.15,15.11,4.6,3.02,14.24,3.08,13.2,12.2,2.07,9.68,11.77,2.62,-6.52,0.81,3.4,479.83,39.39,12.47,12.81,7.85,10.32,5.56,3.63,3.86,3.77,10.27,3.91,26.03,14.55,7.64,5.64
2024-04-22,7.47,3.57,10.64,141.72,5.68,132.77,0.32,46.85,3.54,-1.07,29.16,14.66,15.31,8.53,4.99,5.27,0.97,8.19,8.97,7.09,-10.15,15.11,4.6,3.02,14.24,3.08,13.2,12.2,2.07,9.68,11.77,2.62,-6.52,0.81,3.4,479.83,39.39,12.47,12.81,7.85,10.32,5.56,3.63,3.86,3.77,10.27,3.91,26.03,14.55,7.64,5.64
2024-04-23,7.47,3.57,10.64,141.72,5.68,132.77,0.32,46.85,3.54,-1.07,29.16,14.66,15.31,8.53,4.99,5.27,0.97,8.19,8.97,7.09,-10.15,15.11,4.6,3.02,14.24,3.08,13.2,12.2,2.07,9.68,11.77,2.62,-6.52,0.81,3.4,479.83,39.39,12.47,12.81,7.85,10.32,5.56,3.63,3.86,3.77,10.27,3.91,26.03,14.55,7.64,5.64
2024-04-24,7.47,3.57,10.64,141.72,5.68,132.77,0.32,46.85,3.54,-1.07,29.16,14.66,15.31,8.53,4.99,5.27,0.97,8.19,8.97,7.09,-10.15,15.11,4.6,3.02,14.24,3.08,13.2,12.2,2.07,9.68,11.77,2.62,-6.52,0.81,3.4,479.83,39.39,12.47,12.81,7.85,10.32,5.56,3.63,3.86,3.77,10.27,3.91,26.03,14.55,7.64,5.64
2024-04-25,7.47,3.57,10.64,141.72,5.68,132.77,0.32,46.85,3.54,-1.07,29.16,14.66,15.31,8.53,4.99,5.27,0.97,8.19,8.97,7.09,-10.15,15.11,4.6,3.02,14.24,3.08,13.2,12.2,2.07,9.68,11.77,2.62,-6.52,0.81,3.4,479.83,39.39,12.47,12.81,7.85,10.32,5.56,3.63,3.86,3.77,10.27,3.91,26.03,14.55,7.64,5.64
2024-04-26,7.47,3.57,10.64,141.72,5.68,132.77,0.32,46.85,3.54,-1.07,29.16,14.66,15.31,8.53,4.99,5.27,0.97,8.19,8.97,7.09,-10.15,15.11,4.6,3.02,14.24,3.08,13.2,12.2,2.07,9.68,11.77,2.62,-6.52,0.81,3.4,479.83,39.39,12.47,12.81,7.85,10.32,5.56,3.63,3.86,3.77,10.27,3.91,26.03,14.55,7.64,5.64
2024-04-29,7.47,3.57,10.64,141.72,5.68,132.77,0.32,46.85,3.54,-1.07,29.16,14.66,15.31,8.53,4.99,5.27,0.97,8.19,8.97,7.09,-10.15,15.11,4.6,3.02,14.24,3.08,13.2,12.2,2.07,9.68,11.77,2.62,-6.52,0.81,3.4,479.83,39.39,12.47,12.81,7.85,10.32,5.56,3.63,3.86,3.77,10.27,3.91,26.03,14.55,7.64,5.64
2024-04-30,7.47,3.57,10.64,141.72,5.7,132.77,0.32,46.85,3.54,-1.07,29.16,14.66,15.31,8.53,4.99,5.27,0.97,8.19,8.97,7.09,-10.15,14.92,4.6,3.02,14.24,3.08,12.49,12.46,2.07,9.68,11.77,2.62,-6.52,0.81,3.4,479.83,39.39,12.47,12.81,7.85,10.32,5.93,3.63,4.03,3.77,10.27,3.91,25.62,16.27,7.64,5.64
2024-05-01,7.47,3.57,10.64,141.72,5.7,132.77,0.32,46.85,3.54,-1.07,29.16,14.66,15.31,8.53,4.99,5.27,0.97,8.19,8.97,7.09,-10.15,14.92,4.6,3.02,14.24,3.08,12.49,12.46,2.07,9.68,11.77,2.62,-6.52,0.81,3.4,479.83,39.39,12.47,12.81,7.85,10.32,5.93,3.63,4.03,3.77,10.27,3.91,25.62,16.27,7.64,5.64
2024-05-02,7.47,3.57,10.64,141.72,5.7,132.77,0.32,46.85,3.54,-1.07,29.16,14.66,15.31,8.53,4.99,5.27,0.97,8.19,8.97,7.09,-10.15,14.92,4.6,3.02,14.24,3.08,12.49,12.46,2.07,9.68,11.77,2.62,-6.52,0.81,3.4,479.83,39.39,12.47,12.81,7.85,10.32,5.93,3.63,4.03,3.77,10.27,3.91,25.62,16.27,7.64,5.64
2024-05-03,7.47,3.57,10.64,141.72,5.7,132.77,0.32,46.85,3.54,-1.07,29.16,14.66,15.31,8.53,4.99,5.27,0.97,8.19,8.97,7.09,-10.15,14.92,4.6,3.02,14.24,3.08,12.49,12.46,2.07,9.68,11.77,2.62,-6.52,0.81,3.4,479.83,39.39,12.47,12.81,7.85,10.32,5.93,3.63,4.03,3.77,10.27,3.91,25.62,16.27,7.64,5.64
2024-05-06,7.47,3.57,10.64,141.72,5.7,132.77,0.32,46.85,3.54,-1.07,29.16,14.66,15.31,8.53,4.99,5.27,0.97,8.19,8.97,7.09,-10.15,14.92,4.6,3.02,14.24,3.08,12.49,12.46,2.07,9.68,11.77,2.62,-6.52,0.81,3.4,479.83,39.39,12.47,12.81,7.85,10.32,5.93,3.63,4.03,3.77,10.27,3.91,25.62,16.27,7.64,5.64
2024-05-07,7.47,3.57,10.64,141.72,5.7,132.77,0.32,46.85,3.54,-1.07,29.16,14.66,15.31,8.53,4.99,5.27,0.97,8.19,8.97,7.09,-10.15,14.92,4.6,3.02,14.24,3.08,12.49,12.46,2.07,9.68,11.77,2.62,-6.52,0.81,3.4,479.83,39.39,12.47,12.81,7.85,10.32,5.93,3.63,4.03,3.77,10.27,3.91,25.62,16.27,7.64,5.64
2024-05-08,7.47,3.57,10.64,141.72,5.7,132.77,0.32,46.85,3.54,-1.07,29.16,14.66,15.31,8.53,4.99,5.27,0.97,8.19,8.97,7.09,-10.15,14.92,4.6,3.02,14.24,3.08,12.49,12.46,2.07,9.68,11.77,2.62,-6.52,0.81,3.4,479.83,39.39,12.47,12.81,7.85,10.32,5.93,3.63,4.03,3.77,10.27,3.91,25.62,16.27,7.64,5.64
2024-05-09,7.47,3.57,10.64,141.72,5.7,132.77,0.32,46.85,3.54,-1.07,29.16,14.66,15.31,8.53,4.99,5.27,0.97,8.19,8.97,7.09,-10.15,14.92,4.6,3.02,14.24,3.08,12.49,12.46,2.07,9.68,11.77,2.62,-6.52,0.81,3.4,479.83,39.39,12.47,12.81,7.85,10.32,5.93,3.63,4.03,3.77,10.27,3.91,25.62,16.27,7.64,5.64
2024-05-10,7.47,3.57,10.64,141.72,5.7,132.77,0.32,46.85,3.54,-1.07,29.16,14.66,15.31,8.53,4.99,5.27,0.97,8.19,8.97,7.09,-10.15,14.92,4.6,3.02,14.24,3.08,12.49,12.46,2.07,9.68,11.77,2.62,-6.52,0.81,3.4,479.83,39.39,12.47,12.81,7.85,10.32,5.93,3.63,4.03,3.77,10.27,3.91,25.62,16.27,7.64,5.64
2024-05-13,7.47,3.57,10.64,141.72,5.7,132.77,0.32,46.85,3.54,-1.07,29.16,14.66,15.31,8.53,4.99,5.27,0.97,8.19,8.97,7.09,-10.15,14.92,4.6,3.02,14.24,3.08,12.49,12.46,2.07,9.68,11.77,2.62,-6.52,0.81,3.4,479.83,39.39,12.47,12.81,7.85,10.32,5.93,3.63,4.03,3.77,10.27,3.91,25.62,16.27,7.64,5.64
2024-05-14,7.47,3.57,10.64,141.72,5.7,132.77,0.32,46.85,3.54,-1.07,29.16,14.66,15.31,8.53,4.99,5.27,0.97,8.19,8.97,7.09,-10.15,14.92,4.6,3.02,14.24,3.08,12.49,12.46,2.07,9.68,11.77,2.62,-6.52,0.81,3.4,479.83,39.39,12.47,12.81,7.85,10.32,5.93,3.63,4.03,3.77,10.27,3.91,25.62,16.27,7.64,5.64
2024-05-15,7.47,3.57,10.64,141.72,5.7,132.77,0.32,46.85,3.54,-1.07,29.16,14.66,15.31,8.53,4.99,5.27,0.97,8.19,8.97,7.09,-10.15,14.92,4.6,3.02,14.24,3.08,12.49,12.46,2.07,9.68,11.77,2.62,-6.52,0.81,3.4,479.83,39.39,12.47,12.81,7.85,10.32,5.93,3.63,4.03,3.77,10.27,3.91,25.62,16.27,7.64,5.64
2024-05-16,7.47,3.57,10.64,141.72,5.7,132.77,0.32,46.85,3.54,-1.07,29.16,14.66,15.31,8.53,4.99,5.27,0.97,8.19,8.97,7.09,-10.15,14.92,4.6,3.02,14.24,3.08,12.49,12.46,2.07,9.68,11.77,2.62,-6.52,0.81,3.4,479.83,39.39,12.47,12.81,7.85,10.32,5.93,3.63,4.03,3.77,10.27,3.91,25.62,16.27,7.64,5.64
2024-05-17,7.47,3.57,10.64,141.72,5.7,132.77,0.32,46.85,3.54,-1.07,29.16,14.66,15.31,8.53,4.99,5.27,0.97,8.19,8.97,7.09,-10.15,14.92,4.6,3.02,14.24,3.08,12.49,12.46,2.07,9.68,11.77,2.62,-6.52,0.81,3.4,479.83,39.39,12.47,12.81,7.85,10.32,5.93,3.63,4.03,3.77,10.27,3.91,25.62,16.27,7.64,5.64
2024-05-20,7.47,3.57,10.64,141.72,5.7,132.77,0.32,46.85,3.54,-1.07,29.16,14.66,15.31,8.53,4.99,5.27,0.97,8.19,8.97,7.09,-10.15,14.92,4.6,3.02,14.24,3.08,12.49,12.46,2.07,9.68,11.77,2.62,-6.52,0.81,3.4,479.83,39.39,12.47,12.81,7.85,10.32,5.93,3.63,4.03,3.77,10.27,3.91,25.62,16.27,7.64,5.64
2024-05-21,7.47,3.57,10.64,141.72,5.7,132.77,0.32,46.85,3.54,-1.07,29.16,14.66,15.31,8.53,4.99,5.27,0.97,8.19,8.97,7.09,-10.15,14.92,4.6,3.02,14.24,3.08,12.49,12.46,2.07,9.68,11.77,2.62,-6.52,0.81,3.4,479.83,39.39,12.47,12.81,7.85,10.32,5.93,3.63,4.03,3.77,10.27,3.91,25.62,16.27,7.64,5.64
2024-05-22,7.47,3.57,10.64,141.72,5.7,132.77,0.32,46.85,3.54,-1.07,29.16,14.66,15.31,8.53,4.99,5.27,0.97,8.19,8.97,7.09,-10.15,14.92,4.6,3.02,14.24,3.08,12.49,12.46,2.07,9.68,11.77,2.62,-6.52,0.81,3.4,479.83,39.39,12.47,12.81,7.85,10.32,5.93,3.63,4.03,3.77,10.27,3.91,25.62,16.27,7.64,5.64
2024-05-23,7.47,3.57,10.64,141.72,5.7,132.77,0.32,46.85,3.54,-1.07,29.16,14.66,15.31,8.53,4.99,5.27,0.97,8.19,8.97,7.09,-10.15,14.92,4.6,3.02,14.24,3.08,12.49,12.46,2.07,9.68,11.77,2.62,-6.52,0.81,3.4,479.83,39.39,12.47,12.81,7.85,10.32,5.93,3.63,4.03,3.77,10.27,3.91,25.62,16.27,7.64,5.64
2024-05-24,7.47,3.57,10.64,141.72,5.7,132.77,0.32,46.85,3.54,-1.07,29.16,14.66,15.31,8.53,4.99,5.27,0.97,8.19,8.97,7.09,-10.15,14.92,4.6,3.02,14.24,3.08,12.49,12.46,2.07,9.68,11.77,2.62,-6.52,0.81,3.4,479.83,39.39,12.47,12.81,7.85,10.32,5.93,3.63,4.03,3.77,10.27,3.91,25.62,16.27,7.64,5.64
2024-05-28,7.47,3.57,10.64,141.72,5.7,132.77,0.32,46.85,3.54,-1.07,29.16,14.66,15.31,8.53,4.99,5.27,0.97,8.19,8.97,7.09,-10.15,14.92,4.6,3.02,14.24,3.08,12.49,12.46,2.07,9.68,11.77,2.62,-6.52,0.81,3.4,479.83,39.39,12.47,12.81,7.85,10.32,5.93,3.63,4.03,3.77,10.27,3.91,25.62,16.27,7.64,5.64
2024-05-29,7.47,3.57,10.64,141.72,5.7,132.77,0.32,46.85,3.54,-1.07,29.16,14.66,15.31,8.53,4.99,5.27,0.97,8.19,8.97,7.09,-10.15,14.92,4.6,3.02,14.24,3.08,12.49,12.46,2.07,9.68,11.77,2.62,-6.52,0.81,3.4,479.83,39.39,12.47,12.81,7.85,10.32,5.93,3.63,4.03,3.77,10.27,3.91,25.62,16.27,7.64,5.64
2024-05-30,7.47,3.57,10.64,141.72,5.7,132.77,0.32,46.85,3.54,-1.07,29.16,14.66,15.31,8.53,4.99,5.27,0.97,8.19,8.97,7.09,-10.15,14.92,4.6,3.02,14.24,3.08,12.49,12.46,2.07,9.68,11.77,2.62,-6.52,0.81,3.4,479.83,39.39,12.47,12.81,7.85,10.32,5.93,3.63,4.03,3.77,10.27,3.91,25.62,16.27,7.64,5.64
2024-05-31,7.47,3.57,10.64,144.37,5.7,132.77,0.71,46.85,3.54,-1.07,29.16,14.66,15.31,8.51,4.99,5.27,0.97,8.19,8.97,7.09,-10.15,14.92,4.6,2.55,14.67,3.08,12.49,12.46,2.07,9.68,11.77,2.62,-6.52,0.81,3.73,479.83,39.39,12.47,12.81,7.85,10.32,5.93,3.63,4.03,3.77,10.27,3.91,25.62,16.27,7.64,5.64
2024-06-03,7.47,3.57,10.64,144.37,5.7,132.77,0.71,46.85,3.54,-1.07,29.16,14.66,15.31,8.51,4.99,5.27,0.97,8.19,8.97,7.09,-10.15,14.92,4.6,2.55,14.67,3.08,12.49,12.46,2.07,9.68,11.77,2.62,-6.52,0.81,3.73,479.83,39.39,12.47,12.81,7.85,10.32,5.93,3.63,4.03,3.77,10.27,3.91,25.62,16.27,7.64,5.64
2024-06-04,7.47,3.57,10.64,144.37,5.7,132.77,0.71,46.85,3.54,-1.07,29.16,14.66,15.31,8.51,4.99,5.27,0.97,8.19,8.97,7.09,-10.15,14.92,4.6,2.55,14.67,3.08,12.49,12.46,2.07,9.68,11.77,2.62,-6.52,0.81,3.73,479.83,39.39,12.47,12.81,7.85,10.32,5.93,3.63,4.03,3.77,10.27,3.91,25.62,16.27,7.64,5.64
2024-06-05,7.47,3.57,10.64,144.37,5.7,132.77,0.71,46.85,3.54,-1.07,29.16,14.66,15.31,8.51,4.99,5.27,0.97,8.19,8.97,7.09,-10.15,14.92,4.6,2.55,14.67,3.08,12.49,12.46,2.07,9.68,11.77,2.62,-6.52,0.81,3.73,479.83,39.39,12.47,12.81,7.85,10.32,5.93,3.63,4.03,3.77,10.27,3.91,25.62,16.27,7.64,5.64
2024-06-06,7.47,3.57,10.64,144.37,5.7,132.77,0.71,46.85,3.54,-1.07,29.16,14.66,15.31,8.51,4.99,5.27,0.97,8.19,8.97,7.09,-10.15,14.92,4.6,2.55,14.67,3.08,12.49,12.46,2.07,9.68,11.77,2.62,-6.52,0.81,3.73,479.83,39.39,12.47,12.81,7.85,10.32,5.93,3.63,4.03,3.77,10.27,3.91,25.62,16.27,7.64,5.64
2024-06-07,7.47,3.57,10.64,144.37,5.7,132.77,0.71,46.85,3.54,-1.07,29.16,14.66,15.31,8.51,4.99,5.27,0.97,8.19,8.97,7.09,-10.15,14.92,4.6,2.55,14.67,3.08,12.49,12.46,2.07,9.68,11.77,2.62,-6.52,0.81,3.73,479.83,39.39,12.47,12.81,7.85,10.32,5.93,3.63,4.03,3.77,10.27,3.91,25.62,16.27,7.64,5.64
2024-06-10,7.47,3.57,10.64,144.37,5.7,132.77,0.71,46.85,3.54,-1.07,29.16,14.66,15.31,8.51,4.99,5.27,0.97,8.19,8.97,7.09,-10.15,14.92,4.6,2.55,14.67,3.08,12.49,12.46,2.07,9.68,11.77,2.62,-6.52,0.81,3.73,479.83,39.39,12.47,12.81,7.85,10.32,5.93,3.63,4.03,3.77,10.27,3.91,25.62,16.27,7.64,5.64
2024-06-11,7.47,3.57,10.64,144.37,5.7,132.77,0.71,46.85,3.54,-1.07,29.16,14.66,15.31,8.51,4.99,5.27,0.97,8.19,8.97,7.09,-10.15,14.92,4.6,2.55,14.67,3.08,12.49,12.46,2.07,9.68,11.77,2.62,-6.52,0.81,3.73,479.83,39.39,12.47,12.81,7.85,10.32,5.93,3.63,4.03,3.77,10.27,3.91,25.62,16.27,7.64,5.64
2024-06-12,7.47,3.57,10.64,144.37,5.7,132.77,0.71,46.85,3.54,-1.07,29.16,14.66,15.31,8.51,4.99,5.27,0.97,8.19,8.97,7.09,-10.15,14.92,4.6,2.55,14.67,3.08,12.49,12.46,2.07,9.68,11.77,2.62,-6.52,0.81,3.73,479.83,39.39,12.47,12.81,7.85,10.32,5.93,3.63,4.03,3.77,10.27,3.91,25.62,16.27,7.64,5.64
2024-06-13,7.47,3.57,10.64,144.37,5.7,132.77,0.71,46.85,3.54,-1.07,29.16,14.66,15.31,8.51,4.99,5.27,0.97,8.19,8.97,7.09,-10.15,14.92,4.6,2.55,14.67,3.08,12.49,12.46,2.07,9.68,11.77,2.62,-6.52,0.81,3.73,479.83,39.39,12.47,12.81,7.85,10.32,5.93,3.63,4.03,3.77,10.27,3.91,25.62,16.27,7.64,5.64
2024-06-14,7.47,3.57,10.64,144.37,5.7,132.77,0.71,46.85,3.54,-1.07,29.16,14.66,15.31,8.51,4.99,5.27,0.97,8.19,8.97,7.09,-10.15,14.92,4.6,2.55,14.67,3.08,12.49,12.46,2.07,9.68,11.77,2.62,-6.52,0.81,3.73,479.83,39.39,12.47,12.81,7.85,10.32,5.93,3.63,4.03,3.77,10.27,3.91,25.62,16.27,7.64,5.64
2024-06-17,7.47,3.57,10.64,144.37,5.7,132.77,0.71,46.85,3.54,-1.07,29.16,14.66,15.31,8.51,4.99,5.27,0.97,8.19,8.97,7.09,-10.15,14.92,4.6,2.55,14.67,3.08,12.49,12.46,2.07,9.68,11.77,2.62,-6.52,0.81,3.73,479.83,39.39,12.47,12.81,7.85,10.32,5.93,3.63,4.03,3.77,10.27,3.91,25.62,16.27,7.64,5.64
2024-06-18,7.47,3.57,10.64,144.37,5.7,132.77,0.71,46.85,3.54,-1.07,29.16,14.66,15.31,8.51,4.99,5.27,0.97,8.19,8.97,7.09,-10.15,14.92,4.6,2.55,14.67,3.08,12.49,12.46,2.07,9.68,11.77,2.62,-6.52,0.81,3.73,479.83,39.39,12.47,12.81,7.85,10.32,5.93,3.63,4.03,3.77,10.27,3.91,25.62,16.27,7.64,5.64
2024-06-20,7.47,3.57,10.64,144.37,5.7,132.77,0.71,46.85,3.54,-1.07,29.16,14.66,15.31,8.51,4.99,5.27,0.97,8.19,8.97,7.09,-10.15,14.92,4.6,2.55,14.67,3.08,12.49,12.46,2.07,9.68,11.77,2.62,-6.52,0.81,3.73,479.83,39.39,12.47,12.81,7.85,10.32,5.93,3.63,4.03,3.77,10.27,3.91,25.62,16.27,7.64,5.64
2024-06-21,7.47,3.57,10.64,144.37,5.7,132.77,0.71,46.85,3.54,-1.07,29.16,14.66,15.31,8.51,4.99,5.27,0.97,8.19,8.97,7.09,-10.15,14.92,4.6,2.55,14.67,3.08,12.49,12.46,2.07,9.68,11.77,2.62,-6.52,0.81,3.73,479.83,39.39,12.47,12.81,7.85,10.32,5.93,3.63,4.03,3.77,10.27,3.91,25.62,16.27,7.64,5.64
2024-06-24,7.47,3.57,10.64,144.37,5.7,132.77,0.71,46.85,3.54,-1.07,29.16,14.66,15.31,8.51,4.99,5.27,0.97,8.19,8.97,7.09,-10.15,14.92,4.6,2.55,14.67,3.08,12.49,12.46,2.07,9.68,11.77,2.62,-6.52,0.81,3.73,479.83,39.39,12.47,12.81,7.85,10.32,5.93,3.63,4.03,3.77,10.27,3.91,25.62,16.27,7.64,5.64
2024-06-25,7.47,3.57,10.64,144.37,5.7,132.77,0.71,46.85,3.54,-1.07,29.16,14.66,15.31,8.51,4.99,5.27,0.97,8.19,8.97,7.09,-10.15,14.92,4.6,2.55,14.67,3.08,12.49,12.46,2.07,9.68,11.77,2.62,-6.52,0.81,3.73,479.83,39.39,12.47,12.81,7.85,10.32,5.93,3.63,4.03,3.77,10.27,3.91,25.62,16.27,7.64,5.64
2024-06-26,7.47,3.57,10.64,144.37,5.7,132.77,0.71,46.85,3.54,-1.07,29.16,14.66,15.31,8.51,4.99,5.27,0.97,8.19,8.97,7.09,-10.15,14.92,4.6,2.55,14.67,3.08,12.49,12.46,2.07,9.68,11.77,2.62,-6.52,0.81,3.73,479.83,39.39,12.47,12.81,7.85,10.32,5.93,3.63,4.03,3.77,10.27,3.91,25.62,16.27,7.64,5.64
2024-06-27,7.47,3.57,10.64,144.37,5.7,132.77,0.71,46.85,3.54,-1.07,29.16,14.66,15.31,8.51,4.99,5.27,0.97,8.19,8.97,7.09,-10.15,14.92,4.6,2.55,14.67,3.08,12.49,12.46,2.07,9.68,11.77,2.62,-6.52,0.81,3.73,479.83,39.39,12.47,12.81,7.85,10.32,5.93,3.63,4.03,3.77,10.27,3.91,25.62,16.27,7.64,5.64
2024-06-28,7.47,3.57,10.64,144.37,5.7,132.77,0.71,46.85,3.54,-1.07,29.16,14.66,15.31,8.51,4.99,5.27,0.97,8.19,8.97,7.09,-10.15,14.92,4.6,2.55,14.67,3.08,12.49,12.46,2.07,9.68,11.77,2.62,-6.52,0.81,3.73,479.83,39.39,12.47,12.81,7.85,10.32,5.93,3.63,4.03,3.77,10.27,3.91,25.62,16.27,7.64,5.64
2024-07-01,7.35,4.19,13.25,144.37,5.7,142.49,0.71,1.0168,-1.29,-1.83,31.27,14.86,16.25,8.51,5.12,5.55,0.96,8.9,8.64,6.13,-7.47,14.92,4.73,2.55,14.67,2.73,12.49,12.46,2.13,10.309999999999999,11.42,3.3000000000000003,-5.64,0.97,3.73,483.84,39.73,13.1,11.9,9.17,10.36,5.93,3.57,4.03,4.29,10.37,3.56,25.62,16.27,7.76,5.46
2024-07-02,7.35,4.19,13.25,144.37,5.7,142.49,0.71,1.0168,-1.29,-1.83,31.27,14.86,16.25,8.51,5.12,5.55,0.96,8.9,8.64,6.13,-7.47,14.92,4.73,2.55,14.67,2.73,12.49,12.46,2.13,10.309999999999999,11.42,3.3000000000000003,-5.64,0.97,3.73,483.84,39.73,13.1,11.9,9.17,10.36,5.93,3.57,4.03,4.29,10.37,3.56,25.62,16.27,7.76,5.46
2024-07-03,7.35,4.19,13.25,144.37,5.7,142.49,0.71,1.0168,-1.29,-1.83,31.27,14.86,16.25,8.51,5.12,5.55,0.96,8.9,8.64,6.13,-7.47,14.92,4.73,2.55,14.67,2.73,12.49,12.46,2.13,10.309999999999999,11.42,3.3000000000000003,-5.64,0.97,3.73,483.84,39.73,13.1,11.9,9.17,10.36,5.93,3.57,4.03,4.29,10.37,3.56,25.62,16.27,7.76,5.46
2024-07-05,7.35,4.19,13.25,144.37,5.7,142.49,0.71,1.0168,-1.29,-1.83,31.27,14.86,16.25,8.51,5.12,5.55,0.96,8.9,8.64,6.13,-7.47,14.92,4.73,2.55,14.67,2.73,12.49,12.46,2.13,10.309999999999999,11.42,3.3000000000000003,-5.64,0.97,3.73,483.84,39.73,13.1,11.9,9.17,10.36,5.93,3.57,4.03,4.29,10.37,3.56,25.62,16.27,7.76,5.46
2024-07-08,7.35,4.19,13.25,144.37,5.7,142.49,0.71,1.0168,-1.29,-1.83,31.27,14.86,16.25,8.51,5.12,5.55,0.96,8.9,8.64,6.13,-7.47,14.92,4.73,2.55,14.67,2.73,12.49,12.46,2.13,10.309999999999999,11.42,3.3000000000000003,-5.64,0.97,3.73,483.84,39.73,13.1,11.9,9.17,10.36,5.93,3.57,4.03,4.29,10.37,3.56,25.62,16.27,7.76,5.46
2024-07-09,7.35,4.19,13.25,144.37,5.7,142.49,0.71,1.0168,-1.29,-1.83,31.27,14.86,16.25,8.51,5.12,5.55,0.96,8.9,8.64,6.13,-7.47,14.92,4.73,2.55,14.67,2.73,12.49,12.46,2.13,10.309999999999999,11.42,3.3000000000000003,-5.64,0.97,3.73,483.84,39.73,13.1,11.9,9.17,10.36,5.93,3.57,4.03,4.29,10.37,3.56,25.62,16.27,7.76,5.46
2024-07-10,7.35,4.19,13.25,144.37,5.7,142.49,0.71,1.0168,-1.29,-1.83,31.27,14.86,16.25,8.51,5.12,5.55,0.96,8.9,8.64,6.13,-7.47,14.92,4.73,2.55,14.67,2.73,12.49,12.46,2.13,10.309999999999999,11.42,3.3000000000000003,-5.64,0.97,3.73,483.84,39.73,13.1,11.9,9.17,10.36,5.93,3.57,4.03,4.29,10.37,3.56,25.62,16.27,7.76,5.46
2024-07-11,7.35,4.19,13.25,144.37,5.7,142.49,0.71,1.0168,-1.29,-1.83,31.27,14.86,16.25,8.51,5.12,5.55,0.96,8.9,8.64,6.13,-7.47,14.92,4.73,2.55,14.67,2.73,12.49,12.46,2.13,10.309999999999999,11.42,3.3000000000000003,-5.64,0.97,3.73,483.84,39.73,13.1,11.9,9.17,10.36,5.93,3.57,4.03,4.29,10.37,3.56,25.62,16.27,7.76,5.46
2024-07-12,7.35,4.19,13.25,144.37,5.7,142.49,0.71,1.0168,-1.29,-1.83,31.27,14.86,16.25,8.51,5.12,5.55,0.96,8.9,8.64,6.13,-7.47,14.92,4.73,2.55,14.67,2.73,12.49,12.46,2.13,10.309999999999999,11.42,3.3000000000000003,-5.64,0.97,3.73,483.84,39.73,13.1,11.9,9.17,10.36,5.93,3.57,4.03,4.29,10.37,3.56,25.62,16.27,7.76,5.46
2024-07-15,7.35,4.19,13.25,144.37,5.7,142.49,0.71,1.0168,-1.29,-1.83,31.27,14.86,16.25,8.51,5.12,5.55,0.96,8.9,8.64,6.13,-7.47,14.92,4.73,2.55,14.67,2.73,12.49,12.46,2.13,10.309999999999999,11.42,3.3000000000000003,-5.64,0.97,3.73,483.84,39.73,13.1,11.9,9.17,10.36,5.93,3.57,4.03,4.29,10.37,3.56,25.62,16.27,7.76,5.46
2024-07-16,7.35,4.19,13.25,144.37,5.7,142.49,0.71,1.0168,-1.29,-1.83,31.27,14.86,16.25,8.51,5.12,5.55,0.96,8.9,8.64,6.13,-7.47,14.92,4.73,2.55,14.67,2.73,12.49,12.46,2.13,10.309999999999999,11.42,3.3000000000000003,-5.64,0.97,3.73,483.84,39.73,13.1,11.9,9.17,10.36,5.93,3.57,4.03,4.29,10.37,3.56,25.62,16.27,7.76,5.46
2024-07-17,7.35,4.19,13.25,144.37,5.7,142.49,0.71,1.0168,-1.29,-1.83,31.27,14.86,16.25,8.51,5.12,5.55,0.96,8.9,8.64,6.13,-7.47,14.92,4.73,2.55,14.67,2.73,12.49,12.46,2.13,10.309999999999999,11.42,3.3000000000000003,-5.64,0.97,3.73,483.84,39.73,13.1,11.9,9.17,10.36,5.93,3.57,4.03,4.29,10.37,3.56,25.62,16.27,7.76,5.46
2024-07-18,7.35,4.19,13.25,144.37,5.7,142.49,0.71,1.0168,-1.29,-1.83,31.27,14.86,16.25,8.51,5.12,5.55,0.96,8.9,8.64,6.13,-7.47,14.92,4.73,2.55,14.67,2.73,12.49,12.46,2.13,10.309999999999999,11.42,3.3000000000000003,-5.64,0.97,3.73,483.84,39.73,13.1,11.9,9.17,10.36,5.93,3.57,4.03,4.29,10.37,3.56,25.62,16.27,7.76,5.46
2024-07-19,7.35,4.19,13.25,144.37,5.7,142.49,0.71,1.0168,-1.29,-1.83,31.27,14.86,16.25,8.51,5.12,5.55,0.96,8.9,8.64,6.13,-7.47,14.92,4.73,2.55,14.67,2.73,12.49,12.46,2.13,10.309999999999999,11.42,3.3000000000000003,-5.64,0.97,3.73,483.84,39.73,13.1,11.9,9.17,10.36,5.93,3.57,4.03,4.29,10.37,3.56,25.62,16.27,7.76,5.46
2024-07-22,7.35,4.19,13.25,144.37,5.7,142.49,0.71,1.0168,-1.29,-1.83,31.27,14.86,16.25,8.51,5.12,5.55,0.96,8.9,8.64,6.13,-7.47,14.92,4.73,2.55,14.67,2.73,12.49,12.46,2.13,10.309999999999999,11.42,3.3000000000000003,-5.64,0.97,3.73,483.84,39.73,13.1,11.9,9.17,10.36,5.93,3.57,4.03,4.29,10.37,3.56,25.62,16.27,7.76,5.46
2024-07-23,7.35,4.19,13.25,144.37,5.7,142.49,0.71,1.0168,-1.29,-1.83,31.27,14.86,16.25,8.51,5.12,5.55,0.96,8.9,8.64,6.13,-7.47,14.92,4.73,2.55,14.67,2.73,12.49,12.46,2.13,10.309999999999999,11.42,3.3000000000000003,-5.64,0.97,3.73,483.84,39.73,13.1,11.9,9.17,10.36,5.93,3.57,4.03,4.29,10.37,3.56,25.62,16.27,7.76,5.46
2024-07-24,7.35,4.19,13.25,144.37,5.7,142.49,0.71,1.0168,-1.29,-1.83,31.27,14.86,16.25,8.51,5.12,5.55,0.96,8.9,8.64,6.13,-7.47,14.92,4.73,2.55,14.67,2.73,12.49,12.46,2.13,10.309999999999999,11.42,3.3000000000000003,-5.64,0.97,3.73,483.84,39.73,13.1,11.9,9.17,10.36,5.93,3.57,4.03,4.29,10.37,3.56,25.62,16.27,7.76,5.46
2024-07-25,7.35,4.19,13.25,144.37,5.7,142.49,0.71,1.0168,-1.29,-1.83,31.27,14.86,16.25,8.51,5.12,5.55,0.96,8.9,8.64,6.13,-7.47,14.92,4.73,2.55,14.67,2.73,12.49,12.46,2.13,10.309999999999999,11.42,3.3000000000000003,-5.64,0.97,3.73,483.84,39.73,13.1,11.9,9.17,10.36,5.93,3.57,4.03,4.29,10.37,3.56,25.62,16.27,7.76,5.46
2024-07-26,7.35,4.19,13.25,144.37,5.7,142.49,0.71,1.0168,-1.29,-1.83,31.27,14.86,16.25,8.51,5.12,5.55,0.96,8.9,8.64,6.13,-7.47,14.92,4.73,2.55,14.67,2.73,12.49,12.46,2.13,10.309999999999999,11.42,3.3000000000000003,-5.64,0.97,3.73,483.84,39.73,13.1,11.9,9.17,10.36,5.93,3.57,4.03,4.29,10.37,3.56,25.62,16.27,7.76,5.46
2024-07-29,7.35,4.19,13.25,144.37,5.7,142.49,0.71,1.0168,-1.29,-1.83,31.27,14.86,16.25,8.51,5.12,5.55,0.96,8.9,8.64,6.13,-7.47,14.92,4.73,2.55,14.67,2.73,12.49,12.46,2.13,10.309999999999999,11.42,3.3000000000000003,-5.64,0.97,3.73,483.84,39.73,13.1,11.9,9.17,10.36,5.93,3.57,4.03,4.29,10.37,3.56,25.62,16.27,7.76,5.46
2024-07-30,7.35,4.19,13.25,144.37,5.7,142.49,0.71,1.0168,-1.29,-1.83,31.27,14.86,16.25,8.51,5.12,5.55,0.96,8.9,8.64,6.13,-7.47,14.92,4.73,2.55,14.67,2.73,12.49,12.46,2.13,10.309999999999999,11.42,3.3000000000000003,-5.64,0.97,3.73,483.84,39.73,13.1,11.9,9.17,10.36,5.93,3.57,4.03,4.29,10.37,3.56,25.62,16.27,7.76,5.46
2024-07-31,7.35,4.19,13.25,144.37,5.79,142.49,0.71,1.0168,-1.29,-1.83,31.27,14.86,16.25,8.51,5.12,5.55,0.96,8.9,8.64,6.13,-7.47,14.88,4.73,2.55,14.67,2.73,12.11,12.93,2.13,10.309999999999999,11.42,3.3000000000000003,-5.64,0.97,3.73,483.84,39.73,13.1,11.9,9.17,10.36,6.2,3.57,4.13,4.29,10.37,3.56,24.91,8.325,7.76,5.46
2024-08-01,7.35,4.19,13.25,144.37,5.79,142.49,0.71,1.0168,-1.29,-1.83,31.27,14.86,16.25,8.51,5.12,5.55,0.96,8.9,8.64,6.13,-7.47,14.88,4.73,2.55,14.67,2.73,12.11,12.93,2.13,10.309999999999999,11.42,3.3000000000000003,-5.64,0.97,3.73,483.84,39.73,13.1,11.9,9.17,10.36,6.2,3.57,4.13,4.29,10.37,3.56,24.91,8.325,7.76,5.46
2024-08-02,7.35,4.19,13.25,144.37,5.79,142.49,0.71,1.0168,-1.29,-1.83,31.27,14.86,16.25,8.51,5.12,5.55,0.96,8.9,8.64,6.13,-7.47,14.88,4.73,2.55,14.67,2.73,12.11,12.93,2.13,10.309999999999999,11.42,3.3000000000000003,-5.64,0.97,3.73,483.84,39.73,13.1,11.9,9.17,10.36,6.2,3.57,4.13,4.29,10.37,3.56,24.91,8.325,7.76,5.46
2024-08-05,7.35,4.19,13.25,144.37,5.79,142.49,0.71,1.0168,-1.29,-1.83,31.27,14.86,16.25,8.51,5.12,5.55,0.96,8.9,8.64,6.13,-7.47,14.88,4.73,2.55,14.67,2.73,12.11,12.93,2.13,10.309999999999999,11.42,3.3000000000000003,-5.64,0.97,3.73,483.84,39.73,13.1,11.9,9.17,10.36,6.2,3.57,4.13,4.29,10.37,3.56,24.91,8.325,7.76,5.46
2024-08-06,7.35,4.19,13.25,144.37,5.79,142.49,0.71,1.0168,-1.29,-1.83,31.27,14.86,16.25,8.51,5.12,5.55,0.96,8.9,8.64,6.13,-7.47,14.88,4.73,2.55,14.67,2.73,12.11,12.93,2.13,10.309999999999999,11.42,3.3000000000000003,-5.64,0.97,3.73,483.84,39.73,13.1,11.9,9.17,10.36,6.2,3.57,4.13,4.29,10.37,3.56,24.91,8.325,7.76,5.46
2024-08-07,7.35,4.19,13.25,144.37,5.79,142.49,0.71,1.0168,-1.29,-1.83,31.27,14.86,16.25,8.51,5.12,5.55,0.96,8.9,8.64,6.13,-7.47,14.88,4.73,2.55,14.67,2.73,12.11,12.93,2.13,10.309999999999999,11.42,3.3000000000000003,-5.64,0.97,3.73,483.84,39.73,13.1,11.9,9.17,10.36,6.2,3.57,4.13,4.29,10.37,3.56,24.91,8.325,7.76,5.46
2024-08-08,7.35,4.19,13.25,144.37,5.79,142.49,0.71,1.0168,-1.29,-1.83,31.27,14.86,16.25,8.51,5.12,5.55,0.96,8.9,8.64,6.13,-7.47,14.88,4.73,2.55,14.67,2.73,12.11,12.93,2.13,10.309999999999999,11.42,3.3000000000000003,-5.64,0.97,3.73,483.84,39.73,13.1,11.9,9.17,10.36,6.2,3.57,4.13,4.29,10.37,3.56,24.91,8.325,7.76,5.46
2024-08-09,7.35,4.19,13.25,144.37,5.79,142.49,0.71,1.0168,-1.29,-1.83,31.27,14.86,16.25,8.51,5.12,5.55,0.96,8.9,8.64,6.13,-7.47,14.88,4.73,2.55,14.67,2.73,12.11,12.93,2.13,10.309999999999999,11.42,3.3000000000000003,-5.64,0.97,3.73,483.84,39.73,13.1,11.9,9.17,10.36,6.2,3.57,4.13,4.29,10.37,3.56,24.91,8.325,7.76,5.46
2024-08-12,7.35,4.19,13.25,144.37,5.79,142.49,0.71,1.0168,-1.29,-1.83,31.27,14.86,16.25,8.51,5.12,5.55,0.96,8.9,8.64,6.13,-7.47,14.88,4.73,2.55,14.67,2.73,12.11,12.93,2.13,10.309999999999999,11.42,3.3000000000000003,-5.64,0.97,3.73,483.84,39.73,13.1,11.9,9.17,10.36,6.2,3.57,4.13,4.29,10.37,3.56,24.91,8.325,7.76,5.46
2024-08-13,7.35,4.19,13.25,144.37,5.79,142.49,0.71,1.0168,-1.29,-1.83,31.27,14.86,16.25,8.51,5.12,5.55,0.96,8.9,8.64,6.13,-7.47,14.88,4.73,2.55,14.67,2.73,12.11,12.93,2.13,10.309999999999999,11.42,3.3000000000000003,-5.64,0.97,3.73,483.84,39.73,13.1,11.9,9.17,10.36,6.2,3.57,4.13,4.29,10.37,3.56,24.91,8.325,7.76,5.46
2024-08-14,7.35,4.19,13.25,144.37,5.79,142.49,0.71,1.0168,-1.29,-1.83,31.27,14.86,16.25,8.51,5.12,5.55,0.96,8.9,8.64,6.13,-7.47,14.88,4.73,2.55,14.67,2.73,12.11,12.93,2.13,10.309999999999999,11.42,3.3000000000000003,-5.64,0.97,3.73,483.84,39.73,13.1,11.9,9.17,10.36,6.2,3.57,4.13,4.29,10.37,3.56,24.91,8.325,7.76,5.46
2024-08-15,7.35,4.19,13.25,144.37,5.79,142.49,0.71,1.0168,-1.29,-1.83,31.27,14.86,16.25,8.51,5.12,5.55,0.96,8.9,8.64,6.13,-7.47,14.88,4.73,2.55,14.67,2.73,12.11,12.93,2.13,10.309999999999999,11.42,3.3000000000000003,-5.64,0.97,3.73,483.84,39.73,13.1,11.9,9.17,10.36,6.2,3.57,4.13,4.29,10.37,3.56,24.91,8.325,7.76,5.46
2024-08-16,7.35,4.19,13.25,144.37,5.79,142.49,0.71,1.0168,-1.29,-1.83,31.27,14.86,16.25,8.51,5.12,5.55,0.96,8.9,8.64,6.13,-7.47,14.88,4.73,2.55,14.67,2.73,12.11,12.93,2.13,10.309999999999999,11.42,3.3000000000000003,-5.64,0.97,3.73,483.84,39.73,13.1,11.9,9.17,10.36,6.2,3.57,4.13,4.29,10.37,3.56,24.91,8.325,7.76,5.46
2024-08-19,7.35,4.19,13.25,144.37,5.79,142.49,0.71,1.0168,-1.29,-1.83,31.27,14.86,16.25,8.51,5.12,5.55,0.96,8.9,8.64,6.13,-7.47,14.88,4.73,2.55,14.67,2.73,12.11,12.93,2.13,10.309999999999999,11.42,3.3000000000000003,-5.64,0.97,3.73,483.84,39.73,13.1,11.9,9.17,10.36,6.2,3.57,4.13,4.29,10.37,3.56,24.91,8.325,7.76,5.46
2024-08-20,7.35,4.19,13.25,144.37,5.79,142.49,0.71,1.0168,-1.29,-1.83,31.27,14.86,16.25,8.51,5.12,5.55,0.96,8.9,8.64,6.13,-7.47,14.88,4.73,2.55,14.67,2.73,12.11,12.93,2.13,10.309999999999999,11.42,3.3000000000000003,-5.64,0.97,3.73,483.84,39.73,13.1,11.9,9.17,10.36,6.2,3.57,4.13,4.29,10.37,3.56,24.91,8.325,7.76,5.46
2024-08-21,7.35,4.19,13.25,144.37,5.79,142.49,0.71,1.0168,-1.29,-1.83,31.27,14.86,16.25,8.51,5.12,5.55,0.96,8.9,8.64,6.13,-7.47,14.88,4.73,2.55,14.67,2.73,12.11,12.93,2.13,10.309999999999999,11.42,3.3000000000000003,-5.64,0.97,3.73,483.84,39.73,13.1,11.9,9.17,10.36,6.2,3.57,4.13,4.29,10.37,3.56,24.91,8.325,7.76,5.46
2024-08-22,7.35,4.19,13.25,144.37,5.79,142.49,0.71,1.0168,-1.29,-1.83,31.27,14.86,16.25,8.51,5.12,5.55,0.96,8.9,8.64,6.13,-7.47,14.88,4.73,2.55,14.67,2.73,12.11,12.93,2.13,10.309999999999999,11.42,3.3000000000000003,-5.64,0.97,3.73,483.84,39.73,13.1,11.9,9.17,10.36,6.2,3.57,4.13,4.29,10.37,3.56,24.91,8.325,7.76,5.46
2024-08-23,7.35,4.19,13.25,144.37,5.79,142.49,0.71,1.0168,-1.29,-1.83,31.27,14.86,16.25,8.51,5.12,5.55,0.96,8.9,8.64,6.13,-7.47,14.88,4.73,2.55,14.67,2.73,12.11,12.93,2.13,10.309999999999999,11.42,3.3000000000000003,-5.64,0.97,3.73,483.84,39.73,13.1,11.9,9.17,10.36,6.2,3.57,4.13,4.29,10.37,3.56,24.91,8.325,7.76,5.46
2024-08-26,7.35,4.19,13.25,144.37,5.79,142.49,0.71,1.0168,-1.29,-1.83,31.27,14.86,16.25,8.51,5.12,5.55,0.96,8.9,8.64,6.13,-7.47,14.88,4.73,2.55,14.67,2.73,12.11,12.93,2.13,10.309999999999999,11.42,3.3000000000000003,-5.64,0.97,3.73,483.84,39.73,13.1,11.9,9.17,10.36,6.2,3.57,4.13,4.29,10.37,3.56,24.91,8.325,7.76,5.46
2024-08-27,7.35,4.19,13.25,144.37,5.79,142.49,0.71,1.0168,-1.29,-1.83,31.27,14.86,16.25,8.51,5.12,5.55,0.96,8.9,8.64,6.13,-7.47,14.88,4.73,2.55,14.67,2.73,12.11,12.93,2.13,10.309999999999999,11.42,3.3000000000000003,-5.64,0.97,3.73,483.84,39.73,13.1,11.9,9.17,10.36,6.2,3.57,4.13,4.29,10.37,3.56,24.91,8.325,7.76,5.46
2024-08-28,7.35,4.19,13.25,144.37,5.79,142.49,0.71,1.0168,-1.29,-1.83,31.27,14.86,16.25,8.51,5.12,5.55,0.96,8.9,8.64,6.13,-7.47,14.88,4.73,2.55,14.67,2.73,12.11,12.93,2.13,10.309999999999999,11.42,3.3000000000000003,-5.64,0.97,3.73,483.84,39.73,13.1,11.9,9.17,10.36,6.2,3.57,4.13,4.29,10.37,3.56,24.91,8.325,7.76,5.46
2024-08-29,7.35,4.19,13.25,144.37,5.79,142.49,0.71,1.0168,-1.29,-1.83,31.27,14.86,16.25,8.51,5.12,5.55,0.96,8.9,8.64,6.13,-7.47,14.88,4.73,2.55,14.67,2.73,12.11,12.93,2.13,10.309999999999999,11.42,3.3000000000000003,-5.64,0.97,3.73,483.84,39.73,13.1,11.9,9.17,10.36,6.2,3.57,4.13,4.29,10.37,3.56,24.91,8.325,7.76,5.46
2024-08-30,7.35,4.19,13.25,144.37,5.79,142.49,0.71,1.0168,-1.29,-1.83,31.27,14.86,16.25,8.51,5.12,5.55,0.96,8.9,8.64,6.13,-7.47,14.88,4.73,2.55,14.67,2.73,12.11,12.93,2.13,10.309999999999999,11.42,3.3000000000000003,-5.64,0.97,3.73,483.84,39.73,13.1,11.9,9.17,10.36,6.2,3.57,4.13,4.29,10.37,3.56,24.91,8.325,7.76,5.46
2024-09-03,7.35,4.19,13.25,163.62,5.79,142.49,1.17,1.0168,-1.29,-1.83,31.27,14.86,16.25,8.66,5.12,5.55,0.96,8.9,8.64,6.13,-7.47,14.88,4.73,2.66,15.05,2.73,12.11,12.93,2.13,10.309999999999999,11.42,3.3000000000000003,-5.64,0.97,3.49,483.84,39.73,13.1,11.9,9.17,10.36,6.2,3.57,4.13,4.29,10.37,3.56,24.91,8.325,7.76,5.46
2024-09-04,7.35,4.19,13.25,163.62,5.79,142.49,1.17,1.0168,-1.29,-1.83,31.27,14.86,16.25,8.66,5.12,5.55,0.96,8.9,8.64,6.13,-7.47,14.88,4.73,2.66,15.05,2.73,12.11,12.93,2.13,10.309999999999999,11.42,3.3000000000000003,-5.64,0.97,3.49,483.84,39.73,13.1,11.9,9.17,10.36,6.2,3.57,4.13,4.29,10.37,3.56,24.91,8.325,7.76,5.46
2024-09-05,7.35,4.19,13.25,163.62,5.79,142.49,1.17,1.0168,-1.29,-1.83,31.27,14.86,16.25,8.66,5.12,5.55,0.96,8.9,8.64,6.13,-7.47,14.88,4.73,2.66,15.05,2.73,12.11,12.93,2.13,10.309999999999999,11.42,3.3000000000000003,-5.64,0.97,3.49,483.84,39.73,13.1,11.9,9.17,10.36,6.2,3.57,4.13,4.29,10.37,3.56,24.91,8.325,7.76,5.46
2024-09-06,7.35,4.19,13.25,163.62,5.79,142.49,1.17,1.0168,-1.29,-1.83,31.27,14.86,16.25,8.66,5.12,5.55,0.96,8.9,8.64,6.13,-7.47,14.88,4.73,2.66,15.05,2.73,12.11,12.93,2.13,10.309999999999999,11.42,3.3000000000000003,-5.64,0.97,3.49,483.84,39.73,13.1,11.9,9.17,10.36,6.2,3.57,4.13,4.29,10.37,3.56,24.91,8.325,7.76,5.46
2024-09-09,7.35,4.19,13.25,163.62,5.79,142.49,1.17,1.0168,-1.29,-1.83,31.27,14.86,16.25,8.66,5.12,5.55,0.96,8.9,8.64,6.13,-7.47,14.88,4.73,2.66,15.05,2.73,12.11,12.93,2.13,10.309999999999999,11.42,3.3000000000000003,-5.64,0.97,3.49,483.84,39.73,13.1,11.9,9.17,10.36,6.2,3.57,4.13,4.29,10.37,3.56,24.91,8.325,7.76,5.46
2024-09-10,7.35,4.19,13.25,163.62,5.79,142.49,1.17,1.0168,-1.29,-1.83,31.27,14.86,16.25,8.66,5.12,5.55,0.96,8.9,8.64,6.13,-7.47,14.88,4.73,2.66,15.05,2.73,12.11,12.93,2.13,10.309999999999999,11.42,3.3000000000000003,-5.64,0.97,3.49,483.84,39.73,13.1,11.9,9.17,10.36,6.2,3.57,4.13,4.29,10.37,3.56,24.91,8.325,7.76,5.46
2024-09-11,7.35,4.19,13.25,163.62,5.79,142.49,1.17,1.0168,-1.29,-1.83,31.27,14.86,16.25,8.66,5.12,5.55,0.96,8.9,8.64,6.13,-7.47,14.88,4.73,2.66,15.05,2.73,12.11,12.93,2.13,10.309999999999999,11.42,3.3000000000000003,-5.64,0.97,3.49,483.84,39.73,13.1,11.9,9.17,10.36,6.2,3.57,4.13,4.29,10.37,3.56,24.91,8.325,7.76,5.46
2024-09-12,7.35,4.19,13.25,163.62,5.79,142.49,1.17,1.0168,-1.29,-1.83,31.27,14.86,16.25,8.66,5.12,5.55,0.96,8.9,8.64,6.13,-7.47,14.88,4.73,2.66,15.05,2.73,12.11,12.93,2.13,10.309999999999999,11.42,3.3000000000000003,-5.64,0.97,3.49,483.84,39.73,13.1,11.9,9.17,10.36,6.2,3.57,4.13,4.29,10.37,3.56,24.91,8.325,7.76,5.46
2024-09-13,7.35,4.19,13.25,163.62,5.79,142.49,1.17,1.0168,-1.29,-1.83,31.27,14.86,16.25,8.66,5.12,5.55,0.96,8.9,8.64,6.13,-7.47,14.88,4.73,2.66,15.05,2.73,12.11,12.93,2.13,10.309999999999999,11.42,3.3000000000000003,-5.64,0.97,3.49,483.84,39.73,13.1,11.9,9.17,10.36,6.2,3.57,4.13,4.29,10.37,3.56,24.91,8.325,7.76,5.46
2024-09-16,7.35,4.19,13.25,163.62,5.79,142.49,1.17,1.0168,-1.29,-1.83,31.27,14.86,16.25,8.66,5.12,5.55,0.96,8.9,8.64,6.13,-7.47,14.88,4.73,2.66,15.05,2.73,12.11,12.93,2.13,10.309999999999999,11.42,3.3000000000000003,-5.64,0.97,3.49,483.84,39.73,13.1,11.9,9.17,10.36,6.2,3.57,4.13,4.29,10.37,3.56,24.91,8.325,7.76,5.46
2024-09-17,7.35,4.19,13.25,163.62,5.79,142.49,1.17,1.0168,-1.29,-1.83,31.27,14.86,16.25,8.66,5.12,5.55,0.96,8.9,8.64,6.13,-7.47,14.88,4.73,2.66,15.05,2.73,12.11,12.93,2.13,10.309999999999999,11.42,3.3000000000000003,-5.64,0.97,3.49,483.84,39.73,13.1,11.9,9.17,10.36,6.2,3.57,4.13,4.29,10.37,3.56,24.91,8.325,7.76,5.46
2024-09-18,7.35,4.19,13.25,163.62,5.79,142.49,1.17,1.0168,-1.29,-1.83,31.27,14.86,16.25,8.66,5.12,5.55,0.96,8.9,8.64,6.13,-7.47,14.88,4.73,2.66,15.05,2.73,12.11,12.93,2.13,10.309999999999999,11.42,3.3000000000000003,-5.64,0.97,3.49,483.84,39.73,13.1,11.9,9.17,10.36,6.2,3.57,4.13,4.29,10.37,3.56,24.91,8.325,7.76,5.46
2024-09-19,7.35,4.19,13.25,163.62,5.79,142.49,1.17,1.0168,-1.29,-1.83,31.27,14.86,16.25,8.66,5.12,5.55,0.96,8.9,8.64,6.13,-7.47,14.88,4.73,2.66,15.05,2.73,12.11,12.93,2.13,10.309999999999999,11.42,3.3000000000000003,-5.64,0.97,3.49,483.84,39.73,13.1,11.9,9.17,10.36,6.2,3.57,4.13,4.29,10.37,3.56,24.91,8.325,7.76,5.46
2024-09-20,7.35,4.19,13.25,163.62,5.79,142.49,1.17,1.0168,-1.29,-1.83,31.27,14.86,16.25,8.66,5.12,5.55,0.96,8.9,8.64,6.13,-7.47,14.88,4.73,2.66,15.05,2.73,12.11,12.93,2.13,10.309999999999999,11.42,3.3000000000000003,-5.64,0.97,3.49,483.84,39.73,13.1,11.9,9.17,10.36,6.2,3.57,4.13,4.29,10.37,3.56,24.91,8.325,7.76,5.46
2024-09-23,7.35,4.19,13.25,163.62,5.79,142.49,1.17,1.0168,-1.29,-1.83,31.27,14.86,16.25,8.66,5.12,5.55,0.96,8.9,8.64,6.13,-7.47,14.88,4.73,2.66,15.05,2.73,12.11,12.93,2.13,10.309999999999999,11.42,3.3000000000000003,-5.64,0.97,3.49,483.84,39.73,13.1,11.9,9.17,10.36,6.2,3.57,4.13,4.29,10.37,3.56,24.91,8.325,7.76,5.46
2024-09-24,7.35,4.19,13.25,163.62,5.79,142.49,1.17,1.0168,-1.29,-1.83,31.27,14.86,16.25,8.66,5.12,5.55,0.96,8.9,8.64,6.13,-7.47,14.88,4.73,2.66,15.05,2.73,12.11,12.93,2.13,10.309999999999999,11.42,3.3000000000000003,-5.64,0.97,3.49,483.84,39.73,13.1,11.9,9.17,10.36,6.2,3.57,4.13,4.29,10.37,3.56,24.91,8.325,7.76,5.46
2024-09-25,7.35,4.19,13.25,163.62,5.79,142.49,1.17,1.0168,-1.29,-1.83,31.27,14.86,16.25,8.66,5.12,5.55,0.96,8.9,8.64,6.13,-7.47,14.88,4.73,2.66,15.05,2.73,12.11,12.93,2.13,10.309999999999999,11.42,3.3000000000000003,-5.64,0.97,3.49,483.84,39.73,13.1,11.9,9.17,10.36,6.2,3.57,4.13,4.29,10.37,3.56,24.91,8.325,7.76,5.46
2024-09-26,7.35,4.19,13.25,163.62,5.79,142.49,1.17,1.0168,-1.29,-1.83,31.27,14.86,16.25,8.66,5.12,5.55,0.96,8.9,8.64,6.13,-7.47,14.88,4.73,2.66,15.05,2.73,12.11,12.93,2.13,10.309999999999999,11.42,3.3000000000000003,-5.64,0.97,3.49,483.84,39.73,13.1,11.9,9.17,10.36,6.2,3.57,4.13,4.29,10.37,3.56,24.91,8.325,7.76,5.46
2024-09-27,7.35,4.19,13.25,163.62,5.79,142.49,1.17,1.0168,-1.29,-1.83,31.27,14.86,16.25,8.66,5.12,5.55,0.96,8.9,8.64,6.13,-7.47,14.88,4.73,2.66,15.05,2.73,12.11,12.93,2.13,10.309999999999999,11.42,3.3000000000000003,-5.64,0.97,3.49,483.84,39.73,13.1,11.9,9.17,10.36,6.2,3.57,4.13,4.29,10.37,3.56,24.91,8.325,7.76,5.46
2024-09-30,2.88,4.68,8.98,163.62,5.79,147.83,1.17,1.0768,-1.68,-0.43,5.66,14.36,16.27,8.66,3.95,7.69,0.88,9.37,7.76,7.87,-4.64,14.88,4.68,2.66,15.05,2.69,12.11,12.93,2.02,9.55,11.39,2.79,8.86,1.14,3.49,488.54,40.41,13.55,11.65,9.98,10.49,6.2,3.31,4.13,3.45,10.28,3.65,24.91,8.325,8.33,5.35
2024-10-01,2.88,4.68,8.98,163.62,5.79,147.83,1.17,1.0768,-1.68,-0.43,5.66,14.36,16.27,8.66,3.95,7.69,0.88,9.37,7.76,7.87,-4.64,14.88,4.68,2.66,15.05,2.69,12.11,12.93,2.02,9.55,11.39,2.79,8.86,1.14,3.49,488.54,40.41,13.55,11.65,9.98,10.49,6.2,3.31,4.13,3.45,10.28,3.65,24.91,8.325,8.33,5.35
2024-10-02,2.88,4.68,8.98,163.62,5.79,147.83,1.17,1.0768,-1.68,-0.43,5.66,14.36,16.27,8.66,3.95,7.69,0.88,9.37,7.76,7.87,-4.64,14.88,4.68,2.66,15.05,2.69,12.11,12.93,2.02,9.55,11.39,2.79,8.86,1.14,3.49,488.54,40.41,13.55,11.65,9.98,10.49,6.2,3.31,4.13,3.45,10.28,3.65,24.91,8.325,8.33,5.35
2024-10-03,2.88,4.68,8.98,163.62,5.79,147.83,1.17,1.0768,-1.68,-0.43,5.66,14.36,16.27,8.66,3.95,7.69,0.88,9.37,7.76,7.87,-4.64,14.88,4.68,2.66,15.05,2.69,12.11,12.93,2.02,9.55,11.39,2.79,8.86,1.14,3.49,488.54,40.41,13.55,11.65,9.98,10.49,6.2,3.31,4.13,3.45,10.28,3.65,24.91,8.325,8.33,5.35
2024-10-04,2.88,4.68,8.98,163.62,5.79,147.83,1.17,1.0768,-1.68,-0.43,5.66,14.36,16.27,8.66,3.95,7.69,0.88,9.37,7.76,7.87,-4.64,14.88,4.68,2.66,15.05,2.69,12.11,12.93,2.02,9.55,11.39,2.79,8.86,1.14,3.49,488.54,40.41,13.55,11.65,9.98,10.49,6.2,3.31,4.13,3.45,10.28,3.65,24.91,8.325,8.33,5.35
2024-10-07,2.88,4.68,8.98,163.62,5.79,147.83,1.17,1.0768,-1.68,-0.43,5.66,14.36,16.27,8.66,3.95,7.69,0.88,9.37,7.76,7.87,-4.64,14.88,4.68,2.66,15.05,2.69,12.11,12.93,2.02,9.55,11.39,2.79,8.86,1.14,3.49,488.54,40.41,13.55,11.65,9.98,10.49,6.2,3.31,4.13,3.45,10.28,3.65,24.91,8.325,8.33,5.35
2024-10-08,2.88,4.68,8.98,163.62,5.79,147.83,1.17,1.0768,-1.68,-0.43,5.66,14.36,16.27,8.66,3.95,7.69,0.88,9.37,7.76,7.87,-4.64,14.88,4.68,2.66,15.05,2.69,12.11,12.93,2.02,9.55,11.39,2.79,8.86,1.14,3.49,488.54,40.41,13.55,11.65,9.98,10.49,6.2,3.31,4.13,3.45,10.28,3.65,24.91,8.325,8.33,5.35
2024-10-09,2.88,4.68,8.98,163.62,5.79,147.83,1.17,1.0768,-1.68,-0.43,5.66,14.36,16.27,8.66,3.95,7.69,0.88,9.37,7.76,7.87,-4.64,14.88,4.68,2.66,15.05,2.69,12.11,12.93,2.02,9.55,11.39,2.79,8.86,1.14,3.49,488.54,40.41,13.55,11.65,9.98,10.49,6.2,3.31,4.13,3.45,10.28,3.65,24.91,8.325,8.33,5.35
2024-10-10,2.88,4.68,8.98,163.62,5.79,147.83,1.17,1.0768,-1.68,-0.43,5.66,14.36,16.27,8.66,3.95,7.69,0.88,9.37,7.76,7.87,-4.64,14.88,4.68,2.66,15.05,2.69,12.11,12.93,2.02,9.55,11.39,2.79,8.86,1.14,3.49,488.54,40.41,13.55,11.65,9.98,10.49,6.2,3.31,4.13,3.45,10.28,3.65,24.91,8.325,8.33,5.35
2024-10-11,2.88,4.68,8.98,163.62,5.79,147.83,1.17,1.0768,-1.68,-0.43,5.66,14.36,16.27,8.66,3.95,7.69,0.88,9.37,7.76,7.87,-4.64,14.88,4.68,2.66,15.05,2.69,12.11,12.93,2.02,9.55,11.39,2.79,8.86,1.14,3.49,488.54,40.41,13.55,11.65,9.98,10.49,6.2,3.31,4.13,3.45,10.28,3.65,24.91,8.325,8.33,5.35
2024-10-14,2.88,4.68,8.98,163.62,5.79,147.83,1.17,1.0768,-1.68,-0.43,5.66,14.36,16.27,8.66,3.95,7.69,0.88,9.37,7.76,7.87,-4.64,14.88,4.68,2.66,15.05,2.69,12.11,12.93,2.02,9.55,11.39,2.79,8.86,1.14,3.49,488.54,40.41,13.55,11.65,9.98,10.49,6.2,3.31,4.13,3.45,10.28,3.65,24.91,8.325,8.33,5.35
2024-10-15,2.88,4.68,8.98,163.62,5.79,147.83,1.17,1.0768,-1.68,-0.43,5.66,14.36,16.27,8.66,3.95,7.69,0.88,9.37,7.76,7.87,-4.64,14.88,4.68,2.66,15.05,2.69,12.11,12.93,2.02,9.55,11.39,2.79,8.86,1.14,3.49,488.54,40.41,13.55,11.65,9.98,10.49,6.2,3.31,4.13,3.45,10.28,3.65,24.91,8.325,8.33,5.35
2024-10-16,2.88,4.68,8.98,163.62,5.79,147.83,1.17,1.0768,-1.68,-0.43,5.66,14.36,16.27,8.66,3.95,7.69,0.88,9.37,7.76,7.87,-4.64,14.88,4.68,2.66,15.05,2.69,12.11,12.93,2.02,9.55,11.39,2.79,8.86,1.14,3.49,488.54,40.41,13.55,11.65,9.98,10.49,6.2,3.31,4.13,3.45,10.28,3.65,24.91,8.325,8.33,5.35
2024-10-17,2.88,4.68,8.98,163.62,5.79,147.83,1.17,1.0768,-1.68,-0.43,5.66,14.36,16.27,8.66,3.95,7.69,0.88,9.37,7.76,7.87,-4.64,14.88,4.68,2.66,15.05,2.69,12.11,12.93,2.02,9.55,11.39,2.79,8.86,1.14,3.49,488.54,40.41,13.55,11.65,9.98,10.49,6.2,3.31,4.13,3.45,10.28,3.65,24.91,8.325,8.33,5.35
2024-10-18,2.88,4.68,8.98,163.62,5.79,147.83,1.17,1.0768,-1.68,-0.43,5.66,14.36,16.27,8.66,3.95,7.69,0.88,9.37,7.76,7.87,-4.64,14.88,4.68,2.66,15.05,2.69,12.11,12.93,2.02,9.55,11.39,2.79,8.86,1.14,3.49,488.54,40.41,13.55,11.65,9.98,10.49,6.2,3.31,4.13,3.45,10.28,3.65,24.91,8.325,8.33,5.35
2024-10-21,2.88,4.68,8.98,163.62,5.79,147.83,1.17,1.0768,-1.68,-0.43,5.66,14.36,16.27,8.66,3.95,7.69,0.88,9.37,7.76,7.87,-4.64,14.88,4.68,2.66,15.05,2.69,12.11,12.93,2.02,9.55,11.39,2.79,8.86,1.14,3.49,488.54,40.41,13.55,11.65,9.98,10.49,6.2,3.31,4.13,3.45,10.28,3.65,24.91,8.325,8.33,5.35
2024-10-22,2.88,4.68,8.98,163.62,5.79,147.83,1.17,1.0768,-1.68,-0.43,5.66,14.36,16.27,8.66,3.95,7.69,0.88,9.37,7.76,7.87,-4.64,14.88,4.68,2.66,15.05,2.69,12.11,12.93,2.02,9.55,11.39,2.79,8.86,1.14,3.49,488.54,40.41,13.55,11.65,9.98,10.49,6.2,3.31,4.13,3.45,10.28,3.65,24.91,8.325,8.33,5.35
2024-10-23,2.88,4.68,8.98,163.62,5.79,147.83,1.17,1.0768,-1.68,-0.43,5.66,14.36,16.27,8.66,3.95,7.69,0.88,9.37,7.76,7.87,-4.64,14.88,4.68,2.66,15.05,2.69,12.11,12.93,2.02,9.55,11.39,2.79,8.86,1.14,3.49,488.54,40.41,13.55,11.65,9.98,10.49,6.2,3.31,4.13,3.45,10.28,3.65,24.91,8.325,8.33,5.35
2024-10-24,2.88,4.68,8.98,163.62,5.79,147.83,1.17,1.0768,-1.68,-0.43,5.66,14.36,16.27,8.66,3.95,7.69,0.88,9.37,7.76,7.87,-4.64,14.88,4.68,2.66,15.05,2.69,12.11,12.93,2.02,9.55,11.39,2.79,8.86,1.14,3.49,488.54,40.41,13.55,11.65,9.98,10.49,6.2,3.31,4.13,3.45,10.28,3.65,24.91,8.325,8.33,5.35
2024-10-25,2.88,4.68,8.98,163.62,5.79,147.83,1.17,1.0768,-1.68,-0.43,5.66,14.36,16.27,8.66,3.95,7.69,0.88,9.37,7.76,7.87,-4.64,14.88,4.68,2.66,15.05,2.69,12.11,12.93,2.02,9.55,11.39,2.79,8.86,1.14,3.49,488.54,40.41,13.55,11.65,9.98,10.49,6.2,3.31,4.13,3.45,10.28,3.65,24.91,8.325,8.33,5.35
2024-10-28,2.88,4.68,8.98,163.62,5.79,147.83,1.17,1.0768,-1.68,-0.43,5.66,14.36,16.27,8.66,3.95,7.69,0.88,9.37,7.76,7.87,-4.64,14.88,4.68,2.66,15.05,2.69,12.11,12.93,2.02,9.55,11.39,2.79,8.86,1.14,3.49,488.54,40.41,13.55,11.65,9.98,10.49,6.2,3.31,4.13,3.45,10.28,3.65,24.91,8.325,8.33,5.35
2024-10-29,2.88,4.68,8.98,163.62,5.79,147.83,1.17,1.0768,-1.68,-0.43,5.66,14.36,16.27,8.66,3.95,7.69,0.88,9.37,7.76,7.87,-4.64,14.88,4.68,2.66,15.05,2.69,12.11,12.93,2.02,9.55,11.39,2.79,8.86,1.14,3.49,488.54,40.41,13.55,11.65,9.98,10.49,6.2,3.31,4.13,3.45,10.28,3.65,24.91,8.325,8.33,5.35
2024-10-30,2.88,4.68,8.98,163.62,5.79,147.83,1.17,1.0768,-1.68,-0.43,5.66,14.36,16.27,8.66,3.95,7.69,0.88,9.37,7.76,7.87,-4.64,14.88,4.68,2.66,15.05,2.69,12.11,12.93,2.02,9.55,11.39,2.79,8.86,1.14,3.49,488.54,40.41,13.55,11.65,9.98,10.49,6.2,3.31,4.13,3.45,10.28,3.65,24.91,8.325,8.33,5.35
2024-10-31,2.88,4.68,8.98,163.62,5.84,147.83,1.17,1.0768,-1.68,-0.43,5.66,14.36,16.27,8.66,3.95,7.69,0.88,9.37,7.76,7.87,-4.64,14.73,4.68,2.66,15.05,2.69,12.02,13.83,2.02,9.55,11.39,2.79,8.86,1.14,3.49,488.54,40.41,13.55,11.65,9.98,10.49,6.35,3.31,4.24,3.45,10.28,3.65,24.97,8.455,8.33,5.35
2024-11-01,2.88,4.68,8.98,163.62,5.84,147.83,1.17,1.0768,-1.68,-0.43,5.66,14.36,16.27,8.66,3.95,7.69,0.88,9.37,7.76,7.87,-4.64,14.73,4.68,2.66,15.05,2.69,12.02,13.83,2.02,9.55,11.39,2.79,8.86,1.14,3.49,488.54,40.41,13.55,11.65,9.98,10.49,6.35,3.31,4.24,3.45,10.28,3.65,24.97,8.455,8.33,5.35
2024-11-04,2.88,4.68,8.98,163.62,5.84,147.83,1.17,1.0768,-1.68,-0.43,5.66,14.36,16.27,8.66,3.95,7.69,0.88,9.37,7.76,7.87,-4.64,14.73,4.68,2.66,15.05,2.69,12.02,13.83,2.02,9.55,11.39,2.79,8.86,1.14,3.49,488.54,40.41,13.55,11.65,9.98,10.49,6.35,3.31,4.24,3.45,10.28,3.65,24.97,8.455,8.33,5.35
2024-11-05,2.88,4.68,8.98,163.62,5.84,147.83,1.17,1.0768,-1.68,-0.43,5.66,14.36,16.27,8.66,3.95,7.69,0.88,9.37,7.76,7.87,-4.64,14.73,4.68,2.66,15.05,2.69,12.02,13.83,2.02,9.55,11.39,2.79,8.86,1.14,3.49,488.54,40.41,13.55,11.65,9.98,10.49,6.35,3.31,4.24,3.45,10.28,3.65,24.97,8.455,8.33,5.35
2024-11-06,2.88,4.68,8.98,163.62,5.84,147.83,1.17,1.0768,-1.68,-0.43,5.66,14.36,16.27,8.66,3.95,7.69,0.88,9.37,7.76,7.87,-4.64,14.73,4.68,2.66,15.05,2.69,12.02,13.83,2.02,9.55,11.39,2.79,8.86,1.14,3.49,488.54,40.41,13.55,11.65,9.98,10.49,6.35,3.31,4.24,3.45,10.28,3.65,24.97,8.455,8.33,5.35
2024-11-07,2.88,4.68,8.98,163.62,5.84,147.83,1.17,1.0768,-1.68,-0.43,5.66,14.36,16.27,8.66,3.95,7.69,0.88,9.37,7.76,7.87,-4.64,14.73,4.68,2.66,15.05,2.69,12.02,13.83,2.02,9.55,11.39,2.79,8.86,1.14,3.49,488.54,40.41,13.55,11.65,9.98,10.49,6.35,3.31,4.24,3.45,10.28,3.65,24.97,8.455,8.33,5.35
2024-11-08,2.88,4.68,8.98,163.62,5.84,147.83,1.17,1.0768,-1.68,-0.43,5.66,14.36,16.27,8.66,3.95,7.69,0.88,9.37,7.76,7.87,-4.64,14.73,4.68,2.66,15.05,2.69,12.02,13.83,2.02,9.55,11.39,2.79,8.86,1.14,3.49,488.54,40.41,13.55,11.65,9.98,10.49,6.35,3.31,4.24,3.45,10.28,3.65,24.97,8.455,8.33,5.35
2024-11-11,2.88,4.68,8.98,163.62,5.84,147.83,1.17,1.0768,-1.68,-0.43,5.66,14.36,16.27,8.66,3.95,7.69,0.88,9.37,7.76,7.87,-4.64,14.73,4.68,2.66,15.05,2.69,12.02,13.83,2.02,9.55,11.39,2.79,8.86,1.14,3.49,488.54,40.41,13.55,11.65,9.98,10.49,6.35,3.31,4.24,3.45,10.28,3.65,24.97,8.455,8.33,5.35
2024-11-12,2.88,4.68,8.98,163.62,5.84,147.83,1.17,1.0768,-1.68,-0.43,5.66,14.36,16.27,8.66,3.95,7.69,0.88,9.37,7.76,7.87,-4.64,14.73,4.68,2.66,15.05,2.69,12.02,13.83,2.02,9.55,11.39,2.79,8.86,1.14,3.49,488.54,40.41,13.55,11.65,9.98,10.49,6.35,3.31,4.24,3.45,10.28,3.65,24.97,8.455,8.33,5.35
2024-11-13,2.88,4.68,8.98,163.62,5.84,147.83,1.17,1.0768,-1.68,-0.43,5.66,14.36,16.27,8.66,3.95,7.69,0.88,9.37,7.76,7.87,-4.64,14.73,4.68,2.66,15.05,2.69,12.02,13.83,2.02,9.55,11.39,2.79,8.86,1.14,3.49,488.54,40.41,13.55,11.65,9.98,10.49,6.35,3.31,4.24,3.45,10.28,3.65,24.97,8.455,8.33,5.35
2024-11-14,2.88,4.68,8.98,163.62,5.84,147.83,1.17,1.0768,-1.68,-0.43,5.66,14.36,16.27,8.66,3.95,7.69,0.88,9.37,7.76,7.87,-4.64,14.73,4.68,2.66,15.05,2.69,12.02,13.83,2.02,9.55,11.39,2.79,8.86,1.14,3.49,488.54,40.41,13.55,11.65,9.98,10.49,6.35,3.31,4.24,3.45,10.28,3.65,24.97,8.455,8.33,5.35
2024-11-15,2.88,4.68,8.98,163.62,5.84,147.83,1.17,1.0768,-1.68,-0.43,5.66,14.36,16.27,8.66,3.95,7.69,0.88,9.37,7.76,7.87,-4.64,14.73,4.68,2.66,15.05,2.69,12.02,13.83,2.02,9.55,11.39,2.79,8.86,1.14,3.49,488.54,40.41,13.55,11.65,9.98,10.49,6.35,3.31,4.24,3.45,10.28,3.65,24.97,8.455,8.33,5.35
2024-11-18,2.88,4.68,8.98,163.62,5.84,147.83,1.17,1.0768,-1.68,-0.43,5.66,14.36,16.27,8.66,3.95,7.69,0.88,9.37,7.76,7.87,-4.64,14.73,4.68,2.66,15.05,2.69,12.02,13.83,2.02,9.55,11.39,2.79,8.86,1.14,3.49,488.54,40.41,13.55,11.65,9.98,10.49,6.35,3.31,4.24,3.45,10.28,3.65,24.97,8.455,8.33,5.35
2024-11-19,2.88,4.68,8.98,163.62,5.84,147.83,1.17,1.0768,-1.68,-0.43,5.66,14.36,16.27,8.66,3.95,7.69,0.88,9.37,7.76,7.87,-4.64,14.73,4.68,2.66,15.05,2.69,12.02,13.83,2.02,9.55,11.39,2.79,8.86,1.14,3.49,488.54,40.41,13.55,11.65,9.98,10.49,6.35,3.31,4.24,3.45,10.28,3.65,24.97,8.455,8.33,5.35
2024-11-20,2.88,4.68,8.98,163.62,5.84,147.83,1.17,1.0768,-1.68,-0.43,5.66,14.36,16.27,8.66,3.95,7.69,0.88,9.37,7.76,7.87,-4.64,14.73,4.68,2.66,15.05,2.69,12.02,13.83,2.02,9.55,11.39,2.79,8.86,1.14,3.49,488.54,40.41,13.55,11.65,9.98,10.49,6.35,3.31,4.24,3.45,10.28,3.65,24.97,8.455,8.33,5.35
2024-11-21,2.88,4.68,8.98,163.62,5.84,147.83,1.17,1.0768,-1.68,-0.43,5.66,14.36,16.27,8.66,3.95,7.69,0.88,9.37,7.76,7.87,-4.64,14.73,4.68,2.66,15.05,2.69,12.02,13.83,2.02,9.55,11.39,2.79,8.86,1.14,3.49,488.54,40.41,13.55,11.65,9.98,10.49,6.35,3.31,4.24,3.45,10.28,3.65,24.97,8.455,8.33,5.35
2024-11-22,2.88,4.68,8.98,163.62,5.84,147.83,1.17,1.0768,-1.68,-0.43,5.66,14.36,16.27,8.66,3.95,7.69,0.88,9.37,7.76,7.87,-4.64,14.73,4.68,2.66,15.05,2.69,12.02,13.83,2.02,9.55,11.39,2.79,8.86,1.14,3.49,488.54,40.41,13.55,11.65,9.98,10.49,6.35,3.31,4.24,3.45,10.28,3.65,24.97,8.455,8.33,5.35
2024-11-25,2.88,4.68,8.98,163.62,5.84,147.83,1.17,1.0768,-1.68,-0.43,5.66,14.36,16.27,8.66,3.95,7.69,0.88,9.37,7.76,7.87,-4.64,14.73,4.68,2.66,15.05,2.69,12.02,13.83,2.02,9.55,11.39,2.79,8.86,1.14,3.49,488.54,40.41,13.55,11.65,9.98,10.49,6.35,3.31,4.24,3.45,10.28,3.65,24.97,8.455,8.33,5.35
2024-11-26,2.88,4.68,8.98,163.62,5.84,147.83,1.17,1.0768,-1.68,-0.43,5.66,14.36,16.27,8.66,3.95,7.69,0.88,9.37,7.76,7.87,-4.64,14.73,4.68,2.66,15.05,2.69,12.02,13.83,2.02,9.55,11.39,2.79,8.86,1.14,3.49,488.54,40.41,13.55,11.65,9.98,10.49,6.35,3.31,4.24,3.45,10.28,3.65,24.97,8.455,8.33,5.35
2024-11-27,2.88,4.68,8.98,163.62,5.84,147.83,1.17,1.0768,-1.68,-0.43,5.66,14.36,16.27,8.66,3.95,7.69,0.88,9.37,7.76,7.87,-4.64,14.73,4.68,2.66,15.05,2.69,12.02,13.83,2.02,9.55,11.39,2.79,8.86,1.14,3.49,488.54,40.41,13.55,11.65,9.98,10.49,6.35,3.31,4.24,3.45,10.28,3.65,24.97,8.455,8.33,5.35
2024-11-29,2.88,4.68,8.98,163.62,5.84,147.83,1.17,1.0768,-1.68,-0.43,5.66,14.36,16.27,8.66,3.95,7.69,0.88,9.37,7.76,7.87,-4.64,14.73,4.68,2.66,15.05,2.69,12.02,13.83,2.02,9.55,11.39,2.79,8.86,1.14,3.49,488.54,40.41,13.55,11.65,9.98,10.49,6.35,3.31,4.24,3.45,10.28,3.65,24.97,8.455,8.33,5.35
2024-12-02,2.88,4.68,8.98,149.52,5.84,147.83,1.44,1.0768,-1.68,-0.43,5.66,14.36,16.27,8.72,3.95,7.69,0.88,9.37,7.76,7.87,-4.64,14.73,4.68,2.94,14.31,2.69,12.02,13.83,2.02,9.55,11.39,2.79,8.86,1.14,3.24,488.54,40.41,13.55,11.65,9.98,10.49,6.35,3.31,4.24,3.45,10.28,3.65,24.97,8.455,8.33,5.35
2024-12-03,2.88,4.68,8.98,149.52,5.84,147.83,1.44,1.0768,-1.68,-0.43,5.66,14.36,16.27,8.72,3.95,7.69,0.88,9.37,7.76,7.87,-4.64,14.73,4.68,2.94,14.31,2.69,12.02,13.83,2.02,9.55,11.39,2.79,8.86,1.14,3.24,488.54,40.41,13.55,11.65,9.98,10.49,6.35,3.31,4.24,3.45,10.28,3.65,24.97,8.455,8.33,5.35
2024-12-04,2.88,4.68,8.98,149.52,5.84,147.83,1.44,1.0768,-1.68,-0.43,5.66,14.36,16.27,8.72,3.95,7.69,0.88,9.37,7.76,7.87,-4.64,14.73,4.68,2.94,14.31,2.69,12.02,13.83,2.02,9.55,11.39,2.79,8.86,1.14,3.24,488.54,40.41,13.55,11.65,9.98,10.49,6.35,3.31,4.24,3.45,10.28,3.65,24.97,8.455,8.33,5.35
2024-12-05,2.88,4.68,8.98,149.52,5.84,147.83,1.44,1.0768,-1.68,-0.43,5.66,14.36,16.27,8.72,3.95,7.69,0.88,9.37,7.76,7.87,-4.64,14.73,4.68,2.94,14.31,2.69,12.02,13.83,2.02,9.55,11.39,2.79,8.86,1.14,3.24,488.54,40.41,13.55,11.65,9.98,10.49,6.35,3.31,4.24,3.45,10.28,3.65,24.97,8.455,8.33,5.35
2024-12-06,2.88,4.68,8.98,149.52,5.84,147.83,1.44,1.0768,-1.68,-0.43,5.66,14.36,16.27,8.72,3.95,7.69,0.88,9.37,7.76,7.87,-4.64,14.73,4.68,2.94,14.31,2.69,12.02,13.83,2.02,9.55,11.39,2.79,8.86,1.14,3.24,488.54,40.41,13.55,11.65,9.98,10.49,6.35,3.31,4.24,3.45,10.28,3.65,24.97,8.455,8.33,5.35
2024-12-09,2.88,4.68,8.98,149.52,5.84,147.83,1.44,1.0768,-1.68,-0.43,5.66,14.36,16.27,8.72,3.95,7.69,0.88,9.37,7.76,7.87,-4.64,14.73,4.68,2.94,14.31,2.69,12.02,13.83,2.02,9.55,11.39,2.79,8.86,1.14,3.24,488.54,40.41,13.55,11.65,9.98,10.49,6.35,3.31,4.24,3.45,10.28,3.65,24.97,8.455,8.33,5.35
2024-12-10,2.88,4.68,8.98,149.52,5.84,147.83,1.44,1.0768,-1.68,-0.43,5.66,14.36,16.27,8.72,3.95,7.69,0.88,9.37,7.76,7.87,-4.64,14.73,4.68,2.94,14.31,2.69,12.02,13.83,2.02,9.55,11.39,2.79,8.86,1.14,3.24,488.54,40.41,13.55,11.65,9.98,10.49,6.35,3.31,4.24,3.45,10.28,3.65,24.97,8.455,8.33,5.35
2024-12-11,2.88,4.68,8.98,149.52,5.84,147.83,1.44,1.0768,-1.68,-0.43,5.66,14.36,16.27,8.72,3.95,7.69,0.88,9.37,7.76,7.87,-4.64,14.73,4.68,2.94,14.31,2.69,12.02,13.83,2.02,9.55,11.39,2.79,8.86,1.14,3.24,488.54,40.41,13.55,11.65,9.98,10.49,6.35,3.31,4.24,3.45,10.28,3.65,24.97,8.455,8.33,5.35
2024-12-12,2.88,4.68,8.98,149.52,5.84,147.83,1.44,1.0768,-1.68,-0.43,5.66,14.36,16.27,8.72,3.95,7.69,0.88,9.37,7.76,7.87,-4.64,14.73,4.68,2.94,14.31,2.69,12.02,13.83,2.02,9.55,11.39,2.79,8.86,1.14,3.24,488.54,40.41,13.55,11.65,9.98,10.49,6.35,3.31,4.24,3.45,10.28,3.65,24.97,8.455,8.33,5.35
2024-12-13,2.88,4.68,8.98,149.52,5.84,147.83,1.44,1.0768,-1.68,-0.43,5.66,14.36,16.27,8.72,3.95,7.69,0.88,9.37,7.76,7.87,-4.64,14.73,4.68,2.94,14.31,2.69,12.02,13.83,2.02,9.55,11.39,2.79,8.86,1.14,3.24,488.54,40.41,13.55,11.65,9.98,10.49,6.35,3.31,4.24,3.45,10.28,3.65,24.97,8.455,8.33,5.35
2024-12-16,2.88,4.68,8.98,149.52,5.84,147.83,1.44,1.0768,-1.68,-0.43,5.66,14.36,16.27,8.72,3.95,7.69,0.88,9.37,7.76,7.87,-4.64,14.73,4.68,2.94,14.31,2.69,12.02,13.83,2.02,9.55,11.39,2.79,8.86,1.14,3.24,488.54,40.41,13.55,11.65,9.98,10.49,6.35,3.31,4.24,3.45,10.28,3.65,24.97,8.455,8.33,5.35
2024-12-17,2.88,4.68,8.98,149.52,5.84,147.83,1.44,1.0768,-1.68,-0.43,5.66,14.36,16.27,8.72,3.95,7.69,0.88,9.37,7.76,7.87,-4.64,14.73,4.68,2.94,14.31,2.69,12.02,13.83,2.02,9.55,11.39,2.79,8.86,1.14,3.24,488.54,40.41,13.55,11.65,9.98,10.49,6.35,3.31,4.24,3.45,10.28,3.65,24.97,8.455,8.33,5.35
2024-12-18,2.88,4.68,8.98,149.52,5.84,147.83,1.44,1.0768,-1.68,-0.43,5.66,14.36,16.27,8.72,3.95,7.69,0.88,9.37,7.76,7.87,-4.64,14.73,4.68,2.94,14.31,2.69,12.02,13.83,2.02,9.55,11.39,2.79,8.86,1.14,3.24,488.54,40.41,13.55,11.65,9.98,10.49,6.35,3.31,4.24,3.45,10.28,3.65,24.97,8.455,8.33,5.35
2024-12-19,2.88,4.68,8.98,149.52,5.84,147.83,1.44,1.0768,-1.68,-0.43,5.66,14.36,16.27,8.72,3.95,7.69,0.88,9.37,7.76,7.87,-4.64,14.73,4.68,2.94,14.31,2.69,12.02,13.83,2.02,9.55,11.39,2.79,8.86,1.14,3.24,488.54,40.41,13.55,11.65,9.98,10.49,6.35,3.31,4.24,3.45,10.28,3.65,24.97,8.455,8.33,5.35
2024-12-20,2.88,4.68,8.98,149.52,5.84,147.83,1.44,1.0768,-1.68,-0.43,5.66,14.36,16.27,8.72,3.95,7.69,0.88,9.37,7.76,7.87,-4.64,14.73,4.68,2.94,14.31,2.69,12.02,13.83,2.02,9.55,11.39,2.79,8.86,1.14,3.24,488.54,40.41,13.55,11.65,9.98,10.49,6.35,3.31,4.24,3.45,10.28,3.65,24.97,8.455,8.33,5.35
2024-12-23,2.88,4.68,8.98,149.52,5.84,147.83,1.44,1.0768,-1.68,-0.43,5.66,14.36,16.27,8.72,3.95,7.69,0.88,9.37,7.76,7.87,-4.64,14.73,4.68,2.94,14.31,2.69,12.02,13.83,2.02,9.55,11.39,2.79,8.86,1.14,3.24,488.54,40.41,13.55,11.65,9.98,10.49,6.35,3.31,4.24,3.45,10.28,3.65,24.97,8.455,8.33,5.35
2024-12-24,2.88,4.68,8.98,149.52,5.84,147.83,1.44,1.0768,-1.68,-0.43,5.66,14.36,16.27,8.72,3.95,7.69,0.88,9.37,7.76,7.87,-4.64,14.73,4.68,2.94,14.31,2.69,12.02,13.83,2.02,9.55,11.39,2.79,8.86,1.14,3.24,488.54,40.41,13.55,11.65,9.98,10.49,6.35,3.31,4.24,3.45,10.28,3.65,24.97,8.455,8.33,5.35
2024-12-26,2.88,4.68,8.98,149.52,5.84,147.83,1.44,1.0768,-1.68,-0.43,5.66,14.36,16.27,8.72,3.95,7.69,0.88,9.37,7.76,7.87,-4.64,14.73,4.68,2.94,14.31,2.69,12.02,13.83,2.02,9.55,11.39,2.79,8.86,1.14,3.24,488.54,40.41,13.55,11.65,9.98,10.49,6.35,3.31,4.24,3.45,10.28,3.65,24.97,8.455,8.33,5.35
2024-12-27,2.88,4.68,8.98,149.52,5.84,147.83,1.44,1.0768,-1.68,-0.43,5.66,14.36,16.27,8.72,3.95,7.69,0.88,9.37,7.76,7.87,-4.64,14.73,4.68,2.94,14.31,2.69,12.02,13.83,2.02,9.55,11.39,2.79,8.86,1.14,3.24,488.54,40.41,13.55,11.65,9.98,10.49,6.35,3.31,4.24,3.45,10.28,3.65,24.97,8.455,8.33,5.35
2024-12-30,2.88,4.68,8.98,149.52,5.84,147.83,1.44,1.0768,-1.68,-0.43,5.66,14.36,16.27,8.72,3.95,7.69,0.88,9.37,7.76,7.87,-4.64,14.73,4.68,2.94,14.31,2.69,12.02,13.83,2.02,9.55,11.39,2.79,8.86,1.14,3.24,488.54,40.41,13.55,11.65,9.98,10.49,6.35,3.31,4.24,3.45,10.28,3.65,24.97,8.455,8.33,5.35
2024-12-31,4.13,5.53,6.3100000000000005,149.52,5.84,172.69,1.44,14.229999999999999,-1.29,0.47000000000000003,6.16,14.13,16.69,8.72,3.94,8.95,1.46,9.37,6.47,7.3,2.75,14.73,6.14,2.94,14.31,2.63,12.02,13.83,2.2800000000000002,9.34,11.73,2.4,8.14,1.81,3.24,506.69,40.66,14.51,11.3,11.809999999999999,10.97,6.35,3.1,4.24,3.44,2.04,2.04,24.97,8.455,4.35,5.22
2025-01-02,4.13,5.53,6.3100000000000005,149.52,5.84,172.69,1.44,14.229999999999999,-1.29,0.47000000000000003,6.16,14.13,16.69,8.72,3.94,8.95,1.46,9.37,6.47,7.3,2.75,14.73,6.14,2.94,14.31,2.63,12.02,13.83,2.2800000000000002,9.34,11.73,2.4,8.14,1.81,3.24,506.69,40.66,14.51,11.3,11.809999999999999,10.97,6.35,3.1,4.24,3.44,2.04,2.04,24.97,8.455,4.35,5.22
2025-01-03,4.13,5.53,6.3100000000000005,149.52,5.84,172.69,1.44,14.229999999999999,-1.29,0.47000000000000003,6.16,14.13,16.69,8.72,3.94,8.95,1.46,9.37,6.47,7.3,2.75,14.73,6.14,2.94,14.31,2.63,12.02,13.83,2.2800000000000002,9.34,11.73,2.4,8.14,1.81,3.24,506.69,40.66,14.51,11.3,11.809999999999999,10.97,6.35,3.1,4.24,3.44,2.04,2.04,24.97,8.455,4.35,5.22
2025-01-06,4.13,5.53,6.3100000000000005,149.52,5.84,172.69,1.44,14.229999999999999,-1.29,0.47000000000000003,6.16,14.13,16.69,8.72,3.94,8.95,1.46,9.37,6.47,7.3,2.75,14.73,6.14,2.94,14.31,2.63,12.02,13.83,2.2800000000000002,9.34,11.73,2.4,8.14,1.81,3.24,506.69,40.66,14.51,11.3,11.809999999999999,10.97,6.35,3.1,4.24,3.44,2.04,2.04,24.97,8.455,4.35,5.22
2025-01-07,4.13,5.53,6.3100000000000005,149.52,5.84,172.69,1.44,14.229999999999999,-1.29,0.47000000000000003,6.16,14.13,16.69,8.72,3.94,8.95,1.46,9.37,6.47,7.3,2.75,14.73,6.14,2.94,14.31,2.63,12.02,13.83,2.2800000000000002,9.34,11.73,2.4,8.14,1.81,3.24,506.69,40.66,14.51,11.3,11.809999999999999,10.97,6.35,3.1,4.24,3.44,2.04,2.04,24.97,8.455,4.35,5.22
2025-01-08,4.13,5.53,6.3100000000000005,149.52,5.84,172.69,1.44,14.229999999999999,-1.29,0.47000000000000003,6.16,14.13,16.69,8.72,3.94,8.95,1.46,9.37,6.47,7.3,2.75,14.73,6.14,2.94,14.31,2.63,12.02,13.83,2.2800000000000002,9.34,11.73,2.4,8.14,1.81,3.24,506.69,40.66,14.51,11.3,11.809999999999999,10.97,6.35,3.1,4.24,3.44,2.04,2.04,24.97,8.455,4.35,5.22
2025-01-10,4.13,5.53,6.3100000000000005,149.52,5.84,172.69,1.44,14.229999999999999,-1.29,0.47000000000000003,6.16,14.13,16.69,8.72,3.94,8.95,1.46,9.37,6.47,7.3,2.75,14.73,6.14,2.94,14.31,2.63,12.02,13.83,2.2800000000000002,9.34,11.73,2.4,8.14,1.81,3.24,506.69,40.66,14.51,11.3,11.809999999999999,10.97,6.35,3.1,4.24,3.44,2.04,2.04,24.97,8.455,4.35,5.22
2025-01-13,4.13,5.53,6.3100000000000005,149.52,5.84,172.69,1.44,14.229999999999999,-1.29,0.47000000000000003,6.16,14.13,16.69,8.72,3.94,8.95,1.46,9.37,6.47,7.3,2.75,14.73,6.14,2.94,14.31,2.63,12.02,13.83,2.2800000000000002,9.34,11.73,2.4,8.14,1.81,3.24,506.69,40.66,14.51,11.3,11.809999999999999,10.97,6.35,3.1,4.24,3.44,2.04,2.04,24.97,8.455,4.35,5.22
2025-01-14,4.13,5.53,6.3100000000000005,149.52,5.84,172.69,1.44,14.229999999999999,-1.29,0.47000000000000003,6.16,14.13,16.69,8.72,3.94,8.95,1.46,9.37,6.47,7.3,2.75,14.73,6.14,2.94,14.31,2.63,12.02,13.83,2.2800000000000002,9.34,11.73,2.4,8.14,1.81,3.24,506.69,40.66,14.51,11.3,11.809999999999999,10.97,6.35,3.1,4.24,3.44,2.04,2.04,24.97,8.455,4.35,5.22
2025-01-15,4.13,5.53,6.3100000000000005,149.52,5.84,172.69,1.44,14.229999999999999,-1.29,0.47000000000000003,6.16,14.13,16.69,8.72,3.94,8.95,1.46,9.37,6.47,7.3,2.75,14.73,6.14,2.94,14.31,2.63,12.02,13.83,2.2800000000000002,9.34,11.73,2.4,8.14,1.81,3.24,506.69,40.66,14.51,11.3,11.809999999999999,10.97,6.35,3.1,4.24,3.44,2.04,2.04,24.97,8.455,4.35,5.22
2025-01-16,4.13,5.53,6.3100000000000005,149.52,5.84,172.69,1.44,14.229999999999999,-1.29,0.47000000000000003,6.16,14.13,16.69,8.72,3.94,8.95,1.46,9.37,6.47,7.3,2.75,14.73,6.14,2.94,14.31,2.63,12.02,13.83,2.2800000000000002,9.34,11.73,2.4,8.14,1.81,3.24,506.69,40.66,14.51,11.3,11.809999999999999,10.97,6.35,3.1,4.24,3.44,2.04,2.04,24.97,8.455,4.35,5.22
2025-01-17,4.13,5.53,6.3100000000000005,149.52,5.84,172.69,1.44,14.229999999999999,-1.29,0.47000000000000003,6.16,14.13,16.69,8.72,3.94,8.95,1.46,9.37,6.47,7.3,2.75,14.73,6.14,2.94,14.31,2.63,12.02,13.83,2.2800000000000002,9.34,11.73,2.4,8.14,1.81,3.24,506.69,40.66,14.51,11.3,11.809999999999999,10.97,6.35,3.1,4.24,3.44,2.04,2.04,24.97,8.455,4.35,5.22
2025-01-21,4.13,5.53,6.3100000000000005,149.52,5.84,172.69,1.44,14.229999999999999,-1.29,0.47000000000000003,6.16,14.13,16.69,8.72,3.94,8.95,1.46,9.37,6.47,7.3,2.75,14.73,6.14,2.94,14.31,2.63,12.02,13.83,2.2800000000000002,9.34,11.73,2.4,8.14,1.81,3.24,506.69,40.66,14.51,11.3,11.809999999999999,10.97,6.35,3.1,4.24,3.44,2.04,2.04,24.97,8.455,4.35,5.22
2025-01-22,4.13,5.53,6.3100000000000005,149.52,5.84,172.69,1.44,14.229999999999999,-1.29,0.47000000000000003,6.16,14.13,16.69,8.72,3.94,8.95,1.46,9.37,6.47,7.3,2.75,14.73,6.14,2.94,14.31,2.63,12.02,13.83,2.2800000000000002,9.34,11.73,2.4,8.14,1.81,3.24,506.69,40.66,14.51,11.3,11.809999999999999,10.97,6.35,3.1,4.24,3.44,2.04,2.04,24.97,8.455,4.35,5.22
2025-01-23,4.13,5.53,6.3100000000000005,149.52,5.84,172.69,1.44,14.229999999999999,-1.29,0.47000000000000003,6.16,14.13,16.69,8.72,3.94,8.95,1.46,9.37,6.47,7.3,2.75,14.73,6.14,2.94,14.31,2.63,12.02,13.83,2.2800000000000002,9.34,11.73,2.4,8.14,1.81,3.24,506.69,40.66,14.51,11.3,11.809999999999999,10.97,6.35,3.1,4.24,3.44,2.04,2.04,24.97,8.455,4.35,5.22
2025-01-24,4.13,5.53,6.3100000000000005,149.52,5.84,172.69,1.44,14.229999999999999,-1.29,0.47000000000000003,6.16,14.13,16.69,8.72,3.94,8.95,1.46,9.37,6.47,7.3,2.75,14.73,6.14,2.94,14.31,2.63,12.02,13.83,2.2800000000000002,9.34,11.73,2.4,8.14,1.81,3.24,506.69,40.66,14.51,11.3,11.809999999999999,10.97,6.35,3.1,4.24,3.44,2.04,2.04,24.97,8.455,4.35,5.22
2025-01-27,4.13,5.53,6.3100000000000005,149.52,5.84,172.69,1.44,14.229999999999999,-1.29,0.47000000000000003,6.16,14.13,16.69,8.72,3.94,8.95,1.46,9.37,6.47,7.3,2.75,14.73,6.14,2.94,14.31,2.63,12.02,13.83,2.2800000000000002,9.34,11.73,2.4,8.14,1.81,3.24,506.69,40.66,14.51,11.3,11.809999999999999,10.97,6.35,3.1,4.24,3.44,2.04,2.04,24.97,8.455,4.35,5.22
2025-01-28,4.13,5.53,6.3100000000000005,149.52,5.84,172.69,1.44,14.229999999999999,-1.29,0.47000000000000003,6.16,14.13,16.69,8.72,3.94,8.95,1.46,9.37,6.47,7.3,2.75,14.73,6.14,2.94,14.31,2.63,12.02,13.83,2.2800000000000002,9.34,11.73,2.4,8.14,1.81,3.24,506.69,40.66,14.51,11.3,11.809999999999999,10.97,6.35,3.1,4.24,3.44,2.04,2.04,24.97,8.455,4.35,5.22
2025-01-29,4.13,5.53,6.3100000000000005,149.52,5.84,172.69,1.44,14.229999999999999,-1.29,0.47000000000000003,6.16,14.13,16.69,8.72,3.94,8.95,1.46,9.37,6.47,7.3,2.75,14.73,6.14,2.94,14.31,2.63,12.02,13.83,2.2800000000000002,9.34,11.73,2.4,8.14,1.81,3.24,506.69,40.66,14.51,11.3,11.809999999999999,10.97,6.35,3.1,4.24,3.44,2.04,2.04,24.97,8.455,4.35,5.22
2025-01-30,4.13,5.53,6.3100000000000005,149.52,5.84,172.69,1.44,14.229999999999999,-1.29,0.47000000000000003,6.16,14.13,16.69,8.72,3.94,8.95,1.46,9.37,6.47,7.3,2.75,14.73,6.14,2.94,14.31,2.63,12.02,13.83,2.2800000000000002,9.34,11.73,2.4,8.14,1.81,3.24,506.69,40.66,14.51,11.3,11.809999999999999,10.97,6.35,3.1,4.24,3.44,2.04,2.04,24.97,8.455,4.35,5.22
2025-01-31,4.13,5.53,6.3100000000000005,149.52,4.28,172.69,1.44,14.229999999999999,-1.29,0.47000000000000003,6.16,14.13,16.69,8.72,3.94,8.95,1.46,9.37,6.47,7.3,2.75,14.91,6.14,2.94,14.31,2.63,12.23,14.64,2.2800000000000002,9.34,11.73,2.4,8.14,1.81,3.24,506.69,40.66,14.51,11.3,11.809999999999999,10.97,6.32,3.1,4.26,3.44,2.04,2.04,25.37,8.79,4.35,5.22
2025-02-03,4.13,5.53,6.3100000000000005,149.52,4.28,172.69,1.44,14.229999999999999,-1.29,0.47000000000000003,6.16,14.13,16.69,8.72,3.94,8.95,1.46,9.37,6.47,7.3,2.75,14.91,6.14,2.94,14.31,2.63,12.23,14.64,2.2800000000000002,9.34,11.73,2.4,8.14,1.81,3.24,506.69,40.66,14.51,11.3,11.809999999999999,10.97,6.32,3.1,4.26,3.44,2.04,2.04,25.37,8.79,4.35,5.22
2025-02-04,4.13,5.53,6.3100000000000005,149.52,4.28,172.69,1.44,14.229999999999999,-1.29,0.47000000000000003,6.16,14.13,16.69,8.72,3.94,8.95,1.46,9.37,6.47,7.3,2.75,14.91,6.14,2.94,14.31,2.63,12.23,14.64,2.2800000000000002,9.34,11.73,2.4,8.14,1.81,3.24,506.69,40.66,14.51,11.3,11.809999999999999,10.97,6.32,3.1,4.26,3.44,2.04,2.04,25.37,8.79,4.35,5.22
2025-02-05,4.13,5.53,6.3100000000000005,149.52,4.28,172.69,1.44,14.229999999999999,-1.29,0.47000000000000003,6.16,14.13,16.69,8.72,3.94,8.95,1.46,9.37,6.47,7.3,2.75,14.91,6.14,2.94,14.31,2.63,12.23,14.64,2.2800000000000002,9.34,11.73,2.4,8.14,1.81,3.24,506.69,40.66,14.51,11.3,11.809999999999999,10.97,6.32,3.1,4.26,3.44,2.04,2.04,25.37,8.79,4.35,5.22
2025-02-06,4.13,5.53,6.3100000000000005,149.52,4.28,172.69,1.44,14.229999999999999,-1.29,0.47000000000000003,6.16,14.13,16.69,8.72,3.94,8.95,1.46,9.37,6.47,7.3,2.75,14.91,6.14,2.94,14.31,2.63,12.23,14.64,2.2800000000000002,9.34,11.73,2.4,8.14,1.81,3.24,506.69,40.66,14.51,11.3,11.809999999999999,10.97,6.32,3.1,4.26,3.44,2.04,2.04,25.37,8.79,4.35,5.22
2025-02-07,4.13,5.53,6.3100000000000005,149.52,4.28,172.69,1.44,14.229999999999999,-1.29,0.47000000000000003,6.16,14.13,16.69,8.72,3.94,8.95,1.46,9.37,6.47,7.3,2.75,14.91,6.14,2.94,14.31,2.63,12.23,14.64,2.2800000000000002,9.34,11.73,2.4,8.14,1.81,3.24,506.69,40.66,14.51,11.3,11.809999999999999,10.97,6.32,3.1,4.26,3.44,2.04,2.04,25.37,8.79,4.35,5.22
2025-02-10,4.13,5.53,6.3100000000000005,149.52,4.28,172.69,1.44,14.229999999999999,-1.29,0.47000000000000003,6.16,14.13,16.69,8.72,3.94,8.95,1.46,9.37,6.47,7.3,2.75,14.91,6.14,2.94,14.31,2.63,12.23,14.64,2.2800000000000002,9.34,11.73,2.4,8.14,1.81,3.24,506.69,40.66,14.51,11.3,11.809999999999999,10.97,6.32,3.1,4.26,3.44,2.04,2.04,25.37,8.79,4.35,5.22
2025-02-11,4.13,5.53,6.3100000000000005,149.52,4.28,172.69,1.44,14.229999999999999,-1.29,0.47000000000000003,6.16,14.13,16.69,8.72,3.94,8.95,1.46,9.37,6.47,7.3,2.75,14.91,6.14,2.94,14.31,2.63,12.23,14.64,2.2800000000000002,9.34,11.73,2.4,8.14,1.81,3.24,506.69,40.66,14.51,11.3,11.809999999999999,10.97,6.32,3.1,4.26,3.44,2.04,2.04,25.37,8.79,4.35,5.22
2025-02-12,4.13,5.53,6.3100000000000005,149.52,4.28,172.69,1.44,14.229999999999999,-1.29,0.47000000000000003,6.16,14.13,16.69,8.72,3.94,8.95,1.46,9.37,6.47,7.3,2.75,14.91,6.14,2.94,14.31,2.63,12.23,14.64,2.2800000000000002,9.34,11.73,2.4,8.14,1.81,3.24,506.69,40.66,14.51,11.3,11.809999999999999,10.97,6.32,3.1,4.26,3.44,2.04,2.04,25.37,8.79,4.35,5.22
2025-02-13,4.13,5.53,6.3100000000000005,149.52,4.28,172.69,1.44,14.229999999999999,-1.29,0.47000000000000003,6.16,14.13,16.69,8.72,3.94,8.95,1.46,9.37,6.47,7.3,2.75,14.91,6.14,2.94,14.31,2.63,12.23,14.64,2.2800000000000002,9.34,11.73,2.4,8.14,1.81,3.24,506.69,40.66,14.51,11.3,11.809999999999999,10.97,6.32,3.1,4.26,3.44,2.04,2.04,25.37,8.79,4.35,5.22
2025-02-14,4.13,5.53,6.3100000000000005,149.52,4.28,172.69,1.44,14.229999999999999,-1.29,0.47000000000000003,6.16,14.13,16.69,8.72,3.94,8.95,1.46,9.37,6.47,7.3,2.75,14.91,6.14,2.94,14.31,2.63,12.23,14.64,2.2800000000000002,9.34,11.73,2.4,8.14,1.81,3.24,506.69,40.66,14.51,11.3,11.809999999999999,10.97,6.32,3.1,4.26,3.44,2.04,2.04,25.37,8.79,4.35,5.22
2025-02-18,4.13,5.53,6.3100000000000005,149.52,4.28,172.69,1.44,14.229999999999999,-1.29,0.47000000000000003,6.16,14.13,16.69,8.72,3.94,8.95,1.46,9.37,6.47,7.3,2.75,14.91,6.14,2.94,14.31,2.63,12.23,14.64,2.2800000000000002,9.34,11.73,2.4,8.14,1.81,3.24,506.69,40.66,14.51,11.3,11.809999999999999,10.97,6.32,3.1,4.26,3.44,2.04,2.04,25.37,8.79,4.35,5.22
2025-02-19,4.13,5.53,6.3100000000000005,149.52,4.28,172.69,1.44,14.229999999999999,-1.29,0.47000000000000003,6.16,14.13,16.69,8.72,3.94,8.95,1.46,9.37,6.47,7.3,2.75,14.91,6.14,2.94,14.31,2.63,12.23,14.64,2.2800000000000002,9.34,11.73,2.4,8.14,1.81,3.24,506.69,40.66,14.51,11.3,11.809999999999999,10.97,6.32,3.1,4.26,3.44,2.04,2.04,25.37,8.79,4.35,5.22
2025-02-20,4.13,5.53,6.3100000000000005,149.52,4.28,172.69,1.44,14.229999999999999,-1.29,0.47000000000000003,6.16,14.13,16.69,8.72,3.94,8.95,1.46,9.37,6.47,7.3,2.75,14.91,6.14,2.94,14.31,2.63,12.23,14.64,2.2800000000000002,9.34,11.73,2.4,8.14,1.81,3.24,506.69,40.66,14.51,11.3,11.809999999999999,10.97,6.32,3.1,4.26,3.44,2.04,2.04,25.37,8.79,4.35,5.22
2025-02-21,4.13,5.53,6.3100000000000005,149.52,4.28,172.69,1.44,14.229999999999999,-1.29,0.47000000000000003,6.16,14.13,16.69,8.72,3.94,8.95,1.46,9.37,6.47,7.3,2.75,14.91,6.14,2.94,14.31,2.63,12.23,14.64,2.2800000000000002,9.34,11.73,2.4,8.14,1.81,3.24,506.69,40.66,14.51,11.3,11.809999999999999,10.97,6.32,3.1,4.26,3.44,2.04,2.04,25.37,8.79,4.35,5.22
2025-02-24,4.13,5.53,6.3100000000000005,149.52,4.28,172.69,1.44,14.229999999999999,-1.29,0.47000000000000003,6.16,14.13,16.69,8.72,3.94,8.95,1.46,9.37,6.47,7.3,2.75,14.91,6.14,2.94,14.31,2.63,12.23,14.64,2.2800000000000002,9.34,11.73,2.4,8.14,1.81,3.24,506.69,40.66,14.51,11.3,11.809999999999999,10.97,6.32,3.1,4.26,3.44,2.04,2.04,25.37,8.79,4.35,5.22
2025-02-25,4.13,5.53,6.3100000000000005,149.52,4.28,172.69,1.44,14.229999999999999,-1.29,0.47000000000000003,6.16,14.13,16.69,8.72,3.94,8.95,1.46,9.37,6.47,7.3,2.75,14.91,6.14,2.94,14.31,2.63,12.23,14.64,2.2800000000000002,9.34,11.73,2.4,8.14,1.81,3.24,506.69,40.66,14.51,11.3,11.809999999999999,10.97,6.32,3.1,4.26,3.44,2.04,2.04,25.37,8.79,4.35,5.22
2025-02-26,4.13,5.53,6.3100000000000005,149.52,4.28,172.69,1.44,14.229999999999999,-1.29,0.47000000000000003,6.16,14.13,16.69,8.72,3.94,8.95,1.46,9.37,6.47,7.3,2.75,14.91,6.14,2.94,14.31,2.63,12.23,14.64,2.2800000000000002,9.34,11.73,2.4,8.14,1.81,3.24,506.69,40.66,14.51,11.3,11.809999999999999,10.97,6.32,3.1,4.26,3.44,2.04,2.04,25.37,8.79,4.35,5.22
2025-02-27,4.13,5.53,6.3100000000000005,149.52,4.28,172.69,1.44,14.229999999999999,-1.29,0.47000000000000003,6.16,14.13,16.69,8.72,3.94,8.95,1.46,9.37,6.47,7.3,2.75,14.91,6.14,2.94,14.31,2.63,12.23,14.64,2.2800000000000002,9.34,11.73,2.4,8.14,1.81,3.24,506.69,40.66,14.51,11.3,11.809999999999999,10.97,6.32,3.1,4.26,3.44,2.04,2.04,25.37,8.79,4.35,5.22
2025-02-28,4.13,5.53,6.3100000000000005,148.9,4.28,172.69,1.55,14.229999999999999,-1.29,0.47000000000000003,6.16,14.13,16.69,8.85,3.94,8.95,1.46,9.37,6.47,7.3,2.75,14.91,6.14,3.21,13.7,2.63,12.23,14.64,2.2800000000000002,9.34,11.73,2.4,8.14,1.81,3.01,506.69,40.66,14.51,11.3,11.809999999999999,10.97,6.32,3.1,4.26,3.44,2.04,2.04,25.37,8.79,4.35,5.22
2025-03-03,4.13,5.53,6.3100000000000005,148.9,4.28,172.69,1.55,14.229999999999999,-1.29,0.47000000000000003,6.16,14.13,16.69,8.85,3.94,8.95,1.46,9.37,6.47,7.3,2.75,14.91,6.14,3.21,13.7,2.63,12.23,14.64,2.2800000000000002,9.34,11.73,2.4,8.14,1.81,3.01,506.69,40.66,14.51,11.3,11.809999999999999,10.97,6.32,3.1,4.26,3.44,2.04,2.04,25.37,8.79,4.35,5.22
2025-03-04,4.13,5.53,6.3100000000000005,148.9,4.28,172.69,1.55,14.229999999999999,-1.29,0.47000000000000003,6.16,14.13,16.69,8.85,3.94,8.95,1.46,9.37,6.47,7.3,2.75,14.91,6.14,3.21,13.7,2.63,12.23,14.64,2.2800000000000002,9.34,11.73,2.4,8.14,1.81,3.01,506.69,40.66,14.51,11.3,11.809999999999999,10.97,6.32,3.1,4.26,3.44,2.04,2.04,25.37,8.79,4.35,5.22
2025-03-05,4.13,5.53,6.3100000000000005,148.9,4.28,172.69,1.55,14.229999999999999,-1.29,0.47000000000000003,6.16,14.13,16.69,8.85,3.94,8.95,1.46,9.37,6.47,7.3,2.75,14.91,6.14,3.21,13.7,2.63,12.23,14.64,2.2800000000000002,9.34,11.73,2.4,8.14,1.81,3.01,506.69,40.66,14.51,11.3,11.809999999999999,10.97,6.32,3.1,4.26,3.44,2.04,2.04,25.37,8.79,4.35,5.22
2025-03-06,4.13,5.53,6.3100000000000005,148.9,4.28,172.69,1.55,14.229999999999999,-1.29,0.47000000000000003,6.16,14.13,16.69,8.85,3.94,8.95,1.46,9.37,6.47,7.3,2.75,14.91,6.14,3.21,13.7,2.63,12.23,14.64,2.2800000000000002,9.34,11.73,2.4,8.14,1.81,3.01,506.69,40.66,14.51,11.3,11.809999999999999,10.97,6.32,3.1,4.26,3.44,2.04,2.04,25.37,8.79,4.35,5.22
2025-03-07,4.13,5.53,6.3100000000000005,148.9,4.28,172.69,1.55,14.229999999999999,-1.29,0.47000000000000003,6.16,14.13,16.69,8.85,3.94,8.95,1.46,9.37,6.47,7.3,2.75,14.91,6.14,3.21,13.7,2.63,12.23,14.64,2.2800000000000002,9.34,11.73,2.4,8.14,1.81,3.01,506.69,40.66,14.51,11.3,11.809999999999999,10.97,6.32,3.1,4.26,3.44,2.04,2.04,25.37,8.79,4.35,5.22
2025-03-10,4.13,5.53,6.3100000000000005,148.9,4.28,172.69,1.55,14.229999999999999,-1.29,0.47000000000000003,6.16,14.13,16.69,8.85,3.94,8.95,1.46,9.37,6.47,7.3,2.75,14.91,6.14,3.21,13.7,2.63,12.23,14.64,2.2800000000000002,9.34,11.73,2.4,8.14,1.81,3.01,506.69,40.66,14.51,11.3,11.809999999999999,10.97,6.32,3.1,4.26,3.44,2.04,2.04,25.37,8.79,4.35,5.22
2025-03-11,4.13,5.53,6.3100000000000005,148.9,4.28,172.69,1.55,14.229999999999999,-1.29,0.47000000000000003,6.16,14.13,16.69,8.85,3.94,8.95,1.46,9.37,6.47,7.3,2.75,14.91,6.14,3.21,13.7,2.63,12.23,14.64,2.2800000000000002,9.34,11.73,2.4,8.14,1.81,3.01,506.69,40.66,14.51,11.3,11.809999999999999,10.97,6.32,3.1,4.26,3.44,2.04,2.04,25.37,8.79,4.35,5.22
2025-03-12,4.13,5.53,6.3100000000000005,148.9,4.28,172.69,1.55,14.229999999999999,-1.29,0.47000000000000003,6.16,14.13,16.69,8.85,3.94,8.95,1.46,9.37,6.47,7.3,2.75,14.91,6.14,3.21,13.7,2.63,12.23,14.64,2.2800000000000002,9.34,11.73,2.4,8.14,1.81,3.01,506.69,40.66,14.51,11.3,11.809999999999999,10.97,6.32,3.1,4.26,3.44,2.04,2.04,25.37,8.79,4.35,5.22
2025-03-13,4.13,5.53,6.3100000000000005,148.9,4.28,172.69,1.55,14.229999999999999,-1.29,0.47000000000000003,6.16,14.13,16.69,8.85,3.94,8.95,1.46,9.37,6.47,7.3,2.75,14.91,6.14,3.21,13.7,2.63,12.23,14.64,2.2800000000000002,9.34,11.73,2.4,8.14,1.81,3.01,506.69,40.66,14.51,11.3,11.809999999999999,10.97,6.32,3.1,4.26,3.44,2.04,2.04,25.37,8.79,4.35,5.22
2025-03-14,4.13,5.53,6.3100000000000005,148.9,4.28,172.69,1.55,14.229999999999999,-1.29,0.47000000000000003,6.16,14.13,16.69,8.85,3.94,8.95,1.46,9.37,6.47,7.3,2.75,14.91,6.14,3.21,13.7,2.63,12.23,14.64,2.2800000000000002,9.34,11.73,2.4,8.14,1.81,3.01,506.69,40.66,14.51,11.3,11.809999999999999,10.97,6.32,3.1,4.26,3.44,2.04,2.04,25.37,8.79,4.35,5.22
2025-03-17,4.13,5.53,6.3100000000000005,148.9,4.28,172.69,1.55,14.229999999999999,-1.29,0.47000000000000003,6.16,14.13,16.69,8.85,3.94,8.95,1.46,9.37,6.47,7.3,2.75,14.91,6.14,3.21,13.7,2.63,12.23,14.64,2.2800000000000002,9.34,11.73,2.4,8.14,1.81,3.01,506.69,40.66,14.51,11.3,11.809999999999999,10.97,6.32,3.1,4.26,3.44,2.04,2.04,25.37,8.79,4.35,5.22
2025-03-18,4.13,5.53,6.3100000000000005,148.9,4.28,172.69,1.55,14.229999999999999,-1.29,0.47000000000000003,6.16,14.13,16.69,8.85,3.94,8.95,1.46,9.37,6.47,7.3,2.75,14.91,6.14,3.21,13.7,2.63,12.23,14.64,2.2800000000000002,9.34,11.73,2.4,8.14,1.81,3.01,506.69,40.66,14.51,11.3,11.809999999999999,10.97,6.32,3.1,4.26,3.44,2.04,2.04,25.37,8.79,4.35,5.22
2025-03-19,4.13,5.53,6.3100000000000005,148.9,4.28,172.69,1.55,14.229999999999999,-1.29,0.47000000000000003,6.16,14.13,16.69,8.85,3.94,8.95,1.46,9.37,6.47,7.3,2.75,14.91,6.14,3.21,13.7,2.63,12.23,14.64,2.2800000000000002,9.34,11.73,2.4,8.14,1.81,3.01,506.69,40.66,14.51,11.3,11.809999999999999,10.97,6.32,3.1,4.26,3.44,2.04,2.04,25.37,8.79,4.35,5.22
2025-03-20,4.13,5.53,6.3100000000000005,148.9,4.28,172.69,1.55,14.229999999999999,-1.29,0.47000000000000003,6.16,14.13,16.69,8.85,3.94,8.95,1.46,9.37,6.47,7.3,2.75,14.91,6.14,3.21,13.7,2.63,12.23,14.64,2.2800000000000002,9.34,11.73,2.4,8.14,1.81,3.01,506.69,40.66,14.51,11.3,11.809999999999999,10.97,6.32,3.1,4.26,3.44,2.04,2.04,25.37,8.79,4.35,5.22
2025-03-21,4.13,5.53,6.3100000000000005,148.9,4.28,172.69,1.55,14.229999999999999,-1.29,0.47000000000000003,6.16,14.13,16.69,8.85,3.94,8.95,1.46,9.37,6.47,7.3,2.75,14.91,6.14,3.21,13.7,2.63,12.23,14.64,2.2800000000000002,9.34,11.73,2.4,8.14,1.81,3.01,506.69,40.66,14.51,11.3,11.809999999999999,10.97,6.32,3.1,4.26,3.44,2.04,2.04,25.37,8.79,4.35,5.22
2025-03-24,4.13,5.53,6.3100000000000005,148.9,4.28,172.69,1.55,14.229999999999999,-1.29,0.47000000000000003,6.16,14.13,16.69,8.85,3.94,8.95,1.46,9.37,6.47,7.3,2.75,14.91,6.14,3.21,13.7,2.63,12.23,14.64,2.2800000000000002,9.34,11.73,2.4,8.14,1.81,3.01,506.69,40.66,14.51,11.3,11.809999999999999,10.97,6.32,3.1,4.26,3.44,2.04,2.04,25.37,8.79,4.35,5.22
2025-03-25,4.13,5.53,6.3100000000000005,148.9,4.28,172.69,1.55,14.229999999999999,-1.29,0.47000000000000003,6.16,14.13,16.69,8.85,3.94,8.95,1.46,9.37,6.47,7.3,2.75,14.91,6.14,3.21,13.7,2.63,12.23,14.64,2.2800000000000002,9.34,11.73,2.4,8.14,1.81,3.01,506.69,40.66,14.51,11.3,11.809999999999999,10.97,6.32,3.1,4.26,3.44,2.04,2.04,25.37,8.79,4.35,5.22
2025-03-26,4.13,5.53,6.3100000000000005,148.9,4.28,172.69,1.55,14.229999999999999,-1.29,0.47000000000000003,6.16,14.13,16.69,8.85,3.94,8.95,1.46,9.37,6.47,7.3,2.75,14.91,6.14,3.21,13.7,2.63,12.23,14.64,2.2800000000000002,9.34,11.73,2.4,8.14,1.81,3.01,506.69,40.66,14.51,11.3,11.809999999999999,10.97,6.32,3.1,4.26,3.44,2.04,2.04,25.37,8.79,4.35,5.22
2025-03-27,4.13,5.53,6.3100000000000005,148.9,4.28,172.69,1.55,14.229999999999999,-1.29,0.47000000000000003,6.16,14.13,16.69,8.85,3.94,8.95,1.46,9.37,6.47,7.3,2.75,14.91,6.14,3.21,13.7,2.63,12.23,14.64,2.2800000000000002,9.34,11.73,2.4,8.14,1.81,3.01,506.69,40.66,14.51,11.3,11.809999999999999,10.97,6.32,3.1,4.26,3.44,2.04,2.04,25.37,8.79,4.35,5.22
2025-03-28,4.13,5.53,6.3100000000000005,148.9,4.28,172.69,1.55,14.229999999999999,-1.29,0.47000000000000003,6.16,14.13,16.69,8.85,3.94,8.95,1.46,9.37,6.47,7.3,2.75,14.91,6.14,3.21,13.7,2.63,12.23,14.64,2.2800000000000002,9.34,11.73,2.4,8.14,1.81,3.01,506.69,40.66,14.51,11.3,11.809999999999999,10.97,6.32,3.1,4.26,3.44,2.04,2.04,25.37,8.79,4.35,5.22
2025-03-31,3.94,6.14,6.12,148.9,4.28,127.468,1.55,1.13,-0.55,0.79,6.33,13.19,17.44,8.85,4.15,8.38,1.25,7.16,6.09,7.59,3.03,14.91,6.33,3.21,13.7,2.69,12.23,14.64,1.79,8.79,11.33,2.36,7.65,1.76,3.01,485.11,40.81,14.16,10.68,12.29,12.09,6.32,2.75,4.26,3.8,2.01,1.75,25.37,8.79,3.74,5.02
2025-04-01,3.94,6.14,6.12,148.9,4.28,127.468,1.55,1.13,-0.55,0.79,6.33,13.19,17.44,8.85,4.15,8.38,1.25,7.16,6.09,7.59,3.03,14.91,6.33,3.21,13.7,2.69,12.23,14.64,1.79,8.79,11.33,2.36,7.65,1.76,3.01,485.11,40.81,14.16,10.68,12.29,12.09,6.32,2.75,4.26,3.8,2.01,1.75,25.37,8.79,3.74,5.02
2025-04-02,3.94,6.14,6.12,148.9,4.28,127.468,1.55,1.13,-0.55,0.79,6.33,13.19,17.44,8.85,4.15,8.38,1.25,7.16,6.09,7.59,3.03,14.91,6.33,3.21,13.7,2.69,12.23,14.64,1.79,8.79,11.33,2.36,7.65,1.76,3.01,485.11,40.81,14.16,10.68,12.29,12.09,6.32,2.75,4.26,3.8,2.01,1.75,25.37,8.79,3.74,5.02
2025-04-03,3.94,6.14,6.12,148.9,4.28,127.468,1.55,1.13,-0.55,0.79,6.33,13.19,17.44,8.85,4.15,8.38,1.25,7.16,6.09,7.59,3.03,14.91,6.33,3.21,13.7,2.69,12.23,14.64,1.79,8.79,11.33,2.36,7.65,1.76,3.01,485.11,40.81,14.16,10.68,12.29,12.09,6.32,2.75,4.26,3.8,2.01,1.75,25.37,8.79,3.74,5.02
2025-04-04,3.94,6.14,6.12,148.9,4.28,127.468,1.55,1.13,-0.55,0.79,6.33,13.19,17.44,8.85,4.15,8.38,1.25,7.16,6.09,7.59,3.03,14.91,6.33,3.21,13.7,2.69,12.23,14.64,1.79,8.79,11.33,2.36,7.65,1.76,3.01,485.11,40.81,14.16,10.68,12.29,12.09,6.32,2.75,4.26,3.8,2.01,1.75,25.37,8.79,3.74,5.02
2025-04-07,3.94,6.14,6.12,148.9,4.28,127.468,1.55,1.13,-0.55,0.79,6.33,13.19,17.44,8.85,4.15,8.38,1.25,7.16,6.09,7.59,3.03,14.91,6.33,3.21,13.7,2.69,12.23,14.64,1.79,8.79,11.33,2.36,7.65,1.76,3.01,485.11,40.81,14.16,10.68,12.29,12.09,6.32,2.75,4.26,3.8,2.01,1.75,25.37,8.79,3.74,5.02
2025-04-08,3.94,6.14,6.12,148.9,4.28,127.468,1.55,1.13,-0.55,0.79,6.33,13.19,17.44,8.85,4.15,8.38,1.25,7.16,6.09,7.59,3.03,14.91,6.33,3.21,13.7,2.69,12.23,14.64,1.79,8.79,11.33,2.36,7.65,1.76,3.01,485.11,40.81,14.16,10.68,12.29,12.09,6.32,2.75,4.26,3.8,2.01,1.75,25.37,8.79,3.74,5.02
2025-04-09,3.94,6.14,6.12,148.9,4.28,127.468,1.55,1.13,-0.55,0.79,6.33,13.19,17.44,8.85,4.15,8.38,1.25,7.16,6.09,7.59,3.03,14.91,6.33,3.21,13.7,2.69,12.23,14.64,1.79,8.79,11.33,2.36,7.65,1.76,3.01,485.11,40.81,14.16,10.68,12.29,12.09,6.32,2.75,4.26,3.8,2.01,1.75,25.37,8.79,3.74,5.02
2025-04-10,3.94,6.14,6.12,148.9,4.28,127.468,1.55,1.13,-0.55,0.79,6.33,13.19,17.44,8.85,4.15,8.38,1.25,7.16,6.09,7.59,3.03,14.91,6.33,3.21,13.7,2.69,12.23,14.64,1.79,8.79,11.33,2.36,7.65,1.76,3.01,485.11,40.81,14.16,10.68,12.29,12.09,6.32,2.75,4.26,3.8,2.01,1.75,25.37,8.79,3.74,5.02
2025-04-11,3.94,6.14,6.12,148.9,4.28,127.468,1.55,1.13,-0.55,0.79,6.33,13.19,17.44,8.85,4.15,8.38,1.25,7.16,6.09,7.59,3.03,14.91,6.33,3.21,13.7,2.69,12.23,14.64,1.79,8.79,11.33,2.36,7.65,1.76,3.01,485.11,40.81,14.16,10.68,12.29,12.09,6.32,2.75,4.26,3.8,2.01,1.75,25.37,8.79,3.74,5.02
2025-04-14,3.94,6.14,6.12,148.9,4.28,127.468,1.55,1.13,-0.55,0.79,6.33,13.19,17.44,8.85,4.15,8.38,1.25,7.16,6.09,7.59,3.03,14.91,6.33,3.21,13.7,2.69,12.23,14.64,1.79,8.79,11.33,2.36,7.65,1.76,3.01,485.11,40.81,14.16,10.68,12.29,12.09,6.32,2.75,4.26,3.8,2.01,1.75,25.37,8.79,3.74,5.02
2025-04-15,3.94,6.14,6.12,148.9,4.28,127.468,1.55,1.13,-0.55,0.79,6.33,13.19,17.44,8.85,4.15,8.38,1.25,7.16,6.09,7.59,3.03,14.91,6.33,3.21,13.7,2.69,12.23,14.64,1.79,8.79,11.33,2.36,7.65,1.76,3.01,485.11,40.81,14.16,10.68,12.29,12.09,6.32,2.75,4.26,3.8,2.01,1.75,25.37,8.79,3.74,5.02
2025-04-16,3.94,6.14,6.12,148.9,4.28,127.468,1.55,1.13,-0.55,0.79,6.33,13.19,17.44,8.85,4.15,8.38,1.25,7.16,6.09,7.59,3.03,14.91,6.33,3.21,13.7,2.69,12.23,14.64,1.79,8.79,11.33,2.36,7.65,1.76,3.01,485.11,40.81,14.16,10.68,12.29,12.09,6.32,2.75,4.26,3.8,2.01,1.75,25.37,8.79,3.74,5.02
2025-04-17,3.94,6.14,6.12,148.9,4.28,127.468,1.55,1.13,-0.55,0.79,6.33,13.19,17.44,8.85,4.15,8.38,1.25,7.16,6.09,7.59,3.03,14.91,6.33,3.21,13.7,2.69,12.23,14.64,1.79,8.79,11.33,2.36,7.65,1.76,3.01,485.11,40.81,14.16,10.68,12.29,12.09,6.32,2.75,4.26,3.8,2.01,1.75,25.37,8.79,3.74,5.02
2025-04-21,3.94,6.14,6.12,148.9,4.28,127.468,1.55,1.13,-0.55,0.79,6.33,13.19,17.44,8.85,4.15,8.38,1.25,7.16,6.09,7.59,3.03,14.91,6.33,3.21,13.7,2.69,12.23,14.64,1.79,8.79,11.33,2.36,7.65,1.76,3.01,485.11,40.81,14.16,10.68,12.29,12.09,6.32,2.75,4.26,3.8,2.01,1.75,25.37,8.79,3.74,5.02
2025-04-22,3.94,6.14,6.12,148.9,4.28,127.468,1.55,1.13,-0.55,0.79,6.33,13.19,17.44,8.85,4.15,8.38,1.25,7.16,6.09,7.59,3.03,14.91,6.33,3.21,13.7,2.69,12.23,14.64,1.79,8.79,11.33,2.36,7.65,1.76,3.01,485.11,40.81,14.16,10.68,12.29,12.09,6.32,2.75,4.26,3.8,2.01,1.75,25.37,8.79,3.74,5.02
2025-04-23,3.94,6.14,6.12,148.9,4.28,127.468,1.55,1.13,-0.55,0.79,6.33,13.19,17.44,8.85,4.15,8.38,1.25,7.16,6.09,7.59,3.03,14.91,6.33,3.21,13.7,2.69,12.23,14.64,1.79,8.79,11.33,2.36,7.65,1.76,3.01,485.11,40.81,14.16,10.68,12.29,12.09,6.32,2.75,4.26,3.8,2.01,1.75,25.37,8.79,3.74,5.02
2025-04-24,3.94,6.14,6.12,148.9,4.28,127.468,1.55,1.13,-0.55,0.79,6.33,13.19,17.44,8.85,4.15,8.38,1.25,7.16,6.09,7.59,3.03,14.91,6.33,3.21,13.7,2.69,12.23,14.64,1.79,8.79,11.33,2.36,7.65,1.76,3.01,485.11,40.81,14.16,10.68,12.29,12.09,6.32,2.75,4.26,3.8,2.01,1.75,25.37,8.79,3.74,5.02
2025-04-25,3.94,6.14,6.12,148.9,4.28,127.468,1.55,1.13,-0.55,0.79,6.33,13.19,17.44,8.85,4.15,8.38,1.25,7.16,6.09,7.59,3.03,14.91,6.33,3.21,13.7,2.69,12.23,14.64,1.79,8.79,11.33,2.36,7.65,1.76,3.01,485.11,40.81,14.16,10.68,12.29,12.09,6.32,2.75,4.26,3.8,2.01,1.75,25.37,8.79,3.74,5.02
2025-04-28,3.94,6.14,6.12,148.9,4.28,127.468,1.55,1.13,-0.55,0.79,6.33,13.19,17.44,8.85,4.15,8.38,1.25,7.16,6.09,7.59,3.03,14.91,6.33,3.21,13.7,2.69,12.23,14.64,1.79,8.79,11.33,2.36,7.65,1.76,3.01,485.11,40.81,14.16,10.68,12.29,12.09,6.32,2.75,4.26,3.8,2.01,1.75,25.37,8.79,3.74,5.02
2025-04-29,3.94,6.14,6.12,148.9,4.28,127.468,1.55,1.13,-0.55,0.79,6.33,13.19,17.44,8.85,4.15,8.38,1.25,7.16,6.09,7.59,3.03,14.91,6.33,3.21,13.7,2.69,12.23,14.64,1.79,8.79,11.33,2.36,7.65,1.76,3.01,485.11,40.81,14.16,10.68,12.29,12.09,6.32,2.75,4.26,3.8,2.01,1.75,25.37,8.79,3.74,5.02
2025-04-30,3.94,6.14,6.12,148.9,4.1,127.468,1.55,1.13,-0.55,0.79,6.33,13.19,17.44,8.85,4.15,8.38,1.25,7.16,6.09,7.59,3.03,14.73,6.33,3.21,13.7,2.69,12.09,14.7,1.79,8.79,11.33,2.36,7.65,1.76,3.01,485.11,40.81,14.16,10.68,12.29,12.09,6.33,2.75,4.25,3.8,2.01,1.75,25.57,8.65,3.74,5.02
2025-05-01,3.94,6.14,6.12,148.9,4.1,127.468,1.55,1.13,-0.55,0.79,6.33,13.19,17.44,8.85,4.15,8.38,1.25,7.16,6.09,7.59,3.03,14.73,6.33,3.21,13.7,2.69,12.09,14.7,1.79,8.79,11.33,2.36,7.65,1.76,3.01,485.11,40.81,14.16,10.68,12.29,12.09,6.33,2.75,4.25,3.8,2.01,1.75,25.57,8.65,3.74,5.02
2025-05-02,3.94,6.14,6.12,148.9,4.1,127.468,1.55,1.13,-0.55,0.79,6.33,13.19,17.44,8.85,4.15,8.38,1.25,7.16,6.09,7.59,3.03,14.73,6.33,3.21,13.7,2.69,12.09,14.7,1.79,8.79,11.33,2.36,7.65,1.76,3.01,485.11,40.81,14.16,10.68,12.29,12.09,6.33,2.75,4.25,3.8,2.01,1.75,25.57,8.65,3.74,5.02
2025-05-05,3.94,6.14,6.12,148.9,4.1,127.468,1.55,1.13,-0.55,0.79,6.33,13.19,17.44,8.85,4.15,8.38,1.25,7.16,6.09,7.59,3.03,14.73,6.33,3.21,13.7,2.69,12.09,14.7,1.79,8.79,11.33,2.36,7.65,1.76,3.01,485.11,40.81,14.16,10.68,12.29,12.09,6.33,2.75,4.25,3.8,2.01,1.75,25.57,8.65,3.74,5.02
2025-05-06,3.94,6.14,6.12,148.9,4.1,127.468,1.55,1.13,-0.55,0.79,6.33,13.19,17.44,8.85,4.15,8.38,1.25,7.16,6.09,7.59,3.03,14.73,6.33,3.21,13.7,2.69,12.09,14.7,1.79,8.79,11.33,2.36,7.65,1.76,3.01,485.11,40.81,14.16,10.68,12.29,12.09,6.33,2.75,4.25,3.8,2.01,1.75,25.57,8.65,3.74,5.02
2025-05-07,3.94,6.14,6.12,148.9,4.1,127.468,1.55,1.13,-0.55,0.79,6.33,13.19,17.44,8.85,4.15,8.38,1.25,7.16,6.09,7.59,3.03,14.73,6.33,3.21,13.7,2.69,12.09,14.7,1.79,8.79,11.33,2.36,7.65,1.76,3.01,485.11,40.81,14.16,10.68,12.29,12.09,6.33,2.75,4.25,3.8,2.01,1.75,25.57,8.65,3.74,5.02
2025-05-08,3.94,6.14,6.12,148.9,4.1,127.468,1.55,1.13,-0.55,0.79,6.33,13.19,17.44,8.85,4.15,8.38,1.25,7.16,6.09,7.59,3.03,14.73,6.33,3.21,13.7,2.69,12.09,14.7,1.79,8.79,11.33,2.36,7.65,1.76,3.01,485.11,40.81,14.16,10.68,12.29,12.09,6.33,2.75,4.25,3.8,2.01,1.75,25.57,8.65,3.74,5.02
2025-05-09,3.94,6.14,6.12,148.9,4.1,127.468,1.55,1.13,-0.55,0.79,6.33,13.19,17.44,8.85,4.15,8.38,1.25,7.16,6.09,7.59,3.03,14.73,6.33,3.21,13.7,2.69,12.09,14.7,1.79,8.79,11.33,2.36,7.65,1.76,3.01,485.11,40.81,14.16,10.68,12.29,12.09,6.33,2.75,4.25,3.8,2.01,1.75,25.57,8.65,3.74,5.02
2025-05-12,3.94,6.14,6.12,148.9,4.1,127.468,1.55,1.13,-0.55,0.79,6.33,13.19,17.44,8.85,4.15,8.38,1.25,7.16,6.09,7.59,3.03,14.73,6.33,3.21,13.7,2.69,12.09,14.7,1.79,8.79,11.33,2.36,7.65,1.76,3.01,485.11,40.81,14.16,10.68,12.29,12.09,6.33,2.75,4.25,3.8,2.01,1.75,25.57,8.65,3.74,5.02
2025-05-13,3.94,6.14,6.12,148.9,4.1,127.468,1.55,1.13,-0.55,0.79,6.33,13.19,17.44,8.85,4.15,8.38,1.25,7.16,6.09,7.59,3.03,14.73,6.33,3.21,13.7,2.69,12.09,14.7,1.79,8.79,11.33,2.36,7.65,1.76,3.01,485.11,40.81,14.16,10.68,12.29,12.09,6.33,2.75,4.25,3.8,2.01,1.75,25.57,8.65,3.74,5.02
2025-05-14,3.94,6.14,6.12,148.9,4.1,127.468,1.55,1.13,-0.55,0.79,6.33,13.19,17.44,8.85,4.15,8.38,1.25,7.16,6.09,7.59,3.03,14.73,6.33,3.21,13.7,2.69,12.09,14.7,1.79,8.79,11.33,2.36,7.65,1.76,3.01,485.11,40.81,14.16,10.68,12.29,12.09,6.33,2.75,4.25,3.8,2.01,1.75,25.57,8.65,3.74,5.02
2025-05-15,3.94,6.14,6.12,148.9,4.1,127.468,1.55,1.13,-0.55,0.79,6.33,13.19,17.44,8.85,4.15,8.38,1.25,7.16,6.09,7.59,3.03,14.73,6.33,3.21,13.7,2.69,12.09,14.7,1.79,8.79,11.33,2.36,7.65,1.76,3.01,485.11,40.81,14.16,10.68,12.29,12.09,6.33,2.75,4.25,3.8,2.01,1.75,25.57,8.65,3.74,5.02
2025-05-16,3.94,6.14,6.12,148.9,4.1,127.468,1.55,1.13,-0.55,0.79,6.33,13.19,17.44,8.85,4.15,8.38,1.25,7.16,6.09,7.59,3.03,14.73,6.33,3.21,13.7,2.69,12.09,14.7,1.79,8.79,11.33,2.36,7.65,1.76,3.01,485.11,40.81,14.16,10.68,12.29,12.09,6.33,2.75,4.25,3.8,2.01,1.75,25.57,8.65,3.74,5.02
2025-05-19,3.94,6.14,6.12,148.9,4.1,127.468,1.55,1.13,-0.55,0.79,6.33,13.19,17.44,8.85,4.15,8.38,1.25,7.16,6.09,7.59,3.03,14.73,6.33,3.21,13.7,2.69,12.09,14.7,1.79,8.79,11.33,2.36,7.65,1.76,3.01,485.11,40.81,14.16,10.68,12.29,12.09,6.33,2.75,4.25,3.8,2.01,1.75,25.57,8.65,3.74,5.02
2025-05-20,3.94,6.14,6.12,148.9,4.1,127.468,1.55,1.13,-0.55,0.79,6.33,13.19,17.44,8.85,4.15,8.38,1.25,7.16,6.09,7.59,3.03,14.73,6.33,3.21,13.7,2.69,12.09,14.7,1.79,8.79,11.33,2.36,7.65,1.76,3.01,485.11,40.81,14.16,10.68,12.29,12.09,6.33,2.75,4.25,3.8,2.01,1.75,25.57,8.65,3.74,5.02
2025-05-21,3.94,6.14,6.12,148.9,4.1,127.468,1.55,1.13,-0.55,0.79,6.33,13.19,17.44,8.85,4.15,8.38,1.25,7.16,6.09,7.59,3.03,14.73,6.33,3.21,13.7,2.69,12.09,14.7,1.79,8.79,11.33,2.36,7.65,1.76,3.01,485.11,40.81,14.16,10.68,12.29,12.09,6.33,2.75,4.25,3.8,2.01,1.75,25.57,8.65,3.74,5.02
2025-05-22,3.94,6.14,6.12,148.9,4.1,127.468,1.55,1.13,-0.55,0.79,6.33,13.19,17.44,8.85,4.15,8.38,1.25,7.16,6.09,7.59,3.03,14.73,6.33,3.21,13.7,2.69,12.09,14.7,1.79,8.79,11.33,2.36,7.65,1.76,3.01,485.11,40.81,14.16,10.68,12.29,12.09,6.33,2.75,4.25,3.8,2.01,1.75,25.57,8.65,3.74,5.02
2025-05-23,3.94,6.14,6.12,148.9,4.1,127.468,1.55,1.13,-0.55,0.79,6.33,13.19,17.44,8.85,4.15,8.38,1.25,7.16,6.09,7.59,3.03,14.73,6.33,3.21,13.7,2.69,12.09,14.7,1.79,8.79,11.33,2.36,7.65,1.76,3.01,485.11,40.81,14.16,10.68,12.29,12.09,6.33,2.75,4.25,3.8,2.01,1.75,25.57,8.65,3.74,5.02
2025-05-27,3.94,6.14,6.12,148.9,4.1,127.468,1.55,1.13,-0.55,0.79,6.33,13.19,17.44,8.85,4.15,8.38,1.25,7.16,6.09,7.59,3.03,14.73,6.33,3.21,13.7,2.69,12.09,14.7,1.79,8.79,11.33,2.36,7.65,1.76,3.01,485.11,40.81,14.16,10.68,12.29,12.09,6.33,2.75,4.25,3.8,2.01,1.75,25.57,8.65,3.74,5.02
2025-05-28,3.94,6.14,6.12,148.9,4.1,127.468,1.55,1.13,-0.55,0.79,6.33,13.19,17.44,8.85,4.15,8.38,1.25,7.16,6.09,7.59,3.03,14.73,6.33,3.21,13.7,2.69,12.09,14.7,1.79,8.79,11.33,2.36,7.65,1.76,3.01,485.11,40.81,14.16,10.68,12.29,12.09,6.33,2.75,4.25,3.8,2.01,1.75,25.57,8.65,3.74,5.02
2025-05-29,3.94,6.14,6.12,148.9,4.1,127.468,1.55,1.13,-0.55,0.79,6.33,13.19,17.44,8.85,4.15,8.38,1.25,7.16,6.09,7.59,3.03,14.73,6.33,3.21,13.7,2.69,12.09,14.7,1.79,8.79,11.33,2.36,7.65,1.76,3.01,485.11,40.81,14.16,10.68,12.29,12.09,6.33,2.75,4.25,3.8,2.01,1.75,25.57,8.65,3.74,5.02
2025-05-30,3.94,6.14,6.12,148.9,4.1,127.468,1.55,1.13,-0.55,0.79,6.33,13.19,17.44,8.85,4.15,8.38,1.25,7.16,6.09,7.59,3.03,14.73,6.33,3.21,13.7,2.69,12.09,14.7,1.79,8.79,11.33,2.36,7.65,1.76,3.01,485.11,40.81,14.16,10.68,12.29,12.09,6.33,2.75,4.25,3.8,2.01,1.75,25.57,8.65,3.74,5.02
2025-06-02,3.94,6.14,6.12,147.61,4.1,127.468,1.91,1.13,-0.55,0.79,6.33,13.19,17.44,8.86,4.15,8.38,1.25,7.16,6.09,7.59,3.03,14.73,6.33,3.62,12.07,2.69,12.09,14.7,1.79,8.79,11.33,2.36,7.65,1.76,2.16,485.11,40.81,14.16,10.68,12.29,12.09,6.33,2.75,4.25,3.8,2.01,1.75,25.57,8.65,3.74,5.02
2025-06-03,3.94,6.14,6.12,147.61,4.1,127.468,1.91,1.13,-0.55,0.79,6.33,13.19,17.44,8.86,4.15,8.38,1.25,7.16,6.09,7.59,3.03,14.73,6.33,3.62,12.07,2.69,12.09,14.7,1.79,8.79,11.33,2.36,7.65,1.76,2.16,485.11,40.81,14.16,10.68,12.29,12.09,6.33,2.75,4.25,3.8,2.01,1.75,25.57,8.65,3.74,5.02
2025-06-04,3.94,6.14,6.12,147.61,4.1,127.468,1.91,1.13,-0.55,0.79,6.33,13.19,17.44,8.86,4.15,8.38,1.25,7.16,6.09,7.59,3.03,14.73,6.33,3.62,12.07,2.69,12.09,14.7,1.79,8.79,11.33,2.36,7.65,1.76,2.16,485.11,40.81,14.16,10.68,12.29,12.09,6.33,2.75,4.25,3.8,2.01,1.75,25.57,8.65,3.74,5.02
2025-06-05,3.94,6.14,6.12,147.61,4.1,127.468,1.91,1.13,-0.55,0.79,6.33,13.19,17.44,8.86,4.15,8.38,1.25,7.16,6.09,7.59,3.03,14.73,6.33,3.62,12.07,2.69,12.09,14.7,1.79,8.79,11.33,2.36,7.65,1.76,2.16,485.11,40.81,14.16,10.68,12.29,12.09,6.33,2.75,4.25,3.8,2.01,1.75,25.57,8.65,3.74,5.02
2025-06-06,3.94,6.14,6.12,147.61,4.1,127.468,1.91,1.13,-0.55,0.79,6.33,13.19,17.44,8.86,4.15,8.38,1.25,7.16,6.09,7.59,3.03,14.73,6.33,3.62,12.07,2.69,12.09,14.7,1.79,8.79,11.33,2.36,7.65,1.76,2.16,485.11,40.81,14.16,10.68,12.29,12.09,6.33,2.75,4.25,3.8,2.01,1.75,25.57,8.65,3.74,5.02
2025-06-09,3.94,6.14,6.12,147.61,4.1,127.468,1.91,1.13,-0.55,0.79,6.33,13.19,17.44,8.86,4.15,8.38,1.25,7.16,6.09,7.59,3.03,14.73,6.33,3.62,12.07,2.69,12.09,14.7,1.79,8.79,11.33,2.36,7.65,1.76,2.16,485.11,40.81,14.16,10.68,12.29,12.09,6.33,2.75,4.25,3.8,2.01,1.75,25.57,8.65,3.74,5.02
2025-06-10,3.94,6.14,6.12,147.61,4.1,127.468,1.91,1.13,-0.55,0.79,6.33,13.19,17.44,8.86,4.15,8.38,1.25,7.16,6.09,7.59,3.03,14.73,6.33,3.62,12.07,2.69,12.09,14.7,1.79,8.79,11.33,2.36,7.65,1.76,2.16,485.11,40.81,14.16,10.68,12.29,12.09,6.33,2.75,4.25,3.8,2.01,1.75,25.57,8.65,3.74,5.02
2025-06-11,3.94,6.14,6.12,147.61,4.1,127.468,1.91,1.13,-0.55,0.79,6.33,13.19,17.44,8.86,4.15,8.38,1.25,7.16,6.09,7.59,3.03,14.73,6.33,3.62,12.07,2.69,12.09,14.7,1.79,8.79,11.33,2.36,7.65,1.76,2.16,485.11,40.81,14.16,10.68,12.29,12.09,6.33,2.75,4.25,3.8,2.01,1.75,25.57,8.65,3.74,5.02
2025-06-12,3.94,6.14,6.12,147.61,4.1,127.468,1.91,1.13,-0.55,0.79,6.33,13.19,17.44,8.86,4.15,8.38,1.25,7.16,6.09,7.59,3.03,14.73,6.33,3.62,12.07,2.69,12.09,14.7,1.79,8.79,11.33,2.36,7.65,1.76,2.16,485.11,40.81,14.16,10.68,12.29,12.09,6.33,2.75,4.25,3.8,2.01,1.75,25.57,8.65,3.74,5.02
2025-06-13,3.94,6.14,6.12,147.61,4.1,127.468,1.91,1.13,-0.55,0.79,6.33,13.19,17.44,8.86,4.15,8.38,1.25,7.16,6.09,7.59,3.03,14.73,6.33,3.62,12.07,2.69,12.09,14.7,1.79,8.79,11.33,2.36,7.65,1.76,2.16,485.11,40.81,14.16,10.68,12.29,12.09,6.33,2.75,4.25,3.8,2.01,1.75,25.57,8.65,3.74,5.02
2025-06-16,3.94,6.14,6.12,147.61,4.1,127.468,1.91,1.13,-0.55,0.79,6.33,13.19,17.44,8.86,4.15,8.38,1.25,7.16,6.09,7.59,3.03,14.73,6.33,3.62,12.07,2.69,12.09,14.7,1.79,8.79,11.33,2.36,7.65,1.76,2.16,485.11,40.81,14.16,10.68,12.29,12.09,6.33,2.75,4.25,3.8,2.01,1.75,25.57,8.65,3.74,5.02
2025-06-17,3.94,6.14,6.12,147.61,4.1,127.468,1.91,1.13,-0.55,0.79,6.33,13.19,17.44,8.86,4.15,8.38,1.25,7.16,6.09,7.59,3.03,14.73,6.33,3.62,12.07,2.69,12.09,14.7,1.79,8.79,11.33,2.36,7.65,1.76,2.16,485.11,40.81,14.16,10.68,12.29,12.09,6.33,2.75,4.25,3.8,2.01,1.75,25.57,8.65,3.74,5.02
2025-06-18,3.94,6.14,6.12,147.61,4.1,127.468,1.91,1.13,-0.55,0.79,6.33,13.19,17.44,8.86,4.15,8.38,1.25,7.16,6.09,7.59,3.03,14.73,6.33,3.62,12.07,2.69,12.09,14.7,1.79,8.79,11.33,2.36,7.65,1.76,2.16,485.11,40.81,14.16,10.68,12.29,12.09,6.33,2.75,4.25,3.8,2.01,1.75,25.57,8.65,3.74,5.02
2025-06-20,3.94,6.14,6.12,147.61,4.1,127.468,1.91,1.13,-0.55,0.79,6.33,13.19,17.44,8.86,4.15,8.38,1.25,7.16,6.09,7.59,3.03,14.73,6.33,3.62,12.07,2.69,12.09,14.7,1.79,8.79,11.33,2.36,7.65,1.76,2.16,485.11,40.81,14.16,10.68,12.29,12.09,6.33,2.75,4.25,3.8,2.01,1.75,25.57,8.65,3.74,5.02
2025-06-23,3.94,6.14,6.12,147.61,4.1,127.468,1.91,1.13,-0.55,0.79,6.33,13.19,17.44,8.86,4.15,8.38,1.25,7.16,6.09,7.59,3.03,14.73,6.33,3.62,12.07,2.69,12.09,14.7,1.79,8.79,11.33,2.36,7.65,1.76,2.16,485.11,40.81,14.16,10.68,12.29,12.09,6.33,2.75,4.25,3.8,2.01,1.75,25.57,8.65,3.74,5.02
2025-06-24,3.94,6.14,6.12,147.61,4.1,127.468,1.91,1.13,-0.55,0.79,6.33,13.19,17.44,8.86,4.15,8.38,1.25,7.16,6.09,7.59,3.03,14.73,6.33,3.62,12.07,2.69,12.09,14.7,1.79,8.79,11.33,2.36,7.65,1.76,2.16,485.11,40.81,14.16,10.68,12.29,12.09,6.33,2.75,4.25,3.8,2.01,1.75,25.57,8.65,3.74,5.02
2025-06-25,3.94,6.14,6.12,147.61,4.1,127.468,1.91,1.13,-0.55,0.79,6.33,13.19,17.44,8.86,4.15,8.38,1.25,7.16,6.09,7.59,3.03,14.73,6.33,3.62,12.07,2.69,12.09,14.7,1.79,8.79,11.33,2.36,7.65,1.76,2.16,485.11,40.81,14.16,10.68,12.29,12.09,6.33,2.75,4.25,3.8,2.01,1.75,25.57,8.65,3.74,5.02
2025-06-26,3.94,6.14,6.12,147.61,4.1,127.468,1.91,1.13,-0.55,0.79,6.33,13.19,17.44,8.86,4.15,8.38,1.25,7.16,6.09,7.59,3.03,14.73,6.33,3.62,12.07,2.69,12.09,14.7,1.79,8.79,11.33,2.36,7.65,1.76,2.16,485.11,40.81,14.16,10.68,12.29,12.09,6.33,2.75,4.25,3.8,2.01,1.75,25.57,8.65,3.74,5.02
2025-06-27,3.94,6.14,6.12,147.61,4.1,127.468,1.91,1.13,-0.55,0.79,6.33,13.19,17.44,8.86,4.15,8.38,1.25,7.16,6.09,7.59,3.03,14.73,6.33,3.62,12.07,2.69,12.09,14.7,1.79,8.79,11.33,2.36,7.65,1.76,2.16,485.11,40.81,14.16,10.68,12.29,12.09,6.33,2.75,4.25,3.8,2.01,1.75,25.57,8.65,3.74,5.02
2025-06-30,4.12,6.56,4.42,147.61,4.1,143.47,1.91,1.13,-0.93,1.82,6.51,12.44,17.22,8.86,4.49,8.12,0.78,10.24,5.81,8.1,-4.07,14.73,6.5,3.62,12.07,2.74,12.09,14.7,1.98,8.88,11.67,1.83,7.53,1.46,2.16,472.84,2.790667,13.36,10.84,13.45,12.52,6.33,2.31,4.25,0.82,2.03,1.68,25.57,8.65,3.38,5.07
2025-07-01,4.12,6.56,4.42,147.61,4.1,143.47,1.91,1.13,-0.93,1.82,6.51,12.44,17.22,8.86,4.49,8.12,0.78,10.24,5.81,8.1,-4.07,14.73,6.5,3.62,12.07,2.74,12.09,14.7,1.98,8.88,11.67,1.83,7.53,1.46,2.16,472.84,2.790667,13.36,10.84,13.45,12.52,6.33,2.31,4.25,0.82,2.03,1.68,25.57,8.65,3.38,5.07
2025-07-02,4.12,6.56,4.42,147.61,4.1,143.47,1.91,1.13,-0.93,1.82,6.51,12.44,17.22,8.86,4.49,8.12,0.78,10.24,5.81,8.1,-4.07,14.73,6.5,3.62,12.07,2.74,12.09,14.7,1.98,8.88,11.67,1.83,7.53,1.46,2.16,472.84,2.790667,13.36,10.84,13.45,12.52,6.33,2.31,4.25,0.82,2.03,1.68,25.57,8.65,3.38,5.07
2025-07-03,4.12,6.56,4.42,147.61,4.1,143.47,1.91,1.13,-0.93,1.82,6.51,12.44,17.22,8.86,4.49,8.12,0.78,10.24,5.81,8.1,-4.07,14.73,6.5,3.62,12.07,2.74,12.09,14.7,1.98,8.88,11.67,1.83,7.53,1.46,2.16,472.84,2.790667,13.36,10.84,13.45,12.52,6.33,2.31,4.25,0.82,2.03,1.68,25.57,8.65,3.38,5.07
2025-07-07,4.12,6.56,4.42,147.61,4.1,143.47,1.91,1.13,-0.93,1.82,6.51,12.44,17.22,8.86,4.49,8.12,0.78,10.24,5.81,8.1,-4.07,14.73,6.5,3.62,12.07,2.74,12.09,14.7,1.98,8.88,11.67,1.83,7.53,1.46,2.16,472.84,2.790667,13.36,10.84,13.45,12.52,6.33,2.31,4.25,0.82,2.03,1.68,25.57,8.65,3.38,5.07
2025-07-08,4.12,6.56,4.42,147.61,4.1,143.47,1.91,1.13,-0.93,1.82,6.51,12.44,17.22,8.86,4.49,8.12,0.78,10.24,5.81,8.1,-4.07,14.73,6.5,3.62,12.07,2.74,12.09,14.7,1.98,8.88,11.67,1.83,7.53,1.46,2.16,472.84,2.790667,13.36,10.84,13.45,12.52,6.33,2.31,4.25,0.82,2.03,1.68,25.57,8.65,3.38,5.07
2025-07-09,4.12,6.56,4.42,147.61,4.1,143.47,1.91,1.13,-0.93,1.82,6.51,12.44,17.22,8.86,4.49,8.12,0.78,10.24,5.81,8.1,-4.07,14.73,6.5,3.62,12.07,2.74,12.09,14.7,1.98,8.88,11.67,1.83,7.53,1.46,2.16,472.84,2.790667,13.36,10.84,13.45,12.52,6.33,2.31,4.25,0.82,2.03,1.68,25.57,8.65,3.38,5.07
2025-07-10,4.12,6.56,4.42,147.61,4.1,143.47,1.91,1.13,-0.93,1.82,6.51,12.44,17.22,8.86,4.49,8.12,0.78,10.24,5.81,8.1,-4.07,14.73,6.5,3.62,12.07,2.74,12.09,14.7,1.98,8.88,11.67,1.83,7.53,1.46,2.16,472.84,2.790667,13.36,10.84,13.45,12.52,6.33,2.31,4.25,0.82,2.03,1.68,25.57,8.65,3.38,5.07
2025-07-11,4.12,6.56,4.42,147.61,4.1,143.47,1.91,1.13,-0.93,1.82,6.51,12.44,17.22,8.86,4.49,8.12,0.78,10.24,5.81,8.1,-4.07,14.73,6.5,3.62,12.07,2.74,12.09,14.7,1.98,8.88,11.67,1.83,7.53,1.46,2.16,472.84,2.790667,13.36,10.84,13.45,12.52,6.33,2.31,4.25,0.82,2.03,1.68,25.57,8.65,3.38,5.07
2025-07-14,4.12,6.56,4.42,147.61,4.1,143.47,1.91,1.13,-0.93,1.82,6.51,12.44,17.22,8.86,4.49,8.12,0.78,10.24,5.81,8.1,-4.07,14.73,6.5,3.62,12.07,2.74,12.09,14.7,1.98,8.88,11.67,1.83,7.53,1.46,2.16,472.84,2.790667,13.36,10.84,13.45,12.52,6.33,2.31,4.25,0.82,2.03,1.68,25.57,8.65,3.38,5.07
2025-07-15,4.12,6.56,4.42,147.61,4.1,143.47,1.91,1.13,-0.93,1.82,6.51,12.44,17.22,8.86,4.49,8.12,0.78,10.24,5.81,8.1,-4.07,14.73,6.5,3.62,12.07,2.74,12.09,14.7,1.98,8.88,11.67,1.83,7.53,1.46,2.16,472.84,2.790667,13.36,10.84,13.45,12.52,6.33,2.31,4.25,0.82,2.03,1.68,25.57,8.65,3.38,5.07
2025-07-16,4.12,6.56,4.42,147.61,4.1,143.47,1.91,1.13,-0.93,1.82,6.51,12.44,17.22,8.86,4.49,8.12,0.78,10.24,5.81,8.1,-4.07,14.73,6.5,3.62,12.07,2.74,12.09,14.7,1.98,8.88,11.67,1.83,7.53,1.46,2.16,472.84,2.790667,13.36,10.84,13.45,12.52,6.33,2.31,4.25,0.82,2.03,1.68,25.57,8.65,3.38,5.07
2025-07-17,4.12,6.56,4.42,147.61,4.1,143.47,1.91,1.13,-0.93,1.82,6.51,12.44,17.22,8.86,4.49,8.12,0.78,10.24,5.81,8.1,-4.07,14.73,6.5,3.62,12.07,2.74,12.09,14.7,1.98,8.88,11.67,1.83,7.53,1.46,2.16,472.84,2.790667,13.36,10.84,13.45,12.52,6.33,2.31,4.25,0.82,2.03,1.68,25.57,8.65,3.38,5.07
2025-07-18,4.12,6.56,4.42,147.61,4.1,143.47,1.91,1.13,-0.93,1.82,6.51,12.44,17.22,8.86,4.49,8.12,0.78,10.24,5.81,8.1,-4.07,14.73,6.5,3.62,12.07,2.74,12.09,14.7,1.98,8.88,11.67,1.83,7.53,1.46,2.16,472.84,2.790667,13.36,10.84,13.45,12.52,6.33,2.31,4.25,0.82,2.03,1.68,25.57,8.65,3.38,5.07
2025-07-21,4.12,6.56,4.42,147.61,4.1,143.47,1.91,1.13,-0.93,1.82,6.51,12.44,17.22,8.86,4.49,8.12,0.78,10.24,5.81,8.1,-4.07,14.73,6.5,3.62,12.07,2.74,12.09,14.7,1.98,8.88,11.67,1.83,7.53,1.46,2.16,472.84,2.790667,13.36,10.84,13.45,12.52,6.33,2.31,4.25,0.82,2.03,1.68,25.57,8.65,3.38,5.07
2025-07-22,4.12,6.56,4.42,147.61,4.1,143.47,1.91,1.13,-0.93,1.82,6.51,12.44,17.22,8.86,4.49,8.12,0.78,10.24,5.81,8.1,-4.07,14.73,6.5,3.62,12.07,2.74,12.09,14.7,1.98,8.88,11.67,1.83,7.53,1.46,2.16,472.84,2.790667,13.36,10.84,13.45,12.52,6.33,2.31,4.25,0.82,2.03,1.68,25.57,8.65,3.38,5.07
2025-07-23,4.12,6.56,4.42,147.61,4.1,143.47,1.91,1.13,-0.93,1.82,6.51,12.44,17.22,8.86,4.49,8.12,0.78,10.24,5.81,8.1,-4.07,14.73,6.5,3.62,12.07,2.74,12.09,14.7,1.98,8.88,11.67,1.83,7.53,1.46,2.16,472.84,2.790667,13.36,10.84,13.45,12.52,6.33,2.31,4.25,0.82,2.03,1.68,25.57,8.65,3.38,5.07
2025-07-24,4.12,6.56,4.42,147.61,4.1,143.47,1.91,1.13,-0.93,1.82,6.51,12.44,17.22,8.86,4.49,8.12,0.78,10.24,5.81,8.1,-4.07,14.73,6.5,3.62,12.07,2.74,12.09,14.7,1.98,8.88,11.67,1.83,7.53,1.46,2.16,472.84,2.790667,13.36,10.84,13.45,12.52,6.33,2.31,4.25,0.82,2.03,1.68,25.57,8.65,3.38,5.07
2025-07-25,4.12,6.56,4.42,147.61,4.1,143.47,1.91,1.13,-0.93,1.82,6.51,12.44,17.22,8.86,4.49,8.12,0.78,10.24,5.81,8.1,-4.07,14.73,6.5,3.62,12.07,2.74,12.09,14.7,1.98,8.88,11.67,1.83,7.53,1.46,2.16,472.84,2.790667,13.36,10.84,13.45,12.52,6.33,2.31,4.25,0.82,2.03,1.68,25.57,8.65,3.38,5.07
2025-07-28,4.12,6.56,4.42,147.61,4.1,143.47,1.91,1.13,-0.93,1.82,6.51,12.44,17.22,8.86,4.49,8.12,0.78,10.24,5.81,8.1,-4.07,14.73,6.5,3.62,12.07,2.74,12.09,14.7,1.98,8.88,11.67,1.83,7.53,1.46,2.16,472.84,2.790667,13.36,10.84,13.45,12.52,6.33,2.31,4.25,0.82,2.03,1.68,25.57,8.65,3.38,5.07
2025-07-29,4.12,6.56,4.42,147.61,4.1,143.47,1.91,1.13,-0.93,1.82,6.51,12.44,17.22,8.86,4.49,8.12,0.78,10.24,5.81,8.1,-4.07,14.73,6.5,3.62,12.07,2.74,12.09,14.7,1.98,8.88,11.67,1.83,7.53,1.46,2.16,472.84,2.790667,13.36,10.84,13.45,12.52,6.33,2.31,4.25,0.82,2.03,1.68,25.57,8.65,3.38,5.07
2025-07-30,4.12,6.56,4.42,147.61,4.1,143.47,1.91,1.13,-0.93,1.82,6.51,12.44,17.22,8.86,4.49,8.12,0.78,10.24,5.81,8.1,-4.07,14.73,6.5,3.62,12.07,2.74,12.09,14.7,1.98,8.88,11.67,1.83,7.53,1.46,2.16,472.84,2.790667,13.36,10.84,13.45,12.52,6.33,2.31,4.25,0.82,2.03,1.68,25.57,8.65,3.38,5.07
2025-07-31,4.12,6.56,4.42,147.61,3.63,143.47,1.91,1.13,-0.93,1.82,6.51,12.44,17.22,8.86,4.49,8.12,0.78,10.24,5.81,8.1,-4.07,14.71,6.5,3.62,12.07,2.74,12.19,14.65,1.98,8.88,11.67,1.83,7.53,1.46,2.16,472.84,2.790667,13.36,10.84,13.45,12.52,6.3,2.31,4.39,0.82,2.03,1.68,26.05,8.98,3.38,5.07
2025-08-01,4.12,6.56,4.42,147.61,3.63,143.47,1.91,1.13,-0.93,1.82,6.51,12.44,17.22,8.86,4.49,8.12,0.78,10.24,5.81,8.1,-4.07,14.71,6.5,3.62,12.07,2.74,12.19,14.65,1.98,8.88,11.67,1.83,7.53,1.46,2.16,472.84,2.790667,13.36,10.84,13.45,12.52,6.3,2.31,4.39,0.82,2.03,1.68,26.05,8.98,3.38,5.07
2025-08-04,4.12,6.56,4.42,147.61,3.63,143.47,1.91,1.13,-0.93,1.82,6.51,12.44,17.22,8.86,4.49,8.12,0.78,10.24,5.81,8.1,-4.07,14.71,6.5,3.62,12.07,2.74,12.19,14.65,1.98,8.88,11.67,1.83,7.53,1.46,2.16,472.84,2.790667,13.36,10.84,13.45,12.52,6.3,2.31,4.39,0.82,2.03,1.68,26.05,8.98,3.38,5.07
2025-08-05,4.12,6.56,4.42,147.61,3.63,143.47,1.91,1.13,-0.93,1.82,6.51,12.44,17.22,8.86,4.49,8.12,0.78,10.24,5.81,8.1,-4.07,14.71,6.5,3.62,12.07,2.74,12.19,14.65,1.98,8.88,11.67,1.83,7.53,1.46,2.16,472.84,2.790667,13.36,10.84,13.45,12.52,6.3,2.31,4.39,0.82,2.03,1.68,26.05,8.98,3.38,5.07
2025-08-06,4.12,6.56,4.42,147.61,3.63,143.47,1.91,1.13,-0.93,1.82,6.51,12.44,17.22,8.86,4.49,8.12,0.78,10.24,5.81,8.1,-4.07,14.71,6.5,3.62,12.07,2.74,12.19,14.65,1.98,8.88,11.67,1.83,7.53,1.46,2.16,472.84,2.790667,13.36,10.84,13.45,12.52,6.3,2.31,4.39,0.82,2.03,1.68,26.05,8.98,3.38,5.07
2025-08-07,4.12,6.56,4.42,147.61,3.63,143.47,1.91,1.13,-0.93,1.82,6.51,12.44,17.22,8.86,4.49,8.12,0.78,10.24,5.81,8.1,-4.07,14.71,6.5,3.62,12.07,2.74,12.19,14.65,1.98,8.88,11.67,1.83,7.53,1.46,2.16,472.84,2.790667,13.36,10.84,13.45,12.52,6.3,2.31,4.39,0.82,2.03,1.68,26.05,8.98,3.38,5.07
2025-08-08,4.12,6.56,4.42,147.61,3.63,143.47,1.91,1.13,-0.93,1.82,6.51,12.44,17.22,8.86,4.49,8.12,0.78,10.24,5.81,8.1,-4.07,14.71,6.5,3.62,12.07,2.74,12.19,14.65,1.98,8.88,11.67,1.83,7.53,1.46,2.16,472.84,2.790667,13.36,10.84,13.45,12.52,6.3,2.31,4.39,0.82,2.03,1.68,26.05,8.98,3.38,5.07
2025-08-11,4.12,6.56,4.42,147.61,3.63,143.47,1.91,1.13,-0.93,1.82,6.51,12.44,17.22,8.86,4.49,8.12,0.78,10.24,5.81,8.1,-4.07,14.71,6.5,3.62,12.07,2.74,12.19,14.65,1.98,8.88,11.67,1.83,7.53,1.46,2.16,472.84,2.790667,13.36,10.84,13.45,12.52,6.3,2.31,4.39,0.82,2.03,1.68,26.05,8.98,3.38,5.07
2025-08-12,4.12,6.56,4.42,147.61,3.63,143.47,1.91,1.13,-0.93,1.82,6.51,12.44,17.22,8.86,4.49,8.12,0.78,10.24,5.81,8.1,-4.07,14.71,6.5,3.62,12.07,2.74,12.19,14.65,1.98,8.88,11.67,1.83,7.53,1.46,2.16,472.84,2.790667,13.36,10.84,13.45,12.52,6.3,2.31,4.39,0.82,2.03,1.68,26.05,8.98,3.38,5.07
2025-08-13,4.12,6.56,4.42,147.61,3.63,143.47,1.91,1.13,-0.93,1.82,6.51,12.44,17.22,8.86,4.49,8.12,0.78,10.24,5.81,8.1,-4.07,14.71,6.5,3.62,12.07,2.74,12.19,14.65,1.98,8.88,11.67,1.83,7.53,1.46,2.16,472.84,2.790667,13.36,10.84,13.45,12.52,6.3,2.31,4.39,0.82,2.03,1.68,26.05,8.98,3.38,5.07
2025-08-14,4.12,6.56,4.42,147.61,3.63,143.47,1.91,1.13,-0.93,1.82,6.51,12.44,17.22,8.86,4.49,8.12,0.78,10.24,5.81,8.1,-4.07,14.71,6.5,3.62,12.07,2.74,12.19,14.65,1.98,8.88,11.67,1.83,7.53,1.46,2.16,472.84,2.790667,13.36,10.84,13.45,12.52,6.3,2.31,4.39,0.82,2.03,1.68,26.05,8.98,3.38,5.07
2025-08-15,4.12,6.56,4.42,147.61,3.63,143.47,1.91,1.13,-0.93,1.82,6.51,12.44,17.22,8.86,4.49,8.12,0.78,10.24,5.81,8.1,-4.07,14.71,6.5,3.62,12.07,2.74,12.19,14.65,1.98,8.88,11.67,1.83,7.53,1.46,2.16,472.84,2.790667,13.36,10.84,13.45,12.52,6.3,2.31,4.39,0.82,2.03,1.68,26.05,8.98,3.38,5.07
2025-08-18,4.12,6.56,4.42,147.61,3.63,143.47,1.91,1.13,-0.93,1.82,6.51,12.44,17.22,8.86,4.49,8.12,0.78,10.24,5.81,8.1,-4.07,14.71,6.5,3.62,12.07,2.74,12.19,14.65,1.98,8.88,11.67,1.83,7.53,1.46,2.16,472.84,2.790667,13.36,10.84,13.45,12.52,6.3,2.31,4.39,0.82,2.03,1.68,26.05,8.98,3.38,5.07
2025-08-19,4.12,6.56,4.42,147.61,3.63,143.47,1.91,1.13,-0.93,1.82,6.51,12.44,17.22,8.86,4.49,8.12,0.78,10.24,5.81,8.1,-4.07,14.71,6.5,3.62,12.07,2.74,12.19,14.65,1.98,8.88,11.67,1.83,7.53,1.46,2.16,472.84,2.790667,13.36,10.84,13.45,12.52,6.3,2.31,4.39,0.82,2.03,1.68,26.05,8.98,3.38,5.07
2025-08-20,4.12,6.56,4.42,147.61,3.63,143.47,1.91,1.13,-0.93,1.82,6.51,12.44,17.22,8.86,4.49,8.12,0.78,10.24,5.81,8.1,-4.07,14.71,6.5,3.62,12.07,2.74,12.19,14.65,1.98,8.88,11.67,1.83,7.53,1.46,2.16,472.84,2.790667,13.36,10.84,13.45,12.52,6.3,2.31,4.39,0.82,2.03,1.68,26.05,8.98,3.38,5.07
2025-08-21,4.12,6.56,4.42,147.61,3.63,143.47,1.91,1.13,-0.93,1.82,6.51,12.44,17.22,8.86,4.49,8.12,0.78,10.24,5.81,8.1,-4.07,14.71,6.5,3.62,12.07,2.74,12.19,14.65,1.98,8.88,11.67,1.83,7.53,1.46,2.16,472.84,2.790667,13.36,10.84,13.45,12.52,6.3,2.31,4.39,0.82,2.03,1.68,26.05,8.98,3.38,5.07
2025-08-22,4.12,6.56,4.42,147.61,3.63,143.47,1.91,1.13,-0.93,1.82,6.51,12.44,17.22,8.86,4.49,8.12,0.78,10.24,5.81,8.1,-4.07,14.71,6.5,3.62,12.07,2.74,12.19,14.65,1.98,8.88,11.67,1.83,7.53,1.46,2.16,472.84,2.790667,13.36,10.84,13.45,12.52,6.3,2.31,4.39,0.82,2.03,1.68,26.05,8.98,3.38,5.07
2025-08-25,4.12,6.56,4.42,147.61,3.63,143.47,1.91,1.13,-0.93,1.82,6.51,12.44,17.22,8.86,4.49,8.12,0.78,10.24,5.81,8.1,-4.07,14.71,6.5,3.62,12.07,2.74,12.19,14.65,1.98,8.88,11.67,1.83,7.53,1.46,2.16,472.84,2.790667,13.36,10.84,13.45,12.52,6.3,2.31,4.39,0.82,2.03,1.68,26.05,8.98,3.38,5.07
2025-08-26,4.12,6.56,4.42,147.61,3.63,143.47,1.91,1.13,-0.93,1.82,6.51,12.44,17.22,8.86,4.49,8.12,0.78,10.24,5.81,8.1,-4.07,14.71,6.5,3.62,12.07,2.74,12.19,14.65,1.98,8.88,11.67,1.83,7.53,1.46,2.16,472.84,2.790667,13.36,10.84,13.45,12.52,6.3,2.31,4.39,0.82,2.03,1.68,26.05,8.98,3.38,5.07
2025-08-27,4.12,6.56,4.42,147.61,3.63,143.47,1.91,1.13,-0.93,1.82,6.51,12.44,17.22,8.86,4.49,8.12,0.78,10.24,5.81,8.1,-4.07,14.71,6.5,3.62,12.07,2.74,12.19,14.65,1.98,8.88,11.67,1.83,7.53,1.46,2.16,472.84,2.790667,13.36,10.84,13.45,12.52,6.3,2.31,4.39,0.82,2.03,1.68,26.05,8.98,3.38,5.07
2025-08-28,4.12,6.56,4.42,147.61,3.63,143.47,1.91,1.13,-0.93,1.82,6.51,12.44,17.22,8.86,4.49,8.12,0.78,10.24,5.81,8.1,-4.07,14.71,6.5,3.62,12.07,2.74,12.19,14.65,1.98,8.88,11.67,1.83,7.53,1.46,2.16,472.84,2.790667,13.36,10.84,13.45,12.52,6.3,2.31,4.39,0.82,2.03,1.68,26.05,8.98,3.38,5.07
2025-08-29,4.12,6.56,4.42,147.61,3.63,143.47,1.91,1.13,-0.93,1.82,6.51,12.44,17.22,8.86,4.49,8.12,0.78,10.24,5.81,8.1,-4.07,14.71,6.5,3.62,12.07,2.74,12.19,14.65,1.98,8.88,11.67,1.83,7.53,1.46,2.16,472.84,2.790667,13.36,10.84,13.45,12.52,6.3,2.31,4.39,0.82,2.03,1.68,26.05,8.98,3.38,5.07
2025-09-02,4.12,6.56,4.42,144.87,3.63,143.47,1.94,1.13,-0.93,1.82,6.51,12.44,17.22,9.31,4.49,8.12,0.78,10.24,5.81,8.1,-4.07,14.71,6.5,3.41,10.11,2.74,12.19,14.65,1.98,8.88,11.67,1.83,7.53,1.46,1.95,472.84,2.790667,13.36,10.84,13.45,12.52,6.3,2.31,4.39,0.82,2.03,1.68,26.05,8.98,3.38,5.07
2025-09-03,4.12,6.56,4.42,144.87,3.63,143.47,1.94,1.13,-0.93,1.82,6.51,12.44,17.22,9.31,4.49,8.12,0.78,10.24,5.81,8.1,-4.07,14.71,6.5,3.41,10.11,2.74,12.19,14.65,1.98,8.88,11.67,1.83,7.53,1.46,1.95,472.84,2.790667,13.36,10.84,13.45,12.52,6.3,2.31,4.39,0.82,2.03,1.68,26.05,8.98,3.38,5.07
2025-09-04,4.12,6.56,4.42,144.87,3.63,143.47,1.94,1.13,-0.93,1.82,6.51,12.44,17.22,9.31,4.49,8.12,0.78,10.24,5.81,8.1,-4.07,14.71,6.5,3.41,10.11,2.74,12.19,14.65,1.98,8.88,11.67,1.83,7.53,1.46,1.95,472.84,2.790667,13.36,10.84,13.45,12.52,6.3,2.31,4.39,0.82,2.03,1.68,26.05,8.98,3.38,5.07
2025-09-05,4.12,6.56,4.42,144.87,3.63,143.47,1.94,1.13,-0.93,1.82,6.51,12.44,17.22,9.31,4.49,8.12,0.78,10.24,5.81,8.1,-4.07,14.71,6.5,3.41,10.11,2.74,12.19,14.65,1.98,8.88,11.67,1.83,7.53,1.46,1.95,472.84,2.790667,13.36,10.84,13.45,12.52,6.3,2.31,4.39,0.82,2.03,1.68,26.05,8.98,3.38,5.07
2025-09-08,4.12,6.56,4.42,144.87,3.63,143.47,1.94,1.13,-0.93,1.82,6.51,12.44,17.22,9.31,4.49,8.12,0.78,10.24,5.81,8.1,-4.07,14.71,6.5,3.41,10.11,2.74,12.19,14.65,1.98,8.88,11.67,1.83,7.53,1.46,1.95,472.84,2.790667,13.36,10.84,13.45,12.52,6.3,2.31,4.39,0.82,2.03,1.68,26.05,8.98,3.38,5.07
2025-09-09,4.12,6.56,4.42,144.87,3.63,143.47,1.94,1.13,-0.93,1.82,6.51,12.44,17.22,9.31,4.49,8.12,0.78,10.24,5.81,8.1,-4.07,14.71,6.5,3.41,10.11,2.74,12.19,14.65,1.98,8.88,11.67,1.83,7.53,1.46,1.95,472.84,2.790667,13.36,10.84,13.45,12.52,6.3,2.31,4.39,0.82,2.03,1.68,26.05,8.98,3.38,5.07
2025-09-10,4.12,6.56,4.42,144.87,3.63,143.47,1.94,1.13,-0.93,1.82,6.51,12.44,17.22,9.31,4.49,8.12,0.78,10.24,5.81,8.1,-4.07,14.71,6.5,3.41,10.11,2.74,12.19,14.65,1.98,8.88,11.67,1.83,7.53,1.46,1.95,472.84,2.790667,13.36,10.84,13.45,12.52,6.3,2.31,4.39,0.82,2.03,1.68,26.05,8.98,3.38,5.07
2025-09-11,4.12,6.56,4.42,144.87,3.63,143.47,1.94,1.13,-0.93,1.82,6.51,12.44,17.22,9.31,4.49,8.12,0.78,10.24,5.81,8.1,-4.07,14.71,6.5,3.41,10.11,2.74,12.19,14.65,1.98,8.88,11.67,1.83,7.53,1.46,1.95,472.84,2.790667,13.36,10.84,13.45,12.52,6.3,2.31,4.39,0.82,2.03,1.68,26.05,8.98,3.38,5.07
2025-09-12,4.12,6.56,4.42,144.87,3.63,143.47,1.94,1.13,-0.93,1.82,6.51,12.44,17.22,9.31,4.49,8.12,0.78,10.24,5.81,8.1,-4.07,14.71,6.5,3.41,10.11,2.74,12.19,14.65,1.98,8.88,11.67,1.83,7.53,1.46,1.95,472.84,2.790667,13.36,10.84,13.45,12.52,6.3,2.31,4.39,0.82,2.03,1.68,26.05,8.98,3.38,5.07
2025-09-15,4.12,6.56,4.42,144.87,3.63,143.47,1.94,1.13,-0.93,1.82,6.51,12.44,17.22,9.31,4.49,8.12,0.78,10.24,5.81,8.1,-4.07,14.71,6.5,3.41,10.11,2.74,12.19,14.65,1.98,8.88,11.67,1.83,7.53,1.46,1.95,472.84,2.790667,13.36,10.84,13.45,12.52,6.3,2.31,4.39,0.82,2.03,1.68,26.05,8.98,3.38,5.07
2025-09-16,4.12,6.56,4.42,144.87,3.63,143.47,1.94,1.13,-0.93,1.82,6.51,12.44,17.22,9.31,4.49,8.12,0.78,10.24,5.81,8.1,-4.07,14.71,6.5,3.41,10.11,2.74,12.19,14.65,1.98,8.88,11.67,1.83,7.53,1.46,1.95,472.84,2.790667,13.36,10.84,13.45,12.52,6.3,2.31,4.39,0.82,2.03,1.68,26.05,8.98,3.38,5.07
2025-09-17,4.12,6.56,4.42,144.87,3.63,143.47,1.94,1.13,-0.93,1.82,6.51,12.44,17.22,9.31,4.49,8.12,0.78,10.24,5.81,8.1,-4.07,14.71,6.5,3.41,10.11,2.74,12.19,14.65,1.98,8.88,11.67,1.83,7.53,1.46,1.95,472.84,2.790667,13.36,10.84,13.45,12.52,6.3,2.31,4.39,0.82,2.03,1.68,26.05,8.98,3.38,5.07
2025-09-18,4.12,6.56,4.42,144.87,3.63,143.47,1.94,1.13,-0.93,1.82,6.51,12.44,17.22,9.31,4.49,8.12,0.78,10.24,5.81,8.1,-4.07,14.71,6.5,3.41,10.11,2.74,12.19,14.65,1.98,8.88,11.67,1.83,7.53,1.46,1.95,472.84,2.790667,13.36,10.84,13.45,12.52,6.3,2.31,4.39,0.82,2.03,1.68,26.05,8.98,3.38,5.07
2025-09-19,4.12,6.56,4.42,144.87,3.63,143.47,1.94,1.13,-0.93,1.82,6.51,12.44,17.22,9.31,4.49,8.12,0.78,10.24,5.81,8.1,-4.07,14.71,6.5,3.41,10.11,2.74,12.19,14.65,1.98,8.88,11.67,1.83,7.53,1.46,1.95,472.84,2.790667,13.36,10.84,13.45,12.52,6.3,2.31,4.39,0.82,2.03,1.68,26.05,8.98,3.38,5.07
2025-09-22,4.12,6.56,4.42,144.87,3.63,143.47,1.94,1.13,-0.93,1.82,6.51,12.44,17.22,9.31,4.49,8.12,0.78,10.24,5.81,8.1,-4.07,14.71,6.5,3.41,10.11,2.74,12.19,14.65,1.98,8.88,11.67,1.83,7.53,1.46,1.95,472.84,2.790667,13.36,10.84,13.45,12.52,6.3,2.31,4.39,0.82,2.03,1.68,26.05,8.98,3.38,5.07
2025-09-23,4.12,6.56,4.42,144.87,3.63,143.47,1.94,1.13,-0.93,1.82,6.51,12.44,17.22,9.31,4.49,8.12,0.78,10.24,5.81,8.1,-4.07,14.71,6.5,3.41,10.11,2.74,12.19,14.65,1.98,8.88,11.67,1.83,7.53,1.46,1.95,472.84,2.790667,13.36,10.84,13.45,12.52,6.3,2.31,4.39,0.82,2.03,1.68,26.05,8.98,3.38,5.07
2025-09-24,4.12,6.56,4.42,144.87,3.63,143.47,1.94,1.13,-0.93,1.82,6.51,12.44,17.22,9.31,4.49,8.12,0.78,10.24,5.81,8.1,-4.07,14.71,6.5,3.41,10.11,2.74,12.19,14.65,1.98,8.88,11.67,1.83,7.53,1.46,1.95,472.84,2.790667,13.36,10.84,13.45,12.52,6.3,2.31,4.39,0.82,2.03,1.68,26.05,8.98,3.38,5.07
2025-09-25,4.12,6.56,4.42,144.87,3.63,143.47,1.94,1.13,-0.93,1.82,6.51,12.44,17.22,9.31,4.49,8.12,0.78,10.24,5.81,8.1,-4.07,14.71,6.5,3.41,10.11,2.74,12.19,14.65,1.98,8.88,11.67,1.83,7.53,1.46,1.95,472.84,2.790667,13.36,10.84,13.45,12.52,6.3,2.31,4.39,0.82,2.03,1.68,26.05,8.98,3.38,5.07
2025-09-26,4.12,6.56,4.42,144.87,3.63,143.47,1.94,1.13,-0.93,1.82,6.51,12.44,17.22,9.31,4.49,8.12,0.78,10.24,5.81,8.1,-4.07,14.71,6.5,3.41,10.11,2.74,12.19,14.65,1.98,8.88,11.67,1.83,7.53,1.46,1.95,472.84,2.790667,13.36,10.84,13.45,12.52,6.3,2.31,4.39,0.82,2.03,1.68,26.05,8.98,3.38,5.07
2025-09-29,4.12,6.56,4.42,144.87,3.63,143.47,1.94,1.13,-0.93,1.82,6.51,12.44,17.22,9.31,4.49,8.12,0.78,10.24,5.81,8.1,-4.07,14.71,6.5,3.41,10.11,2.74,12.19,14.65,1.98,8.88,11.67,1.83,7.53,1.46,1.95,472.84,2.790667,13.36,10.84,13.45,12.52,6.3,2.31,4.39,0.82,2.03,1.68,26.05,8.98,3.38,5.07
2025-09-30,4.2,7.08,1.32,144.87,3.63,153.63,1.94,1.13,-1.15,1.98,6.73,11.57,17.11,9.31,4.58,10.38,1.17,5.24,5.81,8.11,-3.99,14.71,6.89,3.41,10.11,2.71,12.19,14.65,2.22,9.48,11.72,0.2,6.72,1.39,1.95,454.82,2.880667,12.96,10.97,14.86,13.53,6.3,1.63,4.39,1.31,2.07,1.45,26.05,8.98,4.51,5.13
2025-10-01,4.2,7.08,1.32,144.87,3.63,153.63,1.94,1.13,-1.15,1.98,6.73,11.57,17.11,9.31,4.58,10.38,1.17,5.24,5.81,8.11,-3.99,14.71,6.89,3.41,10.11,2.71,12.19,14.65,2.22,9.48,11.72,0.2,6.72,1.39,1.95,454.82,2.880667,12.96,10.97,14.86,13.53,6.3,1.63,4.39,1.31,2.07,1.45,26.05,8.98,4.51,5.13
2025-10-02,4.2,7.08,1.32,144.87,3.63,153.63,1.94,1.13,-1.15,1.98,6.73,11.57,17.11,9.31,4.58,10.38,1.17,5.24,5.81,8.11,-3.99,14.71,6.89,3.41,10.11,2.71,12.19,14.65,2.22,9.48,11.72,0.2,6.72,1.39,1.95,454.82,2.880667,12.96,10.97,14.86,13.53,6.3,1.63,4.39,1.31,2.07,1.45,26.05,8.98,4.51,5.13
2025-10-03,4.2,7.08,1.32,144.87,3.63,153.63,1.94,1.13,-1.15,1.98,6.73,11.57,17.11,9.31,4.58,10.38,1.17,5.24,5.81,8.11,-3.99,14.71,6.89,3.41,10.11,2.71,12.19,14.65,2.22,9.48,11.72,0.2,6.72,1.39,1.95,454.82,2.880667,12.96,10.97,14.86,13.53,6.3,1.63,4.39,1.31,2.07,1.45,26.05,8.98,4.51,5.13
2025-10-06,4.2,7.08,1.32,144.87,3.63,153.63,1.94,1.13,-1.15,1.98,6.73,11.57,17.11,9.31,4.58,10.38,1.17,5.24,5.81,8.11,-3.99,14.71,6.89,3.41,10.11,2.71,12.19,14.65,2.22,9.48,11.72,0.2,6.72,1.39,1.95,454.82,2.880667,12.96,10.97,14.86,13.53,6.3,1.63,4.39,1.31,2.07,1.45,26.05,8.98,4.51,5.13
2025-10-07,4.2,7.08,1.32,144.87,3.63,153.63,1.94,1.13,-1.15,1.98,6.73,11.57,17.11,9.31,4.58,10.38,1.17,5.24,5.81,8.11,-3.99,14.71,6.89,3.41,10.11,2.71,12.19,14.65,2.22,9.48,11.72,0.2,6.72,1.39,1.95,454.82,2.880667,12.96,10.97,14.86,13.53,6.3,1.63,4.39,1.31,2.07,1.45,26.05,8.98,4.51,5.13
2025-10-08,4.2,7.08,1.32,144.87,3.63,153.63,1.94,1.13,-1.15,1.98,6.73,11.57,17.11,9.31,4.58,10.38,1.17,5.24,5.81,8.11,-3.99,14.71,6.89,3.41,10.11,2.71,12.19,14.65,2.22,9.48,11.72,0.2,6.72,1.39,1.95,454.82,2.880667,12.96,10.97,14.86,13.53,6.3,1.63,4.39,1.31,2.07,1.45,26.05,8.98,4.51,5.13
2025-10-09,4.2,7.08,1.32,144.87,3.63,153.63,1.94,1.13,-1.15,1.98,6.73,11.57,17.11,9.31,4.58,10.38,1.17,5.24,5.81,8.11,-3.99,14.71,6.89,3.41,10.11,2.71,12.19,14.65,2.22,9.48,11.72,0.2,6.72,1.39,1.95,454.82,2.880667,12.96,10.97,14.86,13.53,6.3,1.63,4.39,1.31,2.07,1.45,26.05,8.98,4.51,5.13
2025-10-10,4.2,7.08,1.32,144.87,3.63,153.63,1.94,1.13,-1.15,1.98,6.73,11.57,17.11,9.31,4.58,10.38,1.17,5.24,5.81,8.11,-3.99,14.71,6.89,3.41,10.11,2.71,12.19,14.65,2.22,9.48,11.72,0.2,6.72,1.39,1.95,454.82,2.880667,12.96,10.97,14.86,13.53,6.3,1.63,4.39,1.31,2.07,1.45,26.05,8.98,4.51,5.13
2025-10-13,4.2,7.08,1.32,144.87,3.63,153.63,1.94,1.13,-1.15,1.98,6.73,11.57,17.11,9.31,4.58,10.38,1.17,5.24,5.81,8.11,-3.99,14.71,6.89,3.41,10.11,2.71,12.19,14.65,2.22,9.48,11.72,0.2,6.72,1.39,1.95,454.82,2.880667,12.96,10.97,14.86,13.53,6.3,1.63,4.39,1.31,2.07,1.45,26.05,8.98,4.51,5.13
2025-10-14,4.2,7.08,1.32,144.87,3.63,153.63,1.94,1.13,-1.15,1.98,6.73,11.57,17.11,9.31,4.58,10.38,1.17,5.24,5.81,8.11,-3.99,14.71,6.89,3.41,10.11,2.71,12.19,14.65,2.22,9.48,11.72,0.2,6.72,1.39,1.95,454.82,2.880667,12.96,10.97,14.86,13.53,6.3,1.63,4.39,1.31,2.07,1.45,26.05,8.98,4.51,5.13
2025-10-15,4.2,7.08,1.32,144.87,3.63,153.63,1.94,1.13,-1.15,1.98,6.73,11.57,17.11,9.31,4.58,10.38,1.17,5.24,5.81,8.11,-3.99,14.71,6.89,3.41,10.11,2.71,12.19,14.65,2.22,9.48,11.72,0.2,6.72,1.39,1.95,454.82,2.880667,12.96,10.97,14.86,13.53,6.3,1.63,4.39,1.31,2.07,1.45,26.05,8.98,4.51,5.13
2025-10-16,4.2,7.08,1.32,144.87,3.63,153.63,1.94,1.13,-1.15,1.98,6.73,11.57,17.11,9.31,4.58,10.38,1.17,5.24,5.81,8.11,-3.99,14.71,6.89,3.41,10.11,2.71,12.19,14.65,2.22,9.48,11.72,0.2,6.72,1.39,1.95,454.82,2.880667,12.96,10.97,14.86,13.53,6.3,1.63,4.39,1.31,2.07,1.45,26.05,8.98,4.51,5.13
2025-10-17,4.2,7.08,1.32,144.87,3.63,153.63,1.94,1.13,-1.15,1.98,6.73,11.57,17.11,9.31,4.58,10.38,1.17,5.24,5.81,8.11,-3.99,14.71,6.89,3.41,10.11,2.71,12.19,14.65,2.22,9.48,11.72,0.2,6.72,1.39,1.95,454.82,2.880667,12.96,10.97,14.86,13.53,6.3,1.63,4.39,1.31,2.07,1.45,26.05,8.98,4.51,5.13
2025-10-20,4.2,7.08,1.32,144.87,3.63,153.63,1.94,1.13,-1.15,1.98,6.73,11.57,17.11,9.31,4.58,10.38,1.17,5.24,5.81,8.11,-3.99,14.71,6.89,3.41,10.11,2.71,12.19,14.65,2.22,9.48,11.72,0.2,6.72,1.39,1.95,454.82,2.880667,12.96,10.97,14.86,13.53,6.3,1.63,4.39,1.31,2.07,1.45,26.05,8.98,4.51,5.13
2025-10-21,4.2,7.08,1.32,144.87,3.63,153.63,1.94,1.13,-1.15,1.98,6.73,11.57,17.11,9.31,4.58,10.38,1.17,5.24,5.81,8.11,-3.99,14.71,6.89,3.41,10.11,2.71,12.19,14.65,2.22,9.48,11.72,0.2,6.72,1.39,1.95,454.82,2.880667,12.96,10.97,14.86,13.53,6.3,1.63,4.39,1.31,2.07,1.45,26.05,8.98,4.51,5.13
2025-10-22,4.2,7.08,1.32,144.87,3.63,153.63,1.94,1.13,-1.15,1.98,6.73,11.57,17.11,9.31,4.58,10.38,1.17,5.24,5.81,8.11,-3.99,14.71,6.89,3.41,10.11,2.71,12.19,14.65,2.22,9.48,11.72,0.2,6.72,1.39,1.95,454.82,2.880667,12.96,10.97,14.86,13.53,6.3,1.63,4.39,1.31,2.07,1.45,26.05,8.98,4.51,5.13
2025-10-23,4.2,7.08,1.32,144.87,3.63,153.63,1.94,1.13,-1.15,1.98,6.73,11.57,17.11,9.31,4.58,10.38,1.17,5.24,5.81,8.11,-3.99,14.71,6.89,3.41,10.11,2.71,12.19,14.65,2.22,9.48,11.72,0.2,6.72,1.39,1.95,454.82,2.880667,12.96,10.97,14.86,13.53,6.3,1.63,4.39,1.31,2.07,1.45,26.05,8.98,4.51,5.13
2025-10-24,4.2,7.08,1.32,144.87,3.63,153.63,1.94,1.13,-1.15,1.98,6.73,11.57,17.11,9.31,4.58,10.38,1.17,5.24,5.81,8.11,-3.99,14.71,6.89,3.41,10.11,2.71,12.19,14.65,2.22,9.48,11.72,0.2,6.72,1.39,1.95,454.82,2.880667,12.96,10.97,14.86,13.53,6.3,1.63,4.39,1.31,2.07,1.45,26.05,8.98,4.51,5.13
2025-10-27,4.2,7.08,1.32,144.87,3.63,153.63,1.94,1.13,-1.15,1.98,6.73,11.57,17.11,9.31,4.58,10.38,1.17,5.24,5.81,8.11,-3.99,14.71,6.89,3.41,10.11,2.71,12.19,14.65,2.22,9.48,11.72,0.2,6.72,1.39,1.95,454.82,2.880667,12.96,10.97,14.86,13.53,6.3,1.63,4.39,1.31,2.07,1.45,26.05,8.98,4.51,5.13
2025-10-28,4.2,7.08,1.32,144.87,3.63,153.63,1.94,1.13,-1.15,1.98,6.73,11.57,17.11,9.31,4.58,10.38,1.17,5.24,5.81,8.11,-3.99,14.71,6.89,3.41,10.11,2.71,12.19,14.65,2.22,9.48,11.72,0.2,6.72,1.39,1.95,454.82,2.880667,12.96,10.97,14.86,13.53,6.3,1.63,4.39,1.31,2.07,1.45,26.05,8.98,4.51,5.13
2025-10-29,4.2,7.08,1.32,144.87,3.63,153.63,1.94,1.13,-1.15,1.98,6.73,11.57,17.11,9.31,4.58,10.38,1.17,5.24,5.81,8.11,-3.99,14.71,6.89,3.41,10.11,2.71,12.19,14.65,2.22,9.48,11.72,0.2,6.72,1.39,1.95,454.82,2.880667,12.96,10.97,14.86,13.53,6.3,1.63,4.39,1.31,2.07,1.45,26.05,8.98,4.51,5.13
2025-10-30,4.2,7.08,1.32,144.87,3.63,153.63,1.94,1.13,-1.15,1.98,6.73,11.57,17.11,9.31,4.58,10.38,1.17,5.24,5.81,8.11,-3.99,14.71,6.89,3.41,10.11,2.71,12.19,14.65,2.22,9.48,11.72,0.2,6.72,1.39,1.95,454.82,2.880667,12.96,10.97,14.86,13.53,6.3,1.63,4.39,1.31,2.07,1.45,26.05,8.98,4.51,5.13
2025-10-31,4.2,7.08,1.32,144.87,3.03,153.63,1.94,1.13,-1.15,1.98,6.73,11.57,17.11,9.31,4.58,10.38,1.17,5.24,5.81,8.11,-3.99,14.66,6.89,3.41,10.11,2.71,12.08,14.38,2.22,9.48,11.72,0.2,6.72,1.39,1.95,454.82,2.880667,12.96,10.97,14.86,13.53,6.4,1.63,4.53,1.31,2.07,1.45,26.06,9.07,4.51,5.13
2025-11-03,4.2,7.08,1.32,144.87,3.03,153.63,1.94,1.13,-1.15,1.98,6.73,11.57,17.11,9.31,4.58,10.38,1.17,5.24,5.81,8.11,-3.99,14.66,6.89,3.41,10.11,2.71,12.08,14.38,2.22,9.48,11.72,0.2,6.72,1.39,1.95,454.82,2.880667,12.96,10.97,14.86,13.53,6.4,1.63,4.53,1.31,2.07,1.45,26.06,9.07,4.51,5.13
2025-11-04,4.2,7.08,1.32,144.87,3.03,153.63,1.94,1.13,-1.15,1.98,6.73,11.57,17.11,9.31,4.58,10.38,1.17,5.24,5.81,8.11,-3.99,14.66,6.89,3.41,10.11,2.71,12.08,14.38,2.22,9.48,11.72,0.2,6.72,1.39,1.95,454.82,2.880667,12.96,10.97,14.86,13.53,6.4,1.63,4.53,1.31,2.07,1.45,26.06,9.07,4.51,5.13
2025-11-05,4.2,7.08,1.32,144.87,3.03,153.63,1.94,1.13,-1.15,1.98,6.73,11.57,17.11,9.31,4.58,10.38,1.17,5.24,5.81,8.11,-3.99,14.66,6.89,3.41,10.11,2.71,12.08,14.38,2.22,9.48,11.72,0.2,6.72,1.39,1.95,454.82,2.880667,12.96,10.97,14.86,13.53,6.4,1.63,4.53,1.31,2.07,1.45,26.06,9.07,4.51,5.13
2025-11-06,4.2,7.08,1.32,144.87,3.03,153.63,1.94,1.13,-1.15,1.98,6.73,11.57,17.11,9.31,4.58,10.38,1.17,5.24,5.81,8.11,-3.99,14.66,6.89,3.41,10.11,2.71,12.08,14.38,2.22,9.48,11.72,0.2,6.72,1.39,1.95,454.82,2.880667,12.96,10.97,14.86,13.53,6.4,1.63,4.53,1.31,2.07,1.45,26.06,9.07,4.51,5.13
2025-11-07,4.2,7.08,1.32,144.87,3.03,153.63,1.94,1.13,-1.15,1.98,6.73,11.57,17.11,9.31,4.58,10.38,1.17,5.24,5.81,8.11,-3.99,14.66,6.89,3.41,10.11,2.71,12.08,14.38,2.22,9.48,11.72,0.2,6.72,1.39,1.95,454.82,2.880667,12.96,10.97,14.86,13.53,6.4,1.63,4.53,1.31,2.07,1.45,26.06,9.07,4.51,5.13
2025-11-10,4.2,7.08,1.32,144.87,3.03,153.63,1.94,1.13,-1.15,1.98,6.73,11.57,17.11,9.31,4.58,10.38,1.17,5.24,5.81,8.11,-3.99,14.66,6.89,3.41,10.11,2.71,12.08,14.38,2.22,9.48,11.72,0.2,6.72,1.39,1.95,454.82,2.880667,12.96,10.97,14.86,13.53,6.4,1.63,4.53,1.31,2.07,1.45,26.06,9.07,4.51,5.13
2025-11-11,4.2,7.08,1.32,144.87,3.03,153.63,1.94,1.13,-1.15,1.98,6.73,11.57,17.11,9.31,4.58,10.38,1.17,5.24,5.81,8.11,-3.99,14.66,6.89,3.41,10.11,2.71,12.08,14.38,2.22,9.48,11.72,0.2,6.72,1.39,1.95,454.82,2.880667,12.96,10.97,14.86,13.53,6.4,1.63,4.53,1.31,2.07,1.45,26.06,9.07,4.51,5.13
2025-11-12,4.2,7.08,1.32,144.87,3.03,153.63,1.94,1.13,-1.15,1.98,6.73,11.57,17.11,9.31,4.58,10.38,1.17,5.24,5.81,8.11,-3.99,14.66,6.89,3.41,10.11,2.71,12.08,14.38,2.22,9.48,11.72,0.2,6.72,1.39,1.95,454.82,2.880667,12.96,10.97,14.86,13.53,6.4,1.63,4.53,1.31,2.07,1.45,26.06,9.07,4.51,5.13
2025-11-13,4.2,7.08,1.32,144.87,3.03,153.63,1.94,1.13,-1.15,1.98,6.73,11.57,17.11,9.31,4.58,10.38,1.17,5.24,5.81,8.11,-3.99,14.66,6.89,3.41,10.11,2.71,12.08,14.38,2.22,9.48,11.72,0.2,6.72,1.39,1.95,454.82,2.880667,12.96,10.97,14.86,13.53,6.4,1.63,4.53,1.31,2.07,1.45,26.06,9.07,4.51,5.13
2025-11-14,4.2,7.08,1.32,144.87,3.03,153.63,1.94,1.13,-1.15,1.98,6.73,11.57,17.11,9.31,4.58,10.38,1.17,5.24,5.81,8.11,-3.99,14.66,6.89,3.41,10.11,2.71,12.08,14.38,2.22,9.48,11.72,0.2,6.72,1.39,1.95,454.82,2.880667,12.96,10.97,14.86,13.53,6.4,1.63,4.53,1.31,2.07,1.45,26.06,9.07,4.51,5.13
2025-11-17,4.2,7.08,1.32,144.87,3.03,153.63,1.94,1.13,-1.15,1.98,6.73,11.57,17.11,9.31,4.58,10.38,1.17,5.24,5.81,8.11,-3.99,14.66,6.89,3.41,10.11,2.71,12.08,14.38,2.22,9.48,11.72,0.2,6.72,1.39,1.95,454.82,2.880667,12.96,10.97,14.86,13.53,6.4,1.63,4.53,1.31,2.07,1.45,26.06,9.07,4.51,5.13
2025-11-18,4.2,7.08,1.32,144.87,3.03,153.63,1.94,1.13,-1.15,1.98,6.73,11.57,17.11,9.31,4.58,10.38,1.17,5.24,5.81,8.11,-3.99,14.66,6.89,3.41,10.11,2.71,12.08,14.38,2.22,9.48,11.72,0.2,6.72,1.39,1.95,454.82,2.880667,12.96,10.97,14.86,13.53,6.4,1.63,4.53,1.31,2.07,1.45,26.06,9.07,4.51,5.13
2025-11-19,4.2,7.08,1.32,144.87,3.03,153.63,1.94,1.13,-1.15,1.98,6.73,11.57,17.11,9.31,4.58,10.38,1.17,5.24,5.81,8.11,-3.99,14.66,6.89,3.41,10.11,2.71,12.08,14.38,2.22,9.48,11.72,0.2,6.72,1.39,1.95,454.82,2.880667,12.96,10.97,14.86,13.53,6.4,1.63,4.53,1.31,2.07,1.45,26.06,9.07,4.51,5.13
2025-11-20,4.2,7.08,1.32,144.87,3.03,153.63,1.94,1.13,-1.15,1.98,6.73,11.57,17.11,9.31,4.58,10.38,1.17,5.24,5.81,8.11,-3.99,14.66,6.89,3.41,10.11,2.71,12.08,14.38,2.22,9.48,11.72,0.2,6.72,1.39,1.95,454.82,2.880667,12.96,10.97,14.86,13.53,6.4,1.63,4.53,1.31,2.07,1.45,26.06,9.07,4.51,5.13
2025-11-21,4.2,7.08,1.32,144.87,3.03,153.63,1.94,1.13,-1.15,1.98,6.73,11.57,17.11,9.31,4.58,10.38,1.17,5.24,5.81,8.11,-3.99,14.66,6.89,3.41,10.11,2.71,12.08,14.38,2.22,9.48,11.72,0.2,6.72,1.39,1.95,454.82,2.880667,12.96,10.97,14.86,13.53,6.4,1.63,4.53,1.31,2.07,1.45,26.06,9.07,4.51,5.13
2025-11-24,4.2,7.08,1.32,144.87,3.03,153.63,1.94,1.13,-1.15,1.98,6.73,11.57,17.11,9.31,4.58,10.38,1.17,5.24,5.81,8.11,-3.99,14.66,6.89,3.41,10.11,2.71,12.08,14.38,2.22,9.48,11.72,0.2,6.72,1.39,1.95,454.82,2.880667,12.96,10.97,14.86,13.53,6.4,1.63,4.53,1.31,2.07,1.45,26.06,9.07,4.51,5.13
2025-11-25,4.2,7.08,1.32,144.87,3.03,153.63,1.94,1.13,-1.15,1.98,6.73,11.57,17.11,9.31,4.58,10.38,1.17,5.24,5.81,8.11,-3.99,14.66,6.89,3.41,10.11,2.71,12.08,14.38,2.22,9.48,11.72,0.2,6.72,1.39,1.95,454.82,2.880667,12.96,10.97,14.86,13.53,6.4,1.63,4.53,1.31,2.07,1.45,26.06,9.07,4.51,5.13
2025-11-26,4.2,7.08,1.32,144.87,3.03,153.63,1.94,1.13,-1.15,1.98,6.73,11.57,17.11,9.31,4.58,10.38,1.17,5.24,5.81,8.11,-3.99,14.66,6.89,3.41,10.11,2.71,12.08,14.38,2.22,9.48,11.72,0.2,6.72,1.39,1.95,454.82,2.880667,12.96,10.97,14.86,13.53,6.4,1.63,4.53,1.31,2.07,1.45,26.06,9.07,4.51,5.13
2025-11-28,4.2,7.08,1.32,144.87,3.03,153.63,1.94,1.13,-1.15,1.98,6.73,11.57,17.11,9.31,4.58,10.38,1.17,5.24,5.81,8.11,-3.99,14.66,6.89,3.41,10.11,2.71,12.08,14.38,2.22,9.48,11.72,0.2,6.72,1.39,1.95,454.82,2.880667,12.96,10.97,14.86,13.53,6.4,1.63,4.53,1.31,2.07,1.45,26.06,9.07,4.51,5.13
2025-12-01,4.2,7.08,1.32,143.39,3.03,153.63,2.02,1.13,-1.15,1.98,6.73,11.57,17.11,9.52,4.58,10.38,1.17,5.24,5.81,8.11,-3.99,14.66,6.89,3.05,7.98,2.71,12.08,14.38,2.22,9.48,11.72,0.2,6.72,1.39,1.71,454.82,2.880667,12.96,10.97,14.86,13.53,6.4,1.63,4.53,1.31,2.07,1.45,26.06,9.07,4.51,5.13
2025-12-02,4.2,7.08,1.32,143.39,3.03,153.63,2.02,1.13,-1.15,1.98,6.73,11.57,17.11,9.52,4.58,10.38,1.17,5.24,5.81,8.11,-3.99,14.66,6.89,3.05,7.98,2.71,12.08,14.38,2.22,9.48,11.72,0.2,6.72,1.39,1.71,454.82,2.880667,12.96,10.97,14.86,13.53,6.4,1.63,4.53,1.31,2.07,1.45,26.06,9.07,4.51,5.13
2025-12-03,4.2,7.08,1.32,143.39,3.03,153.63,2.02,1.13,-1.15,1.98,6.73,11.57,17.11,9.52,4.58,10.38,1.17,5.24,5.81,8.11,-3.99,14.66,6.89,3.05,7.98,2.71,12.08,14.38,2.22,9.48,11.72,0.2,6.72,1.39,1.71,454.82,2.880667,12.96,10.97,14.86,13.53,6.4,1.63,4.53,1.31,2.07,1.45,26.06,9.07,4.51,5.13
2025-12-04,4.2,7.08,1.32,143.39,3.03,153.63,2.02,1.13,-1.15,1.98,6.73,11.57,17.11,9.52,4.58,10.38,1.17,5.24,5.81,8.11,-3.99,14.66,6.89,3.05,7.98,2.71,12.08,14.38,2.22,9.48,11.72,0.2,6.72,1.39,1.71,454.82,2.880667,12.96,10.97,14.86,13.53,6.4,1.63,4.53,1.31,2.07,1.45,26.06,9.07,4.51,5.13
2025-12-05,4.2,7.08,1.32,143.39,3.03,153.63,2.02,1.13,-1.15,1.98,6.73,11.57,17.11,9.52,4.58,10.38,1.17,5.24,5.81,8.11,-3.99,14.66,6.89,3.05,7.98,2.71,12.08,14.38,2.22,9.48,11.72,0.2,6.72,1.39,1.71,454.82,2.880667,12.96,10.97,14.86,13.53,6.4,1.63,4.53,1.31,2.07,1.45,26.06,9.07,4.51,5.13
2025-12-08,4.2,7.08,1.32,143.39,3.03,153.63,2.02,1.13,-1.15,1.98,6.73,11.57,17.11,9.52,4.58,10.38,1.17,5.24,5.81,8.11,-3.99,14.66,6.89,3.05,7.98,2.71,12.08,14.38,2.22,9.48,11.72,0.2,6.72,1.39,1.71,454.82,2.880667,12.96,10.97,14.86,13.53,6.4,1.63,4.53,1.31,2.07,1.45,26.06,9.07,4.51,5.13
2025-12-09,4.2,7.08,1.32,143.39,3.03,153.63,2.02,1.13,-1.15,1.98,6.73,11.57,17.11,9.52,4.58,10.38,1.17,5.24,5.81,8.11,-3.99,14.66,6.89,3.05,7.98,2.71,12.08,14.38,2.22,9.48,11.72,0.2,6.72,1.39,1.71,454.82,2.880667,12.96,10.97,14.86,13.53,6.4,1.63,4.53,1.31,2.07,1.45,26.06,9.07,4.51,5.13
2025-12-10,4.2,7.08,1.32,143.39,3.03,153.63,2.02,1.13,-1.15,1.98,6.73,11.57,17.11,9.52,4.58,10.38,1.17,5.24,5.81,8.11,-3.99,14.66,6.89,3.05,7.98,2.71,12.08,14.38,2.22,9.48,11.72,0.2,6.72,1.39,1.71,454.82,2.880667,12.96,10.97,14.86,13.53,6.4,1.63,4.53,1.31,2.07,1.45,26.06,9.07,4.51,5.13
2025-12-11,4.2,7.08,1.32,143.39,3.03,153.63,2.02,1.13,-1.15,1.98,6.73,11.57,17.11,9.52,4.58,10.38,1.17,5.24,5.81,8.11,-3.99,14.66,6.89,3.05,7.98,2.71,12.08,14.38,2.22,9.48,11.72,0.2,6.72,1.39,1.71,454.82,2.880667,12.96,10.97,14.86,13.53,6.4,1.63,4.53,1.31,2.07,1.45,26.06,9.07,4.51,5.13
2025-12-12,4.2,7.08,1.32,143.39,3.03,153.63,2.02,1.13,-1.15,1.98,6.73,11.57,17.11,9.52,4.58,10.38,1.17,5.24,5.81,8.11,-3.99,14.66,6.89,3.05,7.98,2.71,12.08,14.38,2.22,9.48,11.72,0.2,6.72,1.39,1.71,454.82,2.880667,12.96,10.97,14.86,13.53,6.4,1.63,4.53,1.31,2.07,1.45,26.06,9.07,4.51,5.13
2025-12-15,4.2,7.08,1.32,143.39,3.03,153.63,2.02,1.13,-1.15,1.98,6.73,11.57,17.11,9.52,4.58,10.38,1.17,5.24,5.81,8.11,-3.99,14.66,6.89,3.05,7.98,2.71,12.08,14.38,2.22,9.48,11.72,0.2,6.72,1.39,1.71,454.82,2.880667,12.96,10.97,14.86,13.53,6.4,1.63,4.53,1.31,2.07,1.45,26.06,9.07,4.51,5.13
2025-12-16,4.2,7.08,1.32,143.39,3.03,153.63,2.02,1.13,-1.15,1.98,6.73,11.57,17.11,9.52,4.58,10.38,1.17,5.24,5.81,8.11,-3.99,14.66,6.89,3.05,7.98,2.71,12.08,14.38,2.22,9.48,11.72,0.2,6.72,1.39,1.71,454.82,2.880667,12.96,10.97,14.86,13.53,6.4,1.63,4.53,1.31,2.07,1.45,26.06,9.07,4.51,5.13
2025-12-17,4.2,7.08,1.32,143.39,3.03,153.63,2.02,1.13,-1.15,1.98,6.73,11.57,17.11,9.52,4.58,10.38,1.17,5.24,5.81,8.11,-3.99,14.66,6.89,3.05,7.98,2.71,12.08,14.38,2.22,9.48,11.72,0.2,6.72,1.39,1.71,454.82,2.880667,12.96,10.97,14.86,13.53,6.4,1.63,4.53,1.31,2.07,1.45,26.06,9.07,4.51,5.13
2025-12-18,4.2,7.08,1.32,143.39,3.03,153.63,2.02,1.13,-1.15,1.98,6.73,11.57,17.11,9.52,4.58,10.38,1.17,5.24,5.81,8.11,-3.99,14.66,6.89,3.05,7.98,2.71,12.08,14.38,2.22,9.48,11.72,0.2,6.72,1.39,1.71,454.82,2.880667,12.96,10.97,14.86,13.53,6.4,1.63,4.53,1.31,2.07,1.45,26.06,9.07,4.51,5.13
2025-12-19,4.2,7.08,1.32,143.39,3.03,153.63,2.02,1.13,-1.15,1.98,6.73,11.57,17.11,9.52,4.58,10.38,1.17,5.24,5.81,8.11,-3.99,14.66,6.89,3.05,7.98,2.71,12.08,14.38,2.22,9.48,11.72,0.2,6.72,1.39,1.71,454.82,2.880667,12.96,10.97,14.86,13.53,6.4,1.63,4.53,1.31,2.07,1.45,26.06,9.07,4.51,5.13
2025-12-22,4.2,7.08,1.32,143.39,3.03,153.63,2.02,1.13,-1.15,1.98,6.73,11.57,17.11,9.52,4.58,10.38,1.17,5.24,5.81,8.11,-3.99,14.66,6.89,3.05,7.98,2.71,12.08,14.38,2.22,9.48,11.72,0.2,6.72,1.39,1.71,454.82,2.880667,12.96,10.97,14.86,13.53,6.4,1.63,4.53,1.31,2.07,1.45,26.06,9.07,4.51,5.13
2025-12-23,4.2,7.08,1.32,143.39,3.03,153.63,2.02,1.13,-1.15,1.98,6.73,11.57,17.11,9.52,4.58,10.38,1.17,5.24,5.81,8.11,-3.99,14.66,6.89,3.05,7.98,2.71,12.08,14.38,2.22,9.48,11.72,0.2,6.72,1.39,1.71,454.82,2.880667,12.96,10.97,14.86,13.53,6.4,1.63,4.53,1.31,2.07,1.45,26.06,9.07,4.51,5.13
2025-12-24,4.2,7.08,1.32,143.39,3.03,153.63,2.02,1.13,-1.15,1.98,6.73,11.57,17.11,9.52,4.58,10.38,1.17,5.24,5.81,8.11,-3.99,14.66,6.89,3.05,7.98,2.71,12.08,14.38,2.22,9.48,11.72,0.2,6.72,1.39,1.71,454.82,2.880667,12.96,10.97,14.86,13.53,6.4,1.63,4.53,1.31,2.07,1.45,26.06,9.07,4.51,5.13
2025-12-26,4.2,7.08,1.32,143.39,3.03,153.63,2.02,1.13,-1.15,1.98,6.73,11.57,17.11,9.52,4.58,10.38,1.17,5.24,5.81,8.11,-3.99,14.66,6.89,3.05,7.98,2.71,12.08,14.38,2.22,9.48,11.72,0.2,6.72,1.39,1.71,454.82,2.880667,12.96,10.97,14.86,13.53,6.4,1.63,4.53,1.31,2.07,1.45,26.06,9.07,4.51,5.13
2025-12-29,4.2,7.08,1.32,143.39,3.03,153.63,2.02,1.13,-1.15,1.98,6.73,11.57,17.11,9.52,4.58,10.38,1.17,5.24,5.81,8.11,-3.99,14.66,6.89,3.05,7.98,2.71,12.08,14.38,2.22,9.48,11.72,0.2,6.72,1.39,1.71,454.82,2.880667,12.96,10.97,14.86,13.53,6.4,1.63,4.53,1.31,2.07,1.45,26.06,9.07,4.51,5.13
2025-12-30,4.2,7.08,1.32,143.39,3.03,153.63,2.02,1.13,-1.15,1.98,6.73,11.57,17.11,9.52,4.58,10.38,1.17,5.24,5.81,8.11,-3.99,14.66,6.89,3.05,7.98,2.71,12.08,14.38,2.22,9.48,11.72,0.2,6.72,1.39,1.71,454.82,2.880667,12.96,10.97,14.86,13.53,6.4,1.63,4.53,1.31,2.07,1.45,26.06,9.07,4.51,5.13
2025-12-31,4.03,7.17,0.75,143.39,3.03,6.6228,2.02,1.14,-2.42,2.13,7.04,10.99,17.57,9.52,4.34,9.81,-2.06,3.27,0.47,8.59,-2.3,14.66,6.12,3.05,7.98,2.35,12.08,14.38,2.35,9.51,11.95,0.76,5.93,0.92,1.71,436.55,2.97,11.12,10.85,15.61,14.7,6.4,1.2,4.53,2.58,2.06,1.08,26.06,9.07,3.14,5.55
2026-01-02,4.03,7.17,0.75,143.39,3.03,6.6228,2.02,1.14,-2.42,2.13,7.04,10.99,17.57,9.52,4.34,9.81,-2.06,3.27,0.47,8.59,-2.3,14.66,6.12,3.05,7.98,2.35,12.08,14.38,2.35,9.51,11.95,0.76,5.93,0.92,1.71,436.55,2.97,11.12,10.85,15.61,14.7,6.4,1.2,4.53,2.58,2.06,1.08,26.06,9.07,3.14,5.55
2026-01-05,4.03,7.17,0.75,143.39,3.03,6.6228,2.02,1.14,-2.42,2.13,7.04,10.99,17.57,9.52,4.34,9.81,-2.06,3.27,0.47,8.59,-2.3,14.66,6.12,3.05,7.98,2.35,12.08,14.38,2.35,9.51,11.95,0.76,5.93,0.92,1.71,436.55,2.97,11.12,10.85,15.61,14.7,6.4,1.2,4.53,2.58,2.06,1.08,26.06,9.07,3.14,5.55
2026-01-06,4.03,7.17,0.75,143.39,3.03,6.6228,2.02,1.14,-2.42,2.13,7.04,10.99,17.57,9.52,4.34,9.81,-2.06,3.27,0.47,8.59,-2.3,14.66,6.12,3.05,7.98,2.35,12.08,14.38,2.35,9.51,11.95,0.76,5.93,0.92,1.71,436.55,2.97,11.12,10.85,15.61,14.7,6.4,1.2,4.53,2.58,2.06,1.08,26.06,9.07,3.14,5.55
2026-01-07,4.03,7.17,0.75,143.39,3.03,6.6228,2.02,1.14,-2.42,2.13,7.04,10.99,17.57,9.52,4.34,9.81,-2.06,3.27,0.47,8.59,-2.3,14.66,6.12,3.05,7.98,2.35,12.08,14.38,2.35,9.51,11.95,0.76,5.93,0.92,1.71,436.55,2.97,11.12,10.85,15.61,14.7,6.4,1.2,4.53,2.58,2.06,1.08,26.06,9.07,3.14,5.55
2026-01-08,4.03,7.17,0.75,143.39,3.03,6.6228,2.02,1.14,-2.42,2.13,7.04,10.99,17.57,9.52,4.34,9.81,-2.06,3.27,0.47,8.59,-2.3,14.66,6.12,3.05,7.98,2.35,12.08,14.38,2.35,9.51,11.95,0.76,5.93,0.92,1.71,436.55,2.97,11.12,10.85,15.61,14.7,6.4,1.2,4.53,2.58,2.06,1.08,26.06,9.07,3.14,5.55
2026-01-09,4.03,7.17,0.75,143.39,3.03,6.6228,2.02,1.14,-2.42,2.13,7.04,10.99,17.57,9.52,4.34,9.81,-2.06,3.27,0.47,8.59,-2.3,14.66,6.12,3.05,7.98,2.35,12.08,14.38,2.35,9.51,11.95,0.76,5.93,0.92,1.71,436.55,2.97,11.12,10.85,15.61,14.7,6.4,1.2,4.53,2.58,2.06,1.08,26.06,9.07,3.14,5.55
2026-01-12,4.03,7.17,0.75,143.39,3.03,6.6228,2.02,1.14,-2.42,2.13,7.04,10.99,17.57,9.52,4.34,9.81,-2.06,3.27,0.47,8.59,-2.3,14.66,6.12,3.05,7.98,2.35,12.08,14.38,2.35,9.51,11.95,0.76,5.93,0.92,1.71,436.55,2.97,11.12,10.85,15.61,14.7,6.4,1.2,4.53,2.58,2.06,1.08,26.06,9.07,3.14,5.55
2026-01-13,4.03,7.17,0.75,143.39,3.03,6.6228,2.02,1.14,-2.42,2.13,7.04,10.99,17.57,9.52,4.34,9.81,-2.06,3.27,0.47,8.59,-2.3,14.66,6.12,3.05,7.98,2.35,12.08,14.38,2.35,9.51,11.95,0.76,5.93,0.92,1.71,436.55,2.97,11.12,10.85,15.61,14.7,6.4,1.2,4.53,2.58,2.06,1.08,26.06,9.07,3.14,5.55
2026-01-14,4.03,7.17,0.75,143.39,3.03,6.6228,2.02,1.14,-2.42,2.13,7.04,10.99,17.57,9.52,4.34,9.81,-2.06,3.27,0.47,8.59,-2.3,14.66,6.12,3.05,7.98,2.35,12.08,14.38,2.35,9.51,11.95,0.76,5.93,0.92,1.71,436.55,2.97,11.12,10.85,15.61,14.7,6.4,1.2,4.53,2.58,2.06,1.08,26.06,9.07,3.14,5.55
2026-01-15,4.03,7.17,0.75,143.39,3.03,6.6228,2.02,1.14,-2.42,2.13,7.04,10.99,17.57,9.52,4.34,9.81,-2.06,3.27,0.47,8.59,-2.3,14.66,6.12,3.05,7.98,2.35,12.08,14.38,2.35,9.51,11.95,0.76,5.93,0.92,1.71,436.55,2.97,11.12,10.85,15.61,14.7,6.4,1.2,4.53,2.58,2.06,1.08,26.06,9.07,3.14,5.55
2026-01-16,4.03,7.17,0.75,143.39,3.03,6.6228,2.02,1.14,-2.42,2.13,7.04,10.99,17.57,9.52,4.34,9.81,-2.06,3.27,0.47,8.59,-2.3,14.66,6.12,3.05,7.98,2.35,12.08,14.38,2.35,9.51,11.95,0.76,5.93,0.92,1.71,436.55,2.97,11.12,10.85,15.61,14.7,6.4,1.2,4.53,2.58,2.06,1.08,26.06,9.07,3.14,5.55
2026-01-20,4.03,7.17,0.75,143.39,3.03,6.6228,2.02,1.14,-2.42,2.13,7.04,10.99,17.57,9.52,4.34,9.81,-2.06,3.27,0.47,8.59,-2.3,14.66,6.12,3.05,7.98,2.35,12.08,14.38,2.35,9.51,11.95,0.76,5.93,0.92,1.71,436.55,2.97,11.12,10.85,15.61,14.7,6.4,1.2,4.53,2.58,2.06,1.08,26.06,9.07,3.14,5.55
2026-01-21,4.03,7.17,0.75,143.39,3.03,6.6228,2.02,1.14,-2.42,2.13,7.04,10.99,17.57,9.52,4.34,9.81,-2.06,3.27,0.47,8.59,-2.3,14.66,6.12,3.05,7.98,2.35,12.08,14.38,2.35,9.51,11.95,0.76,5.93,0.92,1.71,436.55,2.97,11.12,10.85,15.61,14.7,6.4,1.2,4.53,2.58,2.06,1.08,26.06,9.07,3.14,5.55
2026-01-22,4.03,7.17,0.75,143.39,3.03,6.6228,2.02,1.14,-2.42,2.13,7.04,10.99,17.57,9.52,4.34,9.81,-2.06,3.27,0.47,8.59,-2.3,14.66,6.12,3.05,7.98,2.35,12.08,14.38,2.35,9.51,11.95,0.76,5.93,0.92,1.71,436.55,2.97,11.12,10.85,15.61,14.7,6.4,1.2,4.53,2.58,2.06,1.08,26.06,9.07,3.14,5.55
2026-01-23,4.03,7.17,0.75,143.39,3.03,6.6228,2.02,1.14,-2.42,2.13,7.04,10.99,17.57,9.52,4.34,9.81,-2.06,3.27,0.47,8.59,-2.3,14.66,6.12,3.05,7.98,2.35,12.08,14.38,2.35,9.51,11.95,0.76,5.93,0.92,1.71,436.55,2.97,11.12,10.85,15.61,14.7,6.4,1.2,4.53,2.58,2.06,1.08,26.06,9.07,3.14,5.55
2026-01-26,4.03,7.17,0.75,143.39,3.03,6.6228,2.02,1.14,-2.42,2.13,7.04,10.99,17.57,9.52,4.34,9.81,-2.06,3.27,0.47,8.59,-2.3,14.66,6.12,3.05,7.98,2.35,12.08,14.38,2.35,9.51,11.95,0.76,5.93,0.92,1.71,436.55,2.97,11.12,10.85,15.61,14.7,6.4,1.2,4.53,2.58,2.06,1.08,26.06,9.07,3.14,5.55
2026-01-27,4.03,7.17,0.75,143.39,3.03,6.6228,2.02,1.14,-2.42,2.13,7.04,10.99,17.57,9.52,4.34,9.81,-2.06,3.27,0.47,8.59,-2.3,14.66,6.12,3.05,7.98,2.35,12.08,14.38,2.35,9.51,11.95,0.76,5.93,0.92,1.71,436.55,2.97,11.12,10.85,15.61,14.7,6.4,1.2,4.53,2.58,2.06,1.08,26.06,9.07,3.14,5.55
2026-01-28,4.03,7.17,0.75,143.39,3.03,6.6228,2.02,1.14,-2.42,2.13,7.04,10.99,17.57,9.52,4.34,9.81,-2.06,3.27,0.47,8.59,-2.3,14.66,6.12,3.05,7.98,2.35,12.08,14.38,2.35,9.51,11.95,0.76,5.93,0.92,1.71,436.55,2.97,11.12,10.85,15.61,14.7,6.4,1.2,4.53,2.58,2.06,1.08,26.06,9.07,3.14,5.55
2026-01-29,4.03,7.17,0.75,143.39,3.03,6.6228,2.02,1.14,-2.42,2.13,7.04,10.99,17.57,9.52,4.34,9.81,-2.06,3.27,0.47,8.59,-2.3,14.66,6.12,3.05,7.98,2.35,12.08,14.38,2.35,9.51,11.95,0.76,5.93,0.92,1.71,436.55,2.97,11.12,10.85,15.61,14.7,6.4,1.2,4.53,2.58,2.06,1.08,26.06,9.07,3.14,5.55
2026-01-30,4.03,7.17,0.75,143.39,3.03,6.6228,2.02,1.14,-2.42,2.13,7.04,10.99,17.57,9.52,4.34,9.81,-2.06,3.27,0.47,8.59,-2.3,14.66,6.12,3.05,7.98,2.35,12.08,14.38,2.35,9.51,11.95,0.76,5.93,0.92,1.71,436.55,2.97,11.12,10.85,15.61,14.7,6.4,1.2,4.53,2.58,2.06,1.08,26.06,9.07,3.14,5.55
2026-02-02,4.03,7.17,0.75,143.39,5.04,6.6228,2.02,1.14,-2.42,2.13,7.04,10.99,17.57,9.52,4.34,9.81,-2.06,3.27,0.47,8.59,-2.3,14.23,6.12,3.05,7.98,2.35,11.85,13.26,2.35,9.51,11.95,0.76,5.93,0.92,1.71,436.55,2.97,11.12,10.85,15.61,14.7,6.61,1.2,4.87,2.58,2.06,1.08,25.64,8.84,3.14,5.55
2026-02-03,4.03,7.17,0.75,143.39,5.04,6.6228,2.02,1.14,-2.42,2.13,7.04,10.99,17.57,9.52,4.34,9.81,-2.06,3.27,0.47,8.59,-2.3,14.23,6.12,3.05,7.98,2.35,11.85,13.26,2.35,9.51,11.95,0.76,5.93,0.92,1.71,436.55,2.97,11.12,10.85,15.61,14.7,6.61,1.2,4.87,2.58,2.06,1.08,25.64,8.84,3.14,5.55
2026-02-04,4.03,7.17,0.75,143.39,5.04,6.6228,2.02,1.14,-2.42,2.13,7.04,10.99,17.57,9.52,4.34,9.81,-2.06,3.27,0.47,8.59,-2.3,14.23,6.12,3.05,7.98,2.35,11.85,13.26,2.35,9.51,11.95,0.76,5.93,0.92,1.71,436.55,2.97,11.12,10.85,15.61,14.7,6.61,1.2,4.87,2.58,2.06,1.08,25.64,8.84,3.14,5.55
2026-02-05,4.03,7.17,0.75,143.39,5.04,6.6228,2.02,1.14,-2.42,2.13,7.04,10.99,17.57,9.52,4.34,9.81,-2.06,3.27,0.47,8.59,-2.3,14.23,6.12,3.05,7.98,2.35,11.85,13.26,2.35,9.51,11.95,0.76,5.93,0.92,1.71,436.55,2.97,11.12,10.85,15.61,14.7,6.61,1.2,4.87,2.58,2.06,1.08,25.64,8.84,3.14,5.55
2026-02-06,4.03,7.17,0.75,143.39,5.04,6.6228,2.02,1.14,-2.42,2.13,7.04,10.99,17.57,9.52,4.34,9.81,-2.06,3.27,0.47,8.59,-2.3,14.23,6.12,3.05,7.98,2.35,11.85,13.26,2.35,9.51,11.95,0.76,5.93,0.92,1.71,436.55,2.97,11.12,10.85,15.61,14.7,6.61,1.2,4.87,2.58,2.06,1.08,25.64,8.84,3.14,5.55
2026-02-09,4.03,7.17,0.75,143.39,5.04,6.6228,2.02,1.14,-2.42,2.13,7.04,10.99,17.57,9.52,4.34,9.81,-2.06,3.27,0.47,8.59,-2.3,14.23,6.12,3.05,7.98,2.35,11.85,13.26,2.35,9.51,11.95,0.76,5.93,0.92,1.71,436.55,2.97,11.12,10.85,15.61,14.7,6.61,1.2,4.87,2.58,2.06,1.08,25.64,8.84,3.14,5.55
2026-02-10,4.03,7.17,0.75,143.39,5.04,6.6228,2.02,1.14,-2.42,2.13,7.04,10.99,17.57,9.52,4.34,9.81,-2.06,3.27,0.47,8.59,-2.3,14.23,6.12,3.05,7.98,2.35,11.85,13.26,2.35,9.51,11.95,0.76,5.93,0.92,1.71,436.55,2.97,11.12,10.85,15.61,14.7,6.61,1.2,4.87,2.58,2.06,1.08,25.64,8.84,3.14,5.55
2026-02-11,4.03,7.17,0.75,143.39,5.04,6.6228,2.02,1.14,-2.42,2.13,7.04,10.99,17.57,9.52,4.34,9.81,-2.06,3.27,0.47,8.59,-2.3,14.23,6.12,3.05,7.98,2.35,11.85,13.26,2.35,9.51,11.95,0.76,5.93,0.92,1.71,436.55,2.97,11.12,10.85,15.61,14.7,6.61,1.2,4.87,2.58,2.06,1.08,25.64,8.84,3.14,5.55
2026-02-12,4.03,7.17,0.75,143.39,5.04,6.6228,2.02,1.14,-2.42,2.13,7.04,10.99,17.57,9.52,4.34,9.81,-2.06,3.27,0.47,8.59,-2.3,14.23,6.12,3.05,7.98,2.35,11.85,13.26,2.35,9.51,11.95,0.76,5.93,0.92,1.71,436.55,2.97,11.12,10.85,15.61,14.7,6.61,1.2,4.87,2.58,2.06,1.08,25.64,8.84,3.14,5.55
2026-02-13,4.03,7.17,0.75,143.39,5.04,6.6228,2.02,1.14,-2.42,2.13,7.04,10.99,17.57,9.52,4.34,9.81,-2.06,3.27,0.47,8.59,-2.3,14.23,6.12,3.05,7.98,2.35,11.85,13.26,2.35,9.51,11.95,0.76,5.93,0.92,1.71,436.55,2.97,11.12,10.85,15.61,14.7,6.61,1.2,4.87,2.58,2.06,1.08,25.64,8.84,3.14,5.55
2026-02-17,4.03,7.17,0.75,143.39,5.04,6.6228,2.02,1.14,-2.42,2.13,7.04,10.99,17.57,9.52,4.34,9.81,-2.06,3.27,0.47,8.59,-2.3,14.23,6.12,3.05,7.98,2.35,11.85,13.26,2.35,9.51,11.95,0.76,5.93,0.92,1.71,436.55,2.97,11.12,10.85,15.61,14.7,6.61,1.2,4.87,2.58,2.06,1.08,25.64,8.84,3.14,5.55
2026-02-18,4.03,7.17,0.75,143.39,5.04,6.6228,2.02,1.14,-2.42,2.13,7.04,10.99,17.57,9.52,4.34,9.81,-2.06,3.27,0.47,8.59,-2.3,14.23,6.12,3.05,7.98,2.35,11.85,13.26,2.35,9.51,11.95,0.76,5.93,0.92,1.71,436.55,2.97,11.12,10.85,15.61,14.7,6.61,1.2,4.87,2.58,2.06,1.08,25.64,8.84,3.14,5.55
2026-02-19,4.03,7.17,0.75,143.39,5.04,6.6228,2.02,1.14,-2.42,2.13,7.04,10.99,17.57,9.52,4.34,9.81,-2.06,3.27,0.47,8.59,-2.3,14.23,6.12,3.05,7.98,2.35,11.85,13.26,2.35,9.51,11.95,0.76,5.93,0.92,1.71,436.55,2.97,11.12,10.85,15.61,14.7,6.61,1.2,4.87,2.58,2.06,1.08,25.64,8.84,3.14,5.55
2026-02-20,4.03,7.17,0.75,143.39,5.04,6.6228,2.02,1.14,-2.42,2.13,7.04,10.99,17.57,9.52,4.34,9.81,-2.06,3.27,0.47,8.59,-2.3,14.23,6.12,3.05,7.98,2.35,11.85,13.26,2.35,9.51,11.95,0.76,5.93,0.92,1.71,436.55,2.97,11.12,10.85,15.61,14.7,6.61,1.2,4.87,2.58,2.06,1.08,25.64,8.84,3.14,5.55
2026-02-23,4.03,7.17,0.75,143.39,5.04,6.6228,2.02,1.14,-2.42,2.13,7.04,10.99,17.57,9.52,4.34,9.81,-2.06,3.27,0.47,8.59,-2.3,14.23,6.12,3.05,7.98,2.35,11.85,13.26,2.35,9.51,11.95,0.76,5.93,0.92,1.71,436.55,2.97,11.12,10.85,15.61,14.7,6.61,1.2,4.87,2.58,2.06,1.08,25.64,8.84,3.14,5.55
2026-02-24,4.03,7.17,0.75,143.39,5.04,6.6228,2.02,1.14,-2.42,2.13,7.04,10.99,17.57,9.52,4.34,9.81,-2.06,3.27,0.47,8.59,-2.3,14.23,6.12,3.05,7.98,2.35,11.85,13.26,2.35,9.51,11.95,0.76,5.93,0.92,1.71,436.55,2.97,11.12,10.85,15.61,14.7,6.61,1.2,4.87,2.58,2.06,1.08,25.64,8.84,3.14,5.55
2026-02-25,4.03,7.17,0.75,143.39,5.04,6.6228,2.02,1.14,-2.42,2.13,7.04,10.99,17.57,9.52,4.34,9.81,-2.06,3.27,0.47,8.59,-2.3,14.23,6.12,3.05,7.98,2.35,11.85,13.26,2.35,9.51,11.95,0.76,5.93,0.92,1.71,436.55,2.97,11.12,10.85,15.61,14.7,6.61,1.2,4.87,2.58,2.06,1.08,25.64,8.84,3.14,5.55
2026-02-26,4.03,7.17,0.75,143.39,5.04,6.6228,2.02,1.14,-2.42,2.13,7.04,10.99,17.57,9.52,4.34,9.81,-2.06,3.27,0.47,8.59,-2.3,14.23,6.12,3.05,7.98,2.35,11.85,13.26,2.35,9.51,11.95,0.76,5.93,0.92,1.71,436.55,2.97,11.12,10.85,15.61,14.7,6.61,1.2,4.87,2.58,2.06,1.08,25.64,8.84,3.14,5.55
2026-02-27,4.03,7.17,0.75,143.39,5.04,6.6228,2.02,1.14,-2.42,2.13,7.04,10.99,17.57,9.52,4.34,9.81,-2.06,3.27,0.47,8.59,-2.3,14.23,6.12,3.05,7.98,2.35,11.85,13.26,2.35,9.51,11.95,0.76,5.93,0.92,1.71,436.55,2.97,11.12,10.85,15.61,14.7,6.61,1.2,4.87,2.58,2.06,1.08,25.64,8.84,3.14,5.55
2026-03-02,4.03,7.17,0.75,142.72,5.04,6.6228,2.27,1.14,-2.42,2.13,7.04,10.99,17.57,9.44,4.34,9.81,-2.06,3.27,0.47,8.59,-2.3,14.23,6.12,1.68,6.95,2.35,11.85,13.26,2.35,9.51,11.95,0.76,5.93,0.92,1.52,436.55,2.97,11.12,10.85,15.61,14.7,6.61,1.2,4.87,2.58,2.06,1.08,25.64,8.84,3.14,5.55
2026-03-03,4.03,7.17,0.75,142.72,5.04,6.6228,2.27,1.14,-2.42,2.13,7.04,10.99,17.57,9.44,4.34,9.81,-2.06,3.27,0.47,8.59,-2.3,14.23,6.12,1.68,6.95,2.35,11.85,13.26,2.35,9.51,11.95,0.76,5.93,0.92,1.52,436.55,2.97,11.12,10.85,15.61,14.7,6.61,1.2,4.87,2.58,2.06,1.08,25.64,8.84,3.14,5.55
2026-03-04,4.03,7.17,0.75,142.72,5.04,6.6228,2.27,1.14,-2.42,2.13,7.04,10.99,17.57,9.44,4.34,9.81,-2.06,3.27,0.47,8.59,-2.3,14.23,6.12,1.68,6.95,2.35,11.85,13.26,2.35,9.51,11.95,0.76,5.93,0.92,1.52,436.55,2.97,11.12,10.85,15.61,14.7,6.61,1.2,4.87,2.58,2.06,1.08,25.64,8.84,3.14,5.55
2026-03-05,4.03,7.17,0.75,142.72,5.04,6.6228,2.27,1.14,-2.42,2.13,7.04,10.99,17.57,9.44,4.34,9.81,-2.06,3.27,0.47,8.59,-2.3,14.23,6.12,1.68,6.95,2.35,11.85,13.26,2.35,9.51,11.95,0.76,5.93,0.92,1.52,436.55,2.97,11.12,10.85,15.61,14.7,6.61,1.2,4.87,2.58,2.06,1.08,25.64,8.84,3.14,5.55
2026-03-06,4.03,7.17,0.75,142.72,5.04,6.6228,2.27,1.14,-2.42,2.13,7.04,10.99,17.57,9.44,4.34,9.81,-2.06,3.27,0.47,8.59,-2.3,14.23,6.12,1.68,6.95,2.35,11.85,13.26,2.35,9.51,11.95,0.76,5.93,0.92,1.52,436.55,2.97,11.12,10.85,15.61,14.7,6.61,1.2,4.87,2.58,2.06,1.08,25.64,8.84,3.14,5.55
2026-03-09,4.03,7.17,0.75,142.72,5.04,6.6228,2.27,1.14,-2.42,2.13,7.04,10.99,17.57,9.44,4.34,9.81,-2.06,3.27,0.47,8.59,-2.3,14.23,6.12,1.68,6.95,2.35,11.85,13.26,2.35,9.51,11.95,0.76,5.93,0.92,1.52,436.55,2.97,11.12,10.85,15.61,14.7,6.61,1.2,4.87,2.58,2.06,1.08,25.64,8.84,3.14,5.55
2026-03-10,4.03,7.17,0.75,142.72,5.04,6.6228,2.27,1.14,-2.42,2.13,7.04,10.99,17.57,9.44,4.34,9.81,-2.06,3.27,0.47,8.59,-2.3,14.23,6.12,1.68,6.95,2.35,11.85,13.26,2.35,9.51,11.95,0.76,5.93,0.92,1.52,436.55,2.97,11.12,10.85,15.61,14.7,6.61,1.2,4.87,2.58,2.06,1.08,25.64,8.84,3.14,5.55
2026-03-11,4.03,7.17,0.75,142.72,5.04,6.6228,2.27,1.14,-2.42,2.13,7.04,10.99,17.57,9.44,4.34,9.81,-2.06,3.27,0.47,8.59,-2.3,14.23,6.12,1.68,6.95,2.35,11.85,13.26,2.35,9.51,11.95,0.76,5.93,0.92,1.52,436.55,2.97,11.12,10.85,15.61,14.7,6.61,1.2,4.87,2.58,2.06,1.08,25.64,8.84,3.14,5.55
2026-03-12,4.03,7.17,0.75,142.72,5.04,6.6228,2.27,1.14,-2.42,2.13,7.04,10.99,17.57,9.44,4.34,9.81,-2.06,3.27,0.47,8.59,-2.3,14.23,6.12,1.68,6.95,2.35,11.85,13.26,2.35,9.51,11.95,0.76,5.93,0.92,1.52,436.55,2.97,11.12,10.85,15.61,14.7,6.61,1.2,4.87,2.58,2.06,1.08,25.64,8.84,3.14,5.55
2026-03-13,4.03,7.17,0.75,142.72,5.04,6.6228,2.27,1.14,-2.42,2.13,7.04,10.99,17.57,9.44,4.34,9.81,-2.06,3.27,0.47,8.59,-2.3,14.23,6.12,1.68,6.95,2.35,11.85,13.26,2.35,9.51,11.95,0.76,5.93,0.92,1.52,436.55,2.97,11.12,10.85,15.61,14.7,6.61,1.2,4.87,2.58,2.06,1.08,25.64,8.84,3.14,5.55
2026-03-16,4.03,7.17,0.75,142.72,5.04,6.6228,2.27,1.14,-2.42,2.13,7.04,10.99,17.57,9.44,4.34,9.81,-2.06,3.27,0.47,8.59,-2.3,14.23,6.12,1.68,6.95,2.35,11.85,13.26,2.35,9.51,11.95,0.76,5.93,0.92,1.52,436.55,2.97,11.12,10.85,15.61,14.7,6.61,1.2,4.87,2.58,2.06,1.08,25.64,8.84,3.14,5.55
2026-03-17,4.03,7.17,0.75,142.72,5.04,6.6228,2.27,1.14,-2.42,2.13,7.04,10.99,17.57,9.44,4.34,9.81,-2.06,3.27,0.47,8.59,-2.3,14.23,6.12,1.68,6.95,2.35,11.85,13.26,2.35,9.51,11.95,0.76,5.93,0.92,1.52,436.55,2.97,11.12,10.85,15.61,14.7,6.61,1.2,4.87,2.58,2.06,1.08,25.64,8.84,3.14,5.55
2026-03-18,4.03,7.17,0.75,142.72,5.04,6.6228,2.27,1.14,-2.42,2.13,7.04,10.99,17.57,9.44,4.34,9.81,-2.06,3.27,0.47,8.59,-2.3,14.23,6.12,1.68,6.95,2.35,11.85,13.26,2.35,9.51,11.95,0.76,5.93,0.92,1.52,436.55,2.97,11.12,10.85,15.61,14.7,6.61,1.2,4.87,2.58,2.06,1.08,25.64,8.84,3.14,5.55
2026-03-19,4.03,7.17,0.75,142.72,5.04,6.6228,2.27,1.14,-2.42,2.13,7.04,10.99,17.57,9.44,4.34,9.81,-2.06,3.27,0.47,8.59,-2.3,14.23,6.12,1.68,6.95,2.35,11.85,13.26,2.35,9.51,11.95,0.76,5.93,0.92,1.52,436.55,2.97,11.12,10.85,15.61,14.7,6.61,1.2,4.87,2.58,2.06,1.08,25.64,8.84,3.14,5.55
2026-03-20,4.03,7.17,0.75,142.72,5.04,6.6228,2.27,1.14,-2.42,2.13,7.04,10.99,17.57,9.44,4.34,9.81,-2.06,3.27,0.47,8.59,-2.3,14.23,6.12,1.68,6.95,2.35,11.85,13.26,2.35,9.51,11.95,0.76,5.93,0.92,1.52,436.55,2.97,11.12,10.85,15.61,14.7,6.61,1.2,4.87,2.58,2.06,1.08,25.64,8.84,3.14,5.55
2026-03-23,4.03,7.17,0.75,142.72,5.04,6.6228,2.27,1.14,-2.42,2.13,7.04,10.99,17.57,9.44,4.34,9.81,-2.06,3.27,0.47,8.59,-2.3,14.23,6.12,1.68,6.95,2.35,11.85,13.26,2.35,9.51,11.95,0.76,5.93,0.92,1.52,436.55,2.97,11.12,10.85,15.61,14.7,6.61,1.2,4.87,2.58,2.06,1.08,25.64,8.84,3.14,5.55
2026-03-24,4.03,7.17,0.75,142.72,5.04,6.6228,2.27,1.14,-2.42,2.13,7.04,10.99,17.57,9.44,4.34,9.81,-2.06,3.27,0.47,8.59,-2.3,14.23,6.12,1.68,6.95,2.35,11.85,13.26,2.35,9.51,11.95,0.76,5.93,0.92,1.52,436.55,2.97,11.12,10.85,15.61,14.7,6.61,1.2,4.87,2.58,2.06,1.08,25.64,8.84,3.14,5.55
2026-03-25,4.03,7.17,0.75,142.72,5.04,6.6228,2.27,1.14,-2.42,2.13,7.04,10.99,17.57,9.44,4.34,9.81,-2.06,3.27,0.47,8.59,-2.3,14.23,6.12,1.68,6.95,2.35,11.85,13.26,2.35,9.51,11.95,0.76,5.93,0.92,1.52,436.55,2.97,11.12,10.85,15.61,14.7,6.61,1.2,4.87,2.58,2.06,1.08,25.64,8.84,3.14,5.55
2026-03-26,4.03,7.17,0.75,142.72,5.04,6.6228,2.27,1.14,-2.42,2.13,7.04,10.99,17.57,9.44,4.34,9.81,-2.06,3.27,0.47,8.59,-2.3,14.23,6.12,1.68,6.95,2.35,11.85,13.26,2.35,9.51,11.95,0.76,5.93,0.92,1.52,436.55,2.97,11.12,10.85,15.61,14.7,6.61,1.2,4.87,2.58,2.06,1.08,25.64,8.84,3.14,5.55
2026-03-27,4.03,7.17,0.75,142.72,5.04,6.6228,2.27,1.14,-2.42,2.13,7.04,10.99,17.57,9.44,4.34,9.81,-2.06,3.27,0.47,8.59,-2.3,14.23,6.12,1.68,6.95,2.35,11.85,13.26,2.35,9.51,11.95,0.76,5.93,0.92,1.52,436.55,2.97,11.12,10.85,15.61,14.7,6.61,1.2,4.87,2.58,2.06,1.08,25.64,8.84,3.14,5.55
2026-03-30,4.03,7.17,0.75,142.72,5.04,6.6228,2.27,1.14,-2.42,2.13,7.04,10.99,17.57,9.44,4.34,9.81,-2.06,3.27,0.47,8.59,-2.3,14.23,6.12,1.68,6.95,2.35,11.85,13.26,2.35,9.51,11.95,0.76,5.93,0.92,1.52,436.55,2.97,11.12,10.85,15.61,14.7,6.61,1.2,4.87,2.58,2.06,1.08,25.64,8.84,3.14,5.55
2026-03-31,4.05,8.36,1.68,142.72,5.04,7.5828,2.27,1.09,-2.36,2.11,7.02,10.65,17.37,9.44,4.41,11.32,-1.55,2.74,0.44,8.96,-1.61,14.23,6.55,1.68,6.95,2.01,11.85,13.26,2.71,9.55,12.13,0.73,6.68,1.24,1.52,409.48,3.07,10.34,10.88,16.39,15.11,6.61,1.31,4.87,3.28,2.03,1.09,25.64,8.84,3.49,6.2
2026-04-01,4.05,8.36,1.68,142.72,5.04,7.5828,2.27,1.09,-2.36,2.11,7.02,10.65,17.37,9.44,4.41,11.32,-1.55,2.74,0.44,8.96,-1.61,14.23,6.55,1.68,6.95,2.01,11.85,13.26,2.71,9.55,12.13,0.73,6.68,1.24,1.52,409.48,3.07,10.34,10.88,16.39,15.11,6.61,1.31,4.87,3.28,2.03,1.09,25.64,8.84,3.49,6.2
2026-04-02,4.05,8.36,1.68,142.72,5.04,7.5828,2.27,1.09,-2.36,2.11,7.02,10.65,17.37,9.44,4.41,11.32,-1.55,2.74,0.44,8.96,-1.61,14.23,6.55,1.68,6.95,2.01,11.85,13.26,2.71,9.55,12.13,0.73,6.68,1.24,1.52,409.48,3.07,10.34,10.88,16.39,15.11,6.61,1.31,4.87,3.28,2.03,1.09,25.64,8.84,3.49,6.2
2026-04-06,4.05,8.36,1.68,142.72,5.04,7.5828,2.27,1.09,-2.36,2.11,7.02,10.65,17.37,9.44,4.41,11.32,-1.55,2.74,0.44,8.96,-1.61,14.23,6.55,1.68,6.95,2.01,11.85,13.26,2.71,9.55,12.13,0.73,6.68,1.24,1.52,409.48,3.07,10.34,10.88,16.39,15.11,6.61,1.31,4.87,3.28,2.03,1.09,25.64,8.84,3.49,6.2
2026-04-07,4.05,8.36,1.68,142.72,5.04,7.5828,2.27,1.09,-2.36,2.11,7.02,10.65,17.37,9.44,4.41,11.32,-1.55,2.74,0.44,8.96,-1.61,14.23,6.55,1.68,6.95,2.01,11.85,13.26,2.71,9.55,12.13,0.73,6.68,1.24,1.52,409.48,3.07,10.34,10.88,16.39,15.11,6.61,1.31,4.87,3.28,2.03,1.09,25.64,8.84,3.49,6.2
2026-04-08,4.05,8.36,1.68,142.72,5.04,7.5828,2.27,1.09,-2.36,2.11,7.02,10.65,17.37,9.44,4.41,11.32,-1.55,2.74,0.44,8.96,-1.61,14.23,6.55,1.68,6.95,2.01,11.85,13.26,2.71,9.55,12.13,0.73,6.68,1.24,1.52,409.48,3.07,10.34,10.88,16.39,15.11,6.61,1.31,4.87,3.28,2.03,1.09,25.64,8.84,3.49,6.2
2026-04-09,4.05,8.36,1.68,142.72,5.04,7.5828,2.27,1.09,-2.36,2.11,7.02,10.65,17.37,9.44,4.41,11.32,-1.55,2.74,0.44,8.96,-1.61,14.23,6.55,1.68,6.95,2.01,11.85,13.26,2.71,9.55,12.13,0.73,6.68,1.24,1.52,409.48,3.07,10.34,10.88,16.39,15.11,6.61,1.31,4.87,3.28,2.03,1.09,25.64,8.84,3.49,6.2
2026-04-10,4.05,8.36,1.68,142.72,5.04,7.5828,2.27,1.09,-2.36,2.11,7.02,10.65,17.37,9.44,4.41,11.32,-1.55,2.74,0.44,8.96,-1.61,14.23,6.55,1.68,6.95,2.01,11.85,13.26,2.71,9.55,12.13,0.73,6.68,1.24,1.52,409.48,3.07,10.34,10.88,16.39,15.11,6.61,1.31,4.87,3.28,2.03,1.09,25.64,8.84,3.49,6.2
2026-04-13,4.05,8.36,1.68,142.72,5.04,7.5828,2.27,1.09,-2.36,2.11,7.02,10.65,17.37,9.44,4.41,11.32,-1.55,2.74,0.44,8.96,-1.61,14.23,6.55,1.68,6.95,2.01,11.85,13.26,2.71,9.55,12.13,0.73,6.68,1.24,1.52,409.48,3.07,10.34,10.88,16.39,15.11,6.61,1.31,4.87,3.28,2.03,1.09,25.64,8.84,3.49,6.2
2026-04-14,4.05,8.36,1.68,142.72,5.04,7.5828,2.27,1.09,-2.36,2.11,7.02,10.65,17.37,9.44,4.41,11.32,-1.55,2.74,0.44,8.96,-1.61,14.23,6.55,1.68,6.95,2.01,11.85,13.26,2.71,9.55,12.13,0.73,6.68,1.24,1.52,409.48,3.07,10.34,10.88,16.39,15.11,6.61,1.31,4.87,3.28,2.03,1.09,25.64,8.84,3.49,6.2
2026-04-15,4.05,8.36,1.68,142.72,5.04,7.5828,2.27,1.09,-2.36,2.11,7.02,10.65,17.37,9.44,4.41,11.32,-1.55,2.74,0.44,8.96,-1.61,14.23,6.55,1.68,6.95,2.01,11.85,13.26,2.71,9.55,12.13,0.73,6.68,1.24,1.52,409.48,3.07,10.34,10.88,16.39,15.11,6.61,1.31,4.87,3.28,2.03,1.09,25.64,8.84,3.49,6.2
2026-04-16,4.05,8.36,1.68,142.72,5.04,7.5828,2.27,1.09,-2.36,2.11,7.02,10.65,17.37,9.44,4.41,11.32,-1.55,2.74,0.44,8.96,-1.61,14.23,6.55,1.68,6.95,2.01,11.85,13.26,2.71,9.55,12.13,0.73,6.68,1.24,1.52,409.48,3.07,10.34,10.88,16.39,15.11,6.61,1.31,4.87,3.28,2.03,1.09,25.64,8.84,3.49,6.2
2026-04-17,4.05,8.36,1.68,142.72,5.04,7.5828,2.27,1.09,-2.36,2.11,7.02,10.65,17.37,9.44,4.41,11.32,-1.55,2.74,0.44,8.96,-1.61,14.23,6.55,1.68,6.95,2.01,11.85,13.26,2.71,9.55,12.13,0.73,6.68,1.24,1.52,409.48,3.07,10.34,10.88,16.39,15.11,6.61,1.31,4.87,3.28,2.03,1.09,25.64,8.84,3.49,6.2
2026-04-20,4.05,8.36,1.68,142.72,5.04,7.5828,2.27,1.09,-2.36,2.11,7.02,10.65,17.37,9.44,4.41,11.32,-1.55,2.74,0.44,8.96,-1.61,14.23,6.55,1.68,6.95,2.01,11.85,13.26,2.71,9.55,12.13,0.73,6.68,1.24,1.52,409.48,3.07,10.34,10.88,16.39,15.11,6.61,1.31,4.87,3.28,2.03,1.09,25.64,8.84,3.49,6.2
2026-04-21,4.05,8.36,1.68,142.72,5.04,7.5828,2.27,1.09,-2.36,2.11,7.02,10.65,17.37,9.44,4.41,11.32,-1.55,2.74,0.44,8.96,-1.61,14.23,6.55,1.68,6.95,2.01,11.85,13.26,2.71,9.55,12.13,0.73,6.68,1.24,1.52,409.48,3.07,10.34,10.88,16.39,15.11,6.61,1.31,4.87,3.28,2.03,1.09,25.64,8.84,3.49,6.2
2026-04-22,4.05,8.36,1.68,142.72,5.04,7.5828,2.27,1.09,-2.36,2.11,7.02,10.65,17.37,9.44,4.41,11.32,-1.55,2.74,0.44,8.96,-1.61,14.23,6.55,1.68,6.95,2.01,11.85,13.26,2.71,9.55,12.13,0.73,6.68,1.24,1.52,409.48,3.07,10.34,10.88,16.39,15.11,6.61,1.31,4.87,3.28,2.03,1.09,25.64,8.84,3.49,6.2
2026-04-23,4.05,8.36,1.68,142.72,5.04,7.5828,2.27,1.09,-2.36,2.11,7.02,10.65,17.37,9.44,4.41,11.32,-1.55,2.74,0.44,8.96,-1.61,14.23,6.55,1.68,6.95,2.01,11.85,13.26,2.71,9.55,12.13,0.73,6.68,1.24,1.52,409.48,3.07,10.34,10.88,16.39,15.11,6.61,1.31,4.87,3.28,2.03,1.09,25.64,8.84,3.49,6.2
2026-04-24,4.05,8.36,1.68,142.72,5.04,7.5828,2.27,1.09,-2.36,2.11,7.02,10.65,17.37,9.44,4.41,11.32,-1.55,2.74,0.44,8.96,-1.61,14.23,6.55,1.68,6.95,2.01,11.85,13.26,2.71,9.55,12.13,0.73,6.68,1.24,1.52,409.48,3.07,10.34,10.88,16.39,15.11,6.61,1.31,4.87,3.28,2.03,1.09,25.64,8.84,3.49,6.2
2026-04-27,4.05,8.36,1.68,142.72,5.04,7.5828,2.27,1.09,-2.36,2.11,7.02,10.65,17.37,9.44,4.41,11.32,-1.55,2.74,0.44,8.96,-1.61,14.23,6.55,1.68,6.95,2.01,11.85,13.26,2.71,9.55,12.13,0.73,6.68,1.24,1.52,409.48,3.07,10.34,10.88,16.39,15.11,6.61,1.31,4.87,3.28,2.03,1.09,25.64,8.84,3.49,6.2
2026-04-28,4.05,8.36,1.68,142.72,5.04,7.5828,2.27,1.09,-2.36,2.11,7.02,10.65,17.37,9.44,4.41,11.32,-1.55,2.74,0.44,8.96,-1.61,14.23,6.55,1.68,6.95,2.01,11.85,13.26,2.71,9.55,12.13,0.73,6.68,1.24,1.52,409.48,3.07,10.34,10.88,16.39,15.11,6.61,1.31,4.87,3.28,2.03,1.09,25.64,8.84,3.49,6.2
2026-04-29,4.05,8.36,1.68,142.72,5.04,7.5828,2.27,1.09,-2.36,2.11,7.02,10.65,17.37,9.44,4.41,11.32,-1.55,2.74,0.44,8.96,-1.61,14.23,6.55,1.68,6.95,2.01,11.85,13.26,2.71,9.55,12.13,0.73,6.68,1.24,1.52,409.48,3.07,10.34,10.88,16.39,15.11,6.61,1.31,4.87,3.28,2.03,1.09,25.64,8.84,3.49,6.2
2026-04-30,4.05,8.36,1.68,142.72,5.4,7.5828,2.27,1.09,-2.36,2.11,7.02,10.65,17.37,9.44,4.41,11.32,-1.55,2.74,0.44,8.96,-1.61,14.08,6.55,1.68,6.95,2.01,11.83,12.35,2.71,9.55,12.13,0.73,6.68,1.24,1.52,409.48,3.07,10.34,10.88,16.39,15.11,7.16,1.31,5.14,3.28,2.03,1.09,26.68,8.92,3.49,6.2
2026-05-01,4.05,8.36,1.68,142.72,5.4,7.5828,2.27,1.09,-2.36,2.11,7.02,10.65,17.37,9.44,4.41,11.32,-1.55,2.74,0.44,8.96,-1.61,14.08,6.55,1.68,6.95,2.01,11.83,12.35,2.71,9.55,12.13,0.73,6.68,1.24,1.52,409.48,3.07,10.34,10.88,16.39,15.11,7.16,1.31,5.14,3.28,2.03,1.09,26.68,8.92,3.49,6.2
2026-05-04,4.05,8.36,1.68,142.72,5.4,7.5828,2.27,1.09,-2.36,2.11,7.02,10.65,17.37,9.44,4.41,11.32,-1.55,2.74,0.44,8.96,-1.61,14.08,6.55,1.68,6.95,2.01,11.83,12.35,2.71,9.55,12.13,0.73,6.68,1.24,1.52,409.48,3.07,10.34,10.88,16.39,15.11,7.16,1.31,5.14,3.28,2.03,1.09,26.68,8.92,3.49,6.2
2026-05-05,4.05,8.36,1.68,142.72,5.4,7.5828,2.27,1.09,-2.36,2.11,7.02,10.65,17.37,9.44,4.41,11.32,-1.55,2.74,0.44,8.96,-1.61,14.08,6.55,1.68,6.95,2.01,11.83,12.35,2.71,9.55,12.13,0.73,6.68,1.24,1.52,409.48,3.07,10.34,10.88,16.39,15.11,7.16,1.31,5.14,3.28,2.03,1.09,26.68,8.92,3.49,6.2
2026-05-06,4.05,8.36,1.68,142.72,5.4,7.5828,2.27,1.09,-2.36,2.11,7.02,10.65,17.37,9.44,4.41,11.32,-1.55,2.74,0.44,8.96,-1.61,14.08,6.55,1.68,6.95,2.01,11.83,12.35,2.71,9.55,12.13,0.73,6.68,1.24,1.52,409.48,3.07,10.34,10.88,16.39,15.11,7.16,1.31,5.14,3.28,2.03,1.09,26.68,8.92,3.49,6.2
2026-05-07,4.05,8.36,1.68,142.72,5.4,7.5828,2.27,1.09,-2.36,2.11,7.02,10.65,17.37,9.44,4.41,11.32,-1.55,2.74,0.44,8.96,-1.61,14.08,6.55,1.68,6.95,2.01,11.83,12.35,2.71,9.55,12.13,0.73,6.68,1.24,1.52,409.48,3.07,10.34,10.88,16.39,15.11,7.16,1.31,5.14,3.28,2.03,1.09,26.68,8.92,3.49,6.2
2026-05-08,4.05,8.36,1.68,142.72,5.4,7.5828,2.27,1.09,-2.36,2.11,7.02,10.65,17.37,9.44,4.41,11.32,-1.55,2.74,0.44,8.96,-1.61,14.08,6.55,1.68,6.95,2.01,11.83,12.35,2.71,9.55,12.13,0.73,6.68,1.24,1.52,409.48,3.07,10.34,10.88,16.39,15.11,7.16,1.31,5.14,3.28,2.03,1.09,26.68,8.92,3.49,6.2
2026-05-11,4.05,8.36,1.68,142.72,5.4,7.5828,2.27,1.09,-2.36,2.11,7.02,10.65,17.37,9.44,4.41,11.32,-1.55,2.74,0.44,8.96,-1.61,14.08,6.55,1.68,6.95,2.01,11.83,12.35,2.71,9.55,12.13,0.73,6.68,1.24,1.52,409.48,3.07,10.34,10.88,16.39,15.11,7.16,1.31,5.14,3.28,2.03,1.09,26.68,8.92,3.49,6.2
2026-05-12,4.05,8.36,1.68,142.72,5.4,7.5828,2.27,1.09,-2.36,2.11,7.02,10.65,17.37,9.44,4.41,11.32,-1.55,2.74,0.44,8.96,-1.61,14.08,6.55,1.68,6.95,2.01,11.83,12.35,2.71,9.55,12.13,0.73,6.68,1.24,1.52,409.48,3.07,10.34,10.88,16.39,15.11,7.16,1.31,5.14,3.28,2.03,1.09,26.68,8.92,3.49,6.2
2026-05-13,4.05,8.36,1.68,142.72,5.4,7.5828,2.27,1.09,-2.36,2.11,7.02,10.65,17.37,9.44,4.41,11.32,-1.55,2.74,0.44,8.96,-1.61,14.08,6.55,1.68,6.95,2.01,11.83,12.35,2.71,9.55,12.13,0.73,6.68,1.24,1.52,409.48,3.07,10.34,10.88,16.39,15.11,7.16,1.31,5.14,3.28,2.03,1.09,26.68,8.92,3.49,6.2
2026-05-14,4.05,8.36,1.68,142.72,5.4,7.5828,2.27,1.09,-2.36,2.11,7.02,10.65,17.37,9.44,4.41,11.32,-1.55,2.74,0.44,8.96,-1.61,14.08,6.55,1.68,6.95,2.01,11.83,12.35,2.71,9.55,12.13,0.73,6.68,1.24,1.52,409.48,3.07,10.34,10.88,16.39,15.11,7.16,1.31,5.14,3.28,2.03,1.09,26.68,8.92,3.49,6.2
2026-05-15,4.05,8.36,1.68,142.72,5.4,7.5828,2.27,1.09,-2.36,2.11,7.02,10.65,17.37,9.44,4.41,11.32,-1.55,2.74,0.44,8.96,-1.61,14.08,6.55,1.68,6.95,2.01,11.83,12.35,2.71,9.55,12.13,0.73,6.68,1.24,1.52,409.48,3.07,10.34,10.88,16.39,15.11,7.16,1.31,5.14,3.28,2.03,1.09,26.68,8.92,3.49,6.2
2026-05-18,4.05,8.36,1.68,142.72,5.4,7.5828,2.27,1.09,-2.36,2.11,7.02,10.65,17.37,9.44,4.41,11.32,-1.55,2.74,0.44,8.96,-1.61,14.08,6.55,1.68,6.95,2.01,11.83,12.35,2.71,9.55,12.13,0.73,6.68,1.24,1.52,409.48,3.07,10.34,10.88,16.39,15.11,7.16,1.31,5.14,3.28,2.03,1.09,26.68,8.92,3.49,6.2
2026-05-19,4.05,8.36,1.68,142.72,5.4,7.5828,2.27,1.09,-2.36,2.11,7.02,10.65,17.37,9.44,4.41,11.32,-1.55,2.74,0.44,8.96,-1.61,14.08,6.55,1.68,6.95,2.01,11.83,12.35,2.71,9.55,12.13,0.73,6.68,1.24,1.52,409.48,3.07,10.34,10.88,16.39,15.11,7.16,1.31,5.14,3.28,2.03,1.09,26.68,8.92,3.49,6.2
2026-05-20,4.05,8.36,1.68,142.72,5.4,7.5828,2.27,1.09,-2.36,2.11,7.02,10.65,17.37,9.44,4.41,11.32,-1.55,2.74,0.44,8.96,-1.61,14.08,6.55,1.68,6.95,2.01,11.83,12.35,2.71,9.55,12.13,0.73,6.68,1.24,1.52,409.48,3.07,10.34,10.88,16.39,15.11,7.16,1.31,5.14,3.28,2.03,1.09,26.68,8.92,3.49,6.2
2026-05-21,4.05,8.36,1.68,142.72,5.4,7.5828,2.27,1.09,-2.36,2.11,7.02,10.65,17.37,9.44,4.41,11.32,-1.55,2.74,0.44,8.96,-1.61,14.08,6.55,1.68,6.95,2.01,11.83,12.35,2.71,9.55,12.13,0.73,6.68,1.24,1.52,409.48,3.07,10.34,10.88,16.39,15.11,7.16,1.31,5.14,3.28,2.03,1.09,26.68,8.92,3.49,6.2
2026-05-22,4.05,8.36,1.68,142.72,5.4,7.5828,2.27,1.09,-2.36,2.11,7.02,10.65,17.37,9.44,4.41,11.32,-1.55,2.74,0.44,8.96,-1.61,14.08,6.55,1.68,6.95,2.01,11.83,12.35,2.71,9.55,12.13,0.73,6.68,1.24,1.52,409.48,3.07,10.34,10.88,16.39,15.11,7.16,1.31,5.14,3.28,2.03,1.09,26.68,8.92,3.49,6.2
2026-05-26,4.05,8.36,1.68,142.72,5.4,7.5828,2.27,1.09,-2.36,2.11,7.02,10.65,17.37,9.44,4.41,11.32,-1.55,2.74,0.44,8.96,-1.61,14.08,6.55,1.68,6.95,2.01,11.83,12.35,2.71,9.55,12.13,0.73,6.68,1.24,1.52,409.48,3.07,10.34,10.88,16.39,15.11,7.16,1.31,5.14,3.28,2.03,1.09,26.68,8.92,3.49,6.2
2026-05-27,4.05,8.36,1.68,142.72,5.4,7.5828,2.27,1.09,-2.36,2.11,7.02,10.65,17.37,9.44,4.41,11.32,-1.55,2.74,0.44,8.96,-1.61,14.08,6.55,1.68,6.95,2.01,11.83,12.35,2.71,9.55,12.13,0.73,6.68,1.24,1.52,409.48,3.07,10.34,10.88,16.39,15.11,7.16,1.31,5.14,3.28,2.03,1.09,26.68,8.92,3.49,6.2
2026-05-28,4.05,8.36,1.68,142.72,5.4,7.5828,2.27,1.09,-2.36,2.11,7.02,10.65,17.37,9.44,4.41,11.32,-1.55,2.74,0.44,8.96,-1.61,14.08,6.55,1.68,6.95,2.01,11.83,12.35,2.71,9.55,12.13,0.73,6.68,1.24,1.52,409.48,3.07,10.34,10.88,16.39,15.11,7.16,1.31,5.14,3.28,2.03,1.09,26.68,8.92,3.49,6.2
2026-05-29,4.05,8.36,1.68,142.72,5.4,7.5828,2.27,1.09,-2.36,2.11,7.02,10.65,17.37,9.44,4.41,11.32,-1.55,2.74,0.44,8.96,-1.61,14.08,6.55,1.68,6.95,2.01,11.83,12.35,2.71,9.55,12.13,0.73,6.68,1.24,1.52,409.48,3.07,10.34,10.88,16.39,15.11,7.16,1.31,5.14,3.28,2.03,1.09,26.68,8.92,3.49,6.2
2026-06-01,4.05,8.36,1.68,145.39,5.4,7.5828,2.22,1.09,-2.36,2.11,7.02,10.65,17.37,10.38,4.41,11.32,-1.55,2.74,0.44,8.96,-1.61,14.08,6.55,1.61,6.38,2.01,11.83,12.35,2.71,9.55,12.13,0.73,6.68,1.24,2.1,409.48,3.07,10.34,10.88,16.39,15.11,7.16,1.31,5.14,3.28,2.03,1.09,26.68,8.92,3.49,6.2
2026-06-02,4.05,8.36,1.68,145.39,5.4,7.5828,2.22,1.09,-2.36,2.11,7.02,10.65,17.37,10.38,4.41,11.32,-1.55,2.74,0.44,8.96,-1.61,14.08,6.55,1.61,6.38,2.01,11.83,12.35,2.71,9.55,12.13,0.73,6.68,1.24,2.1,409.48,3.07,10.34,10.88,16.39,15.11,7.16,1.31,5.14,3.28,2.03,1.09,26.68,8.92,3.49,6.2
2026-06-03,4.05,8.36,1.68,145.39,5.4,7.5828,2.22,1.09,-2.36,2.11,7.02,10.65,17.37,10.38,4.41,11.32,-1.55,2.74,0.44,8.96,-1.61,14.08,6.55,1.61,6.38,2.01,11.83,12.35,2.71,9.55,12.13,0.73,6.68,1.24,2.1,409.48,3.07,10.34,10.88,16.39,15.11,7.16,1.31,5.14,3.28,2.03,1.09,26.68,8.92,3.49,6.2
2026-06-04,4.05,8.36,1.68,145.39,5.4,7.5828,2.22,1.09,-2.36,2.11,7.02,10.65,17.37,10.38,4.41,11.32,-1.55,2.74,0.44,8.96,-1.61,14.08,6.55,1.61,6.38,2.01,11.83,12.35,2.71,9.55,12.13,0.73,6.68,1.24,2.1,409.48,3.07,10.34,10.88,16.39,15.11,7.16,1.31,5.14,3.28,2.03,1.09,26.68,8.92,3.49,6.2
2026-06-05,4.05,8.36,1.68,145.39,5.4,7.5828,2.22,1.09,-2.36,2.11,7.02,10.65,17.37,10.38,4.41,11.32,-1.55,2.74,0.44,8.96,-1.61,14.08,6.55,1.61,6.38,2.01,11.83,12.35,2.71,9.55,12.13,0.73,6.68,1.24,2.1,409.48,3.07,10.34,10.88,16.39,15.11,7.16,1.31,5.14,3.28,2.03,1.09,26.68,8.92,3.49,6.2
2026-06-08,4.05,8.36,1.68,145.39,5.4,7.5828,2.22,1.09,-2.36,2.11,7.02,10.65,17.37,10.38,4.41,11.32,-1.55,2.74,0.44,8.96,-1.61,14.08,6.55,1.61,6.38,2.01,11.83,12.35,2.71,9.55,12.13,0.73,6.68,1.24,2.1,409.48,3.07,10.34,10.88,16.39,15.11,7.16,1.31,5.14,3.28,2.03,1.09,26.68,8.92,3.49,6.2
2026-06-09,4.05,8.36,1.68,145.39,5.4,7.5828,2.22,1.09,-2.36,2.11,7.02,10.65,17.37,10.38,4.41,11.32,-1.55,2.74,0.44,8.96,-1.61,14.08,6.55,1.61,6.38,2.01,11.83,12.35,2.71,9.55,12.13,0.73,6.68,1.24,2.1,409.48,3.07,10.34,10.88,16.39,15.11,7.16,1.31,5.14,3.28,2.03,1.09,26.68,8.92,3.49,6.2
2026-06-10,4.05,8.36,1.68,145.39,5.4,7.5828,2.22,1.09,-2.36,2.11,7.02,10.65,17.37,10.38,4.41,11.32,-1.55,2.74,0.44,8.96,-1.61,14.08,6.55,1.61,6.38,2.01,11.83,12.35,2.71,9.55,12.13,0.73,6.68,1.24,2.1,409.48,3.07,10.34,10.88,16.39,15.11,7.16,1.31,5.14,3.28,2.03,1.09,26.68,8.92,3.49,6.2
2026-06-11,4.05,8.36,1.68,145.39,5.4,7.5828,2.22,1.09,-2.36,2.11,7.02,10.65,17.37,10.38,4.41,11.32,-1.55,2.74,0.44,8.96,-1.61,14.08,6.55,1.61,6.38,2.01,11.83,12.35,2.71,9.55,12.13,0.73,6.68,1.24,2.1,409.48,3.07,10.34,10.88,16.39,15.11,7.16,1.31,5.14,3.28,2.03,1.09,26.68,8.92,3.49,6.2
2026-06-12,4.05,8.36,1.68,145.39,5.4,7.5828,2.22,1.09,-2.36,2.11,7.02,10.65,17.37,10.38,4.41,11.32,-1.55,2.74,0.44,8.96,-1.61,14.08,6.55,1.61,6.38,2.01,11.83,12.35,2.71,9.55,12.13,0.73,6.68,1.24,2.1,409.48,3.07,10.34,10.88,16.39,15.11,7.16,1.31,5.14,3.28,2.03,1.09,26.68,8.92,3.49,6.2
2026-06-15,4.05,8.36,1.68,145.39,5.4,7.5828,2.22,1.09,-2.36,2.11,7.02,10.65,17.37,10.38,4.41,11.32,-1.55,2.74,0.44,8.96,-1.61,14.08,6.55,1.61,6.38,2.01,11.83,12.35,2.71,9.55,12.13,0.73,6.68,1.24,2.1,409.48,3.07,10.34,10.88,16.39,15.11,7.16,1.31,5.14,3.28,2.03,1.09,26.68,8.92,3.49,6.2
2026-06-16,4.05,8.36,1.68,145.39,5.4,7.5828,2.22,1.09,-2.36,2.11,7.02,10.65,17.37,10.38,4.41,11.32,-1.55,2.74,0.44,8.96,-1.61,14.08,6.55,1.61,6.38,2.01,11.83,12.35,2.71,9.55,12.13,0.73,6.68,1.24,2.1,409.48,3.07,10.34,10.88,16.39,15.11,7.16,1.31,5.14,3.28,2.03,1.09,26.68,8.92,3.49,6.2
2026-06-17,4.05,8.36,1.68,145.39,5.4,7.5828,2.22,1.09,-2.36,2.11,7.02,10.65,17.37,10.38,4.41,11.32,-1.55,2.74,0.44,8.96,-1.61,14.08,6.55,1.61,6.38,2.01,11.83,12.35,2.71,9.55,12.13,0.73,6.68,1.24,2.1,409.48,3.07,10.34,10.88,16.39,15.11,7.16,1.31,5.14,3.28,2.03,1.09,26.68,8.92,3.49,6.2
2026-06-18,4.05,8.36,1.68,145.39,5.4,7.5828,2.22,1.09,-2.36,2.11,7.02,10.65,17.37,10.38,4.41,11.32,-1.55,2.74,0.44,8.96,-1.61,14.08,6.55,1.61,6.38,2.01,11.83,12.35,2.71,9.55,12.13,0.73,6.68,1.24,2.1,409.48,3.07,10.34,10.88,16.39,15.11,7.16,1.31,5.14,3.28,2.03,1.09,26.68,8.92,3.49,6.2
2026-06-22,4.05,8.36,1.68,145.39,5.4,7.5828,2.22,1.09,-2.36,2.11,7.02,10.65,17.37,10.38,4.41,11.32,-1.55,2.74,0.44,8.96,-1.61,14.08,6.55,1.61,6.38,2.01,11.83,12.35,2.71,9.55,12.13,0.73,6.68,1.24,2.1,409.48,3.07,10.34,10.88,16.39,15.11,7.16,1.31,5.14,3.28,2.03,1.09,26.68,8.92,3.49,6.2
2026-06-23,4.05,8.36,1.68,145.39,5.4,7.5828,2.22,1.09,-2.36,2.11,7.02,10.65,17.37,10.38,4.41,11.32,-1.55,2.74,0.44,8.96,-1.61,14.08,6.55,1.61,6.38,2.01,11.83,12.35,2.71,9.55,12.13,0.73,6.68,1.24,2.1,409.48,3.07,10.34,10.88,16.39,15.11,7.16,1.31,5.14,3.28,2.03,1.09,26.68,8.92,3.49,6.2
2026-06-24,4.05,8.36,1.68,145.39,5.4,7.5828,2.22,1.09,-2.36,2.11,7.02,10.65,17.37,10.38,4.41,11.32,-1.55,2.74,0.44,8.96,-1.61,14.08,6.55,1.61,6.38,2.01,11.83,12.35,2.71,9.55,12.13,0.73,6.68,1.24,2.1,409.48,3.07,10.34,10.88,16.39,15.11,7.16,1.31,5.14,3.28,2.03,1.09,26.68,8.92,3.49,6.2
2026-06-25,4.05,8.36,1.68,145.39,5.4,7.5828,2.22,1.09,-2.36,2.11,7.02,10.65,17.37,10.38,4.41,11.32,-1.55,2.74,0.44,8.96,-1.61,14.08,6.55,1.61,6.38,2.01,11.83,12.35,2.71,9.55,12.13,0.73,6.68,1.24,2.1,409.48,3.07,10.34,10.88,16.39,15.11,7.16,1.31,5.14,3.28,2.03,1.09,26.68,8.92,3.49,6.2
2026-06-26,4.05,8.36,1.68,145.39,5.4,7.5828,2.22,1.09,-2.36,2.11,7.02,10.65,17.37,10.38,4.41,11.32,-1.55,2.74,0.44,8.96,-1.61,14.08,6.55,1.61,6.38,2.01,11.83,12.35,2.71,9.55,12.13,0.73,6.68,1.24,2.1,409.48,3.07,10.34,10.88,16.39,15.11,7.16,1.31,5.14,3.28,2.03,1.09,26.68,8.92,3.49,6.2
2026-06-29,4.05,8.36,1.68,145.39,5.4,7.5828,2.22,1.09,-2.36,2.11,7.02,10.65,17.37,10.38,4.41,11.32,-1.55,2.74,0.44,8.96,-1.61,14.08,6.55,1.61,6.38,2.01,11.83,12.35,2.71,9.55,12.13,0.73,6.68,1.24,2.1,409.48,3.07,10.34,10.88,16.39,15.11,7.16,1.31,5.14,3.28,2.03,1.09,26.68,8.92,3.49,6.2
2026-06-30,4.05,8.36,1.68,145.39,5.4,7.5828,2.22,1.09,-2.36,2.11,7.03,10.49,17.64,10.38,4.41,11.32,-1.55,2.24,0.25,8.96,5.62,14.08,6.55,1.61,6.38,2.01,11.83,12.35,2.58,9.55,12.13,0.73,6.68,1.24,2.1,384.73,3.07,9.79,10.89,16.39,15.11,7.16,1.31,5.14,3.28,2.03,1.08,26.68,8.92,3.49,6.2
2026-07-01,4.05,8.36,1.68,145.39,5.4,7.5828,2.22,1.09,-2.36,2.11,7.03,10.49,17.64,10.38,4.41,11.32,-1.55,2.24,0.25,8.96,5.62,14.08,6.55,1.61,6.38,2.01,11.83,12.35,2.58,9.55,12.13,0.73,6.68,1.24,2.1,384.73,3.07,9.79,10.89,16.39,15.11,7.16,1.31,5.14,3.28,2.03,1.08,26.68,8.92,3.49,6.2
2026-07-02,4.05,8.36,1.68,145.39,5.4,7.5828,2.22,1.09,-2.36,2.11,7.03,10.49,17.64,10.38,4.41,11.32,-1.55,2.24,0.25,8.96,5.62,14.08,6.55,1.61,6.38,2.01,11.83,12.35,2.58,9.55,12.13,0.73,6.68,1.24,2.1,384.73,3.07,9.79,10.89,16.39,15.11,7.16,1.31,5.14,3.28,2.03,1.08,26.68,8.92,3.49,6.2
2026-07-06,4.05,8.36,1.68,145.39,5.4,7.5828,2.22,1.09,-2.36,2.11,7.03,10.49,17.64,10.38,4.41,11.32,-1.55,2.24,0.25,8.96,5.62,14.08,6.55,1.61,6.38,2.01,11.83,12.35,2.58,9.55,12.13,0.73,6.68,1.24,2.1,384.73,3.07,9.79,10.89,16.39,15.11,7.16,1.31,5.14,3.28,2.03,1.08,26.68,8.92,3.49,6.2
2026-07-07,4.05,8.36,1.68,145.39,5.4,7.5828,2.22,1.09,-2.36,2.11,7.03,10.49,17.64,10.38,4.41,11.32,-1.55,2.24,0.25,8.96,5.62,14.08,6.55,1.61,6.38,2.01,11.83,12.35,2.58,9.55,12.13,0.73,6.68,1.24,2.1,384.73,3.07,9.79,10.89,16.39,15.11,7.16,1.31,5.14,3.28,2.03,1.08,26.68,8.92,3.49,6.2
2026-07-08,4.05,8.36,1.68,145.39,5.4,7.5828,2.22,1.09,-2.36,2.11,7.03,10.49,17.64,10.38,4.41,11.32,-1.55,2.24,0.25,8.96,5.62,14.08,6.55,1.61,6.38,2.01,11.83,12.35,2.58,9.55,12.13,0.73,6.68,1.24,2.1,384.73,3.07,9.79,10.89,16.39,15.11,7.16,1.31,5.14,3.28,2.03,1.08,26.68,8.92,3.49,6.2
2026-07-09,4.05,8.36,1.68,145.39,5.4,7.5828,2.22,1.09,-2.36,2.11,7.03,10.49,17.64,10.38,4.41,11.32,-1.55,2.24,0.25,8.96,5.62,14.08,6.55,1.61,6.38,2.01,11.83,12.35,2.58,9.55,12.13,0.73,6.68,1.24,2.1,384.73,3.07,9.79,10.89,16.39,15.11,7.16,1.31,5.14,3.28,2.03,1.08,26.68,8.92,3.49,6.2
2026-07-10,4.05,8.36,1.68,145.39,5.4,7.5828,2.22,1.09,-2.36,2.11,7.03,10.49,17.64,10.38,4.41,11.32,-1.55,2.24,0.25,8.96,5.62,14.08,6.55,1.61,6.38,2.01,11.83,12.35,2.58,9.55,12.13,0.73,6.68,1.24,2.1,384.73,3.07,9.79,10.89,16.39,15.11,7.16,1.31,5.14,3.28,2.03,1.08,26.68,8.92,3.49,6.2
2026-07-13,4.05,8.36,1.68,145.39,5.4,7.5828,2.22,1.09,-2.36,2.11,7.03,10.49,17.64,10.38,4.41,11.32,-1.55,2.24,0.25,8.96,5.62,14.08,6.55,1.61,6.38,2.01,11.83,12.35,2.58,9.55,12.13,0.73,6.68,1.24,2.1,384.73,3.07,9.79,10.89,16.39,15.11,7.16,1.31,5.14,3.28,2.03,1.08,26.68,8.92,3.49,6.2
2026-07-14,4.05,8.36,1.68,145.39,5.4,7.5828,2.22,1.09,-2.36,2.11,7.03,10.49,17.64,10.38,4.41,11.32,-1.55,2.24,0.25,8.96,5.62,14.08,6.55,1.61,6.38,2.01,11.83,12.35,2.58,9.55,12.13,0.73,6.68,1.24,2.1,384.73,3.07,9.79,10.89,16.39,15.11,7.16,1.31,5.14,3.28,2.03,1.08,26.68,8.92,3.49,6.2
2026-07-15,4.05,8.36,1.68,145.39,5.4,7.5828,2.22,1.09,-2.36,2.11,7.03,10.49,17.64,10.38,4.41,11.32,-1.55,2.24,0.25,8.96,5.62,14.08,6.55,1.61,6.38,2.01,11.83,12.35,2.58,9.55,12.13,0.73,6.68,1.24,2.1,384.73,3.07,9.79,10.89,16.39,15.11,7.16,1.31,5.14,3.28,2.03,1.08,26.68,8.92,3.49,6.2
2026-07-16,4.05,8.36,1.68,145.39,5.4,7.5828,2.22,1.09,-2.36,2.11,7.03,10.49,17.64,10.38,4.41,11.32,-1.55,2.24,0.25,8.96,5.62,14.08,6.55,1.61,6.38,2.01,11.83,12.35,2.58,9.55,12.13,0.73,6.68,1.24,2.1,384.73,3.07,9.79,10.89,16.39,15.11,7.16,1.31,5.14,3.28,2.03,1.08,26.68,8.92,3.49,6.2
2026-07-17,4.05,8.36,1.68,145.39,5.4,7.5828,2.22,1.09,-2.36,2.11,7.03,10.49,17.64,10.38,4.41,11.32,-1.55,2.24,0.25,8.96,5.62,14.08,6.55,1.61,6.38,2.01,11.83,12.35,2.58,9.55,12.13,0.73,6.68,1.24,2.1,384.73,3.07,9.79,10.89,16.39,15.11,7.16,1.31,5.14,3.28,2.03,1.08,26.68,8.92,3.49,6.2
2026-07-20,4.05,8.36,1.68,145.39,5.4,7.5828,2.22,1.09,-2.36,2.11,7.03,10.49,17.64,10.38,4.41,11.32,-1.55,2.24,0.25,8.96,5.62,14.08,6.55,1.61,6.38,2.01,11.83,12.35,2.58,9.55,12.13,0.73,6.68,1.24,2.1,384.73,3.07,9.79,10.89,16.39,15.11,7.16,1.31,5.14,3.28,2.03,1.08,26.68,8.92,3.49,6.2
2026-07-21,4.05,8.36,1.68,145.39,5.4,7.5828,2.22,1.09,-2.36,2.11,7.03,10.49,17.64,10.38,4.41,11.32,-1.55,2.24,0.25,8.96,5.62,14.08,6.55,1.61,6.38,2.01,11.83,12.35,2.58,9.55,12.13,0.73,6.68,1.24,2.1,384.73,3.07,9.79,10.89,16.39,15.11,7.16,1.31,5.14,3.28,2.03,1.08,26.68,8.92,3.49,6.2
2026-07-22,4.05,8.36,1.68,145.39,5.4,7.5828,2.22,1.09,-2.36,2.11,7.03,10.49,17.64,10.38,4.41,11.32,-1.55,2.24,0.25,8.96,5.62,14.08,6.55,1.61,6.38,2.01,11.83,12.35,2.58,9.55,12.13,0.73,6.68,1.24,2.1,384.73,3.07,9.79,10.89,16.39,15.11,7.16,1.31,5.14,3.28,2.03,1.08,26.68,8.92,3.49,6.2
2026-07-23,4.05,8.36,1.68,145.39,5.4,7.5828,2.22,1.09,-2.36,2.11,7.03,10.49,17.64,10.38,4.41,11.32,-1.55,2.24,0.25,8.96,5.62,14.08,6.55,1.61,6.38,2.01,11.83,12.35,2.58,9.55,12.13,0.73,6.68,1.24,2.1,384.73,3.07,9.79,10.89,16.39,15.11,7.16,1.31,5.14,3.28,2.03,1.08,26.68,8.92,3.49,6.2
2026-07-24,4.05,8.36,1.68,145.39,5.4,7.5828,2.22,1.09,-2.36,2.11,7.03,10.49,17.64,10.38,4.41,11.32,-1.55,2.24,0.25,8.96,5.62,14.08,6.55,1.61,6.38,2.01,11.83,12.35,2.58,9.55,12.13,0.73,6.68,1.24,2.1,384.73,3.07,9.79,10.89,16.39,15.11,7.16,1.31,5.14,3.28,2.03,1.08,26.68,8.92,3.49,6.2
